PID,TID,Source,Destination,Size_MB,Latency_us,Bandwidth_GBps,Start_ns,End_ns,WallStart_ns,WallEnd_ns
1961790,1961790,Host(NUMA 6),NPU 2,0.06,41.69,1.57,11246712730382320,11246712730424010,1781444226307876100,1781444226307917790
1961790,1961790,Host(NUMA 6),NPU 2,0.06,32.66,2.01,11246712753912070,11246712753944730,1781444226329053470,1781444226329086130
1961644,1961644,Host(NUMA 4),NPU 0,0.06,37.28,1.76,11246712807109110,11246712807146390,1781444226382292580,1781444226382329860
1961644,1961644,Host(NUMA 4),NPU 0,0.06,30.56,2.14,11246712808453180,11246712808483740,1781444226383551180,1781444226383581740
1961715,1961715,Host(NUMA 3),NPU 1,0.06,37.19,1.76,11246712968663950,11246712968701140,1781444226544168440,1781444226544205630
1961715,1961715,Host(NUMA 3),NPU 1,0.06,36.08,1.82,11246713030963260,11246713030999340,1781444226606412050,1781444226606448130
1961865,1961865,Host(NUMA 7),NPU 3,0.06,37.95,1.73,11246717202464960,11246717202502910,1781444230777949090,1781444230777987040
1961865,1961865,Host(NUMA 7),NPU 3,0.06,36.86,1.78,11246717256266010,11246717256302870,1781444230831631590,1781444230831668450
1961938,1961938,Host(NUMA 2),NPU 4,0.06,36.42,1.80,11246720813639800,11246720813676220,1781444234389132660,1781444234389169080
1961938,1961938,Host(NUMA 2),NPU 4,0.06,39.66,1.65,11246720830320430,11246720830360090,1781444234405432090,1781444234405471750
1962160,1962160,Host(NUMA 0),NPU 7,0.06,38.26,1.71,11246721184883480,11246721184921740,1781444234760322660,1781444234760360920
1962160,1962160,Host(NUMA 0),NPU 7,0.06,40.50,1.62,11246721204746980,11246721204787480,1781444234779868530,1781444234779909030
1962011,1962011,Host(NUMA 5),NPU 5,0.06,30.79,2.13,11246725285536920,11246725285567710,1781444238861003930,1781444238861034720
1962011,1962011,Host(NUMA 5),NPU 5,0.06,29.82,2.20,11246725341849520,11246725341879340,1781444238916962390,1781444238916992210
1962085,1962085,Host(NUMA 1),NPU 6,0.06,39.26,1.67,11246725413664250,11246725413703510,1781444238988792490,1781444238988831750
1962085,1962085,Host(NUMA 1),NPU 6,0.06,33.40,1.96,11246725501061040,11246725501094440,1781444239076158400,1781444239076191800
1962011,1974998,Host(NUMA 5),Device ?,509.88,28177.37,18.97,11246790544151140,11246790572328510,1781444304119664530,1781444304147841900
1962011,1974998,Host(NUMA 5),Device ?,12.00,1175.11,10.71,11246790572447620,11246790573622730,1781444304147545920,1781444304148721030
1962011,1974998,Host(NUMA 5),Device ?,4.00,498.76,8.41,11246790573678450,11246790574177210,1781444304148772300,1781444304149271060
1962011,1974998,Host(NUMA 5),Device ?,16.00,967.05,17.35,11246790574228910,11246790575195960,1781444304149317130,1781444304150284180
1962011,1974998,Host(NUMA 5),Device ?,16.00,955.96,17.55,11246790575251280,11246790576207240,1781444304150339600,1781444304151295560
1962011,1974998,Host(NUMA 5),Device ?,12.00,791.42,15.90,11246790576258470,11246790577049890,1781444304151345270,1781444304152136690
1961865,1973184,Host(NUMA 7),Device ?,509.88,28244.67,18.93,11246790548838940,11246790577083610,1781444304124243850,1781444304152488520
1962011,1974998,Host(NUMA 5),Device ?,4.00,343.72,12.20,11246790577098600,11246790577442320,1781444304152413960,1781444304152757680
1961865,1973184,Host(NUMA 7),Device ?,12.00,1084.26,11.61,11246790577203520,11246790578287780,1781444304152286010,1781444304153370270
1962011,1974998,Host(NUMA 5),Device ?,16.00,863.56,19.43,11246790577485880,11246790578349440,1781444304152805440,1781444304153669000
1961865,1973184,Host(NUMA 7),Device ?,4.00,479.44,8.75,11246790578344570,11246790578824010,1781444304153484900,1781444304153964340
1962011,1974998,Host(NUMA 5),Device ?,16.00,870.26,19.28,11246790578393290,11246790579263550,1781444304153477100,1781444304154347360
1961865,1973184,Host(NUMA 7),Device ?,16.00,919.58,18.24,11246790578871440,11246790579791020,1781444304153947690,1781444304154867270
1962011,1974998,Host(NUMA 5),Device ?,12.00,627.37,20.06,11246790579312650,11246790579940020,1781444304154551540,1781444304155178910
1962011,1974998,Host(NUMA 5),Device ?,4.00,487.76,8.60,11246790579982780,11246790580470540,1781444304155066050,1781444304155553810
1961865,1973184,Host(NUMA 7),Device ?,16.00,916.53,18.31,11246790579842590,11246790580759120,1781444304154956620,1781444304155873150
1962011,1974998,Host(NUMA 5),Device ?,16.00,807.57,20.77,11246790580516460,11246790581324030,1781444304155599370,1781444304156406940
1961865,1973184,Host(NUMA 7),Device ?,12.00,734.55,17.13,11246790580809460,11246790581544010,1781444304155966720,1781444304156701270
1961865,1973184,Host(NUMA 7),Device ?,4.00,402.72,10.41,11246790581591440,11246790581994160,1781444304156666750,1781444304157069470
1962011,1974998,Host(NUMA 5),Device ?,16.00,854.44,19.64,11246790581375730,11246790582230170,1781444304156509380,1781444304157363820
1962011,1974998,Host(NUMA 5),Device ?,12.00,583.33,21.57,11246790582280170,11246790582863500,1781444304157363540,1781444304157946870
1961865,1973184,Host(NUMA 7),Device ?,16.00,907.83,18.48,11246790582038250,11246790582946080,1781444304157336340,1781444304158244170
1962011,1974998,Host(NUMA 5),Device ?,4.00,287.58,14.58,11246790582910220,11246790583197800,1781444304158240250,1781444304158527830
1961865,1973184,Host(NUMA 7),Device ?,16.00,891.21,18.83,11246790582990020,11246790583881230,1781444304158080550,1781444304158971760
1962011,1974998,Host(NUMA 5),Device ?,16.00,848.00,19.78,11246790583240650,11246790584088650,1781444304158420360,1781444304159268360
1961865,1973184,Host(NUMA 7),Device ?,12.00,674.26,18.66,11246790583930550,11246790584604810,1781444304159003320,1781444304159677580
1961865,1973184,Host(NUMA 7),Device ?,4.00,369.31,11.36,11246790584649330,11246790585018640,1781444304159723720,1781444304160093030
1962011,1974998,Host(NUMA 5),Device ?,16.00,926.81,18.10,11246790584133250,11246790585060060,1781444304159472250,1781444304160399060
1962011,1974998,Host(NUMA 5),Device ?,12.00,580.43,21.68,11246790585106770,11246790585687200,1781444304160189460,1781444304160769890
1961865,1973184,Host(NUMA 7),Device ?,16.00,886.77,18.92,11246790585067190,11246790585953960,1781444304160178840,1781444304161065610
1962011,1974998,Host(NUMA 5),Device ?,4.00,337.46,12.43,11246790585731030,11246790586068490,1781444304161012140,1781444304161349600
1961865,1973184,Host(NUMA 7),Device ?,16.00,908.95,18.46,11246790586007610,11246790586916560,1781444304161080930,1781444304161989880
1962011,1974998,Host(NUMA 5),Device ?,16.00,867.40,19.34,11246790586109850,11246790586977250,1781444304161415500,1781444304162282900
1961865,1973184,Host(NUMA 7),Device ?,12.00,656.88,19.16,11246790586966350,11246790587623230,1781444304162039200,1781444304162696080
1962011,1974998,Host(NUMA 5),Device ?,16.00,860.10,19.51,11246790587025040,11246790587885140,1781444304162136600,1781444304162996700
1961865,1973184,Host(NUMA 7),Device ?,4.00,323.23,12.98,11246790587669350,11246790587992580,1781444304162963160,1781444304163286390
1962011,1974998,Host(NUMA 5),Device ?,12.00,601.38,20.92,11246790587933120,11246790588534500,1781444304163009710,1781444304163611090
1962011,1974998,Host(NUMA 5),Device ?,4.00,296.85,14.13,11246790588578230,11246790588875080,1781444304163658740,1781444304163955590
1961865,1973184,Host(NUMA 7),Device ?,16.00,858.68,19.54,11246790588049710,11246790588908390,1781444304163279830,1781444304164138510
1961790,1973354,Host(NUMA 6),Device ?,509.88,29840.37,17.92,11246790559794280,11246790589634650,1781444304134902230,1781444304164742600
1962011,1974998,Host(NUMA 5),Device ?,16.00,981.76,17.09,11246790588917130,11246790589898890,1781444304164030510,1781444304165012270
1961865,1973184,Host(NUMA 7),Device ?,16.00,858.61,19.54,11246790588955470,11246790589814080,1781444304164331930,1781444304165190540
1961865,1973184,Host(NUMA 7),Device ?,12.00,641.42,19.62,11246790589863110,11246790590504530,1781444304164937070,1781444304165578490
1961865,1973184,Host(NUMA 7),Device ?,4.00,323.56,12.96,11246790590546810,11246790590870370,1781444304165620700,1781444304165944260
1962011,1974998,Host(NUMA 5),Device ?,16.00,965.25,17.38,11246790589946940,11246790590912190,1781444304165272730,1781444304166237980
1961790,1973354,Host(NUMA 6),Device ?,12.00,1240.53,10.14,11246790589757480,11246790590998010,1781444304165175020,1781444304166415550
1961790,1973354,Host(NUMA 6),Device ?,4.00,606.41,6.92,11246790591060040,11246790591666450,1781444304166107080,1781444304166713490
1962011,1974998,Host(NUMA 5),Device ?,12.00,778.14,16.17,11246790590958260,11246790591736400,1781444304166239250,1781444304167017390
1962011,1974998,Host(NUMA 5),Device ?,4.00,323.05,12.98,11246790591779000,11246790592102050,1781444304166889870,1781444304167212920
1961865,1973184,Host(NUMA 7),Device ?,16.00,904.95,18.54,11246790590908980,11246790591813930,1781444304166468590,1781444304167373540
1961790,1973354,Host(NUMA 6),Device ?,16.00,1039.81,16.13,11246790591718000,11246790592757810,1781444304166801820,1781444304167841630
1962011,1974998,Host(NUMA 5),Device ?,16.00,901.55,18.61,11246790592142750,11246790593044300,1781444304167230000,1781444304168131550
1961865,1973184,Host(NUMA 7),Device ?,16.00,940.71,17.83,11246790591855250,11246790592795960,1781444304167365700,1781444304168306410
1961865,1973184,Host(NUMA 7),Device ?,12.00,752.08,16.73,11246790592842110,11246790593594190,1781444304167914510,1781444304168666590
1961790,1973354,Host(NUMA 6),Device ?,16.00,953.93,17.59,11246790592813960,11246790593767890,1781444304168012160,1781444304168966090
1962011,1974998,Host(NUMA 5),Device ?,16.00,900.67,18.63,11246790593091740,11246790593992410,1781444304168350410,1781444304169251080
1961865,1973184,Host(NUMA 7),Device ?,4.00,319.37,13.13,11246790593639790,11246790593959160,1781444304169110610,1781444304169429980
1961790,1973354,Host(NUMA 6),Device ?,12.00,762.66,16.50,11246790593820210,11246790594582870,1781444304168950160,1781444304169712820
1962011,1974998,Host(NUMA 5),Device ?,12.00,662.06,19.01,11246790594039790,11246790594701850,1781444304169337200,1781444304169999260
1962011,1974998,Host(NUMA 5),Device ?,4.00,315.75,13.28,11246790594746490,11246790595062240,1781444304169855960,1781444304170171710
1961790,1973354,Host(NUMA 6),Device ?,4.00,300.90,13.94,11246790594634240,11246790594935140,1781444304170032380,1781444304170333280
1961865,1973184,Host(NUMA 7),Device ?,16.00,969.77,17.30,11246790593998560,11246790594968330,1781444304169636940,1781444304170606710
1962011,1974998,Host(NUMA 5),Device ?,16.00,879.14,19.08,11246790595101760,11246790595980900,1781444304170173540,1781444304171052680
1961865,1973184,Host(NUMA 7),Device ?,16.00,948.62,17.69,11246790595011930,11246790595960550,1781444304170285090,1781444304171233710
1961790,1973354,Host(NUMA 6),Device ?,16.00,1097.01,15.29,11246790594980380,11246790596077390,1781444304170433910,1781444304171530920
1961865,1973184,Host(NUMA 7),Device ?,12.00,716.91,17.55,11246790596018250,11246790596735160,1781444304171108680,1781444304171825590
1962011,1974998,Host(NUMA 5),Device ?,16.00,859.20,19.53,11246790596040500,11246790596899700,1781444304171247960,1781444304172107160
1961790,1973354,Host(NUMA 6),Device ?,16.00,975.58,17.20,11246790596131260,11246790597106840,1781444304171416550,1781444304172392130
1961865,1973184,Host(NUMA 7),Device ?,4.00,309.84,13.54,11246790596773730,11246790597083570,1781444304172271720,1781444304172581560
1962011,1974998,Host(NUMA 5),Device ?,12.00,581.82,21.63,11246790596950270,11246790597532090,1781444304172279190,1781444304172861010
1962011,1974998,Host(NUMA 5),Device ?,4.00,302.89,13.85,11246790597576300,11246790597879190,1781444304172727890,1781444304173030780
1961790,1973354,Host(NUMA 6),Device ?,12.00,621.43,20.25,11246790597157730,11246790597779160,1781444304172575280,1781444304173196710
1961790,1973354,Host(NUMA 6),Device ?,4.00,505.73,8.29,11246790597824580,11246790598330310,1781444304172853200,1781444304173358930
1961865,1973184,Host(NUMA 7),Device ?,16.00,991.77,16.92,11246790597122520,11246790598114290,1781444304172642750,1781444304173634520
1962011,1974998,Host(NUMA 5),Device ?,16.00,1248.01,13.44,11246790597923460,11246790599171470,1781444304173006180,1781444304174254190
1961790,1973354,Host(NUMA 6),Device ?,16.00,984.24,17.05,11246790598374380,11246790599358620,1781444304173568640,1781444304174552880
1961865,1973184,Host(NUMA 7),Device ?,16.00,1095.88,15.31,11246790598158640,11246790599254520,1781444304173631220,1781444304174727100
1961865,1973184,Host(NUMA 7),Device ?,12.00,646.29,19.47,11246790599299510,11246790599945800,1781444304174396490,1781444304175042780
1962011,1974998,Host(NUMA 5),Device ?,16.00,819.14,20.48,11246790599220610,11246790600039750,1781444304174516730,1781444304175335870
1961790,1973354,Host(NUMA 6),Device ?,16.00,1050.88,15.96,11246790599405040,11246790600455920,1781444304174577140,1781444304175628020
1961865,1973184,Host(NUMA 7),Device ?,4.00,327.86,12.79,11246790599987170,11246790600315030,1781444304175475550,1781444304175803410
1962011,1974998,Host(NUMA 5),Device ?,12.00,594.02,21.18,11246790600089310,11246790600683330,1781444304175489920,1781444304176083940
1962011,1974998,Host(NUMA 5),Device ?,4.00,286.64,14.63,11246790600726020,11246790601012660,1781444304175971640,1781444304176258280
1961790,1973354,Host(NUMA 6),Device ?,12.00,636.74,19.76,11246790600504680,11246790601141420,1781444304175903820,1781444304176540560
1961790,1973354,Host(NUMA 6),Device ?,4.00,338.77,12.38,11246790601186890,11246790601525660,1781444304176374560,1781444304176713330
1961865,1973184,Host(NUMA 7),Device ?,16.00,1027.09,16.33,11246790600354610,11246790601381700,1781444304175847720,1781444304176874810
1962011,1974998,Host(NUMA 5),Device ?,16.00,858.45,19.54,11246790601053210,11246790601911660,1781444304176293960,1781444304177152410
1961865,1973184,Host(NUMA 7),Device ?,16.00,1102.54,15.22,11246790601425070,11246790602527610,1781444304176497610,1781444304177600150
1962011,1974998,Host(NUMA 5),Device ?,16.00,855.03,19.62,11246790601959190,11246790602814220,1781444304177042600,1781444304177897630
1961790,1973354,Host(NUMA 6),Device ?,16.00,1001.14,16.76,11246790601571360,11246790602572500,1781444304177079250,1781444304178080390
1961865,1973184,Host(NUMA 7),Device ?,12.00,655.13,19.21,11246790602573780,11246790603228910,1781444304177705760,1781444304178360890
1962011,1974998,Host(NUMA 5),Device ?,12.00,609.82,20.63,11246790602863180,11246790603473000,1781444304178033740,1781444304178643560
1961865,1973184,Host(NUMA 7),Device ?,4.00,302.11,13.88,11246790603270540,11246790603572650,1781444304178516080,1781444304178818190
1962011,1974998,Host(NUMA 5),Device ?,4.00,297.06,14.12,11246790603517460,11246790603814520,1781444304178819780,1781444304179116840
1961790,1973354,Host(NUMA 6),Device ?,16.00,1020.78,16.44,11246790602619780,11246790603640560,1781444304178278220,1781444304179299000
1961790,1973354,Host(NUMA 6),Device ?,12.00,631.82,19.92,11246790603688230,11246790604320050,1781444304178831730,1781444304179463550
1961790,1973354,Host(NUMA 6),Device ?,4.00,294.94,14.22,11246790604364170,11246790604659110,1781444304179448800,1781444304179743740
1961865,1973184,Host(NUMA 7),Device ?,16.00,1048.57,16.00,11246790603611940,11246790604660510,1781444304178872110,1781444304179920680
1962011,1974998,Host(NUMA 5),Device ?,16.00,982.79,17.07,11246790603858290,11246790604841080,1781444304179212970,1781444304180195760
1961790,1973354,Host(NUMA 6),Device ?,16.00,1036.73,16.18,11246790604700270,11246790605737000,1781444304179782090,1781444304180818820
1961865,1973184,Host(NUMA 7),Device ?,16.00,1032.24,16.25,11246790604705940,11246790605738180,1781444304179970200,1781444304181002440
1962011,1974998,Host(NUMA 5),Device ?,16.00,1237.58,13.56,11246790604888740,11246790606126320,1781444304180041980,1781444304181279560
1961865,1973184,Host(NUMA 7),Device ?,12.00,654.93,19.21,11246790605785930,11246790606440860,1781444304180914360,1781444304181569290
1961790,1973354,Host(NUMA 6),Device ?,16.00,1022.20,16.41,11246790605786960,11246790606809160,1781444304180838290,1781444304181860490
1961865,1973184,Host(NUMA 7),Device ?,4.00,292.74,14.33,11246790606480220,11246790606772960,1781444304181739210,1781444304182031950
1962011,1974998,Host(NUMA 5),Device ?,12.00,758.10,16.60,11246790606175380,11246790606933480,1781444304181550730,1781444304182308830
1962011,1974998,Host(NUMA 5),Device ?,4.00,461.85,9.08,11246790606975500,11246790607437350,1781444304182020430,1781444304182482280
1961790,1973354,Host(NUMA 6),Device ?,12.00,619.99,20.30,11246790606855470,11246790607475460,1781444304182140140,1781444304182760130
1961790,1973354,Host(NUMA 6),Device ?,4.00,313.70,13.37,11246790607515750,11246790607829450,1781444304182659060,1781444304182972760
1961865,1973184,Host(NUMA 7),Device ?,16.00,1037.08,16.18,11246790606812190,11246790607849270,1781444304182221990,1781444304183259070
1962011,1974998,Host(NUMA 5),Device ?,16.00,950.59,17.65,11246790607478470,11246790608429060,1781444304182592110,1781444304183542700
1961865,1973184,Host(NUMA 7),Device ?,16.00,919.82,18.24,11246790607899200,11246790608819020,1781444304182973090,1781444304183892910
1961790,1973354,Host(NUMA 6),Device ?,16.00,1412.69,11.88,11246790607870850,11246790609283540,1781444304182952880,1781444304184365570
1962011,1974998,Host(NUMA 5),Device ?,16.00,861.02,19.49,11246790608477460,11246790609338480,1781444304183796310,1781444304184657330
1961865,1973184,Host(NUMA 7),Device ?,12.00,758.03,16.60,11246790608874520,11246790609632550,1781444304184188440,1781444304184946470
1961865,1973184,Host(NUMA 7),Device ?,4.00,331.02,12.67,11246790609674290,11246790610005310,1781444304184792940,1781444304185123960
1962011,1974998,Host(NUMA 5),Device ?,12.00,581.09,21.65,11246790609384430,11246790609965520,1781444304184816900,1781444304185397990
1962011,1974998,Host(NUMA 5),Device ?,4.00,274.55,15.28,11246790610008550,11246790610283100,1781444304185294330,1781444304185568880
1961790,1973354,Host(NUMA 6),Device ?,16.00,994.04,16.88,11246790609331880,11246790610325920,1781444304184739590,1781444304185733630
1961865,1973184,Host(NUMA 7),Device ?,16.00,953.17,17.60,11246790610045040,11246790610998210,1781444304185120320,1781444304186073490
1962011,1974998,Host(NUMA 5),Device ?,16.00,869.00,19.31,11246790610322640,11246790611191640,1781444304185492700,1781444304186361700
1961790,1973354,Host(NUMA 6),Device ?,12.00,672.86,18.70,11246790610372750,11246790611045610,1781444304185863710,1781444304186536570
1961790,1973354,Host(NUMA 6),Device ?,4.00,337.77,12.42,11246790611088050,11246790611425820,1781444304186359170,1781444304186696940
1961865,1973184,Host(NUMA 7),Device ?,16.00,939.94,17.85,11246790611045020,11246790611984960,1781444304186155870,1781444304187095810
1962011,1974998,Host(NUMA 5),Device ?,16.00,863.76,19.42,11246790611233290,11246790612097050,1781444304186517900,1781444304187381660
1961790,1973354,Host(NUMA 6),Device ?,16.00,956.29,17.54,11246790611467470,11246790612423760,1781444304186715740,1781444304187672030
1962011,1974998,Host(NUMA 5),Device ?,12.00,664.77,18.93,11246790612140190,11246790612804960,1781444304187292590,1781444304187957360
1962011,1974998,Host(NUMA 5),Device ?,4.00,263.46,15.92,11246790612845680,11246790613109140,1781444304187866740,1781444304188130200
1961865,1973184,Host(NUMA 7),Device ?,12.00,681.20,18.47,11246790612044450,11246790612725650,1781444304187632860,1781444304188314060
1961865,1973184,Host(NUMA 7),Device ?,4.00,328.35,12.77,11246790612772960,11246790613101310,1781444304188147380,1781444304188475730
1961790,1973354,Host(NUMA 6),Device ?,16.00,924.05,18.16,11246790612471720,11246790613395770,1781444304187830460,1781444304188754510
1961790,1973354,Host(NUMA 6),Device ?,12.00,640.94,19.63,11246790613444760,11246790614085700,1781444304188524940,1781444304189165880
1961865,1973184,Host(NUMA 7),Device ?,16.00,968.72,17.32,11246790613142430,11246790614111150,1781444304188372430,1781444304189341150
1962011,1974998,Host(NUMA 5),Device ?,16.00,1126.85,14.89,11246790613149160,11246790614276010,1781444304188494690,1781444304189621540
1961790,1973354,Host(NUMA 6),Device ?,4.00,348.71,12.03,11246790614130030,11246790614478740,1781444304189460000,1781444304189808710
1962011,1974998,Host(NUMA 5),Device ?,16.00,758.25,22.13,11246790614318860,11246790615077110,1781444304189397720,1781444304190155970
1961865,1973184,Host(NUMA 7),Device ?,16.00,919.24,18.25,11246790614157900,11246790615077140,1781444304189412410,1781444304190331650
1961790,1973354,Host(NUMA 6),Device ?,16.00,993.54,16.89,11246790614522140,11246790615515680,1781444304189617950,1781444304190611490
1962011,1974998,Host(NUMA 5),Device ?,12.00,597.58,21.06,11246790615122540,11246790615720120,1781444304190296730,1781444304190894310
1961865,1973184,Host(NUMA 7),Device ?,12.00,688.35,18.28,11246790615125070,11246790615813420,1781444304190417220,1781444304191105570
1961865,1973184,Host(NUMA 7),Device ?,4.00,356.71,11.76,11246790615855040,11246790616211750,1781444304190911760,1781444304191268470
1962011,1974998,Host(NUMA 5),Device ?,4.00,392.43,10.69,11246790615759200,11246790616151630,1781444304191152530,1781444304191544960
1961790,1973354,Host(NUMA 6),Device ?,16.00,1089.66,15.40,11246790615564960,11246790616654620,1781444304190745450,1781444304191835110
1962011,1974998,Host(NUMA 5),Device ?,16.00,750.45,22.36,11246790616189690,11246790616940140,1781444304191370070,1781444304192120520
1961790,1973354,Host(NUMA 6),Device ?,12.00,661.98,19.01,11246790616702840,11246790617364820,1781444304191743880,1781444304192405860
1961865,1973184,Host(NUMA 7),Device ?,16.00,955.48,17.56,11246790616252260,11246790617207740,1781444304191623600,1781444304192579080
1962011,1974998,Host(NUMA 5),Device ?,16.00,810.24,20.71,11246790616979680,11246790617789920,1781444304192047530,1781444304192857770
1961790,1973354,Host(NUMA 6),Device ?,4.00,353.94,11.85,11246790617405120,11246790617759060,1781444304192676280,1781444304193030220
1961865,1973184,Host(NUMA 7),Device ?,16.00,1031.32,16.27,11246790617254080,11246790618285400,1781444304192292710,1781444304193324030
1962011,1974998,Host(NUMA 5),Device ?,12.00,583.09,21.58,11246790617831610,11246790618414700,1781444304193022730,1781444304193605820
1962011,1974998,Host(NUMA 5),Device ?,4.00,265.32,15.81,11246790618453330,11246790618718650,1781444304193510220,1781444304193775540
1961790,1973354,Host(NUMA 6),Device ?,16.00,956.38,17.54,11246790617798800,11246790618755180,1781444304193098890,1781444304194055270
1961865,1973184,Host(NUMA 7),Device ?,12.00,657.95,19.12,11246790618338200,11246790618996150,1781444304193566600,1781444304194224550
1961865,1973184,Host(NUMA 7),Device ?,4.00,351.35,11.94,11246790619036820,11246790619388170,1781444304194155770,1781444304194507120
1962011,1974998,Host(NUMA 5),Device ?,16.00,927.36,18.09,11246790618754810,11246790619682170,1781444304193864610,1781444304194791970
1961790,1973354,Host(NUMA 6),Device ?,16.00,972.25,17.26,11246790618800660,11246790619772910,1781444304194117190,1781444304195089440
1961865,1973184,Host(NUMA 7),Device ?,16.00,989.20,16.96,11246790619426960,11246790620416160,1781444304194501130,1781444304195490330
1962011,1974998,Host(NUMA 5),Device ?,16.00,971.07,17.28,11246790619725560,11246790620696630,1781444304194806030,1781444304195777100
1961790,1973354,Host(NUMA 6),Device ?,12.00,644.53,19.52,11246790619818600,11246790620463130,1781444304195307260,1781444304195951790
1961790,1973354,Host(NUMA 6),Device ?,4.00,345.39,12.14,11246790620505650,11246790620851040,1781444304195765560,1781444304196110950
1962011,1974998,Host(NUMA 5),Device ?,12.00,571.64,22.01,11246790620739560,11246790621311200,1781444304195814710,1781444304196386350
1961865,1973184,Host(NUMA 7),Device ?,16.00,1053.14,15.93,11246790620461160,11246790621514300,1781444304195619390,1781444304196672530
1962011,1974998,Host(NUMA 5),Device ?,4.00,302.65,13.86,11246790621351360,11246790621654010,1781444304196649500,1781444304196952150
1961865,1973184,Host(NUMA 7),Device ?,12.00,652.37,19.29,11246790621558480,11246790622210850,1781444304196631700,1781444304197284070
1961790,1973354,Host(NUMA 6),Device ?,16.00,1487.46,11.28,11246790620890860,11246790622378320,1781444304196086880,1781444304197574340
1962011,1974998,Host(NUMA 5),Device ?,16.00,935.36,17.94,11246790621694710,11246790622630070,1781444304196921570,1781444304197856930
1961865,1973184,Host(NUMA 7),Device ?,4.00,313.54,13.38,11246790622253400,11246790622566940,1781444304197719470,1781444304198033010
1961790,1973354,Host(NUMA 6),Device ?,16.00,1076.70,15.58,11246790622425030,11246790623501730,1781444304197505200,1781444304198581900
1962011,1974998,Host(NUMA 5),Device ?,16.00,948.15,17.69,11246790622674880,11246790623623030,1781444304197941500,1781444304198889650
1961865,1973184,Host(NUMA 7),Device ?,16.00,963.40,17.41,11246790622605940,11246790623569340,1781444304198141670,1781444304199105070
1961790,1973354,Host(NUMA 6),Device ?,12.00,617.51,20.38,11246790623550470,11246790624167980,1781444304198774900,1781444304199392410
1961790,1973354,Host(NUMA 6),Device ?,4.00,314.78,13.32,11246790624209900,11246790624524680,1781444304199254500,1781444304199569280
1962011,1974998,Host(NUMA 5),Device ?,12.00,735.35,17.11,11246790623665690,11246790624401040,1781444304199115030,1781444304199850380
1962011,1974998,Host(NUMA 5),Device ?,4.00,251.45,16.68,11246790624443950,11246790624695400,1781444304199771580,1781444304200023030
1961865,1973184,Host(NUMA 7),Device ?,16.00,1010.88,16.60,11246790623612840,11246790624623720,1781444304199173870,1781444304200184750
1961865,1973184,Host(NUMA 7),Device ?,12.00,772.02,16.30,11246790624667390,11246790625439410,1781444304199740710,1781444304200512730
1961790,1973354,Host(NUMA 6),Device ?,16.00,992.35,16.91,11246790624565810,11246790625558160,1781444304199812560,1781444304200804910
1962011,1974998,Host(NUMA 5),Device ?,16.00,1121.58,14.96,11246790624735020,11246790625856600,1781444304199963410,1781444304201084990
1961865,1973184,Host(NUMA 7),Device ?,4.00,328.97,12.75,11246790625482440,11246790625811410,1781444304200931370,1781444304201260340
1961790,1973354,Host(NUMA 6),Device ?,16.00,982.93,17.07,11246790625604370,11246790626587300,1781444304200687710,1781444304201670640
1962011,1974998,Host(NUMA 5),Device ?,16.00,866.69,19.36,11246790625900180,11246790626766870,1781444304201099260,1781444304201965950
1961865,1973184,Host(NUMA 7),Device ?,16.00,979.25,17.13,11246790625851050,11246790626830300,1781444304201159560,1781444304202138810
1961790,1973354,Host(NUMA 6),Device ?,12.00,719.05,17.50,11246790626636320,11246790627355370,1781444304201700060,1781444304202419110
1962011,1974998,Host(NUMA 5),Device ?,12.00,613.71,20.50,11246790626810610,11246790627424320,1781444304202088950,1781444304202702660
1962011,1974998,Host(NUMA 5),Device ?,4.00,280.53,14.95,11246790627465900,11246790627746430,1781444304202599210,1781444304202879740
1961790,1973354,Host(NUMA 6),Device ?,4.00,343.30,12.22,11246790627398520,11246790627741820,1781444304202828890,1781444304203172190
1961865,1973184,Host(NUMA 7),Device ?,16.00,916.75,18.30,11246790626874770,11246790627791520,1781444304202427800,1781444304203344550
1962011,1974998,Host(NUMA 5),Device ?,16.00,766.21,21.90,11246790627784350,11246790628550560,1781444304202857130,1781444304203623340
1961865,1973184,Host(NUMA 7),Device ?,12.00,747.46,16.83,11246790627834420,11246790628581880,1781444304203063970,1781444304203811430
1961865,1973184,Host(NUMA 7),Device ?,4.00,274.00,15.31,11246790628621420,11246790628895420,1781444304203700980,1781444304203974980
1962011,1974998,Host(NUMA 5),Device ?,16.00,761.27,22.04,11246790628594730,11246790629356000,1781444304203675080,1781444304204436350
1961790,1973354,Host(NUMA 6),Device ?,16.00,1702.16,9.86,11246790627785220,11246790629487380,1781444304203030400,1781444304204732560
1961865,1973184,Host(NUMA 7),Device ?,16.00,850.04,19.74,11246790628936100,11246790629786140,1781444304204173510,1781444304205023550
1962011,1974998,Host(NUMA 5),Device ?,12.00,669.34,18.80,11246790629402830,11246790630072170,1781444304204642240,1781444304205311580
1962011,1974998,Host(NUMA 5),Device ?,4.00,431.78,9.71,11246790630112410,11246790630544190,1781444304205165590,1781444304205597370
1961790,1973354,Host(NUMA 6),Device ?,16.00,1006.53,16.67,11246790629543880,11246790630550410,1781444304204766060,1781444304205772590
1961865,1973184,Host(NUMA 7),Device ?,16.00,957.70,17.52,11246790629826640,11246790630784340,1781444304205098070,1781444304206055770
1961790,1973354,Host(NUMA 6),Device ?,12.00,694.93,18.11,11246790630602530,11246790631297460,1781444304205646070,1781444304206341000
1962011,1974998,Host(NUMA 5),Device ?,16.00,754.06,22.25,11246790630582870,11246790631336930,1781444304205869350,1781444304206623410
1961865,1973184,Host(NUMA 7),Device ?,12.00,683.88,18.40,11246790630824010,11246790631507890,1781444304206118470,1781444304206802350
1961865,1973184,Host(NUMA 7),Device ?,4.00,276.10,15.19,11246790631545610,11246790631821710,1781444304206722390,1781444304206998490
1962011,1974998,Host(NUMA 5),Device ?,16.00,766.63,21.88,11246790631381630,11246790632148260,1781444304206519330,1781444304207285960
1961790,1973354,Host(NUMA 6),Device ?,4.00,329.89,12.71,11246790631340740,11246790631670630,1781444304207134160,1781444304207464050
1961790,1973354,Host(NUMA 6),Device ?,16.00,1109.63,15.12,11246790631712550,11246790632822180,1781444304206782690,1781444304207892320
1961865,1973184,Host(NUMA 7),Device ?,16.00,954.88,17.57,11246790631858590,11246790632813470,1781444304207114270,1781444304208069150
1962011,1974998,Host(NUMA 5),Device ?,12.00,645.94,19.48,11246790632191890,11246790632837830,1781444304207699680,1781444304208345620
1962011,1974998,Host(NUMA 5),Device ?,4.00,256.79,16.33,11246790632880420,11246790633137210,1781444304208260550,1781444304208517340
1961790,1973354,Host(NUMA 6),Device ?,16.00,1052.57,15.94,11246790632871680,11246790633924250,1781444304207925090,1781444304208977660
1961865,1973184,Host(NUMA 7),Device ?,16.00,1039.49,16.14,11246790632858740,11246790633898230,1781444304208137030,1781444304209176520
1962011,1974998,Host(NUMA 5),Device ?,16.00,761.98,22.02,11246790633174390,11246790633936370,1781444304208693210,1781444304209455190
1961790,1973354,Host(NUMA 6),Device ?,12.00,674.42,18.66,11246790633972170,11246790634646590,1781444304209074230,1781444304209748650
1961865,1973184,Host(NUMA 7),Device ?,12.00,636.51,19.77,11246790633940760,11246790634577270,1781444304209285310,1781444304209921820
1961865,1973184,Host(NUMA 7),Device ?,4.00,321.94,13.03,11246790634622260,11246790634944200,1781444304209757990,1781444304210079930
1962011,1974998,Host(NUMA 5),Device ?,16.00,760.51,22.06,11246790633979480,11246790634739990,1781444304209590740,1781444304210351250
1962011,1974998,Host(NUMA 5),Device ?,12.00,570.81,22.04,11246790634784540,11246790635355350,1781444304209956250,1781444304210527060
1962011,1974998,Host(NUMA 5),Device ?,4.00,263.24,15.93,11246790635396400,11246790635659640,1781444304210426230,1781444304210689470
1961790,1973354,Host(NUMA 6),Device ?,4.00,617.26,6.80,11246790634686980,11246790635304240,1781444304210233170,1781444304210850430
1961865,1973184,Host(NUMA 7),Device ?,16.00,960.92,17.46,11246790634982200,11246790635943120,1781444304210066620,1781444304211027540
1962011,1974998,Host(NUMA 5),Device ?,16.00,956.60,17.54,11246790635698380,11246790636654980,1781444304210780560,1781444304211737160
1961865,1973184,Host(NUMA 7),Device ?,16.00,816.61,20.54,11246790635983710,11246790636800320,1781444304211215330,1781444304212031940
1961644,1975092,Host(NUMA 4),Device ?,509.88,31873.77,16.77,11246790605249150,11246790637122920,1781444304180463400,1781444304212337170
1961865,1973184,Host(NUMA 7),Device ?,12.00,637.16,19.75,11246790636841630,11246790637478790,1781444304211974980,1781444304212612140
1962011,1974998,Host(NUMA 5),Device ?,16.00,953.23,17.60,11246790636702630,11246790637655860,1781444304211954640,1781444304212907870
1961790,1973354,Host(NUMA 6),Device ?,16.00,2318.52,7.24,11246790635345670,11246790637664190,1781444304210766810,1781444304213085330
1961865,1973184,Host(NUMA 7),Device ?,4.00,263.94,15.89,11246790637519670,11246790637783610,1781444304212982990,1781444304213246930
1962011,1974998,Host(NUMA 5),Device ?,12.00,705.99,17.82,11246790637699570,11246790638405560,1781444304212819930,1781444304213525920
1961644,1975092,Host(NUMA 4),Device ?,12.00,1417.18,8.88,11246790637238670,11246790638655850,1781444304212394490,1781444304213811670
1962011,1974998,Host(NUMA 5),Device ?,4.00,291.71,14.38,11246790638448650,11246790638740360,1781444304213697030,1781444304213988740
1961644,1975092,Host(NUMA 4),Device ?,4.00,341.68,12.28,11246790638711320,11246790639053000,1781444304213925350,1781444304214267030
1961865,1973184,Host(NUMA 7),Device ?,16.00,987.22,16.99,11246790637822290,11246790638809510,1781444304213468570,1781444304214455790
1962011,1974998,Host(NUMA 5),Device ?,16.00,857.80,19.56,11246790638782070,11246790639639870,1781444304213877590,1781444304214735390
1961865,1973184,Host(NUMA 7),Device ?,16.00,814.89,20.59,11246790638851230,11246790639666120,1781444304214121450,1781444304214936340
1961644,1975092,Host(NUMA 4),Device ?,16.00,924.36,18.15,11246790639095640,11246790640020000,1781444304214298370,1781444304215222730
1961790,1973354,Host(NUMA 6),Device ?,16.00,2404.53,6.98,11246790637711690,11246790640116220,1781444304212996430,1781444304215400960
1962011,1974998,Host(NUMA 5),Device ?,16.00,898.78,18.67,11246790639684710,11246790640583490,1781444304214781290,1781444304215680070
1961865,1973184,Host(NUMA 7),Device ?,12.00,632.55,19.89,11246790639707730,11246790640340280,1781444304215219510,1781444304215852060
1961865,1973184,Host(NUMA 7),Device ?,4.00,335.65,12.50,11246790640379180,11246790640714830,1781444304215677900,1781444304216013550
1961644,1975092,Host(NUMA 4),Device ?,16.00,886.05,18.93,11246790640063420,11246790640949470,1781444304215404540,1781444304216290590
1961790,1973354,Host(NUMA 6),Device ?,12.00,672.42,18.71,11246790640169520,11246790640841940,1781444304215792130,1781444304216464550
1961790,1973354,Host(NUMA 6),Device ?,4.00,347.35,12.08,11246790640884510,11246790641231860,1781444304216293310,1781444304216640660
1961865,1973184,Host(NUMA 7),Device ?,16.00,979.12,17.13,11246790640751740,11246790641730860,1781444304215824000,1781444304216803120
1961644,1975092,Host(NUMA 4),Device ?,12.00,655.12,19.21,11246790640998910,11246790641654030,1781444304216424530,1781444304217079650
1961644,1975092,Host(NUMA 4),Device ?,4.00,484.06,8.66,11246790641692650,11246790642176710,1781444304216767860,1781444304217251920
1962011,1974998,Host(NUMA 5),Device ?,12.00,648.75,19.40,11246790640628270,11246790641277020,1781444304216771960,1781444304217420710
1962011,1974998,Host(NUMA 5),Device ?,4.00,264.69,15.85,11246790641319070,11246790641583760,1781444304217318100,1781444304217582790
1962011,1974998,Host(NUMA 5),Device ?,16.00,867.82,19.33,11246790641621720,11246790642489540,1781444304216876580,1781444304217744400
1961865,1973184,Host(NUMA 7),Device ?,16.00,999.43,16.79,11246790641769250,11246790642768680,1781444304216903370,1781444304217902800
1961644,1975092,Host(NUMA 4),Device ?,16.00,933.88,17.97,11246790642215830,11246790643149710,1781444304217245240,1781444304218179120
1962011,1974998,Host(NUMA 5),Device ?,16.00,761.58,22.03,11246790642532810,11246790643294390,1781444304217593720,1781444304218355300
1961790,1973354,Host(NUMA 6),Device ?,16.00,921.41,18.21,11246790641272550,11246790642193960,1781444304217621860,1781444304218543270
1961790,1973354,Host(NUMA 6),Device ?,16.00,904.39,18.55,11246790642239960,11246790643144350,1781444304217799890,1781444304218704280
1961790,1973354,Host(NUMA 6),Device ?,12.00,633.49,19.86,11246790643190000,11246790643823490,1781444304218233380,1781444304218866870
1961865,1973184,Host(NUMA 7),Device ?,12.00,734.71,17.13,11246790642807510,11246790643542220,1781444304218315350,1781444304219050060
1961865,1973184,Host(NUMA 7),Device ?,4.00,292.65,14.33,11246790643579910,11246790643872560,1781444304218919270,1781444304219211920
1961644,1975092,Host(NUMA 4),Device ?,16.00,854.70,19.63,11246790643193570,11246790644048270,1781444304218636740,1781444304219491440
1962011,1974998,Host(NUMA 5),Device ?,12.00,561.05,22.43,11246790643338110,11246790643899160,1781444304219107620,1781444304219668670
1962011,1974998,Host(NUMA 5),Device ?,4.00,270.52,15.50,11246790643938650,11246790644209170,1781444304219558070,1781444304219828590
1961790,1973354,Host(NUMA 6),Device ?,4.00,329.52,12.73,11246790643865460,11246790644194980,1781444304219664090,1781444304219993610
1961865,1973184,Host(NUMA 7),Device ?,16.00,971.72,17.27,11246790643910220,11246790644881940,1781444304219180950,1781444304220152670
1961644,1975092,Host(NUMA 4),Device ?,12.00,593.25,21.21,11246790644091490,11246790644684740,1781444304219837200,1781444304220430450
1961644,1975092,Host(NUMA 4),Device ?,4.00,814.47,5.15,11246790644722830,11246790645537300,1781444304219786370,1781444304220600840
1962011,1974998,Host(NUMA 5),Device ?,16.00,789.69,21.25,11246790644248720,11246790645038410,1781444304219982640,1781444304220772330
1962011,1974998,Host(NUMA 5),Device ?,16.00,753.18,22.28,11246790645079390,11246790645832570,1781444304220195890,1781444304220949070
1961790,1973354,Host(NUMA 6),Device ?,16.00,1012.29,16.57,11246790644237600,11246790645249890,1781444304220099580,1781444304221111870
1961865,1973184,Host(NUMA 7),Device ?,16.00,819.88,20.46,11246790644924540,11246790645744420,1781444304220454310,1781444304221274190
1962011,1974998,Host(NUMA 5),Device ?,12.00,574.31,21.91,11246790645875300,11246790646449610,1781444304220978520,1781444304221552830
1961790,1973354,Host(NUMA 6),Device ?,16.00,1012.61,16.57,11246790645294870,11246790646307480,1781444304220713720,1781444304221726330
1961865,1973184,Host(NUMA 7),Device ?,12.00,672.54,18.71,11246790645786750,11246790646459290,1781444304221215680,1781444304221888220
1961865,1973184,Host(NUMA 7),Device ?,4.00,313.39,13.38,11246790646497730,11246790646811120,1781444304221732760,1781444304222046150
1961644,1975092,Host(NUMA 4),Device ?,16.00,1136.13,14.77,11246790645577150,11246790646713280,1781444304221204000,1781444304222340130
1962011,1974998,Host(NUMA 5),Device ?,4.00,254.04,16.51,11246790646488780,11246790646742820,1781444304222263880,1781444304222517920
1962011,1974998,Host(NUMA 5),Device ?,16.00,771.00,21.76,11246790646786530,11246790647557530,1781444304221906340,1781444304222677340
1961790,1973354,Host(NUMA 6),Device ?,12.00,637.02,19.75,11246790646354690,11246790646991710,1781444304222201520,1781444304222838540
1961790,1973354,Host(NUMA 6),Device ?,4.00,373.94,11.22,11246790647034390,11246790647408330,1781444304222640990,1781444304223014930
1961865,1973184,Host(NUMA 7),Device ?,16.00,803.62,20.88,11246790646852520,11246790647656140,1781444304222387800,1781444304223191420
1961644,1975092,Host(NUMA 4),Device ?,16.00,1274.25,13.17,11246790646761310,11246790648035560,1781444304222202370,1781444304223476620
1962011,1974998,Host(NUMA 5),Device ?,16.00,910.78,18.42,11246790647602920,11246790648513700,1781444304222742660,1781444304223653440
1961790,1973354,Host(NUMA 6),Device ?,16.00,1116.76,15.02,11246790647448380,11246790648565140,1781444304222702260,1781444304223819020
1961865,1973184,Host(NUMA 7),Device ?,16.00,835.44,20.08,11246790647700330,11246790648535770,1781444304223144110,1781444304223979550
1961644,1975092,Host(NUMA 4),Device ?,12.00,605.22,20.79,11246790648083270,11246790648688490,1781444304223653470,1781444304224258690
1961644,1975092,Host(NUMA 4),Device ?,4.00,413.33,10.15,11246790648729770,11246790649143100,1781444304224016290,1781444304224429620
1962011,1974998,Host(NUMA 5),Device ?,12.00,559.85,22.48,11246790648559990,11246790649119840,1781444304224034380,1781444304224594230
1962011,1974998,Host(NUMA 5),Device ?,4.00,263.48,15.92,11246790649161750,11246790649425230,1781444304224493120,1781444304224756600
1961790,1973354,Host(NUMA 6),Device ?,16.00,1006.86,16.66,11246790648614050,11246790649620910,1781444304223910760,1781444304224917620
1961865,1973184,Host(NUMA 7),Device ?,12.00,648.94,19.39,11246790648578380,11246790649227320,1781444304224430220,1781444304225079160
1961865,1973184,Host(NUMA 7),Device ?,4.00,290.41,14.44,11246790649265530,11246790649555940,1781444304224944380,1781444304225234790
1961790,1973354,Host(NUMA 6),Device ?,12.00,733.49,17.15,11246790649668690,11246790650402180,1781444304224778690,1781444304225512180
1961865,1973184,Host(NUMA 7),Device ?,16.00,826.41,20.30,11246790649592550,11246790650418960,1781444304224854830,1781444304225681240
1962011,1974998,Host(NUMA 5),Device ?,16.00,1505.67,11.14,11246790649465050,11246790650970720,1781444304224548380,1781444304226054050
1961865,1973184,Host(NUMA 7),Device ?,16.00,802.29,20.91,11246790650460210,11246790651262500,1781444304225560730,1781444304226363020
1961790,1973354,Host(NUMA 6),Device ?,4.00,962.70,4.36,11246790650442460,11246790651405160,1781444304225689830,1781444304226652530
1961865,1973184,Host(NUMA 7),Device ?,12.00,640.73,19.64,11246790651303580,11246790651944310,1781444304226395380,1781444304227036110
1962011,1974998,Host(NUMA 5),Device ?,16.00,971.05,17.28,11246790651018400,11246790651989450,1781444304226353800,1781444304227324850
1961644,1975092,Host(NUMA 4),Device ?,16.00,3228.97,5.20,11246790649184940,11246790652413910,1781444304224386590,1781444304227615560
1961790,1973354,Host(NUMA 6),Device ?,16.00,988.44,16.97,11246790651449880,11246790652438320,1781444304226797240,1781444304227785680
1961865,1973184,Host(NUMA 7),Device ?,4.00,312.58,13.42,11246790651987240,11246790652299820,1781444304227634580,1781444304227947160
1962011,1974998,Host(NUMA 5),Device ?,12.00,754.77,16.67,11246790652046550,11246790652801320,1781444304227467740,1781444304228222510
1962011,1974998,Host(NUMA 5),Device ?,4.00,294.14,14.26,11246790652844300,11246790653138440,1781444304228099760,1781444304228393900
1961865,1973184,Host(NUMA 7),Device ?,16.00,909.42,18.45,11246790652338200,11246790653247620,1781444304227765540,1781444304228674960
1961644,1975092,Host(NUMA 4),Device ?,16.00,1165.00,14.40,11246790652462290,11246790653627290,1781444304227793600,1781444304228958600
1962011,1974998,Host(NUMA 5),Device ?,16.00,940.11,17.85,11246790653175610,11246790654115720,1781444304228300010,1781444304229240120
1961865,1973184,Host(NUMA 7),Device ?,16.00,800.96,20.95,11246790653287690,11246790654088650,1781444304228609140,1781444304229410100
1961644,1975092,Host(NUMA 4),Device ?,12.00,602.38,20.89,11246790653676540,11246790654278920,1781444304229083530,1781444304229685910
1961644,1975092,Host(NUMA 4),Device ?,4.00,410.45,10.22,11246790654319970,11246790654730420,1781444304229446720,1781444304229857170
1961790,1973354,Host(NUMA 6),Device ?,16.00,2529.51,6.63,11246790652488930,11246790655018440,1781444304227602140,1781444304230131650
1961865,1973184,Host(NUMA 7),Device ?,12.00,658.94,19.10,11246790654129190,11246790654788130,1781444304229646780,1781444304230305720
1961865,1973184,Host(NUMA 7),Device ?,4.00,262.63,15.97,11246790654825780,11246790655088410,1781444304230202670,1781444304230465300
1962011,1974998,Host(NUMA 5),Device ?,16.00,1529.13,10.97,11246790654159340,11246790655688470,1781444304229212610,1781444304230741740
1961715,1975287,Host(NUMA 3),Device ?,509.88,69290.23,7.72,11246790586430110,11246790655720340,1781444304161771000,1781444304231061230
1961644,1975092,Host(NUMA 4),Device ?,16.00,1161.87,14.44,11246790654767740,11246790655929610,1781444304230051180,1781444304231213050
1961790,1973354,Host(NUMA 6),Device ?,12.00,642.80,19.58,11246790655066970,11246790655709770,1781444304230778500,1781444304231421300
1961790,1973354,Host(NUMA 6),Device ?,4.00,340.06,12.33,11246790655753380,11246790656093440,1781444304231244320,1781444304231584380
1961865,1973184,Host(NUMA 7),Device ?,16.00,944.24,17.77,11246790655124380,11246790656068620,1781444304230921530,1781444304231865770
1961790,1973354,Host(NUMA 6),Device ?,16.00,964.67,17.39,11246790656135640,11246790657100310,1781444304231187730,1781444304232152400
1961865,1973184,Host(NUMA 7),Device ?,16.00,991.78,16.92,11246790656113700,11246790657105480,1781444304231331250,1781444304232323030
1961644,1975092,Host(NUMA 4),Device ?,16.00,1526.11,10.99,11246790655973830,11246790657499940,1781444304231075690,1781444304232601800
1961865,1973184,Host(NUMA 7),Device ?,12.00,742.24,16.95,11246790657147550,11246790657889790,1781444304232219090,1781444304232961330
1961715,1975287,Host(NUMA 3),Device ?,12.00,2267.56,5.55,11246790655822970,11246790658090530,1781444304230975250,1781444304233242810
1961644,1975092,Host(NUMA 4),Device ?,12.00,715.97,17.57,11246790657545780,11246790658261750,1781444304232804500,1781444304233520470
1961644,1975092,Host(NUMA 4),Device ?,4.00,330.69,12.68,11246790658301020,11246790658631710,1781444304233362200,1781444304233692890
1961865,1973184,Host(NUMA 7),Device ?,4.00,305.46,13.73,11246790657930170,11246790658235630,1781444304233551180,1781444304233856640
1961715,1975287,Host(NUMA 3),Device ?,4.00,650.90,6.44,11246790658156070,11246790658806970,1781444304233480320,1781444304234131220
1961790,1973354,Host(NUMA 6),Device ?,16.00,1565.88,10.71,11246790657144570,11246790658710450,1781444304232740740,1781444304234306620
1961790,1973354,Host(NUMA 6),Device ?,12.00,652.31,19.29,11246790658758000,11246790659410310,1781444304233814930,1781444304234467240
1961644,1975092,Host(NUMA 4),Device ?,16.00,905.93,18.52,11246790658667950,11246790659573880,1781444304233851930,1781444304234757860
1961790,1973354,Host(NUMA 6),Device ?,4.00,361.92,11.59,11246790659451850,11246790659813770,1781444304234594920,1781444304234956840
1961865,1973184,Host(NUMA 7),Device ?,16.00,941.19,17.83,11246790658272230,11246790659213420,1781444304234182570,1781444304235123760
1961865,1973184,Host(NUMA 7),Device ?,16.00,882.02,19.02,11246790659253960,11246790660135980,1781444304234398970,1781444304235280990
1961644,1975092,Host(NUMA 4),Device ?,16.00,970.52,17.29,11246790659623050,11246790660593570,1781444304234686960,1781444304235657480
1961865,1973184,Host(NUMA 7),Device ?,12.00,669.35,18.80,11246790660176470,11246790660845820,1781444304235283030,1781444304235952380
1961715,1975287,Host(NUMA 3),Device ?,16.00,2094.12,8.01,11246790658867720,11246790660961840,1781444304234153410,1781444304236247530
1961790,1973354,Host(NUMA 6),Device ?,16.00,1069.24,15.69,11246790659859250,11246790660928490,1781444304235352700,1781444304236421940
1961644,1975092,Host(NUMA 4),Device ?,12.00,610.26,20.62,11246790660639780,11246790661250040,1781444304236085250,1781444304236695510
1961644,1975092,Host(NUMA 4),Device ?,4.00,317.70,13.20,11246790661290770,11246790661608470,1781444304236553210,1781444304236870910
1961865,1973184,Host(NUMA 7),Device ?,4.00,333.92,12.56,11246790660885270,11246790661219190,1781444304236698410,1781444304237032330
1961865,1973184,Host(NUMA 7),Device ?,16.00,879.18,19.08,11246790661258630,11246790662137810,1781444304236310620,1781444304237189800
1961790,1973354,Host(NUMA 6),Device ?,16.00,1381.30,12.15,11246790660976600,11246790662357900,1781444304236091210,1781444304237472510
1961644,1975092,Host(NUMA 4),Device ?,16.00,871.39,19.25,11246790661645400,11246790662516790,1781444304236881740,1781444304237753130
1961715,1975287,Host(NUMA 3),Device ?,16.00,1823.54,9.20,11246790661021120,11246790662844660,1781444304236212630,1781444304238036170
1962011,1974998,Host(NUMA 5),Device ?,127.47,7105.90,18.81,11246790655732610,11246790662838510,1781444304231108100,1781444304238214000
1962011,1974998,Host(NUMA 5),Device ?,0.02,32.04,0.51,11246790662900850,11246790662932890,1781444304238345260,1781444304238377300
1962011,1974998,Host(NUMA 5),Device ?,0.02,20.82,0.79,11246790662974370,11246790662995190,1781444304238523880,1781444304238544700
1962011,1974998,Host(NUMA 5),Device ?,0.01,19.65,0.31,11246790663027900,11246790663047550,1781444304238692400,1781444304238712050
1962011,1974998,Host(NUMA 5),Device ?,0.01,19.35,0.42,11246790663081630,11246790663100980,1781444304238856530,1781444304238875880
1962011,1974998,Host(NUMA 5),Device ?,0.02,19.04,0.86,11246790663132840,11246790663151880,1781444304239033420,1781444304239052460
1962011,1974998,Host(NUMA 5),Device ?,0.02,18.69,0.88,11246790663182400,11246790663201090,1781444304239211390,1781444304239230080
1962011,1974998,Host(NUMA 5),Device ?,0.01,19.25,0.43,11246790663231860,11246790663251110,1781444304239371500,1781444304239390750
1962011,1974998,Host(NUMA 5),Device ?,0.01,27.34,0.30,11246790663279470,11246790663306810,1781444304239526870,1781444304239554210
1962011,1974998,Host(NUMA 5),Device ?,0.02,18.29,0.90,11246790663336960,11246790663355250,1781444304239700370,1781444304239718660
1962011,1974998,Host(NUMA 5),Device ?,0.02,18.47,0.89,11246790663386260,11246790663404730,1781444304239862770,1781444304239881240
1962011,1974998,Host(NUMA 5),Device ?,0.01,23.84,0.26,11246790663435700,11246790663459540,1781444304240034630,1781444304240058470
1962011,1974998,Host(NUMA 5),Device ?,0.01,23.53,0.35,11246790663493370,11246790663516900,1781444304240200280,1781444304240223810
1962011,1974998,Host(NUMA 5),Device ?,0.02,19.67,0.83,11246790663547950,11246790663567620,1781444304240362370,1781444304240382040
1962011,1974998,Host(NUMA 5),Device ?,0.02,18.85,0.87,11246790663598910,11246790663617760,1781444304240525090,1781444304240543940
1962011,1974998,Host(NUMA 5),Device ?,0.01,23.50,0.35,11246790663648100,11246790663671600,1781444304240689240,1781444304240712740
1962011,1974998,Host(NUMA 5),Device ?,0.01,21.77,0.38,11246790663705570,11246790663727340,1781444304240868190,1781444304240889960
1962011,1974998,Host(NUMA 5),Device ?,0.02,18.68,0.88,11246790663756510,11246790663775190,1781444304241036970,1781444304241055650
1962011,1974998,Host(NUMA 5),Device ?,0.02,17.05,0.96,11246790663804470,11246790663821520,1781444304241197810,1781444304241214860
1962011,1974998,Host(NUMA 5),Device ?,0.01,15.97,0.38,11246790663849620,11246790663865590,1781444304241362100,1781444304241378070
1962011,1974998,Host(NUMA 5),Device ?,0.01,21.92,0.37,11246790663893310,11246790663915230,1781444304241519990,1781444304241541910
1962011,1974998,Host(NUMA 5),Device ?,0.02,23.77,0.69,11246790663945140,11246790663968910,1781444304241682130,1781444304241705900
1962011,1974998,Host(NUMA 5),Device ?,0.02,32.26,0.51,11246790663998370,11246790664030630,1781444304241839240,1781444304241871500
1962011,1974998,Host(NUMA 5),Device ?,0.01,19.50,0.42,11246790664060280,11246790664079780,1781444304242012810,1781444304242032310
1962011,1974998,Host(NUMA 5),Device ?,0.01,17.26,0.47,11246790664108660,11246790664125920,1781444304242177440,1781444304242194700
1962011,1974998,Host(NUMA 5),Device ?,0.02,18.07,0.91,11246790664155410,11246790664173480,1781444304242338300,1781444304242356370
1962011,1974998,Host(NUMA 5),Device ?,0.02,17.71,0.93,11246790664205190,11246790664222900,1781444304242502000,1781444304242519710
1962011,1974998,Host(NUMA 5),Device ?,0.01,18.65,0.33,11246790664253280,11246790664271930,1781444304242664890,1781444304242683540
1962011,1974998,Host(NUMA 5),Device ?,0.01,20.93,0.39,11246790664300980,11246790664321910,1781444304242828570,1781444304242849500
1962011,1974998,Host(NUMA 5),Device ?,0.02,18.17,0.90,11246790664351530,11246790664369700,1781444304243010140,1781444304243028310
1962011,1974998,Host(NUMA 5),Device ?,0.02,18.02,0.91,11246790664398550,11246790664416570,1781444304243170910,1781444304243188930
1962011,1974998,Host(NUMA 5),Device ?,0.01,19.60,0.42,11246790664448880,11246790664468480,1781444304243342830,1781444304243362430
1962011,1974998,Host(NUMA 5),Device ?,0.01,19.26,0.43,11246790664499750,11246790664519010,1781444304243508100,1781444304243527360
1962011,1974998,Host(NUMA 5),Device ?,0.02,17.70,0.93,11246790664551840,11246790664569540,1781444304243670520,1781444304243688220
1962011,1974998,Host(NUMA 5),Device ?,0.02,19.39,0.84,11246790664602370,11246790664621760,1781444304243831140,1781444304243850530
1962011,1974998,Host(NUMA 5),Device ?,0.01,18.90,0.33,11246790664651300,11246790664670200,1781444304243995450,1781444304244014350
1962011,1974998,Host(NUMA 5),Device ?,0.01,16.54,0.50,11246790664696760,11246790664713300,1781444304244156930,1781444304244173470
1962011,1974998,Host(NUMA 5),Device ?,0.02,18.66,0.88,11246790664742900,11246790664761560,1781444304244317770,1781444304244336430
1962011,1974998,Host(NUMA 5),Device ?,0.02,19.88,0.82,11246790664791840,11246790664811720,1781444304244475670,1781444304244495550
1962011,1974998,Host(NUMA 5),Device ?,0.01,21.27,0.39,11246790664840690,11246790664861960,1781444304244639010,1781444304244660280
1962011,1974998,Host(NUMA 5),Device ?,0.01,16.82,0.49,11246790664890110,11246790664906930,1781444304244804510,1781444304244821330
1962011,1974998,Host(NUMA 5),Device ?,0.02,17.14,0.96,11246790664933930,11246790664951070,1781444304244981320,1781444304244998460
1962011,1974998,Host(NUMA 5),Device ?,0.02,17.15,0.96,11246790664977520,11246790664994670,1781444304245145130,1781444304245162280
1962011,1974998,Host(NUMA 5),Device ?,0.01,15.85,0.39,11246790665020320,11246790665036170,1781444304245304530,1781444304245320380
1962011,1974998,Host(NUMA 5),Device ?,0.01,21.53,0.38,11246790665061780,11246790665083310,1781444304245455450,1781444304245476980
1962011,1974998,Host(NUMA 5),Device ?,0.02,17.19,0.95,11246790665111260,11246790665128450,1781444304245617850,1781444304245635040
1962011,1974998,Host(NUMA 5),Device ?,0.02,16.78,0.98,11246790665154650,11246790665171430,1781444304245777450,1781444304245794230
1962011,1974998,Host(NUMA 5),Device ?,0.01,21.23,0.39,11246790665197140,11246790665218370,1781444304245948030,1781444304245969260
1962011,1974998,Host(NUMA 5),Device ?,0.01,17.46,0.47,11246790665247370,11246790665264830,1781444304246112420,1781444304246129880
1962011,1974998,Host(NUMA 5),Device ?,0.02,17.28,0.95,11246790665293350,11246790665310630,1781444304246271340,1781444304246288620
1962011,1974998,Host(NUMA 5),Device ?,0.02,15.54,1.05,11246790665337920,11246790665353460,1781444304246431810,1781444304246447350
1962011,1974998,Host(NUMA 5),Device ?,0.01,20.32,0.30,11246790665380920,11246790665401240,1781444304246603280,1781444304246623600
1962011,1974998,Host(NUMA 5),Device ?,0.01,22.56,0.36,11246790665433280,11246790665455840,1781444304246763170,1781444304246785730
1962011,1974998,Host(NUMA 5),Device ?,0.02,18.42,0.89,11246790665484920,11246790665503340,1781444304246943430,1781444304246961850
1962011,1974998,Host(NUMA 5),Device ?,0.02,17.46,0.94,11246790665532000,11246790665549460,1781444304247130370,1781444304247147830
1962011,1974998,Host(NUMA 5),Device ?,0.01,24.35,0.34,11246790665580380,11246790665604730,1781444304247282160,1781444304247306510
1962011,1974998,Host(NUMA 5),Device ?,0.01,19.81,0.41,11246790665637280,11246790665657090,1781444304247446120,1781444304247465930
1962011,1974998,Host(NUMA 5),Device ?,0.02,17.55,0.93,11246790665688910,11246790665706460,1781444304247612390,1781444304247629940
1962011,1974998,Host(NUMA 5),Device ?,0.02,18.79,0.87,11246790665737210,11246790665756000,1781444304247770510,1781444304247789300
1962011,1974998,Host(NUMA 5),Device ?,0.01,18.31,0.34,11246790665787270,11246790665805580,1781444304247931540,1781444304247949850
1962011,1974998,Host(NUMA 5),Device ?,0.01,19.11,0.43,11246790665835420,11246790665854530,1781444304248091400,1781444304248110510
1962011,1974998,Host(NUMA 5),Device ?,0.02,18.16,0.90,11246790665884370,11246790665902530,1781444304248253920,1781444304248272080
1962011,1974998,Host(NUMA 5),Device ?,0.02,19.30,0.85,11246790665933080,11246790665952380,1781444304248416720,1781444304248436020
1962011,1974998,Host(NUMA 5),Device ?,0.01,18.82,0.44,11246790665981040,11246790665999860,1781444304248578930,1781444304248597750
1962011,1974998,Host(NUMA 5),Device ?,0.01,19.85,0.41,11246790666028810,11246790666048660,1781444304248743870,1781444304248763720
1962011,1974998,Host(NUMA 5),Device ?,0.02,19.31,0.85,11246790666080150,11246790666099460,1781444304248907310,1781444304248926620
1962011,1974998,Host(NUMA 5),Device ?,0.02,18.43,0.89,11246790666129880,11246790666148310,1781444304249066780,1781444304249085210
1962011,1974998,Host(NUMA 5),Device ?,0.01,17.87,0.34,11246790666177110,11246790666194980,1781444304249225560,1781444304249243430
1962011,1974998,Host(NUMA 5),Device ?,0.01,21.62,0.38,11246790666221770,11246790666243390,1781444304249378450,1781444304249400070
1962011,1974998,Host(NUMA 5),Device ?,0.02,18.99,0.86,11246790666273300,11246790666292290,1781444304249538880,1781444304249557870
1962011,1974998,Host(NUMA 5),Device ?,0.02,17.78,0.92,11246790666322050,11246790666339830,1781444304249696450,1781444304249714230
1962011,1974998,Host(NUMA 5),Device ?,0.01,21.74,0.38,11246790666368540,11246790666390280,1781444304249864190,1781444304249885930
1962011,1974998,Host(NUMA 5),Device ?,0.01,19.48,0.42,11246790666423390,11246790666442870,1781444304250024590,1781444304250044070
1962011,1974998,Host(NUMA 5),Device ?,0.02,17.44,0.94,11246790666471660,11246790666489100,1781444304250183870,1781444304250201310
1962011,1974998,Host(NUMA 5),Device ?,0.02,17.53,0.93,11246790666517080,11246790666534610,1781444304250340370,1781444304250357900
1962011,1974998,Host(NUMA 5),Device ?,0.01,17.10,0.36,11246790666562990,11246790666580090,1781444304250497900,1781444304250515000
1962011,1974998,Host(NUMA 5),Device ?,0.01,22.55,0.36,11246790666606100,11246790666628650,1781444304250662550,1781444304250685100
1962011,1974998,Host(NUMA 5),Device ?,0.02,19.91,0.82,11246790666658410,11246790666678320,1781444304250823550,1781444304250843460
1962011,1974998,Host(NUMA 5),Device ?,0.02,20.14,0.81,11246790666710180,11246790666730320,1781444304251003230,1781444304251023370
1962011,1974998,Host(NUMA 5),Device ?,0.01,20.45,0.40,11246790666758760,11246790666779210,1781444304251179800,1781444304251200250
1962011,1974998,Host(NUMA 5),Device ?,0.01,18.18,0.45,11246790666807740,11246790666825920,1781444304251341130,1781444304251359310
1962011,1974998,Host(NUMA 5),Device ?,0.02,16.88,0.97,11246790666854680,11246790666871560,1781444304251500440,1781444304251517320
1962011,1974998,Host(NUMA 5),Device ?,0.02,24.38,0.67,11246790666901620,11246790666926000,1781444304251648720,1781444304251673100
1962011,1974998,Host(NUMA 5),Device ?,0.01,18.28,0.34,11246790666957410,11246790666975690,1781444304251811220,1781444304251829500
1962011,1974998,Host(NUMA 5),Device ?,0.01,22.36,0.37,11246790667004550,11246790667026910,1781444304251961870,1781444304251984230
1962011,1974998,Host(NUMA 5),Device ?,0.02,18.93,0.87,11246790667059630,11246790667078560,1781444304252121890,1781444304252140820
1962011,1974998,Host(NUMA 5),Device ?,0.02,18.23,0.90,11246790667107230,11246790667125460,1781444304252280750,1781444304252298980
1962011,1974998,Host(NUMA 5),Device ?,0.01,20.22,0.41,11246790667153110,11246790667173330,1781444304252440730,1781444304252460950
1962011,1974998,Host(NUMA 5),Device ?,0.01,18.75,0.44,11246790667202350,11246790667221100,1781444304252603290,1781444304252622040
1962011,1974998,Host(NUMA 5),Device ?,0.02,17.88,0.92,11246790667250790,11246790667268670,1781444304252762440,1781444304252780320
1962011,1974998,Host(NUMA 5),Device ?,0.02,17.74,0.92,11246790667297110,11246790667314850,1781444304252920410,1781444304252938150
1962011,1974998,Host(NUMA 5),Device ?,0.01,18.00,0.34,11246790667341770,11246790667359770,1781444304253088180,1781444304253106180
1962011,1974998,Host(NUMA 5),Device ?,0.01,24.52,0.33,11246790667390400,11246790667414920,1781444304253240650,1781444304253265170
1962011,1974998,Host(NUMA 5),Device ?,0.02,18.25,0.90,11246790667445440,11246790667463690,1781444304253405050,1781444304253423300
1962011,1974998,Host(NUMA 5),Device ?,0.02,17.26,0.95,11246790667491460,11246790667508720,1781444304253563090,1781444304253580350
1962011,1974998,Host(NUMA 5),Device ?,0.01,17.78,0.46,11246790667537150,11246790667554930,1781444304253721260,1781444304253739040
1962011,1974998,Host(NUMA 5),Device ?,0.01,18.74,0.44,11246790667584260,11246790667603000,1781444304253876090,1781444304253894830
1962011,1974998,Host(NUMA 5),Device ?,0.02,17.80,0.92,11246790667631760,11246790667649560,1781444304254032730,1781444304254050530
1962011,1974998,Host(NUMA 5),Device ?,0.02,20.16,0.81,11246790667678080,11246790667698240,1781444304254189320,1781444304254209480
1962011,1974998,Host(NUMA 5),Device ?,0.01,19.56,0.31,11246790667730020,11246790667749580,1781444304254350190,1781444304254369750
1962011,1974998,Host(NUMA 5),Device ?,0.01,22.87,0.36,11246790667780000,11246790667802870,1781444304254507770,1781444304254530640
1962011,1974998,Host(NUMA 5),Device ?,0.02,17.66,0.93,11246790667832020,11246790667849680,1781444304254670380,1781444304254688040
1962011,1974998,Host(NUMA 5),Device ?,0.02,19.56,0.84,11246790667877980,11246790667897540,1781444304254825250,1781444304254844810
1962011,1974998,Host(NUMA 5),Device ?,0.01,19.24,0.43,11246790667925060,11246790667944300,1781444304254996310,1781444304255015550
1962011,1974998,Host(NUMA 5),Device ?,0.01,17.54,0.47,11246790667972350,11246790667989890,1781444304255160000,1781444304255177540
1962011,1974998,Host(NUMA 5),Device ?,0.02,19.38,0.85,11246790668031560,11246790668050940,1781444304255313990,1781444304255333370
1962011,1974998,Host(NUMA 5),Device ?,0.02,18.11,0.90,11246790668085060,11246790668103170,1781444304255471980,1781444304255490090
1962011,1974998,Host(NUMA 5),Device ?,0.01,18.43,0.33,11246790668132410,11246790668150840,1781444304255626650,1781444304255645080
1962011,1974998,Host(NUMA 5),Device ?,0.01,22.16,0.37,11246790668179480,11246790668201640,1781444304255780390,1781444304255802550
1962011,1974998,Host(NUMA 5),Device ?,0.02,18.55,0.88,11246790668231210,11246790668249760,1781444304255940130,1781444304255958680
1962011,1974998,Host(NUMA 5),Device ?,0.02,16.66,0.98,11246790668279700,11246790668296360,1781444304256121360,1781444304256138020
1962011,1974998,Host(NUMA 5),Device ?,0.01,19.06,0.43,11246790668326930,11246790668345990,1781444304256285680,1781444304256304740
1962011,1974998,Host(NUMA 5),Device ?,0.01,20.25,0.40,11246790668376760,11246790668397010,1781444304256452910,1781444304256473160
1962011,1974998,Host(NUMA 5),Device ?,0.02,18.14,0.90,11246790668429900,11246790668448040,1781444304256613960,1781444304256632100
1962011,1974998,Host(NUMA 5),Device ?,0.02,18.82,0.87,11246790668477250,11246790668496070,1781444304256768600,1781444304256787420
1962011,1974998,Host(NUMA 5),Device ?,0.01,19.15,0.32,11246790668523970,11246790668543120,1781444304256946590,1781444304256965740
1962011,1974998,Host(NUMA 5),Device ?,0.01,26.07,0.31,11246790668575020,11246790668601090,1781444304257093670,1781444304257119740
1962011,1974998,Host(NUMA 5),Device ?,0.02,17.46,0.94,11246790668634810,11246790668652270,1781444304257258610,1781444304257276070
1962011,1974998,Host(NUMA 5),Device ?,0.02,18.29,0.90,11246790668681740,11246790668700030,1781444304257411740,1781444304257430030
1962011,1974998,Host(NUMA 5),Device ?,0.01,20.38,0.40,11246790668728810,11246790668749190,1781444304257565540,1781444304257585920
1962011,1974998,Host(NUMA 5),Device ?,0.01,18.99,0.43,11246790668778360,11246790668797350,1781444304257721630,1781444304257740620
1962011,1974998,Host(NUMA 5),Device ?,0.02,17.55,0.93,11246790668826100,11246790668843650,1781444304257879850,1781444304257897400
1962011,1974998,Host(NUMA 5),Device ?,0.02,16.89,0.97,11246790668872860,11246790668889750,1781444304258037460,1781444304258054350
1962011,1974998,Host(NUMA 5),Device ?,0.01,18.80,0.33,11246790668919400,11246790668938200,1781444304258189810,1781444304258208610
1962011,1974998,Host(NUMA 5),Device ?,0.01,20.72,0.40,11246790668966940,11246790668987660,1781444304258342090,1781444304258362810
1962011,1974998,Host(NUMA 5),Device ?,0.02,18.90,0.87,11246790669017070,11246790669035970,1781444304258497410,1781444304258516310
1962011,1974998,Host(NUMA 5),Device ?,0.02,17.57,0.93,11246790669064690,11246790669082260,1781444304258653380,1781444304258670950
1962011,1974998,Host(NUMA 5),Device ?,0.01,21.42,0.38,11246790669108770,11246790669130190,1781444304258803550,1781444304258824970
1962011,1974998,Host(NUMA 5),Device ?,0.01,19.74,0.41,11246790669156230,11246790669175970,1781444304258973450,1781444304258993190
1962011,1974998,Host(NUMA 5),Device ?,0.02,19.24,0.85,11246790669204080,11246790669223320,1781444304259133010,1781444304259152250
1962011,1974998,Host(NUMA 5),Device ?,0.02,18.27,0.90,11246790669253940,11246790669272210,1781444304259292180,1781444304259310450
1962011,1974998,Host(NUMA 5),Device ?,0.01,19.13,0.32,11246790669304050,11246790669323180,1781444304259447530,1781444304259466660
1962011,1974998,Host(NUMA 5),Device ?,0.01,23.38,0.35,11246790669355470,11246790669378850,1781444304259612640,1781444304259636020
1962011,1974998,Host(NUMA 5),Device ?,0.02,18.32,0.89,11246790669408480,11246790669426800,1781444304259774480,1781444304259792800
1962011,1974998,Host(NUMA 5),Device ?,0.02,18.04,0.91,11246790669454860,11246790669472900,1781444304259932170,1781444304259950210
1962011,1974998,Host(NUMA 5),Device ?,0.01,20.99,0.39,11246790669500920,11246790669521910,1781444304260083490,1781444304260104480
1962011,1974998,Host(NUMA 5),Device ?,0.01,16.22,0.51,11246790669549790,11246790669566010,1781444304260244100,1781444304260260320
1962011,1974998,Host(NUMA 5),Device ?,0.02,17.73,0.92,11246790669593180,11246790669610910,1781444304260396190,1781444304260413920
1962011,1974998,Host(NUMA 5),Device ?,0.02,17.32,0.95,11246790669639520,11246790669656840,1781444304260553030,1781444304260570350
1962011,1974998,Host(NUMA 5),Device ?,0.01,20.03,0.31,11246790669687550,11246790669707580,1781444304260703550,1781444304260723580
1962011,1974998,Host(NUMA 5),Device ?,0.01,20.00,0.41,11246790669735830,11246790669755830,1781444304260857450,1781444304260877450
1962011,1974998,Host(NUMA 5),Device ?,0.02,17.58,0.93,11246790669783690,11246790669801270,1781444304261016620,1781444304261034200
1962011,1974998,Host(NUMA 5),Device ?,0.02,17.02,0.96,11246790669828900,11246790669845920,1781444304261187190,1781444304261204210
1962011,1974998,Host(NUMA 5),Device ?,0.01,21.17,0.39,11246790669874200,11246790669895370,1781444304261339370,1781444304261360540
1962011,1974998,Host(NUMA 5),Device ?,0.01,19.98,0.41,11246790669928080,11246790669948060,1781444304261496470,1781444304261516450
1962011,1974998,Host(NUMA 5),Device ?,0.02,17.46,0.94,11246790669978640,11246790669996100,1781444304261656370,1781444304261673830
1962011,1974998,Host(NUMA 5),Device ?,0.02,18.40,0.89,11246790670026610,11246790670045010,1781444304261807260,1781444304261825660
1962011,1974998,Host(NUMA 5),Device ?,0.01,18.37,0.33,11246790670075520,11246790670093890,1781444304261975940,1781444304261994310
1962011,1974998,Host(NUMA 5),Device ?,0.01,21.10,0.39,11246790670124730,11246790670145830,1781444304262127840,1781444304262148940
1962011,1974998,Host(NUMA 5),Device ?,0.02,18.54,0.88,11246790670174330,11246790670192870,1781444304262287470,1781444304262306010
1962011,1974998,Host(NUMA 5),Device ?,0.02,18.51,0.89,11246790670222180,11246790670240690,1781444304262444350,1781444304262462860
1962011,1974998,Host(NUMA 5),Device ?,0.01,20.23,0.40,11246790670270490,11246790670290720,1781444304262593270,1781444304262613500
1962011,1974998,Host(NUMA 5),Device ?,0.01,18.66,0.44,11246790670321130,11246790670339790,1781444304262759460,1781444304262778120
1962011,1974998,Host(NUMA 5),Device ?,0.02,19.15,0.86,11246790670371640,11246790670390790,1781444304262926100,1781444304262945250
1962011,1974998,Host(NUMA 5),Device ?,0.02,18.18,0.90,11246790670422010,11246790670440190,1781444304263088010,1781444304263106190
1962011,1974998,Host(NUMA 5),Device ?,0.01,20.78,0.30,11246790670470390,11246790670491170,1781444304263243990,1781444304263264770
1962011,1974998,Host(NUMA 5),Device ?,0.01,23.00,0.36,11246790670525340,11246790670548340,1781444304263394140,1781444304263417140
1962011,1974998,Host(NUMA 5),Device ?,0.02,19.28,0.85,11246790670580800,11246790670600080,1781444304263548930,1781444304263568210
1962011,1974998,Host(NUMA 5),Device ?,0.02,19.82,0.83,11246790670631260,11246790670651080,1781444304263702980,1781444304263722800
1962011,1974998,Host(NUMA 5),Device ?,0.01,20.64,0.40,11246790670684660,11246790670705300,1781444304263857830,1781444304263878470
1962011,1974998,Host(NUMA 5),Device ?,0.01,19.32,0.42,11246790670735420,11246790670754740,1781444304264012910,1781444304264032230
1962011,1974998,Host(NUMA 5),Device ?,0.02,19.15,0.86,11246790670786580,11246790670805730,1781444304264168730,1781444304264187880
1962011,1974998,Host(NUMA 5),Device ?,0.02,19.80,0.83,11246790670838820,11246790670858620,1781444304264320560,1781444304264340360
1962011,1974998,Host(NUMA 5),Device ?,0.01,19.90,0.31,11246790670889160,11246790670909060,1781444304264473920,1781444304264493820
1962011,1974998,Host(NUMA 5),Device ?,0.01,23.14,0.35,11246790670940920,11246790670964060,1781444304264624360,1781444304264647500
1962011,1974998,Host(NUMA 5),Device ?,0.02,19.58,0.84,11246790670997310,11246790671016890,1781444304264784700,1781444304264804280
1962011,1974998,Host(NUMA 5),Device ?,0.02,19.24,0.85,11246790671049340,11246790671068580,1781444304264938900,1781444304264958140
1962011,1974998,Host(NUMA 5),Device ?,0.01,19.75,0.41,11246790671099360,11246790671119110,1781444304265093110,1781444304265112860
1962011,1974998,Host(NUMA 5),Device ?,0.01,19.91,0.41,11246790671151880,11246790671171790,1781444304265245210,1781444304265265120
1962011,1974998,Host(NUMA 5),Device ?,0.02,19.50,0.84,11246790671203720,11246790671223220,1781444304265397680,1781444304265417180
1962011,1974998,Host(NUMA 5),Device ?,0.02,19.08,0.86,11246790671254280,11246790671273360,1781444304265550110,1781444304265569190
1962011,1974998,Host(NUMA 5),Device ?,0.01,18.82,0.33,11246790671304990,11246790671323810,1781444304265707470,1781444304265726290
1962011,1974998,Host(NUMA 5),Device ?,0.01,19.38,0.42,11246790671352990,11246790671372370,1781444304265873760,1781444304265893140
1962011,1974998,Host(NUMA 5),Device ?,0.02,18.24,0.90,11246790671403070,11246790671421310,1781444304266043120,1781444304266061360
1962011,1974998,Host(NUMA 5),Device ?,0.02,18.01,0.91,11246790671450150,11246790671468160,1781444304266198840,1781444304266216850
1962011,1974998,Host(NUMA 5),Device ?,0.01,20.82,0.39,11246790671498470,11246790671519290,1781444304266349750,1781444304266370570
1962011,1974998,Host(NUMA 5),Device ?,0.01,19.61,0.42,11246790671549710,11246790671569320,1781444304266505530,1781444304266525140
1962011,1974998,Host(NUMA 5),Device ?,0.02,19.98,0.82,11246790671600260,11246790671620240,1781444304266658350,1781444304266678330
1962011,1974998,Host(NUMA 5),Device ?,0.02,20.46,0.80,11246790671652350,11246790671672810,1781444304266814020,1781444304266834480
1962011,1974998,Host(NUMA 5),Device ?,0.01,19.23,0.32,11246790671705210,11246790671724440,1781444304266997790,1781444304267017020
1962011,1974998,Host(NUMA 5),Device ?,0.01,24.17,0.34,11246790671755240,11246790671779410,1781444304267154330,1781444304267178500
1962011,1974998,Host(NUMA 5),Device ?,0.02,20.90,0.78,11246790671812110,11246790671833010,1781444304267312360,1781444304267333260
1962011,1974998,Host(NUMA 5),Device ?,0.02,20.07,0.82,11246790671865160,11246790671885230,1781444304267485210,1781444304267505280
1962011,1974998,Host(NUMA 5),Device ?,0.01,22.60,0.36,11246790671916560,11246790671939160,1781444304267641400,1781444304267664000
1962011,1974998,Host(NUMA 5),Device ?,0.01,24.13,0.34,11246790671971660,11246790671995790,1781444304267794120,1781444304267818250
1962011,1974998,Host(NUMA 5),Device ?,0.02,19.77,0.83,11246790672044080,11246790672063850,1781444304267972090,1781444304267991860
1962011,1974998,Host(NUMA 5),Device ?,0.02,19.85,0.83,11246790672095090,11246790672114940,1781444304268126130,1781444304268145980
1962011,1974998,Host(NUMA 5),Device ?,0.01,19.56,0.31,11246790672146260,11246790672165820,1781444304268278560,1781444304268298120
1962011,1974998,Host(NUMA 5),Device ?,0.01,23.89,0.34,11246790672197520,11246790672221410,1781444304268430130,1781444304268454020
1962011,1974998,Host(NUMA 5),Device ?,0.02,18.03,0.91,11246790672252870,11246790672270900,1781444304268592350,1781444304268610380
1962011,1974998,Host(NUMA 5),Device ?,0.02,18.14,0.90,11246790672303050,11246790672321190,1781444304268747340,1781444304268765480
1962011,1974998,Host(NUMA 5),Device ?,0.01,24.03,0.34,11246790672356260,11246790672380290,1781444304268896450,1781444304268920480
1962011,1974998,Host(NUMA 5),Device ?,0.01,22.56,0.36,11246790672410760,11246790672433320,1781444304269067090,1781444304269089650
1962011,1974998,Host(NUMA 5),Device ?,0.02,20.92,0.78,11246790672466910,11246790672487830,1781444304269223610,1781444304269244530
1962011,1974998,Host(NUMA 5),Device ?,0.02,20.18,0.81,11246790672521240,11246790672541420,1781444304269377880,1781444304269398060
1962011,1974998,Host(NUMA 5),Device ?,0.01,19.41,0.32,11246790672571670,11246790672591080,1781444304269534050,1781444304269553460
1962011,1974998,Host(NUMA 5),Device ?,0.01,22.38,0.37,11246790672623400,11246790672645780,1781444304269686180,1781444304269708560
1962011,1974998,Host(NUMA 5),Device ?,0.02,20.44,0.80,11246790672678590,11246790672699030,1781444304269841990,1781444304269862430
1962011,1974998,Host(NUMA 5),Device ?,0.02,19.09,0.86,11246790672731570,11246790672750660,1781444304269997990,1781444304270017080
1962011,1974998,Host(NUMA 5),Device ?,0.01,22.45,0.36,11246790672781550,11246790672804000,1781444304270150040,1781444304270172490
1962011,1974998,Host(NUMA 5),Device ?,0.01,19.90,0.41,11246790672838360,11246790672858260,1781444304270306880,1781444304270326780
1962011,1974998,Host(NUMA 5),Device ?,0.02,19.98,0.82,11246790672890080,11246790672910060,1781444304270462280,1781444304270482260
1962011,1974998,Host(NUMA 5),Device ?,0.02,18.50,0.89,11246790672941700,11246790672960200,1781444304270620920,1781444304270639420
1962011,1974998,Host(NUMA 5),Device ?,0.01,20.22,0.30,11246790672992220,11246790673012440,1781444304270775650,1781444304270795870
1962011,1974998,Host(NUMA 5),Device ?,0.01,19.31,0.42,11246790673042570,11246790673061880,1781444304270948640,1781444304270967950
1962011,1974998,Host(NUMA 5),Device ?,0.02,17.64,0.93,11246790673093510,11246790673111150,1781444304271130330,1781444304271147970
1962011,1974998,Host(NUMA 5),Device ?,0.02,20.39,0.80,11246790673141490,11246790673161880,1781444304271290870,1781444304271311260
1962011,1974998,Host(NUMA 5),Device ?,0.01,22.55,0.36,11246790673192140,11246790673214690,1781444304271447570,1781444304271470120
1962011,1974998,Host(NUMA 5),Device ?,0.01,18.73,0.44,11246790673245990,11246790673264720,1781444304271613810,1781444304271632540
1962011,1974998,Host(NUMA 5),Device ?,0.02,20.30,0.81,11246790673296760,11246790673317060,1781444304271768510,1781444304271788810
1962011,1974998,Host(NUMA 5),Device ?,0.02,18.51,0.89,11246790673348500,11246790673367010,1781444304271925390,1781444304271943900
1962011,1974998,Host(NUMA 5),Device ?,0.01,19.15,0.32,11246790673398270,11246790673417420,1781444304272079530,1781444304272098680
1962011,1974998,Host(NUMA 5),Device ?,0.01,18.43,0.44,11246790673447340,11246790673465770,1781444304272249330,1781444304272267760
1962011,1974998,Host(NUMA 5),Device ?,0.02,18.55,0.88,11246790673495820,11246790673514370,1781444304272406290,1781444304272424840
1962011,1974998,Host(NUMA 5),Device ?,0.02,18.75,0.87,11246790673543810,11246790673562560,1781444304272565510,1781444304272584260
1962011,1974998,Host(NUMA 5),Device ?,0.01,19.44,0.42,11246790673593110,11246790673612550,1781444304272724500,1781444304272743940
1962011,1974998,Host(NUMA 5),Device ?,0.01,20.07,0.41,11246790673642340,11246790673662410,1781444304272879340,1781444304272899410
1962011,1974998,Host(NUMA 5),Device ?,0.02,18.81,0.87,11246790673693010,11246790673711820,1781444304273039090,1781444304273057900
1962011,1974998,Host(NUMA 5),Device ?,0.02,18.69,0.88,11246790673741480,11246790673760170,1781444304273206740,1781444304273225430
1962011,1974998,Host(NUMA 5),Device ?,0.01,20.30,0.30,11246790673793430,11246790673813730,1781444304273363220,1781444304273383520
1962011,1974998,Host(NUMA 5),Device ?,0.01,19.55,0.42,11246790673843500,11246790673863050,1781444304273518820,1781444304273538370
1962011,1974998,Host(NUMA 5),Device ?,0.02,18.46,0.89,11246790673893050,11246790673911510,1781444304273677450,1781444304273695910
1962011,1974998,Host(NUMA 5),Device ?,0.02,19.78,0.83,11246790673942170,11246790673961950,1781444304273833140,1781444304273852920
1962011,1974998,Host(NUMA 5),Device ?,0.01,23.24,0.35,11246790673992780,11246790674016020,1781444304273986060,1781444304274009300
1962011,1974998,Host(NUMA 5),Device ?,0.01,18.73,0.44,11246790674049010,11246790674067740,1781444304274144430,1781444304274163160
1962011,1974998,Host(NUMA 5),Device ?,0.02,19.40,0.84,11246790674097850,11246790674117250,1781444304274299900,1781444304274319300
1962011,1974998,Host(NUMA 5),Device ?,0.02,19.22,0.85,11246790674147180,11246790674166400,1781444304274456490,1781444304274475710
1961715,1975287,Host(NUMA 3),Device ?,12.00,698.92,18.00,11246790662906020,11246790663604940,1781444304274072960,1781444304274771880
1961715,1975287,Host(NUMA 3),Device ?,4.00,728.17,5.76,11246790663660310,11246790664388480,1781444304274237790,1781444304274965960
1961715,1975287,Host(NUMA 3),Device ?,16.00,1153.08,14.55,11246790664440930,11246790665594010,1781444304273981660,1781444304275134740
1961715,1975287,Host(NUMA 3),Device ?,16.00,1226.08,13.68,11246790665652880,11246790666878960,1781444304274070040,1781444304275296120
1961715,1975287,Host(NUMA 3),Device ?,12.00,756.65,16.63,11246790666936640,11246790667693290,1781444304274699670,1781444304275456320
1961715,1975287,Host(NUMA 3),Device ?,4.00,820.66,5.11,11246790667747220,11246790668567880,1781444304274812190,1781444304275632850
1961715,1975287,Host(NUMA 3),Device ?,16.00,2603.71,6.44,11246790668620710,11246790671224420,1781444304273192700,1781444304275796410
1961715,1975287,Host(NUMA 3),Device ?,16.00,1336.81,12.55,11246790671285980,11246790672622790,1781444304274623970,1781444304275960780
1961715,1975287,Host(NUMA 3),Device ?,12.00,694.86,18.11,11246790672676130,11246790673370990,1781444304275421050,1781444304276115910
1961715,1975287,Host(NUMA 3),Device ?,4.00,752.52,5.57,11246790673415310,11246790674167830,1781444304275537310,1781444304276289830
1961715,1975287,Host(NUMA 3),Device ?,16.00,1112.39,15.08,11246790674210570,11246790675322960,1781444304275343160,1781444304276455550
1961715,1975287,Host(NUMA 3),Device ?,16.00,1103.10,15.21,11246790675372460,11246790676475560,1781444304275514900,1781444304276618000
1961715,1975287,Host(NUMA 3),Device ?,12.00,643.53,19.55,11246790676528090,11246790677171620,1781444304276134040,1781444304276777570
1961715,1975287,Host(NUMA 3),Device ?,4.00,395.84,10.60,11246790677214410,11246790677610250,1781444304276537740,1781444304276933580
1961715,1975287,Host(NUMA 3),Device ?,16.00,1153.23,14.55,11246790677653980,11246790678807210,1781444304275940020,1781444304277093250
1961715,1975287,Host(NUMA 3),Device ?,16.00,1099.34,15.26,11246790678860290,11246790679959630,1781444304276152450,1781444304277251790
1961715,1975287,Host(NUMA 3),Device ?,12.00,771.64,16.31,11246790680022620,11246790680794260,1781444304276634360,1781444304277406000
1961715,1975287,Host(NUMA 3),Device ?,4.00,412.10,10.18,11246790680840850,11246790681252950,1781444304277150710,1781444304277562810
1961715,1975287,Host(NUMA 3),Device ?,16.00,1139.99,14.72,11246790681295780,11246790682435770,1781444304276591060,1781444304277731050
1961715,1975287,Host(NUMA 3),Device ?,16.00,1127.15,14.88,11246790682488840,11246790683615990,1781444304276763820,1781444304277890970
1961715,1975287,Host(NUMA 3),Device ?,12.00,636.15,19.78,11246790683667610,11246790684303760,1781444304277413980,1781444304278050130
1961715,1975287,Host(NUMA 3),Device ?,4.00,376.85,11.13,11246790684346400,11246790684723250,1781444304277829730,1781444304278206580
1961715,1975287,Host(NUMA 3),Device ?,16.00,1256.26,13.35,11246790684769200,11246790686025460,1781444304277107440,1781444304278363700
1961715,1975287,Host(NUMA 3),Device ?,16.00,1240.03,13.53,11246790686075390,11246790687315420,1781444304277284300,1781444304278524330
1961715,1975287,Host(NUMA 3),Device ?,12.00,761.92,16.51,11246790687368220,11246790688130140,1781444304277921330,1781444304278683250
1961715,1975287,Host(NUMA 3),Device ?,4.00,436.65,9.61,11246790688177620,11246790688614270,1781444304278419030,1781444304278855680
1961715,1975287,Host(NUMA 3),Device ?,16.00,1154.34,14.53,11246790688662580,11246790689816920,1781444304277913140,1781444304279067480
1961715,1975287,Host(NUMA 3),Device ?,16.00,1057.87,15.86,11246790689874320,11246790690932190,1781444304278172400,1781444304279230270
1961715,1975287,Host(NUMA 3),Device ?,12.00,647.65,19.43,11246790690983950,11246790691631600,1781444304278744580,1781444304279392230
1961715,1975287,Host(NUMA 3),Device ?,4.00,656.19,6.39,11246790691681540,11246790692337730,1781444304278895850,1781444304279552040
1961715,1975287,Host(NUMA 3),Device ?,16.00,1017.63,16.49,11246790692383400,11246790693401030,1781444304278692880,1781444304279710510
1961715,1975287,Host(NUMA 3),Device ?,16.00,1033.95,16.23,11246790693450390,11246790694484340,1781444304278838180,1781444304279872130
1961715,1975287,Host(NUMA 3),Device ?,12.00,712.54,17.66,11246790694536880,11246790695249420,1781444304279317710,1781444304280030250
1961715,1975287,Host(NUMA 3),Device ?,4.00,329.23,12.74,11246790695295890,11246790695625120,1781444304279859510,1781444304280188740
1961715,1975287,Host(NUMA 3),Device ?,16.00,1071.93,15.65,11246790695669320,11246790696741250,1781444304279277740,1781444304280349670
1961715,1975287,Host(NUMA 3),Device ?,16.00,903.50,18.57,11246790696790520,11246790697694020,1781444304279602360,1781444304280505860
1961715,1975287,Host(NUMA 3),Device ?,12.00,677.32,18.58,11246790697742960,11246790698420280,1781444304279986310,1781444304280663630
1961715,1975287,Host(NUMA 3),Device ?,4.00,320.12,13.10,11246790698465820,11246790698785940,1781444304280506700,1781444304280826820
1961715,1975287,Host(NUMA 3),Device ?,16.00,881.50,19.03,11246790698830890,11246790699712390,1781444304280105950,1781444304280987450
1961715,1975287,Host(NUMA 3),Device ?,16.00,893.94,18.77,11246790699761170,11246790700655110,1781444304280250910,1781444304281144850
1961715,1975287,Host(NUMA 3),Device ?,12.00,638.93,19.69,11246790700706530,11246790701345460,1781444304280679380,1781444304281318310
1961715,1975287,Host(NUMA 3),Device ?,4.00,310.38,13.51,11246790701390110,11246790701700490,1781444304281167260,1781444304281477640
1961715,1975287,Host(NUMA 3),Device ?,16.00,894.36,18.76,11246790701743120,11246790702637480,1781444304280739390,1781444304281633750
1961715,1975287,Host(NUMA 3),Device ?,16.00,992.57,16.90,11246790702685570,11246790703678140,1781444304280801150,1781444304281793720
1961715,1975287,Host(NUMA 3),Device ?,12.00,634.24,19.84,11246790703726090,11246790704360330,1781444304281321290,1781444304281955530
1961715,1975287,Host(NUMA 3),Device ?,4.00,348.28,12.04,11246790704404910,11246790704753190,1781444304281781030,1781444304282129310
1961715,1975287,Host(NUMA 3),Device ?,16.00,983.48,17.06,11246790704797430,11246790705780910,1781444304281306660,1781444304282290140
1961715,1975287,Host(NUMA 3),Device ?,16.00,966.60,17.36,11246790705829850,11246790706796450,1781444304281481570,1781444304282448170
1961715,1975287,Host(NUMA 3),Device ?,12.00,739.86,17.01,11246790706845490,11246790707585350,1781444304281867920,1781444304282607780
1961644,1975092,Host(NUMA 4),Device ?,16.00,890.38,18.84,11246790662560320,11246790663450700,1781444304281877250,1781444304282767630
1961644,1975092,Host(NUMA 4),Device ?,12.00,634.28,19.84,11246790663497140,11246790664131420,1781444304282331520,1781444304282965800
1961644,1975092,Host(NUMA 4),Device ?,4.00,308.61,13.59,11246790664170160,11246790664478770,1781444304282829470,1781444304283138080
1961644,1975092,Host(NUMA 4),Device ?,16.00,867.45,19.34,11246790664516200,11246790665383650,1781444304282435810,1781444304283303260
1961644,1975092,Host(NUMA 4),Device ?,16.00,925.83,18.12,11246790665427190,11246790666353020,1781444304282535150,1781444304283460980
1961644,1975092,Host(NUMA 4),Device ?,12.00,595.94,21.11,11246790666396740,11246790666992680,1781444304283021610,1781444304283617550
1961644,1975092,Host(NUMA 4),Device ?,4.00,325.19,12.90,11246790667031800,11246790667356990,1781444304283449840,1781444304283775030
1961644,1975092,Host(NUMA 4),Device ?,16.00,960.18,17.47,11246790667397680,11246790668357860,1781444304282974550,1781444304283934730
1961644,1975092,Host(NUMA 4),Device ?,16.00,847.41,19.80,11246790668404560,11246790669251970,1781444304283246830,1781444304284094240
1961644,1975092,Host(NUMA 4),Device ?,12.00,593.68,21.19,11246790669295740,11246790669889420,1781444304283659990,1781444304284253670
1961644,1975092,Host(NUMA 4),Device ?,4.00,312.99,13.40,11246790669926730,11246790670239720,1781444304284097170,1781444304284410160
1961644,1975092,Host(NUMA 4),Device ?,16.00,998.71,16.80,11246790670276700,11246790671275410,1781444304283578830,1781444304284577540
1961644,1975092,Host(NUMA 4),Device ?,16.00,965.23,17.38,11246790671319750,11246790672284980,1781444304283768110,1781444304284733340
1961644,1975092,Host(NUMA 4),Device ?,12.00,670.13,18.78,11246790672326730,11246790672996860,1781444304284224840,1781444304284894970
1961644,1975092,Host(NUMA 4),Device ?,4.00,335.82,12.49,11246790673036840,11246790673372660,1781444304284720190,1781444304285056010
1961644,1975092,Host(NUMA 4),Device ?,16.00,858.90,19.53,11246790673408860,11246790674267760,1781444304284353240,1781444304285212140
1961644,1975092,Host(NUMA 4),Device ?,16.00,878.06,19.11,11246790674309150,11246790675187210,1781444304284506420,1781444304285384480
1961644,1975092,Host(NUMA 4),Device ?,12.00,658.99,19.09,11246790675227410,11246790675886400,1781444304284889020,1781444304285548010
1961644,1975092,Host(NUMA 4),Device ?,4.00,305.48,13.73,11246790675922450,11246790676227930,1781444304285399830,1781444304285705310
1961644,1975092,Host(NUMA 4),Device ?,16.00,888.67,18.88,11246790676267970,11246790677156640,1781444304284973890,1781444304285862560
1961644,1975092,Host(NUMA 4),Device ?,16.00,1137.42,14.75,11246790677201030,11246790678338450,1781444304284882760,1781444304286020180
1961644,1975092,Host(NUMA 4),Device ?,12.00,596.41,21.10,11246790678384910,11246790678981320,1781444304285583900,1781444304286180310
1961644,1975092,Host(NUMA 4),Device ?,4.00,323.07,12.98,11246790679021550,11246790679344620,1781444304286028940,1781444304286352010
1961644,1975092,Host(NUMA 4),Device ?,16.00,1164.43,14.41,11246790679384690,11246790680549120,1781444304285346330,1781444304286510760
1961644,1975092,Host(NUMA 4),Device ?,16.00,844.32,19.87,11246790680590660,11246790681434980,1781444304285826710,1781444304286671030
1961644,1975092,Host(NUMA 4),Device ?,12.00,595.30,21.14,11246790681478840,11246790682074140,1781444304286234330,1781444304286829630
1961644,1975092,Host(NUMA 4),Device ?,4.00,303.88,13.80,11246790682112580,11246790682416460,1781444304286696060,1781444304286999940
1961644,1975092,Host(NUMA 4),Device ?,16.00,932.95,17.98,11246790682451690,11246790683384640,1781444304286229510,1781444304287162460
1961644,1975092,Host(NUMA 4),Device ?,16.00,1051.79,15.95,11246790683424520,11246790684476310,1781444304286284200,1781444304287335990
1961644,1975092,Host(NUMA 4),Device ?,12.00,588.94,21.37,11246790684518880,11246790685107820,1781444304286904620,1781444304287493560
1961644,1975092,Host(NUMA 4),Device ?,4.00,533.30,7.86,11246790685148240,11246790685681540,1781444304287115660,1781444304287648960
1961644,1975092,Host(NUMA 4),Device ?,16.00,971.42,17.27,11246790685717230,11246790686688650,1781444304286838510,1781444304287809930
1961644,1975092,Host(NUMA 4),Device ?,16.00,1360.02,12.34,11246790686731820,11246790688091840,1781444304286609870,1781444304287969890
1961644,1975092,Host(NUMA 4),Device ?,12.00,716.94,17.55,11246790688133740,11246790688850680,1781444304287409320,1781444304288126260
1961644,1975092,Host(NUMA 4),Device ?,4.00,658.52,6.37,11246790688889160,11246790689547680,1781444304287625890,1781444304288284410
1961644,1975092,Host(NUMA 4),Device ?,16.00,951.74,17.63,11246790689585280,11246790690537020,1781444304287490110,1781444304288441850
1961644,1975092,Host(NUMA 4),Device ?,16.00,975.41,17.20,11246790690582050,11246790691557460,1781444304287640130,1781444304288615540
1961644,1975092,Host(NUMA 4),Device ?,12.00,596.55,21.09,11246790691599610,11246790692196160,1781444304288179330,1781444304288775880
1961644,1975092,Host(NUMA 4),Device ?,4.00,637.42,6.58,11246790692234400,11246790692871820,1781444304288294950,1781444304288932370
1961644,1975092,Host(NUMA 4),Device ?,16.00,1034.25,16.22,11246790692910160,11246790693944410,1781444304288057860,1781444304289092110
1961644,1975092,Host(NUMA 4),Device ?,16.00,1025.75,16.36,11246790693988720,11246790695014470,1781444304288225810,1781444304289251560
1961644,1975092,Host(NUMA 4),Device ?,12.00,629.99,19.97,11246790695058800,11246790695688790,1781444304288780940,1781444304289410930
1961644,1975092,Host(NUMA 4),Device ?,4.00,637.60,6.58,11246790695728040,11246790696365640,1781444304288934080,1781444304289571680
1961644,1975092,Host(NUMA 4),Device ?,16.00,939.85,17.85,11246790696405270,11246790697345120,1781444304288790760,1781444304289730610
1961644,1975092,Host(NUMA 4),Device ?,16.00,860.98,19.49,11246790697387930,11246790698248910,1781444304289028890,1781444304289889870
1961644,1975092,Host(NUMA 4),Device ?,12.00,602.52,20.88,11246790698293210,11246790698895730,1781444304289444050,1781444304290046570
1961644,1975092,Host(NUMA 4),Device ?,4.00,311.80,13.45,11246790698933430,11246790699245230,1781444304289913700,1781444304290225500
1961644,1975092,Host(NUMA 4),Device ?,16.00,870.91,19.26,11246790699284140,11246790700155050,1781444304289516880,1781444304290387790
1961644,1975092,Host(NUMA 4),Device ?,16.00,1038.20,16.16,11246790700200880,11246790701239080,1781444304289511860,1781444304290550060
1961644,1975092,Host(NUMA 4),Device ?,12.00,623.26,20.19,11246790701281310,11246790701904570,1781444304290086420,1781444304290709680
1961644,1975092,Host(NUMA 4),Device ?,4.00,316.03,13.27,11246790701942500,11246790702258530,1781444304290551210,1781444304290867240
1961644,1975092,Host(NUMA 4),Device ?,16.00,895.37,18.74,11246790702295360,11246790703190730,1781444304290150450,1781444304291045820
1961644,1975092,Host(NUMA 4),Device ?,16.00,1035.46,16.20,11246790703234230,11246790704269690,1781444304290194400,1781444304291229860
1961644,1975092,Host(NUMA 4),Device ?,12.00,597.70,21.05,11246790704314030,11246790704911730,1781444304290791240,1781444304291388940
1961644,1975092,Host(NUMA 4),Device ?,4.00,340.30,12.33,11246790704949080,11246790705289380,1781444304291204450,1781444304291544750
1961644,1975092,Host(NUMA 4),Device ?,16.00,997.14,16.83,11246790705326590,11246790706323730,1781444304290702280,1781444304291699420
1961644,1975092,Host(NUMA 4),Device ?,16.00,940.06,17.85,11246790706370380,11246790707310440,1781444304290927560,1781444304291867620
1961644,1975092,Host(NUMA 4),Device ?,12.00,696.93,18.05,11246790707354180,11246790708051110,1781444304291332220,1781444304292029150
1961644,1975092,Host(NUMA 4),Device ?,4.00,341.39,12.29,11246790708090030,11246790708431420,1781444304291850200,1781444304292191590
1961644,1975092,Host(NUMA 4),Device ?,16.00,895.19,18.74,11246790708468640,11246790709363830,1781444304291454790,1781444304292349980
1961644,1975092,Host(NUMA 4),Device ?,16.00,884.72,18.96,11246790709407340,11246790710292060,1781444304291622240,1781444304292506960
1961644,1975092,Host(NUMA 4),Device ?,12.00,603.07,20.86,11246790710336220,11246790710939290,1781444304292060870,1781444304292663940
1961644,1975092,Host(NUMA 4),Device ?,4.00,311.14,13.48,11246790710978780,11246790711289920,1781444304292513300,1781444304292824440
1961644,1975092,Host(NUMA 4),Device ?,16.00,1360.04,12.34,11246790711328400,11246790712688440,1781444304291622310,1781444304292982350
1961644,1975092,Host(NUMA 4),Device ?,16.00,878.09,19.11,11246790712734090,11246790713612180,1781444304292261850,1781444304293139940
1961644,1975092,Host(NUMA 4),Device ?,12.00,629.56,19.99,11246790713657370,11246790714286930,1781444304292670020,1781444304293299580
1961644,1975092,Host(NUMA 4),Device ?,4.00,325.63,12.88,11246790714328840,11246790714654470,1781444304293132470,1781444304293458100
1961644,1975092,Host(NUMA 4),Device ?,16.00,868.01,19.33,11246790714693700,11246790715561710,1781444304292750450,1781444304293618460
1961644,1975092,Host(NUMA 4),Device ?,16.00,1432.35,11.71,11246790715604750,11246790717037100,1781444304292344480,1781444304293776830
1961644,1975092,Host(NUMA 4),Device ?,12.00,607.25,20.72,11246790717084800,11246790717692050,1781444304293324980,1781444304293932230
1961644,1975092,Host(NUMA 4),Device ?,4.00,327.08,12.82,11246790717732650,11246790718059730,1781444304293761310,1781444304294088390
1961938,1977428,Host(NUMA 4),Device ?,509.88,60720.18,8.81,11246790625818950,11246790686539130,1781444304233552620,1781444304294272800
1961938,1977428,Host(NUMA 4),Device ?,12.00,2046.93,6.15,11246790686635730,11246790688682660,1781444304292362920,1781444304294409850
1961938,1977428,Host(NUMA 4),Device ?,4.00,638.48,6.57,11246790688743310,11246790689381790,1781444304293898130,1781444304294536610
1961938,1977428,Host(NUMA 4),Device ?,16.00,1970.69,8.51,11246790689432510,11246790691403200,1781444304292692160,1781444304294662850
1961938,1977428,Host(NUMA 4),Device ?,16.00,1867.66,8.98,11246790691466120,11246790693333780,1781444304292919940,1781444304294787600
1961938,1977428,Host(NUMA 4),Device ?,12.00,1030.50,12.21,11246790693388140,11246790694418640,1781444304293880670,1781444304294911170
1961938,1977428,Host(NUMA 4),Device ?,4.00,869.72,4.82,11246790694467080,11246790695336800,1781444304294184270,1781444304295053990
1961938,1977428,Host(NUMA 4),Device ?,16.00,2033.31,8.25,11246790695389420,11246790697422730,1781444304293152100,1781444304295185410
1961938,1977428,Host(NUMA 4),Device ?,16.00,1739.50,9.64,11246790697487300,11246790699226800,1781444304293574920,1781444304295314420
1961938,1977428,Host(NUMA 4),Device ?,12.00,916.38,13.73,11246790699290410,11246790700206790,1781444304294523090,1781444304295439470
1961938,1977428,Host(NUMA 4),Device ?,4.00,1159.10,3.62,11246790700261490,11246790701420590,1781444304294404980,1781444304295564080
1961938,1977428,Host(NUMA 4),Device ?,16.00,3865.50,4.34,11246790701470730,11246790705336230,1781444304291823700,1781444304295689200
1961938,1977428,Host(NUMA 4),Device ?,16.00,2917.09,5.75,11246790705396850,11246790708313940,1781444304292919840,1781444304295836930
1961938,1977428,Host(NUMA 4),Device ?,12.00,939.40,13.39,11246790708375980,11246790709315380,1781444304295025110,1781444304295964510
1961938,1977428,Host(NUMA 4),Device ?,4.00,1085.45,3.86,11246790709369310,11246790710454760,1781444304295002520,1781444304296087970
1961938,1977428,Host(NUMA 4),Device ?,16.00,3268.99,5.13,11246790710508560,11246790713777550,1781444304292944150,1781444304296213140
1961938,1977428,Host(NUMA 4),Device ?,16.00,4008.82,4.19,11246790713843200,11246790717852020,1781444304292331020,1781444304296339840
1961938,1977428,Host(NUMA 4),Device ?,12.00,893.44,14.08,11246790717918800,11246790718812240,1781444304295569660,1781444304296463100
1961938,1977428,Host(NUMA 4),Device ?,4.00,1332.82,3.15,11246790718865150,11246790720197970,1781444304295256220,1781444304296589040
1962011,1974998,Host(NUMA 5),Device ?,509.88,28247.44,18.93,11246790674351690,11246790702599130,1781444304268510180,1781444304296757620
1962011,1974998,Host(NUMA 5),Device ?,24.00,1393.01,18.07,11246790702659160,11246790704052170,1781444304295540000,1781444304296933010
1962011,1974998,Host(NUMA 5),Device ?,8.00,613.98,13.66,11246790704098050,11246790704712030,1781444304296482250,1781444304297096230
1962011,1974998,Host(NUMA 5),Device ?,32.00,1870.84,17.94,11246790704763060,11246790706633900,1781444304295388130,1781444304297258970
1962011,1974998,Host(NUMA 5),Device ?,32.00,1825.97,18.38,11246790706683250,11246790708509220,1781444304295588310,1781444304297414280
1962011,1974998,Host(NUMA 5),Device ?,24.00,1468.34,17.14,11246790708555300,11246790710023640,1781444304296103040,1781444304297571380
1962011,1974998,Host(NUMA 5),Device ?,8.00,525.04,15.98,11246790710067720,11246790710592760,1781444304297204770,1781444304297729810
1962011,1974998,Host(NUMA 5),Device ?,32.00,1891.03,17.74,11246790710636110,11246790712527140,1781444304295997380,1781444304297888410
1962011,1974998,Host(NUMA 5),Device ?,32.00,1894.57,17.71,11246790712572350,11246790714466920,1781444304296151870,1781444304298046440
1962011,1974998,Host(NUMA 5),Device ?,24.00,1472.51,17.09,11246790714510230,11246790715982740,1781444304296743990,1781444304298216500
1962011,1974998,Host(NUMA 5),Device ?,8.00,539.55,15.55,11246790716040430,11246790716579980,1781444304297834250,1781444304298373800
1962011,1974998,Host(NUMA 5),Device ?,32.00,1911.62,17.55,11246790716626600,11246790718538220,1781444304296617640,1781444304298529260
1962011,1974998,Host(NUMA 5),Device ?,32.00,1916.00,17.51,11246790718589210,11246790720505210,1781444304296768050,1781444304298684050
1962011,1974998,Host(NUMA 5),Device ?,24.00,1439.54,17.48,11246790720555030,11246790721994570,1781444304297402220,1781444304298841760
1962011,1974998,Host(NUMA 5),Device ?,8.00,452.04,18.56,11246790722044500,11246790722496540,1781444304298581080,1781444304299033120
1961790,1973354,Host(NUMA 6),Device ?,12.00,651.08,19.33,11246790662406790,11246790663057870,1781444304298556490,1781444304299207570
1961790,1973354,Host(NUMA 6),Device ?,4.00,331.17,12.67,11246790663100420,11246790663431590,1781444304299034750,1781444304299365920
1961790,1973354,Host(NUMA 6),Device ?,16.00,1051.89,15.95,11246790663471730,11246790664523620,1781444304298485290,1781444304299537180
1961790,1973354,Host(NUMA 6),Device ?,16.00,922.63,18.18,11246790664572250,11246790665494880,1781444304298773800,1781444304299696430
1961790,1973354,Host(NUMA 6),Device ?,12.00,673.71,18.68,11246790665550090,11246790666223800,1781444304299185440,1781444304299859150
1961790,1973354,Host(NUMA 6),Device ?,4.00,339.70,12.35,11246790666286550,11246790666626250,1781444304299678150,1781444304300017850
1961790,1973354,Host(NUMA 6),Device ?,16.00,1578.27,10.63,11246790666673070,11246790668251340,1781444304298594550,1781444304300172820
1961790,1973354,Host(NUMA 6),Device ?,16.00,961.24,17.45,11246790668301060,11246790669262300,1781444304299369910,1781444304300331150
1961790,1973354,Host(NUMA 6),Device ?,12.00,747.37,16.84,11246790669310820,11246790670058190,1781444304299741260,1781444304300488630
1961790,1973354,Host(NUMA 6),Device ?,4.00,687.40,6.10,11246790670100730,11246790670788130,1781444304299972110,1781444304300659510
1961790,1973354,Host(NUMA 6),Device ?,16.00,1055.34,15.90,11246790670827840,11246790671883180,1781444304299764390,1781444304300819730
1961790,1973354,Host(NUMA 6),Device ?,16.00,1432.48,11.71,11246790671930260,11246790673362740,1781444304299545370,1781444304300977850
1961790,1973354,Host(NUMA 6),Device ?,12.00,728.60,17.27,11246790673411750,11246790674140350,1781444304300406910,1781444304301135510
1961790,1973354,Host(NUMA 6),Device ?,4.00,274.41,15.28,11246790674182270,11246790674456680,1781444304301016100,1781444304301290510
1961790,1973354,Host(NUMA 6),Device ?,16.00,1072.65,15.64,11246790674502110,11246790675574760,1781444304300376330,1781444304301448980
1961790,1973354,Host(NUMA 6),Device ?,16.00,852.01,19.69,11246790675619740,11246790676471750,1781444304300750810,1781444304301602820
1961790,1973354,Host(NUMA 6),Device ?,12.00,601.19,20.93,11246790676515600,11246790677116790,1781444304301155870,1781444304301757060
1961790,1973354,Host(NUMA 6),Device ?,4.00,327.36,12.81,11246790677157220,11246790677484580,1781444304301585650,1781444304301913010
1961790,1973354,Host(NUMA 6),Device ?,16.00,805.86,20.82,11246790677522750,11246790678328610,1781444304301262460,1781444304302068320
1961790,1973354,Host(NUMA 6),Device ?,16.00,902.08,18.60,11246790678372180,11246790679274260,1781444304301319510,1781444304302221590
1961790,1973354,Host(NUMA 6),Device ?,12.00,624.89,20.14,11246790679316920,11246790679941810,1781444304301749620,1781444304302374510
1961790,1973354,Host(NUMA 6),Device ?,4.00,279.89,14.99,11246790679979320,11246790680259210,1781444304302247720,1781444304302527610
1961790,1973354,Host(NUMA 6),Device ?,16.00,795.37,21.09,11246790680298380,11246790681093750,1781444304301903020,1781444304302698390
1961790,1973354,Host(NUMA 6),Device ?,16.00,798.89,21.00,11246790681137960,11246790681936850,1781444304302057530,1781444304302856420
1961790,1973354,Host(NUMA 6),Device ?,12.00,736.27,17.09,11246790681982090,11246790682718360,1781444304302331560,1781444304303067830
1961790,1973354,Host(NUMA 6),Device ?,4.00,302.69,13.86,11246790682758340,11246790683061030,1781444304302928980,1781444304303231670
1961790,1973354,Host(NUMA 6),Device ?,16.00,1373.05,12.22,11246790683098860,11246790684471910,1781444304302017500,1781444304303390550
1961790,1973354,Host(NUMA 6),Device ?,16.00,964.45,17.40,11246790684512820,11246790685477270,1781444304302585410,1781444304303549860
1961790,1973354,Host(NUMA 6),Device ?,12.00,715.27,17.59,11246790685521300,11246790686236570,1781444304302992870,1781444304303708140
1961790,1973354,Host(NUMA 6),Device ?,4.00,294.13,14.26,11246790686275170,11246790686569300,1781444304303583950,1781444304303878080
1961790,1973354,Host(NUMA 6),Device ?,16.00,1113.50,15.07,11246790686607080,11246790687720580,1781444304302927260,1781444304304040760
1961790,1973354,Host(NUMA 6),Device ?,16.00,855.12,19.62,11246790687764260,11246790688619380,1781444304303345650,1781444304304200770
1961790,1973354,Host(NUMA 6),Device ?,127.47,7145.65,18.71,11246790688663920,11246790695809570,1781444304297217400,1781444304304363050
1961790,1973354,Host(NUMA 6),Device ?,0.02,69.47,0.24,11246790695867690,11246790695937160,1781444304304452200,1781444304304521670
1961790,1973354,Host(NUMA 6),Device ?,0.02,94.47,0.17,11246790695985380,11246790696079850,1781444304304587020,1781444304304681490
1961790,1973354,Host(NUMA 6),Device ?,0.01,30.41,0.20,11246790696143160,11246790696173570,1781444304304808930,1781444304304839340
1961790,1973354,Host(NUMA 6),Device ?,0.01,26.10,0.31,11246790696219050,11246790696245150,1781444304304970820,1781444304304996920
1961790,1973354,Host(NUMA 6),Device ?,0.02,25.00,0.66,11246790696290010,11246790696315010,1781444304305131480,1781444304305156480
1961790,1973354,Host(NUMA 6),Device ?,0.02,21.32,0.77,11246790696362040,11246790696383360,1781444304305293790,1781444304305315110
1961790,1973354,Host(NUMA 6),Device ?,0.01,26.09,0.31,11246790696441600,11246790696467690,1781444304305443650,1781444304305469740
1961790,1973354,Host(NUMA 6),Device ?,0.01,29.03,0.28,11246790696513430,11246790696542460,1781444304305610960,1781444304305639990
1961790,1973354,Host(NUMA 6),Device ?,0.02,27.21,0.60,11246790696582480,11246790696609690,1781444304305771480,1781444304305798690
1961790,1973354,Host(NUMA 6),Device ?,0.02,27.36,0.60,11246790696649060,11246790696676420,1781444304305939510,1781444304305966870
1961790,1973354,Host(NUMA 6),Device ?,0.01,22.20,0.28,11246790696713370,11246790696735570,1781444304306100260,1781444304306122460
1961790,1973354,Host(NUMA 6),Device ?,0.01,21.54,0.38,11246790696765170,11246790696786710,1781444304306258190,1781444304306279730
1961790,1973354,Host(NUMA 6),Device ?,0.02,21.27,0.77,11246790696819340,11246790696840610,1781444304306439540,1781444304306460810
1961790,1973354,Host(NUMA 6),Device ?,0.02,19.72,0.83,11246790696871090,11246790696890810,1781444304306596140,1781444304306615860
1961790,1973354,Host(NUMA 6),Device ?,0.01,19.61,0.42,11246790696920390,11246790696940000,1781444304306761370,1781444304306780980
1961790,1973354,Host(NUMA 6),Device ?,0.01,18.73,0.44,11246790696969040,11246790696987770,1781444304306933090,1781444304306951820
1961790,1973354,Host(NUMA 6),Device ?,0.02,19.47,0.84,11246790697016580,11246790697036050,1781444304307093310,1781444304307112780
1961790,1973354,Host(NUMA 6),Device ?,0.02,20.63,0.79,11246790697064080,11246790697084710,1781444304307249260,1781444304307269890
1961790,1973354,Host(NUMA 6),Device ?,0.01,18.54,0.33,11246790697114030,11246790697132570,1781444304307406150,1781444304307424690
1961790,1973354,Host(NUMA 6),Device ?,0.01,19.96,0.41,11246790697160500,11246790697180460,1781444304307562860,1781444304307582820
1961790,1973354,Host(NUMA 6),Device ?,0.02,18.88,0.87,11246790697209590,11246790697228470,1781444304307720140,1781444304307739020
1961790,1973354,Host(NUMA 6),Device ?,0.02,18.98,0.86,11246790697256690,11246790697275670,1781444304307876110,1781444304307895090
1961790,1973354,Host(NUMA 6),Device ?,0.01,18.38,0.45,11246790697305220,11246790697323600,1781444304308035510,1781444304308053890
1961790,1973354,Host(NUMA 6),Device ?,0.01,18.50,0.44,11246790697352010,11246790697370510,1781444304308192140,1781444304308210640
1961790,1973354,Host(NUMA 6),Device ?,0.02,18.97,0.86,11246790697401290,11246790697420260,1781444304308346800,1781444304308365770
1961790,1973354,Host(NUMA 6),Device ?,0.02,18.42,0.89,11246790697448450,11246790697466870,1781444304308504810,1781444304308523230
1961790,1973354,Host(NUMA 6),Device ?,0.01,20.32,0.30,11246790697497960,11246790697518280,1781444304308656640,1781444304308676960
1961790,1973354,Host(NUMA 6),Device ?,0.01,20.31,0.40,11246790697547330,11246790697567640,1781444304308813250,1781444304308833560
1961790,1973354,Host(NUMA 6),Device ?,0.02,18.69,0.88,11246790697597070,11246790697615760,1781444304308970100,1781444304308988790
1961790,1973354,Host(NUMA 6),Device ?,0.02,19.30,0.85,11246790697643760,11246790697663060,1781444304309138660,1781444304309157960
1961790,1973354,Host(NUMA 6),Device ?,0.01,21.14,0.39,11246790697693310,11246790697714450,1781444304309292410,1781444304309313550
1961790,1973354,Host(NUMA 6),Device ?,0.01,20.14,0.41,11246790697746020,11246790697766160,1781444304309461550,1781444304309481690
1961790,1973354,Host(NUMA 6),Device ?,0.02,20.37,0.80,11246790697795080,11246790697815450,1781444304309618750,1781444304309639120
1961790,1973354,Host(NUMA 6),Device ?,0.02,19.83,0.83,11246790697844210,11246790697864040,1781444304309775680,1781444304309795510
1961790,1973354,Host(NUMA 6),Device ?,0.01,20.92,0.29,11246790697893840,11246790697914760,1781444304309929450,1781444304309950370
1961790,1973354,Host(NUMA 6),Device ?,0.01,20.87,0.39,11246790697944680,11246790697965550,1781444304310089980,1781444304310110850
1961790,1973354,Host(NUMA 6),Device ?,0.02,24.79,0.66,11246790697995910,11246790698020700,1781444304310245570,1781444304310270360
1961790,1973354,Host(NUMA 6),Device ?,0.02,19.38,0.85,11246790698050060,11246790698069440,1781444304310408190,1781444304310427570
1961790,1973354,Host(NUMA 6),Device ?,0.01,20.03,0.41,11246790698098330,11246790698118360,1781444304310578210,1781444304310598240
1961790,1973354,Host(NUMA 6),Device ?,0.01,20.70,0.40,11246790698147590,11246790698168290,1781444304310733440,1781444304310754140
1961790,1973354,Host(NUMA 6),Device ?,0.02,18.52,0.88,11246790698197930,11246790698216450,1781444304310895160,1781444304310913680
1961790,1973354,Host(NUMA 6),Device ?,0.02,18.75,0.87,11246790698245090,11246790698263840,1781444304311071150,1781444304311089900
1961790,1973354,Host(NUMA 6),Device ?,0.01,19.08,0.32,11246790698296780,11246790698315860,1781444304311228160,1781444304311247240
1961790,1973354,Host(NUMA 6),Device ?,0.01,21.30,0.38,11246790698347770,11246790698369070,1781444304311385350,1781444304311406650
1961790,1973354,Host(NUMA 6),Device ?,0.02,19.10,0.86,11246790698398260,11246790698417360,1781444304311543700,1781444304311562800
1961790,1973354,Host(NUMA 6),Device ?,0.02,18.95,0.86,11246790698445350,11246790698464300,1781444304311698280,1781444304311717230
1961790,1973354,Host(NUMA 6),Device ?,0.01,20.13,0.41,11246790698495510,11246790698515640,1781444304311855730,1781444304311875860
1961790,1973354,Host(NUMA 6),Device ?,0.01,19.71,0.42,11246790698544200,11246790698563910,1781444304312013710,1781444304312033420
1961790,1973354,Host(NUMA 6),Device ?,0.02,19.10,0.86,11246790698593190,11246790698612290,1781444304312170710,1781444304312189810
1961790,1973354,Host(NUMA 6),Device ?,0.02,19.13,0.86,11246790698641130,11246790698660260,1781444304312345390,1781444304312364520
1961790,1973354,Host(NUMA 6),Device ?,0.01,19.63,0.31,11246790698688510,11246790698708140,1781444304312507000,1781444304312526630
1961790,1973354,Host(NUMA 6),Device ?,0.01,20.16,0.41,11246790698736440,11246790698756600,1781444304312666530,1781444304312686690
1961790,1973354,Host(NUMA 6),Device ?,0.02,19.22,0.85,11246790698790370,11246790698809590,1781444304312823180,1781444304312842400
1961790,1973354,Host(NUMA 6),Device ?,0.02,19.23,0.85,11246790698840240,11246790698859470,1781444304312982580,1781444304313001810
1961790,1973354,Host(NUMA 6),Device ?,0.01,18.71,0.44,11246790698888720,11246790698907430,1781444304313143830,1781444304313162540
1961790,1973354,Host(NUMA 6),Device ?,0.01,17.58,0.47,11246790698937660,11246790698955240,1781444304313303680,1781444304313321260
1961790,1973354,Host(NUMA 6),Device ?,0.02,19.37,0.85,11246790698985830,11246790699005200,1781444304313462480,1781444304313481850
1961790,1973354,Host(NUMA 6),Device ?,0.02,19.90,0.82,11246790699036420,11246790699056320,1781444304313619330,1781444304313639230
1961790,1973354,Host(NUMA 6),Device ?,0.01,19.54,0.31,11246790699085760,11246790699105300,1781444304313773380,1781444304313792920
1961790,1973354,Host(NUMA 6),Device ?,0.01,20.06,0.41,11246790699135080,11246790699155140,1781444304313926990,1781444304313947050
1961790,1973354,Host(NUMA 6),Device ?,0.02,18.96,0.86,11246790699183950,11246790699202910,1781444304314083850,1781444304314102810
1961790,1973354,Host(NUMA 6),Device ?,0.02,19.52,0.84,11246790699232280,11246790699251800,1781444304314241820,1781444304314261340
1961790,1973354,Host(NUMA 6),Device ?,0.01,19.93,0.41,11246790699288840,11246790699308770,1781444304314399390,1781444304314419320
1961790,1973354,Host(NUMA 6),Device ?,0.01,19.01,0.43,11246790699339200,11246790699358210,1781444304314557970,1781444304314576980
1961790,1973354,Host(NUMA 6),Device ?,0.02,19.05,0.86,11246790699388020,11246790699407070,1781444304314716630,1781444304314735680
1961790,1973354,Host(NUMA 6),Device ?,0.02,18.28,0.90,11246790699433860,11246790699452140,1781444304314876010,1781444304314894290
1961790,1973354,Host(NUMA 6),Device ?,0.01,21.55,0.29,11246790699481130,11246790699502680,1781444304315063120,1781444304315084670
1961790,1973354,Host(NUMA 6),Device ?,0.01,20.53,0.40,11246790699532840,11246790699553370,1781444304315227720,1781444304315248250
1961790,1973354,Host(NUMA 6),Device ?,0.02,21.70,0.76,11246790699583980,11246790699605680,1781444304315387120,1781444304315408820
1961790,1973354,Host(NUMA 6),Device ?,0.02,20.41,0.80,11246790699634320,11246790699654730,1781444304315562050,1781444304315582460
1961790,1973354,Host(NUMA 6),Device ?,0.01,22.55,0.36,11246790699682500,11246790699705050,1781444304315733960,1781444304315756510
1961790,1973354,Host(NUMA 6),Device ?,0.01,21.81,0.38,11246790699734300,11246790699756110,1781444304315896120,1781444304315917930
1961790,1973354,Host(NUMA 6),Device ?,0.02,20.47,0.80,11246790699788520,11246790699808990,1781444304316072270,1781444304316092740
1961790,1973354,Host(NUMA 6),Device ?,0.02,21.99,0.75,11246790699838890,11246790699860880,1781444304316232750,1781444304316254740
1961790,1973354,Host(NUMA 6),Device ?,0.01,20.66,0.30,11246790699890240,11246790699910900,1781444304316390130,1781444304316410790
1961790,1973354,Host(NUMA 6),Device ?,0.01,21.31,0.38,11246790699942120,11246790699963430,1781444304316549730,1781444304316571040
1961790,1973354,Host(NUMA 6),Device ?,0.02,36.92,0.44,11246790699993660,11246790700030580,1781444304316691800,1781444304316728720
1961790,1973354,Host(NUMA 6),Device ?,0.02,20.41,0.80,11246790700062550,11246790700082960,1781444304316869450,1781444304316889860
1961790,1973354,Host(NUMA 6),Device ?,0.01,19.06,0.43,11246790700110440,11246790700129500,1781444304317030000,1781444304317049060
1961790,1973354,Host(NUMA 6),Device ?,0.01,19.40,0.42,11246790700157840,11246790700177240,1781444304317190260,1781444304317209660
1961790,1973354,Host(NUMA 6),Device ?,0.02,18.26,0.90,11246790700207320,11246790700225580,1781444304317355490,1781444304317373750
1961790,1973354,Host(NUMA 6),Device ?,0.02,20.01,0.82,11246790700253800,11246790700273810,1781444304317509920,1781444304317529930
1961790,1973354,Host(NUMA 6),Device ?,0.01,18.91,0.32,11246790700303680,11246790700322590,1781444304317668210,1781444304317687120
1961790,1973354,Host(NUMA 6),Device ?,0.01,20.38,0.40,11246790700351450,11246790700371830,1781444304317821510,1781444304317841890
1961790,1973354,Host(NUMA 6),Device ?,0.02,20.62,0.79,11246790700401260,11246790700421880,1781444304317979910,1781444304318000530
1961790,1973354,Host(NUMA 6),Device ?,0.02,20.39,0.80,11246790700451310,11246790700471700,1781444304318135680,1781444304318156070
1961790,1973354,Host(NUMA 6),Device ?,0.01,18.79,0.44,11246790700498950,11246790700517740,1781444304318293570,1781444304318312360
1961790,1973354,Host(NUMA 6),Device ?,0.01,19.64,0.42,11246790700547920,11246790700567560,1781444304318452210,1781444304318471850
1961790,1973354,Host(NUMA 6),Device ?,0.02,19.73,0.83,11246790700595860,11246790700615590,1781444304318612670,1781444304318632400
1961790,1973354,Host(NUMA 6),Device ?,0.02,20.02,0.82,11246790700643340,11246790700663360,1781444304318784110,1781444304318804130
1961790,1973354,Host(NUMA 6),Device ?,0.01,20.84,0.29,11246790700693030,11246790700713870,1781444304318968410,1781444304318989250
1961790,1973354,Host(NUMA 6),Device ?,0.01,19.56,0.42,11246790700742850,11246790700762410,1781444304319137640,1781444304319157200
1961790,1973354,Host(NUMA 6),Device ?,0.02,19.38,0.85,11246790700790470,11246790700809850,1781444304319299190,1781444304319318570
1961790,1973354,Host(NUMA 6),Device ?,0.02,19.40,0.84,11246790700839000,11246790700858400,1781444304319459800,1781444304319479200
1961790,1973354,Host(NUMA 6),Device ?,0.01,21.65,0.38,11246790700886530,11246790700908180,1781444304319616700,1781444304319638350
1961790,1973354,Host(NUMA 6),Device ?,0.01,19.12,0.43,11246790700936240,11246790700955360,1781444304319776230,1781444304319795350
1961790,1973354,Host(NUMA 6),Device ?,0.02,18.70,0.88,11246790700983520,11246790701002220,1781444304319933920,1781444304319952620
1961790,1973354,Host(NUMA 6),Device ?,0.02,18.55,0.88,11246790701031030,11246790701049580,1781444304320092210,1781444304320110760
1961790,1973354,Host(NUMA 6),Device ?,0.01,17.69,0.35,11246790701077430,11246790701095120,1781444304320248370,1781444304320266060
1961790,1973354,Host(NUMA 6),Device ?,0.01,18.88,0.43,11246790701124480,11246790701143360,1781444304320408140,1781444304320427020
1961790,1973354,Host(NUMA 6),Device ?,0.02,17.60,0.93,11246790701173050,11246790701190650,1781444304320567610,1781444304320585210
1961790,1973354,Host(NUMA 6),Device ?,0.02,18.24,0.90,11246790701219380,11246790701237620,1781444304320737110,1781444304320755350
1961790,1973354,Host(NUMA 6),Device ?,0.01,19.25,0.43,11246790701267210,11246790701286460,1781444304320905730,1781444304320924980
1961790,1973354,Host(NUMA 6),Device ?,0.01,20.08,0.41,11246790701316040,11246790701336120,1781444304321066590,1781444304321086670
1961790,1973354,Host(NUMA 6),Device ?,0.02,19.39,0.84,11246790701363960,11246790701383350,1781444304321230640,1781444304321250030
1961790,1973354,Host(NUMA 6),Device ?,0.02,19.62,0.84,11246790701414170,11246790701433790,1781444304321392530,1781444304321412150
1961790,1973354,Host(NUMA 6),Device ?,0.01,19.92,0.31,11246790701464010,11246790701483930,1781444304321549850,1781444304321569770
1961790,1973354,Host(NUMA 6),Device ?,0.01,19.15,0.43,11246790701514380,11246790701533530,1781444304321707410,1781444304321726560
1961790,1973354,Host(NUMA 6),Device ?,0.02,21.55,0.76,11246790701564350,11246790701585900,1781444304321864130,1781444304321885680
1961790,1973354,Host(NUMA 6),Device ?,0.02,18.16,0.90,11246790701615480,11246790701633640,1781444304322034610,1781444304322052770
1961790,1973354,Host(NUMA 6),Device ?,0.01,21.44,0.38,11246790701663210,11246790701684650,1781444304322190370,1781444304322211810
1961790,1973354,Host(NUMA 6),Device ?,0.01,23.07,0.36,11246790701715880,11246790701738950,1781444304322346850,1781444304322369920
1961790,1973354,Host(NUMA 6),Device ?,0.02,20.68,0.79,11246790701772090,11246790701792770,1781444304322506140,1781444304322526820
1961790,1973354,Host(NUMA 6),Device ?,0.02,18.69,0.88,11246790701820150,11246790701838840,1781444304322665510,1781444304322684200
1961790,1973354,Host(NUMA 6),Device ?,0.01,19.02,0.32,11246790701866850,11246790701885870,1781444304322821930,1781444304322840950
1961790,1973354,Host(NUMA 6),Device ?,0.01,19.24,0.43,11246790701915870,11246790701935110,1781444304323000100,1781444304323019340
1961790,1973354,Host(NUMA 6),Device ?,0.02,18.50,0.89,11246790701964890,11246790701983390,1781444304323162880,1781444304323181380
1961790,1973354,Host(NUMA 6),Device ?,0.02,19.63,0.83,11246790702014100,11246790702033730,1781444304323324670,1781444304323344300
1961790,1973354,Host(NUMA 6),Device ?,0.01,21.29,0.38,11246790702063270,11246790702084560,1781444304323482910,1781444304323504200
1961790,1973354,Host(NUMA 6),Device ?,0.01,20.26,0.40,11246790702112880,11246790702133140,1781444304323640500,1781444304323660760
1961790,1973354,Host(NUMA 6),Device ?,0.02,20.96,0.78,11246790702162320,11246790702183280,1781444304323798370,1781444304323819330
1961790,1973354,Host(NUMA 6),Device ?,0.02,18.98,0.86,11246790702212550,11246790702231530,1781444304323956600,1781444304323975580
1961790,1973354,Host(NUMA 6),Device ?,0.01,19.69,0.31,11246790702259500,11246790702279190,1781444304324114320,1781444304324134010
1961790,1973354,Host(NUMA 6),Device ?,0.01,18.68,0.44,11246790702310110,11246790702328790,1781444304324272210,1781444304324290890
1961790,1973354,Host(NUMA 6),Device ?,0.02,18.83,0.87,11246790702357450,11246790702376280,1781444304324434260,1781444304324453090
1961790,1973354,Host(NUMA 6),Device ?,0.02,18.40,0.89,11246790702403670,11246790702422070,1781444304324594920,1781444304324613320
1961790,1973354,Host(NUMA 6),Device ?,0.01,19.11,0.43,11246790702453480,11246790702472590,1781444304324751090,1781444304324770200
1961790,1973354,Host(NUMA 6),Device ?,0.01,20.99,0.39,11246790702503460,11246790702524450,1781444304324908650,1781444304324929640
1961790,1973354,Host(NUMA 6),Device ?,0.02,19.69,0.83,11246790702555810,11246790702575500,1781444304325069310,1781444304325089000
1961790,1973354,Host(NUMA 6),Device ?,0.02,21.30,0.77,11246790702604650,11246790702625950,1781444304325224600,1781444304325245900
1961790,1973354,Host(NUMA 6),Device ?,0.01,21.49,0.29,11246790702655350,11246790702676840,1781444304325398510,1781444304325420000
1961790,1973354,Host(NUMA 6),Device ?,0.01,20.99,0.39,11246790702707150,11246790702728140,1781444304325558000,1781444304325578990
1961790,1973354,Host(NUMA 6),Device ?,0.02,21.59,0.76,11246790702756900,11246790702778490,1781444304325731810,1781444304325753400
1961790,1973354,Host(NUMA 6),Device ?,0.02,25.83,0.63,11246790702806740,11246790702832570,1781444304325893690,1781444304325919520
1961790,1973354,Host(NUMA 6),Device ?,0.01,22.54,0.36,11246790702862000,11246790702884540,1781444304326057360,1781444304326079900
1961790,1973354,Host(NUMA 6),Device ?,0.01,22.35,0.37,11246790702911520,11246790702933870,1781444304326217000,1781444304326239350
1961790,1973354,Host(NUMA 6),Device ?,0.02,20.91,0.78,11246790702962550,11246790702983460,1781444304326374210,1781444304326395120
1961790,1973354,Host(NUMA 6),Device ?,0.02,20.46,0.80,11246790703011290,11246790703031750,1781444304326541580,1781444304326562040
1961790,1973354,Host(NUMA 6),Device ?,0.01,21.04,0.29,11246790703061290,11246790703082330,1781444304326696600,1781444304326717640
1961790,1973354,Host(NUMA 6),Device ?,0.01,19.18,0.43,11246790703110050,11246790703129230,1781444304326859940,1781444304326879120
1961790,1973354,Host(NUMA 6),Device ?,0.02,18.69,0.88,11246790703158160,11246790703176850,1781444304327036750,1781444304327055440
1961790,1973354,Host(NUMA 6),Device ?,0.02,20.17,0.81,11246790703205180,11246790703225350,1781444304327199470,1781444304327219640
1961790,1973354,Host(NUMA 6),Device ?,0.01,19.79,0.41,11246790703258160,11246790703277950,1781444304327367320,1781444304327387110
1961790,1973354,Host(NUMA 6),Device ?,0.01,20.53,0.40,11246790703308570,11246790703329100,1781444304327525300,1781444304327545830
1961790,1973354,Host(NUMA 6),Device ?,0.02,19.91,0.82,11246790703359620,11246790703379530,1781444304327681220,1781444304327701130
1961790,1973354,Host(NUMA 6),Device ?,0.02,17.84,0.92,11246790703408690,11246790703426530,1781444304327839910,1781444304327857750
1961790,1973354,Host(NUMA 6),Device ?,0.01,18.96,0.32,11246790703455610,11246790703474570,1781444304327996760,1781444304328015720
1961790,1973354,Host(NUMA 6),Device ?,0.01,18.60,0.44,11246790703503610,11246790703522210,1781444304328155410,1781444304328174010
1961790,1973354,Host(NUMA 6),Device ?,0.02,18.93,0.87,11246790703550560,11246790703569490,1781444304328307970,1781444304328326900
1961790,1973354,Host(NUMA 6),Device ?,0.02,19.41,0.84,11246790703598820,11246790703618230,1781444304328464360,1781444304328483770
1961790,1973354,Host(NUMA 6),Device ?,0.01,19.49,0.42,11246790703644840,11246790703664330,1781444304328636680,1781444304328656170
1961790,1973354,Host(NUMA 6),Device ?,0.01,19.51,0.42,11246790703693180,11246790703712690,1781444304328798390,1781444304328817900
1961790,1973354,Host(NUMA 6),Device ?,0.02,21.46,0.76,11246790703745570,11246790703767030,1781444304328953780,1781444304328975240
1961790,1973354,Host(NUMA 6),Device ?,0.02,20.91,0.78,11246790703799240,11246790703820150,1781444304329113730,1781444304329134640
1961790,1973354,Host(NUMA 6),Device ?,0.01,20.32,0.30,11246790703849140,11246790703869460,1781444304329270750,1781444304329291070
1961790,1973354,Host(NUMA 6),Device ?,0.01,19.03,0.43,11246790703897810,11246790703916840,1781444304329427020,1781444304329446050
1961790,1973354,Host(NUMA 6),Device ?,0.02,19.00,0.86,11246790703945970,11246790703964970,1781444304329584150,1781444304329603150
1961790,1973354,Host(NUMA 6),Device ?,0.02,27.44,0.60,11246790703992850,11246790704020290,1781444304329731240,1781444304329758680
1961790,1973354,Host(NUMA 6),Device ?,0.01,20.02,0.41,11246790704049270,11246790704069290,1781444304329895370,1781444304329915390
1961790,1973354,Host(NUMA 6),Device ?,0.01,19.02,0.43,11246790704099260,11246790704118280,1781444304330051530,1781444304330070550
1961790,1973354,Host(NUMA 6),Device ?,0.02,19.73,0.83,11246790704147760,11246790704167490,1781444304330208200,1781444304330227930
1961790,1973354,Host(NUMA 6),Device ?,0.02,17.68,0.93,11246790704197110,11246790704214790,1781444304330369690,1781444304330387370
1961790,1973354,Host(NUMA 6),Device ?,0.01,18.50,0.33,11246790704242010,11246790704260510,1781444304330525870,1781444304330544370
1961790,1973354,Host(NUMA 6),Device ?,0.01,19.29,0.42,11246790704289890,11246790704309180,1781444304330684010,1781444304330703300
1961790,1973354,Host(NUMA 6),Device ?,0.02,20.15,0.81,11246790704340670,11246790704360820,1781444304330856790,1781444304330876940
1961790,1973354,Host(NUMA 6),Device ?,0.02,20.16,0.81,11246790704390290,11246790704410450,1781444304331039840,1781444304331060000
1961790,1973354,Host(NUMA 6),Device ?,0.01,21.08,0.39,11246790704442030,11246790704463110,1781444304331201440,1781444304331222520
1961790,1973354,Host(NUMA 6),Device ?,0.01,18.89,0.43,11246790704490540,11246790704509430,1781444304331364230,1781444304331383120
1961790,1973354,Host(NUMA 6),Device ?,0.02,18.62,0.88,11246790704536700,11246790704555320,1781444304331521900,1781444304331540520
1961790,1973354,Host(NUMA 6),Device ?,0.02,18.65,0.88,11246790704584030,11246790704602680,1781444304331677050,1781444304331695700
1961790,1973354,Host(NUMA 6),Device ?,0.01,19.48,0.32,11246790704631510,11246790704650990,1781444304331848010,1781444304331867490
1961790,1973354,Host(NUMA 6),Device ?,0.01,17.78,0.46,11246790704680670,11246790704698450,1781444304332005290,1781444304332023070
1961790,1973354,Host(NUMA 6),Device ?,0.02,20.65,0.79,11246790704726780,11246790704747430,1781444304332173840,1781444304332194490
1961790,1973354,Host(NUMA 6),Device ?,0.02,20.51,0.80,11246790704777810,11246790704798320,1781444304332335650,1781444304332356160
1961790,1973354,Host(NUMA 6),Device ?,0.01,19.20,0.43,11246790704829560,11246790704848760,1781444304332495610,1781444304332514810
1961790,1973354,Host(NUMA 6),Device ?,0.01,20.53,0.40,11246790704876960,11246790704897490,1781444304332651910,1781444304332672440
1961790,1973354,Host(NUMA 6),Device ?,0.02,19.19,0.85,11246790704927030,11246790704946220,1781444304332813960,1781444304332833150
1961790,1973354,Host(NUMA 6),Device ?,0.02,19.29,0.85,11246790704974410,11246790704993700,1781444304332972210,1781444304332991500
1961790,1973354,Host(NUMA 6),Device ?,0.01,17.90,0.34,11246790705023870,11246790705041770,1781444304333129870,1781444304333147770
1961790,1973354,Host(NUMA 6),Device ?,0.01,19.16,0.43,11246790705069770,11246790705088930,1781444304333289480,1781444304333308640
1961790,1973354,Host(NUMA 6),Device ?,0.02,19.84,0.83,11246790705119720,11246790705139560,1781444304333449210,1781444304333469050
1961790,1973354,Host(NUMA 6),Device ?,0.02,18.12,0.90,11246790705169660,11246790705187780,1781444304333608640,1781444304333626760
1961790,1973354,Host(NUMA 6),Device ?,0.01,20.48,0.40,11246790705216130,11246790705236610,1781444304333762300,1781444304333782780
1961790,1973354,Host(NUMA 6),Device ?,0.01,17.90,0.46,11246790705264600,11246790705282500,1781444304333921170,1781444304333939070
1961790,1973354,Host(NUMA 6),Device ?,0.02,19.27,0.85,11246790705311120,11246790705330390,1781444304334081750,1781444304334101020
1961790,1973354,Host(NUMA 6),Device ?,0.02,18.63,0.88,11246790705361050,11246790705379680,1781444304334237730,1781444304334256360
1961790,1973354,Host(NUMA 6),Device ?,0.01,19.22,0.32,11246790705409060,11246790705428280,1781444304334392210,1781444304334411430
1961790,1973354,Host(NUMA 6),Device ?,0.01,18.91,0.43,11246790705457590,11246790705476500,1781444304334549070,1781444304334567980
1961790,1973354,Host(NUMA 6),Device ?,0.02,19.29,0.85,11246790705505770,11246790705525060,1781444304334704290,1781444304334723580
1961790,1973354,Host(NUMA 6),Device ?,0.02,19.24,0.85,11246790705555230,11246790705574470,1781444304334864820,1781444304334884060
1961790,1973354,Host(NUMA 6),Device ?,0.01,19.00,0.43,11246790705604530,11246790705623530,1781444304335078850,1781444304335097850
1961790,1973354,Host(NUMA 6),Device ?,0.01,19.45,0.42,11246790705652470,11246790705671920,1781444304335250840,1781444304335270290
1961790,1973354,Host(NUMA 6),Device ?,0.02,20.30,0.81,11246790705702930,11246790705723230,1781444304335405210,1781444304335425510
1961790,1973354,Host(NUMA 6),Device ?,0.02,18.66,0.88,11246790705752540,11246790705771200,1781444304335563640,1781444304335582300
1961790,1973354,Host(NUMA 6),Device ?,0.01,20.04,0.31,11246790705803010,11246790705823050,1781444304335717260,1781444304335737300
1961790,1973354,Host(NUMA 6),Device ?,0.01,19.68,0.42,11246790705854010,11246790705873690,1781444304335876310,1781444304335895990
1961790,1973354,Host(NUMA 6),Device ?,0.02,19.52,0.84,11246790705902410,11246790705921930,1781444304336047560,1781444304336067080
1961790,1973354,Host(NUMA 6),Device ?,0.02,19.58,0.84,11246790705951310,11246790705970890,1781444304336201150,1781444304336220730
1961790,1973354,Host(NUMA 6),Device ?,0.01,19.63,0.42,11246790706002050,11246790706021680,1781444304336359440,1781444304336379070
1961790,1973354,Host(NUMA 6),Device ?,0.01,20.44,0.40,11246790706051980,11246790706072420,1781444304336517380,1781444304336537820
1961790,1973354,Host(NUMA 6),Device ?,0.02,18.97,0.86,11246790706101130,11246790706120100,1781444304336675940,1781444304336694910
1961790,1973354,Host(NUMA 6),Device ?,0.02,18.04,0.91,11246790706150390,11246790706168430,1781444304336839640,1781444304336857680
1961790,1973354,Host(NUMA 6),Device ?,0.01,23.55,0.26,11246790706196940,11246790706220490,1781444304336991900,1781444304337015450
1961790,1973354,Host(NUMA 6),Device ?,0.01,19.65,0.42,11246790706250000,11246790706269650,1781444304337152040,1781444304337171690
1961790,1973354,Host(NUMA 6),Device ?,0.02,19.19,0.85,11246790706305280,11246790706324470,1781444304337306910,1781444304337326100
1961790,1973354,Host(NUMA 6),Device ?,0.02,19.15,0.86,11246790706353050,11246790706372200,1781444304337461820,1781444304337480970
1961790,1973354,Host(NUMA 6),Device ?,0.01,17.70,0.46,11246790706402180,11246790706419880,1781444304337617130,1781444304337634830
1961790,1973354,Host(NUMA 6),Device ?,0.01,18.73,0.44,11246790706448140,11246790706466870,1781444304337783870,1781444304337802600
1961790,1973354,Host(NUMA 6),Device ?,0.02,17.72,0.92,11246790706494300,11246790706512020,1781444304337943750,1781444304337961470
1961790,1973354,Host(NUMA 6),Device ?,0.02,17.99,0.91,11246790706539670,11246790706557660,1781444304338098030,1781444304338116020
1961790,1973354,Host(NUMA 6),Device ?,0.01,19.44,0.32,11246790706585930,11246790706605370,1781444304338268770,1781444304338288210
1961790,1973354,Host(NUMA 6),Device ?,0.01,18.76,0.44,11246790706635250,11246790706654010,1781444304338425850,1781444304338444610
1961790,1973354,Host(NUMA 6),Device ?,0.02,18.84,0.87,11246790706683950,11246790706702790,1781444304338582450,1781444304338601290
1961790,1973354,Host(NUMA 6),Device ?,0.02,18.55,0.88,11246790706731310,11246790706749860,1781444304338744040,1781444304338762590
1961790,1973354,Host(NUMA 6),Device ?,0.01,20.56,0.40,11246790706778500,11246790706799060,1781444304338927450,1781444304338948010
1961790,1973354,Host(NUMA 6),Device ?,0.01,19.09,0.43,11246790706828690,11246790706847780,1781444304339099340,1781444304339118430
1961790,1973354,Host(NUMA 6),Device ?,0.02,19.58,0.84,11246790706878150,11246790706897730,1781444304339259860,1781444304339279440
1961790,1973354,Host(NUMA 6),Device ?,0.02,19.20,0.85,11246790706925310,11246790706944510,1781444304339414290,1781444304339433490
1961790,1973354,Host(NUMA 6),Device ?,0.01,20.06,0.31,11246790706972210,11246790706992270,1781444304339570710,1781444304339590770
1961790,1973354,Host(NUMA 6),Device ?,0.01,18.92,0.43,11246790707020010,11246790707038930,1781444304339726700,1781444304339745620
1961790,1973354,Host(NUMA 6),Device ?,0.02,18.07,0.91,11246790707067580,11246790707085650,1781444304339889790,1781444304339907860
1961790,1973354,Host(NUMA 6),Device ?,0.02,18.69,0.88,11246790707115040,11246790707133730,1781444304340046530,1781444304340065220
1961790,1973354,Host(NUMA 6),Device ?,0.01,20.10,0.41,11246790707161630,11246790707181730,1781444304340202410,1781444304340222510
1961790,1973354,Host(NUMA 6),Device ?,0.01,19.27,0.43,11246790707211350,11246790707230620,1781444304340357060,1781444304340376330
1961790,1973354,Host(NUMA 6),Device ?,0.02,19.25,0.85,11246790707260650,11246790707279900,1781444304340511290,1781444304340530540
1961790,1973354,Host(NUMA 6),Device ?,0.02,18.65,0.88,11246790707309780,11246790707328430,1781444304340671730,1781444304340690380
1961790,1973354,Host(NUMA 6),Device ?,509.88,28408.23,18.82,11246790707522260,11246790735930490,1781444304312441970,1781444304340850200
1961790,1973354,Host(NUMA 6),Device ?,24.00,1402.13,17.95,11246790735990500,11246790737392630,1781444304339623420,1781444304341025550
1961790,1973354,Host(NUMA 6),Device ?,8.00,571.65,14.67,11246790737443460,11246790738015110,1781444304340620540,1781444304341192190
1961790,1973354,Host(NUMA 6),Device ?,32.00,1893.13,17.72,11246790738068790,11246790739961920,1781444304339456160,1781444304341349290
1961790,1973354,Host(NUMA 6),Device ?,32.00,1898.68,17.67,11246790740024520,11246790741923200,1781444304339620370,1781444304341519050
1961790,1973354,Host(NUMA 6),Device ?,24.00,1444.51,17.42,11246790741969230,11246790743413740,1781444304340237330,1781444304341681840
1961790,1973354,Host(NUMA 6),Device ?,8.00,521.85,16.07,11246790743461420,11246790743983270,1781444304341318310,1781444304341840160
1961790,1973354,Host(NUMA 6),Device ?,32.00,1863.66,18.00,11246790744052590,11246790745916250,1781444304340132240,1781444304341995900
1961790,1973354,Host(NUMA 6),Device ?,32.00,1889.16,17.76,11246790745963860,11246790747853020,1781444304340267480,1781444304342156640
1961790,1973354,Host(NUMA 6),Device ?,24.00,1460.53,17.23,11246790747898810,11246790749359340,1781444304340859920,1781444304342320450
1961790,1973354,Host(NUMA 6),Device ?,8.00,498.72,16.82,11246790749403870,11246790749902590,1781444304341981180,1781444304342479900
1961790,1973354,Host(NUMA 6),Device ?,32.00,1869.15,17.95,11246790749944840,11246790751813990,1781444304340768200,1781444304342637350
1961790,1973354,Host(NUMA 6),Device ?,32.00,1903.19,17.63,11246790751855050,11246790753758240,1781444304340896980,1781444304342800170
1961790,1973354,Host(NUMA 6),Device ?,24.00,1574.48,15.98,11246790753805690,11246790755380170,1781444304341399140,1781444304342973620
1961790,1973354,Host(NUMA 6),Device ?,8.00,504.46,16.63,11246790755428670,11246790755933130,1781444304342634220,1781444304343138680
1961790,1973354,Host(NUMA 6),Device ?,32.00,1896.69,17.69,11246790755982940,11246790757879630,1781444304341401630,1781444304343298320
1961790,1973354,Host(NUMA 6),Device ?,32.00,1897.00,17.69,11246790757925620,11246790759822620,1781444304341563000,1781444304343460000
1961790,1973354,Host(NUMA 6),Device ?,24.00,1452.44,17.33,11246790759867540,11246790761319980,1781444304342176700,1781444304343629140
1961790,1973354,Host(NUMA 6),Device ?,8.00,472.64,17.75,11246790761369320,11246790761841960,1781444304343316680,1781444304343789320
1961790,1973354,Host(NUMA 6),Device ?,32.00,1883.46,17.82,11246790761890630,11246790763774090,1781444304342065130,1781444304343948590
1961790,1973354,Host(NUMA 6),Device ?,32.00,1876.94,17.88,11246790763825610,11246790765702550,1781444304342231300,1781444304344108240
1961790,1973354,Host(NUMA 6),Device ?,24.00,1435.53,17.53,11246790765748320,11246790767183850,1781444304342830300,1781444304344265830
1961790,1973354,Host(NUMA 6),Device ?,8.00,563.85,14.88,11246790767227740,11246790767791590,1781444304343857570,1781444304344421420
1961865,1973184,Host(NUMA 7),Device ?,16.00,928.19,18.08,11246790662179290,11246790663107480,1781444304343661190,1781444304344589380
1961865,1973184,Host(NUMA 7),Device ?,127.47,7135.09,18.73,11246790663149880,11246790670284970,1781444304337629610,1781444304344764700
1961865,1973184,Host(NUMA 7),Device ?,0.02,30.70,0.53,11246790670346770,11246790670377470,1781444304344912530,1781444304344943230
1961865,1973184,Host(NUMA 7),Device ?,0.02,23.37,0.70,11246790670418550,11246790670441920,1781444304345074510,1781444304345097880
1961865,1973184,Host(NUMA 7),Device ?,0.01,21.80,0.28,11246790670477870,11246790670499670,1781444304345234740,1781444304345256540
1961865,1973184,Host(NUMA 7),Device ?,0.01,20.63,0.40,11246790670530920,11246790670551550,1781444304345394210,1781444304345414840
1961865,1973184,Host(NUMA 7),Device ?,0.02,20.41,0.80,11246790670582180,11246790670602590,1781444304345554910,1781444304345575320
1961865,1973184,Host(NUMA 7),Device ?,0.02,19.96,0.82,11246790670634050,11246790670654010,1781444304345712500,1781444304345732460
1961865,1973184,Host(NUMA 7),Device ?,0.01,27.85,0.29,11246790670683430,11246790670711280,1781444304345860740,1781444304345888590
1961865,1973184,Host(NUMA 7),Device ?,0.01,20.56,0.40,11246790670742170,11246790670762730,1781444304346039700,1781444304346060260
1961865,1973184,Host(NUMA 7),Device ?,0.02,19.79,0.83,11246790670792710,11246790670812500,1781444304346203090,1781444304346222880
1961865,1973184,Host(NUMA 7),Device ?,0.02,20.34,0.81,11246790670844530,11246790670864870,1781444304346363670,1781444304346384010
1961865,1973184,Host(NUMA 7),Device ?,0.01,20.59,0.30,11246790670895620,11246790670916210,1781444304346521120,1781444304346541710
1961865,1973184,Host(NUMA 7),Device ?,0.01,24.46,0.33,11246790670948360,11246790670972820,1781444304346676820,1781444304346701280
1961865,1973184,Host(NUMA 7),Device ?,0.02,19.83,0.83,11246790671003800,11246790671023630,1781444304346835290,1781444304346855120
1961865,1973184,Host(NUMA 7),Device ?,0.02,19.72,0.83,11246790671055960,11246790671075680,1781444304347004370,1781444304347024090
1961865,1973184,Host(NUMA 7),Device ?,0.01,22.85,0.36,11246790671107770,11246790671130620,1781444304347167040,1781444304347189890
1961865,1973184,Host(NUMA 7),Device ?,0.01,19.91,0.41,11246790671161990,11246790671181900,1781444304347330910,1781444304347350820
1961865,1973184,Host(NUMA 7),Device ?,0.02,19.49,0.84,11246790671212470,11246790671231960,1781444304347486400,1781444304347505890
1961865,1973184,Host(NUMA 7),Device ?,0.02,19.62,0.84,11246790671262470,11246790671282090,1781444304347641880,1781444304347661500
1961865,1973184,Host(NUMA 7),Device ?,0.01,19.00,0.32,11246790671311480,11246790671330480,1781444304347799110,1781444304347818110
1961865,1973184,Host(NUMA 7),Device ?,0.01,23.45,0.35,11246790671363280,11246790671386730,1781444304347975170,1781444304347998620
1961865,1973184,Host(NUMA 7),Device ?,0.02,25.09,0.65,11246790671418300,11246790671443390,1781444304348130890,1781444304348155980
1961865,1973184,Host(NUMA 7),Device ?,0.02,19.62,0.84,11246790671472940,11246790671492560,1781444304348289050,1781444304348308670
1961865,1973184,Host(NUMA 7),Device ?,0.01,19.43,0.42,11246790671523080,11246790671542510,1781444304348448190,1781444304348467620
1961865,1973184,Host(NUMA 7),Device ?,0.01,19.71,0.42,11246790671571520,11246790671591230,1781444304348604010,1781444304348623720
1961865,1973184,Host(NUMA 7),Device ?,0.02,18.88,0.87,11246790671621080,11246790671639960,1781444304348761070,1781444304348779950
1961865,1973184,Host(NUMA 7),Device ?,0.02,17.62,0.93,11246790671670060,11246790671687680,1781444304348917470,1781444304348935090
1961865,1973184,Host(NUMA 7),Device ?,0.01,17.96,0.34,11246790671716400,11246790671734360,1781444304349072680,1781444304349090640
1961865,1973184,Host(NUMA 7),Device ?,0.01,22.64,0.36,11246790671762790,11246790671785430,1781444304349236590,1781444304349259230
1961865,1973184,Host(NUMA 7),Device ?,0.02,19.96,0.82,11246790671814300,11246790671834260,1781444304349399950,1781444304349419910
1961865,1973184,Host(NUMA 7),Device ?,0.02,20.61,0.79,11246790671862420,11246790671883030,1781444304349559500,1781444304349580110
1961865,1973184,Host(NUMA 7),Device ?,0.01,23.22,0.35,11246790671911950,11246790671935170,1781444304349715620,1781444304349738840
1961865,1973184,Host(NUMA 7),Device ?,0.01,20.16,0.41,11246790671964270,11246790671984430,1781444304349877810,1781444304349897970
1961865,1973184,Host(NUMA 7),Device ?,0.02,21.50,0.76,11246790672029580,11246790672051080,1781444304350033440,1781444304350054940
1961865,1973184,Host(NUMA 7),Device ?,0.02,19.49,0.84,11246790672082780,11246790672102270,1781444304350193840,1781444304350213330
1961865,1973184,Host(NUMA 7),Device ?,0.01,19.80,0.31,11246790672131570,11246790672151370,1781444304350349800,1781444304350369600
1961865,1973184,Host(NUMA 7),Device ?,0.01,22.73,0.36,11246790672180170,11246790672202900,1781444304350505480,1781444304350528210
1961865,1973184,Host(NUMA 7),Device ?,0.02,18.44,0.89,11246790672230200,11246790672248640,1781444304350666050,1781444304350684490
1961865,1973184,Host(NUMA 7),Device ?,0.02,18.43,0.89,11246790672276910,11246790672295340,1781444304350819930,1781444304350838360
1961865,1973184,Host(NUMA 7),Device ?,0.01,19.85,0.41,11246790672324020,11246790672343870,1781444304351009870,1781444304351029720
1961865,1973184,Host(NUMA 7),Device ?,0.01,19.26,0.43,11246790672373360,11246790672392620,1781444304351197420,1781444304351216680
1961865,1973184,Host(NUMA 7),Device ?,0.02,19.34,0.85,11246790672424690,11246790672444030,1781444304351358280,1781444304351377620
1961865,1973184,Host(NUMA 7),Device ?,0.02,20.18,0.81,11246790672473300,11246790672493480,1781444304351514340,1781444304351534520
1961865,1973184,Host(NUMA 7),Device ?,0.01,20.54,0.30,11246790672522960,11246790672543500,1781444304351671410,1781444304351691950
1961865,1973184,Host(NUMA 7),Device ?,0.01,21.79,0.38,11246790672570650,11246790672592440,1781444304351824240,1781444304351846030
1961865,1973184,Host(NUMA 7),Device ?,0.02,20.34,0.81,11246790672620630,11246790672640970,1781444304351982920,1781444304352003260
1961865,1973184,Host(NUMA 7),Device ?,0.02,19.60,0.84,11246790672669990,11246790672689590,1781444304352138420,1781444304352158020
1961865,1973184,Host(NUMA 7),Device ?,0.01,24.42,0.34,11246790672718450,11246790672742870,1781444304352287380,1781444304352311800
1961865,1973184,Host(NUMA 7),Device ?,0.01,21.09,0.39,11246790672772420,11246790672793510,1781444304352444310,1781444304352465400
1961865,1973184,Host(NUMA 7),Device ?,0.02,19.76,0.83,11246790672823760,11246790672843520,1781444304352597430,1781444304352617190
1961865,1973184,Host(NUMA 7),Device ?,0.02,19.40,0.84,11246790672872860,11246790672892260,1781444304352753720,1781444304352773120
1961865,1973184,Host(NUMA 7),Device ?,0.01,19.47,0.32,11246790672919790,11246790672939260,1781444304352906600,1781444304352926070
1961865,1973184,Host(NUMA 7),Device ?,0.01,22.40,0.37,11246790672968210,11246790672990610,1781444304353058500,1781444304353080900
1961865,1973184,Host(NUMA 7),Device ?,0.02,18.91,0.87,11246790673020770,11246790673039680,1781444304353214440,1781444304353233350
1961865,1973184,Host(NUMA 7),Device ?,0.02,18.27,0.90,11246790673069420,11246790673087690,1781444304353368500,1781444304353386770
1961865,1973184,Host(NUMA 7),Device ?,0.01,18.70,0.44,11246790673118200,11246790673136900,1781444304353520310,1781444304353539010
1961865,1973184,Host(NUMA 7),Device ?,0.01,19.70,0.42,11246790673170430,11246790673190130,1781444304353671400,1781444304353691100
1961865,1973184,Host(NUMA 7),Device ?,0.02,18.01,0.91,11246790673220810,11246790673238820,1781444304353830040,1781444304353848050
1961865,1973184,Host(NUMA 7),Device ?,0.02,19.14,0.86,11246790673268520,11246790673287660,1781444304353985990,1781444304354005130
1961865,1973184,Host(NUMA 7),Device ?,0.01,18.92,0.32,11246790673316410,11246790673335330,1781444304354140840,1781444304354159760
1961865,1973184,Host(NUMA 7),Device ?,0.01,22.20,0.37,11246790673368670,11246790673390870,1781444304354304500,1781444304354326700
1961865,1973184,Host(NUMA 7),Device ?,0.02,18.79,0.87,11246790673422460,11246790673441250,1781444304354459780,1781444304354478570
1961865,1973184,Host(NUMA 7),Device ?,0.02,22.36,0.73,11246790673473810,11246790673496170,1781444304354631530,1781444304354653890
1961865,1973184,Host(NUMA 7),Device ?,0.01,24.89,0.33,11246790673526980,11246790673551870,1781444304354793370,1781444304354818260
1961865,1973184,Host(NUMA 7),Device ?,0.01,20.48,0.40,11246790673581250,11246790673601730,1781444304355002260,1781444304355022740
1961865,1973184,Host(NUMA 7),Device ?,0.02,19.61,0.84,11246790673630900,11246790673650510,1781444304355169920,1781444304355189530
1961865,1973184,Host(NUMA 7),Device ?,0.02,20.23,0.81,11246790673679950,11246790673700180,1781444304355329210,1781444304355349440
1961865,1973184,Host(NUMA 7),Device ?,0.01,19.32,0.32,11246790673727340,11246790673746660,1781444304355486930,1781444304355506250
1961865,1973184,Host(NUMA 7),Device ?,0.01,23.98,0.34,11246790673775730,11246790673799710,1781444304355636370,1781444304355660350
1961865,1973184,Host(NUMA 7),Device ?,0.02,19.01,0.86,11246790673829570,11246790673848580,1781444304355797090,1781444304355816100
1961865,1973184,Host(NUMA 7),Device ?,0.02,20.70,0.79,11246790673880870,11246790673901570,1781444304355950740,1781444304355971440
1961865,1973184,Host(NUMA 7),Device ?,0.01,23.10,0.35,11246790673930640,11246790673953740,1781444304356121240,1781444304356144340
1961865,1973184,Host(NUMA 7),Device ?,0.01,20.56,0.40,11246790673983870,11246790674004430,1781444304356276380,1781444304356296940
1961865,1973184,Host(NUMA 7),Device ?,0.02,20.16,0.81,11246790674034660,11246790674054820,1781444304356433430,1781444304356453590
1961865,1973184,Host(NUMA 7),Device ?,0.02,18.55,0.88,11246790674085840,11246790674104390,1781444304356588960,1781444304356607510
1961865,1973184,Host(NUMA 7),Device ?,0.01,20.75,0.30,11246790674134610,11246790674155360,1781444304356741330,1781444304356762080
1961865,1973184,Host(NUMA 7),Device ?,0.01,22.92,0.36,11246790674184760,11246790674207680,1781444304356895950,1781444304356918870
1961865,1973184,Host(NUMA 7),Device ?,0.02,19.34,0.85,11246790674238250,11246790674257590,1781444304357053960,1781444304357073300
1961865,1973184,Host(NUMA 7),Device ?,0.02,19.43,0.84,11246790674285790,11246790674305220,1781444304357207760,1781444304357227190
1961865,1973184,Host(NUMA 7),Device ?,0.01,22.54,0.36,11246790674334790,11246790674357330,1781444304357361080,1781444304357383620
1961865,1973184,Host(NUMA 7),Device ?,0.01,19.38,0.42,11246790674386450,11246790674405830,1781444304357531120,1781444304357550500
1961865,1973184,Host(NUMA 7),Device ?,0.02,20.07,0.82,11246790674433830,11246790674453900,1781444304357684000,1781444304357704070
1961865,1973184,Host(NUMA 7),Device ?,0.02,19.50,0.84,11246790674480510,11246790674500010,1781444304357838150,1781444304357857650
1961865,1973184,Host(NUMA 7),Device ?,0.01,19.27,0.32,11246790674528210,11246790674547480,1781444304357990280,1781444304358009550
1961865,1973184,Host(NUMA 7),Device ?,0.01,23.79,0.34,11246790674575540,11246790674599330,1781444304358139220,1781444304358163010
1961865,1973184,Host(NUMA 7),Device ?,0.02,19.39,0.84,11246790674628310,11246790674647700,1781444304358294340,1781444304358313730
1961865,1973184,Host(NUMA 7),Device ?,0.02,19.71,0.83,11246790674676090,11246790674695800,1781444304358450050,1781444304358469760
1961865,1973184,Host(NUMA 7),Device ?,0.01,22.88,0.36,11246790674724200,11246790674747080,1781444304358600220,1781444304358623100
1961865,1973184,Host(NUMA 7),Device ?,0.01,21.66,0.38,11246790674776190,11246790674797850,1781444304358756020,1781444304358777680
1961865,1973184,Host(NUMA 7),Device ?,0.02,17.93,0.91,11246790674825040,11246790674842970,1781444304358926310,1781444304358944240
1961865,1973184,Host(NUMA 7),Device ?,0.02,18.69,0.88,11246790674870490,11246790674889180,1781444304359085030,1781444304359103720
1961865,1973184,Host(NUMA 7),Device ?,0.01,19.33,0.32,11246790674916640,11246790674935970,1781444304359237920,1781444304359257250
1961865,1973184,Host(NUMA 7),Device ?,0.01,23.74,0.35,11246790674963760,11246790674987500,1781444304359390030,1781444304359413770
1961865,1973184,Host(NUMA 7),Device ?,0.02,19.84,0.83,11246790675020180,11246790675040020,1781444304359547690,1781444304359567530
1961865,1973184,Host(NUMA 7),Device ?,0.02,19.29,0.85,11246790675070000,11246790675089290,1781444304359701400,1781444304359720690
1961865,1973184,Host(NUMA 7),Device ?,0.01,21.05,0.39,11246790675118940,11246790675139990,1781444304359853100,1781444304359874150
1961865,1973184,Host(NUMA 7),Device ?,0.01,19.39,0.42,11246790675169150,11246790675188540,1781444304360009400,1781444304360028790
1961865,1973184,Host(NUMA 7),Device ?,0.02,19.36,0.85,11246790675217770,11246790675237130,1781444304360164700,1781444304360184060
1961865,1973184,Host(NUMA 7),Device ?,0.02,19.99,0.82,11246790675266580,11246790675286570,1781444304360334170,1781444304360354160
1961865,1973184,Host(NUMA 7),Device ?,0.01,19.99,0.31,11246790675315480,11246790675335470,1781444304360492340,1781444304360512330
1961865,1973184,Host(NUMA 7),Device ?,0.01,24.46,0.33,11246790675363590,11246790675388050,1781444304360657560,1781444304360682020
1961865,1973184,Host(NUMA 7),Device ?,0.02,20.75,0.79,11246790675418660,11246790675439410,1781444304360821070,1781444304360841820
1961865,1973184,Host(NUMA 7),Device ?,0.02,20.02,0.82,11246790675469480,11246790675489500,1781444304360976300,1781444304360996320
1961865,1973184,Host(NUMA 7),Device ?,0.01,20.53,0.40,11246790675518350,11246790675538880,1781444304361140180,1781444304361160710
1961865,1973184,Host(NUMA 7),Device ?,0.01,19.14,0.43,11246790675566750,11246790675585890,1781444304361297300,1781444304361316440
1961865,1973184,Host(NUMA 7),Device ?,0.02,20.14,0.81,11246790675613420,11246790675633560,1781444304361447170,1781444304361467310
1961865,1973184,Host(NUMA 7),Device ?,0.02,19.37,0.85,11246790675662210,11246790675681580,1781444304361602540,1781444304361621910
1961865,1973184,Host(NUMA 7),Device ?,0.01,19.37,0.32,11246790675708020,11246790675727390,1781444304361755640,1781444304361775010
1961865,1973184,Host(NUMA 7),Device ?,0.01,23.92,0.34,11246790675752750,11246790675776670,1781444304361905050,1781444304361928970
1961865,1973184,Host(NUMA 7),Device ?,0.02,19.47,0.84,11246790675804200,11246790675823670,1781444304362062290,1781444304362081760
1961865,1973184,Host(NUMA 7),Device ?,0.02,18.60,0.88,11246790675851290,11246790675869890,1781444304362215770,1781444304362234370
1961865,1973184,Host(NUMA 7),Device ?,0.01,18.58,0.44,11246790675899290,11246790675917870,1781444304362368710,1781444304362387290
1961865,1973184,Host(NUMA 7),Device ?,0.01,18.73,0.44,11246790675945440,11246790675964170,1781444304362523600,1781444304362542330
1961865,1973184,Host(NUMA 7),Device ?,0.02,33.15,0.49,11246790675991440,11246790676024590,1781444304362662750,1781444304362695900
1961865,1973184,Host(NUMA 7),Device ?,0.02,21.59,0.76,11246790676052420,11246790676074010,1781444304362828390,1781444304362849980
1961865,1973184,Host(NUMA 7),Device ?,0.01,20.13,0.31,11246790676102270,11246790676122400,1781444304362996020,1781444304363016150
1961865,1973184,Host(NUMA 7),Device ?,0.01,24.97,0.33,11246790676150000,11246790676174970,1781444304363150380,1781444304363175350
1961865,1973184,Host(NUMA 7),Device ?,0.02,18.92,0.87,11246790676202520,11246790676221440,1781444304363309890,1781444304363328810
1961865,1973184,Host(NUMA 7),Device ?,0.02,19.33,0.85,11246790676249870,11246790676269200,1781444304363463120,1781444304363482450
1961865,1973184,Host(NUMA 7),Device ?,0.01,17.74,0.46,11246790676298130,11246790676315870,1781444304363618590,1781444304363636330
1961865,1973184,Host(NUMA 7),Device ?,0.01,20.48,0.40,11246790676341740,11246790676362220,1781444304363781790,1781444304363802270
1961865,1973184,Host(NUMA 7),Device ?,0.02,19.75,0.83,11246790676390170,11246790676409920,1781444304363936900,1781444304363956650
1961865,1973184,Host(NUMA 7),Device ?,0.02,19.72,0.83,11246790676439570,11246790676459290,1781444304364091610,1781444304364111330
1961865,1973184,Host(NUMA 7),Device ?,0.01,19.53,0.31,11246790676488120,11246790676507650,1781444304364259420,1781444304364278950
1961865,1973184,Host(NUMA 7),Device ?,0.01,23.01,0.36,11246790676535930,11246790676558940,1781444304364410230,1781444304364433240
1961865,1973184,Host(NUMA 7),Device ?,0.02,18.86,0.87,11246790676586000,11246790676604860,1781444304364568280,1781444304364587140
1961865,1973184,Host(NUMA 7),Device ?,0.02,17.17,0.95,11246790676631330,11246790676648500,1781444304364723200,1781444304364740370
1961865,1973184,Host(NUMA 7),Device ?,0.01,21.56,0.38,11246790676674900,11246790676696460,1781444304364874490,1781444304364896050
1961865,1973184,Host(NUMA 7),Device ?,0.01,20.97,0.39,11246790676723910,11246790676744880,1781444304365030510,1781444304365051480
1961865,1973184,Host(NUMA 7),Device ?,0.02,19.67,0.83,11246790676774700,11246790676794370,1781444304365186580,1781444304365206250
1961865,1973184,Host(NUMA 7),Device ?,0.02,19.28,0.85,11246790676823490,11246790676842770,1781444304365340360,1781444304365359640
1961865,1973184,Host(NUMA 7),Device ?,0.01,17.75,0.35,11246790676871460,11246790676889210,1781444304365495380,1781444304365513130
1961865,1973184,Host(NUMA 7),Device ?,0.01,22.87,0.36,11246790676916180,11246790676939050,1781444304365641720,1781444304365664590
1961865,1973184,Host(NUMA 7),Device ?,0.02,18.83,0.87,11246790676968820,11246790676987650,1781444304365802250,1781444304365821080
1961865,1973184,Host(NUMA 7),Device ?,0.02,18.99,0.86,11246790677016270,11246790677035260,1781444304365979300,1781444304365998290
1961865,1973184,Host(NUMA 7),Device ?,0.01,26.05,0.31,11246790677061660,11246790677087710,1781444304366132860,1781444304366158910
1961865,1973184,Host(NUMA 7),Device ?,0.01,19.37,0.42,11246790677115510,11246790677134880,1781444304366295130,1781444304366314500
1961865,1973184,Host(NUMA 7),Device ?,0.02,22.83,0.72,11246790677162950,11246790677185780,1781444304366445070,1781444304366467900
1961865,1973184,Host(NUMA 7),Device ?,0.02,18.53,0.88,11246790677215600,11246790677234130,1781444304366603430,1781444304366621960
1961865,1973184,Host(NUMA 7),Device ?,0.01,17.68,0.35,11246790677261450,11246790677279130,1781444304366756650,1781444304366774330
1961865,1973184,Host(NUMA 7),Device ?,0.01,23.96,0.34,11246790677305580,11246790677329540,1781444304366934470,1781444304366958430
1961865,1973184,Host(NUMA 7),Device ?,0.02,19.07,0.86,11246790677357540,11246790677376610,1781444304367118610,1781444304367137680
1961865,1973184,Host(NUMA 7),Device ?,0.02,21.54,0.76,11246790677403090,11246790677424630,1781444304367272460,1781444304367294000
1961865,1973184,Host(NUMA 7),Device ?,0.01,23.03,0.36,11246790677451780,11246790677474810,1781444304367432920,1781444304367455950
1961865,1973184,Host(NUMA 7),Device ?,0.01,20.10,0.41,11246790677500430,11246790677520530,1781444304367591330,1781444304367611430
1961865,1973184,Host(NUMA 7),Device ?,0.02,19.56,0.84,11246790677547050,11246790677566610,1781444304367748070,1781444304367767630
1961865,1973184,Host(NUMA 7),Device ?,0.02,20.36,0.80,11246790677593690,11246790677614050,1781444304367903550,1781444304367923910
1961865,1973184,Host(NUMA 7),Device ?,0.01,20.16,0.30,11246790677641860,11246790677662020,1781444304368056170,1781444304368076330
1961865,1973184,Host(NUMA 7),Device ?,0.01,24.63,0.33,11246790677692220,11246790677716850,1781444304368207130,1781444304368231760
1961865,1973184,Host(NUMA 7),Device ?,0.02,26.30,0.62,11246790677745040,11246790677771340,1781444304368359690,1781444304368385990
1961865,1973184,Host(NUMA 7),Device ?,0.02,20.81,0.79,11246790677800390,11246790677821200,1781444304368519110,1781444304368539920
1961865,1973184,Host(NUMA 7),Device ?,0.01,21.17,0.39,11246790677849310,11246790677870480,1781444304368674810,1781444304368695980
1961865,1973184,Host(NUMA 7),Device ?,0.01,19.84,0.41,11246790677898900,11246790677918740,1781444304368829730,1781444304368849570
1961865,1973184,Host(NUMA 7),Device ?,0.02,19.44,0.84,11246790677948670,11246790677968110,1781444304368981780,1781444304369001220
1961865,1973184,Host(NUMA 7),Device ?,0.02,19.58,0.84,11246790677996270,11246790678015850,1781444304369135170,1781444304369154750
1961865,1973184,Host(NUMA 7),Device ?,0.01,18.49,0.33,11246790678044540,11246790678063030,1781444304369289920,1781444304369308410
1961865,1973184,Host(NUMA 7),Device ?,0.01,20.61,0.40,11246790678089670,11246790678110280,1781444304369439890,1781444304369460500
1961865,1973184,Host(NUMA 7),Device ?,0.02,20.02,0.82,11246790678138550,11246790678158570,1781444304369593440,1781444304369613460
1961865,1973184,Host(NUMA 7),Device ?,0.02,19.53,0.84,11246790678187770,11246790678207300,1781444304369745380,1781444304369764910
1961865,1973184,Host(NUMA 7),Device ?,0.01,19.75,0.41,11246790678241840,11246790678261590,1781444304369897490,1781444304369917240
1961865,1973184,Host(NUMA 7),Device ?,0.01,17.49,0.47,11246790678289670,11246790678307160,1781444304370055860,1781444304370073350
1961865,1973184,Host(NUMA 7),Device ?,0.02,18.51,0.89,11246790678334480,11246790678352990,1781444304370222230,1781444304370240740
1961865,1973184,Host(NUMA 7),Device ?,0.02,19.36,0.85,11246790678383360,11246790678402720,1781444304370376810,1781444304370396170
1961865,1973184,Host(NUMA 7),Device ?,0.01,20.90,0.29,11246790678431290,11246790678452190,1781444304370529420,1781444304370550320
1961865,1973184,Host(NUMA 7),Device ?,0.01,24.29,0.34,11246790678479290,11246790678503580,1781444304370678810,1781444304370703100
1961865,1973184,Host(NUMA 7),Device ?,0.02,19.69,0.83,11246790678532890,11246790678552580,1781444304370837050,1781444304370856740
1961865,1973184,Host(NUMA 7),Device ?,0.02,20.65,0.79,11246790678581240,11246790678601890,1781444304371023570,1781444304371044220
1961865,1973184,Host(NUMA 7),Device ?,0.01,19.57,0.42,11246790678629810,11246790678649380,1781444304371182580,1781444304371202150
1961865,1973184,Host(NUMA 7),Device ?,0.01,20.02,0.41,11246790678676690,11246790678696710,1781444304371334990,1781444304371355010
1961865,1973184,Host(NUMA 7),Device ?,0.02,20.20,0.81,11246790678725630,11246790678745830,1781444304371500600,1781444304371520800
1961865,1973184,Host(NUMA 7),Device ?,0.02,19.29,0.85,11246790678773400,11246790678792690,1781444304371656840,1781444304371676130
1961865,1973184,Host(NUMA 7),Device ?,0.01,21.36,0.29,11246790678820400,11246790678841760,1781444304371809490,1781444304371830850
1961865,1973184,Host(NUMA 7),Device ?,0.01,19.24,0.43,11246790678872460,11246790678891700,1781444304371964770,1781444304371984010
1961865,1973184,Host(NUMA 7),Device ?,0.02,20.52,0.80,11246790678919590,11246790678940110,1781444304372116210,1781444304372136730
1961865,1973184,Host(NUMA 7),Device ?,0.02,17.29,0.95,11246790678967490,11246790678984780,1781444304372275890,1781444304372293180
1961865,1973184,Host(NUMA 7),Device ?,0.01,20.21,0.41,11246790679012510,11246790679032720,1781444304372426020,1781444304372446230
1961865,1973184,Host(NUMA 7),Device ?,0.01,19.05,0.43,11246790679061380,11246790679080430,1781444304372579830,1781444304372598880
1961865,1973184,Host(NUMA 7),Device ?,0.02,21.42,0.76,11246790679108590,11246790679130010,1781444304372732800,1781444304372754220
1961865,1973184,Host(NUMA 7),Device ?,0.02,18.10,0.91,11246790679158430,11246790679176530,1781444304372887500,1781444304372905600
1961865,1973184,Host(NUMA 7),Device ?,0.01,22.34,0.28,11246790679203430,11246790679225770,1781444304373033920,1781444304373056260
1961865,1973184,Host(NUMA 7),Device ?,0.01,22.71,0.36,11246790679254100,11246790679276810,1781444304373189980,1781444304373212690
1961865,1973184,Host(NUMA 7),Device ?,0.02,19.84,0.83,11246790679305360,11246790679325200,1781444304373359330,1781444304373379170
1961865,1973184,Host(NUMA 7),Device ?,0.02,19.73,0.83,11246790679352170,11246790679371900,1781444304373513630,1781444304373533360
1961865,1973184,Host(NUMA 7),Device ?,0.01,26.92,0.30,11246790679400530,11246790679427450,1781444304373659470,1781444304373686390
1961865,1973184,Host(NUMA 7),Device ?,0.01,19.43,0.42,11246790679454980,11246790679474410,1781444304373829930,1781444304373849360
1961865,1973184,Host(NUMA 7),Device ?,0.02,19.55,0.84,11246790679500550,11246790679520100,1781444304373988900,1781444304374008450
1961865,1973184,Host(NUMA 7),Device ?,0.02,20.20,0.81,11246790679547440,11246790679567640,1781444304374142880,1781444304374163080
1961865,1973184,Host(NUMA 7),Device ?,0.01,18.89,0.33,11246790679595440,11246790679614330,1781444304374295490,1781444304374314380
1961865,1973184,Host(NUMA 7),Device ?,0.01,23.33,0.35,11246790679641830,11246790679665160,1781444304374446220,1781444304374469550
1961865,1973184,Host(NUMA 7),Device ?,0.02,18.95,0.86,11246790679692920,11246790679711870,1781444304374606060,1781444304374625010
1961865,1973184,Host(NUMA 7),Device ?,0.02,20.75,0.79,11246790679739410,11246790679760160,1781444304374757940,1781444304374778690
1961865,1973184,Host(NUMA 7),Device ?,0.01,24.53,0.33,11246790679788600,11246790679813130,1781444304374919170,1781444304374943700
1961865,1973184,Host(NUMA 7),Device ?,0.01,20.72,0.40,11246790679842280,11246790679863000,1781444304375084770,1781444304375105490
1961865,1973184,Host(NUMA 7),Device ?,0.02,18.75,0.87,11246790679891840,11246790679910590,1781444304375240940,1781444304375259690
1961865,1973184,Host(NUMA 7),Device ?,0.02,19.50,0.84,11246790679938690,11246790679958190,1781444304375394800,1781444304375414300
1961865,1973184,Host(NUMA 7),Device ?,0.01,26.92,0.23,11246790679988240,11246790680015160,1781444304375541770,1781444304375568690
1961865,1973184,Host(NUMA 7),Device ?,0.01,23.80,0.34,11246790680045820,11246790680069620,1781444304375701310,1781444304375725110
1961865,1973184,Host(NUMA 7),Device ?,0.02,24.70,0.66,11246790680096930,11246790680121630,1781444304375866440,1781444304375891140
1961865,1973184,Host(NUMA 7),Device ?,0.02,20.65,0.79,11246790680149480,11246790680170130,1781444304376025420,1781444304376046070
1961865,1973184,Host(NUMA 7),Device ?,0.01,18.24,0.45,11246790680197840,11246790680216080,1781444304376179670,1781444304376197910
1961865,1973184,Host(NUMA 7),Device ?,0.01,16.46,0.50,11246790680241840,11246790680258300,1781444304376334340,1781444304376350800
1961865,1973184,Host(NUMA 7),Device ?,0.02,17.94,0.91,11246790680285240,11246790680303180,1781444304376500770,1781444304376518710
1961865,1973184,Host(NUMA 7),Device ?,0.02,18.26,0.90,11246790680331870,11246790680350130,1781444304376656600,1781444304376674860
1961865,1973184,Host(NUMA 7),Device ?,0.01,19.41,0.32,11246790680381650,11246790680401060,1781444304376810610,1781444304376830020
1961865,1973184,Host(NUMA 7),Device ?,0.01,23.40,0.35,11246790680430590,11246790680453990,1781444304376976310,1781444304376999710
1961865,1973184,Host(NUMA 7),Device ?,0.02,19.45,0.84,11246790680483890,11246790680503340,1781444304377136570,1781444304377156020
1961865,1973184,Host(NUMA 7),Device ?,0.02,20.60,0.80,11246790680531260,11246790680551860,1781444304377291630,1781444304377312230
1961865,1973184,Host(NUMA 7),Device ?,0.01,23.21,0.35,11246790680581090,11246790680604300,1781444304377444630,1781444304377467840
1961865,1973184,Host(NUMA 7),Device ?,0.01,19.15,0.43,11246790680638380,11246790680657530,1781444304377601100,1781444304377620250
1961865,1973184,Host(NUMA 7),Device ?,0.02,18.45,0.89,11246790680683170,11246790680701620,1781444304377756560,1781444304377775010
1961865,1973184,Host(NUMA 7),Device ?,0.02,20.08,0.82,11246790680727910,11246790680747990,1781444304377909510,1781444304377929590
1961865,1973184,Host(NUMA 7),Device ?,0.01,20.26,0.30,11246790680777430,11246790680797690,1781444304378063500,1781444304378083760
1961865,1973184,Host(NUMA 7),Device ?,0.01,20.55,0.40,11246790680826680,11246790680847230,1781444304378215510,1781444304378236060
1961865,1973184,Host(NUMA 7),Device ?,0.02,18.64,0.88,11246790680876940,11246790680895580,1781444304378370660,1781444304378389300
1961865,1973184,Host(NUMA 7),Device ?,0.02,23.74,0.69,11246790680922090,11246790680945830,1781444304378516290,1781444304378540030
1961865,1973184,Host(NUMA 7),Device ?,0.01,19.14,0.43,11246790680973690,11246790680992830,1781444304378674760,1781444304378693900
1961865,1973184,Host(NUMA 7),Device ?,0.01,18.37,0.45,11246790681021300,11246790681039670,1781444304378830260,1781444304378848630
1961865,1973184,Host(NUMA 7),Device ?,0.02,19.41,0.84,11246790681067870,11246790681087280,1781444304379000200,1781444304379019610
1961865,1973184,Host(NUMA 7),Device ?,0.02,17.05,0.96,11246790681116400,11246790681133450,1781444304379161920,1781444304379178970
1961865,1973184,Host(NUMA 7),Device ?,0.01,19.26,0.32,11246790681161530,11246790681180790,1781444304379313910,1781444304379333170
1961865,1973184,Host(NUMA 7),Device ?,0.01,20.12,0.41,11246790681207140,11246790681227260,1781444304379465990,1781444304379486110
1961865,1973184,Host(NUMA 7),Device ?,0.02,20.14,0.81,11246790681255490,11246790681275630,1781444304379636510,1781444304379656650
1961865,1973184,Host(NUMA 7),Device ?,0.02,21.36,0.77,11246790681304890,11246790681326250,1781444304379794760,1781444304379816120
1961865,1973184,Host(NUMA 7),Device ?,0.01,23.16,0.35,11246790681354010,11246790681377170,1781444304379947500,1781444304379970660
1961865,1973184,Host(NUMA 7),Device ?,0.01,19.39,0.42,11246790681406030,11246790681425420,1781444304380105100,1781444304380124490
1961865,1973184,Host(NUMA 7),Device ?,0.02,19.23,0.85,11246790681454850,11246790681474080,1781444304380258020,1781444304380277250
1961865,1973184,Host(NUMA 7),Device ?,0.02,18.70,0.88,11246790681503390,11246790681522090,1781444304380413820,1781444304380432520
1961865,1973184,Host(NUMA 7),Device ?,509.88,28167.23,18.98,11246790681703730,11246790709870960,1781444304352415970,1781444304380583200
1961865,1973184,Host(NUMA 7),Device ?,24.00,1392.82,18.07,11246790709927330,11246790711320150,1781444304379398770,1781444304380791590
1961865,1973184,Host(NUMA 7),Device ?,8.00,520.68,16.11,11246790711361780,11246790711882460,1781444304380442980,1781444304380963660
1961865,1973184,Host(NUMA 7),Device ?,32.00,1897.19,17.69,11246790711923210,11246790713820400,1781444304379223810,1781444304381121000
1961865,1973184,Host(NUMA 7),Device ?,32.00,1826.77,18.37,11246790713864000,11246790715690770,1781444304379451030,1781444304381277800
1961865,1973184,Host(NUMA 7),Device ?,24.00,1439.75,17.48,11246790715729560,11246790717169310,1781444304379992870,1781444304381432620
1961865,1973184,Host(NUMA 7),Device ?,8.00,505.25,16.60,11246790717215960,11246790717721210,1781444304381081780,1781444304381587030
1961865,1973184,Host(NUMA 7),Device ?,32.00,1896.38,17.69,11246790717767480,11246790719663860,1781444304379843870,1781444304381740250
1961865,1973184,Host(NUMA 7),Device ?,32.00,1902.00,17.64,11246790719710690,11246790721612690,1781444304379992090,1781444304381894090
1961865,1973184,Host(NUMA 7),Device ?,24.00,1440.90,17.47,11246790721658150,11246790723099050,1781444304380605660,1781444304382046560
1961865,1973184,Host(NUMA 7),Device ?,8.00,571.18,14.69,11246790723139930,11246790723711110,1781444304381630160,1781444304382201340
1961865,1973184,Host(NUMA 7),Device ?,32.00,1898.01,17.68,11246790723751420,11246790725649430,1781444304380456400,1781444304382354410
1961865,1973184,Host(NUMA 7),Device ?,32.00,1909.36,17.57,11246790725696600,11246790727605960,1781444304380610210,1781444304382519570
1961865,1973184,Host(NUMA 7),Device ?,24.00,1412.10,17.82,11246790727651400,11246790729063500,1781444304381262880,1781444304382674980
1961865,1973184,Host(NUMA 7),Device ?,8.00,503.40,16.66,11246790729108690,11246790729612090,1781444304382340430,1781444304382843830
1961865,1973184,Host(NUMA 7),Device ?,32.00,1890.25,17.75,11246790729657810,11246790731548060,1781444304381136510,1781444304383026760
1961865,1973184,Host(NUMA 7),Device ?,32.00,1892.74,17.73,11246790731592350,11246790733485090,1781444304381294080,1781444304383186820
1961865,1973184,Host(NUMA 7),Device ?,24.00,1434.90,17.54,11246790733531600,11246790734966500,1781444304381926020,1781444304383360920
1961865,1973184,Host(NUMA 7),Device ?,8.00,575.92,14.57,11246790735012210,11246790735588130,1781444304382939120,1781444304383515040
1961865,1973184,Host(NUMA 7),Device ?,32.00,1857.29,18.07,11246790735632750,11246790737490040,1781444304381810760,1781444304383668050
1961865,1973184,Host(NUMA 7),Device ?,32.00,1854.08,18.10,11246790737535710,11246790739389790,1781444304381969920,1781444304383824000
1961865,1973184,Host(NUMA 7),Device ?,24.00,1466.58,17.16,11246790739443440,11246790740910020,1781444304382510930,1781444304383977510
1961865,1973184,Host(NUMA 7),Device ?,8.00,499.19,16.80,11246790740956060,11246790741455250,1781444304383630970,1781444304384130160
1961865,1973184,Host(NUMA 7),Device ?,32.00,1858.49,18.05,11246790741496980,11246790743355470,1781444304382428660,1781444304384287150
1961865,1973184,Host(NUMA 7),Device ?,32.00,1857.93,18.06,11246790743399580,11246790745257510,1781444304382582450,1781444304384440380
1961865,1973184,Host(NUMA 7),Device ?,24.00,1437.90,17.50,11246790745305610,11246790746743510,1781444304383155140,1781444304384593040
1961865,1973184,Host(NUMA 7),Device ?,8.00,493.38,17.00,11246790746785520,11246790747278900,1781444304384255960,1781444304384749340
1961865,1973184,Host(NUMA 7),Device ?,32.00,1893.89,17.72,11246790747319490,11246790749213380,1781444304383012400,1781444304384906290
1961865,1973184,Host(NUMA 7),Device ?,32.00,1855.32,18.09,11246790749255680,11246790751111000,1781444304383205660,1781444304385060980
1961865,1973184,Host(NUMA 7),Device ?,24.00,1417.56,17.75,11246790751152880,11246790752570440,1781444304383797020,1781444304385214580
1961865,1973184,Host(NUMA 7),Device ?,8.00,470.05,17.85,11246790752609070,11246790753079120,1781444304384900970,1781444304385371020
1961865,1973184,Host(NUMA 7),Device ?,32.00,1857.43,18.06,11246790753123240,11246790754980670,1781444304383666030,1781444304385523460
1961865,1973184,Host(NUMA 7),Device ?,32.00,1886.74,17.78,11246790755024220,11246790756910960,1781444304383794320,1781444304385681060
1961865,1973184,Host(NUMA 7),Device ?,24.00,1423.68,17.68,11246790756957030,11246790758380710,1781444304384433870,1781444304385857550
1961865,1973184,Host(NUMA 7),Device ?,8.00,475.22,17.65,11246790758421230,11246790758896450,1781444304385550540,1781444304386025760
1961865,1973184,Host(NUMA 7),Device ?,32.00,1892.44,17.73,11246790758932640,11246790760825080,1781444304384290300,1781444304386182740
1961865,1973184,Host(NUMA 7),Device ?,32.00,1906.29,17.60,11246790760863760,11246790762770050,1781444304384430890,1781444304386337180
1961865,1973184,Host(NUMA 7),Device ?,24.00,1413.82,17.80,11246790762815600,11246790764229420,1781444304385076640,1781444304386490460
1961865,1973184,Host(NUMA 7),Device ?,8.00,511.37,16.40,11246790764272690,11246790764784060,1781444304386135860,1781444304386647230
1961865,1973184,Host(NUMA 7),Device ?,32.00,1845.00,18.19,11246790764823580,11246790766668580,1781444304384954590,1781444304386799590
1961865,1973184,Host(NUMA 7),Device ?,32.00,1902.46,17.64,11246790766706910,11246790768609370,1781444304385067270,1781444304386969730
1961865,1973184,Host(NUMA 7),Device ?,24.00,1438.41,17.50,11246790768651010,11246790770089420,1781444304385690800,1781444304387129210
1961865,1973184,Host(NUMA 7),Device ?,8.00,553.65,15.15,11246790770130040,11246790770683690,1781444304386732660,1781444304387286310
1961865,1973184,Host(NUMA 7),Device ?,32.00,1869.68,17.95,11246790770723890,11246790772593570,1781444304385571590,1781444304387441270
1961865,1973184,Host(NUMA 7),Device ?,32.00,1877.83,17.87,11246790772634000,11246790774511830,1781444304385717930,1781444304387595760
1961865,1973184,Host(NUMA 7),Device ?,24.00,1466.57,17.16,11246790774552660,11246790776019230,1781444304386282700,1781444304387749270
1961865,1973184,Host(NUMA 7),Device ?,8.00,488.05,17.19,11246790776058850,11246790776546900,1781444304387417870,1781444304387905920
1961865,1973184,Host(NUMA 7),Device ?,32.00,1863.41,18.01,11246790776592170,11246790778455580,1781444304386213410,1781444304388076820
1961865,1973184,Host(NUMA 7),Device ?,32.00,1869.78,17.95,11246790778500020,11246790780369800,1781444304386363170,1781444304388232950
1961865,1973184,Host(NUMA 7),Device ?,24.00,1452.63,17.32,11246790780414450,11246790781867080,1781444304386934240,1781444304388386870
1961865,1973184,Host(NUMA 7),Device ?,8.00,494.19,16.97,11246790781908140,11246790782402330,1781444304388046530,1781444304388540720
1961865,1973184,Host(NUMA 7),Device ?,32.00,1863.54,18.01,11246790782442590,11246790784306130,1781444304386830930,1781444304388694470
1961865,1973184,Host(NUMA 7),Device ?,32.00,1890.08,17.75,11246790784345290,11246790786235370,1781444304386959030,1781444304388849110
1961865,1973184,Host(NUMA 7),Device ?,24.00,1461.43,17.22,11246790786274550,11246790787735980,1781444304387543330,1781444304389004760
1961865,1973184,Host(NUMA 7),Device ?,8.00,501.77,16.72,11246790787775970,11246790788277740,1781444304388672080,1781444304389173850
1961865,1973184,Host(NUMA 7),Device ?,32.00,1880.56,17.84,11246790788316400,11246790790196960,1781444304387452360,1781444304389332920
1961865,1973184,Host(NUMA 7),Device ?,32.00,1887.60,17.78,11246790790237700,11246790792125300,1781444304387599550,1781444304389487150
1961865,1973184,Host(NUMA 7),Device ?,24.00,1427.37,17.63,11246790792164500,11246790793591870,1781444304388214490,1781444304389641860
1961865,1973184,Host(NUMA 7),Device ?,8.00,465.58,18.02,11246790793629850,11246790794095430,1781444304389328300,1781444304389793880
1961865,1973184,Host(NUMA 7),Device ?,32.00,1900.15,17.66,11246790794133050,11246790796033200,1781444304388047160,1781444304389947310
1961865,1973184,Host(NUMA 7),Device ?,32.00,1876.46,17.88,11246790796071700,11246790797948160,1781444304388223900,1781444304390100360
1961865,1973184,Host(NUMA 7),Device ?,24.00,1424.99,17.66,11246790797986440,11246790799411430,1781444304388827230,1781444304390252220
1961865,1973184,Host(NUMA 7),Device ?,8.00,526.16,15.94,11246790799450210,11246790799976370,1781444304389879980,1781444304390406140
1961865,1973184,Host(NUMA 7),Device ?,32.00,1869.13,17.95,11246790800028060,11246790801897190,1781444304388703420,1781444304390572550
1961865,1973184,Host(NUMA 7),Device ?,32.00,1855.59,18.08,11246790801935540,11246790803791130,1781444304388875270,1781444304390730860
1961865,1973184,Host(NUMA 7),Device ?,24.00,1417.55,17.75,11246790803830810,11246790805248360,1781444304389466500,1781444304390884050
1961865,1973184,Host(NUMA 7),Device ?,8.00,518.46,16.18,11246790805289090,11246790805807550,1781444304390537650,1781444304391056110
1961865,1973184,Host(NUMA 7),Device ?,32.00,1882.98,17.82,11246790805852490,11246790807735470,1781444304389330890,1781444304391213870
1961865,1973184,Host(NUMA 7),Device ?,32.00,1850.01,18.14,11246790807777600,11246790809627610,1781444304389520410,1781444304391370420
1961865,1973184,Host(NUMA 7),Device ?,24.00,1424.62,17.66,11246790809666880,11246790811091500,1781444304390102400,1781444304391527020
1961865,1973184,Host(NUMA 7),Device ?,8.00,460.22,18.23,11246790811129360,11246790811589580,1781444304391223700,1781444304391683920
1961865,1973184,Host(NUMA 7),Device ?,32.00,1864.78,17.99,11246790811628470,11246790813493250,1781444304389975610,1781444304391840390
1961865,1973184,Host(NUMA 7),Device ?,32.00,1894.58,17.71,11246790813539740,11246790815434320,1781444304390098960,1781444304391993540
1961865,1973184,Host(NUMA 7),Device ?,24.00,1438.26,17.50,11246790815478290,11246790816916550,1781444304390710650,1781444304392148910
1961715,1975287,Host(NUMA 3),Device ?,4.00,463.10,9.06,11246790707628670,11246790708091770,1781444304391997020,1781444304392460120
1961715,1975287,Host(NUMA 3),Device ?,16.00,936.45,17.92,11246790708133560,11246790709070010,1781444304391695760,1781444304392632210
1961715,1975287,Host(NUMA 3),Device ?,16.00,904.22,18.55,11246790709115770,11246790710019990,1781444304391885890,1781444304392790110
1961715,1975287,Host(NUMA 3),Device ?,12.00,626.96,20.07,11246790710070680,11246790710697640,1781444304392328790,1781444304392955750
1961715,1975287,Host(NUMA 3),Device ?,4.00,329.00,12.75,11246790710741930,11246790711070930,1781444304392787840,1781444304393116840
1961715,1975287,Host(NUMA 3),Device ?,16.00,1298.95,12.92,11246790711114600,11246790712413550,1781444304391975610,1781444304393274560
1961715,1975287,Host(NUMA 3),Device ?,16.00,886.08,18.93,11246790712464500,11246790713350580,1781444304392543580,1781444304393429660
1961715,1975287,Host(NUMA 3),Device ?,12.00,637.74,19.73,11246790713399770,11246790714037510,1781444304392946010,1781444304393583750
1961715,1975287,Host(NUMA 3),Device ?,4.00,325.50,12.89,11246790714079230,11246790714404730,1781444304393431690,1781444304393757190
1961715,1975287,Host(NUMA 3),Device ?,16.00,889.96,18.85,11246790714447110,11246790715337070,1781444304393026260,1781444304393916220
1961715,1975287,Host(NUMA 3),Device ?,16.00,1380.81,12.15,11246790715385150,11246790716765960,1781444304392693710,1781444304394074520
1961715,1975287,Host(NUMA 3),Device ?,12.00,766.28,16.42,11246790716815680,11246790717581960,1781444304393465750,1781444304394232030
1961715,1975287,Host(NUMA 3),Device ?,4.00,314.22,13.35,11246790717626490,11246790717940710,1781444304394077690,1781444304394391910
1961715,1975287,Host(NUMA 3),Device ?,16.00,1802.76,9.31,11246790717988520,11246790719791280,1781444304392752720,1781444304394555480
1961715,1975287,Host(NUMA 3),Device ?,16.00,1367.50,12.27,11246790719838360,11246790721205860,1781444304393345370,1781444304394712870
1961715,1975287,Host(NUMA 3),Device ?,12.00,651.55,19.31,11246790721256370,11246790721907920,1781444304394217980,1781444304394869530
1961715,1975287,Host(NUMA 3),Device ?,4.00,298.17,14.07,11246790721952560,11246790722250730,1781444304394750150,1781444304395048320
1961715,1975287,Host(NUMA 3),Device ?,16.00,1405.51,11.94,11246790722294120,11246790723699630,1781444304393803710,1781444304395209220
1961715,1975287,Host(NUMA 3),Device ?,16.00,1043.33,16.08,11246790723750370,11246790724793700,1781444304394322840,1781444304395366170
1961715,1975287,Host(NUMA 3),Device ?,12.00,751.96,16.73,11246790724849010,11246790725600970,1781444304394768270,1781444304395520230
1961715,1975287,Host(NUMA 3),Device ?,4.00,330.00,12.71,11246790725649060,11246790725979060,1781444304395370020,1781444304395700020
1961715,1975287,Host(NUMA 3),Device ?,16.00,1194.06,14.05,11246790726027580,11246790727221640,1781444304394666090,1781444304395860150
1961715,1975287,Host(NUMA 3),Device ?,16.00,1204.66,13.93,11246790727274280,11246790728478940,1781444304394809750,1781444304396014410
1961715,1975287,Host(NUMA 3),Device ?,12.00,685.02,18.37,11246790728533120,11246790729218140,1781444304395483960,1781444304396168980
1961715,1975287,Host(NUMA 3),Device ?,4.00,318.86,13.15,11246790729267230,11246790729586090,1781444304396007110,1781444304396325970
1961715,1975287,Host(NUMA 3),Device ?,16.00,912.16,18.39,11246790729632170,11246790730544330,1781444304395568290,1781444304396480450
1961715,1975287,Host(NUMA 3),Device ?,16.00,874.57,19.18,11246790730592460,11246790731467030,1781444304395766400,1781444304396640970
1961715,1975287,Host(NUMA 3),Device ?,12.00,665.67,18.90,11246790731519460,11246790732185130,1781444304396130970,1781444304396796640
1961715,1975287,Host(NUMA 3),Device ?,4.00,333.79,12.57,11246790732230760,11246790732564550,1781444304396620330,1781444304396954120
1961715,1975287,Host(NUMA 3),Device ?,16.00,873.74,19.20,11246790732615000,11246790733488740,1781444304396236100,1781444304397109840
1961715,1975287,Host(NUMA 3),Device ?,16.00,877.43,19.12,11246790733539830,11246790734417260,1781444304396389090,1781444304397266520
1961715,1975287,Host(NUMA 3),Device ?,12.00,675.24,18.63,11246790734465490,11246790735140730,1781444304396750870,1781444304397426110
1961715,1975287,Host(NUMA 3),Device ?,4.00,327.05,12.82,11246790735186870,11246790735513920,1781444304397253640,1781444304397580690
1961715,1975287,Host(NUMA 3),Device ?,16.00,910.97,18.42,11246790735554020,11246790736464990,1781444304396823740,1781444304397734710
1961715,1975287,Host(NUMA 3),Device ?,16.00,898.24,18.68,11246790736515150,11246790737413390,1781444304396994300,1781444304397892540
1961715,1975287,Host(NUMA 3),Device ?,12.00,634.69,19.83,11246790737462170,11246790738096860,1781444304397409770,1781444304398044460
1961715,1975287,Host(NUMA 3),Device ?,4.00,650.07,6.45,11246790738140660,11246790738790730,1781444304397552310,1781444304398202380
1961715,1975287,Host(NUMA 3),Device ?,16.00,977.46,17.16,11246790738833390,11246790739810850,1781444304397384080,1781444304398361540
1961715,1975287,Host(NUMA 3),Device ?,16.00,986.11,17.01,11246790739859660,11246790740845770,1781444304397530830,1781444304398516940
1961715,1975287,Host(NUMA 3),Device ?,12.00,746.87,16.85,11246790740893640,11246790741640510,1781444304397931230,1781444304398678100
1961715,1975287,Host(NUMA 3),Device ?,4.00,323.17,12.98,11246790741684450,11246790742007620,1781444304398530640,1781444304398853810
1961715,1975287,Host(NUMA 3),Device ?,16.00,960.62,17.46,11246790742050380,11246790743011000,1781444304398068880,1781444304399029500
1961715,1975287,Host(NUMA 3),Device ?,16.00,899.52,18.65,11246790743059730,11246790743959250,1781444304398291530,1781444304399191050
1961715,1975287,Host(NUMA 3),Device ?,12.00,639.22,19.68,11246790744022870,11246790744662090,1781444304398719380,1781444304399358600
1961715,1975287,Host(NUMA 3),Device ?,4.00,357.87,11.72,11246790744707430,11246790745065300,1781444304399159850,1781444304399517720
1961715,1975287,Host(NUMA 3),Device ?,16.00,980.69,17.11,11246790745109290,11246790746089980,1781444304398695160,1781444304399675850
1961715,1975287,Host(NUMA 3),Device ?,16.00,879.42,19.08,11246790746145050,11246790747024470,1781444304398953920,1781444304399833340
1961715,1975287,Host(NUMA 3),Device ?,12.00,678.48,18.55,11246790747073960,11246790747752440,1781444304399307770,1781444304399986250
1961715,1975287,Host(NUMA 3),Device ?,4.00,320.87,13.07,11246790747794940,11246790748115810,1781444304399820920,1781444304400141790
1961715,1975287,Host(NUMA 3),Device ?,16.00,886.96,18.92,11246790748160410,11246790749047370,1781444304399411550,1781444304400298510
1961715,1975287,Host(NUMA 3),Device ?,16.00,879.60,19.07,11246790749096620,11246790749976220,1781444304399573480,1781444304400453080
1961715,1975287,Host(NUMA 3),Device ?,12.00,650.87,19.33,11246790750026150,11246790750677020,1781444304399973740,1781444304400624610
1961715,1975287,Host(NUMA 3),Device ?,4.00,340.05,12.33,11246790750719910,11246790751059960,1781444304400441280,1781444304400781330
1961715,1975287,Host(NUMA 3),Device ?,16.00,887.51,18.90,11246790751103080,11246790751990590,1781444304400051420,1781444304400938930
1961715,1975287,Host(NUMA 3),Device ?,16.00,901.24,18.62,11246790752051970,11246790752953210,1781444304400200210,1781444304401101450
1961715,1975287,Host(NUMA 3),Device ?,12.00,631.00,19.94,11246790753004040,11246790753635040,1781444304400626640,1781444304401257640
1961715,1975287,Host(NUMA 3),Device ?,4.00,356.37,11.77,11246790753678010,11246790754034380,1781444304401058970,1781444304401415340
1961715,1975287,Host(NUMA 3),Device ?,16.00,1529.68,10.97,11246790754078100,11246790755607780,1781444304400042520,1781444304401572200
1961715,1975287,Host(NUMA 3),Device ?,16.00,986.12,17.01,11246790755654590,11246790756640710,1781444304400742450,1781444304401728570
1961715,1975287,Host(NUMA 3),Device ?,127.47,8484.04,15.75,11246790756692730,11246790765176770,1781444304393403680,1781444304401887720
1961715,1975287,Host(NUMA 3),Device ?,0.02,31.93,0.51,11246790765246160,11246790765278090,1781444304402024560,1781444304402056490
1961715,1975287,Host(NUMA 3),Device ?,0.02,23.31,0.70,11246790765321450,11246790765344760,1781444304402189460,1781444304402212770
1961715,1975287,Host(NUMA 3),Device ?,0.01,20.81,0.30,11246790765379060,11246790765399870,1781444304402354270,1781444304402375080
1961715,1975287,Host(NUMA 3),Device ?,0.01,18.83,0.44,11246790765430560,11246790765449390,1781444304402513960,1781444304402532790
1961715,1975287,Host(NUMA 3),Device ?,0.02,19.08,0.86,11246790765479620,11246790765498700,1781444304402668640,1781444304402687720
1961715,1975287,Host(NUMA 3),Device ?,0.02,18.35,0.89,11246790765528110,11246790765546460,1781444304402824360,1781444304402842710
1961715,1975287,Host(NUMA 3),Device ?,0.01,18.71,0.44,11246790765576520,11246790765595230,1781444304402991990,1781444304403010700
1961715,1975287,Host(NUMA 3),Device ?,0.01,18.51,0.44,11246790765625100,11246790765643610,1781444304403155800,1781444304403174310
1961715,1975287,Host(NUMA 3),Device ?,0.02,18.94,0.87,11246790765673720,11246790765692660,1781444304403315350,1781444304403334290
1961715,1975287,Host(NUMA 3),Device ?,0.02,20.05,0.82,11246790765723350,11246790765743400,1781444304403472180,1781444304403492230
1961715,1975287,Host(NUMA 3),Device ?,0.01,18.85,0.33,11246790765774690,11246790765793540,1781444304403629910,1781444304403648760
1961715,1975287,Host(NUMA 3),Device ?,0.01,20.57,0.40,11246790765822950,11246790765843520,1781444304403787200,1781444304403807770
1961715,1975287,Host(NUMA 3),Device ?,0.02,22.10,0.74,11246790765876790,11246790765898890,1781444304403945410,1781444304403967510
1961715,1975287,Host(NUMA 3),Device ?,0.02,18.65,0.88,11246790765927650,11246790765946300,1781444304404105410,1781444304404124060
1961715,1975287,Host(NUMA 3),Device ?,0.01,20.39,0.40,11246790765975730,11246790765996120,1781444304404262820,1781444304404283210
1961715,1975287,Host(NUMA 3),Device ?,0.01,20.17,0.41,11246790766026180,11246790766046350,1781444304404421400,1781444304404441570
1961715,1975287,Host(NUMA 3),Device ?,0.02,16.85,0.97,11246790766074330,11246790766091180,1781444304404579980,1781444304404596830
1961715,1975287,Host(NUMA 3),Device ?,0.02,18.64,0.88,11246790766120700,11246790766139340,1781444304404734370,1781444304404753010
1961715,1975287,Host(NUMA 3),Device ?,0.01,19.16,0.32,11246790766167710,11246790766186870,1781444304404900750,1781444304404919910
1961715,1975287,Host(NUMA 3),Device ?,0.01,19.63,0.42,11246790766217140,11246790766236770,1781444304405056590,1781444304405076220
1961715,1975287,Host(NUMA 3),Device ?,0.02,19.64,0.83,11246790766268420,11246790766288060,1781444304405211900,1781444304405231540
1961715,1975287,Host(NUMA 3),Device ?,0.02,19.91,0.82,11246790766316090,11246790766336000,1781444304405376070,1781444304405395980
1961715,1975287,Host(NUMA 3),Device ?,0.01,19.98,0.41,11246790766364130,11246790766384110,1781444304405548930,1781444304405568910
1961715,1975287,Host(NUMA 3),Device ?,0.01,18.26,0.45,11246790766412440,11246790766430700,1781444304405710550,1781444304405728810
1961715,1975287,Host(NUMA 3),Device ?,0.02,19.74,0.83,11246790766459290,11246790766479030,1781444304405863470,1781444304405883210
1961715,1975287,Host(NUMA 3),Device ?,0.02,19.65,0.83,11246790766512500,11246790766532150,1781444304406020990,1781444304406040640
1961715,1975287,Host(NUMA 3),Device ?,0.01,19.31,0.32,11246790766559750,11246790766579060,1781444304406179390,1781444304406198700
1961715,1975287,Host(NUMA 3),Device ?,0.01,18.56,0.44,11246790766608620,11246790766627180,1781444304406336150,1781444304406354710
1961715,1975287,Host(NUMA 3),Device ?,0.02,19.06,0.86,11246790766656130,11246790766675190,1781444304406489430,1781444304406508490
1961715,1975287,Host(NUMA 3),Device ?,0.02,19.73,0.83,11246790766706370,11246790766726100,1781444304406641160,1781444304406660890
1961715,1975287,Host(NUMA 3),Device ?,0.01,20.73,0.40,11246790766758340,11246790766779070,1781444304406794800,1781444304406815530
1961715,1975287,Host(NUMA 3),Device ?,0.01,21.33,0.38,11246790766808800,11246790766830130,1781444304406975030,1781444304406996360
1961715,1975287,Host(NUMA 3),Device ?,0.02,21.44,0.76,11246790766860600,11246790766882040,1781444304407141080,1781444304407162520
1961715,1975287,Host(NUMA 3),Device ?,0.02,21.43,0.76,11246790766914630,11246790766936060,1781444304407298010,1781444304407319440
1961715,1975287,Host(NUMA 3),Device ?,0.01,19.08,0.32,11246790766966120,11246790766985200,1781444304407456820,1781444304407475900
1961715,1975287,Host(NUMA 3),Device ?,0.01,19.76,0.41,11246790767014300,11246790767034060,1781444304407611070,1781444304407630830
1961715,1975287,Host(NUMA 3),Device ?,0.02,17.63,0.93,11246790767063060,11246790767080690,1781444304407769790,1781444304407787420
1961715,1975287,Host(NUMA 3),Device ?,0.02,19.79,0.83,11246790767107270,11246790767127060,1781444304407924290,1781444304407944080
1961715,1975287,Host(NUMA 3),Device ?,0.01,18.65,0.44,11246790767154810,11246790767173460,1781444304408083790,1781444304408102440
1961715,1975287,Host(NUMA 3),Device ?,0.01,19.12,0.43,11246790767202980,11246790767222100,1781444304408239540,1781444304408258660
1961715,1975287,Host(NUMA 3),Device ?,0.02,19.55,0.84,11246790767252530,11246790767272080,1781444304408398080,1781444304408417630
1961715,1975287,Host(NUMA 3),Device ?,0.02,17.32,0.95,11246790767298960,11246790767316280,1781444304408571810,1781444304408589130
1961715,1975287,Host(NUMA 3),Device ?,0.01,19.41,0.32,11246790767342880,11246790767362290,1781444304408723230,1781444304408742640
1961715,1975287,Host(NUMA 3),Device ?,0.01,18.01,0.45,11246790767390900,11246790767408910,1781444304408877470,1781444304408895480
1961715,1975287,Host(NUMA 3),Device ?,0.02,20.56,0.80,11246790767437310,11246790767457870,1781444304409029050,1781444304409049610
1961715,1975287,Host(NUMA 3),Device ?,0.02,18.41,0.89,11246790767487150,11246790767505560,1781444304409186310,1781444304409204720
1961715,1975287,Host(NUMA 3),Device ?,0.01,19.26,0.43,11246790767533450,11246790767552710,1781444304409341020,1781444304409360280
1961715,1975287,Host(NUMA 3),Device ?,0.01,19.42,0.42,11246790767584430,11246790767603850,1781444304409495620,1781444304409515040
1961715,1975287,Host(NUMA 3),Device ?,0.02,17.56,0.93,11246790767632880,11246790767650440,1781444304409657510,1781444304409675070
1961715,1975287,Host(NUMA 3),Device ?,0.02,16.42,1.00,11246790767678700,11246790767695120,1781444304409819570,1781444304409835990
1961715,1975287,Host(NUMA 3),Device ?,0.01,18.59,0.33,11246790767723200,11246790767741790,1781444304409972710,1781444304409991300
1961715,1975287,Host(NUMA 3),Device ?,0.01,19.46,0.42,11246790767770240,11246790767789700,1781444304410133130,1781444304410152590
1961715,1975287,Host(NUMA 3),Device ?,0.02,18.84,0.87,11246790767820200,11246790767839040,1781444304410289660,1781444304410308500
1961715,1975287,Host(NUMA 3),Device ?,0.02,19.24,0.85,11246790767868470,11246790767887710,1781444304410461470,1781444304410480710
1961715,1975287,Host(NUMA 3),Device ?,0.01,18.72,0.44,11246790767915580,11246790767934300,1781444304410633290,1781444304410652010
1961715,1975287,Host(NUMA 3),Device ?,0.01,21.92,0.37,11246790767963180,11246790767985100,1781444304410787000,1781444304410808920
1961715,1975287,Host(NUMA 3),Device ?,0.02,24.12,0.68,11246790768027430,11246790768051550,1781444304410965750,1781444304410989870
1961715,1975287,Host(NUMA 3),Device ?,0.02,20.51,0.80,11246790768082860,11246790768103370,1781444304411132890,1781444304411153400
1961715,1975287,Host(NUMA 3),Device ?,0.01,21.39,0.29,11246790768137370,11246790768158760,1781444304411284900,1781444304411306290
1961715,1975287,Host(NUMA 3),Device ?,0.01,20.44,0.40,11246790768196810,11246790768217250,1781444304411442570,1781444304411463010
1961715,1975287,Host(NUMA 3),Device ?,0.02,19.39,0.84,11246790768247480,11246790768266870,1781444304411598340,1781444304411617730
1961715,1975287,Host(NUMA 3),Device ?,0.02,20.47,0.80,11246790768296500,11246790768316970,1781444304411766970,1781444304411787440
1961715,1975287,Host(NUMA 3),Device ?,0.01,19.19,0.43,11246790768345760,11246790768364950,1781444304411937800,1781444304411956990
1961715,1975287,Host(NUMA 3),Device ?,0.01,20.42,0.40,11246790768393240,11246790768413660,1781444304412090770,1781444304412111190
1961715,1975287,Host(NUMA 3),Device ?,0.02,20.26,0.81,11246790768441960,11246790768462220,1781444304412245690,1781444304412265950
1961715,1975287,Host(NUMA 3),Device ?,0.02,18.88,0.87,11246790768492280,11246790768511160,1781444304412402470,1781444304412421350
1961715,1975287,Host(NUMA 3),Device ?,0.01,19.13,0.32,11246790768539890,11246790768559020,1781444304412559620,1781444304412578750
1961715,1975287,Host(NUMA 3),Device ?,0.01,19.53,0.42,11246790768586030,11246790768605560,1781444304412712650,1781444304412732180
1961715,1975287,Host(NUMA 3),Device ?,0.02,19.67,0.83,11246790768635550,11246790768655220,1781444304412867970,1781444304412887640
1961715,1975287,Host(NUMA 3),Device ?,0.02,20.29,0.81,11246790768687830,11246790768708120,1781444304413022620,1781444304413042910
1961715,1975287,Host(NUMA 3),Device ?,0.01,20.42,0.40,11246790768737340,11246790768757760,1781444304413174990,1781444304413195410
1961715,1975287,Host(NUMA 3),Device ?,0.01,21.70,0.38,11246790768787350,11246790768809050,1781444304413328510,1781444304413350210
1961715,1975287,Host(NUMA 3),Device ?,0.02,19.97,0.82,11246790768839990,11246790768859960,1781444304413488420,1781444304413508390
1961715,1975287,Host(NUMA 3),Device ?,0.02,18.48,0.89,11246790768888770,11246790768907250,1781444304413645940,1781444304413664420
1961715,1975287,Host(NUMA 3),Device ?,0.01,19.92,0.31,11246790768936310,11246790768956230,1781444304413798800,1781444304413818720
1961715,1975287,Host(NUMA 3),Device ?,0.01,18.11,0.45,11246790768984790,11246790769002900,1781444304413958310,1781444304413976420
1961715,1975287,Host(NUMA 3),Device ?,0.02,18.28,0.90,11246790769030880,11246790769049160,1781444304414119710,1781444304414137990
1961715,1975287,Host(NUMA 3),Device ?,0.02,19.20,0.85,11246790769078230,11246790769097430,1781444304414274480,1781444304414293680
1961715,1975287,Host(NUMA 3),Device ?,0.01,18.75,0.44,11246790769124870,11246790769143620,1781444304414431700,1781444304414450450
1961715,1975287,Host(NUMA 3),Device ?,0.01,18.72,0.44,11246790769171490,11246790769190210,1781444304414587620,1781444304414606340
1961715,1975287,Host(NUMA 3),Device ?,0.02,19.80,0.83,11246790769228860,11246790769248660,1781444304414739390,1781444304414759190
1961715,1975287,Host(NUMA 3),Device ?,0.02,20.44,0.80,11246790769280010,11246790769300450,1781444304414920180,1781444304414940620
1961715,1975287,Host(NUMA 3),Device ?,0.01,19.69,0.31,11246790769328440,11246790769348130,1781444304415082990,1781444304415102680
1961715,1975287,Host(NUMA 3),Device ?,0.01,20.10,0.41,11246790769376810,11246790769396910,1781444304415239020,1781444304415259120
1961715,1975287,Host(NUMA 3),Device ?,0.02,20.92,0.78,11246790769426640,11246790769447560,1781444304415394870,1781444304415415790
1961715,1975287,Host(NUMA 3),Device ?,0.02,20.35,0.81,11246790769478570,11246790769498920,1781444304415564370,1781444304415584720
1961715,1975287,Host(NUMA 3),Device ?,0.01,19.33,0.42,11246790769530450,11246790769549780,1781444304415720270,1781444304415739600
1961715,1975287,Host(NUMA 3),Device ?,0.01,18.44,0.44,11246790769578570,11246790769597010,1781444304415876080,1781444304415894520
1961715,1975287,Host(NUMA 3),Device ?,0.02,18.86,0.87,11246790769625690,11246790769644550,1781444304416041580,1781444304416060440
1961715,1975287,Host(NUMA 3),Device ?,0.02,19.25,0.85,11246790769675000,11246790769694250,1781444304416207630,1781444304416226880
1961715,1975287,Host(NUMA 3),Device ?,0.01,20.67,0.30,11246790769724860,11246790769745530,1781444304416363760,1781444304416384430
1961715,1975287,Host(NUMA 3),Device ?,0.01,19.93,0.41,11246790769775850,11246790769795780,1781444304416522040,1781444304416541970
1961715,1975287,Host(NUMA 3),Device ?,0.02,19.20,0.85,11246790769823030,11246790769842230,1781444304416682090,1781444304416701290
1961715,1975287,Host(NUMA 3),Device ?,0.02,19.40,0.84,11246790769870230,11246790769889630,1781444304416839430,1781444304416858830
1961715,1975287,Host(NUMA 3),Device ?,0.01,20.64,0.40,11246790769916800,11246790769937440,1781444304416993780,1781444304417014420
1961715,1975287,Host(NUMA 3),Device ?,0.01,19.44,0.42,11246790769965770,11246790769985210,1781444304417147970,1781444304417167410
1961715,1975287,Host(NUMA 3),Device ?,0.02,20.25,0.81,11246790770018550,11246790770038800,1781444304417305350,1781444304417325600
1961715,1975287,Host(NUMA 3),Device ?,0.02,19.54,0.84,11246790770068420,11246790770087960,1781444304417460470,1781444304417480010
1961715,1975287,Host(NUMA 3),Device ?,0.01,21.63,0.28,11246790770118560,11246790770140190,1781444304417613320,1781444304417634950
1961715,1975287,Host(NUMA 3),Device ?,0.01,20.58,0.40,11246790770171550,11246790770192130,1781444304417773750,1781444304417794330
1961715,1975287,Host(NUMA 3),Device ?,0.02,21.76,0.75,11246790770220100,11246790770241860,1781444304417928820,1781444304417950580
1961715,1975287,Host(NUMA 3),Device ?,0.02,21.08,0.78,11246790770276520,11246790770297600,1781444304418099760,1781444304418120840
1961715,1975287,Host(NUMA 3),Device ?,0.01,19.26,0.43,11246790770328300,11246790770347560,1781444304418258600,1781444304418277860
1961715,1975287,Host(NUMA 3),Device ?,0.01,18.05,0.45,11246790770374880,11246790770392930,1781444304418418190,1781444304418436240
1961715,1975287,Host(NUMA 3),Device ?,0.02,19.54,0.84,11246790770425200,11246790770444740,1781444304418573040,1781444304418592580
1961715,1975287,Host(NUMA 3),Device ?,0.02,19.36,0.85,11246790770474520,11246790770493880,1781444304418730510,1781444304418749870
1961715,1975287,Host(NUMA 3),Device ?,0.01,20.22,0.30,11246790770525040,11246790770545260,1781444304418888210,1781444304418908430
1961715,1975287,Host(NUMA 3),Device ?,0.01,19.04,0.43,11246790770574550,11246790770593590,1781444304419063160,1781444304419082200
1961715,1975287,Host(NUMA 3),Device ?,0.02,19.55,0.84,11246790770622020,11246790770641570,1781444304419218260,1781444304419237810
1961715,1975287,Host(NUMA 3),Device ?,0.02,20.72,0.79,11246790770669710,11246790770690430,1781444304419368640,1781444304419389360
1961715,1975287,Host(NUMA 3),Device ?,0.01,20.03,0.41,11246790770720120,11246790770740150,1781444304419525990,1781444304419546020
1961715,1975287,Host(NUMA 3),Device ?,0.01,19.17,0.43,11246790770770730,11246790770789900,1781444304419682790,1781444304419701960
1961715,1975287,Host(NUMA 3),Device ?,0.02,20.71,0.79,11246790770818930,11246790770839640,1781444304419838660,1781444304419859370
1961715,1975287,Host(NUMA 3),Device ?,0.02,25.60,0.64,11246790770871670,11246790770897270,1781444304419990960,1781444304420016560
1961715,1975287,Host(NUMA 3),Device ?,0.01,20.07,0.31,11246790770927370,11246790770947440,1781444304420153170,1781444304420173240
1961715,1975287,Host(NUMA 3),Device ?,0.01,19.11,0.43,11246790770976140,11246790770995250,1781444304420312300,1781444304420331410
1961715,1975287,Host(NUMA 3),Device ?,0.02,19.88,0.82,11246790771024060,11246790771043940,1781444304420473340,1781444304420493220
1961715,1975287,Host(NUMA 3),Device ?,0.02,19.63,0.83,11246790771073890,11246790771093520,1781444304420647330,1781444304420666960
1961715,1975287,Host(NUMA 3),Device ?,0.01,21.66,0.38,11246790771121470,11246790771143130,1781444304420803070,1781444304420824730
1961715,1975287,Host(NUMA 3),Device ?,0.01,19.63,0.42,11246790771171160,11246790771190790,1781444304420960150,1781444304420979780
1961715,1975287,Host(NUMA 3),Device ?,0.02,18.36,0.89,11246790771219360,11246790771237720,1781444304421120860,1781444304421139220
1961715,1975287,Host(NUMA 3),Device ?,0.02,19.73,0.83,11246790771267510,11246790771287240,1781444304421290400,1781444304421310130
1961715,1975287,Host(NUMA 3),Device ?,0.01,17.96,0.34,11246790771315610,11246790771333570,1781444304421448950,1781444304421466910
1961715,1975287,Host(NUMA 3),Device ?,0.01,18.18,0.45,11246790771360160,11246790771378340,1781444304421619540,1781444304421637720
1961715,1975287,Host(NUMA 3),Device ?,0.02,17.56,0.93,11246790771406230,11246790771423790,1781444304421787260,1781444304421804820
1961715,1975287,Host(NUMA 3),Device ?,0.02,18.74,0.87,11246790771454820,11246790771473560,1781444304421944250,1781444304421962990
1961715,1975287,Host(NUMA 3),Device ?,0.01,19.55,0.42,11246790771502600,11246790771522150,1781444304422094920,1781444304422114470
1961715,1975287,Host(NUMA 3),Device ?,0.01,19.72,0.42,11246790771550060,11246790771569780,1781444304422250180,1781444304422269900
1961715,1975287,Host(NUMA 3),Device ?,0.02,18.60,0.88,11246790771600690,11246790771619290,1781444304422411260,1781444304422429860
1961715,1975287,Host(NUMA 3),Device ?,0.02,19.15,0.86,11246790771650520,11246790771669670,1781444304422566740,1781444304422585890
1961715,1975287,Host(NUMA 3),Device ?,0.01,19.59,0.31,11246790771700390,11246790771719980,1781444304422720570,1781444304422740160
1961715,1975287,Host(NUMA 3),Device ?,0.01,20.68,0.40,11246790771748250,11246790771768930,1781444304422874960,1781444304422895640
1961715,1975287,Host(NUMA 3),Device ?,0.02,19.64,0.83,11246790771801540,11246790771821180,1781444304423049900,1781444304423069540
1961715,1975287,Host(NUMA 3),Device ?,0.02,20.88,0.78,11246790771850380,11246790771871260,1781444304423210630,1781444304423231510
1961715,1975287,Host(NUMA 3),Device ?,0.01,19.71,0.42,11246790771900300,11246790771920010,1781444304423366470,1781444304423386180
1961715,1975287,Host(NUMA 3),Device ?,0.01,21.08,0.39,11246790771948780,11246790771969860,1781444304423522880,1781444304423543960
1961715,1975287,Host(NUMA 3),Device ?,0.02,27.93,0.59,11246790771998560,11246790772026490,1781444304423670950,1781444304423698880
1961715,1975287,Host(NUMA 3),Device ?,0.02,18.45,0.89,11246790772056210,11246790772074660,1781444304423836680,1781444304423855130
1961715,1975287,Host(NUMA 3),Device ?,0.01,19.30,0.32,11246790772103220,11246790772122520,1781444304423992470,1781444304424011770
1961715,1975287,Host(NUMA 3),Device ?,0.01,21.20,0.39,11246790772151270,11246790772172470,1781444304424143050,1781444304424164250
1961715,1975287,Host(NUMA 3),Device ?,0.02,21.03,0.78,11246790772203680,11246790772224710,1781444304424298200,1781444304424319230
1961715,1975287,Host(NUMA 3),Device ?,0.02,18.35,0.89,11246790772254870,11246790772273220,1781444304424475640,1781444304424493990
1961715,1975287,Host(NUMA 3),Device ?,0.01,19.45,0.42,11246790772301320,11246790772320770,1781444304424639830,1781444304424659280
1961715,1975287,Host(NUMA 3),Device ?,0.01,22.45,0.36,11246790772351530,11246790772373980,1781444304424795090,1781444304424817540
1961715,1975287,Host(NUMA 3),Device ?,0.02,19.12,0.86,11246790772402950,11246790772422070,1781444304424954860,1781444304424973980
1961715,1975287,Host(NUMA 3),Device ?,0.02,18.37,0.89,11246790772449940,11246790772468310,1781444304425115320,1781444304425133690
1961715,1975287,Host(NUMA 3),Device ?,0.01,17.49,0.35,11246790772495410,11246790772512900,1781444304425271400,1781444304425288890
1961715,1975287,Host(NUMA 3),Device ?,0.01,17.89,0.46,11246790772540340,11246790772558230,1781444304425427280,1781444304425445170
1961715,1975287,Host(NUMA 3),Device ?,0.02,19.20,0.85,11246790772586660,11246790772605860,1781444304425596280,1781444304425615480
1961715,1975287,Host(NUMA 3),Device ?,0.02,18.81,0.87,11246790772637190,11246790772656000,1781444304425752990,1781444304425771800
1961715,1975287,Host(NUMA 3),Device ?,0.01,20.74,0.39,11246790772689280,11246790772710020,1781444304425905830,1781444304425926570
1961715,1975287,Host(NUMA 3),Device ?,0.01,19.16,0.43,11246790772743480,11246790772762640,1781444304426065150,1781444304426084310
1961715,1975287,Host(NUMA 3),Device ?,0.02,19.18,0.85,11246790772791990,11246790772811170,1781444304426224900,1781444304426244080
1961715,1975287,Host(NUMA 3),Device ?,0.02,20.33,0.81,11246790772841480,11246790772861810,1781444304426381400,1781444304426401730
1961715,1975287,Host(NUMA 3),Device ?,0.01,20.22,0.30,11246790772890580,11246790772910800,1781444304426538030,1781444304426558250
1961715,1975287,Host(NUMA 3),Device ?,0.01,19.27,0.43,11246790772941450,11246790772960720,1781444304426703050,1781444304426722320
1961715,1975287,Host(NUMA 3),Device ?,0.02,17.86,0.92,11246790772988770,11246790773006630,1781444304426862770,1781444304426880630
1961715,1975287,Host(NUMA 3),Device ?,0.02,18.98,0.86,11246790773034090,11246790773053070,1781444304427059000,1781444304427077980
1961715,1975287,Host(NUMA 3),Device ?,0.01,20.13,0.41,11246790773080990,11246790773101120,1781444304427218720,1781444304427238850
1961715,1975287,Host(NUMA 3),Device ?,0.01,20.30,0.40,11246790773130130,11246790773150430,1781444304427393800,1781444304427414100
1961715,1975287,Host(NUMA 3),Device ?,0.02,20.19,0.81,11246790773184680,11246790773204870,1781444304427553920,1781444304427574110
1961715,1975287,Host(NUMA 3),Device ?,0.02,20.03,0.82,11246790773232670,11246790773252700,1781444304427725220,1781444304427745250
1961715,1975287,Host(NUMA 3),Device ?,0.01,18.27,0.34,11246790773281460,11246790773299730,1781444304427884270,1781444304427902540
1961715,1975287,Host(NUMA 3),Device ?,0.01,19.15,0.43,11246790773328870,11246790773348020,1781444304428038310,1781444304428057460
1961715,1975287,Host(NUMA 3),Device ?,0.02,19.14,0.86,11246790773377420,11246790773396560,1781444304428195200,1781444304428214340
1961715,1975287,Host(NUMA 3),Device ?,0.02,19.62,0.84,11246790773426060,11246790773445680,1781444304428350670,1781444304428370290
1961715,1975287,Host(NUMA 3),Device ?,0.01,20.16,0.41,11246790773474860,11246790773495020,1781444304428508180,1781444304428528340
1961715,1975287,Host(NUMA 3),Device ?,0.01,21.25,0.39,11246790773527750,11246790773549000,1781444304428663530,1781444304428684780
1961715,1975287,Host(NUMA 3),Device ?,0.02,20.58,0.80,11246790773584730,11246790773605310,1781444304428825820,1781444304428846400
1961715,1975287,Host(NUMA 3),Device ?,0.02,20.39,0.80,11246790773637570,11246790773657960,1781444304428980270,1781444304429000660
1961715,1975287,Host(NUMA 3),Device ?,0.01,19.69,0.31,11246790773687610,11246790773707300,1781444304429136390,1781444304429156080
1961715,1975287,Host(NUMA 3),Device ?,0.01,18.83,0.44,11246790773736140,11246790773754970,1781444304429298460,1781444304429317290
1961715,1975287,Host(NUMA 3),Device ?,0.02,21.08,0.78,11246790773790440,11246790773811520,1781444304429454270,1781444304429475350
1961715,1975287,Host(NUMA 3),Device ?,0.02,20.92,0.78,11246790773845210,11246790773866130,1781444304429612820,1781444304429633740
1961715,1975287,Host(NUMA 3),Device ?,0.01,25.18,0.33,11246790773901650,11246790773926830,1781444304429765230,1781444304429790410
1961715,1975287,Host(NUMA 3),Device ?,0.01,23.68,0.35,11246790773956990,11246790773980670,1781444304429922870,1781444304429946550
1961715,1975287,Host(NUMA 3),Device ?,0.02,20.82,0.79,11246790774009730,11246790774030550,1781444304430079230,1781444304430100050
1961715,1975287,Host(NUMA 3),Device ?,0.02,20.85,0.79,11246790774059780,11246790774080630,1781444304430236220,1781444304430257070
1961715,1975287,Host(NUMA 3),Device ?,0.01,21.38,0.29,11246790774111880,11246790774133260,1781444304430389620,1781444304430411000
1961715,1975287,Host(NUMA 3),Device ?,0.01,21.02,0.39,11246790774171160,11246790774192180,1781444304430543740,1781444304430564760
1961715,1975287,Host(NUMA 3),Device ?,0.02,20.05,0.82,11246790774223030,11246790774243080,1781444304430714910,1781444304430734960
1961715,1975287,Host(NUMA 3),Device ?,0.02,20.31,0.81,11246790774276670,11246790774296980,1781444304430887610,1781444304430907920
1961715,1975287,Host(NUMA 3),Device ?,0.01,20.76,0.39,11246790774327180,11246790774347940,1781444304431075910,1781444304431096670
1961715,1975287,Host(NUMA 3),Device ?,0.01,20.73,0.40,11246790774378310,11246790774399040,1781444304431240620,1781444304431261350
1961715,1975287,Host(NUMA 3),Device ?,0.02,21.24,0.77,11246790774427900,11246790774449140,1781444304431403780,1781444304431425020
1961715,1975287,Host(NUMA 3),Device ?,0.02,18.22,0.90,11246790774478350,11246790774496570,1781444304431570220,1781444304431588440
1961715,1975287,Host(NUMA 3),Device ?,0.01,21.71,0.28,11246790774529520,11246790774551230,1781444304431724500,1781444304431746210
1961715,1975287,Host(NUMA 3),Device ?,0.01,21.16,0.39,11246790774584470,11246790774605630,1781444304431880490,1781444304431901650
1961715,1975287,Host(NUMA 3),Device ?,0.02,21.42,0.76,11246790774639750,11246790774661170,1781444304432037440,1781444304432058860
1961715,1975287,Host(NUMA 3),Device ?,0.02,20.89,0.78,11246790774692940,11246790774713830,1781444304432194670,1781444304432215560
1961715,1975287,Host(NUMA 3),Device ?,0.01,20.94,0.39,11246790774746680,11246790774767620,1781444304432348280,1781444304432369220
1961715,1975287,Host(NUMA 3),Device ?,0.01,19.95,0.41,11246790774799360,11246790774819310,1781444304432507480,1781444304432527430
1961715,1975287,Host(NUMA 3),Device ?,0.02,19.81,0.83,11246790774850120,11246790774869930,1781444304432667500,1781444304432687310
1961715,1975287,Host(NUMA 3),Device ?,0.02,18.64,0.88,11246790774899750,11246790774918390,1781444304432827240,1781444304432845880
1961715,1975287,Host(NUMA 3),Device ?,0.01,19.18,0.32,11246790774947130,11246790774966310,1781444304432997390,1781444304433016570
1961715,1975287,Host(NUMA 3),Device ?,0.01,20.81,0.39,11246790774996680,11246790775017490,1781444304433159940,1781444304433180750
1961715,1975287,Host(NUMA 3),Device ?,0.02,19.98,0.82,11246790775049160,11246790775069140,1781444304433318590,1781444304433338570
1961715,1975287,Host(NUMA 3),Device ?,0.02,17.98,0.91,11246790775100840,11246790775118820,1781444304433476500,1781444304433494480
1961715,1975287,Host(NUMA 3),Device ?,0.01,19.03,0.43,11246790775149160,11246790775168190,1781444304433635050,1781444304433654080
1961715,1975287,Host(NUMA 3),Device ?,0.01,19.67,0.42,11246790775199330,11246790775219000,1781444304433792020,1781444304433811690
1961715,1975287,Host(NUMA 3),Device ?,0.02,19.25,0.85,11246790775249030,11246790775268280,1781444304433951170,1781444304433970420
1961715,1975287,Host(NUMA 3),Device ?,0.02,18.35,0.89,11246790775300680,11246790775319030,1781444304434118720,1781444304434137070
1961715,1975287,Host(NUMA 3),Device ?,0.01,18.93,0.32,11246790775347360,11246790775366290,1781444304434277350,1781444304434296280
1961715,1975287,Host(NUMA 3),Device ?,0.01,18.69,0.44,11246790775400420,11246790775419110,1781444304434435280,1781444304434453970
1961715,1975287,Host(NUMA 3),Device ?,0.02,18.12,0.90,11246790775449680,11246790775467800,1781444304434591080,1781444304434609200
1961715,1975287,Host(NUMA 3),Device ?,0.02,18.83,0.87,11246790775500570,11246790775519400,1781444304434746590,1781444304434765420
1961715,1975287,Host(NUMA 3),Device ?,0.01,20.31,0.40,11246790775549770,11246790775570080,1781444304434913350,1781444304434933660
1961715,1975287,Host(NUMA 3),Device ?,0.01,18.51,0.44,11246790775599910,11246790775618420,1781444304435079190,1781444304435097700
1961715,1975287,Host(NUMA 3),Device ?,0.02,20.45,0.80,11246790775650010,11246790775670460,1781444304435242750,1781444304435263200
1961715,1975287,Host(NUMA 3),Device ?,0.02,20.86,0.79,11246790775705800,11246790775726660,1781444304435399530,1781444304435420390
1961715,1975287,Host(NUMA 3),Device ?,0.01,19.99,0.31,11246790775758890,11246790775778880,1781444304435560070,1781444304435580060
1961715,1975287,Host(NUMA 3),Device ?,0.01,19.68,0.42,11246790775809620,11246790775829300,1781444304435730950,1781444304435750630
1961715,1975287,Host(NUMA 3),Device ?,0.02,17.40,0.94,11246790775857910,11246790775875310,1781444304435892250,1781444304435909650
1961715,1975287,Host(NUMA 3),Device ?,0.02,19.53,0.84,11246790775902780,11246790775922310,1781444304436050180,1781444304436069710
1961715,1975287,Host(NUMA 3),Device ?,0.01,20.51,0.40,11246790775949760,11246790775970270,1781444304436206730,1781444304436227240
1961715,1975287,Host(NUMA 3),Device ?,0.01,32.49,0.25,11246790775998830,11246790776031320,1781444304436350070,1781444304436382560
1961715,1975287,Host(NUMA 3),Device ?,0.02,19.15,0.86,11246790776064100,11246790776083250,1781444304436517480,1781444304436536630
1961715,1975287,Host(NUMA 3),Device ?,0.02,17.62,0.93,11246790776111150,11246790776128770,1781444304436675340,1781444304436692960
1961715,1975287,Host(NUMA 3),Device ?,0.01,20.84,0.29,11246790776157830,11246790776178670,1781444304436827660,1781444304436848500
1961715,1975287,Host(NUMA 3),Device ?,0.01,18.88,0.43,11246790776216610,11246790776235490,1781444304436988470,1781444304437007350
1961715,1975287,Host(NUMA 3),Device ?,0.02,18.59,0.88,11246790776268500,11246790776287090,1781444304437145800,1781444304437164390
1961715,1975287,Host(NUMA 3),Device ?,0.02,19.86,0.82,11246790776316440,11246790776336300,1781444304437324340,1781444304437344200
1961715,1975287,Host(NUMA 3),Device ?,0.01,18.00,0.46,11246790776363060,11246790776381060,1781444304437490410,1781444304437508410
1961715,1975287,Host(NUMA 3),Device ?,0.01,19.10,0.43,11246790776406800,11246790776425900,1781444304437643340,1781444304437662440
1961715,1975287,Host(NUMA 3),Device ?,0.02,18.72,0.88,11246790776454680,11246790776473400,1781444304437801020,1781444304437819740
1961715,1975287,Host(NUMA 3),Device ?,0.02,18.41,0.89,11246790776503320,11246790776521730,1781444304437964340,1781444304437982750
1961715,1975287,Host(NUMA 3),Device ?,509.88,28310.84,18.88,11246790776702940,11246790805013780,1781444304409824580,1781444304438135420
1961715,1975287,Host(NUMA 3),Device ?,24.00,1570.43,16.02,11246790805075380,11246790806645810,1781444304436722580,1781444304438293010
1961715,1975287,Host(NUMA 3),Device ?,8.00,597.71,14.03,11246790806697600,11246790807295310,1781444304437851030,1781444304438448740
1961715,1975287,Host(NUMA 3),Device ?,32.00,1848.07,18.16,11246790807343360,11246790809191430,1781444304436757030,1781444304438605100
1961715,1975287,Host(NUMA 3),Device ?,32.00,1916.99,17.50,11246790809239900,11246790811156890,1781444304436853670,1781444304438770660
1961715,1975287,Host(NUMA 3),Device ?,24.00,1479.39,17.01,11246790811206510,11246790812685900,1781444304437457870,1781444304438937260
1961715,1975287,Host(NUMA 3),Device ?,8.00,612.01,13.71,11246790812738490,11246790813350500,1781444304438494570,1781444304439106580
1961715,1975287,Host(NUMA 3),Device ?,32.00,1918.23,17.49,11246790813398420,11246790815316650,1781444304437348840,1781444304439267070
1961715,1975287,Host(NUMA 3),Device ?,32.00,1901.24,17.65,11246790815370570,11246790817271810,1781444304437524900,1781444304439426140
1961715,1975287,Host(NUMA 3),Device ?,24.00,1482.95,16.97,11246790817324550,11246790818807500,1781444304438104060,1781444304439587010
1961715,1975287,Host(NUMA 3),Device ?,8.00,569.64,14.73,11246790818861650,11246790819431290,1781444304439175280,1781444304439744920
1961715,1975287,Host(NUMA 3),Device ?,32.00,2029.31,16.53,11246790819480210,11246790821509520,1781444304437871950,1781444304439901260
1961715,1975287,Host(NUMA 3),Device ?,32.00,2042.51,16.43,11246790821558510,11246790823601020,1781444304438016660,1781444304440059170
1961715,1975287,Host(NUMA 3),Device ?,24.00,1629.30,15.45,11246790823650570,11246790825279870,1781444304438590220,1781444304440219520
1961715,1975287,Host(NUMA 3),Device ?,8.00,664.11,12.63,11246790825334320,11246790825998430,1781444304439713580,1781444304440377690
1961715,1975287,Host(NUMA 3),Device ?,32.00,2045.43,16.40,11246790826044390,11246790828089820,1781444304438503370,1781444304440548800
1961715,1975287,Host(NUMA 3),Device ?,32.00,2431.99,13.80,11246790828139640,11246790830571630,1781444304438295720,1781444304440727710
1961715,1975287,Host(NUMA 3),Device ?,24.00,1562.56,16.11,11246790830619670,11246790832182230,1781444304439322340,1781444304440884900
1961715,1975287,Host(NUMA 3),Device ?,8.00,459.50,18.26,11246790832234670,11246790832694170,1781444304440582660,1781444304441042160
1961715,1975287,Host(NUMA 3),Device ?,32.00,2001.68,16.76,11246790832741840,11246790834743520,1781444304439199010,1781444304441200690
1961715,1975287,Host(NUMA 3),Device ?,32.00,2009.86,16.69,11246790834795040,11246790836804900,1781444304439350710,1781444304441360570
1961715,1975287,Host(NUMA 3),Device ?,24.00,1591.51,15.81,11246790836858140,11246790838449650,1781444304439926010,1781444304441517520
1961715,1975287,Host(NUMA 3),Device ?,8.00,492.94,17.02,11246790838499680,11246790838992620,1781444304441184010,1781444304441676950
1961715,1975287,Host(NUMA 3),Device ?,32.00,2035.26,16.49,11246790839037050,11246790841072310,1781444304439806820,1781444304441842080
1961715,1975287,Host(NUMA 3),Device ?,32.00,2022.14,16.59,11246790841120170,11246790843142310,1781444304439978740,1781444304442000880
1961715,1975287,Host(NUMA 3),Device ?,24.00,1616.16,15.57,11246790843188690,11246790844804850,1781444304440539900,1781444304442156060
1961715,1975287,Host(NUMA 3),Device ?,8.00,494.90,16.95,11246790844859450,11246790845354350,1781444304441816470,1781444304442311370
1961715,1975287,Host(NUMA 3),Device ?,32.00,2012.71,16.67,11246790845399020,11246790847411730,1781444304440454910,1781444304442467620
1961715,1975287,Host(NUMA 3),Device ?,32.00,2008.93,16.70,11246790847458030,11246790849466960,1781444304440612630,1781444304442621560
1961715,1975287,Host(NUMA 3),Device ?,24.00,1584.93,15.88,11246790849515450,11246790851100380,1781444304441199490,1781444304442784420
1961715,1975287,Host(NUMA 3),Device ?,8.00,550.91,15.23,11246790851147210,11246790851698120,1781444304442419500,1781444304442970410
1961715,1975287,Host(NUMA 3),Device ?,32.00,2011.16,16.68,11246790851744970,11246790853756130,1781444304441128490,1781444304443139650
1961715,1975287,Host(NUMA 3),Device ?,32.00,2048.74,16.38,11246790853806210,11246790855854950,1781444304441252100,1781444304443300840
1961715,1975287,Host(NUMA 3),Device ?,24.00,1651.67,15.24,11246790855908800,11246790857560470,1781444304441809910,1781444304443461580
1961715,1975287,Host(NUMA 3),Device ?,8.00,537.24,15.61,11246790857612650,11246790858149890,1781444304443084500,1781444304443621740
1961715,1975287,Host(NUMA 3),Device ?,32.00,2001.99,16.76,11246790858200990,11246790860202980,1781444304441797370,1781444304443799360
1961715,1975287,Host(NUMA 3),Device ?,32.00,2096.77,16.00,11246790860249430,11246790862346200,1781444304441867060,1781444304443963830
1961715,1975287,Host(NUMA 3),Device ?,24.00,1566.74,16.06,11246790862392660,11246790863959400,1781444304442553340,1781444304444120080
1961715,1975287,Host(NUMA 3),Device ?,8.00,483.56,17.35,11246790864010190,11246790864493750,1781444304443809060,1781444304444292620
1961715,1975287,Host(NUMA 3),Device ?,32.00,2173.19,15.44,11246790864538120,11246790866711310,1781444304442285920,1781444304444459110
1961715,1975287,Host(NUMA 3),Device ?,32.00,2037.97,16.46,11246790866756340,11246790868794310,1781444304442581580,1781444304444619550
1961644,1975092,Host(NUMA 4),Device ?,16.00,1813.19,9.25,11246790718100990,11246790719914180,1781444304442974870,1781444304444788060
1961644,1975092,Host(NUMA 4),Device ?,16.00,1431.40,11.72,11246790719962530,11246790721393930,1781444304443487240,1781444304444918640
1961644,1975092,Host(NUMA 4),Device ?,12.00,610.33,20.62,11246790721440330,11246790722050660,1781444304444440500,1781444304445050830
1961644,1975092,Host(NUMA 4),Device ?,4.00,303.79,13.81,11246790722090850,11246790722394640,1781444304444907940,1781444304445211730
1961644,1975092,Host(NUMA 4),Device ?,16.00,1699.46,9.87,11246790722436890,11246790724136350,1781444304443673750,1781444304445373210
1961644,1975092,Host(NUMA 4),Device ?,16.00,976.52,17.18,11246790724186940,11246790725163460,1781444304444556700,1781444304445533220
1961644,1975092,Host(NUMA 4),Device ?,12.00,664.00,18.95,11246790725211180,11246790725875180,1781444304445040300,1781444304445704300
1961644,1975092,Host(NUMA 4),Device ?,4.00,420.68,9.97,11246790725915380,11246790726336060,1781444304445446710,1781444304445867390
1961644,1975092,Host(NUMA 4),Device ?,16.00,1201.72,13.96,11246790726375670,11246790727577390,1781444304444826820,1781444304446028540
1961644,1975092,Host(NUMA 4),Device ?,16.00,1211.52,13.85,11246790727620810,11246790728832330,1781444304444975970,1781444304446187490
1961644,1975092,Host(NUMA 4),Device ?,12.00,630.41,19.96,11246790728878660,11246790729509070,1781444304445715340,1781444304446345750
1961644,1975092,Host(NUMA 4),Device ?,4.00,328.86,12.75,11246790729550550,11246790729879410,1781444304446176540,1781444304446505400
1961644,1975092,Host(NUMA 4),Device ?,16.00,1071.81,15.65,11246790729918120,11246790730989930,1781444304445596650,1781444304446668460
1961644,1975092,Host(NUMA 4),Device ?,16.00,860.35,19.50,11246790731034630,11246790731894980,1781444304445964750,1781444304446825100
1961644,1975092,Host(NUMA 4),Device ?,127.47,7151.86,18.69,11246790731938900,11246790739090760,1781444304439865750,1781444304447017610
1961644,1975092,Host(NUMA 4),Device ?,0.02,28.39,0.58,11246790739152850,11246790739181240,1781444304447155010,1781444304447183400
1961644,1975092,Host(NUMA 4),Device ?,0.02,21.83,0.75,11246790739220760,11246790739242590,1781444304447338570,1781444304447360400
1961644,1975092,Host(NUMA 4),Device ?,0.01,19.71,0.31,11246790739276720,11246790739296430,1781444304447503410,1781444304447523120
1961644,1975092,Host(NUMA 4),Device ?,0.01,17.91,0.46,11246790739325790,11246790739343700,1781444304447666250,1781444304447684160
1961644,1975092,Host(NUMA 4),Device ?,0.02,18.91,0.87,11246790739371850,11246790739390760,1781444304447820750,1781444304447839660
1961644,1975092,Host(NUMA 4),Device ?,0.02,18.62,0.88,11246790739421660,11246790739440280,1781444304447982140,1781444304448000760
1961644,1975092,Host(NUMA 4),Device ?,0.01,19.04,0.43,11246790739471820,11246790739490860,1781444304448141870,1781444304448160910
1961644,1975092,Host(NUMA 4),Device ?,0.01,17.31,0.47,11246790739520320,11246790739537630,1781444304448302500,1781444304448319810
1961644,1975092,Host(NUMA 4),Device ?,0.02,18.05,0.91,11246790739567080,11246790739585130,1781444304448459540,1781444304448477590
1961644,1975092,Host(NUMA 4),Device ?,0.02,17.82,0.92,11246790739613080,11246790739630900,1781444304448617890,1781444304448635710
1961644,1975092,Host(NUMA 4),Device ?,0.01,16.63,0.37,11246790739656660,11246790739673290,1781444304448779760,1781444304448796390
1961644,1975092,Host(NUMA 4),Device ?,0.01,17.29,0.47,11246790739699970,11246790739717260,1781444304448935100,1781444304448952390
1961644,1975092,Host(NUMA 4),Device ?,0.02,18.76,0.87,11246790739744340,11246790739763100,1781444304449094790,1781444304449113550
1961644,1975092,Host(NUMA 4),Device ?,0.02,18.42,0.89,11246790739793250,11246790739811670,1781444304449255120,1781444304449273540
1961644,1975092,Host(NUMA 4),Device ?,0.01,18.92,0.43,11246790739842190,11246790739861110,1781444304449421630,1781444304449440550
1961644,1975092,Host(NUMA 4),Device ?,0.01,18.80,0.44,11246790739891920,11246790739910720,1781444304449581460,1781444304449600260
1961644,1975092,Host(NUMA 4),Device ?,0.02,17.09,0.96,11246790739939790,11246790739956880,1781444304449747610,1781444304449764700
1961644,1975092,Host(NUMA 4),Device ?,0.02,24.35,0.67,11246790739985820,11246790740010170,1781444304449901140,1781444304449925490
1961644,1975092,Host(NUMA 4),Device ?,0.01,18.14,0.34,11246790740043420,11246790740061560,1781444304450064820,1781444304450082960
1961644,1975092,Host(NUMA 4),Device ?,0.01,19.77,0.41,11246790740088650,11246790740108420,1781444304450232970,1781444304450252740
1961644,1975092,Host(NUMA 4),Device ?,0.02,17.89,0.92,11246790740136840,11246790740154730,1781444304450412110,1781444304450430000
1961644,1975092,Host(NUMA 4),Device ?,0.02,18.89,0.87,11246790740182100,11246790740200990,1781444304450582560,1781444304450601450
1961644,1975092,Host(NUMA 4),Device ?,0.01,17.07,0.48,11246790740228790,11246790740245860,1781444304450757590,1781444304450774660
1961644,1975092,Host(NUMA 4),Device ?,0.01,17.10,0.48,11246790740273670,11246790740290770,1781444304450930510,1781444304450947610
1961644,1975092,Host(NUMA 4),Device ?,0.02,19.07,0.86,11246790740318760,11246790740337830,1781444304451096980,1781444304451116050
1961644,1975092,Host(NUMA 4),Device ?,0.02,17.35,0.94,11246790740365740,11246790740383090,1781444304451263990,1781444304451281340
1961644,1975092,Host(NUMA 4),Device ?,0.01,18.28,0.34,11246790740412450,11246790740430730,1781444304451422390,1781444304451440670
1961644,1975092,Host(NUMA 4),Device ?,0.01,18.13,0.45,11246790740459420,11246790740477550,1781444304451581370,1781444304451599500
1961644,1975092,Host(NUMA 4),Device ?,0.02,18.54,0.88,11246790740505390,11246790740523930,1781444304451742710,1781444304451761250
1961644,1975092,Host(NUMA 4),Device ?,0.02,18.84,0.87,11246790740552180,11246790740571020,1781444304451900810,1781444304451919650
1961644,1975092,Host(NUMA 4),Device ?,0.01,20.53,0.40,11246790740598770,11246790740619300,1781444304452057930,1781444304452078460
1961644,1975092,Host(NUMA 4),Device ?,0.01,18.67,0.44,11246790740648890,11246790740667560,1781444304452216590,1781444304452235260
1961644,1975092,Host(NUMA 4),Device ?,0.02,17.49,0.94,11246790740697490,11246790740714980,1781444304452377480,1781444304452394970
1961644,1975092,Host(NUMA 4),Device ?,0.02,17.68,0.93,11246790740743680,11246790740761360,1781444304452533270,1781444304452550950
1961644,1975092,Host(NUMA 4),Device ?,0.01,19.06,0.32,11246790740788130,11246790740807190,1781444304452693170,1781444304452712230
1961644,1975092,Host(NUMA 4),Device ?,0.01,17.14,0.48,11246790740835350,11246790740852490,1781444304452853350,1781444304452870490
1961644,1975092,Host(NUMA 4),Device ?,0.02,17.11,0.96,11246790740881320,11246790740898430,1781444304453009230,1781444304453026340
1961644,1975092,Host(NUMA 4),Device ?,0.02,17.27,0.95,11246790740926730,11246790740944000,1781444304453164640,1781444304453181910
1961644,1975092,Host(NUMA 4),Device ?,0.01,17.26,0.47,11246790740973580,11246790740990840,1781444304453323240,1781444304453340500
1961644,1975092,Host(NUMA 4),Device ?,0.01,18.18,0.45,11246790741016560,11246790741034740,1781444304453482010,1781444304453500190
1961644,1975092,Host(NUMA 4),Device ?,0.02,16.97,0.97,11246790741060520,11246790741077490,1781444304453639840,1781444304453656810
1961644,1975092,Host(NUMA 4),Device ?,0.02,15.85,1.03,11246790741102580,11246790741118430,1781444304453811600,1781444304453827450
1961644,1975092,Host(NUMA 4),Device ?,0.01,16.14,0.38,11246790741143500,11246790741159640,1781444304453973530,1781444304453989670
1961644,1975092,Host(NUMA 4),Device ?,0.01,16.19,0.51,11246790741184520,11246790741200710,1781444304454133070,1781444304454149260
1961644,1975092,Host(NUMA 4),Device ?,0.02,16.73,0.98,11246790741226610,11246790741243340,1781444304454298270,1781444304454315000
1961644,1975092,Host(NUMA 4),Device ?,0.02,24.90,0.66,11246790741268950,11246790741293850,1781444304454449300,1781444304454474200
1961644,1975092,Host(NUMA 4),Device ?,0.01,17.92,0.46,11246790741323580,11246790741341500,1781444304454611390,1781444304454629310
1961644,1975092,Host(NUMA 4),Device ?,0.01,18.09,0.45,11246790741368640,11246790741386730,1781444304454769050,1781444304454787140
1961644,1975092,Host(NUMA 4),Device ?,0.02,18.78,0.87,11246790741413030,11246790741431810,1781444304454950610,1781444304454969390
1961644,1975092,Host(NUMA 4),Device ?,0.02,18.14,0.90,11246790741460710,11246790741478850,1781444304455118210,1781444304455136350
1961644,1975092,Host(NUMA 4),Device ?,0.01,16.33,0.38,11246790741509040,11246790741525370,1781444304455279070,1781444304455295400
1961644,1975092,Host(NUMA 4),Device ?,0.01,18.43,0.44,11246790741552200,11246790741570630,1781444304455436220,1781444304455454650
1961644,1975092,Host(NUMA 4),Device ?,0.02,17.01,0.96,11246790741598600,11246790741615610,1781444304455596520,1781444304455613530
1961644,1975092,Host(NUMA 4),Device ?,0.02,18.86,0.87,11246790741641680,11246790741660540,1781444304455752680,1781444304455771540
1961644,1975092,Host(NUMA 4),Device ?,0.01,18.65,0.44,11246790741689560,11246790741708210,1781444304455923940,1781444304455942590
1961644,1975092,Host(NUMA 4),Device ?,0.01,17.73,0.46,11246790741734200,11246790741751930,1781444304456095400,1781444304456113130
1961644,1975092,Host(NUMA 4),Device ?,0.02,18.99,0.86,11246790741779900,11246790741798890,1781444304456260990,1781444304456279980
1961644,1975092,Host(NUMA 4),Device ?,0.02,17.93,0.91,11246790741824910,11246790741842840,1781444304456422430,1781444304456440360
1961644,1975092,Host(NUMA 4),Device ?,0.01,17.26,0.36,11246790741868720,11246790741885980,1781444304456581010,1781444304456598270
1961644,1975092,Host(NUMA 4),Device ?,0.01,18.51,0.44,11246790741912020,11246790741930530,1781444304456739830,1781444304456758340
1961644,1975092,Host(NUMA 4),Device ?,0.02,18.39,0.89,11246790741958520,11246790741976910,1781444304456897910,1781444304456916300
1961644,1975092,Host(NUMA 4),Device ?,0.02,20.05,0.82,11246790742004770,11246790742024820,1781444304457065050,1781444304457085100
1961644,1975092,Host(NUMA 4),Device ?,0.01,18.59,0.44,11246790742055100,11246790742073690,1781444304457224360,1781444304457242950
1961644,1975092,Host(NUMA 4),Device ?,0.01,18.32,0.45,11246790742100180,11246790742118500,1781444304457385610,1781444304457403930
1961644,1975092,Host(NUMA 4),Device ?,0.02,17.49,0.94,11246790742144530,11246790742162020,1781444304457547840,1781444304457565330
1961644,1975092,Host(NUMA 4),Device ?,0.02,18.82,0.87,11246790742191020,11246790742209840,1781444304457709150,1781444304457727970
1961644,1975092,Host(NUMA 4),Device ?,0.01,18.82,0.33,11246790742237860,11246790742256680,1781444304457870570,1781444304457889390
1961644,1975092,Host(NUMA 4),Device ?,0.01,17.82,0.46,11246790742286190,11246790742304010,1781444304458033370,1781444304458051190
1961644,1975092,Host(NUMA 4),Device ?,0.02,23.34,0.70,11246790742334150,11246790742357490,1781444304458191160,1781444304458214500
1961644,1975092,Host(NUMA 4),Device ?,0.02,17.83,0.92,11246790742384870,11246790742402700,1781444304458358080,1781444304458375910
1961644,1975092,Host(NUMA 4),Device ?,0.01,19.22,0.43,11246790742429420,11246790742448640,1781444304458516770,1781444304458535990
1961644,1975092,Host(NUMA 4),Device ?,0.01,17.13,0.48,11246790742475140,11246790742492270,1781444304458678700,1781444304458695830
1961644,1975092,Host(NUMA 4),Device ?,0.02,19.55,0.84,11246790742519140,11246790742538690,1781444304458836210,1781444304458855760
1961644,1975092,Host(NUMA 4),Device ?,0.02,17.71,0.93,11246790742568130,11246790742585840,1781444304459026910,1781444304459044620
1961644,1975092,Host(NUMA 4),Device ?,0.01,16.09,0.38,11246790742612390,11246790742628480,1781444304459193090,1781444304459209180
1961644,1975092,Host(NUMA 4),Device ?,0.01,17.51,0.47,11246790742654590,11246790742672100,1781444304459353860,1781444304459371370
1961644,1975092,Host(NUMA 4),Device ?,0.02,16.01,1.02,11246790742699610,11246790742715620,1781444304459517470,1781444304459533480
1961644,1975092,Host(NUMA 4),Device ?,0.02,16.00,1.02,11246790742742460,11246790742758460,1781444304459674450,1781444304459690450
1961644,1975092,Host(NUMA 4),Device ?,0.01,18.27,0.45,11246790742784950,11246790742803220,1781444304459833420,1781444304459851690
1961644,1975092,Host(NUMA 4),Device ?,0.01,18.25,0.45,11246790742831680,11246790742849930,1781444304460013670,1781444304460031920
1961644,1975092,Host(NUMA 4),Device ?,0.02,16.76,0.98,11246790742878340,11246790742895100,1781444304460175380,1781444304460192140
1961644,1975092,Host(NUMA 4),Device ?,0.02,17.76,0.92,11246790742922160,11246790742939920,1781444304460349380,1781444304460367140
1961644,1975092,Host(NUMA 4),Device ?,0.01,16.92,0.36,11246790742966630,11246790742983550,1781444304460514450,1781444304460531370
1961644,1975092,Host(NUMA 4),Device ?,0.01,18.29,0.45,11246790743010440,11246790743028730,1781444304460670690,1781444304460688980
1961644,1975092,Host(NUMA 4),Device ?,0.02,18.61,0.88,11246790743057890,11246790743076500,1781444304460827670,1781444304460846280
1961644,1975092,Host(NUMA 4),Device ?,0.02,16.95,0.97,11246790743106230,11246790743123180,1781444304461002780,1781444304461019730
1961644,1975092,Host(NUMA 4),Device ?,0.01,18.08,0.45,11246790743148550,11246790743166630,1781444304461163200,1781444304461181280
1961644,1975092,Host(NUMA 4),Device ?,0.01,17.93,0.46,11246790743191410,11246790743209340,1781444304461319990,1781444304461337920
1961644,1975092,Host(NUMA 4),Device ?,0.02,15.94,1.03,11246790743234880,11246790743250820,1781444304461480500,1781444304461496440
1961644,1975092,Host(NUMA 4),Device ?,0.02,16.92,0.97,11246790743276030,11246790743292950,1781444304461639740,1781444304461656660
1961644,1975092,Host(NUMA 4),Device ?,0.01,17.63,0.35,11246790743319930,11246790743337560,1781444304461809790,1781444304461827420
1961644,1975092,Host(NUMA 4),Device ?,0.01,19.45,0.42,11246790743366450,11246790743385900,1781444304461969310,1781444304461988760
1961644,1975092,Host(NUMA 4),Device ?,0.02,18.35,0.89,11246790743416110,11246790743434460,1781444304462130380,1781444304462148730
1961644,1975092,Host(NUMA 4),Device ?,0.02,18.52,0.88,11246790743464570,11246790743483090,1781444304462285320,1781444304462303840
1961644,1975092,Host(NUMA 4),Device ?,0.01,22.11,0.37,11246790743512460,11246790743534570,1781444304462437850,1781444304462459960
1961644,1975092,Host(NUMA 4),Device ?,0.01,19.82,0.41,11246790743560830,11246790743580650,1781444304462600970,1781444304462620790
1961644,1975092,Host(NUMA 4),Device ?,0.02,16.43,1.00,11246790743607500,11246790743623930,1781444304462765100,1781444304462781530
1961644,1975092,Host(NUMA 4),Device ?,0.02,18.24,0.90,11246790743651730,11246790743669970,1781444304462933410,1781444304462951650
1961644,1975092,Host(NUMA 4),Device ?,0.01,19.64,0.31,11246790743698660,11246790743718300,1781444304463095720,1781444304463115360
1961644,1975092,Host(NUMA 4),Device ?,0.01,18.40,0.45,11246790743748300,11246790743766700,1781444304463260960,1781444304463279360
1961644,1975092,Host(NUMA 4),Device ?,0.02,18.50,0.89,11246790743794640,11246790743813140,1781444304463422500,1781444304463441000
1961644,1975092,Host(NUMA 4),Device ?,0.02,18.43,0.89,11246790743841180,11246790743859610,1781444304463599620,1781444304463618050
1961644,1975092,Host(NUMA 4),Device ?,0.01,17.53,0.47,11246790743885750,11246790743903280,1781444304463764690,1781444304463782220
1961644,1975092,Host(NUMA 4),Device ?,0.01,18.30,0.45,11246790743929630,11246790743947930,1781444304463928890,1781444304463947190
1961644,1975092,Host(NUMA 4),Device ?,0.02,19.19,0.85,11246790743978130,11246790743997320,1781444304464089570,1781444304464108760
1961644,1975092,Host(NUMA 4),Device ?,0.02,20.36,0.80,11246790744034260,11246790744054620,1781444304464247940,1781444304464268300
1961644,1975092,Host(NUMA 4),Device ?,0.01,16.59,0.37,11246790744083340,11246790744099930,1781444304464410330,1781444304464426920
1961644,1975092,Host(NUMA 4),Device ?,0.01,18.90,0.43,11246790744125590,11246790744144490,1781444304464566820,1781444304464585720
1961644,1975092,Host(NUMA 4),Device ?,0.02,20.01,0.82,11246790744174650,11246790744194660,1781444304464724110,1781444304464744120
1961644,1975092,Host(NUMA 4),Device ?,0.02,21.26,0.77,11246790744225920,11246790744247180,1781444304464881370,1781444304464902630
1961644,1975092,Host(NUMA 4),Device ?,0.01,17.41,0.47,11246790744278650,11246790744296060,1781444304465047000,1781444304465064410
1961644,1975092,Host(NUMA 4),Device ?,0.01,16.99,0.48,11246790744321780,11246790744338770,1781444304465211710,1781444304465228700
1961644,1975092,Host(NUMA 4),Device ?,0.02,18.30,0.90,11246790744364650,11246790744382950,1781444304465373040,1781444304465391340
1961644,1975092,Host(NUMA 4),Device ?,0.02,19.89,0.82,11246790744411710,11246790744431600,1781444304465531900,1781444304465551790
1961644,1975092,Host(NUMA 4),Device ?,0.01,17.56,0.35,11246790744459120,11246790744476680,1781444304465696630,1781444304465714190
1961644,1975092,Host(NUMA 4),Device ?,0.01,18.33,0.45,11246790744502500,11246790744520830,1781444304465855650,1781444304465873980
1961644,1975092,Host(NUMA 4),Device ?,0.02,19.60,0.84,11246790744547610,11246790744567210,1781444304466018740,1781444304466038340
1961644,1975092,Host(NUMA 4),Device ?,0.02,19.27,0.85,11246790744595840,11246790744615110,1781444304466195070,1781444304466214340
1961644,1975092,Host(NUMA 4),Device ?,0.01,18.82,0.44,11246790744651920,11246790744670740,1781444304466357890,1781444304466376710
1961644,1975092,Host(NUMA 4),Device ?,0.01,18.93,0.43,11246790744699510,11246790744718440,1781444304466519180,1781444304466538110
1961644,1975092,Host(NUMA 4),Device ?,0.02,18.29,0.90,11246790744747810,11246790744766100,1781444304466679960,1781444304466698250
1961644,1975092,Host(NUMA 4),Device ?,0.02,17.37,0.94,11246790744791420,11246790744808790,1781444304466853050,1781444304466870420
1961644,1975092,Host(NUMA 4),Device ?,0.01,16.02,0.38,11246790744834400,11246790744850420,1781444304467030800,1781444304467046820
1961644,1975092,Host(NUMA 4),Device ?,0.01,15.61,0.52,11246790744875720,11246790744891330,1781444304467193850,1781444304467209460
1961644,1975092,Host(NUMA 4),Device ?,0.02,17.74,0.92,11246790744918020,11246790744935760,1781444304467352760,1781444304467370500
1961644,1975092,Host(NUMA 4),Device ?,0.02,17.86,0.92,11246790744962290,11246790744980150,1781444304467527000,1781444304467544860
1961644,1975092,Host(NUMA 4),Device ?,0.01,16.08,0.51,11246790745005710,11246790745021790,1781444304467692200,1781444304467708280
1961644,1975092,Host(NUMA 4),Device ?,0.01,15.71,0.52,11246790745047580,11246790745063290,1781444304467853300,1781444304467869010
1961644,1975092,Host(NUMA 4),Device ?,0.02,19.29,0.85,11246790745091060,11246790745110350,1781444304468009670,1781444304468028960
1961644,1975092,Host(NUMA 4),Device ?,0.02,17.56,0.93,11246790745138900,11246790745156460,1781444304468173720,1781444304468191280
1961644,1975092,Host(NUMA 4),Device ?,0.01,17.27,0.36,11246790745183450,11246790745200720,1781444304468334710,1781444304468351980
1961644,1975092,Host(NUMA 4),Device ?,0.01,17.62,0.46,11246790745227700,11246790745245320,1781444304468494700,1781444304468512320
1961644,1975092,Host(NUMA 4),Device ?,0.02,19.82,0.83,11246790745274350,11246790745294170,1781444304468652370,1781444304468672190
1961644,1975092,Host(NUMA 4),Device ?,0.02,19.43,0.84,11246790745322200,11246790745341630,1781444304468815080,1781444304468834510
1961644,1975092,Host(NUMA 4),Device ?,0.01,18.12,0.45,11246790745368280,11246790745386400,1781444304468974960,1781444304468993080
1961644,1975092,Host(NUMA 4),Device ?,0.01,19.10,0.43,11246790745414270,11246790745433370,1781444304469134940,1781444304469154040
1961644,1975092,Host(NUMA 4),Device ?,0.02,21.61,0.76,11246790745460620,11246790745482230,1781444304469291020,1781444304469312630
1961644,1975092,Host(NUMA 4),Device ?,0.02,18.13,0.90,11246790745508310,11246790745526440,1781444304469454230,1781444304469472360
1961644,1975092,Host(NUMA 4),Device ?,0.01,17.65,0.35,11246790745551820,11246790745569470,1781444304469613030,1781444304469630680
1961644,1975092,Host(NUMA 4),Device ?,0.01,16.80,0.49,11246790745595510,11246790745612310,1781444304469792870,1781444304469809670
1961644,1975092,Host(NUMA 4),Device ?,0.02,18.03,0.91,11246790745638520,11246790745656550,1781444304469948180,1781444304469966210
1961644,1975092,Host(NUMA 4),Device ?,0.02,18.23,0.90,11246790745682630,11246790745700860,1781444304470121820,1781444304470140050
1961644,1975092,Host(NUMA 4),Device ?,0.01,16.84,0.49,11246790745726540,11246790745743380,1781444304470292760,1781444304470309600
1961644,1975092,Host(NUMA 4),Device ?,0.01,18.63,0.44,11246790745768790,11246790745787420,1781444304470449490,1781444304470468120
1961644,1975092,Host(NUMA 4),Device ?,0.02,18.86,0.87,11246790745816410,11246790745835270,1781444304470609310,1781444304470628170
1961644,1975092,Host(NUMA 4),Device ?,0.02,19.36,0.85,11246790745861290,11246790745880650,1781444304470767130,1781444304470786490
1961644,1975092,Host(NUMA 4),Device ?,0.01,16.66,0.37,11246790745908730,11246790745925390,1781444304470947000,1781444304470963660
1961644,1975092,Host(NUMA 4),Device ?,0.01,18.97,0.43,11246790745953460,11246790745972430,1781444304471108860,1781444304471127830
1961644,1975092,Host(NUMA 4),Device ?,0.02,16.90,0.97,11246790745999550,11246790746016450,1781444304471284120,1781444304471301020
1961644,1975092,Host(NUMA 4),Device ?,0.02,16.93,0.97,11246790746041610,11246790746058540,1781444304471449280,1781444304471466210
1961644,1975092,Host(NUMA 4),Device ?,0.01,16.71,0.49,11246790746084160,11246790746100870,1781444304471610450,1781444304471627160
1961644,1975092,Host(NUMA 4),Device ?,0.01,18.81,0.44,11246790746128430,11246790746147240,1781444304471769730,1781444304471788540
1961644,1975092,Host(NUMA 4),Device ?,0.02,18.05,0.91,11246790746175870,11246790746193920,1781444304471933650,1781444304471951700
1961644,1975092,Host(NUMA 4),Device ?,0.02,16.84,0.97,11246790746219600,11246790746236440,1781444304472094940,1781444304472111780
1961644,1975092,Host(NUMA 4),Device ?,0.01,16.97,0.36,11246790746263000,11246790746279970,1781444304472256410,1781444304472273380
1961644,1975092,Host(NUMA 4),Device ?,0.01,17.72,0.46,11246790746306450,11246790746324170,1781444304472412600,1781444304472430320
1961644,1975092,Host(NUMA 4),Device ?,0.02,20.01,0.82,11246790746351220,11246790746371230,1781444304472569480,1781444304472589490
1961644,1975092,Host(NUMA 4),Device ?,0.02,20.05,0.82,11246790746399590,11246790746419640,1781444304472725370,1781444304472745420
1961644,1975092,Host(NUMA 4),Device ?,0.01,19.60,0.42,11246790746449420,11246790746469020,1781444304472886050,1781444304472905650
1961644,1975092,Host(NUMA 4),Device ?,0.01,19.20,0.43,11246790746499800,11246790746519000,1781444304473045440,1781444304473064640
1961644,1975092,Host(NUMA 4),Device ?,0.02,18.61,0.88,11246790746545770,11246790746564380,1781444304473208760,1781444304473227370
1961644,1975092,Host(NUMA 4),Device ?,0.02,17.27,0.95,11246790746591000,11246790746608270,1781444304473392210,1781444304473409480
1961644,1975092,Host(NUMA 4),Device ?,0.01,16.99,0.36,11246790746635990,11246790746652980,1781444304473552880,1781444304473569870
1961644,1975092,Host(NUMA 4),Device ?,0.01,16.48,0.50,11246790746677940,11246790746694420,1781444304473715420,1781444304473731900
1961644,1975092,Host(NUMA 4),Device ?,0.02,18.32,0.89,11246790746720280,11246790746738600,1781444304473875710,1781444304473894030
1961644,1975092,Host(NUMA 4),Device ?,0.02,18.67,0.88,11246790746766780,11246790746785450,1781444304474036990,1781444304474055660
1961644,1975092,Host(NUMA 4),Device ?,0.01,17.69,0.46,11246790746815440,11246790746833130,1781444304474195880,1781444304474213570
1961644,1975092,Host(NUMA 4),Device ?,0.01,18.53,0.44,11246790746861410,11246790746879940,1781444304474353760,1781444304474372290
1961644,1975092,Host(NUMA 4),Device ?,0.02,20.25,0.81,11246790746909010,11246790746929260,1781444304474513620,1781444304474533870
1961644,1975092,Host(NUMA 4),Device ?,0.02,16.81,0.97,11246790746956770,11246790746973580,1781444304474674450,1781444304474691260
1961644,1975092,Host(NUMA 4),Device ?,0.01,16.17,0.38,11246790747000280,11246790747016450,1781444304474837740,1781444304474853910
1961644,1975092,Host(NUMA 4),Device ?,0.01,17.22,0.48,11246790747046260,11246790747063480,1781444304475009370,1781444304475026590
1961644,1975092,Host(NUMA 4),Device ?,0.02,17.44,0.94,11246790747093930,11246790747111370,1781444304475172580,1781444304475190020
1961644,1975092,Host(NUMA 4),Device ?,0.02,18.39,0.89,11246790747136760,11246790747155150,1781444304475333610,1781444304475352000
1961644,1975092,Host(NUMA 4),Device ?,0.01,18.06,0.45,11246790747181650,11246790747199710,1781444304475491840,1781444304475509900
1961644,1975092,Host(NUMA 4),Device ?,0.01,16.87,0.49,11246790747226650,11246790747243520,1781444304475652710,1781444304475669580
1961644,1975092,Host(NUMA 4),Device ?,0.02,17.96,0.91,11246790747269920,11246790747287880,1781444304475808730,1781444304475826690
1961644,1975092,Host(NUMA 4),Device ?,0.02,21.25,0.77,11246790747314190,11246790747335440,1781444304475965330,1781444304475986580
1961644,1975092,Host(NUMA 4),Device ?,0.01,18.35,0.33,11246790747362860,11246790747381210,1781444304476126100,1781444304476144450
1961644,1975092,Host(NUMA 4),Device ?,0.01,18.15,0.45,11246790747409720,11246790747427870,1781444304476282790,1781444304476300940
1961644,1975092,Host(NUMA 4),Device ?,0.02,17.48,0.94,11246790747454860,11246790747472340,1781444304476452430,1781444304476469910
1961644,1975092,Host(NUMA 4),Device ?,0.02,18.36,0.89,11246790747499470,11246790747517830,1781444304476625840,1781444304476644200
1961644,1975092,Host(NUMA 4),Device ?,0.01,17.49,0.47,11246790747545190,11246790747562680,1781444304476788920,1781444304476806410
1961644,1975092,Host(NUMA 4),Device ?,0.01,16.59,0.49,11246790747588080,11246790747604670,1781444304476951370,1781444304476967960
1961644,1975092,Host(NUMA 4),Device ?,0.02,16.55,0.99,11246790747630060,11246790747646610,1781444304477115430,1781444304477131980
1961644,1975092,Host(NUMA 4),Device ?,0.02,16.00,1.02,11246790747671600,11246790747687600,1781444304477274200,1781444304477290200
1961644,1975092,Host(NUMA 4),Device ?,0.01,17.03,0.36,11246790747713860,11246790747730890,1781444304477434600,1781444304477451630
1961644,1975092,Host(NUMA 4),Device ?,0.01,17.58,0.47,11246790747757370,11246790747774950,1781444304477594650,1781444304477612230
1961644,1975092,Host(NUMA 4),Device ?,0.02,16.69,0.98,11246790747803140,11246790747819830,1781444304477756270,1781444304477772960
1961644,1975092,Host(NUMA 4),Device ?,0.02,18.86,0.87,11246790747843900,11246790747862760,1781444304477918480,1781444304477937340
1961644,1975092,Host(NUMA 4),Device ?,0.01,19.48,0.42,11246790747891470,11246790747910950,1781444304478077710,1781444304478097190
1961644,1975092,Host(NUMA 4),Device ?,0.01,17.67,0.46,11246790747939980,11246790747957650,1781444304478241220,1781444304478258890
1961644,1975092,Host(NUMA 4),Device ?,0.02,24.54,0.67,11246790747986980,11246790748011520,1781444304478399850,1781444304478424390
1961644,1975092,Host(NUMA 4),Device ?,0.02,17.08,0.96,11246790748038590,11246790748055670,1781444304478596540,1781444304478613620
1961644,1975092,Host(NUMA 4),Device ?,0.01,19.37,0.32,11246790748080620,11246790748099990,1781444304478778770,1781444304478798140
1961644,1975092,Host(NUMA 4),Device ?,0.01,19.92,0.41,11246790748127490,11246790748147410,1781444304478969840,1781444304478989760
1961644,1975092,Host(NUMA 4),Device ?,0.02,19.18,0.85,11246790748180450,11246790748199630,1781444304479171620,1781444304479190800
1961644,1975092,Host(NUMA 4),Device ?,0.02,16.64,0.98,11246790748233650,11246790748250290,1781444304479337900,1781444304479354540
1961644,1975092,Host(NUMA 4),Device ?,0.01,16.58,0.49,11246790748276150,11246790748292730,1781444304479514780,1781444304479531360
1961644,1975092,Host(NUMA 4),Device ?,0.01,16.29,0.50,11246790748318470,11246790748334760,1781444304479677070,1781444304479693360
1961644,1975092,Host(NUMA 4),Device ?,0.02,18.55,0.88,11246790748363580,11246790748382130,1781444304479835810,1781444304479854360
1961644,1975092,Host(NUMA 4),Device ?,0.02,17.10,0.96,11246790748411600,11246790748428700,1781444304480008730,1781444304480025830
1961644,1975092,Host(NUMA 4),Device ?,0.01,20.83,0.29,11246790748454320,11246790748475150,1781444304480166240,1781444304480187070
1961644,1975092,Host(NUMA 4),Device ?,0.01,17.52,0.47,11246790748503670,11246790748521190,1781444304480328940,1781444304480346460
1961644,1975092,Host(NUMA 4),Device ?,0.02,18.10,0.91,11246790748547230,11246790748565330,1781444304480486080,1781444304480504180
1961644,1975092,Host(NUMA 4),Device ?,0.02,18.64,0.88,11246790748592610,11246790748611250,1781444304480642790,1781444304480661430
1961644,1975092,Host(NUMA 4),Device ?,0.01,17.50,0.47,11246790748637530,11246790748655030,1781444304480801970,1781444304480819470
1961644,1975092,Host(NUMA 4),Device ?,0.01,19.58,0.42,11246790748680260,11246790748699840,1781444304480956240,1781444304480975820
1961644,1975092,Host(NUMA 4),Device ?,0.02,16.44,1.00,11246790748725590,11246790748742030,1781444304481117820,1781444304481134260
1961644,1975092,Host(NUMA 4),Device ?,0.02,15.92,1.03,11246790748766570,11246790748782490,1781444304481278380,1781444304481294300
1961644,1975092,Host(NUMA 4),Device ?,0.01,16.54,0.37,11246790748807780,11246790748824320,1781444304481439640,1781444304481456180
1961644,1975092,Host(NUMA 4),Device ?,0.01,16.42,0.50,11246790748849400,11246790748865820,1781444304481610520,1781444304481626940
1961644,1975092,Host(NUMA 4),Device ?,0.02,15.73,1.04,11246790748892490,11246790748908220,1781444304481772810,1781444304481788540
1961644,1975092,Host(NUMA 4),Device ?,0.02,15.53,1.05,11246790748933580,11246790748949110,1781444304481934240,1781444304481949770
1961644,1975092,Host(NUMA 4),Device ?,0.01,16.74,0.49,11246790748974150,11246790748990890,1781444304482090200,1781444304482106940
1961644,1975092,Host(NUMA 4),Device ?,0.01,15.97,0.51,11246790749016650,11246790749032620,1781444304482247880,1781444304482263850
1961644,1975092,Host(NUMA 4),Device ?,0.02,15.47,1.06,11246790749059330,11246790749074800,1781444304482403420,1781444304482418890
1961644,1975092,Host(NUMA 4),Device ?,0.02,17.02,0.96,11246790749103650,11246790749120670,1781444304482560510,1781444304482577530
1961644,1975092,Host(NUMA 4),Device ?,0.01,17.97,0.34,11246790749147900,11246790749165870,1781444304482717790,1781444304482735760
1961644,1975092,Host(NUMA 4),Device ?,0.01,18.59,0.44,11246790749191570,11246790749210160,1781444304482873850,1781444304482892440
1961644,1975092,Host(NUMA 4),Device ?,0.02,18.68,0.88,11246790749238510,11246790749257190,1781444304483041480,1781444304483060160
1961644,1975092,Host(NUMA 4),Device ?,0.02,17.93,0.91,11246790749287790,11246790749305720,1781444304483199420,1781444304483217350
1961644,1975092,Host(NUMA 4),Device ?,0.01,19.10,0.43,11246790749333950,11246790749353050,1781444304483367640,1781444304483386740
1961644,1975092,Host(NUMA 4),Device ?,0.01,19.45,0.42,11246790749381780,11246790749401230,1781444304483522140,1781444304483541590
1961644,1975092,Host(NUMA 4),Device ?,0.02,16.83,0.97,11246790749430720,11246790749447550,1781444304483684110,1781444304483700940
1961644,1975092,Host(NUMA 4),Device ?,0.02,17.44,0.94,11246790749473160,11246790749490600,1781444304483839100,1781444304483856540
1961644,1975092,Host(NUMA 4),Device ?,509.88,28149.34,18.99,11246790749652600,11246790777801940,1781444304455863970,1781444304484013310
1961644,1975092,Host(NUMA 4),Device ?,24.00,1435.20,17.53,11246790777858870,11246790779294070,1781444304482737620,1781444304484172820
1961644,1975092,Host(NUMA 4),Device ?,8.00,529.18,15.85,11246790779342360,11246790779871540,1781444304483801790,1781444304484330970
1961644,1975092,Host(NUMA 4),Device ?,32.00,1896.58,17.69,11246790779916410,11246790781812990,1781444304482589430,1781444304484486010
1961644,1975092,Host(NUMA 4),Device ?,32.00,1866.80,17.97,11246790781856430,11246790783723230,1781444304482778900,1781444304484645700
1961644,1975092,Host(NUMA 4),Device ?,24.00,1375.78,18.29,11246790783762900,11246790785138680,1781444304483443350,1781444304484819130
1961644,1975092,Host(NUMA 4),Device ?,8.00,490.61,17.10,11246790785177920,11246790785668530,1781444304484489630,1781444304484980240
1961644,1975092,Host(NUMA 4),Device ?,32.00,1823.22,18.40,11246790785707060,11246790787530280,1781444304483315660,1781444304485138880
1961644,1975092,Host(NUMA 4),Device ?,32.00,1886.16,17.79,11246790787569080,11246790789455240,1781444304483410890,1781444304485297050
1961644,1975092,Host(NUMA 4),Device ?,24.00,1470.51,17.11,11246790789492680,11246790790963190,1781444304483981710,1781444304485452220
1961644,1975092,Host(NUMA 4),Device ?,8.00,500.10,16.77,11246790791004720,11246790791504820,1781444304485111210,1781444304485611310
1961644,1975092,Host(NUMA 4),Device ?,32.00,1900.90,17.65,11246790791545800,11246790793446700,1781444304483864700,1781444304485765600
1961644,1975092,Host(NUMA 4),Device ?,32.00,2123.74,15.80,11246790793488240,11246790795611980,1781444304483798070,1781444304485921810
1961644,1975092,Host(NUMA 4),Device ?,24.00,1471.02,17.11,11246790795650970,11246790797121990,1781444304484608510,1781444304486079530
1961644,1975092,Host(NUMA 4),Device ?,8.00,486.78,17.23,11246790797162240,11246790797649020,1781444304485748030,1781444304486234810
1961644,1975092,Host(NUMA 4),Device ?,32.00,2343.07,14.32,11246790797688430,11246790800031500,1781444304484047030,1781444304486390100
1961644,1975092,Host(NUMA 4),Device ?,32.00,2034.15,16.50,11246790800074060,11246790802108210,1781444304484536740,1781444304486570890
1961644,1975092,Host(NUMA 4),Device ?,24.00,1603.01,15.70,11246790802150330,11246790803753340,1781444304485128110,1781444304486731120
1961644,1975092,Host(NUMA 4),Device ?,8.00,584.84,14.34,11246790803796450,11246790804381290,1781444304486301630,1781444304486886470
1961644,1975092,Host(NUMA 4),Device ?,32.00,2026.67,16.56,11246790804420590,11246790806447260,1781444304485035460,1781444304487062130
1961644,1975092,Host(NUMA 4),Device ?,32.00,2028.87,16.54,11246790806491520,11246790808520390,1781444304485195320,1781444304487224190
1961644,1975092,Host(NUMA 4),Device ?,24.00,1597.33,15.75,11246790808562880,11246790810160210,1781444304485783230,1781444304487380560
1961644,1975092,Host(NUMA 4),Device ?,8.00,512.36,16.37,11246790810200750,11246790810713110,1781444304487023620,1781444304487535980
1961644,1975092,Host(NUMA 4),Device ?,32.00,2036.77,16.47,11246790810751660,11246790812788430,1781444304485654990,1781444304487691760
1961644,1975092,Host(NUMA 4),Device ?,32.00,2043.46,16.42,11246790812829590,11246790814873050,1781444304485803320,1781444304487846780
1961644,1975092,Host(NUMA 4),Device ?,24.00,1592.71,15.80,11246790814917250,11246790816509960,1781444304486408530,1781444304488001240
1961644,1975092,Host(NUMA 4),Device ?,8.00,513.36,16.34,11246790816555480,11246790817068840,1781444304487644610,1781444304488157970
1961644,1975092,Host(NUMA 4),Device ?,32.00,2025.33,16.57,11246790817108990,11246790819134320,1781444304486292760,1781444304488318090
1961644,1975092,Host(NUMA 4),Device ?,32.00,2023.34,16.58,11246790819175760,11246790821199100,1781444304486452920,1781444304488476260
1961644,1975092,Host(NUMA 4),Device ?,24.00,1585.58,15.87,11246790821243720,11246790822829300,1781444304487046020,1781444304488631600
1961644,1975092,Host(NUMA 4),Device ?,8.00,482.27,17.39,11246790822871680,11246790823353950,1781444304488306590,1781444304488788860
1961644,1975092,Host(NUMA 4),Device ?,32.00,2037.65,16.47,11246790823392900,11246790825430550,1781444304486907290,1781444304488944940
1961644,1975092,Host(NUMA 4),Device ?,32.00,2030.19,16.53,11246790825472240,11246790827502430,1781444304487089420,1781444304489119610
1961644,1975092,Host(NUMA 4),Device ?,24.00,1581.54,15.91,11246790827541630,11246790829123170,1781444304487696910,1781444304489278450
1961644,1975092,Host(NUMA 4),Device ?,8.00,426.70,19.66,11246790829168610,11246790829595310,1781444304489009340,1781444304489436040
1961644,1975092,Host(NUMA 4),Device ?,32.00,2043.73,16.42,11246790829631860,11246790831675590,1781444304487550260,1781444304489593990
1961644,1975092,Host(NUMA 4),Device ?,32.00,2039.32,16.45,11246790831713460,11246790833752780,1781444304487724650,1781444304489763970
1961644,1975092,Host(NUMA 4),Device ?,24.00,1600.91,15.72,11246790833799330,11246790835400240,1781444304488319570,1781444304489920480
1961644,1975092,Host(NUMA 4),Device ?,8.00,585.66,14.32,11246790835444440,11246790836030100,1781444304489493060,1781444304490078720
1961644,1975092,Host(NUMA 4),Device ?,32.00,2037.77,16.47,11246790836074410,11246790838112180,1781444304488194530,1781444304490232300
1961644,1975092,Host(NUMA 4),Device ?,32.00,2044.70,16.41,11246790838153920,11246790840198620,1781444304488357430,1781444304490402130
1961644,1975092,Host(NUMA 4),Device ?,24.00,1844.22,13.65,11246790840242520,11246790842086740,1781444304488717560,1781444304490561780
1961644,1975092,Host(NUMA 4),Device ?,8.00,561.96,14.93,11246790842128670,11246790842690630,1781444304490153310,1781444304490715270
1961644,1975092,Host(NUMA 4),Device ?,32.00,2036.95,16.47,11246790842730060,11246790844767010,1781444304488835920,1781444304490872870
1961644,1975092,Host(NUMA 4),Device ?,32.00,2044.42,16.41,11246790844813860,11246790846858280,1781444304489003620,1781444304491048040
1961644,1975092,Host(NUMA 4),Device ?,24.00,1590.89,15.82,11246790846899700,11246790848490590,1781444304489617800,1781444304491208690
1961644,1975092,Host(NUMA 4),Device ?,8.00,517.65,16.21,11246790848532970,11246790849050620,1781444304490848600,1781444304491366250
1961644,1975092,Host(NUMA 4),Device ?,32.00,2031.93,16.51,11246790849088140,11246790851120070,1781444304489503120,1781444304491535050
1961644,1975092,Host(NUMA 4),Device ?,32.00,2009.66,16.70,11246790851161300,11246790853170960,1781444304489682120,1781444304491691780
1961644,1975092,Host(NUMA 4),Device ?,24.00,1430.76,17.59,11246790853211420,11246790854642180,1781444304490415290,1781444304491846050
1961644,1975092,Host(NUMA 4),Device ?,8.00,496.27,16.90,11246790854685130,11246790855181400,1781444304491508400,1781444304492004670
1961644,1975092,Host(NUMA 4),Device ?,32.00,1951.12,17.20,11246790855222890,11246790857174010,1781444304490212970,1781444304492164090
1961644,1975092,Host(NUMA 4),Device ?,32.00,1906.78,17.60,11246790857213870,11246790859120650,1781444304490413030,1781444304492319810
1961644,1975092,Host(NUMA 4),Device ?,24.00,1489.93,16.89,11246790859159310,11246790860649240,1781444304490985270,1781444304492475200
1961644,1975092,Host(NUMA 4),Device ?,8.00,483.91,17.34,11246790860689320,11246790861173230,1781444304492145520,1781444304492629430
1961644,1975092,Host(NUMA 4),Device ?,32.00,1882.04,17.83,11246790861208860,11246790863090900,1781444304490903330,1781444304492785370
1961644,1975092,Host(NUMA 4),Device ?,32.00,1881.65,17.83,11246790863127250,11246790865008900,1781444304491071050,1781444304492952700
1961644,1975092,Host(NUMA 4),Device ?,24.00,1422.11,17.70,11246790865044960,11246790866467070,1781444304491690660,1781444304493112770
1961644,1975092,Host(NUMA 4),Device ?,8.00,469.19,17.88,11246790866502710,11246790866971900,1781444304492804500,1781444304493273690
1961644,1975092,Host(NUMA 4),Device ?,32.00,1917.89,17.50,11246790867009560,11246790868927450,1781444304491512070,1781444304493429960
1961644,1975092,Host(NUMA 4),Device ?,32.00,1923.30,17.45,11246790868969190,11246790870892490,1781444304491662500,1781444304493585800
1961644,1975092,Host(NUMA 4),Device ?,24.00,1436.05,17.52,11246790870936790,11246790872372840,1781444304492305640,1781444304493741690
1961644,1975092,Host(NUMA 4),Device ?,8.00,571.38,14.68,11246790872417890,11246790872989270,1781444304493325260,1781444304493896640
1961644,1975092,Host(NUMA 4),Device ?,32.00,1863.09,18.01,11246790873028030,11246790874891120,1781444304492187190,1781444304494050280
1961644,1975092,Host(NUMA 4),Device ?,32.00,1889.35,17.76,11246790874932110,11246790876821460,1781444304492317390,1781444304494206740
1961644,1975092,Host(NUMA 4),Device ?,24.00,1448.10,17.38,11246790876862080,11246790878310180,1781444304492915390,1781444304494363490
1961644,1975092,Host(NUMA 4),Device ?,8.00,539.06,15.56,11246790878350830,11246790878889890,1781444304493984660,1781444304494523720
1961644,1975092,Host(NUMA 4),Device ?,32.00,1872.05,17.92,11246790878925030,11246790880797080,1781444304492807030,1781444304494679080
1961644,1975092,Host(NUMA 4),Device ?,32.00,1902.75,17.63,11246790880836240,11246790882738990,1781444304492931150,1781444304494833900
1961644,1975092,Host(NUMA 4),Device ?,24.00,1441.21,17.46,11246790882784250,11246790884225460,1781444304493572850,1781444304495014060
1961644,1975092,Host(NUMA 4),Device ?,8.00,482.87,17.37,11246790884269940,11246790884752810,1781444304494695270,1781444304495178140
1961644,1975092,Host(NUMA 4),Device ?,32.00,1866.21,17.98,11246790884793180,11246790886659390,1781444304493471400,1781444304495337610
1961644,1975092,Host(NUMA 4),Device ?,32.00,1891.28,17.74,11246790886699980,11246790888591260,1781444304493603850,1781444304495495130
1961644,1975092,Host(NUMA 4),Device ?,24.00,1442.68,17.44,11246790888633560,11246790890076240,1781444304494209810,1781444304495652490
1961644,1975092,Host(NUMA 4),Device ?,8.00,479.69,17.49,11246790890114820,11246790890594510,1781444304495330190,1781444304495809880
1961644,1975092,Host(NUMA 4),Device ?,32.00,1883.45,17.82,11246790890633130,11246790892516580,1781444304494095660,1781444304495979110
1961644,1975092,Host(NUMA 4),Device ?,32.00,1891.89,17.74,11246790892554390,11246790894446280,1781444304494259300,1781444304496151190
1961644,1975092,Host(NUMA 4),Device ?,24.00,1434.62,17.54,11246790894484430,11246790895919050,1781444304494874420,1781444304496309040
1961644,1975092,Host(NUMA 4),Device ?,8.00,455.64,18.41,11246790895959280,11246790896414920,1781444304496023470,1781444304496479110
1961644,1975092,Host(NUMA 4),Device ?,32.00,1858.05,18.06,11246790896454770,11246790898312820,1781444304494779530,1781444304496637580
1961644,1975092,Host(NUMA 4),Device ?,32.00,1877.50,17.87,11246790898352890,11246790900230390,1781444304494919470,1781444304496796970
1961644,1975092,Host(NUMA 4),Device ?,24.00,1449.74,17.36,11246790900272580,11246790901722320,1781444304495507060,1781444304496956800
1961644,1975092,Host(NUMA 4),Device ?,8.00,539.21,15.56,11246790901760300,11246790902299510,1781444304496576070,1781444304497115280
1961644,1975092,Host(NUMA 4),Device ?,32.00,1865.76,17.98,11246790902339590,11246790904205350,1781444304495407890,1781444304497273650
1961644,1975092,Host(NUMA 4),Device ?,32.00,1880.15,17.85,11246790904243090,11246790906123240,1781444304495550310,1781444304497430460
1961644,1975092,Host(NUMA 4),Device ?,24.00,1444.11,17.43,11246790906164350,11246790907608460,1781444304496144730,1781444304497588840
1961644,1975092,Host(NUMA 4),Device ?,8.00,513.05,16.35,11246790907646890,11246790908159940,1781444304497233020,1781444304497746070
1961644,1975092,Host(NUMA 4),Device ?,32.00,1869.69,17.95,11246790908198620,11246790910068310,1781444304496032380,1781444304497902070
1961644,1975092,Host(NUMA 4),Device ?,32.00,1885.53,17.80,11246790910107740,11246790911993270,1781444304496175670,1781444304498061200
1961644,1975092,Host(NUMA 4),Device ?,24.00,1439.55,17.48,11246790912045600,11246790913485150,1781444304496779600,1781444304498219150
1961644,1975092,Host(NUMA 4),Device ?,8.00,497.74,16.85,11246790913525930,11246790914023670,1781444304497878290,1781444304498376030
1961644,1975092,Host(NUMA 4),Device ?,32.00,1876.66,17.88,11246790914061000,11246790915937660,1781444304496656670,1781444304498533330
1961644,1975092,Host(NUMA 4),Device ?,32.00,1882.51,17.82,11246790915979800,11246790917862310,1781444304496829950,1781444304498712460
1961644,1975092,Host(NUMA 4),Device ?,24.00,1445.62,17.41,11246790917901040,11246790919346660,1781444304497421630,1781444304498867250
1961644,1975092,Host(NUMA 4),Device ?,8.00,480.02,17.48,11246790919384880,11246790919864900,1781444304498564240,1781444304499044260
1961644,1975092,Host(NUMA 4),Device ?,32.00,1897.62,17.68,11246790919900790,11246790921798410,1781444304497307150,1781444304499204770
1961644,1975092,Host(NUMA 4),Device ?,32.00,1853.50,18.10,11246790921842110,11246790923695610,1781444304497521460,1781444304499374960
1961938,1977428,Host(NUMA 4),Device ?,16.00,3595.47,4.67,11246790720257090,11246790723852560,1781444304495946010,1781444304499541480
1961938,1977428,Host(NUMA 4),Device ?,16.00,3958.29,4.24,11246790723910510,11246790727868800,1781444304495715860,1781444304499674150
1961938,1977428,Host(NUMA 4),Device ?,12.00,1045.23,12.04,11246790727932370,11246790728977600,1781444304498755640,1781444304499800870
1961938,1977428,Host(NUMA 4),Device ?,4.00,938.99,4.47,11246790729032830,11246790729971820,1781444304498990190,1781444304499929180
1961938,1977428,Host(NUMA 4),Device ?,16.00,4248.84,3.95,11246790730026330,11246790734275170,1781444304495807150,1781444304500055990
1961938,1977428,Host(NUMA 4),Device ?,16.00,4503.08,3.73,11246790734343750,11246790738846830,1781444304495678050,1781444304500181130
1961938,1977428,Host(NUMA 4),Device ?,12.00,944.56,13.32,11246790738906090,11246790739850650,1781444304499363270,1781444304500307830
1961938,1977428,Host(NUMA 4),Device ?,4.00,993.92,4.22,11246790739904700,11246790740898620,1781444304499438300,1781444304500432220
1961938,1977428,Host(NUMA 4),Device ?,16.00,3590.02,4.67,11246790740948450,11246790744538470,1781444304496964220,1781444304500554240
1961938,1977428,Host(NUMA 4),Device ?,16.00,3818.47,4.39,11246790744604100,11246790748422570,1781444304496859200,1781444304500677670
1961938,1977428,Host(NUMA 4),Device ?,12.00,874.43,14.39,11246790748490710,11246790749365140,1781444304499927670,1781444304500802100
1961938,1977428,Host(NUMA 4),Device ?,4.00,1274.25,3.29,11246790749422570,11246790750696820,1781444304499665760,1781444304500940010
1961938,1977428,Host(NUMA 4),Device ?,16.00,4908.91,3.42,11246790750744200,11246790755653110,1781444304496158560,1781444304501067470
1961938,1977428,Host(NUMA 4),Device ?,16.00,7782.86,2.16,11246790755718830,11246790763501690,1781444304493409850,1781444304501192710
1961938,1977428,Host(NUMA 4),Device ?,12.00,1001.66,12.56,11246790763562120,11246790764563780,1781444304500316650,1781444304501318310
1961938,1977428,Host(NUMA 4),Device ?,4.00,1190.24,3.52,11246790764616020,11246790765806260,1781444304500250710,1781444304501440950
1961938,1977428,Host(NUMA 4),Device ?,16.00,3588.59,4.68,11246790765854610,11246790769443200,1781444304497979560,1781444304501568150
1961938,1977428,Host(NUMA 4),Device ?,16.00,4257.11,3.94,11246790769502100,11246790773759210,1781444304497437910,1781444304501695020
1961938,1977428,Host(NUMA 4),Device ?,12.00,836.36,15.04,11246790773819040,11246790774655400,1781444304500981050,1781444304501817410
1961938,1977428,Host(NUMA 4),Device ?,4.00,974.46,4.30,11246790774704620,11246790775679080,1781444304500968320,1781444304501942780
1961938,1977428,Host(NUMA 4),Device ?,16.00,4349.20,3.86,11246790775727760,11246790780076960,1781444304497719040,1781444304502068240
1961938,1977428,Host(NUMA 4),Device ?,16.00,3332.64,5.03,11246790780139620,11246790783472260,1781444304498858720,1781444304502191360
1961938,1977428,Host(NUMA 4),Device ?,12.00,903.66,13.92,11246790783533440,11246790784437100,1781444304501413860,1781444304502317520
1961938,1977428,Host(NUMA 4),Device ?,4.00,1027.64,4.08,11246790784490580,11246790785518220,1781444304501422410,1781444304502450050
1961938,1977428,Host(NUMA 4),Device ?,16.00,3562.36,4.71,11246790785569580,11246790789131940,1781444304499013070,1781444304502575430
1961938,1977428,Host(NUMA 4),Device ?,16.00,3224.39,5.20,11246790789191190,11246790792415580,1781444304499475680,1781444304502700070
1961938,1977428,Host(NUMA 4),Device ?,12.00,862.75,14.58,11246790792475210,11246790793337960,1781444304501964140,1781444304502826890
1961938,1977428,Host(NUMA 4),Device ?,4.00,1079.72,3.88,11246790793391690,11246790794471410,1781444304501883980,1781444304502963700
1961938,1977428,Host(NUMA 4),Device ?,16.00,3734.90,4.49,11246790794524100,11246790798259000,1781444304499358800,1781444304503093700
1961938,1977428,Host(NUMA 4),Device ?,16.00,3980.03,4.22,11246790798321260,11246790802301290,1781444304499242190,1781444304503222220
1961938,1977428,Host(NUMA 4),Device ?,12.00,907.53,13.87,11246790802361640,11246790803269170,1781444304502438770,1781444304503346300
1961938,1977428,Host(NUMA 4),Device ?,4.00,1004.48,4.18,11246790803319920,11246790804324400,1781444304502467900,1781444304503472380
1961938,1977428,Host(NUMA 4),Device ?,16.00,4338.83,3.87,11246790804378210,11246790808717040,1781444304499260480,1781444304503599310
1961938,1977428,Host(NUMA 4),Device ?,16.00,3807.32,4.41,11246790808777880,11246790812585200,1781444304499919750,1781444304503727070
1961938,1977428,Host(NUMA 4),Device ?,12.00,798.04,15.77,11246790812647590,11246790813445630,1781444304503055010,1781444304503853050
1961938,1977428,Host(NUMA 4),Device ?,4.00,1000.97,4.19,11246790813498370,11246790814499340,1781444304502979680,1781444304503980650
1961938,1977428,Host(NUMA 4),Device ?,16.00,4415.33,3.80,11246790814551720,11246790818967050,1781444304499687440,1781444304504102770
1961938,1977428,Host(NUMA 4),Device ?,16.00,3529.73,4.75,11246790819029850,11246790822559580,1781444304500698570,1781444304504228300
1961938,1977428,Host(NUMA 4),Device ?,12.00,864.98,14.55,11246790822621310,11246790823486290,1781444304503489160,1781444304504354140
1961938,1977428,Host(NUMA 4),Device ?,4.00,1178.67,3.56,11246790823539940,11246790824718610,1781444304503298310,1781444304504476980
1961938,1977428,Host(NUMA 4),Device ?,16.00,3536.45,4.74,11246790824773070,11246790828309520,1781444304501064160,1781444304504600610
1961938,1977428,Host(NUMA 4),Device ?,16.00,3459.56,4.85,11246790828372380,11246790831831940,1781444304501265960,1781444304504725520
1961938,1977428,Host(NUMA 4),Device ?,12.00,879.42,14.31,11246790831891190,11246790832770610,1781444304503982400,1781444304504861820
1961938,1977428,Host(NUMA 4),Device ?,4.00,965.45,4.34,11246790832824750,11246790833790200,1781444304504025000,1781444304504990450
1961938,1977428,Host(NUMA 4),Device ?,16.00,3790.27,4.43,11246790833844650,11246790837634920,1781444304501325080,1781444304505115350
1961938,1977428,Host(NUMA 4),Device ?,16.00,3250.69,5.16,11246790837698420,11246790840949110,1781444304501999310,1781444304505250000
1961938,1977428,Host(NUMA 4),Device ?,12.00,892.81,14.09,11246790841012190,11246790841905000,1781444304504485340,1781444304505378150
1961938,1977428,Host(NUMA 4),Device ?,4.00,1398.74,3.00,11246790841957270,11246790843356010,1781444304504105110,1781444304505503850
1961938,1977428,Host(NUMA 4),Device ?,16.00,3936.76,4.26,11246790843406950,11246790847343710,1781444304501692770,1781444304505629530
1961938,1977428,Host(NUMA 4),Device ?,16.00,3582.32,4.68,11246790847404450,11246790850986770,1781444304502172040,1781444304505754360
1961938,1977428,Host(NUMA 4),Device ?,12.00,891.08,14.12,11246790851047890,11246790851938970,1781444304504986170,1781444304505877250
1961938,1977428,Host(NUMA 4),Device ?,4.00,1044.92,4.01,11246790851993170,11246790853038090,1781444304504956040,1781444304506000960
1961938,1977428,Host(NUMA 4),Device ?,16.00,3727.09,4.50,11246790853095170,11246790856822260,1781444304502399680,1781444304506126770
1961938,1977428,Host(NUMA 4),Device ?,16.00,2863.25,5.86,11246790856885110,11246790859748360,1781444304503390370,1781444304506253620
1961938,1977428,Host(NUMA 4),Device ?,12.00,927.97,13.56,11246790859810100,11246790860738070,1781444304505448210,1781444304506376180
1961938,1977428,Host(NUMA 4),Device ?,4.00,782.03,5.36,11246790860791030,11246790861573060,1781444304505716840,1781444304506498870
1961938,1977428,Host(NUMA 4),Device ?,16.00,2196.39,7.64,11246790861616650,11246790863813040,1781444304504427310,1781444304506623700
1961938,1977428,Host(NUMA 4),Device ?,16.00,2020.41,8.30,11246790863870810,11246790865891220,1781444304504727090,1781444304506747500
1961938,1977428,Host(NUMA 4),Device ?,12.00,822.29,15.30,11246790865946660,11246790866768950,1781444304506050370,1781444304506872660
1961938,1977428,Host(NUMA 4),Device ?,4.00,681.24,6.16,11246790866816460,11246790867497700,1781444304506330260,1781444304507011500
1961938,1977428,Host(NUMA 4),Device ?,16.00,2057.55,8.15,11246790867541220,11246790869598770,1781444304505082820,1781444304507140370
1961938,1977428,Host(NUMA 4),Device ?,16.00,2120.58,7.91,11246790869655140,11246790871775720,1781444304505145010,1781444304507265590
1961938,1977428,Host(NUMA 4),Device ?,12.00,826.86,15.22,11246790871830530,11246790872657390,1781444304506564070,1781444304507390930
1961938,1977428,Host(NUMA 4),Device ?,4.00,809.17,5.18,11246790872707800,11246790873516970,1781444304506705230,1781444304507514400
1961938,1977428,Host(NUMA 4),Device ?,16.00,1729.84,9.70,11246790873563220,11246790875293060,1781444304505909500,1781444304507639340
1961938,1977428,Host(NUMA 4),Device ?,16.00,2016.31,8.32,11246790875345200,11246790877361510,1781444304505748010,1781444304507764320
1961938,1977428,Host(NUMA 4),Device ?,12.00,782.05,16.09,11246790877415040,11246790878197090,1781444304507111480,1781444304507893530
1961938,1977428,Host(NUMA 4),Device ?,4.00,621.56,6.75,11246790878244140,11246790878865700,1781444304507399510,1781444304508021070
1961938,1977428,Host(NUMA 4),Device ?,16.00,3505.33,4.79,11246790878910750,11246790882416080,1781444304504641520,1781444304508146850
1961938,1977428,Host(NUMA 4),Device ?,16.00,2348.22,7.14,11246790882472830,11246790884821050,1781444304505922840,1781444304508271060
1961938,1977428,Host(NUMA 4),Device ?,12.00,804.31,15.64,11246790884879610,11246790885683920,1781444304507602980,1781444304508407290
1961938,1977428,Host(NUMA 4),Device ?,4.00,634.48,6.61,11246790885731360,11246790886365840,1781444304507894970,1781444304508529450
1961938,1977428,Host(NUMA 4),Device ?,16.00,2000.73,8.39,11246790886413940,11246790888414670,1781444304506653550,1781444304508654280
1961938,1977428,Host(NUMA 4),Device ?,16.00,1914.12,8.76,11246790888473400,11246790890387520,1781444304506878180,1781444304508792300
1961938,1977428,Host(NUMA 4),Device ?,12.00,972.73,12.94,11246790890446460,11246790891419190,1781444304507942750,1781444304508915480
1961938,1977428,Host(NUMA 4),Device ?,4.00,990.87,4.23,11246790891467320,11246790892458190,1781444304508049020,1781444304509039890
1961938,1977428,Host(NUMA 4),Device ?,16.00,1980.56,8.47,11246790892508870,11246790894489430,1781444304507182070,1781444304509162630
1961938,1977428,Host(NUMA 4),Device ?,16.00,3071.43,5.46,11246790894546160,11246790897617590,1781444304506213390,1781444304509284820
1961938,1977428,Host(NUMA 4),Device ?,12.00,826.72,15.22,11246790897674100,11246790898500820,1781444304508582300,1781444304509409020
1961938,1977428,Host(NUMA 4),Device ?,4.00,919.83,4.56,11246790898550900,11246790899470730,1781444304508612900,1781444304509532730
1961938,1977428,Host(NUMA 4),Device ?,16.00,2121.30,7.91,11246790899517140,11246790901638440,1781444304507532840,1781444304509654140
1961938,1977428,Host(NUMA 4),Device ?,16.00,2365.81,7.09,11246790901697210,11246790904063020,1781444304507412660,1781444304509778470
1961938,1977428,Host(NUMA 4),Device ?,12.00,792.69,15.87,11246790904119200,11246790904911890,1781444304509108910,1781444304509901600
1961938,1977428,Host(NUMA 4),Device ?,4.00,802.24,5.23,11246790904960470,11246790905762710,1781444304509220560,1781444304510022800
1961938,1977428,Host(NUMA 4),Device ?,16.00,3360.42,4.99,11246790905808910,11246790909169330,1781444304506785090,1781444304510145510
1961938,1977428,Host(NUMA 4),Device ?,16.00,2168.32,7.74,11246790909229550,11246790911397870,1781444304508101110,1781444304510269430
1961938,1977428,Host(NUMA 4),Device ?,12.00,790.78,15.91,11246790911452710,11246790912243490,1781444304509599310,1781444304510390090
1961938,1977428,Host(NUMA 4),Device ?,4.00,719.29,5.83,11246790912294780,11246790913014070,1781444304509794770,1781444304510514060
1961938,1977428,Host(NUMA 4),Device ?,16.00,2016.11,8.32,11246790913059860,11246790915075970,1781444304508621670,1781444304510637780
1961938,1977428,Host(NUMA 4),Device ?,16.00,2006.05,8.36,11246790915130410,11246790917136460,1781444304508752170,1781444304510758220
1961938,1977428,Host(NUMA 4),Device ?,12.00,845.59,14.88,11246790917192280,11246790918037870,1781444304510035830,1781444304510881420
1961938,1977428,Host(NUMA 4),Device ?,4.00,702.80,5.97,11246790918087430,11246790918790230,1781444304510336350,1781444304511039150
1961938,1977428,Host(NUMA 4),Device ?,16.00,2041.41,8.22,11246790918838970,11246790920880380,1781444304509123140,1781444304511164550
1961938,1977428,Host(NUMA 4),Device ?,16.00,2060.25,8.14,11246790920939860,11246790923000110,1781444304509244020,1781444304511304270
1962011,1974998,Host(NUMA 5),Device ?,32.00,1900.94,17.65,11246790722541390,11246790724442330,1781444304509537220,1781444304511438160
1962011,1974998,Host(NUMA 5),Device ?,32.00,1902.58,17.64,11246790724488360,11246790726390940,1781444304509695070,1781444304511597650
1962011,1974998,Host(NUMA 5),Device ?,24.00,1446.72,17.40,11246790726439510,11246790727886230,1781444304510307500,1781444304511754220
1962011,1974998,Host(NUMA 5),Device ?,8.00,451.90,18.56,11246790727934950,11246790728386850,1781444304511460810,1781444304511912710
1962011,1974998,Host(NUMA 5),Device ?,32.00,1894.99,17.71,11246790728432160,11246790730327150,1781444304510173050,1781444304512068040
1962011,1974998,Host(NUMA 5),Device ?,32.00,1898.81,17.67,11246790730375620,11246790732274430,1781444304510324600,1781444304512223410
1962011,1974998,Host(NUMA 5),Device ?,24.00,1493.61,16.85,11246790732321650,11246790733815260,1781444304510884770,1781444304512378380
1962011,1974998,Host(NUMA 5),Device ?,8.00,563.86,14.88,11246790733863500,11246790734427360,1781444304511970460,1781444304512534320
1962011,1974998,Host(NUMA 5),Device ?,32.00,1886.11,17.79,11246790734475410,11246790736361520,1781444304510803960,1781444304512690070
1962011,1974998,Host(NUMA 5),Device ?,32.00,1888.86,17.76,11246790736406990,11246790738295850,1781444304510958440,1781444304512847300
1962011,1974998,Host(NUMA 5),Device ?,24.00,1423.87,17.67,11246790738346530,11246790739770400,1781444304511601100,1781444304513024970
1962011,1974998,Host(NUMA 5),Device ?,8.00,543.65,15.43,11246790739820420,11246790740364070,1781444304512640900,1781444304513184550
1962011,1974998,Host(NUMA 5),Device ?,32.00,1856.70,18.07,11246790740413850,11246790742270550,1781444304511485950,1781444304513342650
1962011,1974998,Host(NUMA 5),Device ?,32.00,1907.09,17.59,11246790742314660,11246790744221750,1781444304511606250,1781444304513513340
1962011,1974998,Host(NUMA 5),Device ?,24.00,1549.73,16.24,11246790744269560,11246790745819290,1781444304512123010,1781444304513672740
1962011,1974998,Host(NUMA 5),Device ?,8.00,582.30,14.41,11246790745866420,11246790746448720,1781444304513247670,1781444304513829970
1962011,1974998,Host(NUMA 5),Device ?,32.00,1851.28,18.12,11246790746493630,11246790748344910,1781444304512133430,1781444304513984710
1962011,1974998,Host(NUMA 5),Device ?,32.00,2088.12,16.07,11246790748389390,11246790750477510,1781444304512052580,1781444304514140700
1962011,1974998,Host(NUMA 5),Device ?,24.00,1450.93,17.34,11246790750520400,11246790751971330,1781444304512845940,1781444304514296870
1962011,1974998,Host(NUMA 5),Device ?,8.00,429.32,19.54,11246790752027630,11246790752456950,1781444304514024190,1781444304514453510
1962011,1974998,Host(NUMA 5),Device ?,32.00,1864.73,17.99,11246790752503660,11246790754368390,1781444304512756990,1781444304514621720
1962011,1974998,Host(NUMA 5),Device ?,32.00,1897.41,17.68,11246790754415980,11246790756313390,1781444304512881830,1781444304514779240
1962011,1974998,Host(NUMA 5),Device ?,24.00,1430.41,17.59,11246790756359910,11246790757790320,1781444304513517440,1781444304514947850
1962011,1974998,Host(NUMA 5),Device ?,8.00,464.07,18.08,11246790757832790,11246790758296860,1781444304514650070,1781444304515114140
1962011,1974998,Host(NUMA 5),Device ?,32.00,1914.77,17.52,11246790758338920,11246790760253690,1781444304513355930,1781444304515270700
1962011,1974998,Host(NUMA 5),Device ?,32.00,1903.62,17.63,11246790760296850,11246790762200470,1781444304513522790,1781444304515426410
1962011,1974998,Host(NUMA 5),Device ?,24.00,1444.66,17.42,11246790762248110,11246790763692770,1781444304514136690,1781444304515581350
1962011,1974998,Host(NUMA 5),Device ?,8.00,557.74,15.04,11246790763740280,11246790764298020,1781444304515180150,1781444304515737890
1962011,1974998,Host(NUMA 5),Device ?,32.00,1857.78,18.06,11246790764340870,11246790766198650,1781444304514036780,1781444304515894560
1962011,1974998,Host(NUMA 5),Device ?,32.00,1886.57,17.79,11246790766240360,11246790768126930,1781444304514164350,1781444304516050920
1962011,1974998,Host(NUMA 5),Device ?,24.00,1450.44,17.35,11246790768172930,11246790769623370,1781444304514753670,1781444304516204110
1962011,1974998,Host(NUMA 5),Device ?,8.00,565.53,14.83,11246790769666270,11246790770231800,1781444304515792220,1781444304516357750
1962011,1974998,Host(NUMA 5),Device ?,32.00,1886.53,17.79,11246790770274150,11246790772160680,1781444304514624270,1781444304516510800
1962011,1974998,Host(NUMA 5),Device ?,32.00,1891.51,17.74,11246790772205160,11246790774096670,1781444304514774890,1781444304516666400
1962011,1974998,Host(NUMA 5),Device ?,24.00,1444.75,17.42,11246790774140240,11246790775584990,1781444304515376120,1781444304516820870
1962011,1974998,Host(NUMA 5),Device ?,8.00,527.94,15.89,11246790775627550,11246790776155490,1781444304516449500,1781444304516977440
1962011,1974998,Host(NUMA 5),Device ?,32.00,1893.04,17.73,11246790776196630,11246790778089670,1781444304515241970,1781444304517135010
1962011,1974998,Host(NUMA 5),Device ?,32.00,1940.71,17.29,11246790778137380,11246790780078090,1781444304515352630,1781444304517293340
1962011,1974998,Host(NUMA 5),Device ?,24.00,1563.17,16.10,11246790780124380,11246790781687550,1781444304515888690,1781444304517451860
1962011,1974998,Host(NUMA 5),Device ?,8.00,438.62,19.13,11246790781731580,11246790782170200,1781444304517167420,1781444304517606040
1962011,1974998,Host(NUMA 5),Device ?,32.00,1873.20,17.91,11246790782211240,11246790784084440,1781444304515902620,1781444304517775820
1962011,1974998,Host(NUMA 5),Device ?,32.00,1876.52,17.88,11246790784125070,11246790786001590,1781444304516073190,1781444304517949710
1962011,1974998,Host(NUMA 5),Device ?,24.00,1425.77,17.65,11246790786048160,11246790787473930,1781444304516703810,1781444304518129580
1962011,1974998,Host(NUMA 5),Device ?,8.00,518.59,16.18,11246790787514730,11246790788033320,1781444304517766670,1781444304518285260
1962011,1974998,Host(NUMA 5),Device ?,32.00,1863.75,18.00,11246790788073300,11246790789937050,1781444304516580800,1781444304518444550
1962011,1974998,Host(NUMA 5),Device ?,32.00,1871.79,17.93,11246790789977970,11246790791849760,1781444304516731540,1781444304518603330
1962011,1974998,Host(NUMA 5),Device ?,24.00,1438.60,17.49,11246790791895230,11246790793333830,1781444304517327490,1781444304518766090
1962011,1974998,Host(NUMA 5),Device ?,8.00,461.01,18.20,11246790793375550,11246790793836560,1781444304518484860,1781444304518945870
1962011,1974998,Host(NUMA 5),Device ?,32.00,1873.84,17.91,11246790793877410,11246790795751250,1781444304517240250,1781444304519114090
1962011,1974998,Host(NUMA 5),Device ?,32.00,1866.72,17.98,11246790795792270,11246790797658990,1781444304517407750,1781444304519274470
1962011,1974998,Host(NUMA 5),Device ?,24.00,1445.00,17.42,11246790797702560,11246790799147560,1781444304517991470,1781444304519436470
1962011,1974998,Host(NUMA 5),Device ?,8.00,565.79,14.83,11246790799188800,11246790799754590,1781444304519036090,1781444304519601880
1962011,1974998,Host(NUMA 5),Device ?,32.00,1899.60,17.66,11246790799793330,11246790801692930,1781444304517866800,1781444304519766400
1962011,1974998,Host(NUMA 5),Device ?,32.00,1886.48,17.79,11246790801735220,11246790803621700,1781444304518042030,1781444304519928510
1962011,1974998,Host(NUMA 5),Device ?,24.00,1432.29,17.57,11246790803663840,11246790805096130,1781444304518656000,1781444304520088290
1962011,1974998,Host(NUMA 5),Device ?,8.00,507.99,16.51,11246790805138580,11246790805646570,1781444304519736400,1781444304520244390
1962011,1974998,Host(NUMA 5),Device ?,32.00,1850.49,18.13,11246790805688060,11246790807538550,1781444304518550820,1781444304520401310
1962011,1974998,Host(NUMA 5),Device ?,32.00,1883.94,17.81,11246790807578250,11246790809462190,1781444304518675020,1781444304520558960
1962011,1974998,Host(NUMA 5),Device ?,24.00,1456.88,17.27,11246790809503180,11246790810960060,1781444304519261490,1781444304520718370
1962011,1974998,Host(NUMA 5),Device ?,8.00,549.53,15.27,11246790810999330,11246790811548860,1781444304520327520,1781444304520877050
1962011,1974998,Host(NUMA 5),Device ?,32.00,1865.08,17.99,11246790811589090,11246790813454170,1781444304519184680,1781444304521049760
1962011,1974998,Host(NUMA 5),Device ?,32.00,1866.02,17.98,11246790813495100,11246790815361120,1781444304519343380,1781444304521209400
1962011,1974998,Host(NUMA 5),Device ?,24.00,1438.06,17.50,11246790815400200,11246790816838260,1781444304519927700,1781444304521365760
1962011,1974998,Host(NUMA 5),Device ?,8.00,445.18,18.84,11246790816882160,11246790817327340,1781444304521081450,1781444304521526630
1962011,1974998,Host(NUMA 5),Device ?,32.00,1849.37,18.14,11246790817366190,11246790819215560,1781444304519837850,1781444304521687220
1962011,1974998,Host(NUMA 5),Device ?,32.00,1926.92,17.41,11246790819255830,11246790821182750,1781444304519917600,1781444304521844520
1962011,1974998,Host(NUMA 5),Device ?,24.00,1422.80,17.69,11246790821224570,11246790822647370,1781444304520580470,1781444304522003270
1962011,1974998,Host(NUMA 5),Device ?,8.00,459.81,18.24,11246790822687920,11246790823147730,1781444304521700470,1781444304522160280
1962011,1974998,Host(NUMA 5),Device ?,32.00,1867.34,17.97,11246790823188640,11246790825055980,1781444304520452070,1781444304522319410
1962011,1974998,Host(NUMA 5),Device ?,32.00,1883.78,17.81,11246790825101070,11246790826984850,1781444304520589840,1781444304522473620
1962011,1974998,Host(NUMA 5),Device ?,24.00,1439.89,17.48,11246790827026930,11246790828466820,1781444304521188710,1781444304522628600
1962011,1974998,Host(NUMA 5),Device ?,8.00,548.51,15.29,11246790828511360,11246790829059870,1781444304522248680,1781444304522797190
1962011,1974998,Host(NUMA 5),Device ?,32.00,1873.91,17.91,11246790829099760,11246790830973670,1781444304521096120,1781444304522970030
1962011,1974998,Host(NUMA 5),Device ?,32.00,1864.77,17.99,11246790831014000,11246790832878770,1781444304521269610,1781444304523134380
1962011,1974998,Host(NUMA 5),Device ?,24.00,1439.51,17.48,11246790832920300,11246790834359810,1781444304521852140,1781444304523291650
1962011,1974998,Host(NUMA 5),Device ?,8.00,580.01,14.46,11246790834405140,11246790834985150,1781444304522871190,1781444304523451200
1962011,1974998,Host(NUMA 5),Device ?,32.00,1862.71,18.01,11246790835030980,11246790836893690,1781444304521746360,1781444304523609070
1962011,1974998,Host(NUMA 5),Device ?,32.00,1913.57,17.53,11246790836937610,11246790838851180,1781444304521856270,1781444304523769840
1962011,1974998,Host(NUMA 5),Device ?,24.00,1426.95,17.64,11246790838894180,11246790840321130,1781444304522501340,1781444304523928290
1962011,1974998,Host(NUMA 5),Device ?,8.00,522.36,16.06,11246790840363480,11246790840885840,1781444304523564040,1781444304524086400
1962011,1974998,Host(NUMA 5),Device ?,32.00,1864.36,18.00,11246790840925670,11246790842790030,1781444304522390420,1781444304524254780
1962011,1974998,Host(NUMA 5),Device ?,32.00,1852.40,18.11,11246790842830890,11246790844683290,1781444304522559790,1781444304524412190
1962011,1974998,Host(NUMA 5),Device ?,24.00,1415.14,17.78,11246790844727950,11246790846143090,1781444304523166750,1781444304524581890
1962011,1974998,Host(NUMA 5),Device ?,8.00,465.36,18.03,11246790846184520,11246790846649880,1781444304524279700,1781444304524745060
1962011,1974998,Host(NUMA 5),Device ?,32.00,1858.05,18.06,11246790846691150,11246790848549200,1781444304523045410,1781444304524903460
1962011,1974998,Host(NUMA 5),Device ?,32.00,1877.81,17.87,11246790848591320,11246790850469130,1781444304523185340,1781444304525063150
1962011,1974998,Host(NUMA 5),Device ?,24.00,1417.30,17.76,11246790850510130,11246790851927430,1781444304523803970,1781444304525221270
1962011,1974998,Host(NUMA 5),Device ?,8.00,451.94,18.56,11246790851969560,11246790852421500,1781444304524928580,1781444304525380520
1962011,1974998,Host(NUMA 5),Device ?,32.00,1853.44,18.10,11246790852465750,11246790854319190,1781444304523686810,1781444304525540250
1962011,1974998,Host(NUMA 5),Device ?,32.00,1871.66,17.93,11246790854363740,11246790856235400,1781444304523825970,1781444304525697630
1962011,1974998,Host(NUMA 5),Device ?,24.00,1437.90,17.50,11246790856280330,11246790857718230,1781444304524416030,1781444304525853930
1962011,1974998,Host(NUMA 5),Device ?,8.00,447.87,18.73,11246790857760510,11246790858208380,1781444304525562040,1781444304526009910
1962011,1974998,Host(NUMA 5),Device ?,32.00,1878.78,17.86,11246790858248430,11246790860127210,1781444304524288200,1781444304526166980
1962011,1974998,Host(NUMA 5),Device ?,32.00,1873.24,17.91,11246790860169490,11246790862042730,1781444304524448900,1781444304526322140
1962011,1974998,Host(NUMA 5),Device ?,24.00,1428.57,17.62,11246790862085070,11246790863513640,1781444304525049770,1781444304526478340
1962011,1974998,Host(NUMA 5),Device ?,8.00,568.87,14.75,11246790863556090,11246790864124960,1781444304526065200,1781444304526634070
1962011,1974998,Host(NUMA 5),Device ?,32.00,1881.42,17.83,11246790864165300,11246790866046720,1781444304524913620,1781444304526795040
1962011,1974998,Host(NUMA 5),Device ?,32.00,1894.72,17.71,11246790866090370,11246790867985090,1781444304525091400,1781444304526986120
1962011,1974998,Host(NUMA 5),Device ?,254.94,14106.96,18.95,11246790868046740,11246790882153700,1781444304513046000,1781444304527152960
1962011,1974998,Host(NUMA 5),Device ?,0.02,115.34,0.14,11246790882218870,11246790882334210,1781444304527197340,1781444304527312680
1962011,1974998,Host(NUMA 5),Device ?,0.02,70.33,0.23,11246790882378860,11246790882449190,1781444304527415870,1781444304527486200
1962011,1974998,Host(NUMA 5),Device ?,0.01,59.06,0.21,11246790882490000,11246790882549060,1781444304527589640,1781444304527648700
1962011,1974998,Host(NUMA 5),Device ?,0.02,63.06,0.26,11246790882589220,11246790882652280,1781444304527759260,1781444304527822320
1962011,1974998,Host(NUMA 5),Device ?,0.02,67.32,0.24,11246790882690510,11246790882757830,1781444304527931050,1781444304527998370
1962011,1974998,Host(NUMA 5),Device ?,0.02,63.72,0.26,11246790882799220,11246790882862940,1781444304528091600,1781444304528155320
1962011,1974998,Host(NUMA 5),Device ?,0.02,26.11,0.63,11246790882899910,11246790882926020,1781444304528284090,1781444304528310200
1962011,1974998,Host(NUMA 5),Device ?,0.02,17.46,0.94,11246790882961040,11246790882978500,1781444304528450720,1781444304528468180
1962011,1974998,Host(NUMA 5),Device ?,0.02,21.16,0.77,11246790883008760,11246790883029920,1781444304528600560,1781444304528621720
1962011,1974998,Host(NUMA 5),Device ?,0.02,22.58,0.73,11246790883058230,11246790883080810,1781444304528753680,1781444304528776260
1962011,1974998,Host(NUMA 5),Device ?,0.01,18.00,0.68,11246790883108150,11246790883126150,1781444304528912860,1781444304528930860
1962011,1974998,Host(NUMA 5),Device ?,0.02,22.52,0.73,11246790883153350,11246790883175870,1781444304529065650,1781444304529088170
1962011,1974998,Host(NUMA 5),Device ?,0.02,21.02,0.78,11246790883207640,11246790883228660,1781444304529221020,1781444304529242040
1962011,1974998,Host(NUMA 5),Device ?,0.02,23.85,0.69,11246790883261550,11246790883285400,1781444304529377940,1781444304529401790
1962011,1974998,Host(NUMA 5),Device ?,0.02,22.91,0.72,11246790883314940,11246790883337850,1781444304529536210,1781444304529559120
1962011,1974998,Host(NUMA 5),Device ?,0.02,17.77,0.92,11246790883367280,11246790883385050,1781444304529697300,1781444304529715070
1962011,1974998,Host(NUMA 5),Device ?,0.02,20.96,0.78,11246790883414860,11246790883435820,1781444304529849100,1781444304529870060
1962011,1974998,Host(NUMA 5),Device ?,0.02,18.94,0.87,11246790883463750,11246790883482690,1781444304530005690,1781444304530024630
1962011,1974998,Host(NUMA 5),Device ?,0.01,18.48,0.66,11246790883511020,11246790883529500,1781444304530177790,1781444304530196270
1962011,1974998,Host(NUMA 5),Device ?,0.02,23.12,0.71,11246790883559320,11246790883582440,1781444304530331140,1781444304530354260
1962011,1974998,Host(NUMA 5),Device ?,0.02,21.94,0.75,11246790883612310,11246790883634250,1781444304530494240,1781444304530516180
1962011,1974998,Host(NUMA 5),Device ?,0.02,24.10,0.68,11246790883667090,11246790883691190,1781444304530664480,1781444304530688580
1962011,1974998,Host(NUMA 5),Device ?,0.02,22.80,0.72,11246790883725860,11246790883748660,1781444304530825500,1781444304530848300
1962011,1974998,Host(NUMA 5),Device ?,0.02,19.05,0.86,11246790883782950,11246790883802000,1781444304531039490,1781444304531058540
1962011,1974998,Host(NUMA 5),Device ?,0.02,22.56,0.73,11246790883834730,11246790883857290,1781444304531202610,1781444304531225170
1962011,1974998,Host(NUMA 5),Device ?,0.02,23.17,0.71,11246790883895370,11246790883918540,1781444304531361390,1781444304531384560
1962011,1974998,Host(NUMA 5),Device ?,0.01,18.54,0.66,11246790883949970,11246790883968510,1781444304531523480,1781444304531542020
1962011,1974998,Host(NUMA 5),Device ?,0.02,22.23,0.74,11246790884009570,11246790884031800,1781444304531678610,1781444304531700840
1962011,1974998,Host(NUMA 5),Device ?,0.02,21.12,0.78,11246790884063640,11246790884084760,1781444304531838250,1781444304531859370
1962011,1974998,Host(NUMA 5),Device ?,0.02,20.40,0.80,11246790884114120,11246790884134520,1781444304531991850,1781444304532012250
1962011,1974998,Host(NUMA 5),Device ?,0.02,20.44,0.80,11246790884163760,11246790884184200,1781444304532149360,1781444304532169800
1962011,1974998,Host(NUMA 5),Device ?,0.02,22.75,0.72,11246790884213010,11246790884235760,1781444304532299200,1781444304532321950
1962011,1974998,Host(NUMA 5),Device ?,0.02,21.95,0.75,11246790884265140,11246790884287090,1781444304532454420,1781444304532476370
1962011,1974998,Host(NUMA 5),Device ?,0.02,20.23,0.81,11246790884318170,11246790884338400,1781444304532609290,1781444304532629520
1962011,1974998,Host(NUMA 5),Device ?,0.01,19.56,0.63,11246790884368130,11246790884387690,1781444304532767750,1781444304532787310
1962011,1974998,Host(NUMA 5),Device ?,0.02,22.63,0.72,11246790884418120,11246790884440750,1781444304532935160,1781444304532957790
1962011,1974998,Host(NUMA 5),Device ?,0.02,22.52,0.73,11246790884471770,11246790884494290,1781444304533092470,1781444304533114990
1962011,1974998,Host(NUMA 5),Device ?,0.02,22.03,0.74,11246790884525320,11246790884547350,1781444304533248820,1781444304533270850
1962011,1974998,Host(NUMA 5),Device ?,0.02,23.20,0.71,11246790884578270,11246790884601470,1781444304533402870,1781444304533426070
1962011,1974998,Host(NUMA 5),Device ?,0.02,19.80,0.83,11246790884635200,11246790884655000,1781444304533561010,1781444304533580810
1962011,1974998,Host(NUMA 5),Device ?,0.02,21.74,0.75,11246790884686390,11246790884708130,1781444304533714480,1781444304533736220
1962011,1974998,Host(NUMA 5),Device ?,0.02,22.50,0.73,11246790884736820,11246790884759320,1781444304533893610,1781444304533916110
1962011,1974998,Host(NUMA 5),Device ?,0.01,20.54,0.60,11246790884789920,11246790884810460,1781444304534054170,1781444304534074710
1962011,1974998,Host(NUMA 5),Device ?,0.02,23.17,0.71,11246790884840930,11246790884864100,1781444304534208100,1781444304534231270
1962011,1974998,Host(NUMA 5),Device ?,0.02,23.16,0.71,11246790884896290,11246790884919450,1781444304534363570,1781444304534386730
1962011,1974998,Host(NUMA 5),Device ?,0.02,21.10,0.78,11246790884955050,11246790884976150,1781444304534518490,1781444304534539590
1962011,1974998,Host(NUMA 5),Device ?,0.02,23.04,0.71,11246790885004930,11246790885027970,1781444304534670380,1781444304534693420
1962011,1974998,Host(NUMA 5),Device ?,0.02,21.91,0.75,11246790885057030,11246790885078940,1781444304534825460,1781444304534847370
1962011,1974998,Host(NUMA 5),Device ?,0.02,21.23,0.77,11246790885106060,11246790885127290,1781444304534994250,1781444304535015480
1962011,1974998,Host(NUMA 5),Device ?,0.02,21.88,0.75,11246790885157430,11246790885179310,1781444304535153400,1781444304535175280
1962011,1974998,Host(NUMA 5),Device ?,0.01,19.20,0.64,11246790885211810,11246790885231010,1781444304535313530,1781444304535332730
1962011,1974998,Host(NUMA 5),Device ?,0.02,21.60,0.76,11246790885260630,11246790885282230,1781444304535470550,1781444304535492150
1962011,1974998,Host(NUMA 5),Device ?,0.02,23.20,0.71,11246790885311690,11246790885334890,1781444304535624260,1781444304535647460
1962011,1974998,Host(NUMA 5),Device ?,0.02,24.09,0.68,11246790885368250,11246790885392340,1781444304535790640,1781444304535814730
1962011,1974998,Host(NUMA 5),Device ?,0.02,21.14,0.78,11246790885423730,11246790885444870,1781444304535951450,1781444304535972590
1962011,1974998,Host(NUMA 5),Device ?,0.02,22.26,0.74,11246790885475510,11246790885497770,1781444304536105530,1781444304536127790
1962011,1974998,Host(NUMA 5),Device ?,0.02,19.61,0.84,11246790885528900,11246790885548510,1781444304536262810,1781444304536282420
1962011,1974998,Host(NUMA 5),Device ?,0.02,22.10,0.74,11246790885577530,11246790885599630,1781444304536415860,1781444304536437960
1962011,1974998,Host(NUMA 5),Device ?,0.01,18.25,0.67,11246790885628360,11246790885646610,1781444304536582340,1781444304536600590
1962011,1974998,Host(NUMA 5),Device ?,0.02,21.00,0.78,11246790885677120,11246790885698120,1781444304536738540,1781444304536759540
1962011,1974998,Host(NUMA 5),Device ?,0.02,21.16,0.77,11246790885728770,11246790885749930,1781444304536894880,1781444304536916040
1962011,1974998,Host(NUMA 5),Device ?,0.02,20.89,0.78,11246790885782630,11246790885803520,1781444304537049000,1781444304537069890
1962011,1974998,Host(NUMA 5),Device ?,0.02,22.61,0.72,11246790885835690,11246790885858300,1781444304537216500,1781444304537239110
1962011,1974998,Host(NUMA 5),Device ?,0.02,18.15,0.90,11246790885888660,11246790885906810,1781444304537376620,1781444304537394770
1962011,1974998,Host(NUMA 5),Device ?,0.02,23.09,0.71,11246790885938580,11246790885961670,1781444304537545800,1781444304537568890
1962011,1974998,Host(NUMA 5),Device ?,0.02,21.78,0.75,11246790885990760,11246790886012540,1781444304537702590,1781444304537724370
1962011,1974998,Host(NUMA 5),Device ?,0.01,18.34,0.67,11246790886041060,11246790886059400,1781444304537879460,1781444304537897800
1962011,1974998,Host(NUMA 5),Device ?,0.02,19.51,0.84,11246790886087540,11246790886107050,1781444304538038690,1781444304538058200
1962011,1974998,Host(NUMA 5),Device ?,0.02,20.87,0.79,11246790886136010,11246790886156880,1781444304538193520,1781444304538214390
1962011,1974998,Host(NUMA 5),Device ?,0.02,21.27,0.77,11246790886187160,11246790886208430,1781444304538348910,1781444304538370180
1962011,1974998,Host(NUMA 5),Device ?,0.02,21.02,0.78,11246790886240990,11246790886262010,1781444304538504660,1781444304538525680
1962011,1974998,Host(NUMA 5),Device ?,0.02,16.93,0.97,11246790886291800,11246790886308730,1781444304538665400,1781444304538682330
1962011,1974998,Host(NUMA 5),Device ?,0.02,19.81,0.83,11246790886335840,11246790886355650,1781444304538816280,1781444304538836090
1962011,1974998,Host(NUMA 5),Device ?,0.02,22.17,0.74,11246790886386830,11246790886409000,1781444304538984740,1781444304539006910
1962011,1974998,Host(NUMA 5),Device ?,0.01,21.43,0.57,11246790886440920,11246790886462350,1781444304539147630,1781444304539169060
1962011,1974998,Host(NUMA 5),Device ?,0.02,23.52,0.70,11246790886494650,11246790886518170,1781444304539300930,1781444304539324450
1962011,1974998,Host(NUMA 5),Device ?,0.02,22.70,0.72,11246790886550130,11246790886572830,1781444304539457170,1781444304539479870
1962011,1974998,Host(NUMA 5),Device ?,0.02,22.33,0.73,11246790886605320,11246790886627650,1781444304539613030,1781444304539635360
1962011,1974998,Host(NUMA 5),Device ?,0.02,22.68,0.72,11246790886657150,11246790886679830,1781444304539766760,1781444304539789440
1962011,1974998,Host(NUMA 5),Device ?,0.02,19.88,0.82,11246790886713790,11246790886733670,1781444304539927970,1781444304539947850
1962011,1974998,Host(NUMA 5),Device ?,0.02,22.84,0.72,11246790886763810,11246790886786650,1781444304540079270,1781444304540102110
1962011,1974998,Host(NUMA 5),Device ?,0.02,23.13,0.71,11246790886817410,11246790886840540,1781444304540230410,1781444304540253540
1962011,1974998,Host(NUMA 5),Device ?,0.01,18.70,0.66,11246790886869760,11246790886888460,1781444304540401250,1781444304540419950
1962011,1974998,Host(NUMA 5),Device ?,0.02,21.66,0.76,11246790886916800,11246790886938460,1781444304540553260,1781444304540574920
1962011,1974998,Host(NUMA 5),Device ?,0.02,22.18,0.74,11246790886967430,11246790886989610,1781444304540705490,1781444304540727670
1962011,1974998,Host(NUMA 5),Device ?,0.02,23.21,0.71,11246790887019770,11246790887042980,1781444304540860010,1781444304540883220
1962011,1974998,Host(NUMA 5),Device ?,0.02,20.58,0.80,11246790887073880,11246790887094460,1781444304541019080,1781444304541039660
1962011,1974998,Host(NUMA 5),Device ?,0.02,18.80,0.87,11246790887123300,11246790887142100,1781444304541176290,1781444304541195090
1962011,1974998,Host(NUMA 5),Device ?,0.02,38.38,0.43,11246790887559770,11246790887598150,1781444304541311820,1781444304541350200
1962011,1974998,Host(NUMA 5),Device ?,0.02,27.30,0.60,11246790887644380,11246790887671680,1781444304541490790,1781444304541518090
1962011,1974998,Host(NUMA 5),Device ?,0.01,20.01,0.61,11246790887706820,11246790887726830,1781444304541654640,1781444304541674650
1962011,1974998,Host(NUMA 5),Device ?,0.02,22.56,0.73,11246790887757170,11246790887779730,1781444304541808040,1781444304541830600
1962011,1974998,Host(NUMA 5),Device ?,0.02,24.17,0.68,11246790887812220,11246790887836390,1781444304541962830,1781444304541987000
1962011,1974998,Host(NUMA 5),Device ?,0.02,23.75,0.69,11246790887869590,11246790887893340,1781444304542120710,1781444304542144460
1962011,1974998,Host(NUMA 5),Device ?,0.02,21.33,0.77,11246790887924950,11246790887946280,1781444304542279560,1781444304542300890
1962011,1974998,Host(NUMA 5),Device ?,0.02,19.21,0.85,11246790887977190,11246790887996400,1781444304542438940,1781444304542458150
1962011,1974998,Host(NUMA 5),Device ?,0.02,25.85,0.63,11246790888039930,11246790888065780,1781444304542590120,1781444304542615970
1962011,1974998,Host(NUMA 5),Device ?,0.02,22.60,0.72,11246790888099180,11246790888121780,1781444304542750400,1781444304542773000
1962011,1974998,Host(NUMA 5),Device ?,0.01,18.39,0.67,11246790888153420,11246790888171810,1781444304542939460,1781444304542957850
1962011,1974998,Host(NUMA 5),Device ?,0.02,21.34,0.77,11246790888203270,11246790888224610,1781444304543102520,1781444304543123860
1962011,1974998,Host(NUMA 5),Device ?,0.02,22.30,0.73,11246790888256430,11246790888278730,1781444304543260830,1781444304543283130
1962011,1974998,Host(NUMA 5),Device ?,0.02,23.10,0.71,11246790888309930,11246790888333030,1781444304543418150,1781444304543441250
1962011,1974998,Host(NUMA 5),Device ?,0.02,23.24,0.70,11246790888364670,11246790888387910,1781444304543589180,1781444304543612420
1962011,1974998,Host(NUMA 5),Device ?,0.02,19.77,0.83,11246790888420630,11246790888440400,1781444304543751620,1781444304543771390
1962011,1974998,Host(NUMA 5),Device ?,0.02,27.17,0.60,11246790888471450,11246790888498620,1781444304543901210,1781444304543928380
1962011,1974998,Host(NUMA 5),Device ?,0.02,24.05,0.68,11246790888530000,11246790888554050,1781444304544063370,1781444304544087420
1962011,1974998,Host(NUMA 5),Device ?,0.01,19.13,0.64,11246790888586570,11246790888605700,1781444304544226660,1781444304544245790
1962011,1974998,Host(NUMA 5),Device ?,0.02,23.26,0.70,11246790888639080,11246790888662340,1781444304544377350,1781444304544400610
1962011,1974998,Host(NUMA 5),Device ?,0.02,23.13,0.71,11246790888695920,11246790888719050,1781444304544533030,1781444304544556160
1962011,1974998,Host(NUMA 5),Device ?,0.02,21.79,0.75,11246790888750920,11246790888772710,1781444304544690820,1781444304544712610
1962011,1974998,Host(NUMA 5),Device ?,0.02,22.53,0.73,11246790888804040,11246790888826570,1781444304544844170,1781444304544866700
1962011,1974998,Host(NUMA 5),Device ?,0.02,19.38,0.85,11246790888859650,11246790888879030,1781444304545006010,1781444304545025390
1962011,1974998,Host(NUMA 5),Device ?,0.02,21.18,0.77,11246790888907510,11246790888928690,1781444304545163410,1781444304545184590
1962011,1974998,Host(NUMA 5),Device ?,0.02,21.52,0.76,11246790888959720,11246790888981240,1781444304545320490,1781444304545342010
1962011,1974998,Host(NUMA 5),Device ?,0.01,19.93,0.62,11246790889012720,11246790889032650,1781444304545479290,1781444304545499220
1962011,1974998,Host(NUMA 5),Device ?,0.02,21.98,0.75,11246790889062400,11246790889084380,1781444304545631600,1781444304545653580
1962011,1974998,Host(NUMA 5),Device ?,0.02,21.58,0.76,11246790889115970,11246790889137550,1781444304545784500,1781444304545806080
1962011,1974998,Host(NUMA 5),Device ?,0.02,23.28,0.70,11246790889168840,11246790889192120,1781444304545939920,1781444304545963200
1962011,1974998,Host(NUMA 5),Device ?,0.02,22.87,0.72,11246790889222710,11246790889245580,1781444304546096280,1781444304546119150
1962011,1974998,Host(NUMA 5),Device ?,0.02,18.77,0.87,11246790889277180,11246790889295950,1781444304546257340,1781444304546276110
1962011,1974998,Host(NUMA 5),Device ?,0.02,21.39,0.77,11246790889325630,11246790889347020,1781444304546409840,1781444304546431230
1962011,1974998,Host(NUMA 5),Device ?,0.02,23.00,0.71,11246790889376990,11246790889399990,1781444304546564660,1781444304546587660
1962011,1974998,Host(NUMA 5),Device ?,0.01,19.20,0.64,11246790889429840,11246790889449040,1781444304546736970,1781444304546756170
1962011,1974998,Host(NUMA 5),Device ?,0.02,21.22,0.77,11246790889479110,11246790889500330,1781444304546894550,1781444304546915770
1962011,1974998,Host(NUMA 5),Device ?,0.02,21.99,0.75,11246790889530370,11246790889552360,1781444304547080410,1781444304547102400
1962011,1974998,Host(NUMA 5),Device ?,0.02,21.77,0.75,11246790889583050,11246790889604820,1781444304547260080,1781444304547281850
1962011,1974998,Host(NUMA 5),Device ?,0.02,22.54,0.73,11246790889636940,11246790889659480,1781444304547414380,1781444304547436920
1962011,1974998,Host(NUMA 5),Device ?,0.02,22.39,0.73,11246790889690780,11246790889713170,1781444304547570320,1781444304547592710
1962011,1974998,Host(NUMA 5),Device ?,0.02,22.84,0.72,11246790889744960,11246790889767800,1781444304547726830,1781444304547749670
1962011,1974998,Host(NUMA 5),Device ?,0.02,21.83,0.75,11246790889798960,11246790889820790,1781444304547896870,1781444304547918700
1962011,1974998,Host(NUMA 5),Device ?,0.01,19.73,0.62,11246790889852450,11246790889872180,1781444304548055500,1781444304548075230
1962011,1974998,Host(NUMA 5),Device ?,0.02,23.79,0.69,11246790889903160,11246790889926950,1781444304548209270,1781444304548233060
1962011,1974998,Host(NUMA 5),Device ?,0.02,23.74,0.69,11246790889958320,11246790889982060,1781444304548366020,1781444304548389760
1962011,1974998,Host(NUMA 5),Device ?,0.02,23.06,0.71,11246790890013900,11246790890036960,1781444304548525690,1781444304548548750
1962011,1974998,Host(NUMA 5),Device ?,0.02,23.15,0.71,11246790890069710,11246790890092860,1781444304548683180,1781444304548706330
1962011,1974998,Host(NUMA 5),Device ?,0.02,19.85,0.83,11246790890125170,11246790890145020,1781444304548844350,1781444304548864200
1962011,1974998,Host(NUMA 5),Device ?,0.02,23.32,0.70,11246790890177350,11246790890200670,1781444304548996960,1781444304549020280
1962011,1974998,Host(NUMA 5),Device ?,0.02,22.47,0.73,11246790890233640,11246790890256110,1781444304549152210,1781444304549174680
1962011,1974998,Host(NUMA 5),Device ?,0.01,19.78,0.62,11246790890288740,11246790890308520,1781444304549312970,1781444304549332750
1962011,1974998,Host(NUMA 5),Device ?,0.02,22.90,0.72,11246790890341970,11246790890364870,1781444304549465160,1781444304549488060
1962011,1974998,Host(NUMA 5),Device ?,0.02,22.69,0.72,11246790890396540,11246790890419230,1781444304549620490,1781444304549643180
1962011,1974998,Host(NUMA 5),Device ?,0.02,20.91,0.78,11246790890454400,11246790890475310,1781444304549777790,1781444304549798700
1962011,1974998,Host(NUMA 5),Device ?,0.02,24.48,0.67,11246790890506180,11246790890530660,1781444304549941540,1781444304549966020
1962011,1974998,Host(NUMA 5),Device ?,0.02,18.23,0.90,11246790890563630,11246790890581860,1781444304550101930,1781444304550120160
1962011,1974998,Host(NUMA 5),Device ?,0.02,24.89,0.66,11246790890613200,11246790890638090,1781444304550248940,1781444304550273830
1962011,1974998,Host(NUMA 5),Device ?,0.02,23.11,0.71,11246790890671450,11246790890694560,1781444304550404110,1781444304550427220
1962011,1974998,Host(NUMA 5),Device ?,0.01,20.30,0.61,11246790890726580,11246790890746880,1781444304550563850,1781444304550584150
1962011,1974998,Host(NUMA 5),Device ?,0.02,22.78,0.72,11246790890781000,11246790890803780,1781444304550716960,1781444304550739740
1962011,1974998,Host(NUMA 5),Device ?,0.02,22.71,0.72,11246790890836020,11246790890858730,1781444304550876300,1781444304550899010
1962011,1974998,Host(NUMA 5),Device ?,0.02,23.69,0.69,11246790890890090,11246790890913780,1781444304551052410,1781444304551076100
1962011,1974998,Host(NUMA 5),Device ?,0.02,22.83,0.72,11246790890945360,11246790890968190,1781444304551211710,1781444304551234540
1962011,1974998,Host(NUMA 5),Device ?,0.02,19.21,0.85,11246790891002170,11246790891021380,1781444304551373050,1781444304551392260
1962011,1974998,Host(NUMA 5),Device ?,0.02,22.58,0.73,11246790891051540,11246790891074120,1781444304551523760,1781444304551546340
1962011,1974998,Host(NUMA 5),Device ?,0.02,21.30,0.77,11246790891106460,11246790891127760,1781444304551681670,1781444304551702970
1962011,1974998,Host(NUMA 5),Device ?,0.01,21.62,0.57,11246790891160550,11246790891182170,1781444304551835620,1781444304551857240
1962011,1974998,Host(NUMA 5),Device ?,0.02,24.35,0.67,11246790891214770,11246790891239120,1781444304551986260,1781444304552010610
1962011,1974998,Host(NUMA 5),Device ?,0.02,29.82,0.55,11246790891353550,11246790891383370,1781444304552134300,1781444304552164120
1962011,1974998,Host(NUMA 5),Device ?,0.02,25.70,0.64,11246790891424190,11246790891449890,1781444304552292690,1781444304552318390
1962011,1974998,Host(NUMA 5),Device ?,0.02,23.50,0.70,11246790891485850,11246790891509350,1781444304552450330,1781444304552473830
1962011,1974998,Host(NUMA 5),Device ?,0.02,19.83,0.83,11246790891541300,11246790891561130,1781444304552621990,1781444304552641820
1962011,1974998,Host(NUMA 5),Device ?,0.02,25.38,0.65,11246790891594380,11246790891619760,1781444304552781270,1781444304552806650
1962011,1974998,Host(NUMA 5),Device ?,0.02,24.48,0.67,11246790891652210,11246790891676690,1781444304552954480,1781444304552978960
1962011,1974998,Host(NUMA 5),Device ?,0.01,19.97,0.62,11246790891709970,11246790891729940,1781444304553131440,1781444304553151410
1962011,1974998,Host(NUMA 5),Device ?,0.02,22.87,0.72,11246790891761830,11246790891784700,1781444304553284980,1781444304553307850
1962011,1974998,Host(NUMA 5),Device ?,0.02,23.23,0.71,11246790891814510,11246790891837740,1781444304553439890,1781444304553463120
1962011,1974998,Host(NUMA 5),Device ?,0.02,23.33,0.70,11246790891870210,11246790891893540,1781444304553593630,1781444304553616960
1962011,1974998,Host(NUMA 5),Device ?,0.02,22.65,0.72,11246790891923050,11246790891945700,1781444304553746710,1781444304553769360
1962011,1974998,Host(NUMA 5),Device ?,0.02,32.92,0.50,11246790891982240,11246790892015160,1781444304553892930,1781444304553925850
1962011,1974998,Host(NUMA 5),Device ?,0.02,24.72,0.66,11246790892046640,11246790892071360,1781444304554055220,1781444304554079940
1962011,1974998,Host(NUMA 5),Device ?,0.02,22.58,0.73,11246790892104010,11246790892126590,1781444304554212200,1781444304554234780
1962011,1974998,Host(NUMA 5),Device ?,0.01,21.08,0.58,11246790892158070,11246790892179150,1781444304554373620,1781444304554394700
1962011,1974998,Host(NUMA 5),Device ?,0.02,25.97,0.63,11246790892211230,11246790892237200,1781444304554525180,1781444304554551150
1962011,1974998,Host(NUMA 5),Device ?,0.02,21.69,0.76,11246790892269950,11246790892291640,1781444304554683890,1781444304554705580
1962011,1974998,Host(NUMA 5),Device ?,0.02,22.26,0.74,11246790892324220,11246790892346480,1781444304554841370,1781444304554863630
1962011,1974998,Host(NUMA 5),Device ?,0.02,23.35,0.70,11246790892378710,11246790892402060,1781444304555014370,1781444304555037720
1962011,1974998,Host(NUMA 5),Device ?,0.02,19.40,0.84,11246790892433330,11246790892452730,1781444304555178280,1781444304555197680
1962011,1974998,Host(NUMA 5),Device ?,0.02,22.92,0.71,11246790892484440,11246790892507360,1781444304555330740,1781444304555353660
1962011,1974998,Host(NUMA 5),Device ?,0.02,21.81,0.75,11246790892538980,11246790892560790,1781444304555491920,1781444304555513730
1962011,1974998,Host(NUMA 5),Device ?,0.01,18.95,0.65,11246790892591830,11246790892610780,1781444304555650560,1781444304555669510
1962011,1974998,Host(NUMA 5),Device ?,0.02,22.73,0.72,11246790892642140,11246790892664870,1781444304555950410,1781444304555973140
1962011,1974998,Host(NUMA 5),Device ?,0.02,22.67,0.72,11246790892696490,11246790892719160,1781444304556115830,1781444304556138500
1962011,1974998,Host(NUMA 5),Device ?,0.02,20.94,0.78,11246790892751020,11246790892771960,1781444304556275080,1781444304556296020
1962011,1974998,Host(NUMA 5),Device ?,0.02,20.58,0.80,11246790892801790,11246790892822370,1781444304556449420,1781444304556470000
1962011,1974998,Host(NUMA 5),Device ?,0.02,17.05,0.96,11246790892851790,11246790892868840,1781444304556610980,1781444304556628030
1962011,1974998,Host(NUMA 5),Device ?,0.02,23.02,0.71,11246790892895800,11246790892918820,1781444304556761200,1781444304556784220
1962011,1974998,Host(NUMA 5),Device ?,0.02,21.69,0.76,11246790892951250,11246790892972940,1781444304556926750,1781444304556948440
1962011,1974998,Host(NUMA 5),Device ?,0.01,19.49,0.63,11246790893002420,11246790893021910,1781444304557084970,1781444304557104460
1962011,1974998,Host(NUMA 5),Device ?,0.02,24.01,0.68,11246790893053800,11246790893077810,1781444304557237690,1781444304557261700
1962011,1974998,Host(NUMA 5),Device ?,0.02,21.49,0.76,11246790893109180,11246790893130670,1781444304557398510,1781444304557420000
1962011,1974998,Host(NUMA 5),Device ?,0.02,26.40,0.62,11246790893159620,11246790893186020,1781444304557548200,1781444304557574600
1962011,1974998,Host(NUMA 5),Device ?,0.02,22.82,0.72,11246790893214400,11246790893237220,1781444304557704230,1781444304557727050
1962011,1974998,Host(NUMA 5),Device ?,0.02,20.31,0.81,11246790893268800,11246790893289110,1781444304557864640,1781444304557884950
1962011,1974998,Host(NUMA 5),Device ?,0.02,24.52,0.67,11246790893319680,11246790893344200,1781444304558030510,1781444304558055030
1962011,1974998,Host(NUMA 5),Device ?,0.02,23.20,0.71,11246790893375190,11246790893398390,1781444304558186530,1781444304558209730
1962011,1974998,Host(NUMA 5),Device ?,0.01,20.19,0.61,11246790893429110,11246790893449300,1781444304558344530,1781444304558364720
1962011,1974998,Host(NUMA 5),Device ?,0.02,23.15,0.71,11246790893481640,11246790893504790,1781444304558508800,1781444304558531950
1962011,1974998,Host(NUMA 5),Device ?,0.02,23.52,0.70,11246790893535870,11246790893559390,1781444304558665340,1781444304558688860
1962011,1974998,Host(NUMA 5),Device ?,0.02,23.35,0.70,11246790893590880,11246790893614230,1781444304558822490,1781444304558845840
1962011,1974998,Host(NUMA 5),Device ?,0.02,22.47,0.73,11246790893645560,11246790893668030,1781444304558991750,1781444304559014220
1962011,1974998,Host(NUMA 5),Device ?,0.02,23.19,0.71,11246790893699060,11246790893722250,1781444304559155310,1781444304559178500
1962011,1974998,Host(NUMA 5),Device ?,0.02,22.05,0.74,11246790893754230,11246790893776280,1781444304559313860,1781444304559335910
1962011,1974998,Host(NUMA 5),Device ?,0.02,23.65,0.69,11246790893806970,11246790893830620,1781444304559466130,1781444304559489780
1962011,1974998,Host(NUMA 5),Device ?,0.01,20.22,0.61,11246790893861310,11246790893881530,1781444304559637110,1781444304559657330
1962011,1974998,Host(NUMA 5),Device ?,0.02,25.10,0.65,11246790893912830,11246790893937930,1781444304559788780,1781444304559813880
1962011,1974998,Host(NUMA 5),Device ?,0.02,22.56,0.73,11246790893968850,11246790893991410,1781444304559947620,1781444304559970180
1962011,1974998,Host(NUMA 5),Device ?,0.02,22.31,0.73,11246790894022460,11246790894044770,1781444304560101300,1781444304560123610
1962011,1974998,Host(NUMA 5),Device ?,0.02,22.51,0.73,11246790894076740,11246790894099250,1781444304560258680,1781444304560281190
1962011,1974998,Host(NUMA 5),Device ?,0.02,22.07,0.74,11246790894129420,11246790894151490,1781444304560414490,1781444304560436560
1962011,1974998,Host(NUMA 5),Device ?,0.02,23.09,0.71,11246790894182210,11246790894205300,1781444304560565370,1781444304560588460
1962011,1974998,Host(NUMA 5),Device ?,0.02,23.80,0.69,11246790894238000,11246790894261800,1781444304560723030,1781444304560746830
1962011,1974998,Host(NUMA 5),Device ?,0.01,18.81,0.65,11246790894292770,11246790894311580,1781444304560882690,1781444304560901500
1962011,1974998,Host(NUMA 5),Device ?,0.02,23.67,0.69,11246790894341550,11246790894365220,1781444304561032300,1781444304561055970
1962011,1974998,Host(NUMA 5),Device ?,0.02,22.82,0.72,11246790894397830,11246790894420650,1781444304561189720,1781444304561212540
1962011,1974998,Host(NUMA 5),Device ?,0.02,23.45,0.70,11246790894451260,11246790894474710,1781444304561343050,1781444304561366500
1962011,1974998,Host(NUMA 5),Device ?,0.02,23.25,0.70,11246790894507630,11246790894530880,1781444304561496580,1781444304561519830
1962011,1974998,Host(NUMA 5),Device ?,0.02,23.49,0.70,11246790894563090,11246790894586580,1781444304561648620,1781444304561672110
1962011,1974998,Host(NUMA 5),Device ?,0.02,22.53,0.73,11246790894615410,11246790894637940,1781444304561801090,1781444304561823620
1962011,1974998,Host(NUMA 5),Device ?,0.02,24.53,0.67,11246790894669280,11246790894693810,1781444304561949310,1781444304561973840
1962011,1974998,Host(NUMA 5),Device ?,0.01,20.64,0.60,11246790894726570,11246790894747210,1781444304562105720,1781444304562126360
1962011,1974998,Host(NUMA 5),Device ?,0.02,25.67,0.64,11246790894778870,11246790894804540,1781444304562254480,1781444304562280150
1962011,1974998,Host(NUMA 5),Device ?,0.02,23.48,0.70,11246790894836750,11246790894860230,1781444304562412460,1781444304562435940
1962011,1974998,Host(NUMA 5),Device ?,0.02,23.48,0.70,11246790894893120,11246790894916600,1781444304562568770,1781444304562592250
1962011,1974998,Host(NUMA 5),Device ?,0.02,22.73,0.72,11246790894948460,11246790894971190,1781444304562741470,1781444304562764200
1962011,1974998,Host(NUMA 5),Device ?,0.02,20.13,0.81,11246790895001460,11246790895021590,1781444304562899200,1781444304562919330
1962011,1974998,Host(NUMA 5),Device ?,0.02,23.67,0.69,11246790895051880,11246790895075550,1781444304563105380,1781444304563129050
1962011,1974998,Host(NUMA 5),Device ?,0.02,24.37,0.67,11246790895109160,11246790895133530,1781444304563265750,1781444304563290120
1962011,1974998,Host(NUMA 5),Device ?,509.88,28144.88,19.00,11246790895166150,11246790923311030,1781444304535300500,1781444304563445380
1962011,1974998,Host(NUMA 5),Device ?,24.00,1454.10,17.31,11246790923411490,11246790924865590,1781444304562151040,1781444304563605140
1962011,1974998,Host(NUMA 5),Device ?,8.00,693.77,12.09,11246790924919030,11246790925612800,1781444304563068500,1781444304563762270
1962011,1974998,Host(NUMA 5),Device ?,32.00,1831.72,18.32,11246790925663010,11246790927494730,1781444304562084610,1781444304563916330
1962011,1974998,Host(NUMA 5),Device ?,32.00,1901.22,17.65,11246790927540070,11246790929441290,1781444304562182780,1781444304564084000
1962011,1974998,Host(NUMA 5),Device ?,24.00,1441.75,17.46,11246790929490640,11246790930932390,1781444304562799880,1781444304564241630
1962011,1974998,Host(NUMA 5),Device ?,8.00,742.49,11.30,11246790930988380,11246790931730870,1781444304563654970,1781444304564397460
1962011,1974998,Host(NUMA 5),Device ?,32.00,1954.83,17.16,11246790931780020,11246790933734850,1781444304562602080,1781444304564556910
1962011,1974998,Host(NUMA 5),Device ?,32.00,1999.37,16.78,11246790933787700,11246790935787070,1781444304562715960,1781444304564715330
1962011,1974998,Host(NUMA 5),Device ?,24.00,1531.47,16.43,11246790935838860,11246790937370330,1781444304563340150,1781444304564871620
1962011,1974998,Host(NUMA 5),Device ?,8.00,687.69,12.20,11246790937427250,11246790938114940,1781444304564344260,1781444304565031950
1962011,1974998,Host(NUMA 5),Device ?,32.00,1908.85,17.58,11246790938167220,11246790940076070,1781444304563280150,1781444304565189000
1962011,1974998,Host(NUMA 5),Device ?,32.00,1879.89,17.85,11246790940130010,11246790942009900,1781444304563463110,1781444304565343000
1962011,1974998,Host(NUMA 5),Device ?,24.00,1447.47,17.39,11246790942060730,11246790943508200,1781444304564057080,1781444304565504550
1962011,1974998,Host(NUMA 5),Device ?,8.00,612.89,13.69,11246790943555730,11246790944168620,1781444304565049450,1781444304565662340
1962011,1974998,Host(NUMA 5),Device ?,32.00,1856.58,18.07,11246790944213140,11246790946069720,1781444304563963310,1781444304565819890
1962011,1974998,Host(NUMA 5),Device ?,32.00,1910.90,17.56,11246790946114870,11246790948025770,1781444304564079580,1781444304565990480
1962011,1974998,Host(NUMA 5),Device ?,24.00,1470.23,17.12,11246790948076130,11246790949546360,1781444304564678520,1781444304566148750
1962011,1974998,Host(NUMA 5),Device ?,8.00,442.39,18.96,11246790949592650,11246790950035040,1781444304565867400,1781444304566309790
1962011,1974998,Host(NUMA 5),Device ?,32.00,1958.60,17.13,11246790950076570,11246790952035170,1781444304564506520,1781444304566465120
1962011,1974998,Host(NUMA 5),Device ?,32.00,1882.27,17.83,11246790952080640,11246790953962910,1781444304564761190,1781444304566643460
1962011,1974998,Host(NUMA 5),Device ?,24.00,1466.08,17.17,11246790954013130,11246790955479210,1781444304565333670,1781444304566799750
1962011,1974998,Host(NUMA 5),Device ?,8.00,627.91,13.36,11246790955528790,11246790956156700,1781444304566353940,1781444304566981850
1962011,1974998,Host(NUMA 5),Device ?,32.00,1886.16,17.79,11246790956206870,11246790958093030,1781444304565266210,1781444304567152370
1962011,1974998,Host(NUMA 5),Device ?,32.00,1892.12,17.73,11246790958139070,11246790960031190,1781444304565421190,1781444304567313310
1962011,1974998,Host(NUMA 5),Device ?,24.00,1440.44,17.47,11246790960078420,11246790961518860,1781444304566031360,1781444304567471800
1962011,1974998,Host(NUMA 5),Device ?,8.00,529.46,15.84,11246790961567530,11246790962096990,1781444304567100140,1781444304567629600
1962011,1974998,Host(NUMA 5),Device ?,32.00,1886.83,17.78,11246790962140680,11246790964027510,1781444304565898710,1781444304567785540
1962011,1974998,Host(NUMA 5),Device ?,32.00,1912.47,17.55,11246790964076820,11246790965989290,1781444304566044000,1781444304567956470
1962011,1974998,Host(NUMA 5),Device ?,24.00,1448.46,17.37,11246790966037120,11246790967485580,1781444304566666430,1781444304568114890
1962011,1974998,Host(NUMA 5),Device ?,8.00,517.97,16.20,11246790967528940,11246790968046910,1781444304567756030,1781444304568274000
1962011,1974998,Host(NUMA 5),Device ?,32.00,1884.25,17.81,11246790968088910,11246790969973160,1781444304566548230,1781444304568432480
1962011,1974998,Host(NUMA 5),Device ?,32.00,1889.85,17.76,11246790970017540,11246790971907390,1781444304566700800,1781444304568590650
1962011,1974998,Host(NUMA 5),Device ?,24.00,1474.95,17.06,11246790971951300,11246790973426250,1781444304567273760,1781444304568748710
1962011,1974998,Host(NUMA 5),Device ?,8.00,435.34,19.27,11246790973469460,11246790973904800,1781444304568469560,1781444304568904900
1962011,1974998,Host(NUMA 5),Device ?,32.00,1875.52,17.89,11246790973944360,11246790975819880,1781444304567188150,1781444304569063670
1962011,1974998,Host(NUMA 5),Device ?,32.00,1901.30,17.65,11246790975866530,11246790977767830,1781444304567334080,1781444304569235380
1962011,1974998,Host(NUMA 5),Device ?,24.00,1543.37,16.31,11246790977823250,11246790979366620,1781444304567852910,1781444304569396280
1962011,1974998,Host(NUMA 5),Device ?,8.00,480.37,17.46,11246790979413620,11246790979893990,1781444304569071630,1781444304569552000
1962011,1974998,Host(NUMA 5),Device ?,32.00,1897.05,17.69,11246790979935210,11246790981832260,1781444304567823520,1781444304569720570
1962011,1974998,Host(NUMA 5),Device ?,32.00,1905.81,17.61,11246790981887440,11246790983793250,1781444304567975220,1781444304569881030
1962011,1974998,Host(NUMA 5),Device ?,24.00,1433.18,17.56,11246790983838340,11246790985271520,1781444304568604620,1781444304570037800
1962011,1974998,Host(NUMA 5),Device ?,8.00,427.43,19.63,11246790985315180,11246790985742610,1781444304569762580,1781444304570190010
1962011,1974998,Host(NUMA 5),Device ?,32.00,1866.35,17.98,11246790985786250,11246790987652600,1781444304568482010,1781444304570348360
1962011,1974998,Host(NUMA 5),Device ?,32.00,1885.85,17.79,11246790987693290,11246790989579140,1781444304568619480,1781444304570505330
1962011,1974998,Host(NUMA 5),Device ?,24.00,1470.17,17.12,11246790989626100,11246790991096270,1781444304569195310,1781444304570665480
1962011,1974998,Host(NUMA 5),Device ?,8.00,533.06,15.74,11246790991141170,11246790991674230,1781444304570289700,1781444304570822760
1962011,1974998,Host(NUMA 5),Device ?,32.00,1879.62,17.85,11246790991718510,11246790993598130,1781444304569115590,1781444304570995210
1962011,1974998,Host(NUMA 5),Device ?,32.00,1866.66,17.98,11246790993644300,11246790995510960,1781444304569288590,1781444304571155250
1961790,1973354,Host(NUMA 6),Device ?,32.00,1853.18,18.11,11246790767834400,11246790769687580,1781444304569470350,1781444304571323530
1961790,1973354,Host(NUMA 6),Device ?,32.00,1910.00,17.57,11246790769729740,11246790771639740,1781444304569569610,1781444304571479610
1961790,1973354,Host(NUMA 6),Device ?,24.00,1438.13,17.50,11246790771683180,11246790773121310,1781444304570197480,1781444304571635610
1961790,1973354,Host(NUMA 6),Device ?,8.00,602.17,13.93,11246790773164410,11246790773766580,1781444304571190900,1781444304571793070
1961790,1973354,Host(NUMA 6),Device ?,32.00,1874.96,17.90,11246790773808510,11246790775683470,1781444304570075080,1781444304571950040
1961790,1973354,Host(NUMA 6),Device ?,32.00,1899.80,17.66,11246790775725120,11246790777624920,1781444304570204650,1781444304572104450
1961790,1973354,Host(NUMA 6),Device ?,24.00,1425.30,17.66,11246790777671570,11246790779096870,1781444304570839910,1781444304572265210
1961790,1973354,Host(NUMA 6),Device ?,8.00,500.73,16.75,11246790779142330,11246790779643060,1781444304571937770,1781444304572438500
1961790,1973354,Host(NUMA 6),Device ?,32.00,1864.17,18.00,11246790779688030,11246790781552200,1781444304570731260,1781444304572595430
1961790,1973354,Host(NUMA 6),Device ?,32.00,1883.40,17.82,11246790781595400,11246790783478800,1781444304570880300,1781444304572763700
1961790,1973354,Host(NUMA 6),Device ?,24.00,1571.12,16.02,11246790783520820,11246790785091940,1781444304571366000,1781444304572937120
1961790,1973354,Host(NUMA 6),Device ?,8.00,488.12,17.19,11246790785136230,11246790785624350,1781444304572605200,1781444304573093320
1961790,1973354,Host(NUMA 6),Device ?,32.00,2045.31,16.41,11246790785664260,11246790787709570,1781444304571204980,1781444304573250290
1961790,1973354,Host(NUMA 6),Device ?,32.00,2015.26,16.65,11246790787755390,11246790789770650,1781444304571391290,1781444304573406550
1961790,1973354,Host(NUMA 6),Device ?,24.00,1560.95,16.12,11246790789816690,11246790791377640,1781444304572002910,1781444304573563860
1961790,1973354,Host(NUMA 6),Device ?,8.00,486.96,17.23,11246790791422220,11246790791909180,1781444304573236290,1781444304573723250
1961790,1973354,Host(NUMA 6),Device ?,32.00,2046.52,16.40,11246790791952400,11246790793998920,1781444304571833520,1781444304573880040
1961790,1973354,Host(NUMA 6),Device ?,32.00,2039.70,16.45,11246790794045880,11246790796085580,1781444304571999960,1781444304574039660
1961790,1973354,Host(NUMA 6),Device ?,24.00,1587.46,15.85,11246790796132690,11246790797720150,1781444304572605110,1781444304574192570
1961790,1973354,Host(NUMA 6),Device ?,8.00,433.35,19.36,11246790797765550,11246790798198900,1781444304573919240,1781444304574352590
1961790,1973354,Host(NUMA 6),Device ?,32.00,2026.47,16.56,11246790798237930,11246790800264400,1781444304572481150,1781444304574507620
1961790,1973354,Host(NUMA 6),Device ?,32.00,2029.28,16.54,11246790800306350,11246790802335630,1781444304572634100,1781444304574663380
1961790,1973354,Host(NUMA 6),Device ?,24.00,1588.32,15.84,11246790802379440,11246790803967760,1781444304573236000,1781444304574824320
1961790,1973354,Host(NUMA 6),Device ?,8.00,567.22,14.79,11246790804020950,11246790804588170,1781444304574426790,1781444304574994010
1961790,1973354,Host(NUMA 6),Device ?,32.00,2033.75,16.50,11246790804629760,11246790806663510,1781444304573120410,1781444304575154160
1961790,1973354,Host(NUMA 6),Device ?,32.00,2042.47,16.43,11246790806707800,11246790808750270,1781444304573286960,1781444304575329430
1961790,1973354,Host(NUMA 6),Device ?,24.00,1596.93,15.76,11246790808796590,11246790810393520,1781444304573892190,1781444304575489120
1961790,1973354,Host(NUMA 6),Device ?,8.00,540.66,15.52,11246790810436450,11246790810977110,1781444304575121800,1781444304575662460
1961790,1973354,Host(NUMA 6),Device ?,32.00,1998.41,16.79,11246790811022620,11246790813021030,1781444304573821400,1781444304575819810
1961790,1973354,Host(NUMA 6),Device ?,32.00,2039.58,16.45,11246790813068060,11246790815107640,1781444304573939210,1781444304575978790
1961790,1973354,Host(NUMA 6),Device ?,24.00,1977.82,12.72,11246790815153770,11246790817131590,1781444304574161160,1781444304576138980
1961790,1973354,Host(NUMA 6),Device ?,8.00,439.96,19.07,11246790817181060,11246790817621020,1781444304575856750,1781444304576296710
1961790,1973354,Host(NUMA 6),Device ?,32.00,2019.61,16.61,11246790817664110,11246790819683720,1781444304574451820,1781444304576471430
1961790,1973354,Host(NUMA 6),Device ?,32.00,2015.14,16.65,11246790819727360,11246790821742500,1781444304574611310,1781444304576626450
1961790,1973354,Host(NUMA 6),Device ?,24.00,1589.66,15.83,11246790821787840,11246790823377500,1781444304575198720,1781444304576788380
1961790,1973354,Host(NUMA 6),Device ?,8.00,494.47,16.96,11246790823421260,11246790823915730,1781444304576449590,1781444304576944060
1961790,1973354,Host(NUMA 6),Device ?,32.00,2041.82,16.43,11246790823959800,11246790826001620,1781444304575059760,1781444304577101580
1961790,1973354,Host(NUMA 6),Device ?,32.00,2030.00,16.53,11246790826048860,11246790828078860,1781444304575228180,1781444304577258180
1961790,1973354,Host(NUMA 6),Device ?,24.00,1583.00,15.90,11246790828120890,11246790829703890,1781444304575830590,1781444304577413590
1961790,1973354,Host(NUMA 6),Device ?,8.00,518.97,16.16,11246790829748640,11246790830267610,1781444304577050440,1781444304577569410
1961790,1973354,Host(NUMA 6),Device ?,32.00,2035.04,16.49,11246790830306830,11246790832341870,1781444304575693690,1781444304577728730
1961790,1973354,Host(NUMA 6),Device ?,32.00,2052.32,16.35,11246790832386700,11246790834439020,1781444304575853100,1781444304577905420
1961790,1973354,Host(NUMA 6),Device ?,24.00,1672.77,15.04,11246790834486480,11246790836159250,1781444304576390200,1781444304578062970
1961790,1973354,Host(NUMA 6),Device ?,8.00,552.49,15.18,11246790836207110,11246790836759600,1781444304577670280,1781444304578222770
1961790,1973354,Host(NUMA 6),Device ?,32.00,2031.80,16.51,11246790836800450,11246790838832250,1781444304576349560,1781444304578381360
1961790,1973354,Host(NUMA 6),Device ?,32.00,1887.59,17.78,11246790838877250,11246790840764840,1781444304576657630,1781444304578545220
1961790,1973354,Host(NUMA 6),Device ?,24.00,1424.74,17.66,11246790840808970,11246790842233710,1781444304577276750,1781444304578701490
1961790,1973354,Host(NUMA 6),Device ?,8.00,768.69,10.91,11246790842276350,11246790843045040,1781444304578093060,1781444304578861750
1961790,1973354,Host(NUMA 6),Device ?,32.00,1897.38,17.68,11246790843084510,11246790844981890,1781444304577169560,1781444304579066940
1961790,1973354,Host(NUMA 6),Device ?,32.00,1886.68,17.78,11246790845026500,11246790846913180,1781444304577343110,1781444304579229790
1961790,1973354,Host(NUMA 6),Device ?,24.00,1468.04,17.14,11246790846955940,11246790848423980,1781444304577918610,1781444304579386650
1961790,1973354,Host(NUMA 6),Device ?,8.00,518.39,16.18,11246790848467520,11246790848985910,1781444304579024850,1781444304579543240
1961790,1973354,Host(NUMA 6),Device ?,32.00,1861.03,18.03,11246790849027780,11246790850888810,1781444304577840800,1781444304579701830
1961790,1973354,Host(NUMA 6),Device ?,32.00,1854.00,18.10,11246790850932290,11246790852786290,1781444304578003230,1781444304579857230
1961790,1973354,Host(NUMA 6),Device ?,24.00,1454.95,17.30,11246790852826530,11246790854281480,1781444304578558690,1781444304580013640
1961790,1973354,Host(NUMA 6),Device ?,8.00,467.04,17.96,11246790854328350,11246790854795390,1781444304579705080,1781444304580172120
1961790,1973354,Host(NUMA 6),Device ?,32.00,1892.09,17.73,11246790854840960,11246790856733050,1781444304578438240,1781444304580330330
1961790,1973354,Host(NUMA 6),Device ?,32.00,1864.13,18.00,11246790856779700,11246790858643830,1781444304578622580,1781444304580486710
1961790,1973354,Host(NUMA 6),Device ?,24.00,1455.41,17.29,11246790858686010,11246790860141420,1781444304579189780,1781444304580645190
1961790,1973354,Host(NUMA 6),Device ?,8.00,582.07,14.41,11246790860184660,11246790860766730,1781444304580231370,1781444304580813440
1961790,1973354,Host(NUMA 6),Device ?,32.00,1872.34,17.92,11246790860802980,11246790862675320,1781444304579099380,1781444304580971720
1961790,1973354,Host(NUMA 6),Device ?,32.00,1882.50,17.82,11246790862713170,11246790864595670,1781444304579247510,1781444304581130010
1961790,1973354,Host(NUMA 6),Device ?,24.00,1443.06,17.44,11246790864635790,11246790866078850,1781444304579844340,1781444304581287400
1961790,1973354,Host(NUMA 6),Device ?,8.00,544.97,15.39,11246790866120630,11246790866665600,1781444304580899880,1781444304581444850
1961790,1973354,Host(NUMA 6),Device ?,32.00,1872.05,17.92,11246790866705320,11246790868577370,1781444304579728480,1781444304581600530
1961790,1973354,Host(NUMA 6),Device ?,32.00,1862.60,18.01,11246790868619420,11246790870482020,1781444304579894280,1781444304581756880
1961790,1973354,Host(NUMA 6),Device ?,24.00,1459.20,17.25,11246790870527240,11246790871986440,1781444304580452740,1781444304581911940
1961790,1973354,Host(NUMA 6),Device ?,8.00,521.01,16.10,11246790872053230,11246790872574240,1781444304581547650,1781444304582068660
1961790,1973354,Host(NUMA 6),Device ?,32.00,1852.84,18.11,11246790872616330,11246790874469170,1781444304580393230,1781444304582246070
1961790,1973354,Host(NUMA 6),Device ?,32.00,1898.36,17.68,11246790874510670,11246790876409030,1781444304580504640,1781444304582403000
1961790,1973354,Host(NUMA 6),Device ?,24.00,1426.01,17.65,11246790876462670,11246790877888680,1781444304581134140,1781444304582560150
1961790,1973354,Host(NUMA 6),Device ?,8.00,499.69,16.79,11246790877933970,11246790878433660,1781444304582232820,1781444304582732510
1961790,1973354,Host(NUMA 6),Device ?,32.00,1976.59,16.98,11246790878475210,11246790880451800,1781444304580914270,1781444304582890860
1961790,1973354,Host(NUMA 6),Device ?,32.00,1876.33,17.88,11246790880492760,11246790882369090,1781444304581190850,1781444304583067180
1961790,1973354,Host(NUMA 6),Device ?,24.00,1429.89,17.60,11246790882409900,11246790883839790,1781444304581797800,1781444304583227690
1961790,1973354,Host(NUMA 6),Device ?,8.00,655.83,12.79,11246790883883180,11246790884539010,1781444304582730650,1781444304583386480
1961790,1973354,Host(NUMA 6),Device ?,32.00,1866.00,17.98,11246790884585450,11246790886451450,1781444304581677010,1781444304583543010
1961790,1973354,Host(NUMA 6),Device ?,32.00,1905.39,17.61,11246790886493490,11246790888398880,1781444304581794820,1781444304583700210
1961790,1973354,Host(NUMA 6),Device ?,24.00,1415.71,17.78,11246790888439510,11246790889855220,1781444304582440070,1781444304583855780
1961790,1973354,Host(NUMA 6),Device ?,8.00,480.52,17.46,11246790889895990,11246790890376510,1781444304583529870,1781444304584010390
1961790,1973354,Host(NUMA 6),Device ?,32.00,1860.55,18.03,11246790890415530,11246790892276080,1781444304582307030,1781444304584167580
1961790,1973354,Host(NUMA 6),Device ?,32.00,1860.43,18.04,11246790892316170,11246790894176600,1781444304582469330,1781444304584329760
1961790,1973354,Host(NUMA 6),Device ?,24.00,1511.55,16.65,11246790894215210,11246790895726760,1781444304582975840,1781444304584487390
1961790,1973354,Host(NUMA 6),Device ?,8.00,644.94,13.01,11246790895764760,11246790896409700,1781444304584000240,1781444304584645180
1961790,1973354,Host(NUMA 6),Device ?,32.00,1971.03,17.02,11246790896449580,11246790898420610,1781444304582833660,1781444304584804690
1961790,1973354,Host(NUMA 6),Device ?,32.00,1996.89,16.80,11246790898461770,11246790900458660,1781444304582965100,1781444304584961990
1961790,1973354,Host(NUMA 6),Device ?,24.00,1399.20,17.99,11246790900499140,11246790901898340,1781444304583714130,1781444304585113330
1961790,1973354,Host(NUMA 6),Device ?,8.00,656.70,12.77,11246790901938510,11246790902595210,1781444304584612840,1781444304585269540
1961790,1973354,Host(NUMA 6),Device ?,32.00,1860.01,18.04,11246790902633410,11246790904493420,1781444304583576350,1781444304585436360
1961790,1973354,Host(NUMA 6),Device ?,32.00,1899.76,17.66,11246790904533270,11246790906433030,1781444304583693980,1781444304585593740
1961790,1973354,Host(NUMA 6),Device ?,254.94,14120.59,18.93,11246790906472870,11246790920593460,1781444304571631000,1781444304585751590
1961790,1973354,Host(NUMA 6),Device ?,0.02,67.00,0.24,11246790920639620,11246790920706620,1781444304585843770,1781444304585910770
1961790,1973354,Host(NUMA 6),Device ?,0.02,56.36,0.29,11246790920751260,11246790920807620,1781444304586011980,1781444304586068340
1961790,1973354,Host(NUMA 6),Device ?,0.01,54.66,0.22,11246790920846000,11246790920900660,1781444304586182470,1781444304586237130
1961790,1973354,Host(NUMA 6),Device ?,0.02,60.21,0.27,11246790920938390,11246790920998600,1781444304586347440,1781444304586407650
1961790,1973354,Host(NUMA 6),Device ?,0.02,58.27,0.28,11246790921036670,11246790921094940,1781444304586512320,1781444304586570590
1961790,1973354,Host(NUMA 6),Device ?,0.02,56.42,0.29,11246790921132830,11246790921189250,1781444304586676000,1781444304586732420
1961790,1973354,Host(NUMA 6),Device ?,0.02,23.49,0.70,11246790921227330,11246790921250820,1781444304586866910,1781444304586890400
1961790,1973354,Host(NUMA 6),Device ?,0.02,20.26,0.81,11246790921283530,11246790921303790,1781444304587046070,1781444304587066330
1961790,1973354,Host(NUMA 6),Device ?,0.02,21.90,0.75,11246790921333860,11246790921355760,1781444304587204700,1781444304587226600
1961790,1973354,Host(NUMA 6),Device ?,0.02,20.90,0.78,11246790921386110,11246790921407010,1781444304587360860,1781444304587381760
1961790,1973354,Host(NUMA 6),Device ?,0.01,21.79,0.56,11246790921437380,11246790921459170,1781444304587514970,1781444304587536760
1961790,1973354,Host(NUMA 6),Device ?,0.02,20.92,0.78,11246790921490240,11246790921511160,1781444304587683730,1781444304587704650
1961790,1973354,Host(NUMA 6),Device ?,0.02,20.94,0.78,11246790921539840,11246790921560780,1781444304587841020,1781444304587861960
1961790,1973354,Host(NUMA 6),Device ?,0.02,20.65,0.79,11246790921590110,11246790921610760,1781444304587996050,1781444304588016700
1961790,1973354,Host(NUMA 6),Device ?,0.02,20.47,0.80,11246790921638460,11246790921658930,1781444304588151420,1781444304588171890
1961790,1973354,Host(NUMA 6),Device ?,0.02,18.44,0.89,11246790921687380,11246790921705820,1781444304588305990,1781444304588324430
1961790,1973354,Host(NUMA 6),Device ?,0.02,20.32,0.81,11246790921734190,11246790921754510,1781444304588465790,1781444304588486110
1961790,1973354,Host(NUMA 6),Device ?,0.02,20.66,0.79,11246790921783970,11246790921804630,1781444304588633630,1781444304588654290
1961790,1973354,Host(NUMA 6),Device ?,0.01,18.04,0.68,11246790921834360,11246790921852400,1781444304588797380,1781444304588815420
1961790,1973354,Host(NUMA 6),Device ?,0.02,20.38,0.80,11246790921883320,11246790921903700,1781444304588953440,1781444304588973820
1961790,1973354,Host(NUMA 6),Device ?,0.02,21.17,0.77,11246790921932330,11246790921953500,1781444304589108840,1781444304589130010
1961790,1973354,Host(NUMA 6),Device ?,0.02,20.62,0.79,11246790921981970,11246790922002590,1781444304589264440,1781444304589285060
1961790,1973354,Host(NUMA 6),Device ?,0.02,23.65,0.69,11246790922033470,11246790922057120,1781444304589418380,1781444304589442030
1961790,1973354,Host(NUMA 6),Device ?,0.02,21.17,0.77,11246790922089720,11246790922110890,1781444304589576380,1781444304589597550
1961790,1973354,Host(NUMA 6),Device ?,0.02,21.34,0.77,11246790922140210,11246790922161550,1781444304589732980,1781444304589754320
1961790,1973354,Host(NUMA 6),Device ?,0.02,21.25,0.77,11246790922192850,11246790922214100,1781444304589888390,1781444304589909640
1961790,1973354,Host(NUMA 6),Device ?,0.01,19.35,0.64,11246790922243560,11246790922262910,1781444304590043480,1781444304590062830
1961790,1973354,Host(NUMA 6),Device ?,0.02,19.41,0.84,11246790922291760,11246790922311170,1781444304590197670,1781444304590217080
1961790,1973354,Host(NUMA 6),Device ?,0.02,19.56,0.84,11246790922340450,11246790922360010,1781444304590352050,1781444304590371610
1961790,1973354,Host(NUMA 6),Device ?,0.02,18.61,0.88,11246790922389450,11246790922408060,1781444304590511890,1781444304590530500
1961790,1973354,Host(NUMA 6),Device ?,0.02,17.75,0.92,11246790922435950,11246790922453700,1781444304590671940,1781444304590689690
1961790,1973354,Host(NUMA 6),Device ?,0.02,17.77,0.92,11246790922482410,11246790922500180,1781444304590828450,1781444304590846220
1961790,1973354,Host(NUMA 6),Device ?,0.02,20.95,0.78,11246790922530970,11246790922551920,1781444304590995830,1781444304591016780
1961790,1973354,Host(NUMA 6),Device ?,0.02,20.96,0.78,11246790922581410,11246790922602370,1781444304591159430,1781444304591180390
1961790,1973354,Host(NUMA 6),Device ?,0.01,18.99,0.65,11246790922632160,11246790922651150,1781444304591315660,1781444304591334650
1961790,1973354,Host(NUMA 6),Device ?,0.02,20.55,0.80,11246790922683270,11246790922703820,1781444304591466500,1781444304591487050
1961790,1973354,Host(NUMA 6),Device ?,0.02,19.17,0.85,11246790922735060,11246790922754230,1781444304591620800,1781444304591639970
1961790,1973354,Host(NUMA 6),Device ?,0.02,20.45,0.80,11246790922782400,11246790922802850,1781444304591788670,1781444304591809120
1961790,1973354,Host(NUMA 6),Device ?,0.02,20.55,0.80,11246790922831360,11246790922851910,1781444304591955040,1781444304591975590
1961790,1973354,Host(NUMA 6),Device ?,0.02,19.63,0.83,11246790922882690,11246790922902320,1781444304592113590,1781444304592133220
1961790,1973354,Host(NUMA 6),Device ?,0.02,19.91,0.82,11246790922930010,11246790922949920,1781444304592269110,1781444304592289020
1961790,1973354,Host(NUMA 6),Device ?,0.02,20.32,0.81,11246790922978360,11246790922998680,1781444304592425080,1781444304592445400
1961790,1973354,Host(NUMA 6),Device ?,0.01,21.66,0.57,11246790923030540,11246790923052200,1781444304592577180,1781444304592598840
1961790,1973354,Host(NUMA 6),Device ?,0.02,20.22,0.81,11246790923083340,11246790923103560,1781444304592753860,1781444304592774080
1961790,1973354,Host(NUMA 6),Device ?,0.02,18.39,0.89,11246790923134470,11246790923152860,1781444304592912950,1781444304592931340
1961790,1973354,Host(NUMA 6),Device ?,0.02,19.00,0.86,11246790923185130,11246790923204130,1781444304593067610,1781444304593086610
1961790,1973354,Host(NUMA 6),Device ?,0.02,21.06,0.78,11246790923236330,11246790923257390,1781444304593221760,1781444304593242820
1961790,1973354,Host(NUMA 6),Device ?,0.02,19.27,0.85,11246790923288030,11246790923307300,1781444304593379210,1781444304593398480
1961790,1973354,Host(NUMA 6),Device ?,0.02,20.11,0.81,11246790923339390,11246790923359500,1781444304593532660,1781444304593552770
1961790,1973354,Host(NUMA 6),Device ?,0.02,18.74,0.87,11246790923389570,11246790923408310,1781444304593690950,1781444304593709690
1961790,1973354,Host(NUMA 6),Device ?,0.01,19.97,0.62,11246790923438220,11246790923458190,1781444304593844270,1781444304593864240
1961790,1973354,Host(NUMA 6),Device ?,0.02,20.14,0.81,11246790923489320,11246790923509460,1781444304593996310,1781444304594016450
1961790,1973354,Host(NUMA 6),Device ?,0.02,20.60,0.80,11246790923538590,11246790923559190,1781444304594146850,1781444304594167450
1961790,1973354,Host(NUMA 6),Device ?,0.02,20.39,0.80,11246790923588230,11246790923608620,1781444304594301250,1781444304594321640
1961790,1973354,Host(NUMA 6),Device ?,0.02,22.87,0.72,11246790923636890,11246790923659760,1781444304594449910,1781444304594472780
1961790,1973354,Host(NUMA 6),Device ?,0.02,19.08,0.86,11246790923688970,11246790923708050,1781444304594610100,1781444304594629180
1961790,1973354,Host(NUMA 6),Device ?,0.02,20.84,0.79,11246790923736000,11246790923756840,1781444304594767700,1781444304594788540
1961790,1973354,Host(NUMA 6),Device ?,0.02,18.44,0.89,11246790923786780,11246790923805220,1781444304594952950,1781444304594971390
1961790,1973354,Host(NUMA 6),Device ?,0.01,19.95,0.62,11246790923835200,11246790923855150,1781444304595113790,1781444304595133740
1961790,1973354,Host(NUMA 6),Device ?,0.02,20.09,0.82,11246790923882780,11246790923902870,1781444304595268910,1781444304595289000
1961790,1973354,Host(NUMA 6),Device ?,0.02,19.59,0.84,11246790923930470,11246790923950060,1781444304595428020,1781444304595447610
1961790,1973354,Host(NUMA 6),Device ?,0.02,19.89,0.82,11246790923978940,11246790923998830,1781444304595580290,1781444304595600180
1961790,1973354,Host(NUMA 6),Device ?,0.02,19.24,0.85,11246790924043760,11246790924063000,1781444304595737270,1781444304595756510
1961790,1973354,Host(NUMA 6),Device ?,0.02,19.27,0.85,11246790924091440,11246790924110710,1781444304595911690,1781444304595930960
1961790,1973354,Host(NUMA 6),Device ?,0.02,19.43,0.84,11246790924138920,11246790924158350,1781444304596063320,1781444304596082750
1961790,1973354,Host(NUMA 6),Device ?,0.02,20.21,0.81,11246790924186640,11246790924206850,1781444304596219890,1781444304596240100
1961790,1973354,Host(NUMA 6),Device ?,0.01,20.05,0.61,11246790924237160,11246790924257210,1781444304596376710,1781444304596396760
1961790,1973354,Host(NUMA 6),Device ?,0.02,21.17,0.77,11246790924286710,11246790924307880,1781444304596529460,1781444304596550630
1961790,1973354,Host(NUMA 6),Device ?,0.02,20.48,0.80,11246790924339270,11246790924359750,1781444304596682720,1781444304596703200
1961790,1973354,Host(NUMA 6),Device ?,0.02,20.45,0.80,11246790924393090,11246790924413540,1781444304596842370,1781444304596862820
1961790,1973354,Host(NUMA 6),Device ?,0.02,17.45,0.94,11246790924442300,11246790924459750,1781444304597001400,1781444304597018850
1961790,1973354,Host(NUMA 6),Device ?,0.02,17.47,0.94,11246790924486780,11246790924504250,1781444304597156700,1781444304597174170
1961790,1973354,Host(NUMA 6),Device ?,0.02,20.23,0.81,11246790924533280,11246790924553510,1781444304597313630,1781444304597333860
1961790,1973354,Host(NUMA 6),Device ?,0.02,22.05,0.74,11246790924584020,11246790924606070,1781444304597469060,1781444304597491110
1961790,1973354,Host(NUMA 6),Device ?,0.01,19.83,0.62,11246790924637930,11246790924657760,1781444304597648360,1781444304597668190
1961790,1973354,Host(NUMA 6),Device ?,0.02,21.57,0.76,11246790924687820,11246790924709390,1781444304597802870,1781444304597824440
1961790,1973354,Host(NUMA 6),Device ?,0.02,20.30,0.81,11246790924739860,11246790924760160,1781444304597960670,1781444304597980970
1961790,1973354,Host(NUMA 6),Device ?,0.02,20.21,0.81,11246790924790340,11246790924810550,1781444304598136210,1781444304598156420
1961790,1973354,Host(NUMA 6),Device ?,0.02,18.39,0.89,11246790924837450,11246790924855840,1781444304598293960,1781444304598312350
1961790,1973354,Host(NUMA 6),Device ?,0.02,20.33,0.81,11246790924885840,11246790924906170,1781444304598448210,1781444304598468540
1961790,1973354,Host(NUMA 6),Device ?,0.02,19.16,0.86,11246790924937210,11246790924956370,1781444304598607390,1781444304598626550
1961790,1973354,Host(NUMA 6),Device ?,0.02,20.31,0.81,11246790924985240,11246790925005550,1781444304598762010,1781444304598782320
1961790,1973354,Host(NUMA 6),Device ?,0.01,20.03,0.61,11246790925033910,11246790925053940,1781444304598940810,1781444304598960840
1961790,1973354,Host(NUMA 6),Device ?,0.02,21.44,0.76,11246790925083550,11246790925104990,1781444304599109100,1781444304599130540
1961790,1973354,Host(NUMA 6),Device ?,0.02,19.89,0.82,11246790925134550,11246790925154440,1781444304599269300,1781444304599289190
1961790,1973354,Host(NUMA 6),Device ?,0.02,19.86,0.82,11246790925184150,11246790925204010,1781444304599428630,1781444304599448490
1961790,1973354,Host(NUMA 6),Device ?,0.02,22.70,0.72,11246790925234530,11246790925257230,1781444304599584640,1781444304599607340
1961790,1973354,Host(NUMA 6),Device ?,0.02,21.22,0.77,11246790925285960,11246790925307180,1781444304599742670,1781444304599763890
1961790,1973354,Host(NUMA 6),Device ?,0.02,34.71,0.47,11246790926057780,11246790926092490,1781444304599882420,1781444304599917130
1961790,1973354,Host(NUMA 6),Device ?,0.02,24.62,0.67,11246790926140470,11246790926165090,1781444304600044130,1781444304600068750
1961790,1973354,Host(NUMA 6),Device ?,0.01,20.52,0.60,11246790926198100,11246790926218620,1781444304600202640,1781444304600223160
1961790,1973354,Host(NUMA 6),Device ?,0.02,21.47,0.76,11246790926250890,11246790926272360,1781444304600354440,1781444304600375910
1961790,1973354,Host(NUMA 6),Device ?,0.02,20.73,0.79,11246790926302750,11246790926323480,1781444304600509260,1781444304600529990
1961790,1973354,Host(NUMA 6),Device ?,0.02,20.92,0.78,11246790926354640,11246790926375560,1781444304600662970,1781444304600683890
1961790,1973354,Host(NUMA 6),Device ?,0.02,20.84,0.79,11246790926404540,11246790926425380,1781444304600816500,1781444304600837340
1961790,1973354,Host(NUMA 6),Device ?,0.02,20.02,0.82,11246790926454440,11246790926474460,1781444304600976320,1781444304600996340
1961790,1973354,Host(NUMA 6),Device ?,0.02,21.21,0.77,11246790926506410,11246790926527620,1781444304601136670,1781444304601157880
1961790,1973354,Host(NUMA 6),Device ?,0.02,20.82,0.79,11246790926561240,11246790926582060,1781444304601305600,1781444304601326420
1961790,1973354,Host(NUMA 6),Device ?,0.01,20.77,0.59,11246790926614330,11246790926635100,1781444304601464000,1781444304601484770
1961790,1973354,Host(NUMA 6),Device ?,0.02,22.12,0.74,11246790926667520,11246790926689640,1781444304601617350,1781444304601639470
1961790,1973354,Host(NUMA 6),Device ?,0.02,20.24,0.81,11246790926720540,11246790926740780,1781444304601777760,1781444304601798000
1961790,1973354,Host(NUMA 6),Device ?,0.02,21.99,0.75,11246790926774870,11246790926796860,1781444304601929570,1781444304601951560
1961790,1973354,Host(NUMA 6),Device ?,0.02,20.18,0.81,11246790926827370,11246790926847550,1781444304602087970,1781444304602108150
1961790,1973354,Host(NUMA 6),Device ?,0.02,20.03,0.82,11246790926877000,11246790926897030,1781444304602241190,1781444304602261220
1961790,1973354,Host(NUMA 6),Device ?,0.02,20.22,0.81,11246790926925550,11246790926945770,1781444304602393470,1781444304602413690
1961790,1973354,Host(NUMA 6),Device ?,0.02,20.87,0.79,11246790926975080,11246790926995950,1781444304602545270,1781444304602566140
1961790,1973354,Host(NUMA 6),Device ?,0.01,20.54,0.60,11246790927025650,11246790927046190,1781444304602712430,1781444304602732970
1961790,1973354,Host(NUMA 6),Device ?,0.02,19.86,0.82,11246790927081500,11246790927101360,1781444304602866440,1781444304602886300
1961790,1973354,Host(NUMA 6),Device ?,0.02,21.91,0.75,11246790927133890,11246790927155800,1781444304603070600,1781444304603092510
1961790,1973354,Host(NUMA 6),Device ?,0.02,19.28,0.85,11246790927185380,11246790927204660,1781444304603248970,1781444304603268250
1961790,1973354,Host(NUMA 6),Device ?,0.02,20.28,0.81,11246790927234780,11246790927255060,1781444304603407330,1781444304603427610
1961790,1973354,Host(NUMA 6),Device ?,0.02,18.51,0.89,11246790927283480,11246790927301990,1781444304603569050,1781444304603587560
1961790,1973354,Host(NUMA 6),Device ?,0.02,18.02,0.91,11246790927330920,11246790927348940,1781444304603727230,1781444304603745250
1961790,1973354,Host(NUMA 6),Device ?,0.02,20.49,0.80,11246790927379090,11246790927399580,1781444304603879130,1781444304603899620
1961790,1973354,Host(NUMA 6),Device ?,0.01,20.48,0.60,11246790927428810,11246790927449290,1781444304604034980,1781444304604055460
1961790,1973354,Host(NUMA 6),Device ?,0.02,21.47,0.76,11246790927479340,11246790927500810,1781444304604186860,1781444304604208330
1961790,1973354,Host(NUMA 6),Device ?,0.02,21.69,0.76,11246790927530650,11246790927552340,1781444304604344610,1781444304604366300
1961790,1973354,Host(NUMA 6),Device ?,0.02,20.94,0.78,11246790927583000,11246790927603940,1781444304604512030,1781444304604532970
1961790,1973354,Host(NUMA 6),Device ?,0.02,19.66,0.83,11246790927634520,11246790927654180,1781444304604672620,1781444304604692280
1961790,1973354,Host(NUMA 6),Device ?,0.02,20.50,0.80,11246790927684390,11246790927704890,1781444304604829600,1781444304604850100
1961790,1973354,Host(NUMA 6),Device ?,0.02,20.00,0.82,11246790927733790,11246790927753790,1781444304604985480,1781444304605005480
1961790,1973354,Host(NUMA 6),Device ?,0.02,19.43,0.84,11246790927783460,11246790927802890,1781444304605139680,1781444304605159110
1961790,1973354,Host(NUMA 6),Device ?,0.01,20.41,0.60,11246790927832520,11246790927852930,1781444304605301800,1781444304605322210
1961790,1973354,Host(NUMA 6),Device ?,0.02,20.94,0.78,11246790927883920,11246790927904860,1781444304605457250,1781444304605478190
1961790,1973354,Host(NUMA 6),Device ?,0.02,24.46,0.67,11246790927933720,11246790927958180,1781444304605621710,1781444304605646170
1961790,1973354,Host(NUMA 6),Device ?,0.02,33.17,0.49,11246790927988200,11246790928021370,1781444304605767480,1781444304605800650
1961790,1973354,Host(NUMA 6),Device ?,0.02,20.85,0.79,11246790928051810,11246790928072660,1781444304605938390,1781444304605959240
1961790,1973354,Host(NUMA 6),Device ?,0.02,19.64,0.83,11246790928101970,11246790928121610,1781444304606097620,1781444304606117260
1961790,1973354,Host(NUMA 6),Device ?,0.02,19.07,0.86,11246790928149900,11246790928168970,1781444304606254900,1781444304606273970
1961790,1973354,Host(NUMA 6),Device ?,0.02,20.11,0.81,11246790928197970,11246790928218080,1781444304606409640,1781444304606429750
1961790,1973354,Host(NUMA 6),Device ?,0.01,19.93,0.62,11246790928246140,11246790928266070,1781444304606563230,1781444304606583160
1961790,1973354,Host(NUMA 6),Device ?,0.02,20.58,0.80,11246790928294790,11246790928315370,1781444304606719490,1781444304606740070
1961790,1973354,Host(NUMA 6),Device ?,0.02,20.91,0.78,11246790928344840,11246790928365750,1781444304606872930,1781444304606893840
1961790,1973354,Host(NUMA 6),Device ?,0.02,20.92,0.78,11246790928393390,11246790928414310,1781444304607046110,1781444304607067030
1961790,1973354,Host(NUMA 6),Device ?,0.02,19.70,0.83,11246790928443800,11246790928463500,1781444304607207740,1781444304607227440
1961790,1973354,Host(NUMA 6),Device ?,0.02,20.24,0.81,11246790928493530,11246790928513770,1781444304607369350,1781444304607389590
1961790,1973354,Host(NUMA 6),Device ?,0.02,19.69,0.83,11246790928543900,11246790928563590,1781444304607526060,1781444304607545750
1961790,1973354,Host(NUMA 6),Device ?,0.02,20.18,0.81,11246790928594540,11246790928614720,1781444304607702990,1781444304607723170
1961790,1973354,Host(NUMA 6),Device ?,0.01,19.84,0.62,11246790928645200,11246790928665040,1781444304607864770,1781444304607884610
1961790,1973354,Host(NUMA 6),Device ?,0.02,19.91,0.82,11246790928695230,11246790928715140,1781444304608022710,1781444304608042620
1961790,1973354,Host(NUMA 6),Device ?,0.02,20.53,0.80,11246790928745000,11246790928765530,1781444304608179480,1781444304608200010
1961790,1973354,Host(NUMA 6),Device ?,0.02,20.65,0.79,11246790928797000,11246790928817650,1781444304608333530,1781444304608354180
1961790,1973354,Host(NUMA 6),Device ?,0.02,19.84,0.83,11246790928845970,11246790928865810,1781444304608489150,1781444304608508990
1961790,1973354,Host(NUMA 6),Device ?,0.02,21.05,0.78,11246790928896240,11246790928917290,1781444304608642240,1781444304608663290
1961790,1973354,Host(NUMA 6),Device ?,0.02,19.65,0.83,11246790928947950,11246790928967600,1781444304608812360,1781444304608832010
1961790,1973354,Host(NUMA 6),Device ?,0.02,20.01,0.82,11246790928996020,11246790929016030,1781444304608968640,1781444304608988650
1961790,1973354,Host(NUMA 6),Device ?,0.01,20.74,0.59,11246790929044410,11246790929065150,1781444304609121990,1781444304609142730
1961790,1973354,Host(NUMA 6),Device ?,0.02,21.06,0.78,11246790929094370,11246790929115430,1781444304609274170,1781444304609295230
1961790,1973354,Host(NUMA 6),Device ?,0.02,23.41,0.70,11246790929143880,11246790929167290,1781444304609431130,1781444304609454540
1961790,1973354,Host(NUMA 6),Device ?,0.02,20.81,0.79,11246790929194890,11246790929215700,1781444304609589970,1781444304609610780
1961790,1973354,Host(NUMA 6),Device ?,0.02,18.41,0.89,11246790929244010,11246790929262420,1781444304609753190,1781444304609771600
1961790,1973354,Host(NUMA 6),Device ?,0.02,19.85,0.83,11246790929292390,11246790929312240,1781444304609910120,1781444304609929970
1961790,1973354,Host(NUMA 6),Device ?,0.02,19.74,0.83,11246790929341220,11246790929360960,1781444304610067940,1781444304610087680
1961790,1973354,Host(NUMA 6),Device ?,0.02,18.76,0.87,11246790929390220,11246790929408980,1781444304610223630,1781444304610242390
1961790,1973354,Host(NUMA 6),Device ?,0.01,20.03,0.61,11246790929437150,11246790929457180,1781444304610376000,1781444304610396030
1961790,1973354,Host(NUMA 6),Device ?,0.02,21.22,0.77,11246790929486480,11246790929507700,1781444304610528580,1781444304610549800
1961790,1973354,Host(NUMA 6),Device ?,0.02,26.10,0.63,11246790929612420,11246790929638520,1781444304610678430,1781444304610704530
1961790,1973354,Host(NUMA 6),Device ?,0.02,24.03,0.68,11246790929675530,11246790929699560,1781444304610846930,1781444304610870960
1961790,1973354,Host(NUMA 6),Device ?,0.02,22.33,0.73,11246790929732480,11246790929754810,1781444304611023630,1781444304611045960
1961790,1973354,Host(NUMA 6),Device ?,0.02,20.34,0.81,11246790929785050,11246790929805390,1781444304611183870,1781444304611204210
1961790,1973354,Host(NUMA 6),Device ?,0.02,21.02,0.78,11246790929836880,11246790929857900,1781444304611340440,1781444304611361460
1961790,1973354,Host(NUMA 6),Device ?,0.02,21.28,0.77,11246790929887070,11246790929908350,1781444304611492920,1781444304611514200
1961790,1973354,Host(NUMA 6),Device ?,0.01,21.49,0.57,11246790929938700,11246790929960190,1781444304611652040,1781444304611673530
1961790,1973354,Host(NUMA 6),Device ?,0.02,19.85,0.83,11246790929991150,11246790930011000,1781444304611811510,1781444304611831360
1961790,1973354,Host(NUMA 6),Device ?,0.02,21.35,0.77,11246790930039270,11246790930060620,1781444304611967320,1781444304611988670
1961790,1973354,Host(NUMA 6),Device ?,0.02,20.62,0.79,11246790930089370,11246790930109990,1781444304612124220,1781444304612144840
1961790,1973354,Host(NUMA 6),Device ?,0.02,20.51,0.80,11246790930138450,11246790930158960,1781444304612287060,1781444304612307570
1961790,1973354,Host(NUMA 6),Device ?,0.02,20.37,0.80,11246790930188300,11246790930208670,1781444304612444450,1781444304612464820
1961790,1973354,Host(NUMA 6),Device ?,0.02,22.58,0.73,11246790930238000,11246790930260580,1781444304612597440,1781444304612620020
1961790,1973354,Host(NUMA 6),Device ?,0.02,20.86,0.79,11246790930291290,11246790930312150,1781444304612769210,1781444304612790070
1961790,1973354,Host(NUMA 6),Device ?,0.01,20.85,0.59,11246790930340790,11246790930361640,1781444304612926580,1781444304612947430
1961790,1973354,Host(NUMA 6),Device ?,0.02,20.98,0.78,11246790930394120,11246790930415100,1781444304613081850,1781444304613102830
1961790,1973354,Host(NUMA 6),Device ?,0.02,21.07,0.78,11246790930445940,11246790930467010,1781444304613234730,1781444304613255800
1961790,1973354,Host(NUMA 6),Device ?,0.02,20.52,0.80,11246790930495350,11246790930515870,1781444304613389200,1781444304613409720
1961790,1973354,Host(NUMA 6),Device ?,0.02,21.74,0.75,11246790930544430,11246790930566170,1781444304613540720,1781444304613562460
1961790,1973354,Host(NUMA 6),Device ?,0.02,19.13,0.86,11246790930592930,11246790930612060,1781444304613703010,1781444304613722140
1961790,1973354,Host(NUMA 6),Device ?,0.02,19.45,0.84,11246790930641320,11246790930660770,1781444304613859430,1781444304613878880
1961790,1973354,Host(NUMA 6),Device ?,0.02,20.27,0.81,11246790930689650,11246790930709920,1781444304614026580,1781444304614046850
1961790,1973354,Host(NUMA 6),Device ?,0.01,20.71,0.59,11246790930738790,11246790930759500,1781444304614182820,1781444304614203530
1961790,1973354,Host(NUMA 6),Device ?,0.02,19.66,0.83,11246790930788230,11246790930807890,1781444304614341830,1781444304614361490
1961790,1973354,Host(NUMA 6),Device ?,0.02,19.41,0.84,11246790930836260,11246790930855670,1781444304614510160,1781444304614529570
1961790,1973354,Host(NUMA 6),Device ?,0.02,19.76,0.83,11246790930882000,11246790930901760,1781444304614669430,1781444304614689190
1961790,1973354,Host(NUMA 6),Device ?,0.02,21.27,0.77,11246790930930080,11246790930951350,1781444304614826160,1781444304614847430
1961790,1973354,Host(NUMA 6),Device ?,0.02,19.34,0.85,11246790930980660,11246790931000000,1781444304615000840,1781444304615020180
1961790,1973354,Host(NUMA 6),Device ?,0.02,20.25,0.81,11246790931031240,11246790931051490,1781444304615162660,1781444304615182910
1961790,1973354,Host(NUMA 6),Device ?,0.02,22.06,0.74,11246790931083420,11246790931105480,1781444304615317630,1781444304615339690
1961790,1973354,Host(NUMA 6),Device ?,0.01,20.29,0.61,11246790931138580,11246790931158870,1781444304615477870,1781444304615498160
1961790,1973354,Host(NUMA 6),Device ?,0.02,22.90,0.72,11246790931189470,11246790931212370,1781444304615629660,1781444304615652560
1961790,1973354,Host(NUMA 6),Device ?,0.02,21.49,0.76,11246790931240760,11246790931262250,1781444304615790580,1781444304615812070
1961790,1973354,Host(NUMA 6),Device ?,0.02,20.86,0.79,11246790931294770,11246790931315630,1781444304615947220,1781444304615968080
1961790,1973354,Host(NUMA 6),Device ?,0.02,21.22,0.77,11246790931344810,11246790931366030,1781444304616106730,1781444304616127950
1961790,1973354,Host(NUMA 6),Device ?,0.02,19.92,0.82,11246790931394100,11246790931414020,1781444304616266630,1781444304616286550
1961790,1973354,Host(NUMA 6),Device ?,0.02,21.48,0.76,11246790931442090,11246790931463570,1781444304616424120,1781444304616445600
1961790,1973354,Host(NUMA 6),Device ?,0.02,20.86,0.79,11246790931490590,11246790931511450,1781444304616581040,1781444304616601900
1961790,1973354,Host(NUMA 6),Device ?,0.01,18.69,0.66,11246790931544810,11246790931563500,1781444304616738430,1781444304616757120
1961790,1973354,Host(NUMA 6),Device ?,0.02,18.83,0.87,11246790931593370,11246790931612200,1781444304616890810,1781444304616909640
1961790,1973354,Host(NUMA 6),Device ?,0.02,20.00,0.82,11246790931641010,11246790931661010,1781444304617044050,1781444304617064050
1961790,1973354,Host(NUMA 6),Device ?,0.02,18.90,0.87,11246790931689420,11246790931708320,1781444304617201000,1781444304617219900
1961790,1973354,Host(NUMA 6),Device ?,0.02,21.30,0.77,11246790931735020,11246790931756320,1781444304617368410,1781444304617389710
1961790,1973354,Host(NUMA 6),Device ?,0.02,20.23,0.81,11246790931787810,11246790931808040,1781444304617529530,1781444304617549760
1961790,1973354,Host(NUMA 6),Device ?,0.02,19.38,0.85,11246790931835760,11246790931855140,1781444304617700570,1781444304617719950
1961790,1973354,Host(NUMA 6),Device ?,0.02,18.73,0.87,11246790931884330,11246790931903060,1781444304617855990,1781444304617874720
1961790,1973354,Host(NUMA 6),Device ?,0.01,20.99,0.59,11246790931931200,11246790931952190,1781444304618013070,1781444304618034060
1961790,1973354,Host(NUMA 6),Device ?,0.02,30.11,0.54,11246790931983030,11246790932013140,1781444304618160930,1781444304618191040
1961790,1973354,Host(NUMA 6),Device ?,0.02,21.03,0.78,11246790932045000,11246790932066030,1781444304618331010,1781444304618352040
1961790,1973354,Host(NUMA 6),Device ?,0.02,21.22,0.77,11246790932097360,11246790932118580,1781444304618489900,1781444304618511120
1961790,1973354,Host(NUMA 6),Device ?,0.02,20.18,0.81,11246790932149780,11246790932169960,1781444304618649870,1781444304618670050
1961790,1973354,Host(NUMA 6),Device ?,0.02,20.78,0.79,11246790932198390,11246790932219170,1781444304618803500,1781444304618824280
1961790,1973354,Host(NUMA 6),Device ?,0.02,19.65,0.83,11246790932246000,11246790932265650,1781444304618970750,1781444304618990400
1961790,1973354,Host(NUMA 6),Device ?,0.02,19.77,0.83,11246790932293720,11246790932313490,1781444304619130930,1781444304619150700
1961790,1973354,Host(NUMA 6),Device ?,0.01,20.87,0.59,11246790932341870,11246790932362740,1781444304619285230,1781444304619306100
1961790,1973354,Host(NUMA 6),Device ?,0.02,19.25,0.85,11246790932390950,11246790932410200,1781444304619443190,1781444304619462440
1961790,1973354,Host(NUMA 6),Device ?,0.02,21.36,0.77,11246790932437140,11246790932458500,1781444304619596520,1781444304619617880
1961790,1973354,Host(NUMA 6),Device ?,0.02,19.84,0.83,11246790932486610,11246790932506450,1781444304619752110,1781444304619771950
1961790,1973354,Host(NUMA 6),Device ?,0.02,19.18,0.85,11246790932534110,11246790932553290,1781444304619908080,1781444304619927260
1961790,1973354,Host(NUMA 6),Device ?,0.02,24.97,0.66,11246790932583200,11246790932608170,1781444304620075350,1781444304620100320
1961790,1973354,Host(NUMA 6),Device ?,0.02,19.66,0.83,11246790932636140,11246790932655800,1781444304620239890,1781444304620259550
1961790,1973354,Host(NUMA 6),Device ?,0.02,21.43,0.76,11246790932691640,11246790932713070,1781444304620391980,1781444304620413410
1961790,1973354,Host(NUMA 6),Device ?,0.01,20.29,0.61,11246790932739920,11246790932760210,1781444304620566120,1781444304620586410
1961790,1973354,Host(NUMA 6),Device ?,0.02,20.07,0.82,11246790932789230,11246790932809300,1781444304620726610,1781444304620746680
1961790,1973354,Host(NUMA 6),Device ?,0.02,20.84,0.79,11246790932838770,11246790932859610,1781444304620879020,1781444304620899860
1961790,1973354,Host(NUMA 6),Device ?,0.02,20.63,0.79,11246790932889950,11246790932910580,1781444304621033170,1781444304621053800
1961790,1973354,Host(NUMA 6),Device ?,0.02,21.04,0.78,11246790932939130,11246790932960170,1781444304621188400,1781444304621209440
1961790,1973354,Host(NUMA 6),Device ?,0.02,19.93,0.82,11246790932988930,11246790933008860,1781444304621347580,1781444304621367510
1961790,1973354,Host(NUMA 6),Device ?,0.02,20.85,0.79,11246790933038410,11246790933059260,1781444304621501400,1781444304621522250
1961790,1973354,Host(NUMA 6),Device ?,0.02,18.97,0.86,11246790933089930,11246790933108900,1781444304621658560,1781444304621677530
1961790,1973354,Host(NUMA 6),Device ?,509.88,28206.39,18.95,11246790933136860,11246790961343250,1781444304593623400,1781444304621829790
1961790,1973354,Host(NUMA 6),Device ?,24.00,1448.66,17.37,11246790961404090,11246790962852750,1781444304620538070,1781444304621986730
1961790,1973354,Host(NUMA 6),Device ?,8.00,622.13,13.48,11246790962901470,11246790963523600,1781444304621532150,1781444304622154280
1961790,1973354,Host(NUMA 6),Device ?,32.00,1824.04,18.40,11246790963568680,11246790965392720,1781444304620491600,1781444304622315640
1961790,1973354,Host(NUMA 6),Device ?,32.00,1924.24,17.44,11246790965437070,11246790967361310,1781444304620550960,1781444304622475200
1961790,1973354,Host(NUMA 6),Device ?,24.00,1498.61,16.79,11246790967406570,11246790968905180,1781444304621138520,1781444304622637130
1961790,1973354,Host(NUMA 6),Device ?,8.00,524.86,15.98,11246790968952170,11246790969477030,1781444304622289030,1781444304622813890
1961790,1973354,Host(NUMA 6),Device ?,32.00,1870.65,17.94,11246790969522540,11246790971393190,1781444304621110480,1781444304622981130
1961790,1973354,Host(NUMA 6),Device ?,32.00,1885.18,17.80,11246790971436590,11246790973321770,1781444304621256880,1781444304623142060
1961790,1973354,Host(NUMA 6),Device ?,24.00,1517.96,16.58,11246790973362210,11246790974880170,1781444304621778200,1781444304623296160
1961790,1973354,Host(NUMA 6),Device ?,8.00,554.46,15.13,11246790974922090,11246790975476550,1781444304622902350,1781444304623456810
1961790,1973354,Host(NUMA 6),Device ?,32.00,1895.49,17.70,11246790975518870,11246790977414360,1781444304621716580,1781444304623612070
1961790,1973354,Host(NUMA 6),Device ?,32.00,1925.33,17.43,11246790977457310,11246790979382640,1781444304621858230,1781444304623783560
1961865,1973184,Host(NUMA 7),Device ?,8.00,480.16,17.47,11246790816961170,11246790817441330,1781444304623462900,1781444304623943060
1961865,1973184,Host(NUMA 7),Device ?,32.00,1852.98,18.11,11246790817483370,11246790819336350,1781444304622245440,1781444304624098420
1961865,1973184,Host(NUMA 7),Device ?,32.00,1869.67,17.95,11246790819377410,11246790821247080,1781444304622381360,1781444304624251030
1961865,1973184,Host(NUMA 7),Device ?,24.00,1417.26,17.76,11246790821285450,11246790822702710,1781444304622986310,1781444304624403570
1961865,1973184,Host(NUMA 7),Device ?,8.00,468.58,17.90,11246790822741760,11246790823210340,1781444304624089050,1781444304624557630
1961865,1973184,Host(NUMA 7),Device ?,32.00,1847.75,18.16,11246790823247310,11246790825095060,1781444304622865540,1781444304624713290
1961865,1973184,Host(NUMA 7),Device ?,32.00,1854.63,18.09,11246790825135280,11246790826989910,1781444304623011120,1781444304624865750
1961865,1973184,Host(NUMA 7),Device ?,24.00,1423.46,17.68,11246790827028980,11246790828452440,1781444304623594590,1781444304625018050
1961865,1973184,Host(NUMA 7),Device ?,8.00,566.51,14.81,11246790828491240,11246790829057750,1781444304624619050,1781444304625185560
1961865,1973184,Host(NUMA 7),Device ?,32.00,1842.33,18.21,11246790829094360,11246790830936690,1781444304623497010,1781444304625339340
1961865,1973184,Host(NUMA 7),Device ?,32.00,1874.80,17.90,11246790830974790,11246790832849590,1781444304623616820,1781444304625491620
1961865,1973184,Host(NUMA 7),Device ?,24.00,1435.97,17.53,11246790832888620,11246790834324590,1781444304624229850,1781444304625665820
1961865,1973184,Host(NUMA 7),Device ?,8.00,505.68,16.59,11246790834367570,11246790834873250,1781444304625318350,1781444304625824030
1961865,1973184,Host(NUMA 7),Device ?,32.00,1864.67,17.99,11246790834921220,11246790836785890,1781444304624117580,1781444304625982250
1961865,1973184,Host(NUMA 7),Device ?,32.00,1841.82,18.22,11246790836830260,11246790838672080,1781444304624296930,1781444304626138750
1961865,1973184,Host(NUMA 7),Device ?,24.00,1448.59,17.37,11246790838713030,11246790840161620,1781444304624844810,1781444304626293400
1961865,1973184,Host(NUMA 7),Device ?,8.00,504.78,16.62,11246790840204170,11246790840708950,1781444304625942430,1781444304626447210
1961865,1973184,Host(NUMA 7),Device ?,32.00,1869.53,17.95,11246790840745360,11246790842614890,1781444304624735600,1781444304626605130
1961865,1973184,Host(NUMA 7),Device ?,32.00,1861.16,18.03,11246790842653150,11246790844514310,1781444304624898970,1781444304626760130
1961865,1973184,Host(NUMA 7),Device ?,24.00,1456.30,17.28,11246790844558700,11246790846015000,1781444304625484370,1781444304626940670
1961865,1973184,Host(NUMA 7),Device ?,8.00,482.83,17.37,11246790846054790,11246790846537620,1781444304626616380,1781444304627099210
1961865,1973184,Host(NUMA 7),Device ?,32.00,1897.89,17.68,11246790846577300,11246790848475190,1781444304625356360,1781444304627254250
1961865,1973184,Host(NUMA 7),Device ?,32.00,1863.12,18.01,11246790848514830,11246790850377950,1781444304625542990,1781444304627406110
1961865,1973184,Host(NUMA 7),Device ?,24.00,1441.11,17.46,11246790850416630,11246790851857740,1781444304626129990,1781444304627571100
1961865,1973184,Host(NUMA 7),Device ?,8.00,509.16,16.48,11246790851896670,11246790852405830,1781444304627218680,1781444304627727840
1961865,1973184,Host(NUMA 7),Device ?,32.00,1891.36,17.74,11246790852449170,11246790854340530,1781444304625990960,1781444304627882320
1961865,1973184,Host(NUMA 7),Device ?,32.00,1885.25,17.80,11246790854389110,11246790856274360,1781444304626150970,1781444304628036220
1961865,1973184,Host(NUMA 7),Device ?,24.00,1416.79,17.76,11246790856321150,11246790857737940,1781444304626772420,1781444304628189210
1961865,1973184,Host(NUMA 7),Device ?,8.00,476.58,17.60,11246790857778730,11246790858255310,1781444304627869080,1781444304628345660
1961865,1973184,Host(NUMA 7),Device ?,32.00,1841.71,18.22,11246790858292900,11246790860134610,1781444304626659090,1781444304628500800
1961865,1973184,Host(NUMA 7),Device ?,32.00,1860.61,18.03,11246790860175340,11246790862035950,1781444304626796470,1781444304628657080
1961865,1973184,Host(NUMA 7),Device ?,24.00,1418.79,17.74,11246790862072340,11246790863491130,1781444304627394630,1781444304628813420
1961865,1973184,Host(NUMA 7),Device ?,8.00,510.74,16.42,11246790863530130,11246790864040870,1781444304628457480,1781444304628968220
1961865,1973184,Host(NUMA 7),Device ?,32.00,1852.65,18.11,11246790864078040,11246790865930690,1781444304627270600,1781444304629123250
1961865,1973184,Host(NUMA 7),Device ?,32.00,1857.73,18.06,11246790865967460,11246790867825190,1781444304627418010,1781444304629275740
1961865,1973184,Host(NUMA 7),Device ?,24.00,1411.38,17.83,11246790867859720,11246790869271100,1781444304628019750,1781444304629431130
1961865,1973184,Host(NUMA 7),Device ?,8.00,465.78,18.01,11246790869315440,11246790869781220,1781444304629121450,1781444304629587230
1961865,1973184,Host(NUMA 7),Device ?,32.00,1852.55,18.11,11246790869822820,11246790871675370,1781444304627890270,1781444304629742820
1961865,1973184,Host(NUMA 7),Device ?,32.00,1882.70,17.82,11246790871716770,11246790873599470,1781444304628012780,1781444304629895480
1961865,1973184,Host(NUMA 7),Device ?,254.94,14124.27,18.93,11246790873639830,11246790887764100,1781444304615938370,1781444304630062640
1961865,1973184,Host(NUMA 7),Device ?,0.02,35.65,0.46,11246790887809960,11246790887845610,1781444304630184460,1781444304630220110
1961865,1973184,Host(NUMA 7),Device ?,0.02,26.34,0.62,11246790887883430,11246790887909770,1781444304630347510,1781444304630373850
1961865,1973184,Host(NUMA 7),Device ?,0.01,20.83,0.59,11246790887942360,11246790887963190,1781444304630511550,1781444304630532380
1961865,1973184,Host(NUMA 7),Device ?,0.02,32.74,0.50,11246790887993950,11246790888026690,1781444304630653430,1781444304630686170
1961865,1973184,Host(NUMA 7),Device ?,0.02,23.72,0.69,11246790888059300,11246790888083020,1781444304630820350,1781444304630844070
1961865,1973184,Host(NUMA 7),Device ?,0.02,27.96,0.59,11246790888112930,11246790888140890,1781444304630985850,1781444304631013810
1961865,1973184,Host(NUMA 7),Device ?,0.02,28.87,0.57,11246790888170180,11246790888199050,1781444304631158710,1781444304631187580
1961865,1973184,Host(NUMA 7),Device ?,0.02,18.96,0.86,11246790888229540,11246790888248500,1781444304631322990,1781444304631341950
1961865,1973184,Host(NUMA 7),Device ?,0.02,22.36,0.73,11246790888277340,11246790888299700,1781444304631477550,1781444304631499910
1961865,1973184,Host(NUMA 7),Device ?,0.02,23.41,0.70,11246790888328840,11246790888352250,1781444304631631200,1781444304631654610
1961865,1973184,Host(NUMA 7),Device ?,0.01,19.50,0.63,11246790888382520,11246790888402020,1781444304631787820,1781444304631807320
1961865,1973184,Host(NUMA 7),Device ?,0.02,24.80,0.66,11246790888432110,11246790888456910,1781444304631936560,1781444304631961360
1961865,1973184,Host(NUMA 7),Device ?,0.02,21.85,0.75,11246790888487700,11246790888509550,1781444304632097170,1781444304632119020
1961865,1973184,Host(NUMA 7),Device ?,0.02,23.94,0.68,11246790888539150,11246790888563090,1781444304632248580,1781444304632272520
1961865,1973184,Host(NUMA 7),Device ?,0.02,23.30,0.70,11246790888593850,11246790888617150,1781444304632418350,1781444304632441650
1961865,1973184,Host(NUMA 7),Device ?,0.02,21.95,0.75,11246790888649870,11246790888671820,1781444304632574500,1781444304632596450
1961865,1973184,Host(NUMA 7),Device ?,0.02,23.47,0.70,11246790888702770,11246790888726240,1781444304632729700,1781444304632753170
1961865,1973184,Host(NUMA 7),Device ?,0.02,23.31,0.70,11246790888755540,11246790888778850,1781444304632887680,1781444304632910990
1961865,1973184,Host(NUMA 7),Device ?,0.01,21.58,0.57,11246790888811890,11246790888833470,1781444304633046380,1781444304633067960
1961865,1973184,Host(NUMA 7),Device ?,0.02,24.02,0.68,11246790888862920,11246790888886940,1781444304633217340,1781444304633241360
1961865,1973184,Host(NUMA 7),Device ?,0.02,23.45,0.70,11246790888917450,11246790888940900,1781444304633375960,1781444304633399410
1961865,1973184,Host(NUMA 7),Device ?,0.02,24.75,0.66,11246790888971380,11246790888996130,1781444304633536670,1781444304633561420
1961865,1973184,Host(NUMA 7),Device ?,0.02,24.68,0.66,11246790889026940,11246790889051620,1781444304633693460,1781444304633718140
1961865,1973184,Host(NUMA 7),Device ?,0.02,19.04,0.86,11246790889081050,11246790889100090,1781444304633855890,1781444304633874930
1961865,1973184,Host(NUMA 7),Device ?,0.02,22.61,0.72,11246790889130090,11246790889152700,1781444304634008120,1781444304634030730
1961865,1973184,Host(NUMA 7),Device ?,0.02,22.56,0.73,11246790889182490,11246790889205050,1781444304634161500,1781444304634184060
1961865,1973184,Host(NUMA 7),Device ?,0.01,24.56,0.50,11246790889235410,11246790889259970,1781444304634314100,1781444304634338660
1961865,1973184,Host(NUMA 7),Device ?,0.02,23.73,0.69,11246790889289140,11246790889312870,1781444304634469270,1781444304634493000
1961865,1973184,Host(NUMA 7),Device ?,0.02,23.14,0.71,11246790889344150,11246790889367290,1781444304634622370,1781444304634645510
1961865,1973184,Host(NUMA 7),Device ?,0.02,22.97,0.71,11246790889397930,11246790889420900,1781444304634775150,1781444304634798120
1961865,1973184,Host(NUMA 7),Device ?,0.02,21.19,0.77,11246790889451880,11246790889473070,1781444304634956260,1781444304634977450
1961865,1973184,Host(NUMA 7),Device ?,0.02,19.78,0.83,11246790889503990,11246790889523770,1781444304635118120,1781444304635137900
1961865,1973184,Host(NUMA 7),Device ?,0.02,25.06,0.65,11246790889554350,11246790889579410,1781444304635267050,1781444304635292110
1961865,1973184,Host(NUMA 7),Device ?,0.02,25.28,0.65,11246790889610420,11246790889635700,1781444304635420830,1781444304635446110
1961865,1973184,Host(NUMA 7),Device ?,0.01,20.09,0.61,11246790889666030,11246790889686120,1781444304635582360,1781444304635602450
1961865,1973184,Host(NUMA 7),Device ?,0.02,23.39,0.70,11246790889716120,11246790889739510,1781444304635733420,1781444304635756810
1961865,1973184,Host(NUMA 7),Device ?,0.02,22.50,0.73,11246790889770230,11246790889792730,1781444304635891300,1781444304635913800
1961865,1973184,Host(NUMA 7),Device ?,0.02,23.89,0.69,11246790889822960,11246790889846850,1781444304636045030,1781444304636068920
1961865,1973184,Host(NUMA 7),Device ?,0.02,24.12,0.68,11246790889875310,11246790889899430,1781444304636198700,1781444304636222820
1961865,1973184,Host(NUMA 7),Device ?,0.02,18.19,0.90,11246790889930170,11246790889948360,1781444304636374430,1781444304636392620
1961865,1973184,Host(NUMA 7),Device ?,0.02,23.44,0.70,11246790889977070,11246790890000510,1781444304636526530,1781444304636549970
1961865,1973184,Host(NUMA 7),Device ?,0.02,22.46,0.73,11246790890031410,11246790890053870,1781444304636694880,1781444304636717340
1961865,1973184,Host(NUMA 7),Device ?,0.01,19.99,0.61,11246790890085240,11246790890105230,1781444304636854070,1781444304636874060
1961865,1973184,Host(NUMA 7),Device ?,0.02,23.62,0.69,11246790890136070,11246790890159690,1781444304637005440,1781444304637029060
1961865,1973184,Host(NUMA 7),Device ?,0.02,24.95,0.66,11246790890190790,11246790890215740,1781444304637158580,1781444304637183530
1961865,1973184,Host(NUMA 7),Device ?,0.02,22.55,0.73,11246790890246190,11246790890268740,1781444304637314250,1781444304637336800
1961865,1973184,Host(NUMA 7),Device ?,0.02,23.71,0.69,11246790890298230,11246790890321940,1781444304637482430,1781444304637506140
1961865,1973184,Host(NUMA 7),Device ?,0.02,19.40,0.84,11246790890350900,11246790890370300,1781444304637643060,1781444304637662460
1961865,1973184,Host(NUMA 7),Device ?,0.02,24.23,0.68,11246790890399370,11246790890423600,1781444304637792770,1781444304637817000
1961865,1973184,Host(NUMA 7),Device ?,0.02,23.64,0.69,11246790890453930,11246790890477570,1781444304637947330,1781444304637970970
1961865,1973184,Host(NUMA 7),Device ?,0.01,20.69,0.59,11246790890508320,11246790890529010,1781444304638104210,1781444304638124900
1961865,1973184,Host(NUMA 7),Device ?,0.02,27.13,0.60,11246790890558570,11246790890585700,1781444304638251690,1781444304638278820
1961865,1973184,Host(NUMA 7),Device ?,0.02,23.75,0.69,11246790890616000,11246790890639750,1781444304638411100,1781444304638434850
1961865,1973184,Host(NUMA 7),Device ?,0.02,22.47,0.73,11246790890668320,11246790890690790,1781444304638567740,1781444304638590210
1961865,1973184,Host(NUMA 7),Device ?,0.02,22.74,0.72,11246790890720410,11246790890743150,1781444304638722340,1781444304638745080
1961865,1973184,Host(NUMA 7),Device ?,0.02,20.03,0.82,11246790890773930,11246790890793960,1781444304638877960,1781444304638897990
1961865,1973184,Host(NUMA 7),Device ?,0.02,24.21,0.68,11246790890823010,11246790890847220,1781444304639047380,1781444304639071590
1961865,1973184,Host(NUMA 7),Device ?,0.02,23.58,0.69,11246790890876940,11246790890900520,1781444304639203490,1781444304639227070
1961865,1973184,Host(NUMA 7),Device ?,0.01,20.67,0.59,11246790890930660,11246790890951330,1781444304639361400,1781444304639382070
1961865,1973184,Host(NUMA 7),Device ?,0.02,23.92,0.68,11246790890981390,11246790891005310,1781444304639529070,1781444304639552990
1961865,1973184,Host(NUMA 7),Device ?,0.02,23.59,0.69,11246790891036810,11246790891060400,1781444304639685940,1781444304639709530
1961865,1973184,Host(NUMA 7),Device ?,0.02,21.70,0.76,11246790891092020,11246790891113720,1781444304639845630,1781444304639867330
1961865,1973184,Host(NUMA 7),Device ?,0.02,23.41,0.70,11246790891142760,11246790891166170,1781444304639997250,1781444304640020660
1961865,1973184,Host(NUMA 7),Device ?,0.02,20.99,0.78,11246790891197810,11246790891218800,1781444304640155090,1781444304640176080
1961865,1973184,Host(NUMA 7),Device ?,0.02,23.39,0.70,11246790891252270,11246790891275660,1781444304640306300,1781444304640329690
1961865,1973184,Host(NUMA 7),Device ?,0.02,23.04,0.71,11246790891306530,11246790891329570,1781444304640463760,1781444304640486800
1961865,1973184,Host(NUMA 7),Device ?,0.01,18.98,0.65,11246790891360630,11246790891379610,1781444304640620820,1781444304640639800
1961865,1973184,Host(NUMA 7),Device ?,0.02,23.81,0.69,11246790891409650,11246790891433460,1781444304640770090,1781444304640793900
1961865,1973184,Host(NUMA 7),Device ?,0.02,23.16,0.71,11246790891464330,11246790891487490,1781444304640925170,1781444304640948330
1961865,1973184,Host(NUMA 7),Device ?,0.02,23.89,0.69,11246790891518250,11246790891542140,1781444304641076710,1781444304641100600
1961865,1973184,Host(NUMA 7),Device ?,0.02,22.17,0.74,11246790891571130,11246790891593300,1781444304641233480,1781444304641255650
1961865,1973184,Host(NUMA 7),Device ?,0.02,19.89,0.82,11246790891624320,11246790891644210,1781444304641392790,1781444304641412680
1961865,1973184,Host(NUMA 7),Device ?,0.02,22.85,0.72,11246790891675240,11246790891698090,1781444304641545520,1781444304641568370
1961865,1973184,Host(NUMA 7),Device ?,0.02,22.65,0.72,11246790891729160,11246790891751810,1781444304641698880,1781444304641721530
1961865,1973184,Host(NUMA 7),Device ?,0.01,19.86,0.62,11246790891782670,11246790891802530,1781444304641855270,1781444304641875130
1961865,1973184,Host(NUMA 7),Device ?,0.02,23.87,0.69,11246790891832430,11246790891856300,1781444304642002540,1781444304642026410
1961865,1973184,Host(NUMA 7),Device ?,0.02,23.27,0.70,11246790891885850,11246790891909120,1781444304642173260,1781444304642196530
1961865,1973184,Host(NUMA 7),Device ?,0.02,22.67,0.72,11246790891939500,11246790891962170,1781444304642347180,1781444304642369850
1961865,1973184,Host(NUMA 7),Device ?,0.02,32.15,0.51,11246790891992270,11246790892024420,1781444304642494450,1781444304642526600
1961865,1973184,Host(NUMA 7),Device ?,0.02,20.25,0.81,11246790892058860,11246790892079110,1781444304642673860,1781444304642694110
1961865,1973184,Host(NUMA 7),Device ?,0.02,23.94,0.68,11246790892111490,11246790892135430,1781444304642824600,1781444304642848540
1961865,1973184,Host(NUMA 7),Device ?,0.02,24.18,0.68,11246790892166610,11246790892190790,1781444304642994320,1781444304643018500
1961865,1973184,Host(NUMA 7),Device ?,0.01,21.46,0.57,11246790892220980,11246790892242440,1781444304643156820,1781444304643178280
1961865,1973184,Host(NUMA 7),Device ?,0.02,23.94,0.68,11246790892273530,11246790892297470,1781444304643314970,1781444304643338910
1961865,1973184,Host(NUMA 7),Device ?,0.02,24.28,0.67,11246790892328840,11246790892353120,1781444304643472880,1781444304643497160
1961865,1973184,Host(NUMA 7),Device ?,0.02,23.50,0.70,11246790892383080,11246790892406580,1781444304643627110,1781444304643650610
1961865,1973184,Host(NUMA 7),Device ?,0.02,23.05,0.71,11246790892436700,11246790892459750,1781444304643781620,1781444304643804670
1961865,1973184,Host(NUMA 7),Device ?,0.02,19.42,0.84,11246790892490110,11246790892509530,1781444304643941470,1781444304643960890
1961865,1973184,Host(NUMA 7),Device ?,0.02,38.41,0.43,11246790893267040,11246790893305450,1781444304644075630,1781444304644114040
1961865,1973184,Host(NUMA 7),Device ?,0.02,28.19,0.58,11246790893353710,11246790893381900,1781444304644241950,1781444304644270140
1961865,1973184,Host(NUMA 7),Device ?,0.01,21.28,0.58,11246790893417110,11246790893438390,1781444304644402130,1781444304644423410
1961865,1973184,Host(NUMA 7),Device ?,0.02,22.61,0.72,11246790893468390,11246790893491000,1781444304644565110,1781444304644587720
1961865,1973184,Host(NUMA 7),Device ?,0.02,24.45,0.67,11246790893522580,11246790893547030,1781444304644714490,1781444304644738940
1961865,1973184,Host(NUMA 7),Device ?,0.02,24.21,0.68,11246790893581040,11246790893605250,1781444304644869110,1781444304644893320
1961865,1973184,Host(NUMA 7),Device ?,0.02,22.97,0.71,11246790893636630,11246790893659600,1781444304645024420,1781444304645047390
1961865,1973184,Host(NUMA 7),Device ?,0.02,20.47,0.80,11246790893689660,11246790893710130,1781444304645179460,1781444304645199930
1961865,1973184,Host(NUMA 7),Device ?,0.02,23.80,0.69,11246790893740660,11246790893764460,1781444304645330700,1781444304645354500
1961865,1973184,Host(NUMA 7),Device ?,0.02,22.43,0.73,11246790893794750,11246790893817180,1781444304645485820,1781444304645508250
1961865,1973184,Host(NUMA 7),Device ?,0.01,22.38,0.55,11246790893851670,11246790893874050,1781444304645641340,1781444304645663720
1961865,1973184,Host(NUMA 7),Device ?,0.02,25.72,0.64,11246790893905650,11246790893931370,1781444304645812130,1781444304645837850
1961865,1973184,Host(NUMA 7),Device ?,0.02,21.95,0.75,11246790893964790,11246790893986740,1781444304645971910,1781444304645993860
1961865,1973184,Host(NUMA 7),Device ?,0.02,22.92,0.71,11246790894015350,11246790894038270,1781444304646125680,1781444304646148600
1961865,1973184,Host(NUMA 7),Device ?,0.02,27.60,0.59,11246790894066820,11246790894094420,1781444304646274030,1781444304646301630
1961865,1973184,Host(NUMA 7),Device ?,0.02,20.23,0.81,11246790894125020,11246790894145250,1781444304646436260,1781444304646456490
1961865,1973184,Host(NUMA 7),Device ?,0.02,24.81,0.66,11246790894175410,11246790894200220,1781444304646587120,1781444304646611930
1961865,1973184,Host(NUMA 7),Device ?,0.02,24.26,0.68,11246790894231560,11246790894255820,1781444304646741790,1781444304646766050
1961865,1973184,Host(NUMA 7),Device ?,0.01,22.46,0.55,11246790894288360,11246790894310820,1781444304646897270,1781444304646919730
1961865,1973184,Host(NUMA 7),Device ?,0.02,24.40,0.67,11246790894343600,11246790894368000,1781444304647065740,1781444304647090140
1961865,1973184,Host(NUMA 7),Device ?,0.02,23.73,0.69,11246790894399450,11246790894423180,1781444304647219770,1781444304647243500
1961865,1973184,Host(NUMA 7),Device ?,0.02,22.59,0.73,11246790894454900,11246790894477490,1781444304647392220,1781444304647414810
1961865,1973184,Host(NUMA 7),Device ?,0.02,23.49,0.70,11246790894509090,11246790894532580,1781444304647546680,1781444304647570170
1961865,1973184,Host(NUMA 7),Device ?,0.02,19.13,0.86,11246790894563550,11246790894582680,1781444304647704120,1781444304647723250
1961865,1973184,Host(NUMA 7),Device ?,0.02,24.44,0.67,11246790894611210,11246790894635650,1781444304647863360,1781444304647887800
1961865,1973184,Host(NUMA 7),Device ?,0.02,24.08,0.68,11246790894666620,11246790894690700,1781444304648021030,1781444304648045110
1961865,1973184,Host(NUMA 7),Device ?,0.01,22.18,0.55,11246790894728420,11246790894750600,1781444304648175030,1781444304648197210
1961865,1973184,Host(NUMA 7),Device ?,0.02,25.18,0.65,11246790894781540,11246790894806720,1781444304648328000,1781444304648353180
1961865,1973184,Host(NUMA 7),Device ?,0.02,24.33,0.67,11246790894835680,11246790894860010,1781444304648484390,1781444304648508720
1961865,1973184,Host(NUMA 7),Device ?,0.02,25.62,0.64,11246790894891820,11246790894917440,1781444304648637710,1781444304648663330
1961865,1973184,Host(NUMA 7),Device ?,0.02,23.88,0.69,11246790894948970,11246790894972850,1781444304648792510,1781444304648816390
1961865,1973184,Host(NUMA 7),Device ?,0.02,19.68,0.83,11246790895003720,11246790895023400,1781444304648963880,1781444304648983560
1961865,1973184,Host(NUMA 7),Device ?,0.02,23.22,0.71,11246790895054010,11246790895077230,1781444304649114490,1781444304649137710
1961865,1973184,Host(NUMA 7),Device ?,0.02,24.87,0.66,11246790895107730,11246790895132600,1781444304649272890,1781444304649297760
1961865,1973184,Host(NUMA 7),Device ?,0.01,20.39,0.60,11246790895162420,11246790895182810,1781444304649435620,1781444304649456010
1961865,1973184,Host(NUMA 7),Device ?,0.02,23.20,0.71,11246790895214560,11246790895237760,1781444304649588360,1781444304649611560
1961865,1973184,Host(NUMA 7),Device ?,0.02,23.43,0.70,11246790895268310,11246790895291740,1781444304649744420,1781444304649767850
1961865,1973184,Host(NUMA 7),Device ?,0.02,24.70,0.66,11246790895321840,11246790895346540,1781444304649898780,1781444304649923480
1961865,1973184,Host(NUMA 7),Device ?,0.02,24.92,0.66,11246790895376350,11246790895401270,1781444304650050990,1781444304650075910
1961865,1973184,Host(NUMA 7),Device ?,0.02,19.31,0.85,11246790895430700,11246790895450010,1781444304650211870,1781444304650231180
1961865,1973184,Host(NUMA 7),Device ?,0.02,22.74,0.72,11246790895475980,11246790895498720,1781444304650362730,1781444304650385470
1961865,1973184,Host(NUMA 7),Device ?,0.02,23.09,0.71,11246790895528570,11246790895551660,1781444304650519060,1781444304650542150
1961865,1973184,Host(NUMA 7),Device ?,0.01,19.20,0.64,11246790895580320,11246790895599520,1781444304650676580,1781444304650695780
1961865,1973184,Host(NUMA 7),Device ?,0.02,22.55,0.73,11246790895628150,11246790895650700,1781444304650828000,1781444304650850550
1961865,1973184,Host(NUMA 7),Device ?,0.02,22.61,0.72,11246790895679320,11246790895701930,1781444304650992420,1781444304651015030
1961865,1973184,Host(NUMA 7),Device ?,0.02,23.44,0.70,11246790895731140,11246790895754580,1781444304651149420,1781444304651172860
1961865,1973184,Host(NUMA 7),Device ?,0.02,23.35,0.70,11246790895783950,11246790895807300,1781444304651307010,1781444304651330360
1961865,1973184,Host(NUMA 7),Device ?,0.02,19.35,0.85,11246790895835720,11246790895855070,1781444304651473900,1781444304651493250
1961865,1973184,Host(NUMA 7),Device ?,0.02,21.46,0.76,11246790895880910,11246790895902370,1781444304651627240,1781444304651648700
1961865,1973184,Host(NUMA 7),Device ?,0.02,19.93,0.82,11246790895931550,11246790895951480,1781444304651781180,1781444304651801110
1961865,1973184,Host(NUMA 7),Device ?,0.01,17.88,0.69,11246790895980520,11246790895998400,1781444304651935980,1781444304651953860
1961865,1973184,Host(NUMA 7),Device ?,0.02,23.11,0.71,11246790896033160,11246790896056270,1781444304652099480,1781444304652122590
1961865,1973184,Host(NUMA 7),Device ?,0.02,23.32,0.70,11246790896083230,11246790896106550,1781444304652268560,1781444304652291880
1961865,1973184,Host(NUMA 7),Device ?,0.02,23.33,0.70,11246790896134160,11246790896157490,1781444304652425860,1781444304652449190
1961865,1973184,Host(NUMA 7),Device ?,0.02,22.18,0.74,11246790896185360,11246790896207540,1781444304652581610,1781444304652603790
1961865,1973184,Host(NUMA 7),Device ?,0.02,19.23,0.85,11246790896234780,11246790896254010,1781444304652738630,1781444304652757860
1961865,1973184,Host(NUMA 7),Device ?,0.02,24.67,0.66,11246790896281970,11246790896306640,1781444304652888780,1781444304652913450
1961865,1973184,Host(NUMA 7),Device ?,0.02,23.36,0.70,11246790896338590,11246790896361950,1781444304653043130,1781444304653066490
1961865,1973184,Host(NUMA 7),Device ?,0.01,20.32,0.60,11246790896395420,11246790896415740,1781444304653201990,1781444304653222310
1961865,1973184,Host(NUMA 7),Device ?,0.02,22.76,0.72,11246790896445220,11246790896467980,1781444304653366450,1781444304653389210
1961865,1973184,Host(NUMA 7),Device ?,0.02,21.23,0.77,11246790896497060,11246790896518290,1781444304653524520,1781444304653545750
1961865,1973184,Host(NUMA 7),Device ?,0.02,25.45,0.64,11246790896547820,11246790896573270,1781444304653671650,1781444304653697100
1961865,1973184,Host(NUMA 7),Device ?,0.02,22.76,0.72,11246790896604860,11246790896627620,1781444304653827660,1781444304653850420
1961865,1973184,Host(NUMA 7),Device ?,0.02,19.18,0.85,11246790896655390,11246790896674570,1781444304653991210,1781444304654010390
1961865,1973184,Host(NUMA 7),Device ?,0.02,24.09,0.68,11246790896702510,11246790896726600,1781444304654144230,1781444304654168320
1961865,1973184,Host(NUMA 7),Device ?,0.02,23.42,0.70,11246790896758770,11246790896782190,1781444304654320420,1781444304654343840
1961865,1973184,Host(NUMA 7),Device ?,0.01,22.85,0.54,11246790896811690,11246790896834540,1781444304654473920,1781444304654496770
1961865,1973184,Host(NUMA 7),Device ?,0.02,24.58,0.67,11246790896863930,11246790896888510,1781444304654627020,1781444304654651600
1961865,1973184,Host(NUMA 7),Device ?,0.02,30.32,0.54,11246790897000200,11246790897030520,1781444304654775310,1781444304654805630
1961865,1973184,Host(NUMA 7),Device ?,0.02,25.55,0.64,11246790897066070,11246790897091620,1781444304654942710,1781444304654968260
1961865,1973184,Host(NUMA 7),Device ?,0.02,24.62,0.67,11246790897121360,11246790897145980,1781444304655101260,1781444304655125880
1961865,1973184,Host(NUMA 7),Device ?,0.02,17.94,0.91,11246790897174760,11246790897192700,1781444304655274530,1781444304655292470
1961865,1973184,Host(NUMA 7),Device ?,0.02,24.46,0.67,11246790897219510,11246790897243970,1781444304655425890,1781444304655450350
1961865,1973184,Host(NUMA 7),Device ?,0.02,26.54,0.62,11246790897271540,11246790897298080,1781444304655577180,1781444304655603720
1961865,1973184,Host(NUMA 7),Device ?,0.01,19.26,0.64,11246790897327370,11246790897346630,1781444304655739040,1781444304655758300
1961865,1973184,Host(NUMA 7),Device ?,0.02,24.25,0.68,11246790897375580,11246790897399830,1781444304655887420,1781444304655911670
1961865,1973184,Host(NUMA 7),Device ?,0.02,26.31,0.62,11246790897429950,11246790897456260,1781444304656039910,1781444304656066220
1961865,1973184,Host(NUMA 7),Device ?,0.02,23.90,0.69,11246790897485170,11246790897509070,1781444304656193760,1781444304656217660
1961865,1973184,Host(NUMA 7),Device ?,0.02,23.60,0.69,11246790897536000,11246790897559600,1781444304656349180,1781444304656372780
1961865,1973184,Host(NUMA 7),Device ?,0.02,19.37,0.85,11246790897587000,11246790897606370,1781444304656510960,1781444304656530330
1961865,1973184,Host(NUMA 7),Device ?,0.02,23.44,0.70,11246790897634770,11246790897658210,1781444304656660620,1781444304656684060
1961865,1973184,Host(NUMA 7),Device ?,0.02,120.50,0.14,11246790897687110,11246790897807610,1781444304656717970,1781444304656838470
1961865,1973184,Host(NUMA 7),Device ?,0.01,20.17,0.61,11246790897833490,11246790897853660,1781444304656972560,1781444304656992730
1961865,1973184,Host(NUMA 7),Device ?,0.02,24.90,0.66,11246790897880690,11246790897905590,1781444304657121370,1781444304657146270
1961865,1973184,Host(NUMA 7),Device ?,0.02,25.38,0.65,11246790897932560,11246790897957940,1781444304657293780,1781444304657319160
1961865,1973184,Host(NUMA 7),Device ?,0.02,23.50,0.70,11246790897984860,11246790898008360,1781444304657454430,1781444304657477930
1961865,1973184,Host(NUMA 7),Device ?,0.02,23.79,0.69,11246790898039240,11246790898063030,1781444304657608060,1781444304657631850
1961865,1973184,Host(NUMA 7),Device ?,0.02,19.44,0.84,11246790898092360,11246790898111800,1781444304657767990,1781444304657787430
1961865,1973184,Host(NUMA 7),Device ?,0.02,23.86,0.69,11246790898139060,11246790898162920,1781444304657919250,1781444304657943110
1961865,1973184,Host(NUMA 7),Device ?,0.02,24.63,0.67,11246790898193700,11246790898218330,1781444304658070500,1781444304658095130
1961865,1973184,Host(NUMA 7),Device ?,0.01,20.59,0.60,11246790898246030,11246790898266620,1781444304658230490,1781444304658251080
1961865,1973184,Host(NUMA 7),Device ?,0.02,25.03,0.65,11246790898295720,11246790898320750,1781444304658382110,1781444304658407140
1961865,1973184,Host(NUMA 7),Device ?,0.02,24.38,0.67,11246790898349650,11246790898374030,1781444304658549950,1781444304658574330
1961865,1973184,Host(NUMA 7),Device ?,0.02,22.89,0.72,11246790898405040,11246790898427930,1781444304658706660,1781444304658729550
1961865,1973184,Host(NUMA 7),Device ?,0.02,23.37,0.70,11246790898456840,11246790898480210,1781444304658874730,1781444304658898100
1961865,1973184,Host(NUMA 7),Device ?,0.02,20.02,0.82,11246790898508250,11246790898528270,1781444304659052910,1781444304659072930
1961865,1973184,Host(NUMA 7),Device ?,0.02,25.03,0.65,11246790898558030,11246790898583060,1781444304659204390,1781444304659229420
1961865,1973184,Host(NUMA 7),Device ?,0.02,24.33,0.67,11246790898612350,11246790898636680,1781444304659363250,1781444304659387580
1961865,1973184,Host(NUMA 7),Device ?,0.01,19.95,0.62,11246790898666750,11246790898686700,1781444304659521950,1781444304659541900
1961865,1973184,Host(NUMA 7),Device ?,0.02,24.75,0.66,11246790898714310,11246790898739060,1781444304659672530,1781444304659697280
1961865,1973184,Host(NUMA 7),Device ?,0.02,22.91,0.72,11246790898771790,11246790898794700,1781444304659830600,1781444304659853510
1961865,1973184,Host(NUMA 7),Device ?,0.02,24.95,0.66,11246790898823430,11246790898848380,1781444304659983000,1781444304660007950
1961865,1973184,Host(NUMA 7),Device ?,0.02,25.44,0.64,11246790898877150,11246790898902590,1781444304660134950,1781444304660160390
1961865,1973184,Host(NUMA 7),Device ?,0.02,23.17,0.71,11246790898931460,11246790898954630,1781444304660291870,1781444304660315040
1961865,1973184,Host(NUMA 7),Device ?,0.02,24.09,0.68,11246790898982980,11246790899007070,1781444304660443820,1781444304660467910
1961865,1973184,Host(NUMA 7),Device ?,0.02,19.37,0.85,11246790899033690,11246790899053060,1781444304660603510,1781444304660622880
1961865,1973184,Host(NUMA 7),Device ?,0.01,18.50,0.66,11246790899080560,11246790899099060,1781444304660756060,1781444304660774560
1961865,1973184,Host(NUMA 7),Device ?,0.02,24.50,0.67,11246790899126250,11246790899150750,1781444304660902610,1781444304660927110
1961865,1973184,Host(NUMA 7),Device ?,0.02,24.06,0.68,11246790899178460,11246790899202520,1781444304661058970,1781444304661083030
1961865,1973184,Host(NUMA 7),Device ?,0.02,22.05,0.74,11246790899229800,11246790899251850,1781444304661216210,1781444304661238260
1961865,1973184,Host(NUMA 7),Device ?,0.02,21.98,0.75,11246790899279250,11246790899301230,1781444304661370240,1781444304661392220
1961865,1973184,Host(NUMA 7),Device ?,0.02,20.09,0.82,11246790899330400,11246790899350490,1781444304661525630,1781444304661545720
1961865,1973184,Host(NUMA 7),Device ?,0.02,23.29,0.70,11246790899377210,11246790899400500,1781444304661688910,1781444304661712200
1961865,1973184,Host(NUMA 7),Device ?,0.02,20.83,0.79,11246790899428040,11246790899448870,1781444304661849680,1781444304661870510
1961865,1973184,Host(NUMA 7),Device ?,0.01,18.72,0.66,11246790899476750,11246790899495470,1781444304662008850,1781444304662027570
1961865,1973184,Host(NUMA 7),Device ?,0.02,24.44,0.67,11246790899524280,11246790899548720,1781444304662173040,1781444304662197480
1961865,1973184,Host(NUMA 7),Device ?,0.02,23.77,0.69,11246790899574500,11246790899598270,1781444304662330110,1781444304662353880
1961865,1973184,Host(NUMA 7),Device ?,0.02,23.58,0.69,11246790899625420,11246790899649000,1781444304662487640,1781444304662511220
1961865,1973184,Host(NUMA 7),Device ?,0.02,23.15,0.71,11246790899677280,11246790899700430,1781444304662644260,1781444304662667410
1961865,1973184,Host(NUMA 7),Device ?,0.02,23.38,0.70,11246790899727310,11246790899750690,1781444304662797020,1781444304662820400
1961865,1973184,Host(NUMA 7),Device ?,0.02,23.27,0.70,11246790899779200,11246790899802470,1781444304662965300,1781444304662988570
1961865,1973184,Host(NUMA 7),Device ?,0.02,22.76,0.72,11246790899833350,11246790899856110,1781444304663126170,1781444304663148930
1961865,1973184,Host(NUMA 7),Device ?,0.01,21.44,0.57,11246790899884740,11246790899906180,1781444304663280770,1781444304663302210
1961865,1973184,Host(NUMA 7),Device ?,0.02,22.70,0.72,11246790899934680,11246790899957380,1781444304663436140,1781444304663458840
1961865,1973184,Host(NUMA 7),Device ?,0.02,25.26,0.65,11246790899983810,11246790900009070,1781444304663587670,1781444304663612930
1961865,1973184,Host(NUMA 7),Device ?,0.02,24.11,0.68,11246790900037290,11246790900061400,1781444304663742920,1781444304663767030
1961865,1973184,Host(NUMA 7),Device ?,0.02,25.44,0.64,11246790900087790,11246790900113230,1781444304663897600,1781444304663923040
1961865,1973184,Host(NUMA 7),Device ?,0.02,23.30,0.70,11246790900141230,11246790900164530,1781444304664070510,1781444304664093810
1961865,1973184,Host(NUMA 7),Device ?,0.02,24.03,0.68,11246790900192390,11246790900216420,1781444304664222530,1781444304664246560
1961865,1973184,Host(NUMA 7),Device ?,0.02,23.33,0.70,11246790900244850,11246790900268180,1781444304664383420,1781444304664406750
1961865,1973184,Host(NUMA 7),Device ?,0.01,19.92,0.62,11246790900298540,11246790900318460,1781444304664559370,1781444304664579290
1961865,1973184,Host(NUMA 7),Device ?,0.02,23.40,0.70,11246790900345410,11246790900368810,1781444304664712110,1781444304664735510
1961865,1973184,Host(NUMA 7),Device ?,0.02,23.63,0.69,11246790900395840,11246790900419470,1781444304664881300,1781444304664904930
1961865,1973184,Host(NUMA 7),Device ?,0.02,23.02,0.71,11246790900449820,11246790900472840,1781444304665039770,1781444304665062790
1961865,1973184,Host(NUMA 7),Device ?,0.02,25.06,0.65,11246790900499890,11246790900524950,1781444304665190890,1781444304665215950
1961865,1973184,Host(NUMA 7),Device ?,0.02,19.58,0.84,11246790900554150,11246790900573730,1781444304665355350,1781444304665374930
1961865,1973184,Host(NUMA 7),Device ?,0.02,22.82,0.72,11246790900603520,11246790900626340,1781444304665507730,1781444304665530550
1961865,1973184,Host(NUMA 7),Device ?,0.02,24.50,0.67,11246790900654260,11246790900678760,1781444304665662540,1781444304665687040
1961865,1973184,Host(NUMA 7),Device ?,509.88,28136.61,19.00,11246790900708320,11246790928844930,1781444304637706090,1781444304665842700
1961865,1973184,Host(NUMA 7),Device ?,24.00,1468.91,17.13,11246790928897380,11246790930366290,1781444304664532780,1781444304666001690
1961865,1973184,Host(NUMA 7),Device ?,8.00,533.04,15.74,11246790930410750,11246790930943790,1781444304665624110,1781444304666157150
1961865,1973184,Host(NUMA 7),Device ?,32.00,1821.03,18.43,11246790930986570,11246790932807600,1781444304664491550,1781444304666312580
1961865,1973184,Host(NUMA 7),Device ?,32.00,1903.42,17.63,11246790932851370,11246790934754790,1781444304664562970,1781444304666466390
1961865,1973184,Host(NUMA 7),Device ?,24.00,1483.42,16.96,11246790934795700,11246790936279120,1781444304665137170,1781444304666620590
1961865,1973184,Host(NUMA 7),Device ?,8.00,530.45,15.81,11246790936322860,11246790936853310,1781444304666245000,1781444304666775450
1961865,1973184,Host(NUMA 7),Device ?,32.00,1916.56,17.51,11246790936897180,11246790938813740,1781444304665024650,1781444304666941210
1961865,1973184,Host(NUMA 7),Device ?,32.00,1924.45,17.44,11246790938859700,11246790940784150,1781444304665177100,1781444304667101550
1961865,1973184,Host(NUMA 7),Device ?,24.00,1528.87,16.46,11246790940830670,11246790942359540,1781444304665745300,1781444304667274170
1961865,1973184,Host(NUMA 7),Device ?,8.00,557.95,15.03,11246790942405200,11246790942963150,1781444304666872780,1781444304667430730
1961865,1973184,Host(NUMA 7),Device ?,32.00,1919.82,17.48,11246790943005270,11246790944925090,1781444304665668640,1781444304667588460
1961865,1973184,Host(NUMA 7),Device ?,32.00,1912.72,17.54,11246790944969200,11246790946881920,1781444304665833260,1781444304667745980
1961865,1973184,Host(NUMA 7),Device ?,24.00,1422.89,17.69,11246790946923400,11246790948346290,1781444304666476830,1781444304667899720
1961865,1973184,Host(NUMA 7),Device ?,8.00,600.95,13.96,11246790948385190,11246790948986140,1781444304667471900,1781444304668072850
1961865,1973184,Host(NUMA 7),Device ?,32.00,1916.20,17.51,11246790949028070,11246790950944270,1781444304666310120,1781444304668226320
1961865,1973184,Host(NUMA 7),Device ?,32.00,1884.19,17.81,11246790950984850,11246790952869040,1781444304666497980,1781444304668382170
1961865,1973184,Host(NUMA 7),Device ?,24.00,1433.46,17.56,11246790952906510,11246790954339970,1781444304667103190,1781444304668536650
1961865,1973184,Host(NUMA 7),Device ?,8.00,548.22,15.30,11246790954384680,11246790954932900,1781444304668142620,1781444304668690840
1961865,1973184,Host(NUMA 7),Device ?,32.00,1862.22,18.02,11246790954975360,11246790956837580,1781444304666981600,1781444304668843820
1961865,1973184,Host(NUMA 7),Device ?,32.00,1854.12,18.10,11246790956886300,11246790958740420,1781444304667143840,1781444304668997960
1961865,1973184,Host(NUMA 7),Device ?,24.00,1478.50,17.02,11246790958783120,11246790960261620,1781444304667671410,1781444304669149910
1961865,1973184,Host(NUMA 7),Device ?,8.00,510.58,16.43,11246790960304170,11246790960814750,1781444304668794500,1781444304669305080
1961865,1973184,Host(NUMA 7),Device ?,32.00,1855.94,18.08,11246790960851560,11246790962707500,1781444304667603000,1781444304669458940
1961865,1973184,Host(NUMA 7),Device ?,32.00,1861.49,18.03,11246790962746100,11246790964607590,1781444304667752810,1781444304669614300
1961865,1973184,Host(NUMA 7),Device ?,24.00,1404.96,17.91,11246790964647220,11246790966052180,1781444304668363060,1781444304669768020
1961865,1973184,Host(NUMA 7),Device ?,8.00,565.71,14.83,11246790966092590,11246790966658300,1781444304669354390,1781444304669920100
1961865,1973184,Host(NUMA 7),Device ?,32.00,1864.68,17.99,11246790966696780,11246790968561460,1781444304668226870,1781444304670091550
1961865,1973184,Host(NUMA 7),Device ?,32.00,1844.54,18.19,11246790968600140,11246790970444680,1781444304668405710,1781444304670250250
1961865,1973184,Host(NUMA 7),Device ?,24.00,1408.82,17.86,11246790970483280,11246790971892100,1781444304668995480,1781444304670404300
1961865,1973184,Host(NUMA 7),Device ?,8.00,478.03,17.55,11246790971928770,11246790972406800,1781444304670080540,1781444304670558570
1961865,1973184,Host(NUMA 7),Device ?,32.00,1855.28,18.09,11246790972451940,11246790974307220,1781444304668857550,1781444304670712830
1961865,1973184,Host(NUMA 7),Device ?,32.00,1888.88,17.76,11246790974346870,11246790976235750,1781444304668976490,1781444304670865370
1961865,1973184,Host(NUMA 7),Device ?,24.00,1429.66,17.60,11246790976276150,11246790977705810,1781444304669605210,1781444304671034870
1961865,1973184,Host(NUMA 7),Device ?,8.00,462.09,18.15,11246790977744760,11246790978206850,1781444304670745420,1781444304671207510
1961865,1973184,Host(NUMA 7),Device ?,32.00,1859.24,18.05,11246790978245480,11246790980104720,1781444304669506480,1781444304671365720
1961865,1973184,Host(NUMA 7),Device ?,32.00,1895.04,17.71,11246790980148450,11246790982043490,1781444304669626330,1781444304671521370
1961865,1973184,Host(NUMA 7),Device ?,24.00,1417.12,17.76,11246790982088560,11246790983505680,1781444304670260640,1781444304671677760
1961865,1973184,Host(NUMA 7),Device ?,8.00,560.69,14.96,11246790983546420,11246790984107110,1781444304671271830,1781444304671832520
1961865,1973184,Host(NUMA 7),Device ?,32.00,1854.09,18.10,11246790984148820,11246790986002910,1781444304670143080,1781444304671997170
1961865,1973184,Host(NUMA 7),Device ?,32.00,1909.36,17.57,11246790986041220,11246790987950580,1781444304670246380,1781444304672155740
1961865,1973184,Host(NUMA 7),Device ?,24.00,1479.87,17.01,11246790987988170,11246790989468040,1781444304670830380,1781444304672310250
1961865,1973184,Host(NUMA 7),Device ?,8.00,558.56,15.02,11246790989512790,11246790990071350,1781444304671907740,1781444304672466300
1961865,1973184,Host(NUMA 7),Device ?,32.00,1855.70,18.08,11246790990116030,11246790991971730,1781444304670764270,1781444304672619970
1961865,1973184,Host(NUMA 7),Device ?,32.00,1863.52,18.01,11246790992032010,11246790993895530,1781444304670910260,1781444304672773780
1961865,1973184,Host(NUMA 7),Device ?,24.00,1416.80,17.76,11246790993937300,11246790995354100,1781444304671509510,1781444304672926310
1961865,1973184,Host(NUMA 7),Device ?,8.00,508.84,16.49,11246790995393760,11246790995902600,1781444304672573160,1781444304673082000
1961865,1973184,Host(NUMA 7),Device ?,32.00,1865.90,17.98,11246790995941480,11246790997807380,1781444304671370220,1781444304673236120
1961865,1973184,Host(NUMA 7),Device ?,32.00,1861.18,18.03,11246790997848450,11246790999709630,1781444304671529020,1781444304673390200
1961865,1973184,Host(NUMA 7),Device ?,24.00,1420.53,17.72,11246790999748270,11246791001168800,1781444304672123410,1781444304673543940
1961865,1973184,Host(NUMA 7),Device ?,8.00,492.66,17.03,11246791001210530,11246791001703190,1781444304673204850,1781444304673697510
1961865,1973184,Host(NUMA 7),Device ?,32.00,1858.42,18.06,11246791001744850,11246791003603270,1781444304672012410,1781444304673870830
1961865,1973184,Host(NUMA 7),Device ?,32.00,1875.15,17.89,11246791003640530,11246791005515680,1781444304672150820,1781444304674025970
1961865,1973184,Host(NUMA 7),Device ?,24.00,1455.13,17.29,11246791005554200,11246791007009330,1781444304672723310,1781444304674178440
1961865,1973184,Host(NUMA 7),Device ?,8.00,530.78,15.80,11246791007049450,11246791007580230,1781444304673817870,1781444304674348650
1961865,1973184,Host(NUMA 7),Device ?,32.00,1881.72,17.83,11246791007618200,11246791009499920,1781444304672621860,1781444304674503580
1961865,1973184,Host(NUMA 7),Device ?,32.00,1885.93,17.79,11246791009544030,11246791011429960,1781444304672771110,1781444304674657040
1961865,1973184,Host(NUMA 7),Device ?,24.00,1412.57,17.82,11246791011472400,11246791012884970,1781444304673397860,1781444304674810430
1961865,1973184,Host(NUMA 7),Device ?,8.00,473.83,17.70,11246791012925880,11246791013399710,1781444304674518410,1781444304674992240
1961865,1973184,Host(NUMA 7),Device ?,32.00,1869.23,17.95,11246791013437970,11246791015307200,1781444304673285430,1781444304675154660
1961865,1973184,Host(NUMA 7),Device ?,32.00,1871.51,17.93,11246791015344140,11246791017215650,1781444304673438850,1781444304675310360
1961865,1973184,Host(NUMA 7),Device ?,24.00,1413.76,17.80,11246791017251500,11246791018665260,1781444304674068890,1781444304675482650
1961865,1973184,Host(NUMA 7),Device ?,8.00,546.00,15.36,11246791018703010,11246791019249010,1781444304675092950,1781444304675638950
1961865,1973184,Host(NUMA 7),Device ?,32.00,1864.14,18.00,11246791019284600,11246791021148740,1781444304673929350,1781444304675793490
1961865,1973184,Host(NUMA 7),Device ?,32.00,1843.94,18.20,11246791021186030,11246791023029970,1781444304674103380,1781444304675947320
1961865,1973184,Host(NUMA 7),Device ?,24.00,1407.93,17.87,11246791023068330,11246791024476260,1781444304674695420,1781444304676103350
1961865,1973184,Host(NUMA 7),Device ?,8.00,503.39,16.66,11246791024514600,11246791025017990,1781444304675751730,1781444304676255120
1961865,1973184,Host(NUMA 7),Device ?,32.00,1847.83,18.16,11246791025061950,11246791026909780,1781444304674562400,1781444304676410230
1961865,1973184,Host(NUMA 7),Device ?,32.00,1846.41,18.17,11246791026953070,11246791028799480,1781444304674718070,1781444304676564480
1961865,1973184,Host(NUMA 7),Device ?,24.00,1421.10,17.71,11246791028843460,11246791030264560,1781444304675298370,1781444304676719470
1961865,1973184,Host(NUMA 7),Device ?,8.00,452.00,18.56,11246791030309270,11246791030761270,1781444304676434060,1781444304676886060
1961865,1973184,Host(NUMA 7),Device ?,32.00,1849.48,18.14,11246791030803790,11246791032653270,1781444304675192260,1781444304677041740
1961865,1973184,Host(NUMA 7),Device ?,32.00,1872.06,17.92,11246791032691020,11246791034563080,1781444304675322600,1781444304677194660
1961865,1973184,Host(NUMA 7),Device ?,24.00,1428.08,17.62,11246791034606400,11246791036034480,1781444304675923560,1781444304677351640
1961865,1973184,Host(NUMA 7),Device ?,8.00,461.90,18.16,11246791036074770,11246791036536670,1781444304677058150,1781444304677520050
1961865,1973184,Host(NUMA 7),Device ?,32.00,1846.86,18.17,11246791048101480,11246791049948340,1781444304675839330,1781444304677686190
1961865,1973184,Host(NUMA 7),Device ?,32.00,1860.32,18.04,11246791049986120,11246791051846440,1781444304675985850,1781444304677846170
1961865,1973184,Host(NUMA 7),Device ?,24.00,1401.19,17.96,11246791051885340,11246791053286530,1781444304676605610,1781444304678006800
1961865,1973184,Host(NUMA 7),Device ?,8.00,469.85,17.85,11246791053325830,11246791053795680,1781444304677693390,1781444304678163240
1961865,1973184,Host(NUMA 7),Device ?,32.00,1852.75,18.11,11246791053833800,11246791055686550,1781444304676466180,1781444304678318930
1961865,1973184,Host(NUMA 7),Device ?,32.00,1835.55,18.28,11246791055723340,11246791057558890,1781444304676640710,1781444304678476260
1961865,1973184,Host(NUMA 7),Device ?,24.00,1414.38,17.79,11246791057594470,11246791059008850,1781444304677216130,1781444304678630510
1961865,1973184,Host(NUMA 7),Device ?,8.00,494.82,16.95,11246791059045460,11246791059540280,1781444304678290650,1781444304678785470
1961865,1973184,Host(NUMA 7),Device ?,32.00,1850.81,18.13,11246791059575380,11246791061426190,1781444304677108850,1781444304678959660
1961865,1973184,Host(NUMA 7),Device ?,32.00,1832.41,18.31,11246791061463500,11246791063295910,1781444304677290460,1781444304679122870
1961865,1973184,Host(NUMA 7),Device ?,24.00,1449.08,17.37,11246791063333060,11246791064782140,1781444304677829190,1781444304679278270
1961865,1973184,Host(NUMA 7),Device ?,8.00,481.28,17.43,11246791064822480,11246791065303760,1781444304678952270,1781444304679433550
1961865,1973184,Host(NUMA 7),Device ?,32.00,1884.68,17.80,11246791065342050,11246791067226730,1781444304677704330,1781444304679589010
1961865,1973184,Host(NUMA 7),Device ?,32.00,1847.96,18.16,11246791067265370,11246791069113330,1781444304677895380,1781444304679743340
1961865,1973184,Host(NUMA 7),Device ?,24.00,1423.75,17.68,11246791069151250,11246791070575000,1781444304678473240,1781444304679896990
1961865,1973184,Host(NUMA 7),Device ?,8.00,565.11,14.84,11246791070611950,11246791071177060,1781444304679485890,1781444304680051000
1961865,1973184,Host(NUMA 7),Device ?,32.00,1848.39,18.15,11246791071218980,11246791073067370,1781444304678359080,1781444304680207470
1961865,1973184,Host(NUMA 7),Device ?,32.00,1855.03,18.09,11246791073108010,11246791074963040,1781444304678507900,1781444304680362930
1961865,1973184,Host(NUMA 7),Device ?,24.00,1418.44,17.74,11246791075001850,11246791076420290,1781444304679099040,1781444304680517480
1961865,1973184,Host(NUMA 7),Device ?,8.00,553.16,15.16,11246791076458610,11246791077011770,1781444304680131440,1781444304680684600
1961865,1973184,Host(NUMA 7),Device ?,32.00,1848.27,18.15,11246791077048250,11246791078896520,1781444304678993410,1781444304680841680
1961865,1973184,Host(NUMA 7),Device ?,32.00,1851.38,18.12,11246791078933890,11246791080785270,1781444304679156020,1781444304681007400
1961865,1973184,Host(NUMA 7),Device ?,24.00,1411.54,17.83,11246791080821910,11246791082233450,1781444304679753690,1781444304681165230
1961865,1973184,Host(NUMA 7),Device ?,8.00,514.59,16.30,11246791082271980,11246791082786570,1781444304680806310,1781444304681320900
1961865,1973184,Host(NUMA 7),Device ?,32.00,1855.03,18.09,11246791082828440,11246791084683470,1781444304679621670,1781444304681476700
1961865,1973184,Host(NUMA 7),Device ?,32.00,1834.52,18.29,11246791084719470,11246791086553990,1781444304679798010,1781444304681632530
1961865,1973184,Host(NUMA 7),Device ?,24.00,1404.51,17.92,11246791086590210,11246791087994720,1781444304680396360,1781444304681800870
1961865,1973184,Host(NUMA 7),Device ?,8.00,486.08,17.26,11246791088046720,11246791088532800,1781444304681474090,1781444304681960170
1961865,1973184,Host(NUMA 7),Device ?,32.00,1854.02,18.10,11246791088571810,11246791090425830,1781444304680265590,1781444304682119610
1961865,1973184,Host(NUMA 7),Device ?,32.00,1840.32,18.23,11246791090464120,11246791092304440,1781444304680438000,1781444304682278320
1961865,1973184,Host(NUMA 7),Device ?,254.94,14175.98,18.86,11246791092343460,11246791106519440,1781444304668261110,1781444304682437090
1961865,1973184,Host(NUMA 7),Device ?,0.02,31.87,0.51,11246791106566740,11246791106598610,1781444304682565880,1781444304682597750
1961865,1973184,Host(NUMA 7),Device ?,0.02,23.79,0.69,11246791106642400,11246791106666190,1781444304682731480,1781444304682755270
1961865,1973184,Host(NUMA 7),Device ?,0.01,21.51,0.57,11246791106701570,11246791106723080,1781444304682887070,1781444304682908580
1961865,1973184,Host(NUMA 7),Device ?,0.02,27.27,0.60,11246791106754760,11246791106782030,1781444304683072320,1781444304683099590
1961865,1973184,Host(NUMA 7),Device ?,0.02,19.68,0.83,11246791106812050,11246791106831730,1781444304683240950,1781444304683260630
1961865,1973184,Host(NUMA 7),Device ?,0.02,20.24,0.81,11246791106863140,11246791106883380,1781444304683401060,1781444304683421300
1961865,1973184,Host(NUMA 7),Device ?,0.02,19.20,0.85,11246791106914130,11246791106933330,1781444304683565240,1781444304683584440
1961865,1973184,Host(NUMA 7),Device ?,0.02,20.85,0.79,11246791106967500,11246791106988350,1781444304683722540,1781444304683743390
1961865,1973184,Host(NUMA 7),Device ?,0.02,21.89,0.75,11246791107019160,11246791107041050,1781444304683893550,1781444304683915440
1961865,1973184,Host(NUMA 7),Device ?,0.02,20.34,0.81,11246791107070820,11246791107091160,1781444304684056320,1781444304684076660
1961865,1973184,Host(NUMA 7),Device ?,0.01,21.78,0.56,11246791107120840,11246791107142620,1781444304684213660,1781444304684235440
1961865,1973184,Host(NUMA 7),Device ?,0.02,18.94,0.87,11246791107171670,11246791107190610,1781444304684371880,1781444304684390820
1961865,1973184,Host(NUMA 7),Device ?,0.02,18.91,0.87,11246791107219230,11246791107238140,1781444304684528150,1781444304684547060
1961865,1973184,Host(NUMA 7),Device ?,0.02,19.40,0.84,11246791107265530,11246791107284930,1781444304684682360,1781444304684701760
1961865,1973184,Host(NUMA 7),Device ?,0.02,20.67,0.79,11246791107313610,11246791107334280,1781444304684842640,1781444304684863310
1961865,1973184,Host(NUMA 7),Device ?,0.02,19.40,0.84,11246791107362380,11246791107381780,1781444304685001300,1781444304685020700
1961865,1973184,Host(NUMA 7),Device ?,0.02,19.27,0.85,11246791107411310,11246791107430580,1781444304685157440,1781444304685176710
1961865,1973184,Host(NUMA 7),Device ?,0.02,19.72,0.83,11246791107460720,11246791107480440,1781444304685315600,1781444304685335320
1961865,1973184,Host(NUMA 7),Device ?,0.01,20.44,0.60,11246791107510110,11246791107530550,1781444304685471730,1781444304685492170
1961865,1973184,Host(NUMA 7),Device ?,0.02,24.71,0.66,11246791107561800,11246791107586510,1781444304685625860,1781444304685650570
1961865,1973184,Host(NUMA 7),Device ?,0.02,20.49,0.80,11246791107615930,11246791107636420,1781444304685788900,1781444304685809390
1961865,1973184,Host(NUMA 7),Device ?,0.02,20.49,0.80,11246791107666500,11246791107686990,1781444304685946020,1781444304685966510
1961865,1973184,Host(NUMA 7),Device ?,0.02,23.65,0.69,11246791107715910,11246791107739560,1781444304686097010,1781444304686120660
1961865,1973184,Host(NUMA 7),Device ?,0.02,21.36,0.77,11246791107769570,11246791107790930,1781444304686257630,1781444304686278990
1961865,1973184,Host(NUMA 7),Device ?,0.02,20.54,0.80,11246791107820670,11246791107841210,1781444304686413940,1781444304686434480
1961865,1973184,Host(NUMA 7),Device ?,0.02,21.11,0.78,11246791107873540,11246791107894650,1781444304686586440,1781444304686607550
1961865,1973184,Host(NUMA 7),Device ?,0.01,20.92,0.59,11246791107923740,11246791107944660,1781444304686757470,1781444304686778390
1961865,1973184,Host(NUMA 7),Device ?,0.02,18.64,0.88,11246791107975570,11246791107994210,1781444304686942230,1781444304686960870
1961865,1973184,Host(NUMA 7),Device ?,0.02,20.67,0.79,11246791108038710,11246791108059380,1781444304687126080,1781444304687146750
1961865,1973184,Host(NUMA 7),Device ?,0.02,20.16,0.81,11246791108090290,11246791108110450,1781444304687286150,1781444304687306310
1961865,1973184,Host(NUMA 7),Device ?,0.02,24.71,0.66,11246791108141680,11246791108166390,1781444304687439880,1781444304687464590
1961865,1973184,Host(NUMA 7),Device ?,0.02,19.89,0.82,11246791108194240,11246791108214130,1781444304687603470,1781444304687623360
1961865,1973184,Host(NUMA 7),Device ?,0.02,19.63,0.83,11246791108243220,11246791108262850,1781444304687765550,1781444304687785180
1961865,1973184,Host(NUMA 7),Device ?,0.02,20.03,0.82,11246791108293410,11246791108313440,1781444304687923030,1781444304687943060
1961865,1973184,Host(NUMA 7),Device ?,0.01,20.04,0.61,11246791108343590,11246791108363630,1781444304688079930,1781444304688099970
1961865,1973184,Host(NUMA 7),Device ?,0.02,24.96,0.66,11246791108395740,11246791108420700,1781444304688233680,1781444304688258640
1961865,1973184,Host(NUMA 7),Device ?,0.02,20.21,0.81,11246791108451950,11246791108472160,1781444304688393540,1781444304688413750
1961865,1973184,Host(NUMA 7),Device ?,0.02,20.51,0.80,11246791108501870,11246791108522380,1781444304688550980,1781444304688571490
1961865,1973184,Host(NUMA 7),Device ?,0.02,23.71,0.69,11246791108553500,11246791108577210,1781444304688705130,1781444304688728840
1961865,1973184,Host(NUMA 7),Device ?,0.02,18.96,0.86,11246791108608880,11246791108627840,1781444304688865300,1781444304688884260
1961865,1973184,Host(NUMA 7),Device ?,0.02,18.40,0.89,11246791108656740,11246791108675140,1781444304689022810,1781444304689041210
1961865,1973184,Host(NUMA 7),Device ?,0.02,20.04,0.82,11246791108705930,11246791108725970,1781444304689177020,1781444304689197060
1961865,1973184,Host(NUMA 7),Device ?,0.01,18.91,0.65,11246791108754840,11246791108773750,1781444304689335600,1781444304689354510
1961865,1973184,Host(NUMA 7),Device ?,0.02,19.27,0.85,11246791108804020,11246791108823290,1781444304689491720,1781444304689510990
1961865,1973184,Host(NUMA 7),Device ?,0.02,19.23,0.85,11246791108852690,11246791108871920,1781444304689647450,1781444304689666680
1961865,1973184,Host(NUMA 7),Device ?,0.02,18.97,0.86,11246791108901080,11246791108920050,1781444304689805190,1781444304689824160
1961865,1973184,Host(NUMA 7),Device ?,0.02,22.07,0.74,11246791108949000,11246791108971070,1781444304689956890,1781444304689978960
1961865,1973184,Host(NUMA 7),Device ?,0.02,18.99,0.86,11246791108999160,11246791109018150,1781444304690113160,1781444304690132150
1961865,1973184,Host(NUMA 7),Device ?,0.02,19.93,0.82,11246791109047280,11246791109067210,1781444304690281310,1781444304690301240
1961865,1973184,Host(NUMA 7),Device ?,0.02,18.93,0.87,11246791109096680,11246791109115610,1781444304690441180,1781444304690460110
1961865,1973184,Host(NUMA 7),Device ?,0.01,20.47,0.60,11246791109146200,11246791109166670,1781444304690595360,1781444304690615830
1961865,1973184,Host(NUMA 7),Device ?,0.02,24.19,0.68,11246791109197010,11246791109221200,1781444304690748310,1781444304690772500
1961865,1973184,Host(NUMA 7),Device ?,0.02,20.35,0.81,11246791109250970,11246791109271320,1781444304690924550,1781444304690944900
1961865,1973184,Host(NUMA 7),Device ?,0.02,20.43,0.80,11246791109300410,11246791109320840,1781444304691088240,1781444304691108670
1961865,1973184,Host(NUMA 7),Device ?,0.02,23.00,0.71,11246791109349840,11246791109372840,1781444304691244220,1781444304691267220
1961865,1973184,Host(NUMA 7),Device ?,0.02,19.59,0.84,11246791109402470,11246791109422060,1781444304691404230,1781444304691423820
1961865,1973184,Host(NUMA 7),Device ?,0.02,19.52,0.84,11246791109450270,11246791109469790,1781444304691556860,1781444304691576380
1961865,1973184,Host(NUMA 7),Device ?,0.02,19.41,0.84,11246791109498910,11246791109518320,1781444304691711470,1781444304691730880
1961865,1973184,Host(NUMA 7),Device ?,0.01,20.08,0.61,11246791109548280,11246791109568360,1781444304691879950,1781444304691900030
1961865,1973184,Host(NUMA 7),Device ?,0.02,20.07,0.82,11246791109598090,11246791109618160,1781444304692037000,1781444304692057070
1961865,1973184,Host(NUMA 7),Device ?,0.02,20.52,0.80,11246791109647740,11246791109668260,1781444304692192760,1781444304692213280
1961865,1973184,Host(NUMA 7),Device ?,0.02,20.51,0.80,11246791109698640,11246791109719150,1781444304692363020,1781444304692383530
1961865,1973184,Host(NUMA 7),Device ?,0.02,24.27,0.68,11246791109748580,11246791109772850,1781444304692515560,1781444304692539830
1961865,1973184,Host(NUMA 7),Device ?,0.02,21.03,0.78,11246791109801720,11246791109822750,1781444304692672980,1781444304692694010
1961865,1973184,Host(NUMA 7),Device ?,0.02,17.89,0.92,11246791109849920,11246791109867810,1781444304692832070,1781444304692849960
1961865,1973184,Host(NUMA 7),Device ?,0.02,19.18,0.85,11246791109895320,11246791109914500,1781444304692984560,1781444304693003740
1961865,1973184,Host(NUMA 7),Device ?,0.01,18.99,0.65,11246791109943250,11246791109962240,1781444304693136530,1781444304693155520
1961865,1973184,Host(NUMA 7),Device ?,0.02,19.39,0.84,11246791109993370,11246791110012760,1781444304693289440,1781444304693308830
1961865,1973184,Host(NUMA 7),Device ?,0.02,19.61,0.84,11246791110045910,11246791110065520,1781444304693466940,1781444304693486550
1961865,1973184,Host(NUMA 7),Device ?,0.02,19.38,0.85,11246791110096830,11246791110116210,1781444304693623960,1781444304693643340
1961865,1973184,Host(NUMA 7),Device ?,0.02,21.24,0.77,11246791110144770,11246791110166010,1781444304693777940,1781444304693799180
1961865,1973184,Host(NUMA 7),Device ?,0.02,18.59,0.88,11246791110192800,11246791110211390,1781444304693934350,1781444304693952940
1961865,1973184,Host(NUMA 7),Device ?,0.02,18.75,0.87,11246791110238650,11246791110257400,1781444304694088770,1781444304694107520
1961865,1973184,Host(NUMA 7),Device ?,0.02,18.18,0.90,11246791110285190,11246791110303370,1781444304694243110,1781444304694261290
1961865,1973184,Host(NUMA 7),Device ?,0.01,21.09,0.58,11246791110336820,11246791110357910,1781444304694396740,1781444304694417830
1961865,1973184,Host(NUMA 7),Device ?,0.02,24.30,0.67,11246791110388260,11246791110412560,1781444304694546580,1781444304694570880
1961865,1973184,Host(NUMA 7),Device ?,0.02,17.25,0.95,11246791110442370,11246791110459620,1781444304694705000,1781444304694722250
1961865,1973184,Host(NUMA 7),Device ?,0.02,18.91,0.87,11246791110486590,11246791110505500,1781444304694856960,1781444304694875870
1961865,1973184,Host(NUMA 7),Device ?,0.02,22.32,0.73,11246791110532710,11246791110555030,1781444304695019380,1781444304695041700
1961865,1973184,Host(NUMA 7),Device ?,0.02,17.94,0.91,11246791110584170,11246791110602110,1781444304695180100,1781444304695198040
1961865,1973184,Host(NUMA 7),Device ?,0.02,19.55,0.84,11246791110631230,11246791110650780,1781444304695330580,1781444304695350130
1961865,1973184,Host(NUMA 7),Device ?,0.02,19.08,0.86,11246791110680300,11246791110699380,1781444304695483060,1781444304695502140
1961865,1973184,Host(NUMA 7),Device ?,0.01,19.76,0.62,11246791110728010,11246791110747770,1781444304695636730,1781444304695656490
1961865,1973184,Host(NUMA 7),Device ?,0.02,18.70,0.88,11246791110776160,11246791110794860,1781444304695791570,1781444304695810270
1961865,1973184,Host(NUMA 7),Device ?,0.02,20.89,0.78,11246791110823380,11246791110844270,1781444304695941540,1781444304695962430
1961865,1973184,Host(NUMA 7),Device ?,0.02,18.74,0.87,11246791110873490,11246791110892230,1781444304696098970,1781444304696117710
1961865,1973184,Host(NUMA 7),Device ?,0.02,18.93,0.87,11246791110920880,11246791110939810,1781444304696251650,1781444304696270580
1961865,1973184,Host(NUMA 7),Device ?,0.02,20.60,0.80,11246791110970780,11246791110991380,1781444304696404770,1781444304696425370
1961865,1973184,Host(NUMA 7),Device ?,0.02,19.51,0.84,11246791111020930,11246791111040440,1781444304696571520,1781444304696591030
1961865,1973184,Host(NUMA 7),Device ?,0.02,19.85,0.83,11246791111070600,11246791111090450,1781444304696739780,1781444304696759630
1961865,1973184,Host(NUMA 7),Device ?,0.01,21.03,0.58,11246791111119590,11246791111140620,1781444304696890760,1781444304696911790
1961865,1973184,Host(NUMA 7),Device ?,0.02,23.91,0.69,11246791111170540,11246791111194450,1781444304697046760,1781444304697070670
1961865,1973184,Host(NUMA 7),Device ?,0.02,19.32,0.85,11246791111224530,11246791111243850,1781444304697208630,1781444304697227950
1961865,1973184,Host(NUMA 7),Device ?,0.02,19.69,0.83,11246791111279450,11246791111299140,1781444304697362380,1781444304697382070
1961865,1973184,Host(NUMA 7),Device ?,0.02,23.09,0.71,11246791111327780,11246791111350870,1781444304697515090,1781444304697538180
1961865,1973184,Host(NUMA 7),Device ?,0.02,18.96,0.86,11246791111382000,11246791111400960,1781444304697684060,1781444304697703020
1961865,1973184,Host(NUMA 7),Device ?,0.02,19.68,0.83,11246791111430200,11246791111449880,1781444304697865700,1781444304697885380
1961865,1973184,Host(NUMA 7),Device ?,0.02,19.89,0.82,11246791111477420,11246791111497310,1781444304698024340,1781444304698044230
1961865,1973184,Host(NUMA 7),Device ?,0.01,20.81,0.59,11246791111526250,11246791111547060,1781444304698182920,1781444304698203730
1961865,1973184,Host(NUMA 7),Device ?,0.02,24.62,0.67,11246791111575360,11246791111599980,1781444304698342250,1781444304698366870
1961865,1973184,Host(NUMA 7),Device ?,0.02,20.14,0.81,11246791111627590,11246791111647730,1781444304698506660,1781444304698526800
1961865,1973184,Host(NUMA 7),Device ?,0.02,17.52,0.94,11246791111676290,11246791111693810,1781444304698670850,1781444304698688370
1961865,1973184,Host(NUMA 7),Device ?,0.02,20.36,0.80,11246791111720820,11246791111741180,1781444304698827480,1781444304698847840
1961865,1973184,Host(NUMA 7),Device ?,0.02,19.59,0.84,11246791111769700,11246791111789290,1781444304699017330,1781444304699036920
1961865,1973184,Host(NUMA 7),Device ?,0.02,18.19,0.90,11246791111817760,11246791111835950,1781444304699186440,1781444304699204630
1961865,1973184,Host(NUMA 7),Device ?,0.02,19.24,0.85,11246791111865560,11246791111884800,1781444304699349700,1781444304699368940
1961865,1973184,Host(NUMA 7),Device ?,0.01,18.53,0.66,11246791111914470,11246791111933000,1781444304699509680,1781444304699528210
1961865,1973184,Host(NUMA 7),Device ?,0.02,23.89,0.69,11246791111962710,11246791111986600,1781444304699657220,1781444304699681110
1961865,1973184,Host(NUMA 7),Device ?,0.02,20.56,0.80,11246791112032910,11246791112053470,1781444304699826140,1781444304699846700
1961865,1973184,Host(NUMA 7),Device ?,0.02,20.76,0.79,11246791112085690,11246791112106450,1781444304699982810,1781444304700003570
1961865,1973184,Host(NUMA 7),Device ?,0.02,25.51,0.64,11246791112138020,11246791112163530,1781444304700131570,1781444304700157080
1961865,1973184,Host(NUMA 7),Device ?,0.02,21.24,0.77,11246791112195670,11246791112216910,1781444304700288800,1781444304700310040
1961865,1973184,Host(NUMA 7),Device ?,0.02,18.89,0.87,11246791112247600,11246791112266490,1781444304700445970,1781444304700464860
1961865,1973184,Host(NUMA 7),Device ?,0.02,20.32,0.81,11246791112297940,11246791112318260,1781444304700599140,1781444304700619460
1961865,1973184,Host(NUMA 7),Device ?,0.01,19.97,0.62,11246791112347640,11246791112367610,1781444304700753240,1781444304700773210
1961865,1973184,Host(NUMA 7),Device ?,0.02,26.52,0.62,11246791112397450,11246791112423970,1781444304700899660,1781444304700926180
1961865,1973184,Host(NUMA 7),Device ?,0.02,19.50,0.84,11246791112458700,11246791112478200,1781444304701058620,1781444304701078120
1961865,1973184,Host(NUMA 7),Device ?,0.02,19.80,0.83,11246791112519400,11246791112539200,1781444304701214360,1781444304701234160
1961865,1973184,Host(NUMA 7),Device ?,0.02,23.67,0.69,11246791112569550,11246791112593220,1781444304701365230,1781444304701388900
1961865,1973184,Host(NUMA 7),Device ?,0.02,19.86,0.82,11246791112621780,11246791112641640,1781444304701524740,1781444304701544600
1961865,1973184,Host(NUMA 7),Device ?,0.02,19.36,0.85,11246791112671980,11246791112691340,1781444304701677290,1781444304701696650
1961865,1973184,Host(NUMA 7),Device ?,0.02,19.64,0.83,11246791112721250,11246791112740890,1781444304701843140,1781444304701862780
1961865,1973184,Host(NUMA 7),Device ?,0.01,20.46,0.60,11246791112770900,11246791112791360,1781444304701996790,1781444304702017250
1961865,1973184,Host(NUMA 7),Device ?,0.02,20.73,0.79,11246791112820510,11246791112841240,1781444304702153860,1781444304702174590
1961865,1973184,Host(NUMA 7),Device ?,0.02,19.97,0.82,11246791112870230,11246791112890200,1781444304702306680,1781444304702326650
1961865,1973184,Host(NUMA 7),Device ?,0.02,18.84,0.87,11246791112919580,11246791112938420,1781444304702460600,1781444304702479440
1961865,1973184,Host(NUMA 7),Device ?,0.02,25.26,0.65,11246791112967330,11246791112992590,1781444304702606900,1781444304702632160
1961865,1973184,Host(NUMA 7),Device ?,0.02,18.50,0.89,11246791113024130,11246791113042630,1781444304702765920,1781444304702784420
1961865,1973184,Host(NUMA 7),Device ?,0.02,19.90,0.82,11246791113071290,11246791113091190,1781444304703021240,1781444304703041140
1961865,1973184,Host(NUMA 7),Device ?,0.02,18.96,0.86,11246791113121160,11246791113140120,1781444304703193130,1781444304703212090
1961865,1973184,Host(NUMA 7),Device ?,0.01,21.34,0.58,11246791113170290,11246791113191630,1781444304703364860,1781444304703386200
1961865,1973184,Host(NUMA 7),Device ?,0.02,19.79,0.83,11246791113219280,11246791113239070,1781444304703532860,1781444304703552650
1961865,1973184,Host(NUMA 7),Device ?,0.02,19.52,0.84,11246791113269870,11246791113289390,1781444304703689260,1781444304703708780
1961865,1973184,Host(NUMA 7),Device ?,0.02,19.38,0.85,11246791113319590,11246791113338970,1781444304703843360,1781444304703862740
1961865,1973184,Host(NUMA 7),Device ?,0.02,24.24,0.68,11246791113367020,11246791113391260,1781444304703994620,1781444304704018860
1961865,1973184,Host(NUMA 7),Device ?,0.02,20.27,0.81,11246791113418140,11246791113438410,1781444304704150730,1781444304704171000
1961865,1973184,Host(NUMA 7),Device ?,0.02,19.57,0.84,11246791113465670,11246791113485240,1781444304704304350,1781444304704323920
1961865,1973184,Host(NUMA 7),Device ?,0.02,20.10,0.82,11246791113512500,11246791113532600,1781444304704457660,1781444304704477760
1961865,1973184,Host(NUMA 7),Device ?,0.01,23.60,0.52,11246791113559900,11246791113583500,1781444304704604240,1781444304704627840
1961865,1973184,Host(NUMA 7),Device ?,0.02,19.81,0.83,11246791113611800,11246791113631610,1781444304704761940,1781444304704781750
1961865,1973184,Host(NUMA 7),Device ?,0.02,19.84,0.83,11246791113661210,11246791113681050,1781444304704915330,1781444304704935170
1961865,1973184,Host(NUMA 7),Device ?,0.02,18.86,0.87,11246791113710650,11246791113729510,1781444304705069110,1781444304705087970
1961865,1973184,Host(NUMA 7),Device ?,0.02,19.24,0.85,11246791113758210,11246791113777450,1781444304705221470,1781444304705240710
1961865,1973184,Host(NUMA 7),Device ?,0.02,18.32,0.89,11246791113806900,11246791113825220,1781444304705375760,1781444304705394080
1961865,1973184,Host(NUMA 7),Device ?,0.02,18.40,0.89,11246791113856210,11246791113874610,1781444304705528000,1781444304705546400
1961865,1973184,Host(NUMA 7),Device ?,0.02,18.43,0.89,11246791113906230,11246791113924660,1781444304705681240,1781444304705699670
1961865,1973184,Host(NUMA 7),Device ?,0.01,21.06,0.58,11246791113953360,11246791113974420,1781444304705831430,1781444304705852490
1961865,1973184,Host(NUMA 7),Device ?,0.02,24.04,0.68,11246791114003390,11246791114027430,1781444304705983960,1781444304706008000
1961865,1973184,Host(NUMA 7),Device ?,0.02,20.01,0.82,11246791114056940,11246791114076950,1781444304706143380,1781444304706163390
1961865,1973184,Host(NUMA 7),Device ?,0.02,18.55,0.88,11246791114106300,11246791114124850,1781444304706318980,1781444304706337530
1961865,1973184,Host(NUMA 7),Device ?,0.02,24.06,0.68,11246791114154430,11246791114178490,1781444304706466190,1781444304706490250
1961865,1973184,Host(NUMA 7),Device ?,0.02,19.54,0.84,11246791114208310,11246791114227850,1781444304706628290,1781444304706647830
1961865,1973184,Host(NUMA 7),Device ?,0.02,20.10,0.82,11246791114256090,11246791114276190,1781444304706799520,1781444304706819620
1961865,1973184,Host(NUMA 7),Device ?,0.02,20.35,0.81,11246791114306260,11246791114326610,1781444304706965660,1781444304706986010
1961865,1973184,Host(NUMA 7),Device ?,0.01,20.29,0.61,11246791114354110,11246791114374400,1781444304707127500,1781444304707147790
1961865,1973184,Host(NUMA 7),Device ?,0.02,19.79,0.83,11246791114401440,11246791114421230,1781444304707284560,1781444304707304350
1961865,1973184,Host(NUMA 7),Device ?,0.02,19.33,0.85,11246791114448920,11246791114468250,1781444304707439090,1781444304707458420
1961865,1973184,Host(NUMA 7),Device ?,0.02,17.20,0.95,11246791114495230,11246791114512430,1781444304707594560,1781444304707611760
1961865,1973184,Host(NUMA 7),Device ?,0.02,25.60,0.64,11246791114539260,11246791114564860,1781444304707740770,1781444304707766370
1961865,1973184,Host(NUMA 7),Device ?,0.02,18.23,0.90,11246791114593390,11246791114611620,1781444304707901510,1781444304707919740
1961865,1973184,Host(NUMA 7),Device ?,0.02,19.08,0.86,11246791114638880,11246791114657960,1781444304708054930,1781444304708074010
1961865,1973184,Host(NUMA 7),Device ?,0.02,19.26,0.85,11246791114686550,11246791114705810,1781444304708211720,1781444304708230980
1961865,1973184,Host(NUMA 7),Device ?,0.01,18.92,0.65,11246791114734620,11246791114753540,1781444304708364910,1781444304708383830
1961865,1973184,Host(NUMA 7),Device ?,0.02,24.37,0.67,11246791114781350,11246791114805720,1781444304708514540,1781444304708538910
1961865,1973184,Host(NUMA 7),Device ?,0.02,20.30,0.81,11246791114835360,11246791114855660,1781444304708670210,1781444304708690510
1961865,1973184,Host(NUMA 7),Device ?,0.02,18.80,0.87,11246791114890390,11246791114909190,1781444304708825450,1781444304708844250
1961865,1973184,Host(NUMA 7),Device ?,0.02,24.82,0.66,11246791114937790,11246791114962610,1781444304708984790,1781444304709009610
1961865,1973184,Host(NUMA 7),Device ?,0.02,19.59,0.84,11246791114994070,11246791115013660,1781444304709145640,1781444304709165230
1961865,1973184,Host(NUMA 7),Device ?,0.02,20.45,0.80,11246791115044300,11246791115064750,1781444304709296700,1781444304709317150
1961865,1973184,Host(NUMA 7),Device ?,0.02,19.00,0.86,11246791115093290,11246791115112290,1781444304709469440,1781444304709488440
1961865,1973184,Host(NUMA 7),Device ?,0.01,19.13,0.64,11246791115139190,11246791115158320,1781444304709624480,1781444304709643610
1961865,1973184,Host(NUMA 7),Device ?,0.02,25.57,0.64,11246791115187890,11246791115213460,1781444304709771610,1781444304709797180
1961865,1973184,Host(NUMA 7),Device ?,0.02,19.93,0.82,11246791115242300,11246791115262230,1781444304709931250,1781444304709951180
1961865,1973184,Host(NUMA 7),Device ?,0.02,19.13,0.86,11246791115294710,11246791115313840,1781444304710085150,1781444304710104280
1961865,1973184,Host(NUMA 7),Device ?,0.02,19.32,0.85,11246791115343080,11246791115362400,1781444304710236360,1781444304710255680
1961865,1973184,Host(NUMA 7),Device ?,0.02,19.90,0.82,11246791115391310,11246791115411210,1781444304710392250,1781444304710412150
1961865,1973184,Host(NUMA 7),Device ?,0.02,20.83,0.79,11246791115441870,11246791115462700,1781444304710548400,1781444304710569230
1961865,1973184,Host(NUMA 7),Device ?,0.02,19.20,0.85,11246791115492020,11246791115511220,1781444304710703080,1781444304710722280
1961865,1973184,Host(NUMA 7),Device ?,0.01,20.71,0.59,11246791115538780,11246791115559490,1781444304710853730,1781444304710874440
1961865,1973184,Host(NUMA 7),Device ?,0.02,18.98,0.86,11246791115588870,11246791115607850,1781444304711036420,1781444304711055400
1961865,1973184,Host(NUMA 7),Device ?,0.02,18.58,0.88,11246791115638240,11246791115656820,1781444304711198490,1781444304711217070
1961865,1973184,Host(NUMA 7),Device ?,0.02,18.18,0.90,11246791115684750,11246791115702930,1781444304711353700,1781444304711371880
1961865,1973184,Host(NUMA 7),Device ?,0.02,23.73,0.69,11246791115729440,11246791115753170,1781444304711503450,1781444304711527180
1961865,1973184,Host(NUMA 7),Device ?,0.02,20.97,0.78,11246791115782270,11246791115803240,1781444304711660630,1781444304711681600
1961865,1973184,Host(NUMA 7),Device ?,0.02,19.17,0.85,11246791115832770,11246791115851940,1781444304711833040,1781444304711852210
1961865,1973184,Host(NUMA 7),Device ?,0.02,19.04,0.86,11246791115880880,11246791115899920,1781444304711991860,1781444304712010900
1961865,1973184,Host(NUMA 7),Device ?,0.01,20.59,0.60,11246791115928540,11246791115949130,1781444304712144390,1781444304712164980
1961865,1973184,Host(NUMA 7),Device ?,0.02,25.59,0.64,11246791115982560,11246791116008150,1781444304712293890,1781444304712319480
1961865,1973184,Host(NUMA 7),Device ?,0.02,20.48,0.80,11246791116037380,11246791116057860,1781444304712454480,1781444304712474960
1961865,1973184,Host(NUMA 7),Device ?,0.02,19.57,0.84,11246791116086930,11246791116106500,1781444304712621320,1781444304712640890
1961865,1973184,Host(NUMA 7),Device ?,0.02,25.26,0.65,11246791116135120,11246791116160380,1781444304712770200,1781444304712795460
1961865,1973184,Host(NUMA 7),Device ?,0.02,18.94,0.87,11246791116189280,11246791116208220,1781444304712929010,1781444304712947950
1961865,1973184,Host(NUMA 7),Device ?,0.02,20.06,0.82,11246791116235780,11246791116255840,1781444304713090040,1781444304713110100
1961865,1973184,Host(NUMA 7),Device ?,0.02,24.36,0.67,11246791116282940,11246791116307300,1781444304713240250,1781444304713264610
1961865,1973184,Host(NUMA 7),Device ?,0.01,19.14,0.64,11246791116334970,11246791116354110,1781444304713396390,1781444304713415530
1961865,1973184,Host(NUMA 7),Device ?,0.02,24.26,0.68,11246791116381610,11246791116405870,1781444304713542410,1781444304713566670
1961865,1973184,Host(NUMA 7),Device ?,0.02,20.89,0.78,11246791116434030,11246791116454920,1781444304713697580,1781444304713718470
1961865,1973184,Host(NUMA 7),Device ?,0.02,19.30,0.85,11246791116484410,11246791116503710,1781444304713850570,1781444304713869870
1961865,1973184,Host(NUMA 7),Device ?,0.02,25.13,0.65,11246791116532130,11246791116557260,1781444304713996770,1781444304714021900
1961865,1973184,Host(NUMA 7),Device ?,0.02,19.53,0.84,11246791116588090,11246791116607620,1781444304714154450,1781444304714173980
1961865,1973184,Host(NUMA 7),Device ?,0.02,20.21,0.81,11246791116636390,11246791116656600,1781444304714305930,1781444304714326140
1961865,1973184,Host(NUMA 7),Device ?,0.02,19.98,0.82,11246791116685220,11246791116705200,1781444304714460280,1781444304714480260
1961865,1973184,Host(NUMA 7),Device ?,0.01,20.60,0.60,11246791116732470,11246791116753070,1781444304714630880,1781444304714651480
1961865,1973184,Host(NUMA 7),Device ?,0.02,19.47,0.84,11246791116781160,11246791116800630,1781444304714788390,1781444304714807860
1961865,1973184,Host(NUMA 7),Device ?,0.02,19.24,0.85,11246791116829830,11246791116849070,1781444304714956380,1781444304714975620
1961865,1973184,Host(NUMA 7),Device ?,0.02,18.58,0.88,11246791116877880,11246791116896460,1781444304715116980,1781444304715135560
1961865,1973184,Host(NUMA 7),Device ?,0.02,19.05,0.86,11246791116925040,11246791116944090,1781444304715270420,1781444304715289470
1961865,1973184,Host(NUMA 7),Device ?,0.02,18.04,0.91,11246791116972630,11246791116990670,1781444304715427600,1781444304715445640
1961865,1973184,Host(NUMA 7),Device ?,0.02,19.13,0.86,11246791117017150,11246791117036280,1781444304715580240,1781444304715599370
1961865,1973184,Host(NUMA 7),Device ?,0.02,18.92,0.87,11246791117065460,11246791117084380,1781444304715751120,1781444304715770040
1961865,1973184,Host(NUMA 7),Device ?,0.01,19.94,0.62,11246791117113070,11246791117133010,1781444304715904640,1781444304715924580
1961865,1973184,Host(NUMA 7),Device ?,0.02,23.83,0.69,11246791117162220,11246791117186050,1781444304716053190,1781444304716077020
1961865,1973184,Host(NUMA 7),Device ?,0.02,19.83,0.83,11246791117218150,11246791117237980,1781444304716209140,1781444304716228970
1961865,1973184,Host(NUMA 7),Device ?,0.02,19.69,0.83,11246791117268020,11246791117287710,1781444304716363220,1781444304716382910
1961865,1973184,Host(NUMA 7),Device ?,0.02,17.94,0.91,11246791117315410,11246791117333350,1781444304716516690,1781444304716534630
1961865,1973184,Host(NUMA 7),Device ?,0.02,20.32,0.81,11246791117361770,11246791117382090,1781444304716679460,1781444304716699780
1961865,1973184,Host(NUMA 7),Device ?,0.02,19.85,0.83,11246791117411440,11246791117431290,1781444304716835700,1781444304716855550
1961865,1973184,Host(NUMA 7),Device ?,0.02,18.76,0.87,11246791117461770,11246791117480530,1781444304716991280,1781444304717010040
1961865,1973184,Host(NUMA 7),Device ?,0.01,19.90,0.62,11246791117509440,11246791117529340,1781444304717142460,1781444304717162360
1961865,1973184,Host(NUMA 7),Device ?,0.02,18.45,0.89,11246791117559380,11246791117577830,1781444304717297430,1781444304717315880
1961865,1973184,Host(NUMA 7),Device ?,0.02,19.86,0.82,11246791117612870,11246791117632730,1781444304717449210,1781444304717469070
1961865,1973184,Host(NUMA 7),Device ?,0.02,19.30,0.85,11246791117665560,11246791117684860,1781444304717603960,1781444304717623260
1961865,1973184,Host(NUMA 7),Device ?,0.02,24.32,0.67,11246791117716000,11246791117740320,1781444304717754170,1781444304717778490
1961865,1973184,Host(NUMA 7),Device ?,0.02,18.26,0.90,11246791117771230,11246791117789490,1781444304717914080,1781444304717932340
1961865,1973184,Host(NUMA 7),Device ?,0.02,19.46,0.84,11246791117817750,11246791117837210,1781444304718063700,1781444304718083160
1961865,1973184,Host(NUMA 7),Device ?,0.02,19.40,0.84,11246791117865770,11246791117885170,1781444304718218850,1781444304718238250
1962085,1975046,Host(NUMA 1),Device ?,509.88,28199.26,18.96,11246790817032710,11246790845231970,1781444304690404490,1781444304718603750
1962085,1975046,Host(NUMA 1),Device ?,12.00,1789.83,7.03,11246790845446830,11246790847236660,1781444304716957820,1781444304718747650
1962085,1975046,Host(NUMA 1),Device ?,4.00,327.86,12.79,11246790847302390,11246790847630250,1781444304718584670,1781444304718912530
1962085,1975046,Host(NUMA 1),Device ?,16.00,877.50,19.12,11246790847677100,11246790848554600,1781444304718224820,1781444304719102320
1962085,1975046,Host(NUMA 1),Device ?,16.00,974.16,17.22,11246790848603760,11246790849577920,1781444304718290420,1781444304719264580
1962085,1975046,Host(NUMA 1),Device ?,12.00,650.34,19.35,11246790849638150,11246790850288490,1781444304718771950,1781444304719422290
1962085,1975046,Host(NUMA 1),Device ?,4.00,270.23,15.52,11246790850332650,11246790850602880,1781444304719309470,1781444304719579700
1962085,1975046,Host(NUMA 1),Device ?,16.00,975.22,17.20,11246790850646040,11246790851621260,1781444304718761980,1781444304719737200
1962085,1975046,Host(NUMA 1),Device ?,16.00,841.28,19.94,11246790851666150,11246790852507430,1781444304719055500,1781444304719896780
1962085,1975046,Host(NUMA 1),Device ?,12.00,631.25,19.93,11246790852560090,11246790853191340,1781444304719427160,1781444304720058410
1962085,1975046,Host(NUMA 1),Device ?,4.00,287.71,14.58,11246790853236600,11246790853524310,1781444304719929890,1781444304720217600
1962085,1975046,Host(NUMA 1),Device ?,16.00,1048.05,16.01,11246790853567600,11246790854615650,1781444304719329600,1781444304720377650
1962085,1975046,Host(NUMA 1),Device ?,16.00,847.03,19.81,11246790854665080,11246790855512110,1781444304719702630,1781444304720549660
1962085,1975046,Host(NUMA 1),Device ?,12.00,698.75,18.01,11246790855558910,11246790856257660,1781444304720011840,1781444304720710590
1962085,1975046,Host(NUMA 1),Device ?,4.00,273.48,15.34,11246790856304850,11246790856578330,1781444304720594790,1781444304720868270
1962085,1975046,Host(NUMA 1),Device ?,16.00,843.63,19.89,11246790856617880,11246790857461510,1781444304720182220,1781444304721025850
1962085,1975046,Host(NUMA 1),Device ?,16.00,1052.80,15.94,11246790857507420,11246790858560220,1781444304720132010,1781444304721184810
1962085,1975046,Host(NUMA 1),Device ?,12.00,625.36,20.12,11246790858605810,11246790859231170,1781444304720718450,1781444304721343810
1962085,1975046,Host(NUMA 1),Device ?,4.00,327.86,12.79,11246790859269300,11246790859597160,1781444304721176570,1781444304721504430
1962085,1975046,Host(NUMA 1),Device ?,16.00,989.97,16.95,11246790859632760,11246790860622730,1781444304720674540,1781444304721664510
1962085,1975046,Host(NUMA 1),Device ?,16.00,984.11,17.05,11246790860665910,11246790861650020,1781444304720852740,1781444304721836850
1962085,1975046,Host(NUMA 1),Device ?,12.00,719.55,17.49,11246790861702120,11246790862421670,1781444304721276180,1781444304721995730
1962085,1975046,Host(NUMA 1),Device ?,4.00,324.24,12.94,11246790862462430,11246790862786670,1781444304721828470,1781444304722152710
1962085,1975046,Host(NUMA 1),Device ?,16.00,965.90,17.37,11246790862828840,11246790863794740,1781444304721344310,1781444304722310210
1962085,1975046,Host(NUMA 1),Device ?,16.00,859.62,19.52,11246790863842080,11246790864701700,1781444304721618990,1781444304722478610
1962085,1975046,Host(NUMA 1),Device ?,12.00,628.93,20.01,11246790864750100,11246790865379030,1781444304722008220,1781444304722637150
1962085,1975046,Host(NUMA 1),Device ?,4.00,291.10,14.41,11246790865421440,11246790865712540,1781444304722518380,1781444304722809480
1962085,1975046,Host(NUMA 1),Device ?,16.00,900.13,18.64,11246790865747920,11246790866648050,1781444304722075310,1781444304722975440
1962085,1975046,Host(NUMA 1),Device ?,16.00,883.08,19.00,11246790866689930,11246790867573010,1781444304722256900,1781444304723139980
1962085,1975046,Host(NUMA 1),Device ?,12.00,671.16,18.75,11246790867628400,11246790868299560,1781444304722625680,1781444304723296840
1962085,1975046,Host(NUMA 1),Device ?,4.00,549.87,7.63,11246790868343030,11246790868892900,1781444304722903820,1781444304723453690
1962085,1975046,Host(NUMA 1),Device ?,16.00,1335.28,12.56,11246790868941350,11246790870276630,1781444304722278150,1781444304723613430
1962085,1975046,Host(NUMA 1),Device ?,16.00,1000.71,16.77,11246790870328250,11246790871328960,1781444304722775750,1781444304723776460
1962085,1975046,Host(NUMA 1),Device ?,12.00,665.98,18.89,11246790871378440,11246790872044420,1781444304723270310,1781444304723936290
1962085,1975046,Host(NUMA 1),Device ?,4.00,329.08,12.75,11246790872090010,11246790872419090,1781444304723766420,1781444304724095500
1962085,1975046,Host(NUMA 1),Device ?,16.00,1008.26,16.64,11246790872460860,11246790873469120,1781444304723246880,1781444304724255140
1962085,1975046,Host(NUMA 1),Device ?,16.00,1169.46,14.35,11246790873514410,11246790874683870,1781444304723243000,1781444304724412460
1962085,1975046,Host(NUMA 1),Device ?,12.00,624.39,20.15,11246790874731850,11246790875356240,1781444304723943340,1781444304724567730
1962085,1975046,Host(NUMA 1),Device ?,4.00,364.46,11.51,11246790875395120,11246790875759580,1781444304724356310,1781444304724720770
1962085,1975046,Host(NUMA 1),Device ?,16.00,1157.45,14.49,11246790875797270,11246790876954720,1781444304723720600,1781444304724878050
1962085,1975046,Host(NUMA 1),Device ?,16.00,1237.46,13.56,11246790877002370,11246790878239830,1781444304723796310,1781444304725033770
1962085,1975046,Host(NUMA 1),Device ?,12.00,646.36,19.47,11246790878287440,11246790878933800,1781444304724543820,1781444304725190180
1962085,1975046,Host(NUMA 1),Device ?,4.00,328.08,12.78,11246790878974690,11246790879302770,1781444304725024290,1781444304725352370
1962085,1975046,Host(NUMA 1),Device ?,16.00,988.03,16.98,11246790879338490,11246790880326520,1781444304724525720,1781444304725513750
1962085,1975046,Host(NUMA 1),Device ?,16.00,1063.88,15.77,11246790880371270,11246790881435150,1781444304724623840,1781444304725687720
1962085,1975046,Host(NUMA 1),Device ?,12.00,732.38,17.18,11246790881481990,11246790882214370,1781444304725114000,1781444304725846380
1962085,1975046,Host(NUMA 1),Device ?,4.00,291.45,14.39,11246790882256020,11246790882547470,1781444304725714710,1781444304726006160
1962085,1975046,Host(NUMA 1),Device ?,16.00,1078.07,15.56,11246790882586740,11246790883664810,1781444304725098110,1781444304726176180
1962085,1975046,Host(NUMA 1),Device ?,16.00,909.12,18.45,11246790883715620,11246790884624740,1781444304725425380,1781444304726334500
1962085,1975046,Host(NUMA 1),Device ?,12.00,651.89,19.30,11246790884673090,11246790885324980,1781444304725840570,1781444304726492460
1962085,1975046,Host(NUMA 1),Device ?,4.00,396.51,10.58,11246790885365650,11246790885762160,1781444304726253260,1781444304726649770
1962085,1975046,Host(NUMA 1),Device ?,16.00,1170.77,14.33,11246790885809440,11246790886980210,1781444304725648350,1781444304726819120
1962085,1975046,Host(NUMA 1),Device ?,16.00,844.98,19.86,11246790887031310,11246790887876290,1781444304726155120,1781444304727000100
1962085,1975046,Host(NUMA 1),Device ?,12.00,631.57,19.92,11246790887926400,11246790888557970,1781444304726531040,1781444304727162610
1962085,1975046,Host(NUMA 1),Device ?,4.00,384.68,10.90,11246790888599150,11246790888983830,1781444304726933390,1781444304727318070
1962085,1975046,Host(NUMA 1),Device ?,16.00,841.27,19.94,11246790889023580,11246790889864850,1781444304726632490,1781444304727473760
1962085,1975046,Host(NUMA 1),Device ?,16.00,1186.31,14.14,11246790889914470,11246790891100780,1781444304726443270,1781444304727629580
1962085,1975046,Host(NUMA 1),Device ?,12.00,632.69,19.89,11246790891148090,11246790891780780,1781444304727152320,1781444304727785010
1962085,1975046,Host(NUMA 1),Device ?,4.00,293.98,14.27,11246790891822310,11246790892116290,1781444304727646220,1781444304727940200
1962085,1975046,Host(NUMA 1),Device ?,16.00,851.35,19.71,11246790892156330,11246790893007680,1781444304727249200,1781444304728100550
1962085,1975046,Host(NUMA 1),Device ?,16.00,1181.66,14.20,11246790893050530,11246790894232190,1781444304727080310,1781444304728261970
1962085,1975046,Host(NUMA 1),Device ?,12.00,622.39,20.22,11246790894278200,11246790894900590,1781444304727795800,1781444304728418190
1962085,1975046,Host(NUMA 1),Device ?,4.00,365.53,11.47,11246790894940180,11246790895305710,1781444304728206590,1781444304728572120
1962085,1975046,Host(NUMA 1),Device ?,16.00,1001.85,16.75,11246790895346360,11246790896348210,1781444304727727080,1781444304728728930
1962085,1975046,Host(NUMA 1),Device ?,16.00,981.01,17.10,11246790896394040,11246790897375050,1781444304727916010,1781444304728897020
1962085,1975046,Host(NUMA 1),Device ?,12.00,697.41,18.04,11246790897421470,11246790898118880,1781444304728358710,1781444304729056120
1962085,1975046,Host(NUMA 1),Device ?,4.00,347.98,12.05,11246790898157820,11246790898505800,1781444304728862950,1781444304729210930
1962085,1975046,Host(NUMA 1),Device ?,16.00,895.12,18.74,11246790898548540,11246790899443660,1781444304728470260,1781444304729365380
1962085,1975046,Host(NUMA 1),Device ?,16.00,908.21,18.47,11246790899489020,11246790900397230,1781444304728614040,1781444304729522250
1962085,1975046,Host(NUMA 1),Device ?,12.00,652.67,19.28,11246790900442220,11246790901094890,1781444304729024730,1781444304729677400
1962085,1975046,Host(NUMA 1),Device ?,4.00,358.79,11.69,11246790901132900,11246790901491690,1781444304729474770,1781444304729833560
1962085,1975046,Host(NUMA 1),Device ?,16.00,896.98,18.70,11246790901528840,11246790902425820,1781444304729093140,1781444304729990120
1962085,1975046,Host(NUMA 1),Device ?,16.00,1178.04,14.24,11246790902471240,11246790903649280,1781444304728966940,1781444304730144980
1962085,1975046,Host(NUMA 1),Device ?,12.00,635.20,19.81,11246790903696630,11246790904331830,1781444304729664080,1781444304730299280
1962085,1975046,Host(NUMA 1),Device ?,4.00,366.33,11.45,11246790904374590,11246790904740920,1781444304730086330,1781444304730452660
1962085,1975046,Host(NUMA 1),Device ?,16.00,992.96,16.90,11246790904782050,11246790905775010,1781444304729612860,1781444304730605820
1962085,1975046,Host(NUMA 1),Device ?,16.00,840.59,19.96,11246790905822190,11246790906662780,1781444304729921250,1781444304730761840
1962085,1975046,Host(NUMA 1),Device ?,12.00,634.90,19.82,11246790906708820,11246790907343720,1781444304730297470,1781444304730932370
1962085,1975046,Host(NUMA 1),Device ?,4.00,291.68,14.38,11246790907382200,11246790907673880,1781444304730802260,1781444304731093940
1962085,1975046,Host(NUMA 1),Device ?,16.00,1169.01,14.35,11246790907712590,11246790908881600,1781444304730079650,1781444304731248660
1962085,1975046,Host(NUMA 1),Device ?,16.00,1038.04,16.16,11246790908928680,11246790909966720,1781444304730364440,1781444304731402480
1962085,1975046,Host(NUMA 1),Device ?,12.00,630.61,19.95,11246790910011040,11246790910641650,1781444304730934300,1781444304731564910
1962085,1975046,Host(NUMA 1),Device ?,4.00,369.99,11.34,11246790910683020,11246790911053010,1781444304731362070,1781444304731732060
1962085,1975046,Host(NUMA 1),Device ?,16.00,1097.97,15.28,11246790911091630,11246790912189600,1781444304730789320,1781444304731887290
1962085,1975046,Host(NUMA 1),Device ?,16.00,1000.82,16.76,11246790912234830,11246790913235650,1781444304731052830,1781444304732053650
1962085,1975046,Host(NUMA 1),Device ?,12.00,734.97,17.12,11246790913281670,11246790914016640,1781444304731475890,1781444304732210860
1962085,1975046,Host(NUMA 1),Device ?,4.00,373.02,11.24,11246790914057790,11246790914430810,1781444304731993050,1781444304732366070
1962085,1975046,Host(NUMA 1),Device ?,16.00,1032.41,16.25,11246790914470300,11246790915502710,1781444304731488480,1781444304732520890
1962085,1975046,Host(NUMA 1),Device ?,16.00,897.23,18.70,11246790915552700,11246790916449930,1781444304731796840,1781444304732694070
1962085,1975046,Host(NUMA 1),Device ?,12.00,728.82,17.26,11246790916499750,11246790917228570,1781444304732119150,1781444304732847970
1962085,1975046,Host(NUMA 1),Device ?,4.00,307.16,13.66,11246790917271070,11246790917578230,1781444304732697560,1781444304733004720
1962085,1975046,Host(NUMA 1),Device ?,16.00,1088.38,15.41,11246790917614300,11246790918702680,1781444304732070410,1781444304733158790
1962085,1975046,Host(NUMA 1),Device ?,16.00,1113.20,15.07,11246790918748730,11246790919861930,1781444304732198070,1781444304733311270
1962085,1975046,Host(NUMA 1),Device ?,12.00,661.65,19.02,11246790919908020,11246790920569670,1781444304732802940,1781444304733464590
1962085,1975046,Host(NUMA 1),Device ?,4.00,299.26,14.02,11246790920612430,11246790920911690,1781444304733317520,1781444304733616780
1962085,1975046,Host(NUMA 1),Device ?,16.00,846.92,19.81,11246790920951840,11246790921798760,1781444304732923220,1781444304733770140
1962085,1975046,Host(NUMA 1),Device ?,16.00,835.91,20.07,11246790921845710,11246790922681620,1781444304733089500,1781444304733925410
1962085,1975046,Host(NUMA 1),Device ?,12.00,628.42,20.02,11246790922730610,11246790923359030,1781444304733450620,1781444304734079040
1962085,1975046,Host(NUMA 1),Device ?,4.00,364.07,11.52,11246790923400860,11246790923764930,1781444304733869510,1781444304734233580
1962085,1975046,Host(NUMA 1),Device ?,16.00,846.28,19.82,11246790923805450,11246790924651730,1781444304733542170,1781444304734388450
1962085,1975046,Host(NUMA 1),Device ?,16.00,834.59,20.10,11246790924698530,11246790925533120,1781444304733711630,1781444304734546220
1962085,1975046,Host(NUMA 1),Device ?,12.00,627.72,20.05,11246790925580910,11246790926208630,1781444304734071440,1781444304734699160
1962085,1975046,Host(NUMA 1),Device ?,4.00,361.85,11.59,11246790926247810,11246790926609660,1781444304734493260,1781444304734855110
1962085,1975046,Host(NUMA 1),Device ?,16.00,1145.29,14.65,11246790926648790,11246790927794080,1781444304733905000,1781444304735050290
1962085,1975046,Host(NUMA 1),Device ?,16.00,1044.46,16.06,11246790927841080,11246790928885540,1781444304734179050,1781444304735223510
1962085,1975046,Host(NUMA 1),Device ?,12.00,635.44,19.80,11246790928934780,11246790929570220,1781444304734745520,1781444304735380960
1962085,1975046,Host(NUMA 1),Device ?,4.00,326.02,12.87,11246790929610980,11246790929937000,1781444304735211830,1781444304735537850
1962085,1975046,Host(NUMA 1),Device ?,16.00,989.18,16.96,11246790929976990,11246790930966170,1781444304734704770,1781444304735693950
1962085,1975046,Host(NUMA 1),Device ?,16.00,1058.31,15.85,11246790931011260,11246790932069570,1781444304734791330,1781444304735849640
1962085,1975046,Host(NUMA 1),Device ?,12.00,716.35,17.57,11246790932119990,11246790932836340,1781444304735290010,1781444304736006360
1962085,1975046,Host(NUMA 1),Device ?,4.00,294.08,14.26,11246790932876660,11246790933170740,1781444304735868720,1781444304736162800
1962085,1975046,Host(NUMA 1),Device ?,16.00,1117.86,15.01,11246790933223440,11246790934341300,1781444304735200570,1781444304736318430
1962085,1975046,Host(NUMA 1),Device ?,16.00,908.23,18.47,11246790934392270,11246790935300500,1781444304735565390,1781444304736473620
1962085,1975046,Host(NUMA 1),Device ?,127.47,7149.62,18.69,11246790935348700,11246790942498320,1781444304729499060,1781444304736648680
1962085,1975046,Host(NUMA 1),Device ?,0.02,39.08,0.42,11246790942599450,11246790942638530,1781444304736766500,1781444304736805580
1962085,1975046,Host(NUMA 1),Device ?,0.02,26.26,0.62,11246790942679210,11246790942705470,1781444304736933730,1781444304736959990
1962085,1975046,Host(NUMA 1),Device ?,0.01,18.89,0.33,11246790942740430,11246790942759320,1781444304737112580,1781444304737131470
1962085,1975046,Host(NUMA 1),Device ?,0.01,21.68,0.38,11246790942790770,11246790942812450,1781444304737271830,1781444304737293510
1962085,1975046,Host(NUMA 1),Device ?,0.02,21.30,0.77,11246790942844290,11246790942865590,1781444304737428740,1781444304737450040
1962085,1975046,Host(NUMA 1),Device ?,0.02,21.09,0.78,11246790942896160,11246790942917250,1781444304737585690,1781444304737606780
1962085,1975046,Host(NUMA 1),Device ?,0.01,20.06,0.41,11246790942946900,11246790942966960,1781444304737742430,1781444304737762490
1962085,1975046,Host(NUMA 1),Device ?,0.01,20.18,0.41,11246790942996040,11246790943016220,1781444304737897150,1781444304737917330
1962085,1975046,Host(NUMA 1),Device ?,0.02,18.51,0.89,11246790943044330,11246790943062840,1781444304738053000,1781444304738071510
1962085,1975046,Host(NUMA 1),Device ?,0.02,18.05,0.91,11246790943092770,11246790943110820,1781444304738210910,1781444304738228960
1962085,1975046,Host(NUMA 1),Device ?,0.01,18.76,0.33,11246790943139620,11246790943158380,1781444304738376340,1781444304738395100
1962085,1975046,Host(NUMA 1),Device ?,0.01,18.77,0.44,11246790943188220,11246790943206990,1781444304738531790,1781444304738550560
1962085,1975046,Host(NUMA 1),Device ?,0.02,18.39,0.89,11246790943236320,11246790943254710,1781444304738685640,1781444304738704030
1962085,1975046,Host(NUMA 1),Device ?,0.02,19.26,0.85,11246790943284850,11246790943304110,1781444304738838650,1781444304738857910
1962085,1975046,Host(NUMA 1),Device ?,0.01,20.09,0.41,11246790943333520,11246790943353610,1781444304739022400,1781444304739042490
1962085,1975046,Host(NUMA 1),Device ?,0.01,19.38,0.42,11246790943386630,11246790943406010,1781444304739184730,1781444304739204110
1962085,1975046,Host(NUMA 1),Device ?,0.02,18.60,0.88,11246790943434170,11246790943452770,1781444304739347240,1781444304739365840
1962085,1975046,Host(NUMA 1),Device ?,0.02,18.55,0.88,11246790943485430,11246790943503980,1781444304739502970,1781444304739521520
1962085,1975046,Host(NUMA 1),Device ?,0.01,21.08,0.29,11246790943532970,11246790943554050,1781444304739655690,1781444304739676770
1962085,1975046,Host(NUMA 1),Device ?,0.01,20.16,0.41,11246790943584550,11246790943604710,1781444304739812950,1781444304739833110
1962085,1975046,Host(NUMA 1),Device ?,0.02,21.41,0.77,11246790943634700,11246790943656110,1781444304739971310,1781444304739992720
1962085,1975046,Host(NUMA 1),Device ?,0.02,18.74,0.87,11246790943688660,11246790943707400,1781444304740133490,1781444304740152230
1962085,1975046,Host(NUMA 1),Device ?,0.01,19.48,0.42,11246790943736290,11246790943755770,1781444304740296230,1781444304740315710
1962085,1975046,Host(NUMA 1),Device ?,0.01,18.01,0.45,11246790943784190,11246790943802200,1781444304740463020,1781444304740481030
1962085,1975046,Host(NUMA 1),Device ?,0.02,18.94,0.87,11246790943830310,11246790943849250,1781444304740621790,1781444304740640730
1962085,1975046,Host(NUMA 1),Device ?,0.02,19.09,0.86,11246790943876840,11246790943895930,1781444304740784630,1781444304740803720
1962085,1975046,Host(NUMA 1),Device ?,0.01,18.84,0.33,11246790943922450,11246790943941290,1781444304740945810,1781444304740964650
1962085,1975046,Host(NUMA 1),Device ?,0.01,18.70,0.44,11246790943970390,11246790943989090,1781444304741104980,1781444304741123680
1962085,1975046,Host(NUMA 1),Device ?,0.02,18.89,0.87,11246790944031500,11246790944050390,1781444304741262500,1781444304741281390
1962085,1975046,Host(NUMA 1),Device ?,0.02,19.73,0.83,11246790944081060,11246790944100790,1781444304741424390,1781444304741444120
1962085,1975046,Host(NUMA 1),Device ?,0.01,20.91,0.39,11246790944135050,11246790944155960,1781444304741604960,1781444304741625870
1962085,1975046,Host(NUMA 1),Device ?,0.01,21.15,0.39,11246790944186990,11246790944208140,1781444304741767790,1781444304741788940
1962085,1975046,Host(NUMA 1),Device ?,0.02,20.62,0.79,11246790944241530,11246790944262150,1781444304741931780,1781444304741952400
1962085,1975046,Host(NUMA 1),Device ?,0.02,20.53,0.80,11246790944292800,11246790944313330,1781444304742092360,1781444304742112890
1962085,1975046,Host(NUMA 1),Device ?,0.01,18.72,0.33,11246790944341760,11246790944360480,1781444304742253380,1781444304742272100
1962085,1975046,Host(NUMA 1),Device ?,0.01,21.82,0.38,11246790944391180,11246790944413000,1781444304742425050,1781444304742446870
1962085,1975046,Host(NUMA 1),Device ?,0.02,21.05,0.78,11246790944445490,11246790944466540,1781444304742585460,1781444304742606510
1962085,1975046,Host(NUMA 1),Device ?,0.02,19.72,0.83,11246790944497860,11246790944517580,1781444304742742920,1781444304742762640
1962085,1975046,Host(NUMA 1),Device ?,0.01,26.31,0.31,11246790944548240,11246790944574550,1781444304742919870,1781444304742946180
1962085,1975046,Host(NUMA 1),Device ?,0.01,21.57,0.38,11246790944604820,11246790944626390,1781444304743093720,1781444304743115290
1962085,1975046,Host(NUMA 1),Device ?,0.02,21.35,0.77,11246790944655260,11246790944676610,1781444304743259140,1781444304743280490
1962085,1975046,Host(NUMA 1),Device ?,0.02,22.30,0.73,11246790944706940,11246790944729240,1781444304743423980,1781444304743446280
1962085,1975046,Host(NUMA 1),Device ?,0.01,18.03,0.34,11246790944757850,11246790944775880,1781444304743587140,1781444304743605170
1962085,1975046,Host(NUMA 1),Device ?,0.01,20.39,0.40,11246790944804840,11246790944825230,1781444304743744240,1781444304743764630
1962085,1975046,Host(NUMA 1),Device ?,0.02,19.25,0.85,11246790944857000,11246790944876250,1781444304743908370,1781444304743927620
1962085,1975046,Host(NUMA 1),Device ?,0.02,19.51,0.84,11246790944904140,11246790944923650,1781444304744069680,1781444304744089190
1962085,1975046,Host(NUMA 1),Device ?,0.01,19.67,0.42,11246790944952050,11246790944971720,1781444304744227530,1781444304744247200
1962085,1975046,Host(NUMA 1),Device ?,0.01,21.11,0.39,11246790945000940,11246790945022050,1781444304744383510,1781444304744404620
1962085,1975046,Host(NUMA 1),Device ?,0.02,19.32,0.85,11246790945052430,11246790945071750,1781444304744541460,1781444304744560780
1962085,1975046,Host(NUMA 1),Device ?,0.02,19.17,0.85,11246790945103760,11246790945122930,1781444304744699470,1781444304744718640
1962085,1975046,Host(NUMA 1),Device ?,0.01,17.66,0.35,11246790945151410,11246790945169070,1781444304744874010,1781444304744891670
1962085,1975046,Host(NUMA 1),Device ?,0.01,22.14,0.37,11246790945196600,11246790945218740,1781444304745031200,1781444304745053340
1962085,1975046,Host(NUMA 1),Device ?,0.02,20.90,0.78,11246790945250760,11246790945271660,1781444304745194830,1781444304745215730
1962085,1975046,Host(NUMA 1),Device ?,0.02,18.76,0.87,11246790945300430,11246790945319190,1781444304745359570,1781444304745378330
1962085,1975046,Host(NUMA 1),Device ?,0.01,17.21,0.48,11246790945349150,11246790945366360,1781444304745521710,1781444304745538920
1962085,1975046,Host(NUMA 1),Device ?,0.01,19.64,0.42,11246790945395870,11246790945415510,1781444304745681710,1781444304745701350
1962085,1975046,Host(NUMA 1),Device ?,0.02,26.10,0.63,11246790945447680,11246790945473780,1781444304745841820,1781444304745867920
1962085,1975046,Host(NUMA 1),Device ?,0.02,19.70,0.83,11246790945514240,11246790945533940,1781444304746010980,1781444304746030680
1962085,1975046,Host(NUMA 1),Device ?,0.01,20.31,0.30,11246790945564990,11246790945585300,1781444304746170630,1781444304746190940
1962085,1975046,Host(NUMA 1),Device ?,0.01,18.99,0.43,11246790945616810,11246790945635800,1781444304746337560,1781444304746356550
1962085,1975046,Host(NUMA 1),Device ?,0.02,19.47,0.84,11246790945666980,11246790945686450,1781444304746495700,1781444304746515170
1962085,1975046,Host(NUMA 1),Device ?,0.02,16.92,0.97,11246790945716860,11246790945733780,1781444304746660720,1781444304746677640
1962085,1975046,Host(NUMA 1),Device ?,0.01,19.53,0.42,11246790945762190,11246790945781720,1781444304746831230,1781444304746850760
1962085,1975046,Host(NUMA 1),Device ?,0.01,20.40,0.40,11246790945812160,11246790945832560,1781444304747005170,1781444304747025570
1962085,1975046,Host(NUMA 1),Device ?,0.02,19.92,0.82,11246790945860280,11246790945880200,1781444304747171690,1781444304747191610
1962085,1975046,Host(NUMA 1),Device ?,0.02,20.26,0.81,11246790945911280,11246790945931540,1781444304747330120,1781444304747350380
1962085,1975046,Host(NUMA 1),Device ?,0.01,22.48,0.27,11246790945960260,11246790945982740,1781444304747491920,1781444304747514400
1962085,1975046,Host(NUMA 1),Device ?,0.01,18.02,0.45,11246790946013320,11246790946031340,1781444304747656530,1781444304747674550
1962085,1975046,Host(NUMA 1),Device ?,0.02,17.98,0.91,11246790946059970,11246790946077950,1781444304747815700,1781444304747833680
1962085,1975046,Host(NUMA 1),Device ?,0.02,17.95,0.91,11246790946106860,11246790946124810,1781444304747975410,1781444304747993360
1962085,1975046,Host(NUMA 1),Device ?,0.01,20.07,0.41,11246790946155000,11246790946175070,1781444304748148180,1781444304748168250
1962085,1975046,Host(NUMA 1),Device ?,0.01,20.11,0.41,11246790946202440,11246790946222550,1781444304748311840,1781444304748331950
1962085,1975046,Host(NUMA 1),Device ?,0.02,19.56,0.84,11246790946251930,11246790946271490,1781444304748471900,1781444304748491460
1962085,1975046,Host(NUMA 1),Device ?,0.02,17.12,0.96,11246790946300500,11246790946317620,1781444304748648790,1781444304748665910
1962085,1975046,Host(NUMA 1),Device ?,0.01,16.58,0.37,11246790946345590,11246790946362170,1781444304748814220,1781444304748830800
1962085,1975046,Host(NUMA 1),Device ?,0.01,18.16,0.45,11246790946389810,11246790946407970,1781444304748971350,1781444304748989510
1962085,1975046,Host(NUMA 1),Device ?,0.02,18.88,0.87,11246790946436720,11246790946455600,1781444304749135480,1781444304749154360
1962085,1975046,Host(NUMA 1),Device ?,0.02,18.63,0.88,11246790946486260,11246790946504890,1781444304749295790,1781444304749314420
1962085,1975046,Host(NUMA 1),Device ?,0.01,20.05,0.41,11246790946532090,11246790946552140,1781444304749455790,1781444304749475840
1962085,1975046,Host(NUMA 1),Device ?,0.01,18.87,0.43,11246790946582570,11246790946601440,1781444304749616140,1781444304749635010
1962085,1975046,Host(NUMA 1),Device ?,0.02,17.22,0.95,11246790946629900,11246790946647120,1781444304749781150,1781444304749798370
1962085,1975046,Host(NUMA 1),Device ?,0.02,17.36,0.94,11246790946676020,11246790946693380,1781444304749943930,1781444304749961290
1962085,1975046,Host(NUMA 1),Device ?,0.01,17.58,0.35,11246790946720730,11246790946738310,1781444304750104480,1781444304750122060
1962085,1975046,Host(NUMA 1),Device ?,0.01,20.20,0.41,11246790946767760,11246790946787960,1781444304750262110,1781444304750282310
1962085,1975046,Host(NUMA 1),Device ?,0.02,19.63,0.83,11246790946814680,11246790946834310,1781444304750422140,1781444304750441770
1962085,1975046,Host(NUMA 1),Device ?,0.02,20.09,0.82,11246790946861810,11246790946881900,1781444304750577240,1781444304750597330
1962085,1975046,Host(NUMA 1),Device ?,0.01,18.99,0.43,11246790946910210,11246790946929200,1781444304750739240,1781444304750758230
1962085,1975046,Host(NUMA 1),Device ?,0.01,17.46,0.47,11246790946957570,11246790946975030,1781444304750916370,1781444304750933830
1962085,1975046,Host(NUMA 1),Device ?,0.02,18.54,0.88,11246790947002240,11246790947020780,1781444304751082060,1781444304751100600
1962085,1975046,Host(NUMA 1),Device ?,0.02,22.73,0.72,11246790947049170,11246790947071900,1781444304751246480,1781444304751269210
1962085,1975046,Host(NUMA 1),Device ?,0.01,23.38,0.26,11246790947101730,11246790947125110,1781444304751424980,1781444304751448360
1962085,1975046,Host(NUMA 1),Device ?,0.01,17.93,0.46,11246790947153720,11246790947171650,1781444304751596590,1781444304751614520
1962085,1975046,Host(NUMA 1),Device ?,0.02,18.78,0.87,11246790947200070,11246790947218850,1781444304751753330,1781444304751772110
1962085,1975046,Host(NUMA 1),Device ?,0.02,18.80,0.87,11246790947247400,11246790947266200,1781444304751921900,1781444304751940700
1962085,1975046,Host(NUMA 1),Device ?,0.01,17.46,0.47,11246790947293490,11246790947310950,1781444304752083100,1781444304752100560
1962085,1975046,Host(NUMA 1),Device ?,0.01,16.54,0.50,11246790947339000,11246790947355540,1781444304752260010,1781444304752276550
1962085,1975046,Host(NUMA 1),Device ?,0.02,17.88,0.92,11246790947383640,11246790947401520,1781444304752411790,1781444304752429670
1962085,1975046,Host(NUMA 1),Device ?,0.02,17.89,0.92,11246790947429370,11246790947447260,1781444304752569710,1781444304752587600
1962085,1975046,Host(NUMA 1),Device ?,0.01,17.52,0.35,11246790947473790,11246790947491310,1781444304752727270,1781444304752744790
1962085,1975046,Host(NUMA 1),Device ?,0.01,20.15,0.41,11246790947519350,11246790947539500,1781444304752884820,1781444304752904970
1962085,1975046,Host(NUMA 1),Device ?,0.02,19.21,0.85,11246790947568120,11246790947587330,1781444304753044050,1781444304753063260
1962085,1975046,Host(NUMA 1),Device ?,0.02,16.67,0.98,11246790947615490,11246790947632160,1781444304753201850,1781444304753218520
1962085,1975046,Host(NUMA 1),Device ?,0.01,17.63,0.46,11246790947660790,11246790947678420,1781444304753358940,1781444304753376570
1962085,1975046,Host(NUMA 1),Device ?,0.01,18.71,0.44,11246790947707900,11246790947726610,1781444304753513110,1781444304753531820
1962085,1975046,Host(NUMA 1),Device ?,0.02,17.59,0.93,11246790947754430,11246790947772020,1781444304753671530,1781444304753689120
1962085,1975046,Host(NUMA 1),Device ?,0.02,18.05,0.91,11246790947797690,11246790947815740,1781444304753829510,1781444304753847560
1962085,1975046,Host(NUMA 1),Device ?,0.01,18.55,0.33,11246790947843880,11246790947862430,1781444304753985190,1781444304754003740
1962085,1975046,Host(NUMA 1),Device ?,0.01,18.44,0.44,11246790947891390,11246790947909830,1781444304754140540,1781444304754158980
1962085,1975046,Host(NUMA 1),Device ?,0.02,18.73,0.87,11246790947938930,11246790947957660,1781444304754312930,1781444304754331660
1962085,1975046,Host(NUMA 1),Device ?,0.02,26.13,0.63,11246790947985560,11246790948011690,1781444304754463540,1781444304754489670
1962085,1975046,Host(NUMA 1),Device ?,0.01,21.88,0.37,11246790948039140,11246790948061020,1781444304754635490,1781444304754657370
1962085,1975046,Host(NUMA 1),Device ?,0.01,19.44,0.42,11246790948090070,11246790948109510,1781444304754797670,1781444304754817110
1962085,1975046,Host(NUMA 1),Device ?,0.02,19.42,0.84,11246790948136130,11246790948155550,1781444304754965930,1781444304754985350
1962085,1975046,Host(NUMA 1),Device ?,0.02,17.78,0.92,11246790948189890,11246790948207670,1781444304755129180,1781444304755146960
1962085,1975046,Host(NUMA 1),Device ?,0.01,17.77,0.35,11246790948237230,11246790948255000,1781444304755286890,1781444304755304660
1962085,1975046,Host(NUMA 1),Device ?,0.01,20.87,0.39,11246790948284140,11246790948305010,1781444304755445860,1781444304755466730
1962085,1975046,Host(NUMA 1),Device ?,0.02,18.98,0.86,11246790948335860,11246790948354840,1781444304755608240,1781444304755627220
1962085,1975046,Host(NUMA 1),Device ?,0.02,17.43,0.94,11246790948382820,11246790948400250,1781444304755765370,1781444304755782800
1962085,1975046,Host(NUMA 1),Device ?,0.01,17.90,0.46,11246790948427840,11246790948445740,1781444304755921700,1781444304755939600
1962085,1975046,Host(NUMA 1),Device ?,0.01,17.93,0.46,11246790948476240,11246790948494170,1781444304756077390,1781444304756095320
1962085,1975046,Host(NUMA 1),Device ?,0.02,18.47,0.89,11246790948524030,11246790948542500,1781444304756232330,1781444304756250800
1962085,1975046,Host(NUMA 1),Device ?,0.02,18.95,0.86,11246790948572280,11246790948591230,1781444304756390090,1781444304756409040
1962085,1975046,Host(NUMA 1),Device ?,0.01,21.63,0.28,11246790948620650,11246790948642280,1781444304756546490,1781444304756568120
1962085,1975046,Host(NUMA 1),Device ?,0.01,22.20,0.37,11246790948671760,11246790948693960,1781444304756704350,1781444304756726550
1962085,1975046,Host(NUMA 1),Device ?,0.02,18.85,0.87,11246790948725960,11246790948744810,1781444304756865730,1781444304756884580
1962085,1975046,Host(NUMA 1),Device ?,0.02,18.00,0.91,11246790948775540,11246790948793540,1781444304757038600,1781444304757056600
1962085,1975046,Host(NUMA 1),Device ?,0.01,17.90,0.46,11246790948823870,11246790948841770,1781444304757195510,1781444304757213410
1962085,1975046,Host(NUMA 1),Device ?,0.01,19.34,0.42,11246790948870250,11246790948889590,1781444304757349750,1781444304757369090
1962085,1975046,Host(NUMA 1),Device ?,0.02,18.44,0.89,11246790948917000,11246790948935440,1781444304757511400,1781444304757529840
1962085,1975046,Host(NUMA 1),Device ?,0.02,18.67,0.88,11246790948961670,11246790948980340,1781444304757669550,1781444304757688220
1962085,1975046,Host(NUMA 1),Device ?,0.01,18.19,0.34,11246790949009940,11246790949028130,1781444304757838620,1781444304757856810
1962085,1975046,Host(NUMA 1),Device ?,0.01,18.09,0.45,11246790949056280,11246790949074370,1781444304757997060,1781444304758015150
1962085,1975046,Host(NUMA 1),Device ?,0.02,19.13,0.86,11246790949103410,11246790949122540,1781444304758155500,1781444304758174630
1962085,1975046,Host(NUMA 1),Device ?,0.02,18.17,0.90,11246790949151090,11246790949169260,1781444304758310970,1781444304758329140
1962085,1975046,Host(NUMA 1),Device ?,0.01,18.90,0.43,11246790949196120,11246790949215020,1781444304758465270,1781444304758484170
1962085,1975046,Host(NUMA 1),Device ?,0.01,19.65,0.42,11246790949242220,11246790949261870,1781444304758620820,1781444304758640470
1962085,1975046,Host(NUMA 1),Device ?,0.02,17.71,0.93,11246790949290990,11246790949308700,1781444304758778100,1781444304758795810
1962085,1975046,Host(NUMA 1),Device ?,0.02,18.02,0.91,11246790949342940,11246790949360960,1781444304758955030,1781444304758973050
1962085,1975046,Host(NUMA 1),Device ?,0.01,19.16,0.32,11246790949388110,11246790949407270,1781444304759122100,1781444304759141260
1962085,1975046,Host(NUMA 1),Device ?,0.01,18.30,0.45,11246790949436800,11246790949455100,1781444304759282400,1781444304759300700
1962085,1975046,Host(NUMA 1),Device ?,0.02,18.32,0.89,11246790949483770,11246790949502090,1781444304759436920,1781444304759455240
1962085,1975046,Host(NUMA 1),Device ?,0.02,19.19,0.85,11246790949529770,11246790949548960,1781444304759593480,1781444304759612670
1962085,1975046,Host(NUMA 1),Device ?,0.01,19.24,0.43,11246790949575930,11246790949595170,1781444304759752860,1781444304759772100
1962085,1975046,Host(NUMA 1),Device ?,0.01,17.83,0.46,11246790949624080,11246790949641910,1781444304759911260,1781444304759929090
1962085,1975046,Host(NUMA 1),Device ?,0.02,17.34,0.94,11246790949669570,11246790949686910,1781444304760077330,1781444304760094670
1962085,1975046,Host(NUMA 1),Device ?,0.02,18.50,0.89,11246790949714660,11246790949733160,1781444304760232870,1781444304760251370
1962085,1975046,Host(NUMA 1),Device ?,0.01,18.31,0.34,11246790949761810,11246790949780120,1781444304760388800,1781444304760407110
1962085,1975046,Host(NUMA 1),Device ?,0.01,20.95,0.39,11246790949806360,11246790949827310,1781444304760546480,1781444304760567430
1962085,1975046,Host(NUMA 1),Device ?,0.02,17.50,0.94,11246790949855720,11246790949873220,1781444304760705950,1781444304760723450
1962085,1975046,Host(NUMA 1),Device ?,0.02,19.99,0.82,11246790949902210,11246790949922200,1781444304760859270,1781444304760879260
1962085,1975046,Host(NUMA 1),Device ?,0.01,18.84,0.43,11246790949953080,11246790949971920,1781444304761033220,1781444304761052060
1962085,1975046,Host(NUMA 1),Device ?,0.01,18.70,0.44,11246790949998890,11246790950017590,1781444304761191600,1781444304761210300
1962085,1975046,Host(NUMA 1),Device ?,0.02,18.13,0.90,11246790950042910,11246790950061040,1781444304761346330,1781444304761364460
1962085,1975046,Host(NUMA 1),Device ?,0.02,19.85,0.83,11246790950091090,11246790950110940,1781444304761499980,1781444304761519830
1962085,1975046,Host(NUMA 1),Device ?,0.01,18.17,0.34,11246790950139790,11246790950157960,1781444304761655970,1781444304761674140
1962085,1975046,Host(NUMA 1),Device ?,0.01,18.54,0.44,11246790950186110,11246790950204650,1781444304761810010,1781444304761828550
1962085,1975046,Host(NUMA 1),Device ?,0.02,19.22,0.85,11246790950234180,11246790950253400,1781444304761977830,1781444304761997050
1962085,1975046,Host(NUMA 1),Device ?,0.02,19.30,0.85,11246790950283120,11246790950302420,1781444304762143830,1781444304762163130
1962085,1975046,Host(NUMA 1),Device ?,0.01,18.49,0.44,11246790950331170,11246790950349660,1781444304762299770,1781444304762318260
1962085,1975046,Host(NUMA 1),Device ?,0.01,20.00,0.41,11246790950378720,11246790950398720,1781444304762451930,1781444304762471930
1962085,1975046,Host(NUMA 1),Device ?,0.02,19.44,0.84,11246790950427950,11246790950447390,1781444304762609310,1781444304762628750
1962085,1975046,Host(NUMA 1),Device ?,0.02,19.18,0.85,11246790950477390,11246790950496570,1781444304762766430,1781444304762785610
1962085,1975046,Host(NUMA 1),Device ?,0.01,20.94,0.29,11246790950525910,11246790950546850,1781444304762936850,1781444304762957790
1962085,1975046,Host(NUMA 1),Device ?,0.01,18.48,0.44,11246790950576450,11246790950594930,1781444304763103710,1781444304763122190
1962085,1975046,Host(NUMA 1),Device ?,0.02,18.44,0.89,11246790950625120,11246790950643560,1781444304763262540,1781444304763280980
1962085,1975046,Host(NUMA 1),Device ?,0.02,18.71,0.88,11246790950674520,11246790950693230,1781444304763418360,1781444304763437070
1962085,1975046,Host(NUMA 1),Device ?,0.01,20.46,0.40,11246790950721820,11246790950742280,1781444304763571430,1781444304763591890
1962085,1975046,Host(NUMA 1),Device ?,0.01,20.03,0.41,11246790950773460,11246790950793490,1781444304763726140,1781444304763746170
1962085,1975046,Host(NUMA 1),Device ?,0.02,20.46,0.80,11246790950823880,11246790950844340,1781444304763879810,1781444304763900270
1962085,1975046,Host(NUMA 1),Device ?,0.02,19.43,0.84,11246790950874480,11246790950893910,1781444304764034870,1781444304764054300
1962085,1975046,Host(NUMA 1),Device ?,0.01,19.19,0.32,11246790950919980,11246790950939170,1781444304764190760,1781444304764209950
1962085,1975046,Host(NUMA 1),Device ?,0.01,19.36,0.42,11246790950966710,11246790950986070,1781444304764355870,1781444304764375230
1962085,1975046,Host(NUMA 1),Device ?,0.02,18.11,0.90,11246790951017390,11246790951035500,1781444304764515600,1781444304764533710
1962085,1975046,Host(NUMA 1),Device ?,0.02,18.95,0.86,11246790951065360,11246790951084310,1781444304764667690,1781444304764686640
1962085,1975046,Host(NUMA 1),Device ?,0.01,19.22,0.43,11246790951113410,11246790951132630,1781444304764823640,1781444304764842860
1962085,1975046,Host(NUMA 1),Device ?,0.01,18.41,0.44,11246790951158110,11246790951176520,1781444304764977980,1781444304764996390
1962085,1975046,Host(NUMA 1),Device ?,0.02,16.61,0.99,11246790951200410,11246790951217020,1781444304765135650,1781444304765152260
1962085,1975046,Host(NUMA 1),Device ?,0.02,18.06,0.91,11246790951241740,11246790951259800,1781444304765290240,1781444304765308300
1962085,1975046,Host(NUMA 1),Device ?,0.01,18.01,0.34,11246790951285260,11246790951303270,1781444304765444330,1781444304765462340
1962085,1975046,Host(NUMA 1),Device ?,0.01,19.63,0.42,11246790951328180,11246790951347810,1781444304765607610,1781444304765627240
1962085,1975046,Host(NUMA 1),Device ?,0.02,18.21,0.90,11246790951375140,11246790951393350,1781444304765768370,1781444304765786580
1962085,1975046,Host(NUMA 1),Device ?,0.02,17.31,0.95,11246790951419580,11246790951436890,1781444304765923390,1781444304765940700
1962085,1975046,Host(NUMA 1),Device ?,0.01,17.99,0.46,11246790951461890,11246790951479880,1781444304766077530,1781444304766095520
1962085,1975046,Host(NUMA 1),Device ?,0.01,17.47,0.47,11246790951505840,11246790951523310,1781444304766234830,1781444304766252300
1962085,1975046,Host(NUMA 1),Device ?,0.02,17.30,0.95,11246790951549360,11246790951566660,1781444304766392180,1781444304766409480
1962085,1975046,Host(NUMA 1),Device ?,0.02,18.05,0.91,11246790951592010,11246790951610060,1781444304766547330,1781444304766565380
1962085,1975046,Host(NUMA 1),Device ?,0.01,19.13,0.32,11246790951635560,11246790951654690,1781444304766701880,1781444304766721010
1962085,1975046,Host(NUMA 1),Device ?,0.01,22.64,0.36,11246790951681050,11246790951703690,1781444304766854790,1781444304766877430
1962085,1975046,Host(NUMA 1),Device ?,0.02,18.16,0.90,11246790951729330,11246790951747490,1781444304767061650,1781444304767079810
1962085,1975046,Host(NUMA 1),Device ?,0.02,17.53,0.93,11246790951771330,11246790951788860,1781444304767225520,1781444304767243050
1962085,1975046,Host(NUMA 1),Device ?,0.01,18.52,0.44,11246790951812860,11246790951831380,1781444304767385550,1781444304767404070
1962085,1975046,Host(NUMA 1),Device ?,0.01,18.65,0.44,11246790951857980,11246790951876630,1781444304767556770,1781444304767575420
1962085,1975046,Host(NUMA 1),Device ?,0.02,17.71,0.93,11246790951901380,11246790951919090,1781444304767714970,1781444304767732680
1962085,1975046,Host(NUMA 1),Device ?,0.02,18.14,0.90,11246790951943660,11246790951961800,1781444304767869210,1781444304767887350
1962085,1975046,Host(NUMA 1),Device ?,0.01,31.02,0.20,11246790951986240,11246790952017260,1781444304768012460,1781444304768043480
1962085,1975046,Host(NUMA 1),Device ?,0.01,22.03,0.37,11246790952044960,11246790952066990,1781444304768175580,1781444304768197610
1962085,1975046,Host(NUMA 1),Device ?,0.02,18.99,0.86,11246790952094900,11246790952113890,1781444304768331940,1781444304768350930
1962085,1975046,Host(NUMA 1),Device ?,0.02,17.37,0.94,11246790952140730,11246790952158100,1781444304768489830,1781444304768507200
1962085,1975046,Host(NUMA 1),Device ?,0.01,18.57,0.44,11246790952182760,11246790952201330,1781444304768645890,1781444304768664460
1962085,1975046,Host(NUMA 1),Device ?,0.01,17.49,0.47,11246790952225880,11246790952243370,1781444304768801490,1781444304768818980
1962085,1975046,Host(NUMA 1),Device ?,0.02,17.63,0.93,11246790952267750,11246790952285380,1781444304768955790,1781444304768973420
1962085,1975046,Host(NUMA 1),Device ?,0.02,17.92,0.91,11246790952309920,11246790952327840,1781444304769109340,1781444304769127260
1962085,1975046,Host(NUMA 1),Device ?,0.01,18.62,0.33,11246790952353740,11246790952372360,1781444304769261480,1781444304769280100
1962085,1975046,Host(NUMA 1),Device ?,0.01,18.47,0.44,11246790952398030,11246790952416500,1781444304769417850,1781444304769436320
1962085,1975046,Host(NUMA 1),Device ?,0.02,17.65,0.93,11246790952442860,11246790952460510,1781444304769573780,1781444304769591430
1962085,1975046,Host(NUMA 1),Device ?,0.02,19.28,0.85,11246790952486940,11246790952506220,1781444304769725890,1781444304769745170
1962085,1975046,Host(NUMA 1),Device ?,0.01,17.03,0.48,11246790952531720,11246790952548750,1781444304769881760,1781444304769898790
1962085,1975046,Host(NUMA 1),Device ?,0.01,16.55,0.49,11246790952574320,11246790952590870,1781444304770038910,1781444304770055460
1962085,1975046,Host(NUMA 1),Device ?,0.02,16.64,0.98,11246790952614750,11246790952631390,1781444304770189320,1781444304770205960
1962085,1975046,Host(NUMA 1),Device ?,0.02,14.77,1.11,11246790952655440,11246790952670210,1781444304770346980,1781444304770361750
1962085,1975046,Host(NUMA 1),Device ?,0.01,15.63,0.39,11246790952692000,11246790952707630,1781444304770499700,1781444304770515330
1962085,1975046,Host(NUMA 1),Device ?,0.01,17.84,0.46,11246790952731240,11246790952749080,1781444304770664040,1781444304770681880
1962085,1975046,Host(NUMA 1),Device ?,0.02,17.20,0.95,11246790952773500,11246790952790700,1781444304770825310,1781444304770842510
1962085,1975046,Host(NUMA 1),Device ?,0.02,17.99,0.91,11246790952820270,11246790952838260,1781444304771009020,1781444304771027010
1962085,1975046,Host(NUMA 1),Device ?,0.01,16.44,0.50,11246790952863690,11246790952880130,1781444304771181580,1781444304771198020
1962085,1975046,Host(NUMA 1),Device ?,0.01,18.52,0.44,11246790952910490,11246790952929010,1781444304771338630,1781444304771357150
1962085,1975046,Host(NUMA 1),Device ?,0.02,16.52,0.99,11246790952955160,11246790952971680,1781444304771494280,1781444304771510800
1962085,1975046,Host(NUMA 1),Device ?,0.02,17.72,0.92,11246790952995130,11246790953012850,1781444304771648590,1781444304771666310
1962085,1975046,Host(NUMA 1),Device ?,0.01,19.81,0.31,11246790953036720,11246790953056530,1781444304771810550,1781444304771830360
1962085,1975046,Host(NUMA 1),Device ?,0.01,18.68,0.44,11246790953083400,11246790953102080,1781444304771979980,1781444304771998660
1962085,1975046,Host(NUMA 1),Device ?,0.02,18.21,0.90,11246790953127100,11246790953145310,1781444304772135430,1781444304772153640
1962085,1975046,Host(NUMA 1),Device ?,0.02,16.32,1.00,11246790953167950,11246790953184270,1781444304772290220,1781444304772306540
1962085,1975046,Host(NUMA 1),Device ?,0.01,20.59,0.40,11246790953208430,11246790953229020,1781444304772440390,1781444304772460980
1962085,1975046,Host(NUMA 1),Device ?,0.01,19.31,0.42,11246790953255290,11246790953274600,1781444304772596910,1781444304772616220
1962085,1975046,Host(NUMA 1),Device ?,0.02,18.10,0.91,11246790953299800,11246790953317900,1781444304772752220,1781444304772770320
1962085,1975046,Host(NUMA 1),Device ?,0.02,17.99,0.91,11246790953343350,11246790953361340,1781444304772907740,1781444304772925730
1962085,1975046,Host(NUMA 1),Device ?,509.88,28150.25,18.99,11246790953526520,11246790981676770,1781444304744932710,1781444304773082960
1962085,1975046,Host(NUMA 1),Device ?,32.00,1869.99,17.94,11246791143039410,11246791144909400,1781444304771377390,1781444304773247380
1962085,1975046,Host(NUMA 1),Device ?,24.00,1408.86,17.86,11246791144958190,11246791146367050,1781444304771994390,1781444304773403250
1962085,1975046,Host(NUMA 1),Device ?,8.00,466.51,17.98,11246791146411050,11246791146877560,1781444304773091460,1781444304773557970
1962085,1975046,Host(NUMA 1),Device ?,32.00,1855.70,18.08,11246791146916090,11246791148771790,1781444304771857990,1781444304773713690
1962085,1975046,Host(NUMA 1),Device ?,32.00,1845.13,18.19,11246791148815000,11246791150660130,1781444304772035340,1781444304773880470
1962085,1975046,Host(NUMA 1),Device ?,254.94,14099.07,18.96,11246791150699410,11246791164798480,1781444304759936660,1781444304774035730
1962085,1975046,Host(NUMA 1),Device ?,0.02,52.92,0.31,11246791164898050,11246791164950970,1781444304774135970,1781444304774188890
1962085,1975046,Host(NUMA 1),Device ?,0.02,108.36,0.15,11246791164986250,11246791165094610,1781444304774236440,1781444304774344800
1962085,1975046,Host(NUMA 1),Device ?,0.01,23.64,0.52,11246791165131370,11246791165155010,1781444304774475170,1781444304774498810
1962085,1975046,Host(NUMA 1),Device ?,0.02,22.58,0.73,11246791165186300,11246791165208880,1781444304774629110,1781444304774651690
1962085,1975046,Host(NUMA 1),Device ?,0.02,17.34,0.94,11246791165236630,11246791165253970,1781444304774786830,1781444304774804170
1962085,1975046,Host(NUMA 1),Device ?,0.02,21.31,0.77,11246791165282640,11246791165303950,1781444304774950840,1781444304774972150
1962085,1975046,Host(NUMA 1),Device ?,0.02,20.60,0.80,11246791165332670,11246791165353270,1781444304775112900,1781444304775133500
1962085,1975046,Host(NUMA 1),Device ?,0.02,17.15,0.96,11246791165379130,11246791165396280,1781444304775273270,1781444304775290420
1962085,1975046,Host(NUMA 1),Device ?,0.02,18.84,0.87,11246791165419910,11246791165438750,1781444304775424250,1781444304775443090
1962085,1975046,Host(NUMA 1),Device ?,0.02,18.93,0.87,11246791165462130,11246791165481060,1781444304775577980,1781444304775596910
1962085,1975046,Host(NUMA 1),Device ?,0.01,21.24,0.58,11246791165507020,11246791165528260,1781444304775728900,1781444304775750140
1962085,1975046,Host(NUMA 1),Device ?,0.02,20.49,0.80,11246791165556970,11246791165577460,1781444304775881960,1781444304775902450
1962085,1975046,Host(NUMA 1),Device ?,0.02,19.69,0.83,11246791165604670,11246791165624360,1781444304776037800,1781444304776057490
1962085,1975046,Host(NUMA 1),Device ?,0.02,22.23,0.74,11246791165655430,11246791165677660,1781444304776190420,1781444304776212650
1962085,1975046,Host(NUMA 1),Device ?,0.02,21.13,0.78,11246791165707900,11246791165729030,1781444304776346690,1781444304776367820
1962085,1975046,Host(NUMA 1),Device ?,0.02,17.61,0.93,11246791165757350,11246791165774960,1781444304776503450,1781444304776521060
1962085,1975046,Host(NUMA 1),Device ?,0.02,24.46,0.67,11246791165801080,11246791165825540,1781444304776663910,1781444304776688370
1962085,1975046,Host(NUMA 1),Device ?,0.02,21.58,0.76,11246791165852830,11246791165874410,1781444304776834350,1781444304776855930
1962085,1975046,Host(NUMA 1),Device ?,0.01,18.56,0.66,11246791165899570,11246791165918130,1781444304777003540,1781444304777022100
1962085,1975046,Host(NUMA 1),Device ?,0.02,17.72,0.92,11246791165944440,11246791165962160,1781444304777162590,1781444304777180310
1962085,1975046,Host(NUMA 1),Device ?,0.02,19.99,0.82,11246791165986900,11246791166006890,1781444304777315470,1781444304777335460
1962085,1975046,Host(NUMA 1),Device ?,0.02,22.91,0.72,11246791166038570,11246791166061480,1781444304777468020,1781444304777490930
1962085,1975046,Host(NUMA 1),Device ?,0.02,20.80,0.79,11246791166088340,11246791166109140,1781444304777624810,1781444304777645610
1962085,1975046,Host(NUMA 1),Device ?,0.02,18.51,0.89,11246791166135860,11246791166154370,1781444304777782670,1781444304777801180
1962085,1975046,Host(NUMA 1),Device ?,0.02,18.72,0.88,11246791166185100,11246791166203820,1781444304777934400,1781444304777953120
1962085,1975046,Host(NUMA 1),Device ?,0.02,19.97,0.82,11246791166230990,11246791166250960,1781444304778088910,1781444304778108880
1962085,1975046,Host(NUMA 1),Device ?,0.01,17.30,0.71,11246791166277160,11246791166294460,1781444304778245950,1781444304778263250
1962085,1975046,Host(NUMA 1),Device ?,0.02,19.94,0.82,11246791166320120,11246791166340060,1781444304778399510,1781444304778419450
1962085,1975046,Host(NUMA 1),Device ?,0.02,18.93,0.87,11246791166365760,11246791166384690,1781444304778553790,1781444304778572720
1962085,1975046,Host(NUMA 1),Device ?,0.02,20.58,0.80,11246791166411730,11246791166432310,1781444304778707160,1781444304778727740
1962085,1975046,Host(NUMA 1),Device ?,0.02,19.06,0.86,11246791166459220,11246791166478280,1781444304778861720,1781444304778880780
1962085,1975046,Host(NUMA 1),Device ?,0.02,18.86,0.87,11246791166509620,11246791166528480,1781444304779035950,1781444304779054810
1962085,1975046,Host(NUMA 1),Device ?,0.02,19.42,0.84,11246791166554520,11246791166573940,1781444304779193240,1781444304779212660
1962085,1975046,Host(NUMA 1),Device ?,0.02,19.62,0.84,11246791166598310,11246791166617930,1781444304779346660,1781444304779366280
1962085,1975046,Host(NUMA 1),Device ?,0.01,18.69,0.66,11246791166644460,11246791166663150,1781444304779500570,1781444304779519260
1962085,1975046,Host(NUMA 1),Device ?,0.02,19.42,0.84,11246791166689760,11246791166709180,1781444304779652530,1781444304779671950
1962085,1975046,Host(NUMA 1),Device ?,0.02,16.43,1.00,11246791166736070,11246791166752500,1781444304779812310,1781444304779828740
1962085,1975046,Host(NUMA 1),Device ?,0.02,17.86,0.92,11246791166776950,11246791166794810,1781444304779967970,1781444304779985830
1962085,1975046,Host(NUMA 1),Device ?,0.02,20.72,0.79,11246791166821290,11246791166842010,1781444304780138050,1781444304780158770
1962085,1975046,Host(NUMA 1),Device ?,0.02,18.00,0.91,11246791166868780,11246791166886780,1781444304780301920,1781444304780319920
1962085,1975046,Host(NUMA 1),Device ?,0.02,16.93,0.97,11246791166910590,11246791166927520,1781444304780460440,1781444304780477370
1962085,1975046,Host(NUMA 1),Device ?,0.02,17.67,0.93,11246791166952800,11246791166970470,1781444304780614020,1781444304780631690
1962085,1975046,Host(NUMA 1),Device ?,0.01,21.82,0.56,11246791166997490,11246791167019310,1781444304780765190,1781444304780787010
1962085,1975046,Host(NUMA 1),Device ?,0.02,18.26,0.90,11246791167045610,11246791167063870,1781444304780921760,1781444304780940020
1962085,1975046,Host(NUMA 1),Device ?,0.02,17.66,0.93,11246791167090510,11246791167108170,1781444304781074500,1781444304781092160
1962085,1975046,Host(NUMA 1),Device ?,0.02,19.78,0.83,11246791167136430,11246791167156210,1781444304781226700,1781444304781246480
1962085,1975046,Host(NUMA 1),Device ?,0.02,20.81,0.79,11246791167184690,11246791167205500,1781444304781403660,1781444304781424470
1962085,1975046,Host(NUMA 1),Device ?,0.02,17.21,0.95,11246791167231180,11246791167248390,1781444304781565250,1781444304781582460
1962085,1975046,Host(NUMA 1),Device ?,0.02,20.72,0.79,11246791167273940,11246791167294660,1781444304781716580,1781444304781737300
1962085,1975046,Host(NUMA 1),Device ?,0.02,19.96,0.82,11246791167323990,11246791167343950,1781444304781888520,1781444304781908480
1962085,1975046,Host(NUMA 1),Device ?,0.01,18.80,0.65,11246791167369230,11246791167388030,1781444304782047630,1781444304782066430
1962085,1975046,Host(NUMA 1),Device ?,0.02,18.72,0.88,11246791167413590,11246791167432310,1781444304782205720,1781444304782224440
1962085,1975046,Host(NUMA 1),Device ?,0.02,20.67,0.79,11246791167454870,11246791167475540,1781444304782372910,1781444304782393580
1962085,1975046,Host(NUMA 1),Device ?,0.02,16.35,1.00,11246791167499120,11246791167515470,1781444304782533820,1781444304782550170
1962085,1975046,Host(NUMA 1),Device ?,0.02,18.94,0.87,11246791167537610,11246791167556550,1781444304782683600,1781444304782702540
1962085,1975046,Host(NUMA 1),Device ?,0.02,16.32,1.00,11246791167582230,11246791167598550,1781444304782841290,1781444304782857610
1962085,1975046,Host(NUMA 1),Device ?,0.02,19.64,0.83,11246791167623390,11246791167643030,1781444304783028330,1781444304783047970
1962085,1975046,Host(NUMA 1),Device ?,0.02,19.48,0.84,11246791167671810,11246791167691290,1781444304783187200,1781444304783206680
1962085,1975046,Host(NUMA 1),Device ?,0.01,17.16,0.72,11246791167716510,11246791167733670,1781444304783357130,1781444304783374290
1962085,1975046,Host(NUMA 1),Device ?,0.02,18.91,0.87,11246791167758720,11246791167777630,1781444304783511380,1781444304783530290
1962085,1975046,Host(NUMA 1),Device ?,0.02,22.45,0.73,11246791167805150,11246791167827600,1781444304783666370,1781444304783688820
1962085,1975046,Host(NUMA 1),Device ?,0.02,18.45,0.89,11246791167851190,11246791167869640,1781444304783828480,1781444304783846930
1962085,1975046,Host(NUMA 1),Device ?,0.02,18.61,0.88,11246791167893880,11246791167912490,1781444304783984040,1781444304784002650
1962085,1975046,Host(NUMA 1),Device ?,0.02,18.92,0.87,11246791167937790,11246791167956710,1781444304784144450,1781444304784163370
1962085,1975046,Host(NUMA 1),Device ?,0.02,31.74,0.52,11246791167982560,11246791168014300,1781444304784286680,1781444304784318420
1962085,1975046,Host(NUMA 1),Device ?,0.02,20.80,0.79,11246791168040290,11246791168061090,1781444304784451670,1781444304784472470
1962085,1975046,Host(NUMA 1),Device ?,0.01,18.56,0.66,11246791168089980,11246791168108540,1781444304784609020,1781444304784627580
1962085,1975046,Host(NUMA 1),Device ?,0.02,21.13,0.78,11246791168140550,11246791168161680,1781444304784759110,1781444304784780240
1962085,1975046,Host(NUMA 1),Device ?,0.02,19.99,0.82,11246791168188900,11246791168208890,1781444304784913690,1781444304784933680
1962085,1975046,Host(NUMA 1),Device ?,0.02,20.71,0.79,11246791168236150,11246791168256860,1781444304785067650,1781444304785088360
1962085,1975046,Host(NUMA 1),Device ?,0.02,22.79,0.72,11246791168283140,11246791168305930,1781444304785220430,1781444304785243220
1962085,1975046,Host(NUMA 1),Device ?,0.02,19.22,0.85,11246791168336630,11246791168355850,1781444304785379180,1781444304785398400
1962085,1975046,Host(NUMA 1),Device ?,0.02,17.95,0.91,11246791168380790,11246791168398740,1781444304785541940,1781444304785559890
1962085,1975046,Host(NUMA 1),Device ?,0.02,19.23,0.85,11246791168424610,11246791168443840,1781444304785697980,1781444304785717210
1962085,1975046,Host(NUMA 1),Device ?,0.01,20.85,0.59,11246791168470550,11246791168491400,1781444304785852590,1781444304785873440
1962085,1975046,Host(NUMA 1),Device ?,0.02,20.02,0.82,11246791168518110,11246791168538130,1781444304786007170,1781444304786027190
1962085,1975046,Host(NUMA 1),Device ?,0.02,17.99,0.91,11246791168563380,11246791168581370,1781444304786164530,1781444304786182520
1962085,1975046,Host(NUMA 1),Device ?,0.02,19.66,0.83,11246791168607670,11246791168627330,1781444304786316510,1781444304786336170
1962085,1975046,Host(NUMA 1),Device ?,0.02,18.53,0.88,11246791168656030,11246791168674560,1781444304786481790,1781444304786500320
1962085,1975046,Host(NUMA 1),Device ?,0.02,17.81,0.92,11246791168700190,11246791168718000,1781444304786637790,1781444304786655600
1962085,1975046,Host(NUMA 1),Device ?,0.02,18.88,0.87,11246791168743400,11246791168762280,1781444304786803430,1781444304786822310
1962085,1975046,Host(NUMA 1),Device ?,0.02,21.59,0.76,11246791168788570,11246791168810160,1781444304786983760,1781444304787005350
1962085,1975046,Host(NUMA 1),Device ?,0.01,20.03,0.61,11246791168837250,11246791168857280,1781444304787151590,1781444304787171620
1962085,1975046,Host(NUMA 1),Device ?,0.02,18.21,0.90,11246791168882410,11246791168900620,1781444304787308470,1781444304787326680
1962085,1975046,Host(NUMA 1),Device ?,0.02,22.28,0.74,11246791168925650,11246791168947930,1781444304787464420,1781444304787486700
1962085,1975046,Host(NUMA 1),Device ?,0.02,20.34,0.81,11246791168974290,11246791168994630,1781444304787624580,1781444304787644920
1962085,1975046,Host(NUMA 1),Device ?,0.02,19.92,0.82,11246791169021120,11246791169041040,1781444304787781690,1781444304787801610
1962085,1975046,Host(NUMA 1),Device ?,0.02,16.45,1.00,11246791169067650,11246791169084100,1781444304787954870,1781444304787971320
1962085,1975046,Host(NUMA 1),Device ?,0.02,39.20,0.42,11246791169842870,11246791169882070,1781444304788087140,1781444304788126340
1962085,1975046,Host(NUMA 1),Device ?,0.02,26.65,0.61,11246791169923830,11246791169950480,1781444304788253470,1781444304788280120
1962085,1975046,Host(NUMA 1),Device ?,0.01,18.79,0.65,11246791169983520,11246791170002310,1781444304788414520,1781444304788433310
1962085,1975046,Host(NUMA 1),Device ?,0.02,18.36,0.89,11246791170028990,11246791170047350,1781444304788571870,1781444304788590230
1962085,1975046,Host(NUMA 1),Device ?,0.02,21.12,0.78,11246791170076630,11246791170097750,1781444304788723260,1781444304788744380
1962085,1975046,Host(NUMA 1),Device ?,0.02,18.90,0.87,11246791170125530,11246791170144430,1781444304788881150,1781444304788900050
1962085,1975046,Host(NUMA 1),Device ?,0.02,17.39,0.94,11246791170170560,11246791170187950,1781444304789036460,1781444304789053850
1962085,1975046,Host(NUMA 1),Device ?,0.02,18.75,0.87,11246791170211500,11246791170230250,1781444304789188790,1781444304789207540
1962085,1975046,Host(NUMA 1),Device ?,0.02,22.67,0.72,11246791170258750,11246791170281420,1781444304789341040,1781444304789363710
1962085,1975046,Host(NUMA 1),Device ?,0.02,19.18,0.85,11246791170307700,11246791170326880,1781444304789506530,1781444304789525710
1962085,1975046,Host(NUMA 1),Device ?,0.01,18.50,0.66,11246791170353270,11246791170371770,1781444304789678330,1781444304789696830
1962085,1975046,Host(NUMA 1),Device ?,0.02,19.27,0.85,11246791170397450,11246791170416720,1781444304789837740,1781444304789857010
1962085,1975046,Host(NUMA 1),Device ?,0.02,18.51,0.89,11246791170441080,11246791170459590,1781444304789995980,1781444304790014490
1962085,1975046,Host(NUMA 1),Device ?,0.02,19.10,0.86,11246791170483540,11246791170502640,1781444304790154730,1781444304790173830
1962085,1975046,Host(NUMA 1),Device ?,0.02,18.19,0.90,11246791170528800,11246791170546990,1781444304790310310,1781444304790328500
1962085,1975046,Host(NUMA 1),Device ?,0.02,20.30,0.81,11246791170574570,11246791170594870,1781444304790464370,1781444304790484670
1962085,1975046,Host(NUMA 1),Device ?,0.02,19.17,0.85,11246791170622970,11246791170642140,1781444304790618250,1781444304790637420
1962085,1975046,Host(NUMA 1),Device ?,0.02,18.11,0.90,11246791170672230,11246791170690340,1781444304790775340,1781444304790793450
1962085,1975046,Host(NUMA 1),Device ?,0.01,21.56,0.57,11246791170717810,11246791170739370,1781444304790951260,1781444304790972820
1962085,1975046,Host(NUMA 1),Device ?,0.02,20.84,0.79,11246791170768940,11246791170789780,1781444304791111760,1781444304791132600
1962085,1975046,Host(NUMA 1),Device ?,0.02,17.19,0.95,11246791170816760,11246791170833950,1781444304791274590,1781444304791291780
1962085,1975046,Host(NUMA 1),Device ?,0.02,17.49,0.94,11246791170859240,11246791170876730,1781444304791441040,1781444304791458530
1962085,1975046,Host(NUMA 1),Device ?,0.02,21.22,0.77,11246791170905290,11246791170926510,1781444304791592550,1781444304791613770
1962085,1975046,Host(NUMA 1),Device ?,0.02,17.22,0.95,11246791170950640,11246791170967860,1781444304791756800,1781444304791774020
1962085,1975046,Host(NUMA 1),Device ?,0.02,19.58,0.84,11246791170996060,11246791171015640,1781444304791924120,1781444304791943700
1962085,1975046,Host(NUMA 1),Device ?,0.02,21.66,0.76,11246791171042260,11246791171063920,1781444304792078310,1781444304792099970
1962085,1975046,Host(NUMA 1),Device ?,0.01,19.38,0.63,11246791171091030,11246791171110410,1781444304792236430,1781444304792255810
1962085,1975046,Host(NUMA 1),Device ?,0.02,18.34,0.89,11246791171136860,11246791171155200,1781444304792392500,1781444304792410840
1962085,1975046,Host(NUMA 1),Device ?,0.02,19.82,0.83,11246791171180430,11246791171200250,1781444304792545610,1781444304792565430
1962085,1975046,Host(NUMA 1),Device ?,0.02,22.21,0.74,11246791171230050,11246791171252260,1781444304792697570,1781444304792719780
1962085,1975046,Host(NUMA 1),Device ?,0.02,18.53,0.88,11246791171281630,11246791171300160,1781444304792870220,1781444304792888750
1962085,1975046,Host(NUMA 1),Device ?,0.02,17.00,0.96,11246791171328710,11246791171345710,1781444304793033020,1781444304793050020
1962085,1975046,Host(NUMA 1),Device ?,0.02,19.94,0.82,11246791171375200,11246791171395140,1781444304793190010,1781444304793209950
1962085,1975046,Host(NUMA 1),Device ?,0.02,21.75,0.75,11246791171424590,11246791171446340,1781444304793347530,1781444304793369280
1962085,1975046,Host(NUMA 1),Device ?,0.01,19.61,0.63,11246791171473800,11246791171493410,1781444304793531450,1781444304793551060
1962085,1975046,Host(NUMA 1),Device ?,0.02,21.94,0.75,11246791171522990,11246791171544930,1781444304793688170,1781444304793710110
1962085,1975046,Host(NUMA 1),Device ?,0.02,20.24,0.81,11246791171572920,11246791171593160,1781444304793849070,1781444304793869310
1962085,1975046,Host(NUMA 1),Device ?,0.02,19.17,0.85,11246791171627440,11246791171646610,1781444304794009460,1781444304794028630
1962085,1975046,Host(NUMA 1),Device ?,0.02,22.03,0.74,11246791171673240,11246791171695270,1781444304794161430,1781444304794183460
1962085,1975046,Host(NUMA 1),Device ?,0.02,19.97,0.82,11246791171728020,11246791171747990,1781444304794322030,1781444304794342000
1962085,1975046,Host(NUMA 1),Device ?,0.02,18.70,0.88,11246791171776000,11246791171794700,1781444304794478270,1781444304794496970
1962085,1975046,Host(NUMA 1),Device ?,0.02,19.51,0.84,11246791171820600,11246791171840110,1781444304794632800,1781444304794652310
1962085,1975046,Host(NUMA 1),Device ?,0.01,18.44,0.67,11246791171867620,11246791171886060,1781444304794787810,1781444304794806250
1962085,1975046,Host(NUMA 1),Device ?,0.02,19.08,0.86,11246791171914090,11246791171933170,1781444304794951520,1781444304794970600
1962085,1975046,Host(NUMA 1),Device ?,0.02,19.91,0.82,11246791171960900,11246791171980810,1781444304795109640,1781444304795129550
1962085,1975046,Host(NUMA 1),Device ?,0.02,20.26,0.81,11246791172017850,11246791172038110,1781444304795271620,1781444304795291880
1962085,1975046,Host(NUMA 1),Device ?,0.02,21.66,0.76,11246791172066520,11246791172088180,1781444304795431310,1781444304795452970
1962085,1975046,Host(NUMA 1),Device ?,0.02,16.75,0.98,11246791172116150,11246791172132900,1781444304795601310,1781444304795618060
1962085,1975046,Host(NUMA 1),Device ?,0.02,20.03,0.82,11246791172158290,11246791172178320,1781444304795755820,1781444304795775850
1962085,1975046,Host(NUMA 1),Device ?,0.02,22.26,0.74,11246791172204760,11246791172227020,1781444304795908570,1781444304795930830
1962085,1975046,Host(NUMA 1),Device ?,0.01,18.53,0.66,11246791172255410,11246791172273940,1781444304796086740,1781444304796105270
1962085,1975046,Host(NUMA 1),Device ?,0.02,20.16,0.81,11246791172301410,11246791172321570,1781444304796244210,1781444304796264370
1962085,1975046,Host(NUMA 1),Device ?,0.02,21.71,0.75,11246791172349300,11246791172371010,1781444304796394010,1781444304796415720
1962085,1975046,Host(NUMA 1),Device ?,0.02,21.74,0.75,11246791172402450,11246791172424190,1781444304796550200,1781444304796571940
1962085,1975046,Host(NUMA 1),Device ?,0.02,20.65,0.79,11246791172451240,11246791172471890,1781444304796706550,1781444304796727200
1962085,1975046,Host(NUMA 1),Device ?,0.02,18.26,0.90,11246791172499390,11246791172517650,1781444304796878050,1781444304796896310
1962085,1975046,Host(NUMA 1),Device ?,0.02,22.42,0.73,11246791172546250,11246791172568670,1781444304797031220,1781444304797053640
1962085,1975046,Host(NUMA 1),Device ?,0.02,18.76,0.87,11246791172595960,11246791172614720,1781444304797191200,1781444304797209960
1962085,1975046,Host(NUMA 1),Device ?,0.01,19.53,0.63,11246791172641550,11246791172661080,1781444304797341690,1781444304797361220
1962085,1975046,Host(NUMA 1),Device ?,0.02,21.39,0.77,11246791172690970,11246791172712360,1781444304797502360,1781444304797523750
1962085,1975046,Host(NUMA 1),Device ?,0.02,19.27,0.85,11246791172742420,11246791172761690,1781444304797661820,1781444304797681090
1962085,1975046,Host(NUMA 1),Device ?,0.02,21.22,0.77,11246791172790000,11246791172811220,1781444304797822220,1781444304797843440
1962085,1975046,Host(NUMA 1),Device ?,0.02,21.84,0.75,11246791172837950,11246791172859790,1781444304797980400,1781444304798002240
1962085,1975046,Host(NUMA 1),Device ?,0.02,19.11,0.86,11246791172888440,11246791172907550,1781444304798142650,1781444304798161760
1962085,1975046,Host(NUMA 1),Device ?,0.02,18.22,0.90,11246791172934850,11246791172953070,1781444304798297470,1781444304798315690
1962085,1975046,Host(NUMA 1),Device ?,0.02,22.84,0.72,11246791172980710,11246791173003550,1781444304798446000,1781444304798468840
1962085,1975046,Host(NUMA 1),Device ?,0.01,19.79,0.62,11246791173033140,11246791173052930,1781444304798606220,1781444304798626010
1962085,1975046,Host(NUMA 1),Device ?,0.02,20.40,0.80,11246791173080990,11246791173101390,1781444304798759980,1781444304798780380
1962085,1975046,Host(NUMA 1),Device ?,0.02,26.26,0.62,11246791173212790,11246791173239050,1781444304798921270,1781444304798947530
1962085,1975046,Host(NUMA 1),Device ?,0.02,21.66,0.76,11246791173272940,11246791173294600,1781444304799091340,1781444304799113000
1962085,1975046,Host(NUMA 1),Device ?,0.02,17.41,0.94,11246791173325250,11246791173342660,1781444304799272950,1781444304799290360
1962085,1975046,Host(NUMA 1),Device ?,0.02,21.28,0.77,11246791173373490,11246791173394770,1781444304799425730,1781444304799447010
1962085,1975046,Host(NUMA 1),Device ?,0.02,19.71,0.83,11246791173422010,11246791173441720,1781444304799588230,1781444304799607940
1962085,1975046,Host(NUMA 1),Device ?,0.02,21.03,0.78,11246791173471170,11246791173492200,1781444304799745690,1781444304799766720
1962085,1975046,Host(NUMA 1),Device ?,0.01,22.10,0.56,11246791173521330,11246791173543430,1781444304799903530,1781444304799925630
1962085,1975046,Host(NUMA 1),Device ?,0.02,19.27,0.85,11246791173569670,11246791173588940,1781444304800064210,1781444304800083480
1962085,1975046,Host(NUMA 1),Device ?,0.02,20.92,0.78,11246791173616070,11246791173636990,1781444304800221950,1781444304800242870
1962085,1975046,Host(NUMA 1),Device ?,0.02,19.69,0.83,11246791173666330,11246791173686020,1781444304800382130,1781444304800401820
1962085,1975046,Host(NUMA 1),Device ?,0.02,18.35,0.89,11246791173716780,11246791173735130,1781444304800541190,1781444304800559540
1962085,1975046,Host(NUMA 1),Device ?,0.02,18.27,0.90,11246791173763200,11246791173781470,1781444304800711940,1781444304800730210
1962085,1975046,Host(NUMA 1),Device ?,0.02,20.42,0.80,11246791173808740,11246791173829160,1781444304800861970,1781444304800882390
1962085,1975046,Host(NUMA 1),Device ?,0.02,24.16,0.68,11246791173857750,11246791173881910,1781444304801012070,1781444304801036230
1962085,1975046,Host(NUMA 1),Device ?,0.01,20.57,0.60,11246791173912120,11246791173932690,1781444304801168940,1781444304801189510
1962085,1975046,Host(NUMA 1),Device ?,0.02,21.02,0.78,11246791173963480,11246791173984500,1781444304801321240,1781444304801342260
1962085,1975046,Host(NUMA 1),Device ?,0.02,21.84,0.75,11246791174015400,11246791174037240,1781444304801475280,1781444304801497120
1962085,1975046,Host(NUMA 1),Device ?,0.02,21.02,0.78,11246791174066500,11246791174087520,1781444304801635060,1781444304801656080
1962085,1975046,Host(NUMA 1),Device ?,0.02,19.36,0.85,11246791174117340,11246791174136700,1781444304801794490,1781444304801813850
1962085,1975046,Host(NUMA 1),Device ?,0.02,19.96,0.82,11246791174169990,11246791174189950,1781444304801962970,1781444304801982930
1962085,1975046,Host(NUMA 1),Device ?,0.02,20.17,0.81,11246791174219330,11246791174239500,1781444304802120170,1781444304802140340
1962085,1975046,Host(NUMA 1),Device ?,0.02,19.22,0.85,11246791174267780,11246791174287000,1781444304802282040,1781444304802301260
1962085,1975046,Host(NUMA 1),Device ?,0.01,21.08,0.58,11246791174313630,11246791174334710,1781444304802447730,1781444304802468810
1962085,1975046,Host(NUMA 1),Device ?,0.02,20.19,0.81,11246791174362970,11246791174383160,1781444304802605900,1781444304802626090
1962085,1975046,Host(NUMA 1),Device ?,0.02,20.13,0.81,11246791174411520,11246791174431650,1781444304802759550,1781444304802779680
1962085,1975046,Host(NUMA 1),Device ?,0.02,20.24,0.81,11246791174458520,11246791174478760,1781444304802932950,1781444304802953190
1962085,1975046,Host(NUMA 1),Device ?,0.02,22.70,0.72,11246791174506500,11246791174529200,1781444304803095060,1781444304803117760
1962085,1975046,Host(NUMA 1),Device ?,0.02,20.46,0.80,11246791174556610,11246791174577070,1781444304803252720,1781444304803273180
1962085,1975046,Host(NUMA 1),Device ?,0.02,18.99,0.86,11246791174604480,11246791174623470,1781444304803413250,1781444304803432240
1962085,1975046,Host(NUMA 1),Device ?,0.02,22.03,0.74,11246791174650120,11246791174672150,1781444304803566070,1781444304803588100
1962085,1975046,Host(NUMA 1),Device ?,0.01,20.96,0.59,11246791174699580,11246791174720540,1781444304803730600,1781444304803751560
1962085,1975046,Host(NUMA 1),Device ?,0.02,21.28,0.77,11246791174972270,11246791174993550,1781444304803894340,1781444304803915620
1962085,1975046,Host(NUMA 1),Device ?,0.02,19.02,0.86,11246791175111470,11246791175130490,1781444304804059580,1781444304804078600
1962085,1975046,Host(NUMA 1),Device ?,0.02,21.06,0.78,11246791175257660,11246791175278720,1781444304804220900,1781444304804241960
1962085,1975046,Host(NUMA 1),Device ?,0.01,20.47,0.60,11246791175453440,11246791175473910,1781444304804384310,1781444304804404780
1962085,1975046,Host(NUMA 1),Device ?,0.02,17.38,0.94,11246791175735860,11246791175753240,1781444304804549650,1781444304804567030
1962085,1975046,Host(NUMA 1),Device ?,0.02,18.12,0.90,11246791175904680,11246791175922800,1781444304804709040,1781444304804727160
1962085,1975046,Host(NUMA 1),Device ?,0.02,17.51,0.94,11246791176093830,11246791176111340,1781444304804882930,1781444304804900440
1962085,1975046,Host(NUMA 1),Device ?,0.02,21.20,0.77,11246791176265600,11246791176286800,1781444304805041080,1781444304805062280
1962085,1975046,Host(NUMA 1),Device ?,509.88,28255.95,18.92,11246791176532010,11246791204787960,1781444304776969900,1781444304805225850
1962085,1975046,Host(NUMA 1),Device ?,24.00,1417.79,17.75,11246791204920400,11246791206338190,1781444304803967500,1781444304805385290
1962085,1975046,Host(NUMA 1),Device ?,8.00,440.74,19.03,11246791206382400,11246791206823140,1781444304805116430,1781444304805557170
1962085,1975046,Host(NUMA 1),Device ?,32.00,1818.43,18.45,11246791206865300,11246791208683730,1781444304803899280,1781444304805717710
1962085,1975046,Host(NUMA 1),Device ?,32.00,1827.10,18.36,11246791208723880,11246791210550980,1781444304804056330,1781444304805883430
1962085,1975046,Host(NUMA 1),Device ?,24.00,1387.93,18.13,11246791210597920,11246791211985850,1781444304804651860,1781444304806039790
1962085,1975046,Host(NUMA 1),Device ?,8.00,471.37,17.80,11246791212047720,11246791212519090,1781444304805725490,1781444304806196860
1962085,1975046,Host(NUMA 1),Device ?,32.00,1866.29,17.98,11246791212560200,11246791214426490,1781444304804486520,1781444304806352810
1962085,1975046,Host(NUMA 1),Device ?,32.00,1875.04,17.90,11246791214468000,11246791216343040,1781444304804633600,1781444304806508640
1962085,1975046,Host(NUMA 1),Device ?,24.00,1580.93,15.92,11246791216383870,11246791217964800,1781444304805081650,1781444304806662580
1962085,1975046,Host(NUMA 1),Device ?,8.00,451.24,18.59,11246791218006990,11246791218458230,1781444304806366270,1781444304806817510
1962085,1975046,Host(NUMA 1),Device ?,32.00,1984.17,16.91,11246791218492090,11246791220476260,1781444304805029640,1781444304807013810
1962085,1975046,Host(NUMA 1),Device ?,32.00,1982.39,16.93,11246791220517000,11246791222499390,1781444304805192260,1781444304807174650
1962085,1975046,Host(NUMA 1),Device ?,24.00,1565.16,16.08,11246791222538440,11246791224103600,1781444304805765440,1781444304807330600
1962085,1975046,Host(NUMA 1),Device ?,8.00,464.33,18.07,11246791224143570,11246791224607900,1781444304807023130,1781444304807487460
1962085,1975046,Host(NUMA 1),Device ?,32.00,1991.45,16.85,11246791224646880,11246791226638330,1781444304805652050,1781444304807643500
1962085,1975046,Host(NUMA 1),Device ?,32.00,1975.93,16.98,11246791226677780,11246791228653710,1781444304805829430,1781444304807805360
1962085,1975046,Host(NUMA 1),Device ?,24.00,1570.79,16.02,11246791228696160,11246791230266950,1781444304806391640,1781444304807962430
1962085,1975046,Host(NUMA 1),Device ?,8.00,448.63,18.70,11246791230305460,11246791230754090,1781444304807671220,1781444304808119850
1962085,1975046,Host(NUMA 1),Device ?,32.00,2003.18,16.75,11246791230788730,11246791232791910,1781444304806274010,1781444304808277190
1961715,1975287,Host(NUMA 3),Device ?,24.00,1574.44,15.98,11246790868840900,11246790870415340,1781444304806879440,1781444304808453880
1961715,1975287,Host(NUMA 3),Device ?,8.00,472.26,17.76,11246790870465240,11246790870937500,1781444304808146330,1781444304808618590
1961715,1975287,Host(NUMA 3),Device ?,32.00,2064.97,16.25,11246790870984580,11246790873049550,1781444304806726800,1781444304808791770
1961715,1975287,Host(NUMA 3),Device ?,32.00,2015.22,16.65,11246790873102240,11246790875117460,1781444304806938880,1781444304808954100
1961715,1975287,Host(NUMA 3),Device ?,24.00,1563.02,16.10,11246790875166680,11246790876729700,1781444304807555810,1781444304809118830
1961715,1975287,Host(NUMA 3),Device ?,8.00,533.34,15.73,11246790876778250,11246790877311590,1781444304808745960,1781444304809279300
1961715,1975287,Host(NUMA 3),Device ?,32.00,2011.08,16.68,11246790877356350,11246790879367430,1781444304807426710,1781444304809437790
1961715,1975287,Host(NUMA 3),Device ?,32.00,2035.10,16.49,11246790879418960,11246790881454060,1781444304807565570,1781444304809600670
1961715,1975287,Host(NUMA 3),Device ?,24.00,1672.66,15.05,11246790881506650,11246790883179310,1781444304808092300,1781444304809764960
1961715,1975287,Host(NUMA 3),Device ?,8.00,584.40,14.35,11246790883232330,11246790883816730,1781444304809340910,1781444304809925310
1961715,1975287,Host(NUMA 3),Device ?,32.00,2009.11,16.70,11246790883866810,11246790885875920,1781444304808074600,1781444304810083710
1961715,1975287,Host(NUMA 3),Device ?,32.00,2019.42,16.62,11246790885925540,11246790887944960,1781444304808222360,1781444304810241780
1961715,1975287,Host(NUMA 3),Device ?,24.00,1581.24,15.92,11246790887993200,11246790889574440,1781444304808825640,1781444304810406880
1961715,1975287,Host(NUMA 3),Device ?,8.00,504.33,16.63,11246790889620240,11246790890124570,1781444304810076020,1781444304810580350
1961715,1975287,Host(NUMA 3),Device ?,32.00,2047.73,16.39,11246790890170180,11246790892217910,1781444304808692570,1781444304810740300
1961715,1975287,Host(NUMA 3),Device ?,32.00,2048.95,16.38,11246790892265750,11246790894314700,1781444304808850820,1781444304810899770
1961715,1975287,Host(NUMA 3),Device ?,24.00,1593.89,15.79,11246790894359580,11246790895953470,1781444304809481090,1781444304811074980
1961715,1975287,Host(NUMA 3),Device ?,8.00,529.83,15.83,11246790896012470,11246790896542300,1781444304810705070,1781444304811234900
1961715,1975287,Host(NUMA 3),Device ?,32.00,2013.48,16.66,11246790896584930,11246790898598410,1781444304809384410,1781444304811397890
1961715,1975287,Host(NUMA 3),Device ?,32.00,2029.00,16.54,11246790898646510,11246790900675510,1781444304809528040,1781444304811557040
1961715,1975287,Host(NUMA 3),Device ?,24.00,1578.33,15.94,11246790900723600,11246790902301930,1781444304810137630,1781444304811715960
1961715,1975287,Host(NUMA 3),Device ?,8.00,470.52,17.83,11246790902346700,11246790902817220,1781444304811404650,1781444304811875170
1961715,1975287,Host(NUMA 3),Device ?,32.00,2012.83,16.67,11246790902857050,11246790904869880,1781444304810033120,1781444304812045950
1961715,1975287,Host(NUMA 3),Device ?,32.00,2028.86,16.54,11246790904919100,11246790906947960,1781444304810188990,1781444304812217850
1961715,1975287,Host(NUMA 3),Device ?,24.00,1415.79,17.78,11246790906992750,11246790908408540,1781444304810964000,1781444304812379790
1961715,1975287,Host(NUMA 3),Device ?,8.00,459.39,18.26,11246790908452660,11246790908912050,1781444304812078090,1781444304812537480
1961715,1975287,Host(NUMA 3),Device ?,32.00,1858.99,18.05,11246790908954970,11246790910813960,1781444304810841030,1781444304812700020
1961715,1975287,Host(NUMA 3),Device ?,32.00,1898.11,17.68,11246790910854920,11246790912753030,1781444304810960950,1781444304812859060
1961715,1975287,Host(NUMA 3),Device ?,24.00,1446.27,17.40,11246790912793910,11246790914240180,1781444304811572250,1781444304813018520
1961715,1975287,Host(NUMA 3),Device ?,8.00,538.73,15.57,11246790914282440,11246790914821170,1781444304812637570,1781444304813176300
1961715,1975287,Host(NUMA 3),Device ?,32.00,1865.97,17.98,11246790914862850,11246790916728820,1781444304811470900,1781444304813336870
1961715,1975287,Host(NUMA 3),Device ?,32.00,1865.50,17.99,11246790916770200,11246790918635700,1781444304811631500,1781444304813497000
1961715,1975287,Host(NUMA 3),Device ?,24.00,1429.84,17.60,11246790918677410,11246790920107250,1781444304812226650,1781444304813656490
1961715,1975287,Host(NUMA 3),Device ?,8.00,538.17,15.59,11246790920150400,11246790920688570,1781444304813279140,1781444304813817310
1961715,1975287,Host(NUMA 3),Device ?,32.00,1879.58,17.85,11246790920733880,11246790922613460,1781444304812094680,1781444304813974260
1961715,1975287,Host(NUMA 3),Device ?,32.00,1881.86,17.83,11246790922661270,11246790924543130,1781444304812250160,1781444304814132020
1961715,1975287,Host(NUMA 3),Device ?,24.00,1431.43,17.58,11246790924591240,11246790926022670,1781444304812856610,1781444304814288040
1961715,1975287,Host(NUMA 3),Device ?,8.00,483.65,17.34,11246790926073600,11246790926557250,1781444304813961840,1781444304814445490
1961715,1975287,Host(NUMA 3),Device ?,32.00,1871.51,17.93,11246790926598570,11246790928470080,1781444304812735310,1781444304814606820
1961715,1975287,Host(NUMA 3),Device ?,32.00,1873.24,17.91,11246790928512910,11246790930386150,1781444304812897250,1781444304814770490
1961715,1975287,Host(NUMA 3),Device ?,24.00,1553.09,16.20,11246790930427450,11246790931980540,1781444304813392050,1781444304814945140
1961715,1975287,Host(NUMA 3),Device ?,8.00,483.11,17.36,11246790932041120,11246790932524230,1781444304814629020,1781444304815112130
1961715,1975287,Host(NUMA 3),Device ?,32.00,1869.77,17.95,11246790932565310,11246790934435080,1781444304813398830,1781444304815268600
1961715,1975287,Host(NUMA 3),Device ?,32.00,1878.37,17.86,11246790934477180,11246790936355550,1781444304813562990,1781444304815441360
1961715,1975287,Host(NUMA 3),Device ?,24.00,1435.23,17.53,11246790936395240,11246790937830470,1781444304814165160,1781444304815600390
1961715,1975287,Host(NUMA 3),Device ?,8.00,471.08,17.81,11246790937876970,11246790938348050,1781444304815290040,1781444304815761120
1961715,1975287,Host(NUMA 3),Device ?,32.00,1868.47,17.96,11246790938397710,11246790940266180,1781444304814053240,1781444304815921710
1961715,1975287,Host(NUMA 3),Device ?,32.00,1882.39,17.83,11246790940315090,11246790942197480,1781444304814212540,1781444304816094930
1961715,1975287,Host(NUMA 3),Device ?,24.00,1456.59,17.28,11246790942240970,11246790943697560,1781444304814800130,1781444304816256720
1961715,1975287,Host(NUMA 3),Device ?,8.00,466.21,17.99,11246790943745340,11246790944211550,1781444304815950160,1781444304816416370
1961715,1975287,Host(NUMA 3),Device ?,32.00,1862.06,18.02,11246790944261000,11246790946123060,1781444304814711560,1781444304816573620
1961715,1975287,Host(NUMA 3),Device ?,32.00,1892.43,17.73,11246790946164770,11246790948057200,1781444304814838090,1781444304816730520
1961715,1975287,Host(NUMA 3),Device ?,24.00,1409.26,17.86,11246790948100320,11246790949509580,1781444304815492960,1781444304816902220
1961715,1975287,Host(NUMA 3),Device ?,8.00,544.45,15.41,11246790949553850,11246790950098300,1781444304816511670,1781444304817056120
1961715,1975287,Host(NUMA 3),Device ?,32.00,1884.78,17.80,11246790950138890,11246790952023670,1781444304815331900,1781444304817216680
1961715,1975287,Host(NUMA 3),Device ?,32.00,1893.30,17.72,11246790952067750,11246790953961050,1781444304815485070,1781444304817378370
1961715,1975287,Host(NUMA 3),Device ?,24.00,1444.03,17.43,11246790954010070,11246790955454100,1781444304816091080,1781444304817535110
1961715,1975287,Host(NUMA 3),Device ?,8.00,536.98,15.62,11246790955500700,11246790956037680,1781444304817154220,1781444304817691200
1961715,1975287,Host(NUMA 3),Device ?,32.00,1850.05,18.14,11246790956085130,11246790957935180,1781444304815998840,1781444304817848890
1961715,1975287,Host(NUMA 3),Device ?,32.00,1863.95,18.00,11246790957978890,11246790959842840,1781444304816140900,1781444304818004850
1961715,1975287,Host(NUMA 3),Device ?,24.00,1417.73,17.75,11246790959883550,11246790961301280,1781444304816742250,1781444304818159980
1961715,1975287,Host(NUMA 3),Device ?,8.00,451.40,18.58,11246790961341530,11246790961792930,1781444304817865620,1781444304818317020
1961715,1975287,Host(NUMA 3),Device ?,32.00,1849.76,18.14,11246790961839990,11246790963689750,1781444304816621220,1781444304818470980
1961715,1975287,Host(NUMA 3),Device ?,32.00,1880.31,17.85,11246790963732810,11246790965613120,1781444304816758760,1781444304818639070
1961715,1975287,Host(NUMA 3),Device ?,24.00,1412.98,17.81,11246790965654920,11246790967067900,1781444304817382540,1781444304818795520
1961715,1975287,Host(NUMA 3),Device ?,8.00,463.78,18.09,11246790967112490,11246790967576270,1781444304818499010,1781444304818962790
1961715,1975287,Host(NUMA 3),Device ?,32.00,1854.36,18.09,11246790967617880,11246790969472240,1781444304817269290,1781444304819123650
1961715,1975287,Host(NUMA 3),Device ?,32.00,1870.39,17.94,11246790969512980,11246790971383370,1781444304817407190,1781444304819277580
1961715,1975287,Host(NUMA 3),Device ?,24.00,1426.06,17.65,11246790971423070,11246790972849130,1781444304818005220,1781444304819431280
1961715,1975287,Host(NUMA 3),Device ?,8.00,488.97,17.16,11246790972892460,11246790973381430,1781444304819093830,1781444304819582800
1961715,1975287,Host(NUMA 3),Device ?,32.00,1867.19,17.97,11246790973423460,11246790975290650,1781444304817872540,1781444304819739730
1961715,1975287,Host(NUMA 3),Device ?,32.00,1895.18,17.71,11246790975333530,11246790977228710,1781444304818016500,1781444304819911680
1961715,1975287,Host(NUMA 3),Device ?,254.94,14092.82,18.97,11246790977271660,11246790991364480,1781444304805971840,1781444304820064660
1961715,1975287,Host(NUMA 3),Device ?,0.02,113.81,0.14,11246790991423070,11246790991536880,1781444304820106350,1781444304820220160
1961715,1975287,Host(NUMA 3),Device ?,0.02,66.90,0.24,11246790991581820,11246790991648720,1781444304820307890,1781444304820374790
1961715,1975287,Host(NUMA 3),Device ?,0.01,71.22,0.17,11246790991692070,11246790991763290,1781444304820456590,1781444304820527810
1961715,1975287,Host(NUMA 3),Device ?,0.02,68.33,0.24,11246790991804140,11246790991872470,1781444304820615870,1781444304820684200
1961715,1975287,Host(NUMA 3),Device ?,0.02,65.47,0.25,11246790991910490,11246790991975960,1781444304820775220,1781444304820840690
1961715,1975287,Host(NUMA 3),Device ?,0.02,99.70,0.16,11246790992029480,11246790992129180,1781444304820894370,1781444304820994070
1961715,1975287,Host(NUMA 3),Device ?,0.02,24.38,0.67,11246790992171080,11246790992195460,1781444304821124630,1781444304821149010
1961715,1975287,Host(NUMA 3),Device ?,0.02,20.62,0.79,11246790992228470,11246790992249090,1781444304821283450,1781444304821304070
1961715,1975287,Host(NUMA 3),Device ?,0.02,21.04,0.78,11246790992284850,11246790992305890,1781444304821436010,1781444304821457050
1961715,1975287,Host(NUMA 3),Device ?,0.02,22.32,0.73,11246790992341540,11246790992363860,1781444304821605140,1781444304821627460
1961715,1975287,Host(NUMA 3),Device ?,0.01,20.00,0.61,11246790992393160,11246790992413160,1781444304821787700,1781444304821807700
1961715,1975287,Host(NUMA 3),Device ?,0.02,21.26,0.77,11246790992442060,11246790992463320,1781444304821944090,1781444304821965350
1961715,1975287,Host(NUMA 3),Device ?,0.02,18.61,0.88,11246790992493920,11246790992512530,1781444304822102070,1781444304822120680
1961715,1975287,Host(NUMA 3),Device ?,0.02,19.93,0.82,11246790992539750,11246790992559680,1781444304822253020,1781444304822272950
1961715,1975287,Host(NUMA 3),Device ?,0.02,19.90,0.82,11246790992588420,11246790992608320,1781444304822407750,1781444304822427650
1961715,1975287,Host(NUMA 3),Device ?,0.02,20.03,0.82,11246790992638940,11246790992658970,1781444304822561360,1781444304822581390
1961715,1975287,Host(NUMA 3),Device ?,0.02,18.82,0.87,11246790992689020,11246790992707840,1781444304822717730,1781444304822736550
1961715,1975287,Host(NUMA 3),Device ?,0.02,19.10,0.86,11246790992736370,11246790992755470,1781444304822871000,1781444304822890100
1961715,1975287,Host(NUMA 3),Device ?,0.01,19.82,0.62,11246790992786110,11246790992805930,1781444304823063010,1781444304823082830
1961715,1975287,Host(NUMA 3),Device ?,0.02,19.97,0.82,11246790992835280,11246790992855250,1781444304823222700,1781444304823242670
1961715,1975287,Host(NUMA 3),Device ?,0.02,20.45,0.80,11246790992886430,11246790992906880,1781444304823381250,1781444304823401700
1961715,1975287,Host(NUMA 3),Device ?,0.02,20.68,0.79,11246790992937050,11246790992957730,1781444304823535030,1781444304823555710
1961715,1975287,Host(NUMA 3),Device ?,0.02,22.19,0.74,11246790992987860,11246790993010050,1781444304823691290,1781444304823713480
1961715,1975287,Host(NUMA 3),Device ?,0.02,19.72,0.83,11246790993039870,11246790993059590,1781444304823848270,1781444304823867990
1961715,1975287,Host(NUMA 3),Device ?,0.02,18.68,0.88,11246790993087150,11246790993105830,1781444304824005920,1781444304824024600
1961715,1975287,Host(NUMA 3),Device ?,0.02,21.21,0.77,11246790993134440,11246790993155650,1781444304824159620,1781444304824180830
1961715,1975287,Host(NUMA 3),Device ?,0.01,19.33,0.64,11246790993183470,11246790993202800,1781444304824315730,1781444304824335060
1961715,1975287,Host(NUMA 3),Device ?,0.02,20.49,0.80,11246790993230220,11246790993250710,1781444304824467760,1781444304824488250
1961715,1975287,Host(NUMA 3),Device ?,0.02,19.21,0.85,11246790993279630,11246790993298840,1781444304824624760,1781444304824643970
1961715,1975287,Host(NUMA 3),Device ?,0.02,21.30,0.77,11246790993328250,11246790993349550,1781444304824777370,1781444304824798670
1961715,1975287,Host(NUMA 3),Device ?,0.02,20.34,0.81,11246790993380630,11246790993400970,1781444304824946030,1781444304824966370
1961715,1975287,Host(NUMA 3),Device ?,0.02,18.77,0.87,11246790993438200,11246790993456970,1781444304825104420,1781444304825123190
1961715,1975287,Host(NUMA 3),Device ?,0.02,21.17,0.77,11246790993489160,11246790993510330,1781444304825255910,1781444304825277080
1961715,1975287,Host(NUMA 3),Device ?,0.02,21.27,0.77,11246790993541040,11246790993562310,1781444304825411230,1781444304825432500
1961715,1975287,Host(NUMA 3),Device ?,0.01,21.27,0.58,11246790993591000,11246790993612270,1781444304825568680,1781444304825589950
1961715,1975287,Host(NUMA 3),Device ?,0.02,21.02,0.78,11246790993645300,11246790993666320,1781444304825721030,1781444304825742050
1961715,1975287,Host(NUMA 3),Device ?,0.02,19.56,0.84,11246790993696800,11246790993716360,1781444304825875040,1781444304825894600
1961715,1975287,Host(NUMA 3),Device ?,0.02,20.00,0.82,11246790993747620,11246790993767620,1781444304826029210,1781444304826049210
1961715,1975287,Host(NUMA 3),Device ?,0.02,23.88,0.69,11246790993795700,11246790993819580,1781444304826180610,1781444304826204490
1961715,1975287,Host(NUMA 3),Device ?,0.02,18.73,0.87,11246790993848490,11246790993867220,1781444304826339860,1781444304826358590
1961715,1975287,Host(NUMA 3),Device ?,0.02,21.13,0.78,11246790993894480,11246790993915610,1781444304826491480,1781444304826512610
1961715,1975287,Host(NUMA 3),Device ?,0.02,20.89,0.78,11246790993945590,11246790993966480,1781444304826645020,1781444304826665910
1961715,1975287,Host(NUMA 3),Device ?,0.01,20.08,0.61,11246790993996340,11246790994016420,1781444304826812400,1781444304826832480
1961715,1975287,Host(NUMA 3),Device ?,0.02,18.32,0.89,11246790994044760,11246790994063080,1781444304826993020,1781444304827011340
1961715,1975287,Host(NUMA 3),Device ?,0.02,19.27,0.85,11246790994090310,11246790994109580,1781444304827154430,1781444304827173700
1961715,1975287,Host(NUMA 3),Device ?,0.02,19.15,0.86,11246790994136600,11246790994155750,1781444304827323200,1781444304827342350
1961715,1975287,Host(NUMA 3),Device ?,0.02,21.25,0.77,11246790994184110,11246790994205360,1781444304827479500,1781444304827500750
1961715,1975287,Host(NUMA 3),Device ?,0.02,18.59,0.88,11246790994233610,11246790994252200,1781444304827636630,1781444304827655220
1961715,1975287,Host(NUMA 3),Device ?,0.02,19.51,0.84,11246790994280720,11246790994300230,1781444304827789520,1781444304827809030
1961715,1975287,Host(NUMA 3),Device ?,0.02,19.40,0.84,11246790994328640,11246790994348040,1781444304827944990,1781444304827964390
1961715,1975287,Host(NUMA 3),Device ?,0.01,17.75,0.69,11246790994376540,11246790994394290,1781444304828111870,1781444304828129620
1961715,1975287,Host(NUMA 3),Device ?,0.02,20.19,0.81,11246790994422570,11246790994442760,1781444304828267980,1781444304828288170
1961715,1975287,Host(NUMA 3),Device ?,0.02,20.88,0.78,11246790994469860,11246790994490740,1781444304828424340,1781444304828445220
1961715,1975287,Host(NUMA 3),Device ?,0.02,18.46,0.89,11246790994519250,11246790994537710,1781444304828583680,1781444304828602140
1961715,1975287,Host(NUMA 3),Device ?,0.02,18.80,0.87,11246790994571820,11246790994590620,1781444304828738980,1781444304828757780
1961715,1975287,Host(NUMA 3),Device ?,0.02,18.13,0.90,11246790994620500,11246790994638630,1781444304828896040,1781444304828914170
1961715,1975287,Host(NUMA 3),Device ?,0.02,19.27,0.85,11246790994667180,11246790994686450,1781444304829051480,1781444304829070750
1961715,1975287,Host(NUMA 3),Device ?,0.02,20.37,0.80,11246790994715440,11246790994735810,1781444304829206330,1781444304829226700
1961715,1975287,Host(NUMA 3),Device ?,0.01,20.28,0.61,11246790994765230,11246790994785510,1781444304829364630,1781444304829384910
1961715,1975287,Host(NUMA 3),Device ?,0.02,22.17,0.74,11246790994817400,11246790994839570,1781444304829528180,1781444304829550350
1961715,1975287,Host(NUMA 3),Device ?,0.02,18.68,0.88,11246790994871670,11246790994890350,1781444304829687470,1781444304829706150
1961715,1975287,Host(NUMA 3),Device ?,0.02,19.74,0.83,11246790994918350,11246790994938090,1781444304829840920,1781444304829860660
1961715,1975287,Host(NUMA 3),Device ?,0.02,19.35,0.85,11246790994967500,11246790994986850,1781444304829995750,1781444304830015100
1961715,1975287,Host(NUMA 3),Device ?,0.02,19.98,0.82,11246790995015450,11246790995035430,1781444304830147820,1781444304830167800
1961715,1975287,Host(NUMA 3),Device ?,0.02,19.67,0.83,11246790995065180,11246790995084850,1781444304830301760,1781444304830321430
1961715,1975287,Host(NUMA 3),Device ?,0.02,20.20,0.81,11246790995113960,11246790995134160,1781444304830453180,1781444304830473380
1961715,1975287,Host(NUMA 3),Device ?,0.01,20.13,0.61,11246790995162220,11246790995182350,1781444304830606620,1781444304830626750
1961715,1975287,Host(NUMA 3),Device ?,0.02,19.78,0.83,11246790995210120,11246790995229900,1781444304830758480,1781444304830778260
1961715,1975287,Host(NUMA 3),Device ?,0.02,20.74,0.79,11246790995259340,11246790995280080,1781444304830921030,1781444304830941770
1961715,1975287,Host(NUMA 3),Device ?,0.02,18.82,0.87,11246790995306880,11246790995325700,1781444304831081910,1781444304831100730
1961715,1975287,Host(NUMA 3),Device ?,0.02,19.89,0.82,11246790995355290,11246790995375180,1781444304831252320,1781444304831272210
1961715,1975287,Host(NUMA 3),Device ?,0.02,18.80,0.87,11246790995406060,11246790995424860,1781444304831411180,1781444304831429980
1961715,1975287,Host(NUMA 3),Device ?,0.02,19.38,0.85,11246790995453090,11246790995472470,1781444304831566240,1781444304831585620
1961715,1975287,Host(NUMA 3),Device ?,0.02,21.03,0.78,11246790995499860,11246790995520890,1781444304831733180,1781444304831754210
1961715,1975287,Host(NUMA 3),Device ?,0.01,21.16,0.58,11246790995551720,11246790995572880,1781444304831887230,1781444304831908390
1961715,1975287,Host(NUMA 3),Device ?,0.02,20.19,0.81,11246790995602730,11246790995622920,1781444304832040650,1781444304832060840
1961715,1975287,Host(NUMA 3),Device ?,0.02,20.81,0.79,11246790995650670,11246790995671480,1781444304832195590,1781444304832216400
1961715,1975287,Host(NUMA 3),Device ?,0.02,20.54,0.80,11246790995700520,11246790995721060,1781444304832348900,1781444304832369440
1961715,1975287,Host(NUMA 3),Device ?,0.02,20.59,0.80,11246790995750840,11246790995771430,1781444304832502700,1781444304832523290
1961715,1975287,Host(NUMA 3),Device ?,0.02,19.52,0.84,11246790995801320,11246790995820840,1781444304832660540,1781444304832680060
1961715,1975287,Host(NUMA 3),Device ?,0.02,21.56,0.76,11246790995849840,11246790995871400,1781444304832823090,1781444304832844650
1961715,1975287,Host(NUMA 3),Device ?,0.02,19.90,0.82,11246790995898810,11246790995918710,1781444304832980190,1781444304833000090
1961715,1975287,Host(NUMA 3),Device ?,0.01,20.32,0.60,11246790995950130,11246790995970450,1781444304833134360,1781444304833154680
1961715,1975287,Host(NUMA 3),Device ?,0.02,32.55,0.50,11246790995998490,11246790996031040,1781444304833275650,1781444304833308200
1961715,1975287,Host(NUMA 3),Device ?,0.02,20.28,0.81,11246790996060450,11246790996080730,1781444304833441420,1781444304833461700
1961715,1975287,Host(NUMA 3),Device ?,0.02,19.49,0.84,11246790996108650,11246790996128140,1781444304833594940,1781444304833614430
1961715,1975287,Host(NUMA 3),Device ?,0.02,20.41,0.80,11246790996157780,11246790996178190,1781444304833745830,1781444304833766240
1961715,1975287,Host(NUMA 3),Device ?,0.02,19.16,0.86,11246790996210650,11246790996229810,1781444304833898100,1781444304833917260
1961715,1975287,Host(NUMA 3),Device ?,0.02,34.07,0.48,11246790996648090,11246790996682160,1781444304834038200,1781444304834072270
1961715,1975287,Host(NUMA 3),Device ?,0.02,23.65,0.69,11246790996729760,11246790996753410,1781444304834200400,1781444304834224050
1961715,1975287,Host(NUMA 3),Device ?,0.01,21.35,0.58,11246790996789150,11246790996810500,1781444304834367640,1781444304834388990
1961715,1975287,Host(NUMA 3),Device ?,0.02,20.26,0.81,11246790996842020,11246790996862280,1781444304834525500,1781444304834545760
1961715,1975287,Host(NUMA 3),Device ?,0.02,23.44,0.70,11246790996895090,11246790996918530,1781444304834676790,1781444304834700230
1961715,1975287,Host(NUMA 3),Device ?,0.02,21.84,0.75,11246790996951620,11246790996973460,1781444304834833560,1781444304834855400
1961715,1975287,Host(NUMA 3),Device ?,0.02,22.10,0.74,11246790997006330,11246790997028430,1781444304834998660,1781444304835020760
1961715,1975287,Host(NUMA 3),Device ?,0.02,19.13,0.86,11246790997060280,11246790997079410,1781444304835158800,1781444304835177930
1961715,1975287,Host(NUMA 3),Device ?,0.02,21.41,0.77,11246790997110390,11246790997131800,1781444304835308050,1781444304835329460
1961715,1975287,Host(NUMA 3),Device ?,0.02,20.93,0.78,11246790997161780,11246790997182710,1781444304835464910,1781444304835485840
1961715,1975287,Host(NUMA 3),Device ?,0.01,19.32,0.64,11246790997213130,11246790997232450,1781444304835622170,1781444304835641490
1961715,1975287,Host(NUMA 3),Device ?,0.02,19.38,0.85,11246790997262160,11246790997281540,1781444304835776740,1781444304835796120
1961715,1975287,Host(NUMA 3),Device ?,0.02,21.72,0.75,11246790997312190,11246790997333910,1781444304835926580,1781444304835948300
1961715,1975287,Host(NUMA 3),Device ?,0.02,20.92,0.78,11246790997366420,11246790997387340,1781444304836081980,1781444304836102900
1961715,1975287,Host(NUMA 3),Device ?,0.02,21.96,0.75,11246790997420070,11246790997442030,1781444304836232870,1781444304836254830
1961715,1975287,Host(NUMA 3),Device ?,0.02,21.71,0.75,11246790997475860,11246790997497570,1781444304836389000,1781444304836410710
1961715,1975287,Host(NUMA 3),Device ?,0.02,23.08,0.71,11246790997528270,11246790997551350,1781444304836543960,1781444304836567040
1961715,1975287,Host(NUMA 3),Device ?,0.02,21.15,0.77,11246790997588770,11246790997609920,1781444304836711710,1781444304836732860
1961715,1975287,Host(NUMA 3),Device ?,0.01,20.94,0.59,11246790997640020,11246790997660960,1781444304836866880,1781444304836887820
1961715,1975287,Host(NUMA 3),Device ?,0.02,19.66,0.83,11246790997690180,11246790997709840,1781444304837022230,1781444304837041890
1961715,1975287,Host(NUMA 3),Device ?,0.02,21.81,0.75,11246790997739580,11246790997761390,1781444304837172980,1781444304837194790
1961715,1975287,Host(NUMA 3),Device ?,0.02,18.61,0.88,11246790997790870,11246790997809480,1781444304837332090,1781444304837350700
1961715,1975287,Host(NUMA 3),Device ?,0.02,20.25,0.81,11246790997839100,11246790997859350,1781444304837503420,1781444304837523670
1961715,1975287,Host(NUMA 3),Device ?,0.02,19.92,0.82,11246790997890080,11246790997910000,1781444304837660620,1781444304837680540
1961715,1975287,Host(NUMA 3),Device ?,0.02,19.41,0.84,11246790997938890,11246790997958300,1781444304837815540,1781444304837834950
1961715,1975287,Host(NUMA 3),Device ?,0.02,22.21,0.74,11246790997991150,11246790998013360,1781444304837963120,1781444304837985330
1961715,1975287,Host(NUMA 3),Device ?,0.01,20.96,0.59,11246790998049710,11246790998070670,1781444304838119350,1781444304838140310
1961715,1975287,Host(NUMA 3),Device ?,0.02,20.86,0.79,11246790998100720,11246790998121580,1781444304838282500,1781444304838303360
1961715,1975287,Host(NUMA 3),Device ?,0.02,19.73,0.83,11246790998152170,11246790998171900,1781444304838439320,1781444304838459050
1961715,1975287,Host(NUMA 3),Device ?,0.02,19.94,0.82,11246790998199810,11246790998219750,1781444304838595830,1781444304838615770
1961715,1975287,Host(NUMA 3),Device ?,0.02,21.02,0.78,11246790998246420,11246790998267440,1781444304838748150,1781444304838769170
1961715,1975287,Host(NUMA 3),Device ?,0.02,20.71,0.79,11246790998298700,11246790998319410,1781444304838930480,1781444304838951190
1961715,1975287,Host(NUMA 3),Device ?,0.02,19.79,0.83,11246790998350770,11246790998370560,1781444304839111890,1781444304839131680
1961715,1975287,Host(NUMA 3),Device ?,0.02,18.38,0.89,11246790998399300,11246790998417680,1781444304839267110,1781444304839285490
1961715,1975287,Host(NUMA 3),Device ?,0.01,19.92,0.62,11246790998445490,11246790998465410,1781444304839421700,1781444304839441620
1961715,1975287,Host(NUMA 3),Device ?,0.02,20.98,0.78,11246790998500190,11246790998521170,1781444304839571630,1781444304839592610
1961715,1975287,Host(NUMA 3),Device ?,0.02,20.75,0.79,11246790998550770,11246790998571520,1781444304839727630,1781444304839748380
1961715,1975287,Host(NUMA 3),Device ?,0.02,21.25,0.77,11246790998601430,11246790998622680,1781444304839881440,1781444304839902690
1961715,1975287,Host(NUMA 3),Device ?,0.02,20.31,0.81,11246790998656820,11246790998677130,1781444304840036660,1781444304840056970
1961715,1975287,Host(NUMA 3),Device ?,0.02,18.28,0.90,11246790998707890,11246790998726170,1781444304840193570,1781444304840211850
1961715,1975287,Host(NUMA 3),Device ?,0.02,20.67,0.79,11246790998758900,11246790998779570,1781444304840345830,1781444304840366500
1961715,1975287,Host(NUMA 3),Device ?,0.02,22.84,0.72,11246790998812660,11246790998835500,1781444304840497600,1781444304840520440
1961715,1975287,Host(NUMA 3),Device ?,0.01,18.70,0.66,11246790998864550,11246790998883250,1781444304840667490,1781444304840686190
1961715,1975287,Host(NUMA 3),Device ?,0.02,19.37,0.85,11246790998911080,11246790998930450,1781444304840822780,1781444304840842150
1961715,1975287,Host(NUMA 3),Device ?,0.02,20.69,0.79,11246790998963510,11246790998984200,1781444304840979120,1781444304840999810
1961715,1975287,Host(NUMA 3),Device ?,0.02,21.84,0.75,11246790999015500,11246790999037340,1781444304841131490,1781444304841153330
1961715,1975287,Host(NUMA 3),Device ?,0.02,19.92,0.82,11246790999073040,11246790999092960,1781444304841287490,1781444304841307410
1961715,1975287,Host(NUMA 3),Device ?,0.02,19.84,0.83,11246790999124460,11246790999144300,1781444304841442520,1781444304841462360
1961715,1975287,Host(NUMA 3),Device ?,0.02,19.80,0.83,11246790999172310,11246790999192110,1781444304841609820,1781444304841629620
1961715,1975287,Host(NUMA 3),Device ?,0.02,20.34,0.81,11246790999222580,11246790999242920,1781444304841765960,1781444304841786300
1961715,1975287,Host(NUMA 3),Device ?,0.01,19.45,0.63,11246790999277970,11246790999297420,1781444304841920550,1781444304841940000
1961715,1975287,Host(NUMA 3),Device ?,0.02,19.89,0.82,11246790999324850,11246790999344740,1781444304842073690,1781444304842093580
1961715,1975287,Host(NUMA 3),Device ?,0.02,21.16,0.77,11246790999375640,11246790999396800,1781444304842224900,1781444304842246060
1961715,1975287,Host(NUMA 3),Device ?,0.02,21.17,0.77,11246790999427210,11246790999448380,1781444304842376820,1781444304842397990
1961715,1975287,Host(NUMA 3),Device ?,0.02,20.64,0.79,11246790999479230,11246790999499870,1781444304842530400,1781444304842551040
1961715,1975287,Host(NUMA 3),Device ?,0.02,18.13,0.90,11246790999526990,11246790999545120,1781444304842690490,1781444304842708620
1961715,1975287,Host(NUMA 3),Device ?,0.02,21.42,0.76,11246790999577630,11246790999599050,1781444304842844110,1781444304842865530
1961715,1975287,Host(NUMA 3),Device ?,0.02,20.91,0.78,11246790999631820,11246790999652730,1781444304843028980,1781444304843049890
1961715,1975287,Host(NUMA 3),Device ?,0.01,20.87,0.59,11246790999682870,11246790999703740,1781444304843186060,1781444304843206930
1961715,1975287,Host(NUMA 3),Device ?,0.02,22.03,0.74,11246790999734290,11246790999756320,1781444304843346380,1781444304843368410
1961715,1975287,Host(NUMA 3),Device ?,0.02,20.81,0.79,11246790999789960,11246790999810770,1781444304843503600,1781444304843524410
1961715,1975287,Host(NUMA 3),Device ?,0.02,21.04,0.78,11246790999839720,11246790999860760,1781444304843658550,1781444304843679590
1961715,1975287,Host(NUMA 3),Device ?,0.02,19.77,0.83,11246790999892690,11246790999912460,1781444304843823870,1781444304843843640
1961715,1975287,Host(NUMA 3),Device ?,0.02,20.29,0.81,11246790999943990,11246790999964280,1781444304843989540,1781444304844009830
1961715,1975287,Host(NUMA 3),Device ?,0.02,31.19,0.53,11246790999997910,11246791000029100,1781444304844139370,1781444304844170560
1961715,1975287,Host(NUMA 3),Device ?,0.02,19.47,0.84,11246791000059300,11246791000078770,1781444304844303940,1781444304844323410
1961715,1975287,Host(NUMA 3),Device ?,0.01,19.69,0.62,11246791000108070,11246791000127760,1781444304844457670,1781444304844477360
1961715,1975287,Host(NUMA 3),Device ?,0.02,20.81,0.79,11246791000155730,11246791000176540,1781444304844610830,1781444304844631640
1961715,1975287,Host(NUMA 3),Device ?,0.02,25.72,0.64,11246791000290180,11246791000315900,1781444304844762770,1781444304844788490
1961715,1975287,Host(NUMA 3),Device ?,0.02,23.74,0.69,11246791000355600,11246791000379340,1781444304844917710,1781444304844941450
1961715,1975287,Host(NUMA 3),Device ?,0.02,24.78,0.66,11246791000411190,11246791000435970,1781444304845072790,1781444304845097570
1961715,1975287,Host(NUMA 3),Device ?,0.02,20.90,0.78,11246791000468800,11246791000489700,1781444304845233660,1781444304845254560
1961715,1975287,Host(NUMA 3),Device ?,0.02,21.32,0.77,11246791000521580,11246791000542900,1781444304845388340,1781444304845409660
1961715,1975287,Host(NUMA 3),Device ?,0.02,20.69,0.79,11246791000572430,11246791000593120,1781444304845542490,1781444304845563180
1961715,1975287,Host(NUMA 3),Device ?,0.01,21.30,0.58,11246791000623480,11246791000644780,1781444304845699330,1781444304845720630
1961715,1975287,Host(NUMA 3),Device ?,0.02,21.10,0.78,11246791000676160,11246791000697260,1781444304845851510,1781444304845872610
1961715,1975287,Host(NUMA 3),Device ?,0.02,22.38,0.73,11246791000728160,11246791000750540,1781444304846006900,1781444304846029280
1961715,1975287,Host(NUMA 3),Device ?,0.02,20.22,0.81,11246791000785620,11246791000805840,1781444304846163670,1781444304846183890
1961715,1975287,Host(NUMA 3),Device ?,0.02,20.89,0.78,11246791000835110,11246791000856000,1781444304846315200,1781444304846336090
1961715,1975287,Host(NUMA 3),Device ?,0.02,19.51,0.84,11246791000883890,11246791000903400,1781444304846470990,1781444304846490500
1961715,1975287,Host(NUMA 3),Device ?,0.02,22.27,0.74,11246791000933230,11246791000955500,1781444304846634210,1781444304846656480
1961715,1975287,Host(NUMA 3),Device ?,0.02,19.85,0.83,11246791000986310,11246791001006160,1781444304846792120,1781444304846811970
1961715,1975287,Host(NUMA 3),Device ?,0.01,20.53,0.60,11246791001043460,11246791001063990,1781444304846965810,1781444304846986340
1961715,1975287,Host(NUMA 3),Device ?,0.02,20.74,0.79,11246791001096850,11246791001117590,1781444304847127760,1781444304847148500
1961715,1975287,Host(NUMA 3),Device ?,0.02,22.40,0.73,11246791001148030,11246791001170430,1781444304847282050,1781444304847304450
1961715,1975287,Host(NUMA 3),Device ?,0.02,23.19,0.71,11246791001204930,11246791001228120,1781444304847437540,1781444304847460730
1961715,1975287,Host(NUMA 3),Device ?,0.02,21.05,0.78,11246791001262630,11246791001283680,1781444304847594000,1781444304847615050
1961715,1975287,Host(NUMA 3),Device ?,0.02,22.46,0.73,11246791001315210,11246791001337670,1781444304847748690,1781444304847771150
1961715,1975287,Host(NUMA 3),Device ?,0.02,21.21,0.77,11246791001369600,11246791001390810,1781444304847905400,1781444304847926610
1961715,1975287,Host(NUMA 3),Device ?,0.02,19.58,0.84,11246791001419550,11246791001439130,1781444304848060970,1781444304848080550
1961715,1975287,Host(NUMA 3),Device ?,0.01,21.04,0.58,11246791001468350,11246791001489390,1781444304848217000,1781444304848238040
1961715,1975287,Host(NUMA 3),Device ?,0.02,22.06,0.74,11246791001521350,11246791001543410,1781444304848369400,1781444304848391460
1961715,1975287,Host(NUMA 3),Device ?,0.02,21.32,0.77,11246791001577880,11246791001599200,1781444304848525750,1781444304848547070
1961715,1975287,Host(NUMA 3),Device ?,0.02,20.53,0.80,11246791001627490,11246791001648020,1781444304848695200,1781444304848715730
1961715,1975287,Host(NUMA 3),Device ?,0.02,23.61,0.69,11246791001680060,11246791001703670,1781444304848845000,1781444304848868610
1961715,1975287,Host(NUMA 3),Device ?,0.02,22.20,0.74,11246791001736540,11246791001758740,1781444304849000570,1781444304849022770
1961715,1975287,Host(NUMA 3),Device ?,0.02,20.43,0.80,11246791001790540,11246791001810970,1781444304849157960,1781444304849178390
1961715,1975287,Host(NUMA 3),Device ?,0.02,22.23,0.74,11246791001845760,11246791001867990,1781444304849308940,1781444304849331170
1961715,1975287,Host(NUMA 3),Device ?,0.01,21.29,0.58,11246791001900130,11246791001921420,1781444304849476850,1781444304849498140
1961715,1975287,Host(NUMA 3),Device ?,0.02,21.27,0.77,11246791001953340,11246791001974610,1781444304849636090,1781444304849657360
1961715,1975287,Host(NUMA 3),Device ?,0.02,20.17,0.81,11246791002004660,11246791002024830,1781444304849790710,1781444304849810880
1961715,1975287,Host(NUMA 3),Device ?,0.02,20.86,0.79,11246791002054580,11246791002075440,1781444304849945360,1781444304849966220
1961715,1975287,Host(NUMA 3),Device ?,0.02,20.25,0.81,11246791002106510,11246791002126760,1781444304850110530,1781444304850130780
1961715,1975287,Host(NUMA 3),Device ?,0.02,20.18,0.81,11246791002160870,11246791002181050,1781444304850270030,1781444304850290210
1961715,1975287,Host(NUMA 3),Device ?,0.02,21.03,0.78,11246791002209040,11246791002230070,1781444304850420270,1781444304850441300
1961715,1975287,Host(NUMA 3),Device ?,0.02,20.98,0.78,11246791002257560,11246791002278540,1781444304850576510,1781444304850597490
1961715,1975287,Host(NUMA 3),Device ?,0.01,17.73,0.69,11246791002305760,11246791002323490,1781444304850738270,1781444304850756000
1961715,1975287,Host(NUMA 3),Device ?,0.02,21.62,0.76,11246791002352220,11246791002373840,1781444304850892570,1781444304850914190
1961715,1975287,Host(NUMA 3),Device ?,0.02,20.71,0.79,11246791002401500,11246791002422210,1781444304851063010,1781444304851083720
1961715,1975287,Host(NUMA 3),Device ?,0.02,20.18,0.81,11246791002450880,11246791002471060,1781444304851219360,1781444304851239540
1961715,1975287,Host(NUMA 3),Device ?,0.02,20.67,0.79,11246791002500180,11246791002520850,1781444304851371500,1781444304851392170
1961715,1975287,Host(NUMA 3),Device ?,0.02,19.44,0.84,11246791002548810,11246791002568250,1781444304851540360,1781444304851559800
1961715,1975287,Host(NUMA 3),Device ?,0.02,21.15,0.77,11246791002597060,11246791002618210,1781444304851697760,1781444304851718910
1961715,1975287,Host(NUMA 3),Device ?,0.02,20.73,0.79,11246791002649530,11246791002670260,1781444304851854670,1781444304851875400
1961715,1975287,Host(NUMA 3),Device ?,0.01,22.13,0.56,11246791002703260,11246791002725390,1781444304852008910,1781444304852031040
1961715,1975287,Host(NUMA 3),Device ?,0.02,20.95,0.78,11246791002752460,11246791002773410,1781444304852166450,1781444304852187400
1961715,1975287,Host(NUMA 3),Device ?,0.02,23.22,0.71,11246791002803610,11246791002826830,1781444304852318570,1781444304852341790
1961715,1975287,Host(NUMA 3),Device ?,0.02,22.24,0.74,11246791002858320,11246791002880560,1781444304852475860,1781444304852498100
1961715,1975287,Host(NUMA 3),Device ?,0.02,20.08,0.82,11246791002912760,11246791002932840,1781444304852631990,1781444304852652070
1961715,1975287,Host(NUMA 3),Device ?,0.02,21.76,0.75,11246791002962540,11246791002984300,1781444304852786040,1781444304852807800
1961715,1975287,Host(NUMA 3),Device ?,0.02,20.72,0.79,11246791003013110,11246791003033830,1781444304852940790,1781444304852961510
1961715,1975287,Host(NUMA 3),Device ?,0.02,19.67,0.83,11246791003061880,11246791003081550,1781444304853096230,1781444304853115900
1961715,1975287,Host(NUMA 3),Device ?,0.01,19.54,0.63,11246791003110820,11246791003130360,1781444304853250570,1781444304853270110
1961715,1975287,Host(NUMA 3),Device ?,0.02,19.40,0.84,11246791003158160,11246791003177560,1781444304853426490,1781444304853445890
1961715,1975287,Host(NUMA 3),Device ?,0.02,20.12,0.81,11246791003205670,11246791003225790,1781444304853581710,1781444304853601830
1961715,1975287,Host(NUMA 3),Device ?,0.02,20.40,0.80,11246791003255900,11246791003276300,1781444304853735770,1781444304853756170
1961715,1975287,Host(NUMA 3),Device ?,0.02,21.23,0.77,11246791003307750,11246791003328980,1781444304853891740,1781444304853912970
1961715,1975287,Host(NUMA 3),Device ?,0.02,20.77,0.79,11246791003361140,11246791003381910,1781444304854044640,1781444304854065410
1961715,1975287,Host(NUMA 3),Device ?,0.02,18.91,0.87,11246791003411930,11246791003430840,1781444304854202350,1781444304854221260
1961715,1975287,Host(NUMA 3),Device ?,0.02,20.12,0.81,11246791003460050,11246791003480170,1781444304854354680,1781444304854374800
1961715,1975287,Host(NUMA 3),Device ?,0.01,21.64,0.57,11246791003509240,11246791003530880,1781444304854506870,1781444304854528510
1961715,1975287,Host(NUMA 3),Device ?,0.02,22.50,0.73,11246791003562380,11246791003584880,1781444304854658590,1781444304854681090
1961715,1975287,Host(NUMA 3),Device ?,0.02,19.80,0.83,11246791003617360,11246791003637160,1781444304854815460,1781444304854835260
1961715,1975287,Host(NUMA 3),Device ?,0.02,19.44,0.84,11246791003666910,11246791003686350,1781444304855012380,1781444304855031820
1961715,1975287,Host(NUMA 3),Device ?,0.02,18.98,0.86,11246791003714380,11246791003733360,1781444304855177190,1781444304855196170
1961715,1975287,Host(NUMA 3),Device ?,0.02,20.50,0.80,11246791003763580,11246791003784080,1781444304855333540,1781444304855354040
1961715,1975287,Host(NUMA 3),Device ?,0.02,20.67,0.79,11246791003814170,11246791003834840,1781444304855494160,1781444304855514830
1961715,1975287,Host(NUMA 3),Device ?,0.02,25.23,0.65,11246791003863880,11246791003889110,1781444304855647970,1781444304855673200
1961715,1975287,Host(NUMA 3),Device ?,509.88,28309.51,18.89,11246791003915680,11246791032225190,1781444304827518000,1781444304855827510
1961715,1975287,Host(NUMA 3),Device ?,24.00,1435.23,17.53,11246791032304770,11246791033740000,1781444304854550270,1781444304855985500
1961715,1975287,Host(NUMA 3),Device ?,8.00,454.43,18.46,11246791033797780,11246791034252210,1781444304855691550,1781444304856145980
1961715,1975287,Host(NUMA 3),Device ?,32.00,1925.65,17.42,11246791034297650,11246791036223300,1781444304854380860,1781444304856306510
1961715,1975287,Host(NUMA 3),Device ?,32.00,1871.26,17.93,11246791036275740,11246791038147000,1781444304854592060,1781444304856463320
1961715,1975287,Host(NUMA 3),Device ?,24.00,1402.43,17.94,11246791038195500,11246791039597930,1781444304855233830,1781444304856636260
1961715,1975287,Host(NUMA 3),Device ?,8.00,622.61,13.47,11246791039646770,11246791040269380,1781444304856172430,1781444304856795040
1961715,1975287,Host(NUMA 3),Device ?,32.00,1983.28,16.92,11246791040318530,11246791042301810,1781444304854968700,1781444304856951980
1961715,1975287,Host(NUMA 3),Device ?,32.00,2046.61,16.40,11246791042347630,11246791044394240,1781444304855062120,1781444304857108730
1961715,1975287,Host(NUMA 3),Device ?,24.00,1538.75,16.35,11246791044446090,11246791045984840,1781444304855728790,1781444304857267540
1961715,1975287,Host(NUMA 3),Device ?,8.00,751.53,11.16,11246791046037550,11246791046789080,1781444304856679120,1781444304857430650
1961715,1975287,Host(NUMA 3),Device ?,32.00,2067.46,16.23,11246791046838770,11246791048906230,1781444304855516600,1781444304857584060
1961715,1975287,Host(NUMA 3),Device ?,32.00,2048.50,16.38,11246791048958730,11246791051007230,1781444304855689620,1781444304857738120
1961715,1975287,Host(NUMA 3),Device ?,24.00,1621.08,15.52,11246791051058030,11246791052679110,1781444304856270910,1781444304857891990
1961715,1975287,Host(NUMA 3),Device ?,8.00,549.05,15.28,11246791052733200,11246791053282250,1781444304857499110,1781444304858048160
1961715,1975287,Host(NUMA 3),Device ?,32.00,2036.94,16.47,11246791053330490,11246791055367430,1781444304856173160,1781444304858210100
1961715,1975287,Host(NUMA 3),Device ?,32.00,2013.05,16.67,11246791055415110,11246791057428160,1781444304856353830,1781444304858366880
1961715,1975287,Host(NUMA 3),Device ?,24.00,1563.37,16.10,11246791057476870,11246791059040240,1781444304856964380,1781444304858527750
1961715,1975287,Host(NUMA 3),Device ?,8.00,472.80,17.74,11246791059087890,11246791059560690,1781444304858208910,1781444304858681710
1961715,1975287,Host(NUMA 3),Device ?,32.00,1997.36,16.80,11246791059603360,11246791061600720,1781444304856842410,1781444304858839770
1961715,1975287,Host(NUMA 3),Device ?,32.00,2012.44,16.67,11246791061645700,11246791063658140,1781444304857007540,1781444304859019980
1961715,1975287,Host(NUMA 3),Device ?,24.00,1618.09,15.55,11246791063703240,11246791065321330,1781444304857565290,1781444304859183380
1961715,1975287,Host(NUMA 3),Device ?,8.00,475.36,17.65,11246791065370660,11246791065846020,1781444304858863450,1781444304859338810
1961715,1975287,Host(NUMA 3),Device ?,32.00,2045.20,16.41,11246791065889370,11246791067934570,1781444304857447120,1781444304859492320
1961715,1975287,Host(NUMA 3),Device ?,32.00,2002.49,16.76,11246791067980880,11246791069983370,1781444304857643830,1781444304859646320
1961715,1975287,Host(NUMA 3),Device ?,24.00,1560.81,16.12,11246791070030090,11246791071590900,1781444304858256090,1781444304859816900
1961715,1975287,Host(NUMA 3),Device ?,8.00,478.51,17.53,11246791071642840,11246791072121350,1781444304859496520,1781444304859975030
1961715,1975287,Host(NUMA 3),Device ?,32.00,2033.89,16.50,11246791072167260,11246791074201150,1781444304858099250,1781444304860133140
1961715,1975287,Host(NUMA 3),Device ?,32.00,2026.97,16.55,11246791074249250,11246791076276220,1781444304858261980,1781444304860288950
1961715,1975287,Host(NUMA 3),Device ?,24.00,1564.35,16.09,11246791076323820,11246791077888170,1781444304858878370,1781444304860442720
1961715,1975287,Host(NUMA 3),Device ?,8.00,548.22,15.30,11246791077935960,11246791078484180,1781444304860061330,1781444304860609550
1961715,1975287,Host(NUMA 3),Device ?,32.00,2011.53,16.68,11246791078525880,11246791080537410,1781444304858754920,1781444304860766450
1961715,1975287,Host(NUMA 3),Device ?,32.00,2052.97,16.34,11246791080585120,11246791082638090,1781444304858868600,1781444304860921570
1961715,1975287,Host(NUMA 3),Device ?,24.00,1570.13,16.03,11246791082687110,11246791084257240,1781444304859507260,1781444304861077390
1961715,1975287,Host(NUMA 3),Device ?,8.00,450.72,18.61,11246791084305760,11246791084756480,1781444304860784020,1781444304861234740
1961715,1975287,Host(NUMA 3),Device ?,32.00,1997.23,16.80,11246791084800860,11246791086798090,1781444304859392420,1781444304861389650
1961715,1975287,Host(NUMA 3),Device ?,32.00,1999.72,16.78,11246791086844500,11246791088844220,1781444304859560730,1781444304861560450
1961715,1975287,Host(NUMA 3),Device ?,24.00,1565.34,16.08,11246791088892420,11246791090457760,1781444304860149340,1781444304861714680
1961715,1975287,Host(NUMA 3),Device ?,8.00,459.96,18.24,11246791090504740,11246791090964700,1781444304861408940,1781444304861868900
1961715,1975287,Host(NUMA 3),Device ?,32.00,1991.09,16.85,11246791091007580,11246791092998670,1781444304860030350,1781444304862021440
1961715,1975287,Host(NUMA 3),Device ?,32.00,2009.22,16.70,11246791093045230,11246791095054450,1781444304860167920,1781444304862177140
1961715,1975287,Host(NUMA 3),Device ?,24.00,1571.76,16.01,11246791095099820,11246791096671580,1781444304860761340,1781444304862333100
1961644,1975092,Host(NUMA 4),Device ?,24.00,1426.56,17.64,11246790923739310,11246790925165870,1781444304861069260,1781444304862495820
1961644,1975092,Host(NUMA 4),Device ?,8.00,475.14,17.66,11246790925208400,11246790925683540,1781444304862180960,1781444304862656100
1961644,1975092,Host(NUMA 4),Device ?,32.00,1889.31,17.76,11246790925723650,11246790927612960,1781444304860922290,1781444304862811600
1961644,1975092,Host(NUMA 4),Device ?,32.00,1896.87,17.69,11246790927649500,11246790929546370,1781444304861091220,1781444304862988090
1961644,1975092,Host(NUMA 4),Device ?,24.00,1431.68,17.58,11246790929587710,11246790931019390,1781444304861717790,1781444304863149470
1961644,1975092,Host(NUMA 4),Device ?,8.00,559.37,15.00,11246790931058520,11246790931617890,1781444304862746010,1781444304863305380
1961644,1975092,Host(NUMA 4),Device ?,32.00,1875.23,17.89,11246790931653800,11246790933529030,1781444304861590160,1781444304863465390
1961644,1975092,Host(NUMA 4),Device ?,32.00,1870.56,17.94,11246790933564080,11246790935434640,1781444304861751030,1781444304863621590
1961644,1975092,Host(NUMA 4),Device ?,24.00,1437.56,17.51,11246790935470830,11246790936908390,1781444304862338790,1781444304863776350
1961644,1975092,Host(NUMA 4),Device ?,8.00,538.41,15.58,11246790936944280,11246790937482690,1781444304863393450,1781444304863931860
1961644,1975092,Host(NUMA 4),Device ?,32.00,1876.61,17.88,11246790937522090,11246790939398700,1781444304862210810,1781444304864087420
1961644,1975092,Host(NUMA 4),Device ?,32.00,1865.99,17.98,11246790939441210,11246790941307200,1781444304862374360,1781444304864240350
1961644,1975092,Host(NUMA 4),Device ?,24.00,1429.02,17.61,11246790941348780,11246790942777800,1781444304862967870,1781444304864396890
1961644,1975092,Host(NUMA 4),Device ?,8.00,506.92,16.55,11246790942816140,11246790943323060,1781444304864044490,1781444304864551410
1961644,1975092,Host(NUMA 4),Device ?,32.00,1853.71,18.10,11246790943360240,11246790945213950,1781444304862852700,1781444304864706410
1961644,1975092,Host(NUMA 4),Device ?,32.00,1879.10,17.86,11246790945251840,11246790947130940,1781444304862982760,1781444304864861860
1961644,1975092,Host(NUMA 4),Device ?,254.94,14078.89,18.99,11246790947168650,11246790961247540,1781444304850939830,1781444304865018720
1961644,1975092,Host(NUMA 4),Device ?,0.02,24.93,0.66,11246790961291710,11246790961316640,1781444304865148290,1781444304865173220
1961644,1975092,Host(NUMA 4),Device ?,0.02,20.90,0.78,11246790961348520,11246790961369420,1781444304865308300,1781444304865329200
1961644,1975092,Host(NUMA 4),Device ?,0.01,20.68,0.59,11246790961399310,11246790961419990,1781444304865464580,1781444304865485260
1961644,1975092,Host(NUMA 4),Device ?,0.02,20.49,0.80,11246790961452670,11246790961473160,1781444304865619110,1781444304865639600
1961644,1975092,Host(NUMA 4),Device ?,0.02,19.73,0.83,11246790961502240,11246790961521970,1781444304865772680,1781444304865792410
1961644,1975092,Host(NUMA 4),Device ?,0.02,22.19,0.74,11246790961553880,11246790961576070,1781444304865926060,1781444304865948250
1961644,1975092,Host(NUMA 4),Device ?,0.02,20.16,0.81,11246790961607890,11246790961628050,1781444304866101060,1781444304866121220
1961644,1975092,Host(NUMA 4),Device ?,0.02,21.19,0.77,11246790961655420,11246790961676610,1781444304866266170,1781444304866287360
1961644,1975092,Host(NUMA 4),Device ?,0.02,19.12,0.86,11246790961704050,11246790961723170,1781444304866421710,1781444304866440830
1961644,1975092,Host(NUMA 4),Device ?,0.02,17.76,0.92,11246790961751040,11246790961768800,1781444304866580030,1781444304866597790
1961644,1975092,Host(NUMA 4),Device ?,0.01,17.58,0.70,11246790961796360,11246790961813940,1781444304866735060,1781444304866752640
1961644,1975092,Host(NUMA 4),Device ?,0.02,18.55,0.88,11246790961842560,11246790961861110,1781444304866889480,1781444304866908030
1961644,1975092,Host(NUMA 4),Device ?,0.02,17.55,0.93,11246790961889080,11246790961906630,1781444304867068990,1781444304867086540
1961644,1975092,Host(NUMA 4),Device ?,0.02,18.80,0.87,11246790961934590,11246790961953390,1781444304867220610,1781444304867239410
1961644,1975092,Host(NUMA 4),Device ?,0.02,19.82,0.83,11246790961981350,11246790962001170,1781444304867374440,1781444304867394260
1961644,1975092,Host(NUMA 4),Device ?,0.02,18.47,0.89,11246790962030990,11246790962049460,1781444304867528050,1781444304867546520
1961644,1975092,Host(NUMA 4),Device ?,0.02,16.42,1.00,11246790962076640,11246790962093060,1781444304867686750,1781444304867703170
1961644,1975092,Host(NUMA 4),Device ?,0.02,19.84,0.83,11246790962120850,11246790962140690,1781444304867852250,1781444304867872090
1961644,1975092,Host(NUMA 4),Device ?,0.01,17.26,0.71,11246790962169710,11246790962186970,1781444304868010400,1781444304868027660
1961644,1975092,Host(NUMA 4),Device ?,0.02,17.41,0.94,11246790962211990,11246790962229400,1781444304868165210,1781444304868182620
1961644,1975092,Host(NUMA 4),Device ?,0.02,16.72,0.98,11246790962253990,11246790962270710,1781444304868320450,1781444304868337170
1961644,1975092,Host(NUMA 4),Device ?,0.02,18.82,0.87,11246790962298690,11246790962317510,1781444304868472570,1781444304868491390
1961644,1975092,Host(NUMA 4),Device ?,0.02,19.11,0.86,11246790962344160,11246790962363270,1781444304868624390,1781444304868643500
1961644,1975092,Host(NUMA 4),Device ?,0.02,17.04,0.96,11246790962390350,11246790962407390,1781444304868784890,1781444304868801930
1961644,1975092,Host(NUMA 4),Device ?,0.02,17.40,0.94,11246790962433550,11246790962450950,1781444304868938140,1781444304868955540
1961644,1975092,Host(NUMA 4),Device ?,0.02,16.94,0.97,11246790962477050,11246790962493990,1781444304869095030,1781444304869111970
1961644,1975092,Host(NUMA 4),Device ?,0.01,17.19,0.71,11246790962520680,11246790962537870,1781444304869264180,1781444304869281370
1961644,1975092,Host(NUMA 4),Device ?,0.02,16.93,0.97,11246790962563800,11246790962580730,1781444304869420650,1781444304869437580
1961644,1975092,Host(NUMA 4),Device ?,0.02,17.01,0.96,11246790962608450,11246790962625460,1781444304869575860,1781444304869592870
1961644,1975092,Host(NUMA 4),Device ?,0.02,17.03,0.96,11246790962652840,11246790962669870,1781444304869728780,1781444304869745810
1961644,1975092,Host(NUMA 4),Device ?,0.02,16.21,1.01,11246790962695560,11246790962711770,1781444304869885530,1781444304869901740
1961644,1975092,Host(NUMA 4),Device ?,0.02,16.96,0.97,11246790962737520,11246790962754480,1781444304870039160,1781444304870056120
1961644,1975092,Host(NUMA 4),Device ?,0.02,16.23,1.01,11246790962781320,11246790962797550,1781444304870192710,1781444304870208940
1961644,1975092,Host(NUMA 4),Device ?,0.02,18.22,0.90,11246790962823990,11246790962842210,1781444304870345500,1781444304870363720
1961644,1975092,Host(NUMA 4),Device ?,0.01,17.85,0.69,11246790962867870,11246790962885720,1781444304870500530,1781444304870518380
1961644,1975092,Host(NUMA 4),Device ?,0.02,19.99,0.82,11246790962913420,11246790962933410,1781444304870653650,1781444304870673640
1961644,1975092,Host(NUMA 4),Device ?,0.02,15.32,1.07,11246790962958220,11246790962973540,1781444304870815420,1781444304870830740
1961644,1975092,Host(NUMA 4),Device ?,0.02,18.03,0.91,11246790962999160,11246790963017190,1781444304871001820,1781444304871019850
1961644,1975092,Host(NUMA 4),Device ?,0.02,18.75,0.87,11246790963043510,11246790963062260,1781444304871162310,1781444304871181060
1961644,1975092,Host(NUMA 4),Device ?,0.02,16.36,1.00,11246790963088750,11246790963105110,1781444304871332090,1781444304871348450
1961644,1975092,Host(NUMA 4),Device ?,0.02,16.87,0.97,11246790963130160,11246790963147030,1781444304871488880,1781444304871505750
1961644,1975092,Host(NUMA 4),Device ?,0.02,17.43,0.94,11246790963173030,11246790963190460,1781444304871656380,1781444304871673810
1961644,1975092,Host(NUMA 4),Device ?,0.01,17.69,0.69,11246790963215130,11246790963232820,1781444304871816230,1781444304871833920
1961644,1975092,Host(NUMA 4),Device ?,0.02,16.67,0.98,11246790963258670,11246790963275340,1781444304871974240,1781444304871990910
1961644,1975092,Host(NUMA 4),Device ?,0.02,15.87,1.03,11246790963301650,11246790963317520,1781444304872130180,1781444304872146050
1961644,1975092,Host(NUMA 4),Device ?,0.02,17.00,0.96,11246790963342660,11246790963359660,1781444304872285260,1781444304872302260
1961644,1975092,Host(NUMA 4),Device ?,0.02,17.49,0.94,11246790963385680,11246790963403170,1781444304872452620,1781444304872470110
1961644,1975092,Host(NUMA 4),Device ?,0.02,15.93,1.03,11246790963427130,11246790963443060,1781444304872613390,1781444304872629320
1961644,1975092,Host(NUMA 4),Device ?,0.02,18.71,0.88,11246790963469510,11246790963488220,1781444304872769270,1781444304872787980
1961644,1975092,Host(NUMA 4),Device ?,0.02,17.85,0.92,11246790963516400,11246790963534250,1781444304872926650,1781444304872944500
1961644,1975092,Host(NUMA 4),Device ?,0.01,17.67,0.70,11246790963563650,11246790963581320,1781444304873079700,1781444304873097370
1961644,1975092,Host(NUMA 4),Device ?,0.02,17.99,0.91,11246790963610850,11246790963628840,1781444304873232310,1781444304873250300
1961644,1975092,Host(NUMA 4),Device ?,0.02,18.61,0.88,11246790963654950,11246790963673560,1781444304873387410,1781444304873406020
1961644,1975092,Host(NUMA 4),Device ?,0.02,18.37,0.89,11246790963703360,11246790963721730,1781444304873542430,1781444304873560800
1961644,1975092,Host(NUMA 4),Device ?,0.02,19.61,0.84,11246790963750980,11246790963770590,1781444304873694880,1781444304873714490
1961644,1975092,Host(NUMA 4),Device ?,0.02,18.06,0.91,11246790963798280,11246790963816340,1781444304873850570,1781444304873868630
1961644,1975092,Host(NUMA 4),Device ?,0.02,20.11,0.81,11246790963842560,11246790963862670,1781444304874003360,1781444304874023470
1961644,1975092,Host(NUMA 4),Device ?,0.02,18.77,0.87,11246790963892050,11246790963910820,1781444304874157940,1781444304874176710
1961644,1975092,Host(NUMA 4),Device ?,0.01,16.70,0.74,11246790963939470,11246790963956170,1781444304874317270,1781444304874333970
1961644,1975092,Host(NUMA 4),Device ?,0.02,33.74,0.49,11246790963984290,11246790964018030,1781444304874453380,1781444304874487120
1961644,1975092,Host(NUMA 4),Device ?,0.02,19.10,0.86,11246790964053690,11246790964072790,1781444304874626470,1781444304874645570
1961644,1975092,Host(NUMA 4),Device ?,0.02,18.51,0.89,11246790964111230,11246790964129740,1781444304874781030,1781444304874799540
1961644,1975092,Host(NUMA 4),Device ?,0.02,18.00,0.91,11246790964154940,11246790964172940,1781444304874955660,1781444304874973660
1961644,1975092,Host(NUMA 4),Device ?,0.02,15.64,1.05,11246790964200110,11246790964215750,1781444304875121030,1781444304875136670
1961644,1975092,Host(NUMA 4),Device ?,0.02,18.31,0.89,11246790964241640,11246790964259950,1781444304875272740,1781444304875291050
1961644,1975092,Host(NUMA 4),Device ?,0.02,17.69,0.93,11246790964286800,11246790964304490,1781444304875432330,1781444304875450020
1961644,1975092,Host(NUMA 4),Device ?,0.01,17.50,0.70,11246790964331020,11246790964348520,1781444304875603880,1781444304875621380
1961644,1975092,Host(NUMA 4),Device ?,0.02,20.19,0.81,11246790964376710,11246790964396900,1781444304875759910,1781444304875780100
1961644,1975092,Host(NUMA 4),Device ?,0.02,17.89,0.92,11246790964423450,11246790964441340,1781444304875920280,1781444304875938170
1961644,1975092,Host(NUMA 4),Device ?,0.02,18.83,0.87,11246790964469230,11246790964488060,1781444304876073860,1781444304876092690
1961644,1975092,Host(NUMA 4),Device ?,0.02,18.12,0.90,11246790964514610,11246790964532730,1781444304876244720,1781444304876262840
1961644,1975092,Host(NUMA 4),Device ?,0.02,16.94,0.97,11246790964558930,11246790964575870,1781444304876403400,1781444304876420340
1961644,1975092,Host(NUMA 4),Device ?,0.02,18.07,0.91,11246790964602030,11246790964620100,1781444304876555590,1781444304876573660
1961644,1975092,Host(NUMA 4),Device ?,0.02,17.71,0.93,11246790964649980,11246790964667690,1781444304876713080,1781444304876730790
1961644,1975092,Host(NUMA 4),Device ?,0.01,16.37,0.75,11246790964692790,11246790964709160,1781444304876867110,1781444304876883480
1961644,1975092,Host(NUMA 4),Device ?,0.02,19.09,0.86,11246790964736510,11246790964755600,1781444304877018180,1781444304877037270
1961644,1975092,Host(NUMA 4),Device ?,0.02,17.53,0.93,11246790964782970,11246790964800500,1781444304877182260,1781444304877199790
1961644,1975092,Host(NUMA 4),Device ?,0.02,17.96,0.91,11246790964825990,11246790964843950,1781444304877351270,1781444304877369230
1961644,1975092,Host(NUMA 4),Device ?,0.02,17.34,0.94,11246790964870380,11246790964887720,1781444304877503990,1781444304877521330
1961644,1975092,Host(NUMA 4),Device ?,0.02,16.65,0.98,11246790964913780,11246790964930430,1781444304877658790,1781444304877675440
1961644,1975092,Host(NUMA 4),Device ?,0.02,17.13,0.96,11246790964956590,11246790964973720,1781444304877810710,1781444304877827840
1961644,1975092,Host(NUMA 4),Device ?,0.02,17.94,0.91,11246790964999730,11246790965017670,1781444304877964700,1781444304877982640
1961644,1975092,Host(NUMA 4),Device ?,0.01,17.95,0.68,11246790965043330,11246790965061280,1781444304878117510,1781444304878135460
1961644,1975092,Host(NUMA 4),Device ?,0.02,17.03,0.96,11246790965089380,11246790965106410,1781444304878273580,1781444304878290610
1961644,1975092,Host(NUMA 4),Device ?,0.02,19.08,0.86,11246790965132800,11246790965151880,1781444304878426740,1781444304878445820
1961644,1975092,Host(NUMA 4),Device ?,0.02,17.66,0.93,11246790965178020,11246790965195680,1781444304878581540,1781444304878599200
1961644,1975092,Host(NUMA 4),Device ?,0.02,17.76,0.92,11246790965222360,11246790965240120,1781444304878747090,1781444304878764850
1961644,1975092,Host(NUMA 4),Device ?,0.02,18.08,0.91,11246790965268590,11246790965286670,1781444304878910710,1781444304878928790
1961644,1975092,Host(NUMA 4),Device ?,0.02,34.07,0.48,11246790965926710,11246790965960780,1781444304879056710,1781444304879090780
1961644,1975092,Host(NUMA 4),Device ?,0.02,24.08,0.68,11246790966007150,11246790966031230,1781444304879224590,1781444304879248670
1961644,1975092,Host(NUMA 4),Device ?,0.01,20.86,0.59,11246790966067040,11246790966087900,1781444304879384700,1781444304879405560
1961644,1975092,Host(NUMA 4),Device ?,0.02,19.40,0.84,11246790966119130,11246790966138530,1781444304879539690,1781444304879559090
1961644,1975092,Host(NUMA 4),Device ?,0.02,19.51,0.84,11246790966165830,11246790966185340,1781444304879696830,1781444304879716340
1961644,1975092,Host(NUMA 4),Device ?,0.02,17.63,0.93,11246790966212730,11246790966230360,1781444304879854090,1781444304879871720
1961644,1975092,Host(NUMA 4),Device ?,0.02,16.93,0.97,11246790966256160,11246790966273090,1781444304880011440,1781444304880028370
1961644,1975092,Host(NUMA 4),Device ?,0.02,15.83,1.03,11246790966299060,11246790966314890,1781444304880168570,1781444304880184400
1961644,1975092,Host(NUMA 4),Device ?,0.02,17.87,0.92,11246790966340650,11246790966358520,1781444304880319280,1781444304880337150
1961644,1975092,Host(NUMA 4),Device ?,0.02,17.40,0.94,11246790966385560,11246790966402960,1781444304880475740,1781444304880493140
1961644,1975092,Host(NUMA 4),Device ?,0.01,20.53,0.60,11246790966429130,11246790966449660,1781444304880626870,1781444304880647400
1961644,1975092,Host(NUMA 4),Device ?,0.02,24.28,0.67,11246790966475940,11246790966500220,1781444304880778710,1781444304880802990
1961644,1975092,Host(NUMA 4),Device ?,0.02,15.82,1.04,11246790966525780,11246790966541600,1781444304880941270,1781444304880957090
1961644,1975092,Host(NUMA 4),Device ?,0.02,17.90,0.92,11246790966567290,11246790966585190,1781444304881095150,1781444304881113050
1961644,1975092,Host(NUMA 4),Device ?,0.02,19.05,0.86,11246790966611990,11246790966631040,1781444304881266530,1781444304881285580
1961644,1975092,Host(NUMA 4),Device ?,0.02,19.59,0.84,11246790966660620,11246790966680210,1781444304881421290,1781444304881440880
1961644,1975092,Host(NUMA 4),Device ?,0.02,16.59,0.99,11246790966710240,11246790966726830,1781444304881579100,1781444304881595690
1961644,1975092,Host(NUMA 4),Device ?,0.02,18.99,0.86,11246790966755310,11246790966774300,1781444304881728790,1781444304881747780
1961644,1975092,Host(NUMA 4),Device ?,0.01,17.49,0.70,11246790966800790,11246790966818280,1781444304881896040,1781444304881913530
1961644,1975092,Host(NUMA 4),Device ?,0.02,19.77,0.83,11246790966844780,11246790966864550,1781444304882048680,1781444304882068450
1961644,1975092,Host(NUMA 4),Device ?,0.02,19.25,0.85,11246790966892150,11246790966911400,1781444304882203070,1781444304882222320
1961644,1975092,Host(NUMA 4),Device ?,0.02,17.07,0.96,11246790966937580,11246790966954650,1781444304882360020,1781444304882377090
1961644,1975092,Host(NUMA 4),Device ?,0.02,17.36,0.94,11246790966979570,11246790966996930,1781444304882513910,1781444304882531270
1961644,1975092,Host(NUMA 4),Device ?,0.02,17.85,0.92,11246790967024340,11246790967042190,1781444304882667390,1781444304882685240
1961644,1975092,Host(NUMA 4),Device ?,0.02,18.52,0.88,11246790967069830,11246790967088350,1781444304882831130,1781444304882849650
1961644,1975092,Host(NUMA 4),Device ?,0.02,17.15,0.96,11246790967116620,11246790967133770,1781444304882995410,1781444304883012560
1961644,1975092,Host(NUMA 4),Device ?,0.01,18.98,0.65,11246790967161030,11246790967180010,1781444304883155590,1781444304883174570
1961644,1975092,Host(NUMA 4),Device ?,0.02,18.97,0.86,11246790967208040,11246790967227010,1781444304883311410,1781444304883330380
1961644,1975092,Host(NUMA 4),Device ?,0.02,19.82,0.83,11246790967254430,11246790967274250,1781444304883465110,1781444304883484930
1961644,1975092,Host(NUMA 4),Device ?,0.02,18.62,0.88,11246790967302520,11246790967321140,1781444304883621550,1781444304883640170
1961644,1975092,Host(NUMA 4),Device ?,0.02,18.68,0.88,11246790967349560,11246790967368240,1781444304883776190,1781444304883794870
1961644,1975092,Host(NUMA 4),Device ?,0.02,19.93,0.82,11246790967396740,11246790967416670,1781444304883928510,1781444304883948440
1961644,1975092,Host(NUMA 4),Device ?,0.02,18.60,0.88,11246790967447700,11246790967466300,1781444304884082620,1781444304884101220
1961644,1975092,Host(NUMA 4),Device ?,0.02,19.31,0.85,11246790967496060,11246790967515370,1781444304884235740,1781444304884255050
1961644,1975092,Host(NUMA 4),Device ?,0.01,18.79,0.65,11246790967546640,11246790967565430,1781444304884390120,1781444304884408910
1961644,1975092,Host(NUMA 4),Device ?,0.02,17.41,0.94,11246790967594150,11246790967611560,1781444304884547110,1781444304884564520
1961644,1975092,Host(NUMA 4),Device ?,0.02,20.52,0.80,11246790967639730,11246790967660250,1781444304884699860,1781444304884720380
1961644,1975092,Host(NUMA 4),Device ?,0.02,19.17,0.85,11246790967689080,11246790967708250,1781444304884856190,1781444304884875360
1961644,1975092,Host(NUMA 4),Device ?,0.02,20.45,0.80,11246790967736290,11246790967756740,1781444304885019010,1781444304885039460
1961644,1975092,Host(NUMA 4),Device ?,0.02,18.52,0.88,11246790967784100,11246790967802620,1781444304885178810,1781444304885197330
1961644,1975092,Host(NUMA 4),Device ?,0.02,17.13,0.96,11246790967829450,11246790967846580,1781444304885333150,1781444304885350280
1961644,1975092,Host(NUMA 4),Device ?,0.02,19.18,0.85,11246790967872900,11246790967892080,1781444304885487460,1781444304885506640
1961644,1975092,Host(NUMA 4),Device ?,0.01,18.36,0.67,11246790967919640,11246790967938000,1781444304885645350,1781444304885663710
1961644,1975092,Host(NUMA 4),Device ?,0.02,18.27,0.90,11246790967965340,11246790967983610,1781444304885798520,1781444304885816790
1961644,1975092,Host(NUMA 4),Device ?,0.02,20.25,0.81,11246790968025510,11246790968045760,1781444304885950880,1781444304885971130
1961644,1975092,Host(NUMA 4),Device ?,0.02,19.88,0.82,11246790968075690,11246790968095570,1781444304886117260,1781444304886137140
1961644,1975092,Host(NUMA 4),Device ?,0.02,17.89,0.92,11246790968125560,11246790968143450,1781444304886276720,1781444304886294610
1961644,1975092,Host(NUMA 4),Device ?,0.02,19.33,0.85,11246790968172590,11246790968191920,1781444304886428840,1781444304886448170
1961644,1975092,Host(NUMA 4),Device ?,0.02,18.15,0.90,11246790968220660,11246790968238810,1781444304886587800,1781444304886605950
1961644,1975092,Host(NUMA 4),Device ?,0.02,18.82,0.87,11246790968266750,11246790968285570,1781444304886742940,1781444304886761760
1961644,1975092,Host(NUMA 4),Device ?,0.01,18.63,0.66,11246790968312350,11246790968330980,1781444304886933570,1781444304886952200
1961644,1975092,Host(NUMA 4),Device ?,0.02,18.58,0.88,11246790968357770,11246790968376350,1781444304887098920,1781444304887117500
1961644,1975092,Host(NUMA 4),Device ?,0.02,17.38,0.94,11246790968402280,11246790968419660,1781444304887255170,1781444304887272550
1961644,1975092,Host(NUMA 4),Device ?,0.02,17.01,0.96,11246790968444980,11246790968461990,1781444304887410020,1781444304887427030
1961644,1975092,Host(NUMA 4),Device ?,0.02,17.33,0.95,11246790968488100,11246790968505430,1781444304887560630,1781444304887577960
1961644,1975092,Host(NUMA 4),Device ?,0.02,17.42,0.94,11246790968531080,11246790968548500,1781444304887716540,1781444304887733960
1961644,1975092,Host(NUMA 4),Device ?,0.02,18.44,0.89,11246790968574780,11246790968593220,1781444304887870430,1781444304887888870
1961644,1975092,Host(NUMA 4),Device ?,0.02,17.37,0.94,11246790968622330,11246790968639700,1781444304888024370,1781444304888041740
1961644,1975092,Host(NUMA 4),Device ?,0.01,18.55,0.66,11246790968664950,11246790968683500,1781444304888192080,1781444304888210630
1961644,1975092,Host(NUMA 4),Device ?,0.02,19.58,0.84,11246790968711740,11246790968731320,1781444304888353730,1781444304888373310
1961644,1975092,Host(NUMA 4),Device ?,0.02,18.46,0.89,11246790968758920,11246790968777380,1781444304888510990,1781444304888529450
1961644,1975092,Host(NUMA 4),Device ?,0.02,19.88,0.82,11246790968805070,11246790968824950,1781444304888662640,1781444304888682520
1961644,1975092,Host(NUMA 4),Device ?,0.02,18.19,0.90,11246790968852650,11246790968870840,1781444304888819120,1781444304888837310
1961644,1975092,Host(NUMA 4),Device ?,0.02,19.57,0.84,11246790968899970,11246790968919540,1781444304888973100,1781444304888992670
1961644,1975092,Host(NUMA 4),Device ?,0.02,20.04,0.82,11246790968949210,11246790968969250,1781444304889128070,1781444304889148110
1961644,1975092,Host(NUMA 4),Device ?,0.02,17.16,0.95,11246790968998340,11246790969015500,1781444304889285560,1781444304889302720
1961644,1975092,Host(NUMA 4),Device ?,0.01,18.65,0.66,11246790969041450,11246790969060100,1781444304889439560,1781444304889458210
1961644,1975092,Host(NUMA 4),Device ?,0.02,20.60,0.80,11246790969088510,11246790969109110,1781444304889589070,1781444304889609670
1961644,1975092,Host(NUMA 4),Device ?,0.02,24.45,0.67,11246790969210180,11246790969234630,1781444304889737870,1781444304889762320
1961644,1975092,Host(NUMA 4),Device ?,0.02,21.15,0.77,11246790969268990,11246790969290140,1781444304889896370,1781444304889917520
1961644,1975092,Host(NUMA 4),Device ?,0.02,20.07,0.82,11246790969318760,11246790969338830,1781444304890050250,1781444304890070320
1961644,1975092,Host(NUMA 4),Device ?,0.02,18.00,0.91,11246790969366270,11246790969384270,1781444304890205800,1781444304890223800
1961644,1975092,Host(NUMA 4),Device ?,0.02,19.90,0.82,11246790969411600,11246790969431500,1781444304890358300,1781444304890378200
1961644,1975092,Host(NUMA 4),Device ?,0.02,18.63,0.88,11246790969460980,11246790969479610,1781444304890513260,1781444304890531890
1961644,1975092,Host(NUMA 4),Device ?,0.01,17.91,0.69,11246790969508090,11246790969526000,1781444304890670580,1781444304890688490
1961644,1975092,Host(NUMA 4),Device ?,0.02,18.07,0.91,11246790969555100,11246790969573170,1781444304890825860,1781444304890843930
1961644,1975092,Host(NUMA 4),Device ?,0.02,18.14,0.90,11246790969600710,11246790969618850,1781444304890997350,1781444304891015490
1961644,1975092,Host(NUMA 4),Device ?,0.02,18.68,0.88,11246790969645840,11246790969664520,1781444304891167210,1781444304891185890
1961644,1975092,Host(NUMA 4),Device ?,0.02,19.09,0.86,11246790969692490,11246790969711580,1781444304891334910,1781444304891354000
1961644,1975092,Host(NUMA 4),Device ?,0.02,19.16,0.86,11246790969742050,11246790969761210,1781444304891490420,1781444304891509580
1961644,1975092,Host(NUMA 4),Device ?,0.02,17.53,0.93,11246790969787560,11246790969805090,1781444304891644170,1781444304891661700
1961644,1975092,Host(NUMA 4),Device ?,0.02,17.70,0.93,11246790969835270,11246790969852970,1781444304891797830,1781444304891815530
1961644,1975092,Host(NUMA 4),Device ?,0.01,18.70,0.66,11246790969879440,11246790969898140,1781444304891954160,1781444304891972860
1961644,1975092,Host(NUMA 4),Device ?,0.02,22.83,0.72,11246790969925000,11246790969947830,1781444304892104580,1781444304892127410
1961644,1975092,Host(NUMA 4),Device ?,0.02,18.48,0.89,11246790969977010,11246790969995490,1781444304892262490,1781444304892280970
1961644,1975092,Host(NUMA 4),Device ?,0.02,19.17,0.85,11246790970026270,11246790970045440,1781444304892416650,1781444304892435820
1961644,1975092,Host(NUMA 4),Device ?,0.02,18.82,0.87,11246790970073500,11246790970092320,1781444304892570560,1781444304892589380
1961644,1975092,Host(NUMA 4),Device ?,0.02,17.18,0.95,11246790970119870,11246790970137050,1781444304892724150,1781444304892741330
1961644,1975092,Host(NUMA 4),Device ?,0.02,18.81,0.87,11246790970161920,11246790970180730,1781444304892880570,1781444304892899380
1961644,1975092,Host(NUMA 4),Device ?,0.02,18.24,0.90,11246790970207780,11246790970226020,1781444304893035040,1781444304893053280
1961644,1975092,Host(NUMA 4),Device ?,0.01,18.92,0.65,11246790970253180,11246790970272100,1781444304893186870,1781444304893205790
1961644,1975092,Host(NUMA 4),Device ?,0.02,18.66,0.88,11246790970301800,11246790970320460,1781444304893338420,1781444304893357080
1961644,1975092,Host(NUMA 4),Device ?,0.02,18.79,0.87,11246790970349380,11246790970368170,1781444304893490520,1781444304893509310
1961644,1975092,Host(NUMA 4),Device ?,0.02,18.95,0.86,11246790970395810,11246790970414760,1781444304893640580,1781444304893659530
1961644,1975092,Host(NUMA 4),Device ?,0.02,18.05,0.91,11246790970441460,11246790970459510,1781444304893810210,1781444304893828260
1961644,1975092,Host(NUMA 4),Device ?,0.02,15.80,1.04,11246790970487880,11246790970503680,1781444304893968470,1781444304893984270
1961644,1975092,Host(NUMA 4),Device ?,0.02,17.89,0.92,11246790970528950,11246790970546840,1781444304894121720,1781444304894139610
1961644,1975092,Host(NUMA 4),Device ?,0.02,17.92,0.91,11246790970573380,11246790970591300,1781444304894278750,1781444304894296670
1961644,1975092,Host(NUMA 4),Device ?,0.01,17.44,0.70,11246790970617630,11246790970635070,1781444304894433680,1781444304894451120
1961644,1975092,Host(NUMA 4),Device ?,0.02,19.79,0.83,11246790970661630,11246790970681420,1781444304894597290,1781444304894617080
1961644,1975092,Host(NUMA 4),Device ?,0.02,17.90,0.92,11246790970707740,11246790970725640,1781444304894752240,1781444304894770140
1961644,1975092,Host(NUMA 4),Device ?,0.02,19.49,0.84,11246790970753520,11246790970773010,1781444304894916070,1781444304894935560
1961644,1975092,Host(NUMA 4),Device ?,0.02,18.75,0.87,11246790970799800,11246790970818550,1781444304895077830,1781444304895096580
1961644,1975092,Host(NUMA 4),Device ?,0.02,17.86,0.92,11246790970845990,11246790970863850,1781444304895236110,1781444304895253970
1961644,1975092,Host(NUMA 4),Device ?,0.02,19.32,0.85,11246790970890560,11246790970909880,1781444304895390020,1781444304895409340
1961644,1975092,Host(NUMA 4),Device ?,0.02,18.38,0.89,11246790970937490,11246790970955870,1781444304895546240,1781444304895564620
1961644,1975092,Host(NUMA 4),Device ?,0.01,16.96,0.72,11246790970982540,11246790970999500,1781444304895702830,1781444304895719790
1961644,1975092,Host(NUMA 4),Device ?,0.02,18.99,0.86,11246790971030260,11246790971049250,1781444304895852840,1781444304895871830
1961644,1975092,Host(NUMA 4),Device ?,0.02,18.55,0.88,11246790971075890,11246790971094440,1781444304896020260,1781444304896038810
1961644,1975092,Host(NUMA 4),Device ?,0.02,17.97,0.91,11246790971122050,11246790971140020,1781444304896177380,1781444304896195350
1961644,1975092,Host(NUMA 4),Device ?,0.02,17.48,0.94,11246790971165600,11246790971183080,1781444304896333400,1781444304896350880
1961644,1975092,Host(NUMA 4),Device ?,0.02,17.04,0.96,11246790971209190,11246790971226230,1781444304896504060,1781444304896521100
1961644,1975092,Host(NUMA 4),Device ?,0.02,18.10,0.91,11246790971251950,11246790971270050,1781444304896656970,1781444304896675070
1961644,1975092,Host(NUMA 4),Device ?,0.02,16.17,1.01,11246790971295880,11246790971312050,1781444304896812690,1781444304896828860
1961644,1975092,Host(NUMA 4),Device ?,0.01,16.31,0.75,11246790971336680,11246790971352990,1781444304896965550,1781444304896981860
1961644,1975092,Host(NUMA 4),Device ?,0.02,19.06,0.86,11246790971378890,11246790971397950,1781444304897120510,1781444304897139570
1961644,1975092,Host(NUMA 4),Device ?,0.02,20.23,0.81,11246790971429880,11246790971450110,1781444304897273680,1781444304897293910
1961644,1975092,Host(NUMA 4),Device ?,0.02,18.25,0.90,11246790971480900,11246790971499150,1781444304897428940,1781444304897447190
1961644,1975092,Host(NUMA 4),Device ?,0.02,19.62,0.84,11246790971527820,11246790971547440,1781444304897582950,1781444304897602570
1961644,1975092,Host(NUMA 4),Device ?,0.02,19.62,0.84,11246790971575760,11246790971595380,1781444304897752870,1781444304897772490
1961644,1975092,Host(NUMA 4),Device ?,0.02,19.72,0.83,11246790971623640,11246790971643360,1781444304897908390,1781444304897928110
1961644,1975092,Host(NUMA 4),Device ?,0.02,18.12,0.90,11246790971670810,11246790971688930,1781444304898061750,1781444304898079870
1961644,1975092,Host(NUMA 4),Device ?,0.01,17.44,0.70,11246790971715180,11246790971732620,1781444304898218550,1781444304898235990
1961644,1975092,Host(NUMA 4),Device ?,0.02,18.76,0.87,11246790971758660,11246790971777420,1781444304898372390,1781444304898391150
1961644,1975092,Host(NUMA 4),Device ?,0.02,18.08,0.91,11246790971803810,11246790971821890,1781444304898526610,1781444304898544690
1961644,1975092,Host(NUMA 4),Device ?,0.02,17.84,0.92,11246790971849290,11246790971867130,1781444304898679850,1781444304898697690
1961644,1975092,Host(NUMA 4),Device ?,0.02,19.45,0.84,11246790971895730,11246790971915180,1781444304898830980,1781444304898850430
1961644,1975092,Host(NUMA 4),Device ?,0.02,20.26,0.81,11246790971946060,11246790971966320,1781444304898991770,1781444304899012030
1961644,1975092,Host(NUMA 4),Device ?,0.02,33.14,0.49,11246790971997320,11246790972030460,1781444304899138180,1781444304899171320
1961644,1975092,Host(NUMA 4),Device ?,0.02,20.59,0.80,11246790972060420,11246790972081010,1781444304899304240,1781444304899324830
1961644,1975092,Host(NUMA 4),Device ?,0.01,18.80,0.65,11246790972108420,11246790972127220,1781444304899471890,1781444304899490690
1961644,1975092,Host(NUMA 4),Device ?,0.02,18.10,0.91,11246790972155350,11246790972173450,1781444304899627670,1781444304899645770
1961644,1975092,Host(NUMA 4),Device ?,0.02,17.68,0.93,11246790972200540,11246790972218220,1781444304899783220,1781444304899800900
1961644,1975092,Host(NUMA 4),Device ?,0.02,18.99,0.86,11246790972245380,11246790972264370,1781444304899936220,1781444304899955210
1961644,1975092,Host(NUMA 4),Device ?,0.02,18.12,0.90,11246790972291120,11246790972309240,1781444304900092540,1781444304900110660
1961644,1975092,Host(NUMA 4),Device ?,0.02,16.63,0.99,11246790972335790,11246790972352420,1781444304900250100,1781444304900266730
1961644,1975092,Host(NUMA 4),Device ?,0.02,19.17,0.85,11246790972379240,11246790972398410,1781444304900400760,1781444304900419930
1961644,1975092,Host(NUMA 4),Device ?,0.02,17.90,0.92,11246790972425450,11246790972443350,1781444304900556790,1781444304900574690
1961644,1975092,Host(NUMA 4),Device ?,509.88,28149.24,18.99,11246790972471500,11246791000620740,1781444304872576850,1781444304900726090
1961644,1975092,Host(NUMA 4),Device ?,24.00,1403.42,17.93,11246791000686750,11246791002090170,1781444304899489970,1781444304900893390
1961644,1975092,Host(NUMA 4),Device ?,8.00,473.71,17.71,11246791002137930,11246791002611640,1781444304900591490,1781444304901065200
1961644,1975092,Host(NUMA 4),Device ?,32.00,1817.31,18.46,11246791002656030,11246791004473340,1781444304899399990,1781444304901217300
1961644,1975092,Host(NUMA 4),Device ?,32.00,1910.58,17.56,11246791004515300,11246791006425880,1781444304899462510,1781444304901373090
1961644,1975092,Host(NUMA 4),Device ?,24.00,1781.46,14.13,11246791006468860,11246791008250320,1781444304899745840,1781444304901527300
1961644,1975092,Host(NUMA 4),Device ?,8.00,591.74,14.18,11246791008293060,11246791008884800,1781444304901088220,1781444304901679960
1961644,1975092,Host(NUMA 4),Device ?,32.00,1879.61,17.85,11246791008926840,11246791010806450,1781444304899954180,1781444304901833790
1961644,1975092,Host(NUMA 4),Device ?,32.00,1924.25,17.44,11246791010846640,11246791012770890,1781444304900062930,1781444304901987180
1961644,1975092,Host(NUMA 4),Device ?,24.00,1528.95,16.46,11246791012817970,11246791014346920,1781444304900608180,1781444304902137130
1961644,1975092,Host(NUMA 4),Device ?,8.00,484.63,17.31,11246791014391060,11246791014875690,1781444304901804970,1781444304902289600
1961644,1975092,Host(NUMA 4),Device ?,32.00,1946.42,17.24,11246791014915730,11246791016862150,1781444304900493880,1781444304902440300
1961644,1975092,Host(NUMA 4),Device ?,32.00,1911.55,17.55,11246791016902630,11246791018814180,1781444304900681560,1781444304902593110
1961644,1975092,Host(NUMA 4),Device ?,24.00,1658.03,15.18,11246791018853420,11246791020511450,1781444304901083960,1781444304902741990
1961644,1975092,Host(NUMA 4),Device ?,8.00,476.28,17.61,11246791020551820,11246791021028100,1781444304902416020,1781444304902892300
1961644,1975092,Host(NUMA 4),Device ?,32.00,2070.49,16.21,11246791021068190,11246791023138680,1781444304900989630,1781444304903060120
1961644,1975092,Host(NUMA 4),Device ?,32.00,2066.58,16.24,11246791023178790,11246791025245370,1781444304901146620,1781444304903213200
1961644,1975092,Host(NUMA 4),Device ?,24.00,1610.73,15.62,11246791025287330,11246791026898060,1781444304901754880,1781444304903365610
1961644,1975092,Host(NUMA 4),Device ?,8.00,549.53,15.27,11246791026941790,11246791027491320,1781444304902966720,1781444304903516250
1961644,1975092,Host(NUMA 4),Device ?,32.00,2059.50,16.29,11246791027534830,11246791029594330,1781444304901605990,1781444304903665490
1961644,1975092,Host(NUMA 4),Device ?,32.00,2059.38,16.29,11246791029638050,11246791031697430,1781444304901757520,1781444304903816900
1961644,1975092,Host(NUMA 4),Device ?,24.00,1624.89,15.49,11246791031740010,11246791033364900,1781444304902356340,1781444304903981230
1961644,1975092,Host(NUMA 4),Device ?,8.00,498.76,16.82,11246791033408200,11246791033906960,1781444304903635890,1781444304904134650
1961644,1975092,Host(NUMA 4),Device ?,32.00,1998.61,16.79,11246791033950040,11246791035948650,1781444304902286850,1781444304904285460
1961644,1975092,Host(NUMA 4),Device ?,32.00,2023.68,16.58,11246791035991320,11246791038015000,1781444304902414160,1781444304904437840
1961644,1975092,Host(NUMA 4),Device ?,24.00,1615.06,15.58,11246791038061590,11246791039676650,1781444304902971750,1781444304904586810
1961644,1975092,Host(NUMA 4),Device ?,8.00,644.68,13.01,11246791039720940,11246791040365620,1781444304904092530,1781444304904737210
1961644,1975092,Host(NUMA 4),Device ?,32.00,1983.14,16.92,11246791040409250,11246791042392390,1781444304902916300,1781444304904899440
1961644,1975092,Host(NUMA 4),Device ?,32.00,1987.18,16.89,11246791042437010,11246791044424190,1781444304903064420,1781444304905051600
1961644,1975092,Host(NUMA 4),Device ?,24.00,1616.79,15.57,11246791044466420,11246791046083210,1781444304903585760,1781444304905202550
1961644,1975092,Host(NUMA 4),Device ?,8.00,475.90,17.63,11246791046123170,11246791046599070,1781444304904879460,1781444304905355360
1961644,1975092,Host(NUMA 4),Device ?,32.00,2059.83,16.29,11246791046637670,11246791048697500,1781444304903445400,1781444304905505230
1961644,1975092,Host(NUMA 4),Device ?,32.00,2049.11,16.38,11246791048740580,11246791050789690,1781444304903608000,1781444304905657110
1961644,1975092,Host(NUMA 4),Device ?,24.00,1598.38,15.74,11246791050832360,11246791052430740,1781444304904222770,1781444304905821150
1961644,1975092,Host(NUMA 4),Device ?,8.00,436.15,19.23,11246791052473320,11246791052909470,1781444304905538570,1781444304905974720
1961644,1975092,Host(NUMA 4),Device ?,32.00,2098.30,15.99,11246791052949000,11246791055047300,1781444304904039900,1781444304906138200
1961644,1975092,Host(NUMA 4),Device ?,32.00,2066.26,16.24,11246791055091290,11246791057157550,1781444304904220670,1781444304906286930
1961644,1975092,Host(NUMA 4),Device ?,24.00,1644.55,15.30,11246791057199920,11246791058844470,1781444304904794130,1781444304906438680
1961644,1975092,Host(NUMA 4),Device ?,8.00,542.89,15.45,11246791058884720,11246791059427610,1781444304906045290,1781444304906588180
1961644,1975092,Host(NUMA 4),Device ?,32.00,2065.05,16.25,11246791059467620,11246791061532670,1781444304904672030,1781444304906737080
1961644,1975092,Host(NUMA 4),Device ?,32.00,2060.58,16.28,11246791061575090,11246791063635670,1781444304904829220,1781444304906889800
1961644,1975092,Host(NUMA 4),Device ?,24.00,1610.49,15.63,11246791063679260,11246791065289750,1781444304905476190,1781444304907086680
1961644,1975092,Host(NUMA 4),Device ?,8.00,471.34,17.80,11246791065333600,11246791065804940,1781444304906769840,1781444304907241180
1961644,1975092,Host(NUMA 4),Device ?,32.00,2077.39,16.15,11246791065843430,11246791067920820,1781444304905314860,1781444304907392250
1961644,1975092,Host(NUMA 4),Device ?,32.00,2112.56,15.88,11246791067962040,11246791070074600,1781444304905429210,1781444304907541770
1961644,1975092,Host(NUMA 4),Device ?,24.00,1651.80,15.24,11246791070116650,11246791071768450,1781444304906040180,1781444304907691980
1961644,1975092,Host(NUMA 4),Device ?,8.00,502.54,16.69,11246791071812930,11246791072315470,1781444304907338200,1781444304907840740
1961644,1975092,Host(NUMA 4),Device ?,32.00,2025.24,16.57,11246791072356570,11246791074381810,1781444304905965800,1781444304907991040
1961644,1975092,Host(NUMA 4),Device ?,32.00,2009.00,16.70,11246791074419750,11246791076428750,1781444304906132550,1781444304908141550
1961644,1975092,Host(NUMA 4),Device ?,24.00,1412.13,17.82,11246791076470310,11246791077882440,1781444304906881380,1781444304908293510
1961644,1975092,Host(NUMA 4),Device ?,8.00,503.23,16.67,11246791077920050,11246791078423280,1781444304907939720,1781444304908442950
1961644,1975092,Host(NUMA 4),Device ?,32.00,1899.45,17.67,11246791078461450,11246791080360900,1781444304906694640,1781444304908594090
1961644,1975092,Host(NUMA 4),Device ?,32.00,1904.71,17.62,11246791080401430,11246791082306140,1781444304906840760,1781444304908745470
1961644,1975092,Host(NUMA 4),Device ?,24.00,1457.39,17.27,11246791082343870,11246791083801260,1781444304907440030,1781444304908897420
1961644,1975092,Host(NUMA 4),Device ?,8.00,667.20,12.57,11246791083840120,11246791084507320,1781444304908380090,1781444304909047290
1961644,1975092,Host(NUMA 4),Device ?,32.00,1875.44,17.89,11246791084551080,11246791086426520,1781444304907322290,1781444304909197730
1961644,1975092,Host(NUMA 4),Device ?,32.00,1881.72,17.83,11246791086465750,11246791088347470,1781444304907465600,1781444304909347320
1961644,1975092,Host(NUMA 4),Device ?,24.00,1441.59,17.46,11246791088387010,11246791089828600,1781444304908053950,1781444304909495540
1961644,1975092,Host(NUMA 4),Device ?,8.00,438.23,19.14,11246791089865600,11246791090303830,1781444304909207720,1781444304909645950
1961644,1975092,Host(NUMA 4),Device ?,32.00,1883.05,17.82,11246791090340500,11246791092223550,1781444304907911590,1781444304909794640
1961644,1975092,Host(NUMA 4),Device ?,32.00,1913.73,17.53,11246791092262660,11246791094176390,1781444304908032860,1781444304909946590
1961644,1975092,Host(NUMA 4),Device ?,24.00,1453.92,17.31,11246791094219190,11246791095673110,1781444304908663350,1781444304910117270
1961644,1975092,Host(NUMA 4),Device ?,8.00,508.98,16.48,11246791095711080,11246791096220060,1781444304909763060,1781444304910272040
1961644,1975092,Host(NUMA 4),Device ?,32.00,1879.38,17.85,11246791096255820,11246791098135200,1781444304908553470,1781444304910432850
1961644,1975092,Host(NUMA 4),Device ?,32.00,2025.71,16.56,11246791098170070,11246791100195780,1781444304908561240,1781444304910586950
1961644,1975092,Host(NUMA 4),Device ?,24.00,1453.23,17.32,11246791100232920,11246791101686150,1781444304909287420,1781444304910740650
1961644,1975092,Host(NUMA 4),Device ?,8.00,426.23,19.68,11246791101725540,11246791102151770,1781444304910467340,1781444304910893570
1961644,1975092,Host(NUMA 4),Device ?,32.00,1895.75,17.70,11246791102191240,11246791104086990,1781444304909174270,1781444304911070020
1961644,1975092,Host(NUMA 4),Device ?,32.00,1884.91,17.80,11246791104126880,11246791106011790,1781444304909338140,1781444304911223050
1961644,1975092,Host(NUMA 4),Device ?,24.00,1437.93,17.50,11246791106049580,11246791107487510,1781444304909935390,1781444304911373320
1961644,1975092,Host(NUMA 4),Device ?,8.00,419.26,20.01,11246791107522850,11246791107942110,1781444304911103530,1781444304911522790
1961644,1975092,Host(NUMA 4),Device ?,32.00,1898.16,17.68,11246791107980100,11246791109878260,1781444304909777040,1781444304911675200
1961644,1975092,Host(NUMA 4),Device ?,32.00,1880.23,17.85,11246791109921870,11246791111802100,1781444304909945830,1781444304911826060
1961644,1975092,Host(NUMA 4),Device ?,24.00,1437.30,17.51,11246791111843850,11246791113281150,1781444304910539670,1781444304911976970
1961644,1975092,Host(NUMA 4),Device ?,8.00,466.34,17.99,11246791113322300,11246791113788640,1781444304911659770,1781444304912126110
1961644,1975092,Host(NUMA 4),Device ?,32.00,1919.28,17.48,11246791113828880,11246791115748160,1781444304910356470,1781444304912275750
1961644,1975092,Host(NUMA 4),Device ?,32.00,1885.59,17.80,11246791115788280,11246791117673870,1781444304910541950,1781444304912427540
1961644,1975092,Host(NUMA 4),Device ?,24.00,1436.98,17.51,11246791117712730,11246791119149710,1781444304911139960,1781444304912576940
1961644,1975092,Host(NUMA 4),Device ?,8.00,413.84,20.27,11246791119186640,11246791119600480,1781444304912314030,1781444304912727870
1961644,1975092,Host(NUMA 4),Device ?,32.00,1883.16,17.82,11246791119636270,11246791121519430,1781444304910996270,1781444304912879430
1961644,1975092,Host(NUMA 4),Device ?,32.00,1890.35,17.75,11246791121557560,11246791123447910,1781444304911139940,1781444304913030290
1961644,1975092,Host(NUMA 4),Device ?,24.00,1455.12,17.29,11246791123486430,11246791124941550,1781444304911736480,1781444304913191600
1961644,1975092,Host(NUMA 4),Device ?,8.00,478.43,17.53,11246791124977380,11246791125455810,1781444304912867530,1781444304913345960
1961644,1975092,Host(NUMA 4),Device ?,32.00,1884.18,17.81,11246791125497600,11246791127381780,1781444304911614330,1781444304913498510
1961644,1975092,Host(NUMA 4),Device ?,32.00,1897.33,17.69,11246791127423360,11246791129320690,1781444304911750990,1781444304913648320
1961644,1975092,Host(NUMA 4),Device ?,24.00,1445.88,17.41,11246791129362450,11246791130808330,1781444304912351520,1781444304913797400
1961644,1975092,Host(NUMA 4),Device ?,8.00,443.27,18.92,11246791130846480,11246791131289750,1781444304913508240,1781444304913951510
1961644,1975092,Host(NUMA 4),Device ?,32.00,1878.98,17.86,11246791131325460,11246791133204440,1781444304912224140,1781444304914103120
1961644,1975092,Host(NUMA 4),Device ?,32.00,1889.00,17.76,11246791133241410,11246791135130410,1781444304912369420,1781444304914258420
1961644,1975092,Host(NUMA 4),Device ?,24.00,1458.86,17.25,11246791135171460,11246791136630320,1781444304912949670,1781444304914408530
1961644,1975092,Host(NUMA 4),Device ?,8.00,452.18,18.55,11246791136670180,11246791137122360,1781444304914108040,1781444304914560220
1961644,1975092,Host(NUMA 4),Device ?,32.00,1890.48,17.75,11246791137157280,11246791139047760,1781444304912819550,1781444304914710030
1961644,1975092,Host(NUMA 4),Device ?,32.00,1897.51,17.68,11246791139091810,11246791140989320,1781444304912960390,1781444304914857900
1961644,1975092,Host(NUMA 4),Device ?,24.00,1452.55,17.33,11246791141029460,11246791142482010,1781444304913570820,1781444304915023370
1961644,1975092,Host(NUMA 4),Device ?,8.00,417.51,20.09,11246791142517850,11246791142935360,1781444304914773460,1781444304915190970
1961644,1975092,Host(NUMA 4),Device ?,32.00,1888.13,17.77,11246791142970610,11246791144858740,1781444304913458180,1781444304915346310
1961644,1975092,Host(NUMA 4),Device ?,32.00,1849.70,18.14,11246791144899490,11246791146749190,1781444304913659390,1781444304915509090
1961644,1975092,Host(NUMA 4),Device ?,24.00,1453.42,17.31,11246791146784860,11246791148238280,1781444304914222870,1781444304915676290
1961938,1977428,Host(NUMA 4),Device ?,127.47,14825.67,9.02,11246790923057750,11246790937883420,1781444304901011460,1781444304915837130
1961938,1977428,Host(NUMA 4),Device ?,0.02,61.32,0.27,11246790937948590,11246790938009910,1781444304915898920,1781444304915960240
1961938,1977428,Host(NUMA 4),Device ?,0.02,53.77,0.30,11246790938062420,11246790938116190,1781444304916026400,1781444304916080170
1961938,1977428,Host(NUMA 4),Device ?,0.01,50.43,0.12,11246790938169580,11246790938220010,1781444304916151710,1781444304916202140
1961938,1977428,Host(NUMA 4),Device ?,0.01,45.05,0.18,11246790938268220,11246790938313270,1781444304916277540,1781444304916322590
1961938,1977428,Host(NUMA 4),Device ?,0.02,47.41,0.35,11246790938356150,11246790938403560,1781444304916396540,1781444304916443950
1961938,1977428,Host(NUMA 4),Device ?,0.02,50.98,0.32,11246790938446830,11246790938497810,1781444304916512780,1781444304916563760
1961938,1977428,Host(NUMA 4),Device ?,0.01,28.39,0.29,11246790938538070,11246790938566460,1781444304916668850,1781444304916697240
1961938,1977428,Host(NUMA 4),Device ?,0.01,19.92,0.41,11246790938603370,11246790938623290,1781444304916799610,1781444304916819530
1961938,1977428,Host(NUMA 4),Device ?,0.02,20.39,0.80,11246790938660370,11246790938680760,1781444304916919600,1781444304916939990
1961938,1977428,Host(NUMA 4),Device ?,0.02,17.99,0.91,11246790938720960,11246790938738950,1781444304917042660,1781444304917060650
1961938,1977428,Host(NUMA 4),Device ?,0.01,18.31,0.34,11246790938776740,11246790938795050,1781444304917160920,1781444304917179230
1961938,1977428,Host(NUMA 4),Device ?,0.01,23.58,0.35,11246790938827930,11246790938851510,1781444304917277240,1781444304917300820
1961938,1977428,Host(NUMA 4),Device ?,0.02,18.51,0.89,11246790938888640,11246790938907150,1781444304917404770,1781444304917423280
1961938,1977428,Host(NUMA 4),Device ?,0.02,17.91,0.91,11246790938939660,11246790938957570,1781444304917524020,1781444304917541930
1961938,1977428,Host(NUMA 4),Device ?,0.01,22.70,0.36,11246790938991710,11246790939014410,1781444304917644360,1781444304917667060
1961938,1977428,Host(NUMA 4),Device ?,0.01,20.53,0.40,11246790939050330,11246790939070860,1781444304917768930,1781444304917789460
1961938,1977428,Host(NUMA 4),Device ?,0.02,18.98,0.86,11246790939106380,11246790939125360,1781444304917890260,1781444304917909240
1961938,1977428,Host(NUMA 4),Device ?,0.02,18.28,0.90,11246790939162100,11246790939180380,1781444304918010640,1781444304918028920
1961938,1977428,Host(NUMA 4),Device ?,0.01,18.83,0.33,11246790939215960,11246790939234790,1781444304918129740,1781444304918148570
1961938,1977428,Host(NUMA 4),Device ?,0.01,22.62,0.36,11246790939270530,11246790939293150,1781444304918245900,1781444304918268520
1961938,1977428,Host(NUMA 4),Device ?,0.02,23.83,0.69,11246790939330020,11246790939353850,1781444304918365380,1781444304918389210
1961938,1977428,Host(NUMA 4),Device ?,0.02,18.74,0.87,11246790939388070,11246790939406810,1781444304918489070,1781444304918507810
1961938,1977428,Host(NUMA 4),Device ?,0.01,17.46,0.47,11246790939442010,11246790939459470,1781444304918608970,1781444304918626430
1961938,1977428,Host(NUMA 4),Device ?,0.01,17.60,0.47,11246790939492050,11246790939509650,1781444304918727680,1781444304918745280
1961938,1977428,Host(NUMA 4),Device ?,0.02,18.37,0.89,11246790939542970,11246790939561340,1781444304918847660,1781444304918866030
1961938,1977428,Host(NUMA 4),Device ?,0.02,16.79,0.98,11246790939595620,11246790939612410,1781444304918980190,1781444304918996980
1961938,1977428,Host(NUMA 4),Device ?,0.01,18.51,0.33,11246790939646640,11246790939665150,1781444304919111930,1781444304919130440
1961938,1977428,Host(NUMA 4),Device ?,0.01,21.11,0.39,11246790939698740,11246790939719850,1781444304919233570,1781444304919254680
1961938,1977428,Host(NUMA 4),Device ?,0.02,18.41,0.89,11246790939754650,11246790939773060,1781444304919356680,1781444304919375090
1961938,1977428,Host(NUMA 4),Device ?,0.02,17.71,0.93,11246790939808360,11246790939826070,1781444304919476830,1781444304919494540
1961938,1977428,Host(NUMA 4),Device ?,0.01,23.98,0.34,11246790939872210,11246790939896190,1781444304919589030,1781444304919613010
1961938,1977428,Host(NUMA 4),Device ?,0.01,19.86,0.41,11246790939939470,11246790939959330,1781444304919713270,1781444304919733130
1961938,1977428,Host(NUMA 4),Device ?,0.02,24.84,0.66,11246790939995240,11246790940020080,1781444304919829180,1781444304919854020
1961938,1977428,Host(NUMA 4),Device ?,0.02,18.60,0.88,11246790940054080,11246790940072680,1781444304919954650,1781444304919973250
1961938,1977428,Host(NUMA 4),Device ?,0.01,20.35,0.30,11246790940108300,11246790940128650,1781444304920071190,1781444304920091540
1961938,1977428,Host(NUMA 4),Device ?,0.01,21.90,0.37,11246790940165190,11246790940187090,1781444304920189290,1781444304920211190
1961938,1977428,Host(NUMA 4),Device ?,0.02,17.51,0.94,11246790940222930,11246790940240440,1781444304920312540,1781444304920330050
1961938,1977428,Host(NUMA 4),Device ?,0.02,19.18,0.85,11246790940272570,11246790940291750,1781444304920429450,1781444304920448630
1961938,1977428,Host(NUMA 4),Device ?,0.01,19.06,0.43,11246790940326290,11246790940345350,1781444304920554260,1781444304920573320
1961938,1977428,Host(NUMA 4),Device ?,0.01,17.33,0.47,11246790940380030,11246790940397360,1781444304920678120,1781444304920695450
1961938,1977428,Host(NUMA 4),Device ?,0.02,18.07,0.91,11246790940431360,11246790940449430,1781444304920794890,1781444304920812960
1961938,1977428,Host(NUMA 4),Device ?,0.02,18.63,0.88,11246790940484710,11246790940503340,1781444304920915060,1781444304920933690
1961938,1977428,Host(NUMA 4),Device ?,0.01,20.62,0.30,11246790940539110,11246790940559730,1781444304921032460,1781444304921053080
1961938,1977428,Host(NUMA 4),Device ?,0.01,21.84,0.38,11246790940595120,11246790940616960,1781444304921148540,1781444304921170380
1961938,1977428,Host(NUMA 4),Device ?,0.02,19.59,0.84,11246790940654160,11246790940673750,1781444304921271840,1781444304921291430
1961938,1977428,Host(NUMA 4),Device ?,0.02,18.00,0.91,11246790940708910,11246790940726910,1781444304921393860,1781444304921411860
1961938,1977428,Host(NUMA 4),Device ?,0.01,20.68,0.40,11246790940762070,11246790940782750,1781444304921511390,1781444304921532070
1961938,1977428,Host(NUMA 4),Device ?,0.01,19.11,0.43,11246790940817770,11246790940836880,1781444304921631850,1781444304921650960
1961938,1977428,Host(NUMA 4),Device ?,0.02,17.82,0.92,11246790940873350,11246790940891170,1781444304921751650,1781444304921769470
1961938,1977428,Host(NUMA 4),Device ?,0.02,17.87,0.92,11246790940923440,11246790940941310,1781444304921872640,1781444304921890510
1961938,1977428,Host(NUMA 4),Device ?,0.01,17.10,0.36,11246790940974300,11246790940991400,1781444304921992640,1781444304922009740
1961938,1977428,Host(NUMA 4),Device ?,0.01,20.90,0.39,11246790941032560,11246790941053460,1781444304922106620,1781444304922127520
1961938,1977428,Host(NUMA 4),Device ?,0.02,17.57,0.93,11246790941087230,11246790941104800,1781444304922228770,1781444304922246340
1961938,1977428,Host(NUMA 4),Device ?,0.02,18.64,0.88,11246790941139740,11246790941158380,1781444304922346190,1781444304922364830
1961938,1977428,Host(NUMA 4),Device ?,0.01,17.39,0.47,11246790941193940,11246790941211330,1781444304922476490,1781444304922493880
1961938,1977428,Host(NUMA 4),Device ?,0.01,17.24,0.48,11246790941245190,11246790941262430,1781444304922597590,1781444304922614830
1961938,1977428,Host(NUMA 4),Device ?,0.02,17.82,0.92,11246790941295710,11246790941313530,1781444304922718840,1781444304922736660
1961938,1977428,Host(NUMA 4),Device ?,0.02,17.26,0.95,11246790941347610,11246790941364870,1781444304922841040,1781444304922858300
1961938,1977428,Host(NUMA 4),Device ?,0.01,16.74,0.37,11246790941399630,11246790941416370,1781444304923006010,1781444304923022750
1961938,1977428,Host(NUMA 4),Device ?,0.01,19.83,0.41,11246790941448880,11246790941468710,1781444304923130720,1781444304923150550
1961938,1977428,Host(NUMA 4),Device ?,0.02,16.56,0.99,11246790941503730,11246790941520290,1781444304923256060,1781444304923272620
1961938,1977428,Host(NUMA 4),Device ?,0.02,16.68,0.98,11246790941552680,11246790941569360,1781444304923378050,1781444304923394730
1961938,1977428,Host(NUMA 4),Device ?,0.01,21.37,0.38,11246790941601290,11246790941622660,1781444304923494800,1781444304923516170
1961938,1977428,Host(NUMA 4),Device ?,0.01,17.62,0.46,11246790941657480,11246790941675100,1781444304923617890,1781444304923635510
1961938,1977428,Host(NUMA 4),Device ?,0.02,19.45,0.84,11246790941711260,11246790941730710,1781444304923735530,1781444304923754980
1961938,1977428,Host(NUMA 4),Device ?,0.02,18.30,0.90,11246790941766360,11246790941784660,1781444304923859830,1781444304923878130
1961938,1977428,Host(NUMA 4),Device ?,0.01,18.87,0.33,11246790941820240,11246790941839110,1781444304923983470,1781444304924002340
1961938,1977428,Host(NUMA 4),Device ?,0.01,20.11,0.41,11246790941874080,11246790941894190,1781444304924103260,1781444304924123370
1961938,1977428,Host(NUMA 4),Device ?,0.02,17.44,0.94,11246790941927030,11246790941944470,1781444304924226060,1781444304924243500
1961938,1977428,Host(NUMA 4),Device ?,0.02,17.30,0.95,11246790941978070,11246790941995370,1781444304924344850,1781444304924362150
1961938,1977428,Host(NUMA 4),Device ?,0.01,21.45,0.38,11246790942030580,11246790942052030,1781444304924460830,1781444304924482280
1961938,1977428,Host(NUMA 4),Device ?,0.01,17.93,0.46,11246790942087930,11246790942105860,1781444304924584480,1781444304924602410
1961938,1977428,Host(NUMA 4),Device ?,0.02,16.71,0.98,11246790942139410,11246790942156120,1781444304924702290,1781444304924719000
1961938,1977428,Host(NUMA 4),Device ?,0.02,17.33,0.95,11246790942187530,11246790942204860,1781444304924820150,1781444304924837480
1961938,1977428,Host(NUMA 4),Device ?,0.01,21.32,0.29,11246790942238810,11246790942260130,1781444304924935420,1781444304924956740
1961938,1977428,Host(NUMA 4),Device ?,0.01,22.03,0.37,11246790942296680,11246790942318710,1781444304925052290,1781444304925074320
1961938,1977428,Host(NUMA 4),Device ?,0.02,18.10,0.91,11246790942353900,11246790942372000,1781444304925182600,1781444304925200700
1961938,1977428,Host(NUMA 4),Device ?,0.02,18.29,0.90,11246790942407810,11246790942426100,1781444304925302050,1781444304925320340
1961938,1977428,Host(NUMA 4),Device ?,0.01,22.04,0.37,11246790942460990,11246790942483030,1781444304925416840,1781444304925438880
1961938,1977428,Host(NUMA 4),Device ?,0.01,19.64,0.42,11246790942519730,11246790942539370,1781444304925537580,1781444304925557220
1961938,1977428,Host(NUMA 4),Device ?,0.02,18.11,0.90,11246790942571350,11246790942589460,1781444304925658890,1781444304925677000
1961938,1977428,Host(NUMA 4),Device ?,0.02,18.29,0.90,11246790942626430,11246790942644720,1781444304925776350,1781444304925794640
1961938,1977428,Host(NUMA 4),Device ?,0.01,19.83,0.31,11246790942680730,11246790942700560,1781444304925896450,1781444304925916280
1961938,1977428,Host(NUMA 4),Device ?,0.01,22.35,0.37,11246790942734510,11246790942756860,1781444304926012800,1781444304926035150
1961938,1977428,Host(NUMA 4),Device ?,0.02,19.33,0.85,11246790942794220,11246790942813550,1781444304926133250,1781444304926152580
1961938,1977428,Host(NUMA 4),Device ?,0.02,18.02,0.91,11246790942848290,11246790942866310,1781444304926254260,1781444304926272280
1961938,1977428,Host(NUMA 4),Device ?,0.01,19.96,0.41,11246790942903030,11246790942922990,1781444304926371460,1781444304926391420
1961938,1977428,Host(NUMA 4),Device ?,0.01,19.06,0.43,11246790942959360,11246790942978420,1781444304926492500,1781444304926511560
1961938,1977428,Host(NUMA 4),Device ?,0.02,19.18,0.85,11246790943015430,11246790943034610,1781444304926611780,1781444304926630960
1961938,1977428,Host(NUMA 4),Device ?,0.02,18.14,0.90,11246790943069390,11246790943087530,1781444304926748490,1781444304926766630
1961938,1977428,Host(NUMA 4),Device ?,0.01,19.97,0.31,11246790943123690,11246790943143660,1781444304926866760,1781444304926886730
1961938,1977428,Host(NUMA 4),Device ?,0.01,23.45,0.35,11246790943179470,11246790943202920,1781444304927004790,1781444304927028240
1961938,1977428,Host(NUMA 4),Device ?,0.02,19.99,0.82,11246790943237890,11246790943257880,1781444304927131080,1781444304927151070
1961938,1977428,Host(NUMA 4),Device ?,0.02,18.10,0.91,11246790943295240,11246790943313340,1781444304927251050,1781444304927269150
1961938,1977428,Host(NUMA 4),Device ?,0.01,24.43,0.34,11246790943354220,11246790943378650,1781444304927365500,1781444304927389930
1961938,1977428,Host(NUMA 4),Device ?,0.01,20.63,0.40,11246790943418070,11246790943438700,1781444304927489260,1781444304927509890
1961938,1977428,Host(NUMA 4),Device ?,0.02,19.60,0.84,11246790943474360,11246790943493960,1781444304927606750,1781444304927626350
1961938,1977428,Host(NUMA 4),Device ?,0.02,19.79,0.83,11246790943531380,11246790943551170,1781444304927724930,1781444304927744720
1961938,1977428,Host(NUMA 4),Device ?,0.01,18.06,0.34,11246790943587340,11246790943605400,1781444304927845150,1781444304927863210
1961938,1977428,Host(NUMA 4),Device ?,0.01,23.33,0.35,11246790943642730,11246790943666060,1781444304927963810,1781444304927987140
1961938,1977428,Host(NUMA 4),Device ?,0.02,19.90,0.82,11246790943700680,11246790943720580,1781444304928088710,1781444304928108610
1961938,1977428,Host(NUMA 4),Device ?,0.02,18.21,0.90,11246790943755700,11246790943773910,1781444304928210760,1781444304928228970
1961938,1977428,Host(NUMA 4),Device ?,0.01,20.09,0.41,11246790943810270,11246790943830360,1781444304928340090,1781444304928360180
1961938,1977428,Host(NUMA 4),Device ?,0.01,19.43,0.42,11246790943870760,11246790943890190,1781444304928461230,1781444304928480660
1961938,1977428,Host(NUMA 4),Device ?,0.02,20.13,0.81,11246790943930890,11246790943951020,1781444304928580070,1781444304928600200
1961938,1977428,Host(NUMA 4),Device ?,0.02,32.61,0.50,11246790943994320,11246790944026930,1781444304928686480,1781444304928719090
1961938,1977428,Host(NUMA 4),Device ?,0.01,20.90,0.29,11246790944070210,11246790944091110,1781444304928817480,1781444304928838380
1961938,1977428,Host(NUMA 4),Device ?,0.01,25.57,0.32,11246790944131540,11246790944157110,1781444304928932080,1781444304928957650
1961938,1977428,Host(NUMA 4),Device ?,0.02,20.65,0.79,11246790944196280,11246790944216930,1781444304929056620,1781444304929077270
1961938,1977428,Host(NUMA 4),Device ?,0.02,20.65,0.79,11246790944253690,11246790944274340,1781444304929175060,1781444304929195710
1961938,1977428,Host(NUMA 4),Device ?,0.01,21.32,0.38,11246790944310280,11246790944331600,1781444304929293140,1781444304929314460
1961938,1977428,Host(NUMA 4),Device ?,0.01,20.60,0.40,11246790944368110,11246790944388710,1781444304929412000,1781444304929432600
1961938,1977428,Host(NUMA 4),Device ?,0.02,21.42,0.76,11246790944425810,11246790944447230,1781444304929530620,1781444304929552040
1961938,1977428,Host(NUMA 4),Device ?,0.02,20.03,0.82,11246790944484330,11246790944504360,1781444304929651700,1781444304929671730
1961938,1977428,Host(NUMA 4),Device ?,0.01,21.08,0.29,11246790944543410,11246790944564490,1781444304929770050,1781444304929791130
1961938,1977428,Host(NUMA 4),Device ?,0.01,25.60,0.32,11246790944603010,11246790944628610,1781444304929885560,1781444304929911160
1961938,1977428,Host(NUMA 4),Device ?,0.02,19.74,0.83,11246790944668570,11246790944688310,1781444304930009840,1781444304930029580
1961938,1977428,Host(NUMA 4),Device ?,0.02,18.96,0.86,11246790944727380,11246790944746340,1781444304930128530,1781444304930147490
1961938,1977428,Host(NUMA 4),Device ?,0.01,21.03,0.39,11246790944781710,11246790944802740,1781444304930244170,1781444304930265200
1961938,1977428,Host(NUMA 4),Device ?,0.01,19.67,0.42,11246790944839490,11246790944859160,1781444304930365850,1781444304930385520
1961938,1977428,Host(NUMA 4),Device ?,0.02,20.98,0.78,11246790944895820,11246790944916800,1781444304930483380,1781444304930504360
1961938,1977428,Host(NUMA 4),Device ?,0.02,18.91,0.87,11246790944953740,11246790944972650,1781444304930616070,1781444304930634980
1961938,1977428,Host(NUMA 4),Device ?,0.01,19.83,0.31,11246790945016760,11246790945036590,1781444304930739860,1781444304930759690
1961938,1977428,Host(NUMA 4),Device ?,0.01,23.48,0.35,11246790945077170,11246790945100650,1781444304930856680,1781444304930880160
1961938,1977428,Host(NUMA 4),Device ?,0.02,21.39,0.77,11246790945139540,11246790945160930,1781444304930992100,1781444304931013490
1961938,1977428,Host(NUMA 4),Device ?,0.02,20.57,0.80,11246790945198330,11246790945218900,1781444304931117030,1781444304931137600
1961938,1977428,Host(NUMA 4),Device ?,0.01,22.90,0.36,11246790945256410,11246790945279310,1781444304931233730,1781444304931256630
1961938,1977428,Host(NUMA 4),Device ?,0.01,23.89,0.34,11246790945317610,11246790945341500,1781444304931351320,1781444304931375210
1961938,1977428,Host(NUMA 4),Device ?,0.02,24.61,0.67,11246790945381260,11246790945405870,1781444304931471620,1781444304931496230
1961938,1977428,Host(NUMA 4),Device ?,0.02,27.42,0.60,11246790945445370,11246790945472790,1781444304931586420,1781444304931613840
1961938,1977428,Host(NUMA 4),Device ?,0.01,20.12,0.31,11246790945510530,11246790945530650,1781444304931714280,1781444304931734400
1961938,1977428,Host(NUMA 4),Device ?,0.01,23.46,0.35,11246790945568890,11246790945592350,1781444304931830240,1781444304931853700
1961938,1977428,Host(NUMA 4),Device ?,0.02,19.49,0.84,11246790945630380,11246790945649870,1781444304931951560,1781444304931971050
1961938,1977428,Host(NUMA 4),Device ?,0.02,23.58,0.69,11246790945685920,11246790945709500,1781444304932066650,1781444304932090230
1961938,1977428,Host(NUMA 4),Device ?,0.01,24.47,0.33,11246790945746800,11246790945771270,1781444304932184680,1781444304932209150
1961938,1977428,Host(NUMA 4),Device ?,0.01,22.99,0.36,11246790945810530,11246790945833520,1781444304932304710,1781444304932327700
1961938,1977428,Host(NUMA 4),Device ?,0.02,20.18,0.81,11246790945871600,11246790945891780,1781444304932427950,1781444304932448130
1961938,1977428,Host(NUMA 4),Device ?,0.02,19.78,0.83,11246790945930490,11246790945950270,1781444304932548460,1781444304932568240
1961938,1977428,Host(NUMA 4),Device ?,0.01,19.23,0.32,11246790945986140,11246790946005370,1781444304932667930,1781444304932687160
1961938,1977428,Host(NUMA 4),Device ?,0.01,23.04,0.36,11246790946042200,11246790946065240,1781444304932784480,1781444304932807520
1961938,1977428,Host(NUMA 4),Device ?,0.02,19.25,0.85,11246790946101070,11246790946120320,1781444304932908830,1781444304932928080
1961938,1977428,Host(NUMA 4),Device ?,0.02,19.93,0.82,11246790946153420,11246790946173350,1781444304933027680,1781444304933047610
1961938,1977428,Host(NUMA 4),Device ?,0.01,20.73,0.40,11246790946207100,11246790946227830,1781444304933153100,1781444304933173830
1961938,1977428,Host(NUMA 4),Device ?,0.01,20.13,0.41,11246790946262450,11246790946282580,1781444304933274820,1781444304933294950
1961938,1977428,Host(NUMA 4),Device ?,0.02,18.29,0.90,11246790946319800,11246790946338090,1781444304933395060,1781444304933413350
1961938,1977428,Host(NUMA 4),Device ?,0.02,19.60,0.84,11246790946372190,11246790946391790,1781444304933513060,1781444304933532660
1961938,1977428,Host(NUMA 4),Device ?,0.01,20.79,0.30,11246790946428580,11246790946449370,1781444304933630780,1781444304933651570
1961938,1977428,Host(NUMA 4),Device ?,0.01,23.29,0.35,11246790946484510,11246790946507800,1781444304933748080,1781444304933771370
1961938,1977428,Host(NUMA 4),Device ?,0.02,18.30,0.90,11246790946543640,11246790946561940,1781444304933871960,1781444304933890260
1961938,1977428,Host(NUMA 4),Device ?,0.02,16.64,0.98,11246790946597700,11246790946614340,1781444304933991990,1781444304934008630
1961938,1977428,Host(NUMA 4),Device ?,0.01,20.43,0.40,11246790946651090,11246790946671520,1781444304934118750,1781444304934139180
1961938,1977428,Host(NUMA 4),Device ?,0.01,20.41,0.40,11246790946707860,11246790946728270,1781444304934239080,1781444304934259490
1961938,1977428,Host(NUMA 4),Device ?,0.02,19.18,0.85,11246790946763150,11246790946782330,1781444304934369790,1781444304934388970
1961938,1977428,Host(NUMA 4),Device ?,0.02,18.46,0.89,11246790946816820,11246790946835280,1781444304934492310,1781444304934510770
1961938,1977428,Host(NUMA 4),Device ?,0.01,19.86,0.31,11246790946871200,11246790946891060,1781444304934621350,1781444304934641210
1961938,1977428,Host(NUMA 4),Device ?,0.01,21.67,0.38,11246790946928400,11246790946950070,1781444304934738920,1781444304934760590
1961938,1977428,Host(NUMA 4),Device ?,0.02,19.78,0.83,11246790946986920,11246790947006700,1781444304934862220,1781444304934882000
1961938,1977428,Host(NUMA 4),Device ?,0.02,18.82,0.87,11246790947041330,11246790947060150,1781444304934995340,1781444304935014160
1961938,1977428,Host(NUMA 4),Device ?,0.01,18.93,0.43,11246790947095940,11246790947114870,1781444304935120390,1781444304935139320
1961938,1977428,Host(NUMA 4),Device ?,0.01,18.67,0.44,11246790947150300,11246790947168970,1781444304935239950,1781444304935258620
1961938,1977428,Host(NUMA 4),Device ?,0.02,17.98,0.91,11246790947203710,11246790947221690,1781444304935359230,1781444304935377210
1961938,1977428,Host(NUMA 4),Device ?,0.02,17.63,0.93,11246790947257100,11246790947274730,1781444304935480910,1781444304935498540
1961938,1977428,Host(NUMA 4),Device ?,0.01,20.53,0.30,11246790947309530,11246790947330060,1781444304935596410,1781444304935616940
1961938,1977428,Host(NUMA 4),Device ?,0.01,20.74,0.39,11246790947365420,11246790947386160,1781444304935715110,1781444304935735850
1961938,1977428,Host(NUMA 4),Device ?,0.02,18.87,0.87,11246790947422680,11246790947441550,1781444304935836140,1781444304935855010
1961938,1977428,Host(NUMA 4),Device ?,0.02,18.01,0.91,11246790947476790,11246790947494800,1781444304935955100,1781444304935973110
1961938,1977428,Host(NUMA 4),Device ?,0.01,18.04,0.45,11246790947529170,11246790947547210,1781444304936075000,1781444304936093040
1961938,1977428,Host(NUMA 4),Device ?,0.01,18.71,0.44,11246790947581800,11246790947600510,1781444304936194750,1781444304936213460
1961938,1977428,Host(NUMA 4),Device ?,0.02,17.00,0.96,11246790947636870,11246790947653870,1781444304936316620,1781444304936333620
1961938,1977428,Host(NUMA 4),Device ?,0.02,18.18,0.90,11246790947690700,11246790947708880,1781444304936437870,1781444304936456050
1961938,1977428,Host(NUMA 4),Device ?,0.01,21.46,0.29,11246790947743790,11246790947765250,1781444304936553470,1781444304936574930
1961938,1977428,Host(NUMA 4),Device ?,0.01,18.41,0.44,11246790947804160,11246790947822570,1781444304936676540,1781444304936694950
1961938,1977428,Host(NUMA 4),Device ?,0.02,19.51,0.84,11246790947857610,11246790947877120,1781444304936795820,1781444304936815330
1961938,1977428,Host(NUMA 4),Device ?,0.02,18.33,0.89,11246790947913600,11246790947931930,1781444304936916780,1781444304936935110
1961938,1977428,Host(NUMA 4),Device ?,0.01,21.20,0.39,11246790947965990,11246790947987190,1781444304937031190,1781444304937052390
1961938,1977428,Host(NUMA 4),Device ?,0.01,21.22,0.39,11246790948042990,11246790948064210,1781444304937149460,1781444304937170680
1961938,1977428,Host(NUMA 4),Device ?,0.02,21.00,0.78,11246790948103560,11246790948124560,1781444304937268540,1781444304937289540
1961938,1977428,Host(NUMA 4),Device ?,0.02,19.74,0.83,11246790948160290,11246790948180030,1781444304937387990,1781444304937407730
1961938,1977428,Host(NUMA 4),Device ?,0.01,20.64,0.30,11246790948217150,11246790948237790,1781444304937505990,1781444304937526630
1961938,1977428,Host(NUMA 4),Device ?,0.01,23.19,0.35,11246790948274360,11246790948297550,1781444304937622690,1781444304937645880
1961938,1977428,Host(NUMA 4),Device ?,0.02,22.01,0.74,11246790948333540,11246790948355550,1781444304937740950,1781444304937762960
1961938,1977428,Host(NUMA 4),Device ?,0.02,20.52,0.80,11246790948391920,11246790948412440,1781444304937862740,1781444304937883260
1961938,1977428,Host(NUMA 4),Device ?,0.01,22.35,0.37,11246790948447950,11246790948470300,1781444304937977460,1781444304937999810
1961938,1977428,Host(NUMA 4),Device ?,0.01,20.81,0.39,11246790948508550,11246790948529360,1781444304938097480,1781444304938118290
1961938,1977428,Host(NUMA 4),Device ?,0.02,21.58,0.76,11246790948564290,11246790948585870,1781444304938231330,1781444304938252910
1961938,1977428,Host(NUMA 4),Device ?,0.02,21.83,0.75,11246790948624000,11246790948645830,1781444304938356340,1781444304938378170
1961938,1977428,Host(NUMA 4),Device ?,0.01,19.42,0.32,11246790948683510,11246790948702930,1781444304938477160,1781444304938496580
1961938,1977428,Host(NUMA 4),Device ?,0.01,24.17,0.34,11246790948739910,11246790948764080,1781444304938594140,1781444304938618310
1961938,1977428,Host(NUMA 4),Device ?,0.02,18.87,0.87,11246790948801030,11246790948819900,1781444304938718040,1781444304938736910
1961938,1977428,Host(NUMA 4),Device ?,0.02,20.40,0.80,11246790948854930,11246790948875330,1781444304938834970,1781444304938855370
1961938,1977428,Host(NUMA 4),Device ?,0.01,23.71,0.35,11246790948911250,11246790948934960,1781444304938963930,1781444304938987640
1961938,1977428,Host(NUMA 4),Device ?,0.01,18.57,0.44,11246790948972470,11246790948991040,1781444304939090020,1781444304939108590
1961938,1977428,Host(NUMA 4),Device ?,0.02,19.51,0.84,11246790949027360,11246790949046870,1781444304939209220,1781444304939228730
1961938,1977428,Host(NUMA 4),Device ?,0.02,19.51,0.84,11246790949084150,11246790949103660,1781444304939328240,1781444304939347750
1961938,1977428,Host(NUMA 4),Device ?,0.01,18.91,0.32,11246790949142560,11246790949161470,1781444304939446750,1781444304939465660
1961938,1977428,Host(NUMA 4),Device ?,0.01,24.34,0.34,11246790949200030,11246790949224370,1781444304939562590,1781444304939586930
1961938,1977428,Host(NUMA 4),Device ?,0.02,22.09,0.74,11246790949258530,11246790949280620,1781444304939685510,1781444304939707600
1961938,1977428,Host(NUMA 4),Device ?,0.02,17.56,0.93,11246790949315430,11246790949332990,1781444304939808910,1781444304939826470
1961938,1977428,Host(NUMA 4),Device ?,0.01,20.74,0.39,11246790949368650,11246790949389390,1781444304939940850,1781444304939961590
1961938,1977428,Host(NUMA 4),Device ?,0.01,18.34,0.45,11246790949423610,11246790949441950,1781444304940066780,1781444304940085120
1961938,1977428,Host(NUMA 4),Device ?,0.02,19.10,0.86,11246790949478350,11246790949497450,1781444304940184360,1781444304940203460
1961938,1977428,Host(NUMA 4),Device ?,0.02,19.24,0.85,11246790949533090,11246790949552330,1781444304940303710,1781444304940322950
1961938,1977428,Host(NUMA 4),Device ?,0.01,18.90,0.33,11246790949588540,11246790949607440,1781444304940422480,1781444304940441380
1961938,1977428,Host(NUMA 4),Device ?,0.01,20.73,0.40,11246790949644680,11246790949665410,1781444304940537320,1781444304940558050
1961938,1977428,Host(NUMA 4),Device ?,0.02,20.27,0.81,11246790949703260,11246790949723530,1781444304940655580,1781444304940675850
1961938,1977428,Host(NUMA 4),Device ?,0.02,20.83,0.79,11246790949758710,11246790949779540,1781444304940773880,1781444304940794710
1961938,1977428,Host(NUMA 4),Device ?,0.01,23.86,0.34,11246790949816930,11246790949840790,1781444304940887620,1781444304940911480
1961938,1977428,Host(NUMA 4),Device ?,0.01,19.81,0.41,11246790949879910,11246790949899720,1781444304941011810,1781444304941031620
1961938,1977428,Host(NUMA 4),Device ?,0.02,20.01,0.82,11246790949937130,11246790949957140,1781444304941130520,1781444304941150530
1961938,1977428,Host(NUMA 4),Device ?,0.02,18.78,0.87,11246790949994010,11246790950012790,1781444304941249630,1781444304941268410
1961938,1977428,Host(NUMA 4),Device ?,0.01,19.13,0.32,11246790950048790,11246790950067920,1781444304941368560,1781444304941387690
1961938,1977428,Host(NUMA 4),Device ?,0.01,18.53,0.44,11246790950102270,11246790950120800,1781444304941490420,1781444304941508950
1961938,1977428,Host(NUMA 4),Device ?,0.02,18.57,0.88,11246790950156630,11246790950175200,1781444304941608790,1781444304941627360
1961938,1977428,Host(NUMA 4),Device ?,0.02,17.79,0.92,11246790950209510,11246790950227300,1781444304941730260,1781444304941748050
1961938,1977428,Host(NUMA 4),Device ?,0.01,18.40,0.45,11246790950261820,11246790950280220,1781444304941850110,1781444304941868510
1961938,1977428,Host(NUMA 4),Device ?,0.01,20.86,0.39,11246790950315910,11246790950336770,1781444304941977460,1781444304941998320
1961938,1977428,Host(NUMA 4),Device ?,0.02,20.65,0.79,11246790950373670,11246790950394320,1781444304942099750,1781444304942120400
1961938,1977428,Host(NUMA 4),Device ?,0.02,18.13,0.90,11246790950434140,11246790950452270,1781444304942222380,1781444304942240510
1961938,1977428,Host(NUMA 4),Device ?,0.01,17.36,0.35,11246790950488700,11246790950506060,1781444304942341340,1781444304942358700
1961938,1977428,Host(NUMA 4),Device ?,0.01,17.76,0.46,11246790950539180,11246790950556940,1781444304942459610,1781444304942477370
1961938,1977428,Host(NUMA 4),Device ?,0.02,17.62,0.93,11246790950594290,11246790950611910,1781444304942579120,1781444304942596740
1961938,1977428,Host(NUMA 4),Device ?,0.02,18.94,0.87,11246790950645970,11246790950664910,1781444304942699550,1781444304942718490
1961938,1977428,Host(NUMA 4),Device ?,0.01,23.79,0.34,11246790950701700,11246790950725490,1781444304942814830,1781444304942838620
1961938,1977428,Host(NUMA 4),Device ?,0.01,20.25,0.40,11246790950761220,11246790950781470,1781444304942950660,1781444304942970910
1961938,1977428,Host(NUMA 4),Device ?,0.02,18.90,0.87,11246790950818470,11246790950837370,1781444304943075930,1781444304943094830
1961938,1977428,Host(NUMA 4),Device ?,0.02,19.13,0.86,11246790950869370,11246790950888500,1781444304943195780,1781444304943214910
1961938,1977428,Host(NUMA 4),Device ?,509.88,28317.23,18.88,11246790951105000,11246790979422230,1781444304915017190,1781444304943334420
1961938,1977428,Host(NUMA 4),Device ?,24.00,1549.75,16.24,11246790979491510,11246790981041260,1781444304941909710,1781444304943459460
1961938,1977428,Host(NUMA 4),Device ?,8.00,584.55,14.35,11246790981099020,11246790981683570,1781444304942997720,1781444304943582270
1961938,1977428,Host(NUMA 4),Device ?,32.00,1905.38,17.61,11246790981735350,11246790983640730,1781444304941798820,1781444304943704200
1961938,1977428,Host(NUMA 4),Device ?,32.00,1976.01,16.98,11246790983691830,11246790985667840,1781444304941849140,1781444304943825150
1961938,1977428,Host(NUMA 4),Device ?,24.00,1518.11,16.58,11246790985725500,11246790987243610,1781444304942428480,1781444304943946590
1961938,1977428,Host(NUMA 4),Device ?,8.00,652.52,12.86,11246790987297980,11246790987950500,1781444304943412890,1781444304944065410
1961938,1977428,Host(NUMA 4),Device ?,32.00,1939.71,17.30,11246790988019070,11246790989958780,1781444304942251330,1781444304944191040
1961938,1977428,Host(NUMA 4),Device ?,32.00,2045.90,16.40,11246790990011320,11246790992057220,1781444304942271740,1781444304944317640
1961938,1977428,Host(NUMA 4),Device ?,24.00,1635.62,15.39,11246790992107830,11246790993743450,1781444304942800960,1781444304944436580
1961938,1977428,Host(NUMA 4),Device ?,8.00,1001.76,8.37,11246790993799530,11246790994801290,1781444304943555880,1781444304944557640
1961938,1977428,Host(NUMA 4),Device ?,32.00,2035.90,16.48,11246790994857640,11246790996893540,1781444304942640640,1781444304944676540
1961938,1977428,Host(NUMA 4),Device ?,32.00,2040.83,16.44,11246790996948000,11246790998988830,1781444304942755150,1781444304944795980
1961938,1977428,Host(NUMA 4),Device ?,24.00,1633.39,15.41,11246790999041280,11246791000674670,1781444304943282720,1781444304944916110
1961938,1977428,Host(NUMA 4),Device ?,8.00,922.02,9.10,11246791000732620,11246791001654640,1781444304944114320,1781444304945036340
1961938,1977428,Host(NUMA 4),Device ?,32.00,2054.02,16.34,11246791001700900,11246791003754920,1781444304943101810,1781444304945155830
1961938,1977428,Host(NUMA 4),Device ?,32.00,1976.30,16.98,11246791003801950,11246791005778250,1781444304943300480,1781444304945276780
1961938,1977428,Host(NUMA 4),Device ?,24.00,1565.76,16.07,11246791005827310,11246791007393070,1781444304943831250,1781444304945397010
1961938,1977428,Host(NUMA 4),Device ?,8.00,774.62,10.83,11246791007440200,11246791008214820,1781444304944741160,1781444304945515780
1961938,1977428,Host(NUMA 4),Device ?,32.00,2032.18,16.51,11246791008259840,11246791010292020,1781444304943603200,1781444304945635380
1961938,1977428,Host(NUMA 4),Device ?,32.00,1969.04,17.04,11246791010338260,11246791012307300,1781444304943798540,1781444304945767580
1961938,1977428,Host(NUMA 4),Device ?,24.00,1577.28,15.96,11246791012354460,11246791013931740,1781444304944326300,1781444304945903580
1961938,1977428,Host(NUMA 4),Device ?,8.00,636.66,13.18,11246791013976160,11246791014612820,1781444304945390620,1781444304946027280
1961938,1977428,Host(NUMA 4),Device ?,32.00,1944.43,17.26,11246791014658790,11246791016603220,1781444304944207530,1781444304946151960
1961938,1977428,Host(NUMA 4),Device ?,32.00,1968.66,17.04,11246791016649470,11246791018618130,1781444304944302720,1781444304946271380
1961938,1977428,Host(NUMA 4),Device ?,24.00,1524.39,16.51,11246791018665060,11246791020189450,1781444304944866650,1781444304946391040
1961938,1977428,Host(NUMA 4),Device ?,8.00,658.46,12.74,11246791020233610,11246791020892070,1781444304945853120,1781444304946511580
1961938,1977428,Host(NUMA 4),Device ?,32.00,1975.12,16.99,11246791020937160,11246791022912280,1781444304944656070,1781444304946631190
1961938,1977428,Host(NUMA 4),Device ?,32.00,1958.37,17.13,11246791022957670,11246791024916040,1781444304944794820,1781444304946753190
1961938,1977428,Host(NUMA 4),Device ?,24.00,1574.96,15.98,11246791024961270,11246791026536230,1781444304945300100,1781444304946875060
1961938,1977428,Host(NUMA 4),Device ?,8.00,675.76,12.41,11246791026583540,11246791027259300,1781444304946344570,1781444304947020330
1961938,1977428,Host(NUMA 4),Device ?,32.00,2021.30,16.60,11246791027307860,11246791029329160,1781444304945125060,1781444304947146360
1961938,1977428,Host(NUMA 4),Device ?,32.00,1948.82,17.22,11246791029377480,11246791031326300,1781444304945319090,1781444304947267910
1961938,1977428,Host(NUMA 4),Device ?,24.00,1566.71,16.06,11246791031373150,11246791032939860,1781444304945823130,1781444304947389840
1961938,1977428,Host(NUMA 4),Device ?,8.00,647.75,12.95,11246791032989320,11246791033637070,1781444304946863130,1781444304947510880
1961938,1977428,Host(NUMA 4),Device ?,32.00,1935.15,17.34,11246791033682040,11246791035617190,1781444304945699680,1781444304947634830
1961938,1977428,Host(NUMA 4),Device ?,32.00,1925.75,17.42,11246791035661760,11246791037587510,1781444304945827490,1781444304947753240
1961938,1977428,Host(NUMA 4),Device ?,24.00,1498.25,16.80,11246791037639030,11246791039137280,1781444304946376080,1781444304947874330
1961938,1977428,Host(NUMA 4),Device ?,8.00,571.08,14.69,11246791039183850,11246791039754930,1781444304947424010,1781444304947995090
1961938,1977428,Host(NUMA 4),Device ?,32.00,1976.61,16.98,11246791039799600,11246791041776210,1781444304946138350,1781444304948114960
1961938,1977428,Host(NUMA 4),Device ?,32.00,1946.70,17.24,11246791041821880,11246791043768580,1781444304946289900,1781444304948236600
1961938,1977428,Host(NUMA 4),Device ?,24.00,1485.32,16.94,11246791043814560,11246791045299880,1781444304946870690,1781444304948356010
1961938,1977428,Host(NUMA 4),Device ?,8.00,577.56,14.52,11246791045346120,11246791045923680,1781444304947897200,1781444304948474760
1961938,1977428,Host(NUMA 4),Device ?,32.00,1933.62,17.35,11246791045966380,11246791047900000,1781444304946663010,1781444304948596630
1961938,1977428,Host(NUMA 4),Device ?,32.00,1937.96,17.31,11246791047944980,11246791049882940,1781444304946776500,1781444304948714460
1961938,1977428,Host(NUMA 4),Device ?,24.00,1498.17,16.80,11246791049927900,11246791051426070,1781444304947335780,1781444304948833950
1961938,1977428,Host(NUMA 4),Device ?,8.00,602.58,13.92,11246791051471250,11246791052073830,1781444304948351800,1781444304948954380
1961938,1977428,Host(NUMA 4),Device ?,32.00,1940.92,17.29,11246791052120450,11246791054061370,1781444304947132230,1781444304949073150
1961938,1977428,Host(NUMA 4),Device ?,32.00,2005.77,16.73,11246791054105320,11246791056111090,1781444304947187100,1781444304949192870
1961938,1977428,Host(NUMA 4),Device ?,24.00,1475.76,17.05,11246791056155660,11246791057631420,1781444304947837910,1781444304949313670
1961938,1977428,Host(NUMA 4),Device ?,8.00,611.34,13.72,11246791057675620,11246791058286960,1781444304948823180,1781444304949434520
1961938,1977428,Host(NUMA 4),Device ?,32.00,1937.93,17.31,11246791058329740,11246791060267670,1781444304947628630,1781444304949566560
1961938,1977428,Host(NUMA 4),Device ?,32.00,1944.59,17.26,11246791060315590,11246791062260180,1781444304947746030,1781444304949690620
1961938,1977428,Host(NUMA 4),Device ?,24.00,1488.77,16.90,11246791062304850,11246791063793620,1781444304948320440,1781444304949809210
1961938,1977428,Host(NUMA 4),Device ?,8.00,611.32,13.72,11246791063836310,11246791064447630,1781444304949315330,1781444304949926650
1961938,1977428,Host(NUMA 4),Device ?,32.00,1948.85,17.22,11246791064489160,11246791066438010,1781444304948097720,1781444304950046570
1961938,1977428,Host(NUMA 4),Device ?,32.00,1944.04,17.26,11246791066482670,11246791068426710,1781444304948223460,1781444304950167500
1961938,1977428,Host(NUMA 4),Device ?,24.00,1492.86,16.86,11246791068469710,11246791069962570,1781444304948795170,1781444304950288030
1961938,1977428,Host(NUMA 4),Device ?,8.00,613.11,13.68,11246791070003980,11246791070617090,1781444304949795390,1781444304950408500
1961938,1977428,Host(NUMA 4),Device ?,32.00,2037.29,16.47,11246791070660960,11246791072698250,1781444304948488870,1781444304950526160
1961938,1977428,Host(NUMA 4),Device ?,32.00,1940.81,17.29,11246791072753080,11246791074693890,1781444304948705360,1781444304950646170
1961938,1977428,Host(NUMA 4),Device ?,24.00,1532.33,16.42,11246791074743880,11246791076276210,1781444304949233820,1781444304950766150
1961938,1977428,Host(NUMA 4),Device ?,8.00,616.59,13.60,11246791076333820,11246791076950410,1781444304950272250,1781444304950888840
1961938,1977428,Host(NUMA 4),Device ?,32.00,1959.14,17.13,11246791076997760,11246791078956900,1781444304949075590,1781444304951034730
1961938,1977428,Host(NUMA 4),Device ?,32.00,1978.71,16.96,11246791079002820,11246791080981530,1781444304949181630,1781444304951160340
1961938,1977428,Host(NUMA 4),Device ?,24.00,1493.09,16.85,11246791081028230,11246791082521320,1781444304949785560,1781444304951278650
1961938,1977428,Host(NUMA 4),Device ?,8.00,650.39,12.90,11246791082566760,11246791083217150,1781444304950749850,1781444304951400240
1961938,1977428,Host(NUMA 4),Device ?,32.00,1994.14,16.83,11246791083260520,11246791085254660,1781444304949526760,1781444304951520900
1961938,1977428,Host(NUMA 4),Device ?,32.00,1964.95,17.08,11246791085306300,11246791087271250,1781444304949676200,1781444304951641150
1961938,1977428,Host(NUMA 4),Device ?,24.00,1488.75,16.90,11246791087318030,11246791088806780,1781444304950285750,1781444304951774500
1961938,1977428,Host(NUMA 4),Device ?,8.00,612.35,13.70,11246791088851740,11246791089464090,1781444304951283410,1781444304951895760
1961938,1977428,Host(NUMA 4),Device ?,32.00,1942.70,17.27,11246791089507810,11246791091450510,1781444304950073500,1781444304952016200
1961938,1977428,Host(NUMA 4),Device ?,32.00,1973.50,17.00,11246791091495580,11246791093469080,1781444304950166700,1781444304952140200
1961938,1977428,Host(NUMA 4),Device ?,24.00,1504.14,16.73,11246791093519300,11246791095023440,1781444304950759770,1781444304952263910
1961938,1977428,Host(NUMA 4),Device ?,8.00,632.61,13.26,11246791095067370,11246791095699980,1781444304951752740,1781444304952385350
1961938,1977428,Host(NUMA 4),Device ?,32.00,1955.78,17.16,11246791095741510,11246791097697290,1781444304950551960,1781444304952507740
1961938,1977428,Host(NUMA 4),Device ?,32.00,1936.73,17.33,11246791097742740,11246791099679470,1781444304950692410,1781444304952629140
1961938,1977428,Host(NUMA 4),Device ?,24.00,1544.50,16.29,11246791099725020,11246791101269520,1781444304951204260,1781444304952748760
1961938,1977428,Host(NUMA 4),Device ?,8.00,610.22,13.75,11246791101316990,11246791101927210,1781444304952260290,1781444304952870510
1961938,1977428,Host(NUMA 4),Device ?,32.00,1963.84,17.09,11246791101976840,11246791103940680,1781444304951027250,1781444304952991090
1961938,1977428,Host(NUMA 4),Device ?,32.00,1963.92,17.09,11246791103994750,11246791105958670,1781444304951147980,1781444304953111900
1961938,1977428,Host(NUMA 4),Device ?,24.00,1509.66,16.67,11246791106006560,11246791107516220,1781444304951721620,1781444304953231280
1961938,1977428,Host(NUMA 4),Device ?,8.00,602.18,13.93,11246791107561430,11246791108163610,1781444304952758700,1781444304953360880
1961938,1977428,Host(NUMA 4),Device ?,32.00,2066.92,16.23,11246791108207210,11246791110274130,1781444304951417500,1781444304953484420
1961938,1977428,Host(NUMA 4),Device ?,32.00,2008.08,16.71,11246791110322010,11246791112330090,1781444304951594780,1781444304953602860
1961938,1977428,Host(NUMA 4),Device ?,24.00,1482.79,16.97,11246791112379500,11246791113862290,1781444304952239180,1781444304953721970
1961938,1977428,Host(NUMA 4),Device ?,8.00,597.11,14.05,11246791113905700,11246791114502810,1781444304953248060,1781444304953845170
1961938,1977428,Host(NUMA 4),Device ?,32.00,1997.39,16.80,11246791114543950,11246791116541340,1781444304951974590,1781444304953971980
1961938,1977428,Host(NUMA 4),Device ?,32.00,1943.08,17.27,11246791116584340,11246791118527420,1781444304952151250,1781444304954094330
1961938,1977428,Host(NUMA 4),Device ?,24.00,1889.37,13.32,11246791118568380,11246791120457750,1781444304952325250,1781444304954214620
1961938,1977428,Host(NUMA 4),Device ?,8.00,656.44,12.78,11246791120499530,11246791121155970,1781444304953679120,1781444304954335560
1961938,1977428,Host(NUMA 4),Device ?,32.00,1950.59,17.20,11246791121196410,11246791123147000,1781444304952505070,1781444304954455660
1961938,1977428,Host(NUMA 4),Device ?,32.00,1963.11,17.09,11246791123187330,11246791125150440,1781444304952613940,1781444304954577050
1961938,1977428,Host(NUMA 4),Device ?,24.00,1538.16,16.36,11246791125198730,11246791126736890,1781444304953159920,1781444304954698080
1961938,1977428,Host(NUMA 4),Device ?,8.00,598.80,14.01,11246791126781720,11246791127380520,1781444304954219880,1781444304954818680
1961938,1977428,Host(NUMA 4),Device ?,32.00,1988.70,16.87,11246791127425190,11246791129413890,1781444304952964090,1781444304954952790
1961938,1977428,Host(NUMA 4),Device ?,32.00,1941.84,17.28,11246791129460380,11246791131402220,1781444304953136540,1781444304955078380
1961938,1977428,Host(NUMA 4),Device ?,24.00,1535.55,16.39,11246791131444450,11246791132980000,1781444304953661720,1781444304955197270
1961938,1977428,Host(NUMA 4),Device ?,8.00,612.09,13.70,11246791133022480,11246791133634570,1781444304954703310,1781444304955315400
1961938,1977428,Host(NUMA 4),Device ?,32.00,2251.03,14.91,11246791133677220,11246791135928250,1781444304953185250,1781444304955436280
1961938,1977428,Host(NUMA 4),Device ?,32.00,1976.59,16.98,11246791135970350,11246791137946940,1781444304953579320,1781444304955555910
1961938,1977428,Host(NUMA 4),Device ?,24.00,1489.00,16.90,11246791137992000,11246791139481000,1781444304954185690,1781444304955674690
1961938,1977428,Host(NUMA 4),Device ?,8.00,589.66,14.23,11246791139523860,11246791140113520,1781444304955205130,1781444304955794790
1961938,1977428,Host(NUMA 4),Device ?,32.00,1942.68,17.27,11246791140156600,11246791142099280,1781444304953971150,1781444304955913830
1961938,1977428,Host(NUMA 4),Device ?,32.00,1941.97,17.28,11246791142140590,11246791144082560,1781444304954094590,1781444304956036560
1961938,1977428,Host(NUMA 4),Device ?,24.00,1510.83,16.66,11246791144128590,11246791145639420,1781444304954647170,1781444304956158000
1961938,1977428,Host(NUMA 4),Device ?,8.00,572.14,14.66,11246791145686540,11246791146258680,1781444304955707410,1781444304956279550
1961938,1977428,Host(NUMA 4),Device ?,32.00,1932.94,17.36,11246791146299270,11246791148232210,1781444304954464840,1781444304956397780
1961938,1977428,Host(NUMA 4),Device ?,32.00,1955.85,17.16,11246791148276110,11246791150231960,1781444304954560380,1781444304956516230
1961938,1977428,Host(NUMA 4),Device ?,24.00,1488.68,16.90,11246791150275200,11246791151763880,1781444304955179550,1781444304956668230
1961938,1977428,Host(NUMA 4),Device ?,8.00,555.83,15.09,11246791151804070,11246791152359900,1781444304956265990,1781444304956821820
1961938,1977428,Host(NUMA 4),Device ?,32.00,1979.35,16.95,11246791152403290,11246791154382640,1781444304954996620,1781444304956975970
1961938,1977428,Host(NUMA 4),Device ?,32.00,1932.03,17.37,11246791154427270,11246791156359300,1781444304955215860,1781444304957147890
1961938,1977428,Host(NUMA 4),Device ?,254.94,14169.12,18.87,11246791156402820,11246791170571940,1781444304943130980,1781444304957300100
1961938,1977428,Host(NUMA 4),Device ?,24.00,1585.43,15.87,11246791339887900,11246791341473330,1781444304955873490,1781444304957458920
1961938,1977428,Host(NUMA 4),Device ?,8.00,752.87,11.14,11246791341525630,11246791342278500,1781444304956859870,1781444304957612740
1961938,1977428,Host(NUMA 4),Device ?,32.00,1982.57,16.92,11246791342323780,11246791344306350,1781444304955783080,1781444304957765650
1961938,1977428,Host(NUMA 4),Device ?,32.00,2001.37,16.77,11246791344351760,11246791346353130,1781444304955914280,1781444304957915650
1961938,1977428,Host(NUMA 4),Device ?,24.00,1612.92,15.60,11246791346398880,11246791348011800,1781444304956453130,1781444304958066050
1961938,1977428,Host(NUMA 4),Device ?,8.00,752.17,11.15,11246791348061070,11246791348813240,1781444304957465620,1781444304958217790
1961938,1977428,Host(NUMA 4),Device ?,32.00,2034.12,16.50,11246791348859570,11246791350893690,1781444304956332190,1781444304958366310
1961938,1977428,Host(NUMA 4),Device ?,32.00,2052.76,16.35,11246791350945950,11246791352998710,1781444304956464680,1781444304958517440
1961938,1977428,Host(NUMA 4),Device ?,24.00,1537.16,16.37,11246791353051100,11246791354588260,1781444304957129490,1781444304958666650
1961938,1977428,Host(NUMA 4),Device ?,8.00,785.75,10.68,11246791354631240,11246791355416990,1781444304958031470,1781444304958817220
1961938,1977428,Host(NUMA 4),Device ?,32.00,2020.18,16.61,11246791355460180,11246791357480360,1781444304956960670,1781444304958980850
1961938,1977428,Host(NUMA 4),Device ?,32.00,2020.62,16.61,11246791357526950,11246791359547570,1781444304957114330,1781444304959134950
1961938,1977428,Host(NUMA 4),Device ?,24.00,1560.65,16.13,11246791359601210,11246791361161860,1781444304957724380,1781444304959285030
1961938,1977428,Host(NUMA 4),Device ?,8.00,687.54,12.20,11246791361212970,11246791361900510,1781444304958751340,1781444304959438880
1961938,1977428,Host(NUMA 4),Device ?,32.00,2027.64,16.55,11246791361944210,11246791363971850,1781444304957560400,1781444304959588040
1961938,1977428,Host(NUMA 4),Device ?,32.00,2028.44,16.54,11246791364028770,11246791366057210,1781444304957710480,1781444304959738920
1961938,1977428,Host(NUMA 4),Device ?,24.00,1569.88,16.03,11246791366105170,11246791367675050,1781444304958319050,1781444304959888930
1961938,1977428,Host(NUMA 4),Device ?,8.00,800.72,10.48,11246791367725030,11246791368525750,1781444304959235800,1781444304960036520
1961938,1977428,Host(NUMA 4),Device ?,32.00,2019.80,16.61,11246791368571680,11246791370591480,1781444304958187600,1781444304960207400
1961938,1977428,Host(NUMA 4),Device ?,32.00,2006.36,16.72,11246791370639740,11246791372646100,1781444304958354690,1781444304960361050
1961938,1977428,Host(NUMA 4),Device ?,24.00,1616.61,15.57,11246791372696720,11246791374313330,1781444304958896440,1781444304960513050
1961938,1977428,Host(NUMA 4),Device ?,8.00,882.87,9.50,11246791374359470,11246791375242340,1781444304959780590,1781444304960663460
1961938,1977428,Host(NUMA 4),Device ?,32.00,2041.61,16.44,11246791375288940,11246791377330550,1781444304958773430,1781444304960815040
1961938,1977428,Host(NUMA 4),Device ?,32.00,2016.80,16.64,11246791377384250,11246791379401050,1781444304958950600,1781444304960967400
1961938,1977428,Host(NUMA 4),Device ?,24.00,1549.27,16.24,11246791379452950,11246791381002220,1781444304959569710,1781444304961118980
1961938,1977428,Host(NUMA 4),Device ?,8.00,771.98,10.87,11246791381053280,11246791381825260,1781444304960498320,1781444304961270300
1961938,1977428,Host(NUMA 4),Device ?,32.00,1956.75,17.15,11246791381872870,11246791383829620,1781444304959466850,1781444304961423600
1961938,1977428,Host(NUMA 4),Device ?,32.00,2028.42,16.54,11246791383873250,11246791385901670,1781444304959555210,1781444304961583630
1962011,1974998,Host(NUMA 5),Device ?,24.00,1420.21,17.72,11246790995556630,11246790996976840,1781444304960322550,1781444304961742760
1962011,1974998,Host(NUMA 5),Device ?,8.00,466.57,17.98,11246790997021500,11246790997488070,1781444304961442430,1781444304961909000
1962011,1974998,Host(NUMA 5),Device ?,32.00,1865.83,17.98,11246790997530870,11246790999396700,1781444304960192690,1781444304962058520
1962011,1974998,Host(NUMA 5),Device ?,32.00,1877.12,17.88,11246790999441220,11246791001318340,1781444304960332750,1781444304962209870
1962011,1974998,Host(NUMA 5),Device ?,24.00,1459.39,17.24,11246791001359750,11246791002819140,1781444304960900760,1781444304962360150
1962011,1974998,Host(NUMA 5),Device ?,8.00,434.24,19.32,11246791002860470,11246791003294710,1781444304962077870,1781444304962512110
1962011,1974998,Host(NUMA 5),Device ?,32.00,1865.24,17.99,11246791003335500,11246791005200740,1781444304960797290,1781444304962662530
1962011,1974998,Host(NUMA 5),Device ?,32.00,1845.15,18.19,11246791005243240,11246791007088390,1781444304960966330,1781444304962811480
1962011,1974998,Host(NUMA 5),Device ?,24.00,1415.10,17.78,11246791007128920,11246791008544020,1781444304961571440,1781444304962986540
1962011,1974998,Host(NUMA 5),Device ?,8.00,432.70,19.39,11246791008583040,11246791009015740,1781444304962712100,1781444304963144800
1962011,1974998,Host(NUMA 5),Device ?,32.00,1867.57,17.97,11246791009055320,11246791010922890,1781444304961439960,1781444304963307530
1962011,1974998,Host(NUMA 5),Device ?,32.00,1872.20,17.92,11246791010962120,11246791012834320,1781444304961594390,1781444304963466590
1962011,1974998,Host(NUMA 5),Device ?,24.00,1443.21,17.44,11246791012879000,11246791014322210,1781444304962182710,1781444304963625920
1962011,1974998,Host(NUMA 5),Device ?,8.00,438.30,19.14,11246791014365050,11246791014803350,1781444304963342580,1781444304963780880
1962011,1974998,Host(NUMA 5),Device ?,32.00,1865.87,17.98,11246791014842500,11246791016708370,1781444304962067640,1781444304963933510
1962011,1974998,Host(NUMA 5),Device ?,32.00,1873.90,17.91,11246791016748200,11246791018622100,1781444304962213680,1781444304964087580
1962011,1974998,Host(NUMA 5),Device ?,24.00,1443.26,17.44,11246791018662590,11246791020105850,1781444304962798110,1781444304964241370
1962011,1974998,Host(NUMA 5),Device ?,8.00,513.42,16.34,11246791020147420,11246791020660840,1781444304963879260,1781444304964392680
1962011,1974998,Host(NUMA 5),Device ?,32.00,1862.26,18.02,11246791020701060,11246791022563320,1781444304962684340,1781444304964546600
1962011,1974998,Host(NUMA 5),Device ?,32.00,1876.54,17.88,11246791022602620,11246791024479160,1781444304962823620,1781444304964700160
1962011,1974998,Host(NUMA 5),Device ?,24.00,1432.03,17.57,11246791024520660,11246791025952690,1781444304963419720,1781444304964851750
1962011,1974998,Host(NUMA 5),Device ?,8.00,497.25,16.87,11246791025998650,11246791026495900,1781444304964505590,1781444304965002840
1962011,1974998,Host(NUMA 5),Device ?,32.00,1858.96,18.05,11246791026538170,11246791028397130,1781444304963296220,1781444304965155180
1962011,1974998,Host(NUMA 5),Device ?,32.00,1856.01,18.08,11246791028439200,11246791030295210,1781444304963453930,1781444304965309940
1962011,1974998,Host(NUMA 5),Device ?,24.00,1431.35,17.58,11246791030337490,11246791031768840,1781444304964028170,1781444304965459520
1962011,1974998,Host(NUMA 5),Device ?,8.00,426.63,19.66,11246791031807620,11246791032234250,1781444304965183610,1781444304965610240
1962011,1974998,Host(NUMA 5),Device ?,32.00,1867.78,17.96,11246791032270690,11246791034138470,1781444304963893600,1781444304965761380
1962011,1974998,Host(NUMA 5),Device ?,32.00,1864.38,18.00,11246791034179490,11246791036043870,1781444304964048690,1781444304965913070
1962011,1974998,Host(NUMA 5),Device ?,24.00,1433.05,17.56,11246791036087680,11246791037520730,1781444304964632530,1781444304966065580
1962011,1974998,Host(NUMA 5),Device ?,8.00,440.30,19.05,11246791037561260,11246791038001560,1781444304965778950,1781444304966219250
1962011,1974998,Host(NUMA 5),Device ?,32.00,1866.80,17.97,11246791038039890,11246791039906690,1781444304964514250,1781444304966381050
1962011,1974998,Host(NUMA 5),Device ?,32.00,1873.52,17.91,11246791039949590,11246791041823110,1781444304964658750,1781444304966532270
1962011,1974998,Host(NUMA 5),Device ?,24.00,1429.51,17.60,11246791041863990,11246791043293500,1781444304965265540,1781444304966695050
1962011,1974998,Host(NUMA 5),Device ?,8.00,420.49,19.95,11246791043332640,11246791043753130,1781444304966428000,1781444304966848490
1962011,1974998,Host(NUMA 5),Device ?,32.00,1861.49,18.03,11246791043793100,11246791045654590,1781444304965174130,1781444304967035620
1962011,1974998,Host(NUMA 5),Device ?,32.00,1941.76,17.28,11246791045695900,11246791047637660,1781444304965253830,1781444304967195590
1962011,1974998,Host(NUMA 5),Device ?,24.00,1439.27,17.49,11246791047676270,11246791049115540,1781444304965909590,1781444304967348860
1962011,1974998,Host(NUMA 5),Device ?,8.00,533.03,15.74,11246791049154920,11246791049687950,1781444304966966160,1781444304967499190
1962011,1974998,Host(NUMA 5),Device ?,32.00,1871.80,17.93,11246791049726250,11246791051598050,1781444304965780390,1781444304967652190
1962011,1974998,Host(NUMA 5),Device ?,32.00,1854.06,18.10,11246791051637030,11246791053491090,1781444304965951640,1781444304967805700
1962011,1974998,Host(NUMA 5),Device ?,24.00,1436.41,17.52,11246791053532080,11246791054968490,1781444304966521380,1781444304967957790
1962011,1974998,Host(NUMA 5),Device ?,8.00,444.32,18.88,11246791055008270,11246791055452590,1781444304967665360,1781444304968109680
1962011,1974998,Host(NUMA 5),Device ?,32.00,1868.17,17.96,11246791055493240,11246791057361410,1781444304966394470,1781444304968262640
1962011,1974998,Host(NUMA 5),Device ?,32.00,1865.72,17.98,11246791057400410,11246791059266130,1781444304966547250,1781444304968412970
1962011,1974998,Host(NUMA 5),Device ?,24.00,1413.79,17.80,11246791059304670,11246791060718460,1781444304967151640,1781444304968565430
1962011,1974998,Host(NUMA 5),Device ?,8.00,493.02,17.01,11246791060759460,11246791061252480,1781444304968223700,1781444304968716720
1962011,1974998,Host(NUMA 5),Device ?,32.00,1864.50,18.00,11246791061286870,11246791063151370,1781444304967004330,1781444304968868830
1962011,1974998,Host(NUMA 5),Device ?,32.00,1867.35,17.97,11246791063190160,11246791065057510,1781444304967152270,1781444304969019620
1962011,1974998,Host(NUMA 5),Device ?,24.00,1428.10,17.62,11246791065096270,11246791066524370,1781444304967742710,1781444304969170810
1962011,1974998,Host(NUMA 5),Device ?,8.00,425.64,19.71,11246791066561220,11246791066986860,1781444304968900120,1781444304969325760
1962011,1974998,Host(NUMA 5),Device ?,32.00,1858.23,18.06,11246791067025020,11246791068883250,1781444304967631630,1781444304969489860
1962011,1974998,Host(NUMA 5),Device ?,32.00,1890.74,17.75,11246791068921430,11246791070812170,1781444304967755700,1781444304969646440
1962011,1974998,Host(NUMA 5),Device ?,24.00,1404.79,17.91,11246791070850990,11246791072255780,1781444304968397280,1781444304969802070
1962011,1974998,Host(NUMA 5),Device ?,8.00,421.36,19.91,11246791072299120,11246791072720480,1781444304969530490,1781444304969951850
1962011,1974998,Host(NUMA 5),Device ?,32.00,1844.44,18.19,11246791072762930,11246791074607370,1781444304968257800,1781444304970102240
1962011,1974998,Host(NUMA 5),Device ?,32.00,1867.27,17.97,11246791074648650,11246791076515920,1781444304968387540,1781444304970254810
1962011,1974998,Host(NUMA 5),Device ?,24.00,1416.86,17.76,11246791076556550,11246791077973410,1781444304968990100,1781444304970406960
1962011,1974998,Host(NUMA 5),Device ?,8.00,426.29,19.68,11246791078013220,11246791078439510,1781444304970130890,1781444304970557180
1962011,1974998,Host(NUMA 5),Device ?,32.00,1871.06,17.93,11246791078478530,11246791080349590,1781444304968837560,1781444304970708620
1962011,1974998,Host(NUMA 5),Device ?,32.00,1879.30,17.85,11246791080388840,11246791082268140,1781444304968982880,1781444304970862180
1962011,1974998,Host(NUMA 5),Device ?,24.00,1428.49,17.62,11246791082310470,11246791083738960,1781444304969600100,1781444304971028590
1962011,1974998,Host(NUMA 5),Device ?,8.00,549.87,15.26,11246791083779850,11246791084329720,1781444304970633250,1781444304971183120
1962011,1974998,Host(NUMA 5),Device ?,32.00,1867.41,17.97,11246791084368280,11246791086235690,1781444304969480990,1781444304971348400
1962011,1974998,Host(NUMA 5),Device ?,32.00,1879.59,17.85,11246791086272400,11246791088151990,1781444304969620470,1781444304971500060
1962011,1974998,Host(NUMA 5),Device ?,254.94,14151.25,18.89,11246791088191720,11246791102342970,1781444304957501850,1781444304971653100
1962011,1974998,Host(NUMA 5),Device ?,0.02,26.04,0.63,11246791102388010,11246791102414050,1781444304971779090,1781444304971805130
1962011,1974998,Host(NUMA 5),Device ?,0.02,19.28,0.85,11246791102448800,11246791102468080,1781444304971940610,1781444304971959890
1962011,1974998,Host(NUMA 5),Device ?,0.01,17.98,0.68,11246791102497780,11246791102515760,1781444304972094170,1781444304972112150
1962011,1974998,Host(NUMA 5),Device ?,0.02,24.48,0.67,11246791102542290,11246791102566770,1781444304972249100,1781444304972273580
1962011,1974998,Host(NUMA 5),Device ?,0.02,17.51,0.94,11246791102595140,11246791102612650,1781444304972406620,1781444304972424130
1962011,1974998,Host(NUMA 5),Device ?,0.02,18.99,0.86,11246791102640390,11246791102659380,1781444304972567680,1781444304972586670
1962011,1974998,Host(NUMA 5),Device ?,0.02,18.15,0.90,11246791102690400,11246791102708550,1781444304972718660,1781444304972736810
1962011,1974998,Host(NUMA 5),Device ?,0.02,19.20,0.85,11246791102737890,11246791102757090,1781444304972871090,1781444304972890290
1962011,1974998,Host(NUMA 5),Device ?,0.02,17.21,0.95,11246791102785470,11246791102802680,1781444304973024450,1781444304973041660
1962011,1974998,Host(NUMA 5),Device ?,0.02,16.38,1.00,11246791102829960,11246791102846340,1781444304973180470,1781444304973196850
1962011,1974998,Host(NUMA 5),Device ?,0.01,19.11,0.64,11246791102872500,11246791102891610,1781444304973338450,1781444304973357560
1962011,1974998,Host(NUMA 5),Device ?,0.02,16.86,0.97,11246791102919640,11246791102936500,1781444304973489030,1781444304973505890
1962011,1974998,Host(NUMA 5),Device ?,0.02,17.06,0.96,11246791102967410,11246791102984470,1781444304973644390,1781444304973661450
1962011,1974998,Host(NUMA 5),Device ?,0.02,15.80,1.04,11246791103009760,11246791103025560,1781444304973796530,1781444304973812330
1962011,1974998,Host(NUMA 5),Device ?,0.02,16.22,1.01,11246791103053070,11246791103069290,1781444304973950010,1781444304973966230
1962011,1974998,Host(NUMA 5),Device ?,0.02,23.29,0.70,11246791103094900,11246791103118190,1781444304974093810,1781444304974117100
1962011,1974998,Host(NUMA 5),Device ?,0.02,17.64,0.93,11246791103146070,11246791103163710,1781444304974249140,1781444304974266780
1962011,1974998,Host(NUMA 5),Device ?,0.02,18.09,0.91,11246791103194900,11246791103212990,1781444304974398310,1781444304974416400
1962011,1974998,Host(NUMA 5),Device ?,0.01,18.84,0.65,11246791103243670,11246791103262510,1781444304974549430,1781444304974568270
1962011,1974998,Host(NUMA 5),Device ?,0.02,21.54,0.76,11246791103291770,11246791103313310,1781444304974694890,1781444304974716430
1962011,1974998,Host(NUMA 5),Device ?,0.02,17.65,0.93,11246791103343010,11246791103360660,1781444304974847620,1781444304974865270
1962011,1974998,Host(NUMA 5),Device ?,0.02,18.19,0.90,11246791103389290,11246791103407480,1781444304975011150,1781444304975029340
1962011,1974998,Host(NUMA 5),Device ?,0.02,17.43,0.94,11246791103437910,11246791103455340,1781444304975163240,1781444304975180670
1962011,1974998,Host(NUMA 5),Device ?,0.02,16.65,0.98,11246791103483140,11246791103499790,1781444304975316020,1781444304975332670
1962011,1974998,Host(NUMA 5),Device ?,0.02,17.98,0.91,11246791103529040,11246791103547020,1781444304975464880,1781444304975482860
1962011,1974998,Host(NUMA 5),Device ?,0.02,16.94,0.97,11246791103574230,11246791103591170,1781444304975627960,1781444304975644900
1962011,1974998,Host(NUMA 5),Device ?,0.01,17.60,0.70,11246791103618890,11246791103636490,1781444304975781080,1781444304975798680
1962011,1974998,Host(NUMA 5),Device ?,0.02,22.23,0.74,11246791103663040,11246791103685270,1781444304975925660,1781444304975947890
1962011,1974998,Host(NUMA 5),Device ?,0.02,19.03,0.86,11246791103713320,11246791103732350,1781444304976080920,1781444304976099950
1962011,1974998,Host(NUMA 5),Device ?,0.02,17.58,0.93,11246791103759690,11246791103777270,1781444304976246320,1781444304976263900
1962011,1974998,Host(NUMA 5),Device ?,0.02,22.48,0.73,11246791103804020,11246791103826500,1781444304976393650,1781444304976416130
1962011,1974998,Host(NUMA 5),Device ?,0.02,18.66,0.88,11246791103854970,11246791103873630,1781444304976546910,1781444304976565570
1962011,1974998,Host(NUMA 5),Device ?,0.02,17.75,0.92,11246791103901390,11246791103919140,1781444304976697630,1781444304976715380
1962011,1974998,Host(NUMA 5),Device ?,0.02,17.75,0.92,11246791103947920,11246791103965670,1781444304976850460,1781444304976868210
1962011,1974998,Host(NUMA 5),Device ?,0.01,32.69,0.38,11246791103991730,11246791104024420,1781444304976984330,1781444304977017020
1962011,1974998,Host(NUMA 5),Device ?,0.02,20.52,0.80,11246791104055850,11246791104076370,1781444304977148880,1781444304977169400
1962011,1974998,Host(NUMA 5),Device ?,0.02,18.99,0.86,11246791104105390,11246791104124380,1781444304977300670,1781444304977319660
1962011,1974998,Host(NUMA 5),Device ?,0.02,17.20,0.95,11246791104155990,11246791104173190,1781444304977454020,1781444304977471220
1962011,1974998,Host(NUMA 5),Device ?,0.02,16.08,1.02,11246791104201060,11246791104217140,1781444304977604180,1781444304977620260
1962011,1974998,Host(NUMA 5),Device ?,0.02,16.96,0.97,11246791104243430,11246791104260390,1781444304977763570,1781444304977780530
1962011,1974998,Host(NUMA 5),Device ?,0.02,17.52,0.94,11246791104288520,11246791104306040,1781444304977915440,1781444304977932960
1962011,1974998,Host(NUMA 5),Device ?,0.02,16.99,0.96,11246791104338220,11246791104355210,1781444304978068320,1781444304978085310
1962011,1974998,Host(NUMA 5),Device ?,0.01,17.76,0.69,11246791104385620,11246791104403380,1781444304978216910,1781444304978234670
1962011,1974998,Host(NUMA 5),Device ?,0.02,17.54,0.93,11246791104430810,11246791104448350,1781444304978367470,1781444304978385010
1962011,1974998,Host(NUMA 5),Device ?,0.02,16.74,0.98,11246791104474740,11246791104491480,1781444304978515640,1781444304978532380
1962011,1974998,Host(NUMA 5),Device ?,0.02,17.78,0.92,11246791104518800,11246791104536580,1781444304978676170,1781444304978693950
1962011,1974998,Host(NUMA 5),Device ?,0.02,23.89,0.69,11246791104564860,11246791104588750,1781444304978821710,1781444304978845600
1962011,1974998,Host(NUMA 5),Device ?,0.02,18.05,0.91,11246791104618300,11246791104636350,1781444304979008920,1781444304979026970
1962011,1974998,Host(NUMA 5),Device ?,0.02,17.35,0.94,11246791104663120,11246791104680470,1781444304979168120,1781444304979185470
1962011,1974998,Host(NUMA 5),Device ?,0.02,17.71,0.93,11246791104708070,11246791104725780,1781444304979321280,1781444304979338990
1962011,1974998,Host(NUMA 5),Device ?,0.01,16.47,0.75,11246791104753190,11246791104769660,1781444304979475220,1781444304979491690
1962011,1974998,Host(NUMA 5),Device ?,0.02,17.76,0.92,11246791104795960,11246791104813720,1781444304979624980,1781444304979642740
1962011,1974998,Host(NUMA 5),Device ?,0.02,16.56,0.99,11246791104842670,11246791104859230,1781444304979777040,1781444304979793600
1962011,1974998,Host(NUMA 5),Device ?,0.02,16.80,0.98,11246791104889160,11246791104905960,1781444304979926930,1781444304979943730
1962011,1974998,Host(NUMA 5),Device ?,0.02,21.00,0.78,11246791104930850,11246791104951850,1781444304980077630,1781444304980098630
1962011,1974998,Host(NUMA 5),Device ?,0.02,16.82,0.97,11246791104979370,11246791104996190,1781444304980233610,1781444304980250430
1962011,1974998,Host(NUMA 5),Device ?,0.02,17.62,0.93,11246791105023690,11246791105041310,1781444304980384560,1781444304980402180
1962011,1974998,Host(NUMA 5),Device ?,0.02,16.02,1.02,11246791105069660,11246791105085680,1781444304980537470,1781444304980553490
1962011,1974998,Host(NUMA 5),Device ?,0.01,16.91,0.73,11246791105114040,11246791105130950,1781444304980687420,1781444304980704330
1962011,1974998,Host(NUMA 5),Device ?,0.02,22.01,0.74,11246791105159450,11246791105181460,1781444304980837840,1781444304980859850
1962011,1974998,Host(NUMA 5),Device ?,0.02,16.74,0.98,11246791105210000,11246791105226740,1781444304981010840,1781444304981027580
1962011,1974998,Host(NUMA 5),Device ?,0.02,17.30,0.95,11246791105252650,11246791105269950,1781444304981160670,1781444304981177970
1962011,1974998,Host(NUMA 5),Device ?,0.02,23.07,0.71,11246791105296530,11246791105319600,1781444304981305690,1781444304981328760
1962011,1974998,Host(NUMA 5),Device ?,0.02,17.88,0.92,11246791105347710,11246791105365590,1781444304981461480,1781444304981479360
1962011,1974998,Host(NUMA 5),Device ?,0.02,17.46,0.94,11246791105394150,11246791105411610,1781444304981610900,1781444304981628360
1962011,1974998,Host(NUMA 5),Device ?,0.02,19.05,0.86,11246791105441610,11246791105460660,1781444304981761530,1781444304981780580
1962011,1974998,Host(NUMA 5),Device ?,0.01,18.22,0.67,11246791105492350,11246791105510570,1781444304981926130,1781444304981944350
1962011,1974998,Host(NUMA 5),Device ?,0.02,23.90,0.69,11246791105536440,11246791105560340,1781444304982071080,1781444304982094980
1962011,1974998,Host(NUMA 5),Device ?,0.02,18.73,0.87,11246791105588960,11246791105607690,1781444304982227570,1781444304982246300
1962011,1974998,Host(NUMA 5),Device ?,0.02,17.92,0.91,11246791105636320,11246791105654240,1781444304982379200,1781444304982397120
1962011,1974998,Host(NUMA 5),Device ?,0.02,17.17,0.95,11246791105682880,11246791105700050,1781444304982528530,1781444304982545700
1962011,1974998,Host(NUMA 5),Device ?,0.02,17.47,0.94,11246791105727940,11246791105745410,1781444304982679330,1781444304982696800
1962011,1974998,Host(NUMA 5),Device ?,0.02,18.60,0.88,11246791105777230,11246791105795830,1781444304982844540,1781444304982863140
1962011,1974998,Host(NUMA 5),Device ?,0.02,19.79,0.83,11246791105827560,11246791105847350,1781444304983037390,1781444304983057180
1962011,1974998,Host(NUMA 5),Device ?,0.01,19.79,0.62,11246791105874620,11246791105894410,1781444304983203360,1781444304983223150
1962011,1974998,Host(NUMA 5),Device ?,0.02,22.76,0.72,11246791105921670,11246791105944430,1781444304983355080,1781444304983377840
1962011,1974998,Host(NUMA 5),Device ?,0.02,16.62,0.99,11246791105974600,11246791105991220,1781444304983510580,1781444304983527200
1962011,1974998,Host(NUMA 5),Device ?,0.02,19.65,0.83,11246791106022910,11246791106042560,1781444304983655410,1781444304983675060
1962011,1974998,Host(NUMA 5),Device ?,0.02,22.54,0.73,11246791106073690,11246791106096230,1781444304983799280,1781444304983821820
1962011,1974998,Host(NUMA 5),Device ?,0.02,18.17,0.90,11246791106124980,11246791106143150,1781444304983954380,1781444304983972550
1962011,1974998,Host(NUMA 5),Device ?,0.02,17.65,0.93,11246791106174300,11246791106191950,1781444304984106850,1781444304984124500
1962011,1974998,Host(NUMA 5),Device ?,0.02,16.21,1.01,11246791106219530,11246791106235740,1781444304984257300,1781444304984273510
1962011,1974998,Host(NUMA 5),Device ?,0.01,15.95,0.77,11246791106267300,11246791106283250,1781444304984408400,1781444304984424350
1962011,1974998,Host(NUMA 5),Device ?,0.02,20.08,0.82,11246791106313780,11246791106333860,1781444304984552710,1781444304984572790
1962011,1974998,Host(NUMA 5),Device ?,0.02,17.69,0.93,11246791106361510,11246791106379200,1781444304984705600,1781444304984723290
1962011,1974998,Host(NUMA 5),Device ?,0.02,16.99,0.96,11246791106407630,11246791106424620,1781444304984858130,1781444304984875120
1962011,1974998,Host(NUMA 5),Device ?,0.02,16.97,0.97,11246791106450390,11246791106467360,1781444304985021220,1781444304985038190
1962011,1974998,Host(NUMA 5),Device ?,0.02,17.60,0.93,11246791106493460,11246791106511060,1781444304985171910,1781444304985189510
1962011,1974998,Host(NUMA 5),Device ?,0.02,17.69,0.93,11246791106539830,11246791106557520,1781444304985323780,1781444304985341470
1962011,1974998,Host(NUMA 5),Device ?,0.02,22.79,0.72,11246791106586890,11246791106609680,1781444304985467780,1781444304985490570
1962011,1974998,Host(NUMA 5),Device ?,0.01,19.29,0.64,11246791106639840,11246791106659130,1781444304985622360,1781444304985641650
1962011,1974998,Host(NUMA 5),Device ?,0.02,22.06,0.74,11246791106689390,11246791106711450,1781444304985773150,1781444304985795210
1962011,1974998,Host(NUMA 5),Device ?,0.02,18.98,0.86,11246791106741660,11246791106760640,1781444304985936770,1781444304985955750
1962011,1974998,Host(NUMA 5),Device ?,0.02,17.11,0.96,11246791106792120,11246791106809230,1781444304986089430,1781444304986106540
1962011,1974998,Host(NUMA 5),Device ?,0.02,23.34,0.70,11246791106838200,11246791106861540,1781444304986232250,1781444304986255590
1962011,1974998,Host(NUMA 5),Device ?,0.02,17.95,0.91,11246791106890740,11246791106908690,1781444304986385580,1781444304986403530
1962011,1974998,Host(NUMA 5),Device ?,0.02,17.30,0.95,11246791106936900,11246791106954200,1781444304986540840,1781444304986558140
1962011,1974998,Host(NUMA 5),Device ?,0.02,17.98,0.91,11246791106982350,11246791107000330,1781444304986691570,1781444304986709550
1962011,1974998,Host(NUMA 5),Device ?,0.01,19.69,0.62,11246791107029430,11246791107049120,1781444304986840080,1781444304986859770
1962011,1974998,Host(NUMA 5),Device ?,0.02,23.43,0.70,11246791107080720,11246791107104150,1781444304986999700,1781444304987023130
1962011,1974998,Host(NUMA 5),Device ?,0.02,18.50,0.89,11246791107135400,11246791107153900,1781444304987159220,1781444304987177720
1962011,1974998,Host(NUMA 5),Device ?,0.02,17.54,0.93,11246791107184530,11246791107202070,1781444304987309460,1781444304987327000
1962011,1974998,Host(NUMA 5),Device ?,0.02,22.88,0.72,11246791107232200,11246791107255080,1781444304987456790,1781444304987479670
1962011,1974998,Host(NUMA 5),Device ?,0.02,18.00,0.91,11246791107285380,11246791107303380,1781444304987612040,1781444304987630040
1962011,1974998,Host(NUMA 5),Device ?,0.02,18.61,0.88,11246791107333190,11246791107351800,1781444304987764240,1781444304987782850
1962011,1974998,Host(NUMA 5),Device ?,0.02,19.73,0.83,11246791107382930,11246791107402660,1781444304987912560,1781444304987932290
1962011,1974998,Host(NUMA 5),Device ?,0.01,19.61,0.63,11246791107433090,11246791107452700,1781444304988075840,1781444304988095450
1962011,1974998,Host(NUMA 5),Device ?,0.02,22.57,0.73,11246791107481340,11246791107503910,1781444304988225060,1781444304988247630
1962011,1974998,Host(NUMA 5),Device ?,0.02,17.94,0.91,11246791107534060,11246791107552000,1781444304988379950,1781444304988397890
1962011,1974998,Host(NUMA 5),Device ?,0.02,17.51,0.94,11246791107581840,11246791107599350,1781444304988540210,1781444304988557720
1962011,1974998,Host(NUMA 5),Device ?,0.02,23.24,0.70,11246791107628120,11246791107651360,1781444304988686090,1781444304988709330
1962011,1974998,Host(NUMA 5),Device ?,0.02,17.82,0.92,11246791107684280,11246791107702100,1781444304988841190,1781444304988859010
1962011,1974998,Host(NUMA 5),Device ?,0.02,17.80,0.92,11246791107731200,11246791107749000,1781444304988991430,1781444304989009230
1962011,1974998,Host(NUMA 5),Device ?,0.02,19.18,0.85,11246791107776360,11246791107795540,1781444304989139210,1781444304989158390
1962011,1974998,Host(NUMA 5),Device ?,0.01,18.65,0.66,11246791107823720,11246791107842370,1781444304989289850,1781444304989308500
1962011,1974998,Host(NUMA 5),Device ?,0.02,24.32,0.67,11246791107871950,11246791107896270,1781444304989435160,1781444304989459480
1962011,1974998,Host(NUMA 5),Device ?,0.02,18.37,0.89,11246791107926490,11246791107944860,1781444304989589620,1781444304989607990
1962011,1974998,Host(NUMA 5),Device ?,0.02,17.89,0.92,11246791107975110,11246791107993000,1781444304989744990,1781444304989762880
1962011,1974998,Host(NUMA 5),Device ?,0.02,24.44,0.67,11246791108036730,11246791108061170,1781444304989888260,1781444304989912700
1962011,1974998,Host(NUMA 5),Device ?,0.02,18.98,0.86,11246791108093370,11246791108112350,1781444304990044360,1781444304990063340
1962011,1974998,Host(NUMA 5),Device ?,0.02,18.05,0.91,11246791108141080,11246791108159130,1781444304990193890,1781444304990211940
1962011,1974998,Host(NUMA 5),Device ?,0.02,19.18,0.85,11246791108190420,11246791108209600,1781444304990342780,1781444304990361960
1962011,1974998,Host(NUMA 5),Device ?,0.01,20.15,0.61,11246791108238760,11246791108258910,1781444304990490290,1781444304990510440
1962011,1974998,Host(NUMA 5),Device ?,0.02,17.88,0.92,11246791108289170,11246791108307050,1781444304990654150,1781444304990672030
1962011,1974998,Host(NUMA 5),Device ?,0.02,17.78,0.92,11246791108336040,11246791108353820,1781444304990805490,1781444304990823270
1962011,1974998,Host(NUMA 5),Device ?,0.02,19.54,0.84,11246791108384040,11246791108403580,1781444304990967150,1781444304990986690
1962011,1974998,Host(NUMA 5),Device ?,0.02,22.38,0.73,11246791108432280,11246791108454660,1781444304991130900,1781444304991153280
1962011,1974998,Host(NUMA 5),Device ?,0.02,19.42,0.84,11246791108484100,11246791108503520,1781444304991284030,1781444304991303450
1962011,1974998,Host(NUMA 5),Device ?,0.02,17.26,0.95,11246791108534580,11246791108551840,1781444304991436520,1781444304991453780
1962011,1974998,Host(NUMA 5),Device ?,0.02,19.02,0.86,11246791108582130,11246791108601150,1781444304991585680,1781444304991604700
1962011,1974998,Host(NUMA 5),Device ?,0.01,19.08,0.64,11246791108632330,11246791108651410,1781444304991734330,1781444304991753410
1962011,1974998,Host(NUMA 5),Device ?,0.02,17.68,0.93,11246791108680950,11246791108698630,1781444304991890280,1781444304991907960
1962011,1974998,Host(NUMA 5),Device ?,0.02,20.40,0.80,11246791108729470,11246791108749870,1781444304992038970,1781444304992059370
1962011,1974998,Host(NUMA 5),Device ?,0.02,17.55,0.93,11246791108779070,11246791108796620,1781444304992193360,1781444304992210910
1962011,1974998,Host(NUMA 5),Device ?,0.02,18.31,0.89,11246791108826870,11246791108845180,1781444304992342750,1781444304992361060
1962011,1974998,Host(NUMA 5),Device ?,0.02,19.26,0.85,11246791108876390,11246791108895650,1781444304992504460,1781444304992523720
1962011,1974998,Host(NUMA 5),Device ?,0.02,18.34,0.89,11246791108924870,11246791108943210,1781444304992653630,1781444304992671970
1962011,1974998,Host(NUMA 5),Device ?,0.02,18.17,0.90,11246791108973310,11246791108991480,1781444304992806910,1781444304992825080
1962011,1974998,Host(NUMA 5),Device ?,0.01,20.30,0.61,11246791109020900,11246791109041200,1781444304992955030,1781444304992975330
1962011,1974998,Host(NUMA 5),Device ?,0.02,18.75,0.87,11246791109070730,11246791109089480,1781444304993107470,1781444304993126220
1962011,1974998,Host(NUMA 5),Device ?,0.02,19.05,0.86,11246791109119330,11246791109138380,1781444304993256420,1781444304993275470
1962011,1974998,Host(NUMA 5),Device ?,0.02,19.01,0.86,11246791109168680,11246791109187690,1781444304993402900,1781444304993421910
1962011,1974998,Host(NUMA 5),Device ?,0.02,18.00,0.91,11246791109216810,11246791109234810,1781444304993554050,1781444304993572050
1962011,1974998,Host(NUMA 5),Device ?,0.02,19.26,0.85,11246791109262500,11246791109281760,1781444304993704070,1781444304993723330
1962011,1974998,Host(NUMA 5),Device ?,0.02,18.78,0.87,11246791109312130,11246791109330910,1781444304993852650,1781444304993871430
1962011,1974998,Host(NUMA 5),Device ?,0.02,19.86,0.82,11246791109361780,11246791109381640,1781444304994011290,1781444304994031150
1962011,1974998,Host(NUMA 5),Device ?,0.01,19.47,0.63,11246791109411090,11246791109430560,1781444304994172630,1781444304994192100
1962011,1974998,Host(NUMA 5),Device ?,0.02,24.79,0.66,11246791109461860,11246791109486650,1781444304994315830,1781444304994340620
1962011,1974998,Host(NUMA 5),Device ?,0.02,19.15,0.86,11246791109518130,11246791109537280,1781444304994470720,1781444304994489870
1962011,1974998,Host(NUMA 5),Device ?,0.02,19.77,0.83,11246791109567990,11246791109587760,1781444304994624600,1781444304994644370
1962011,1974998,Host(NUMA 5),Device ?,0.02,24.21,0.68,11246791109618360,11246791109642570,1781444304994769670,1781444304994793880
1962011,1974998,Host(NUMA 5),Device ?,0.02,19.65,0.83,11246791109673430,11246791109693080,1781444304994950040,1781444304994969690
1962011,1974998,Host(NUMA 5),Device ?,0.02,18.22,0.90,11246791109722690,11246791109740910,1781444304995112560,1781444304995130780
1962011,1974998,Host(NUMA 5),Device ?,0.02,16.94,0.97,11246791109769380,11246791109786320,1781444304995266150,1781444304995283090
1962011,1974998,Host(NUMA 5),Device ?,0.01,20.50,0.60,11246791109814220,11246791109834720,1781444304995415130,1781444304995435630
1962011,1974998,Host(NUMA 5),Device ?,0.02,18.88,0.87,11246791109864790,11246791109883670,1781444304995582340,1781444304995601220
1962011,1974998,Host(NUMA 5),Device ?,0.02,18.31,0.89,11246791109915020,11246791109933330,1781444304995737400,1781444304995755710
1962011,1974998,Host(NUMA 5),Device ?,0.02,18.69,0.88,11246791109962210,11246791109980900,1781444304995888330,1781444304995907020
1962011,1974998,Host(NUMA 5),Device ?,0.02,23.97,0.68,11246791110010260,11246791110034230,1781444304996033700,1781444304996057670
1962011,1974998,Host(NUMA 5),Device ?,0.02,17.30,0.95,11246791110063630,11246791110080930,1781444304996188020,1781444304996205320
1962011,1974998,Host(NUMA 5),Device ?,0.02,17.95,0.91,11246791110111290,11246791110129240,1781444304996339620,1781444304996357570
1962011,1974998,Host(NUMA 5),Device ?,0.02,22.70,0.72,11246791110158760,11246791110181460,1781444304996488210,1781444304996510910
1962011,1974998,Host(NUMA 5),Device ?,0.01,20.42,0.60,11246791110210250,11246791110230670,1781444304996640590,1781444304996661010
1962011,1974998,Host(NUMA 5),Device ?,0.02,24.91,0.66,11246791110260120,11246791110285030,1781444304996786470,1781444304996811380
1962011,1974998,Host(NUMA 5),Device ?,0.02,18.57,0.88,11246791110315410,11246791110333980,1781444304996943270,1781444304996961840
1962011,1974998,Host(NUMA 5),Device ?,0.02,19.10,0.86,11246791110365440,11246791110384540,1781444304997095720,1781444304997114820
1962011,1974998,Host(NUMA 5),Device ?,0.02,18.41,0.89,11246791110414730,11246791110433140,1781444304997259640,1781444304997278050
1962011,1974998,Host(NUMA 5),Device ?,0.02,17.77,0.92,11246791110463270,11246791110481040,1781444304997411460,1781444304997429230
1962011,1974998,Host(NUMA 5),Device ?,0.02,17.40,0.94,11246791110511270,11246791110528670,1781444304997561530,1781444304997578930
1962011,1974998,Host(NUMA 5),Device ?,0.02,19.47,0.84,11246791110558840,11246791110578310,1781444304997712290,1781444304997731760
1962011,1974998,Host(NUMA 5),Device ?,0.01,19.09,0.64,11246791110610240,11246791110629330,1781444304997863100,1781444304997882190
1962011,1974998,Host(NUMA 5),Device ?,0.02,18.43,0.89,11246791110657640,11246791110676070,1781444304998015860,1781444304998034290
1962011,1974998,Host(NUMA 5),Device ?,0.02,18.37,0.89,11246791110704800,11246791110723170,1781444304998166750,1781444304998185120
1962011,1974998,Host(NUMA 5),Device ?,0.02,19.01,0.86,11246791110752710,11246791110771720,1781444304998318560,1781444304998337570
1962011,1974998,Host(NUMA 5),Device ?,0.02,18.66,0.88,11246791110802050,11246791110820710,1781444304998466390,1781444304998485050
1962011,1974998,Host(NUMA 5),Device ?,0.02,17.91,0.91,11246791110849110,11246791110867020,1781444304998616540,1781444304998634450
1962011,1974998,Host(NUMA 5),Device ?,0.02,17.38,0.94,11246791110894180,11246791110911560,1781444304998769360,1781444304998786740
1962011,1974998,Host(NUMA 5),Device ?,0.02,16.28,1.01,11246791110940560,11246791110956840,1781444304998940460,1781444304998956740
1962011,1974998,Host(NUMA 5),Device ?,0.01,18.88,0.65,11246791110983740,11246791111002620,1781444304999097470,1781444304999116350
1962011,1974998,Host(NUMA 5),Device ?,0.02,18.90,0.87,11246791111032870,11246791111051770,1781444304999248980,1781444304999267880
1962011,1974998,Host(NUMA 5),Device ?,0.02,18.79,0.87,11246791111081460,11246791111100250,1781444304999410160,1781444304999428950
1962011,1974998,Host(NUMA 5),Device ?,0.02,19.22,0.85,11246791111129320,11246791111148540,1781444304999560080,1781444304999579300
1962011,1974998,Host(NUMA 5),Device ?,0.02,24.77,0.66,11246791111178060,11246791111202830,1781444304999708360,1781444304999733130
1962011,1974998,Host(NUMA 5),Device ?,0.02,18.44,0.89,11246791111236720,11246791111255160,1781444304999866570,1781444304999885010
1962011,1974998,Host(NUMA 5),Device ?,0.02,18.23,0.90,11246791111284970,11246791111303200,1781444305000016680,1781444305000034910
1962011,1974998,Host(NUMA 5),Device ?,0.02,17.91,0.91,11246791111335590,11246791111353500,1781444305000167050,1781444305000184960
1962011,1974998,Host(NUMA 5),Device ?,0.01,17.99,0.68,11246791111380980,11246791111398970,1781444305000345510,1781444305000363500
1962011,1974998,Host(NUMA 5),Device ?,0.02,19.87,0.82,11246791111427560,11246791111447430,1781444305000495650,1781444305000515520
1962011,1974998,Host(NUMA 5),Device ?,0.02,18.86,0.87,11246791111475130,11246791111493990,1781444305000649080,1781444305000667940
1962011,1974998,Host(NUMA 5),Device ?,0.02,18.76,0.87,11246791111522040,11246791111540800,1781444305000800200,1781444305000818960
1962011,1974998,Host(NUMA 5),Device ?,0.02,23.47,0.70,11246791111570190,11246791111593660,1781444305000947630,1781444305000971100
1962011,1974998,Host(NUMA 5),Device ?,0.02,18.85,0.87,11246791111624620,11246791111643470,1781444305001102250,1781444305001121100
1962011,1974998,Host(NUMA 5),Device ?,0.02,18.14,0.90,11246791111672700,11246791111690840,1781444305001253540,1781444305001271680
1962011,1974998,Host(NUMA 5),Device ?,0.02,18.30,0.90,11246791111718550,11246791111736850,1781444305001401740,1781444305001420040
1962011,1974998,Host(NUMA 5),Device ?,0.01,19.22,0.64,11246791111767420,11246791111786640,1781444305001549650,1781444305001568870
1962011,1974998,Host(NUMA 5),Device ?,0.02,18.97,0.86,11246791111817220,11246791111836190,1781444305001699700,1781444305001718670
1962011,1974998,Host(NUMA 5),Device ?,0.02,19.69,0.83,11246791111866380,11246791111886070,1781444305001849140,1781444305001868830
1962011,1974998,Host(NUMA 5),Device ?,0.02,19.18,0.85,11246791111916140,11246791111935320,1781444305002002330,1781444305002021510
1962011,1974998,Host(NUMA 5),Device ?,0.02,24.05,0.68,11246791111964000,11246791111988050,1781444305002170510,1781444305002194560
1962011,1974998,Host(NUMA 5),Device ?,0.02,19.30,0.85,11246791112034020,11246791112053320,1781444305002321870,1781444305002341170
1962011,1974998,Host(NUMA 5),Device ?,0.02,20.31,0.81,11246791112084430,11246791112104740,1781444305002471450,1781444305002491760
1962011,1974998,Host(NUMA 5),Device ?,0.02,19.07,0.86,11246791112134110,11246791112153180,1781444305002622660,1781444305002641730
1962011,1974998,Host(NUMA 5),Device ?,0.01,20.46,0.60,11246791112183270,11246791112203730,1781444305002768710,1781444305002789170
1962011,1974998,Host(NUMA 5),Device ?,0.02,19.85,0.83,11246791112234230,11246791112254080,1781444305002927100,1781444305002946950
1962011,1974998,Host(NUMA 5),Device ?,0.02,19.45,0.84,11246791112284660,11246791112304110,1781444305003082960,1781444305003102410
1962011,1974998,Host(NUMA 5),Device ?,0.02,19.86,0.82,11246791112335700,11246791112355560,1781444305003232890,1781444305003252750
1962011,1974998,Host(NUMA 5),Device ?,0.02,19.26,0.85,11246791112385080,11246791112404340,1781444305003397040,1781444305003416300
1962011,1974998,Host(NUMA 5),Device ?,0.02,18.95,0.86,11246791112435800,11246791112454750,1781444305003547760,1781444305003566710
1962011,1974998,Host(NUMA 5),Device ?,0.02,18.34,0.89,11246791112485440,11246791112503780,1781444305003698710,1781444305003717050
1962011,1974998,Host(NUMA 5),Device ?,0.02,22.69,0.72,11246791112535190,11246791112557880,1781444305003846770,1781444305003869460
1962011,1974998,Host(NUMA 5),Device ?,0.01,21.29,0.58,11246791112590940,11246791112612230,1781444305003997540,1781444305004018830
1962011,1974998,Host(NUMA 5),Device ?,0.02,24.63,0.67,11246791112641470,11246791112666100,1781444305004145600,1781444305004170230
1962011,1974998,Host(NUMA 5),Device ?,0.02,18.85,0.87,11246791112697730,11246791112716580,1781444305004301730,1781444305004320580
1962011,1974998,Host(NUMA 5),Device ?,0.02,19.91,0.82,11246791112747520,11246791112767430,1781444305004451730,1781444305004471640
1962011,1974998,Host(NUMA 5),Device ?,0.02,17.57,0.93,11246791112796820,11246791112814390,1781444305004603140,1781444305004620710
1962011,1974998,Host(NUMA 5),Device ?,0.02,17.41,0.94,11246791112845540,11246791112862950,1781444305004765210,1781444305004782620
1962011,1974998,Host(NUMA 5),Device ?,0.02,16.17,1.01,11246791112892700,11246791112908870,1781444305004917540,1781444305004933710
1962011,1974998,Host(NUMA 5),Device ?,0.02,17.30,0.95,11246791112938330,11246791112955630,1781444305005065420,1781444305005082720
1962011,1974998,Host(NUMA 5),Device ?,0.01,19.10,0.64,11246791112984810,11246791113003910,1781444305005223620,1781444305005242720
1962011,1974998,Host(NUMA 5),Device ?,0.02,18.62,0.88,11246791113033400,11246791113052020,1781444305005373810,1781444305005392430
1962011,1974998,Host(NUMA 5),Device ?,0.02,19.19,0.85,11246791113083340,11246791113102530,1781444305005522550,1781444305005541740
1962011,1974998,Host(NUMA 5),Device ?,0.02,18.42,0.89,11246791113132980,11246791113151400,1781444305005673470,1781444305005691890
1962011,1974998,Host(NUMA 5),Device ?,0.02,24.58,0.67,11246791113182630,11246791113207210,1781444305005820490,1781444305005845070
1962011,1974998,Host(NUMA 5),Device ?,0.02,19.68,0.83,11246791113238500,11246791113258180,1781444305005976050,1781444305005995730
1962011,1974998,Host(NUMA 5),Device ?,0.02,19.04,0.86,11246791113288870,11246791113307910,1781444305006129060,1781444305006148100
1962011,1974998,Host(NUMA 5),Device ?,0.02,18.14,0.90,11246791113339380,11246791113357520,1781444305006280100,1781444305006298240
1962160,1976239,Host(NUMA 5),Device ?,509.88,73957.88,7.23,11246791008415570,11246791082373450,1781444304932527960,1781444305006485840
1962160,1976239,Host(NUMA 5),Device ?,12.00,2604.98,4.83,11246791082458720,11246791085063700,1781444305004017620,1781444305006622600
1962160,1976239,Host(NUMA 5),Device ?,4.00,991.95,4.23,11246791085129710,11246791086121660,1781444305005756370,1781444305006748320
1962160,1976239,Host(NUMA 5),Device ?,16.00,3737.57,4.49,11246791086177740,11246791089915310,1781444305003136750,1781444305006874320
1962160,1976239,Host(NUMA 5),Device ?,16.00,3669.03,4.57,11246791089977770,11246791093646800,1781444305003345690,1781444305007014720
1962160,1976239,Host(NUMA 5),Device ?,12.00,855.81,14.70,11246791093707540,11246791094563350,1781444305006283980,1781444305007139790
1962160,1976239,Host(NUMA 5),Device ?,4.00,1008.39,4.16,11246791094619260,11246791095627650,1781444305006257230,1781444305007265620
1962160,1976239,Host(NUMA 5),Device ?,16.00,3816.40,4.40,11246791095687840,11246791099504240,1781444305003571580,1781444305007387980
1962160,1976239,Host(NUMA 5),Device ?,16.00,3698.14,4.54,11246791099564940,11246791103263080,1781444305003808650,1781444305007506790
1962160,1976239,Host(NUMA 5),Device ?,12.00,786.30,16.00,11246791103321970,11246791104108270,1781444305006840760,1781444305007627060
1962160,1976239,Host(NUMA 5),Device ?,4.00,985.86,4.25,11246791104159590,11246791105145450,1781444305006760360,1781444305007746220
1962160,1976239,Host(NUMA 5),Device ?,16.00,3437.62,4.88,11246791105200080,11246791108637700,1781444305004427450,1781444305007865070
1962160,1976239,Host(NUMA 5),Device ?,16.00,3445.84,4.87,11246791108698070,11246791112143910,1781444305004538630,1781444305007984470
1962160,1976239,Host(NUMA 5),Device ?,12.00,756.80,16.63,11246791112211800,11246791112968600,1781444305007346080,1781444305008102880
1962160,1976239,Host(NUMA 5),Device ?,4.00,899.11,4.66,11246791113018710,11246791113917820,1781444305007322090,1781444305008221200
1962160,1976239,Host(NUMA 5),Device ?,16.00,3517.33,4.77,11246791113972960,11246791117490290,1781444305004823760,1781444305008341090
1962160,1976239,Host(NUMA 5),Device ?,16.00,3814.54,4.40,11246791117550230,11246791121364770,1781444305004677450,1781444305008491990
1962160,1976239,Host(NUMA 5),Device ?,12.00,663.26,18.97,11246791121429370,11246791122092630,1781444305007985000,1781444305008648260
1962160,1976239,Host(NUMA 5),Device ?,4.00,999.84,4.19,11246791122152200,11246791123152040,1781444305007801900,1781444305008801740
1962160,1976239,Host(NUMA 5),Device ?,16.00,3362.54,4.99,11246791123210220,11246791126572760,1781444305005596030,1781444305008958570
1962160,1976239,Host(NUMA 5),Device ?,16.00,3768.03,4.45,11246791126653910,11246791130421940,1781444305005345830,1781444305009113860
1962160,1976239,Host(NUMA 5),Device ?,12.00,818.46,15.37,11246791130482880,11246791131301340,1781444305008449750,1781444305009268210
1962160,1976239,Host(NUMA 5),Device ?,4.00,1005.44,4.17,11246791131354930,11246791132360370,1781444305008414540,1781444305009419980
1962160,1976239,Host(NUMA 5),Device ?,16.00,3791.55,4.42,11246791132410790,11246791136202340,1781444305005790220,1781444305009581770
1962160,1976239,Host(NUMA 5),Device ?,16.00,3373.32,4.97,11246791136261170,11246791139634490,1781444305006361790,1781444305009735110
1962160,1976239,Host(NUMA 5),Device ?,12.00,858.50,14.66,11246791139696360,11246791140554860,1781444305009025020,1781444305009883520
1962160,1976239,Host(NUMA 5),Device ?,4.00,1000.33,4.19,11246791140608980,11246791141609310,1781444305009032270,1781444305010032600
1962160,1976239,Host(NUMA 5),Device ?,16.00,3403.15,4.93,11246791141668210,11246791145071360,1781444305006781780,1781444305010184930
1962160,1976239,Host(NUMA 5),Device ?,16.00,3544.19,4.73,11246791145133660,11246791148677850,1781444305006792980,1781444305010337170
1962160,1976239,Host(NUMA 5),Device ?,12.00,811.10,15.51,11246791148744630,11246791149555730,1781444305009694140,1781444305010505240
1962160,1976239,Host(NUMA 5),Device ?,4.00,886.18,4.73,11246791149608760,11246791150494940,1781444305009770680,1781444305010656860
1962160,1976239,Host(NUMA 5),Device ?,16.00,3634.37,4.62,11246791150546440,11246791154180810,1781444305007179720,1781444305010814090
1962160,1976239,Host(NUMA 5),Device ?,16.00,3442.16,4.87,11246791154241540,11246791157683700,1781444305007552710,1781444305010994870
1962160,1976239,Host(NUMA 5),Device ?,12.00,645.66,19.49,11246791157743100,11246791158388760,1781444305010507700,1781444305011153360
1962160,1976239,Host(NUMA 5),Device ?,4.00,989.67,4.24,11246791158451360,11246791159441030,1781444305010322920,1781444305011312590
1962160,1976239,Host(NUMA 5),Device ?,16.00,3453.39,4.86,11246791159493930,11246791162947320,1781444305008016300,1781444305011469690
1962160,1976239,Host(NUMA 5),Device ?,16.00,3400.56,4.93,11246791163014110,11246791166414670,1781444305008220910,1781444305011621470
1962160,1976239,Host(NUMA 5),Device ?,12.00,796.07,15.81,11246791166485690,11246791167281760,1781444305010978120,1781444305011774190
1962160,1976239,Host(NUMA 5),Device ?,4.00,899.72,4.66,11246791167338900,11246791168238620,1781444305011023450,1781444305011923170
1962160,1976239,Host(NUMA 5),Device ?,16.00,3288.72,5.10,11246791168295300,11246791171584020,1781444305008796750,1781444305012085470
1962160,1976239,Host(NUMA 5),Device ?,16.00,3125.29,5.37,11246791171650780,11246791174776070,1781444305009112990,1781444305012238280
1962160,1976239,Host(NUMA 5),Device ?,12.00,778.15,16.17,11246791174840210,11246791175618360,1781444305011626050,1781444305012404200
1962160,1976239,Host(NUMA 5),Device ?,4.00,951.73,4.41,11246791175674760,11246791176626490,1781444305011604620,1781444305012556350
1962160,1976239,Host(NUMA 5),Device ?,16.00,3507.28,4.78,11246791176682250,11246791180189530,1781444305009199780,1781444305012707060
1962160,1976239,Host(NUMA 5),Device ?,16.00,3358.45,5.00,11246791180250720,11246791183609170,1781444305009502650,1781444305012861100
1962160,1976239,Host(NUMA 5),Device ?,12.00,882.14,14.26,11246791183673280,11246791184555420,1781444305012137110,1781444305013019250
1962160,1976239,Host(NUMA 5),Device ?,4.00,936.67,4.48,11246791184612160,11246791185548830,1781444305012240070,1781444305013176740
1962160,1976239,Host(NUMA 5),Device ?,16.00,3291.75,5.10,11246791185600550,11246791188892300,1781444305010038340,1781444305013330090
1962160,1976239,Host(NUMA 5),Device ?,16.00,3553.31,4.72,11246791188951820,11246791192505130,1781444305009928550,1781444305013481860
1962160,1976239,Host(NUMA 5),Device ?,12.00,734.14,17.14,11246791192564640,11246791193298780,1781444305012912660,1781444305013646800
1962160,1976239,Host(NUMA 5),Device ?,4.00,984.34,4.26,11246791193353750,11246791194338090,1781444305012818380,1781444305013802720
1962160,1976239,Host(NUMA 5),Device ?,16.00,3295.75,5.09,11246791194393030,11246791197688780,1781444305010660030,1781444305013955780
1962160,1976239,Host(NUMA 5),Device ?,16.00,3531.31,4.75,11246791197748730,11246791201280040,1781444305010574450,1781444305014105760
1962160,1976239,Host(NUMA 5),Device ?,12.00,741.25,16.98,11246791201341400,11246791202082650,1781444305013513230,1781444305014254480
1962160,1976239,Host(NUMA 5),Device ?,4.00,931.28,4.50,11246791202134830,11246791203066110,1781444305013483890,1781444305014415170
1962160,1976239,Host(NUMA 5),Device ?,16.00,3329.98,5.04,11246791203118060,11246791206448040,1781444305011237600,1781444305014567580
1962160,1976239,Host(NUMA 5),Device ?,16.00,4004.28,4.19,11246791206508460,11246791210512740,1781444305010712270,1781444305014716550
1962160,1976239,Host(NUMA 5),Device ?,12.00,713.05,17.65,11246791210571350,11246791211284400,1781444305014153940,1781444305014866990
1962160,1976239,Host(NUMA 5),Device ?,4.00,1014.71,4.13,11246791211348320,11246791212363030,1781444305014028630,1781444305015043340
1962160,1976239,Host(NUMA 5),Device ?,16.00,3327.88,5.04,11246791212420760,11246791215748640,1781444305011873130,1781444305015201010
1962160,1976239,Host(NUMA 5),Device ?,16.00,3448.97,4.86,11246791215810180,11246791219259150,1781444305011907220,1781444305015356190
1962160,1976239,Host(NUMA 5),Device ?,12.00,714.73,17.61,11246791219320710,11246791220035440,1781444305014792120,1781444305015506850
1962160,1976239,Host(NUMA 5),Device ?,4.00,937.90,4.47,11246791220095660,11246791221033560,1781444305014720500,1781444305015658400
1962160,1976239,Host(NUMA 5),Device ?,16.00,3567.01,4.70,11246791221088820,11246791224655830,1781444305012247050,1781444305015814060
1962160,1976239,Host(NUMA 5),Device ?,16.00,3307.52,5.07,11246791224722640,11246791228030160,1781444305012655930,1781444305015963450
1962160,1976239,Host(NUMA 5),Device ?,12.00,780.21,16.13,11246791228095360,11246791228875570,1781444305015333200,1781444305016113410
1962160,1976239,Host(NUMA 5),Device ?,4.00,993.89,4.22,11246791228931380,11246791229925270,1781444305015269320,1781444305016263210
1962160,1976239,Host(NUMA 5),Device ?,16.00,3374.58,4.97,11246791229981160,11246791233355740,1781444305013042010,1781444305016416590
1962160,1976239,Host(NUMA 5),Device ?,16.00,3365.13,4.99,11246791233416180,11246791236781310,1781444305013200260,1781444305016565390
1962160,1976239,Host(NUMA 5),Device ?,12.00,871.09,14.45,11246791236847760,11246791237718850,1781444305015854430,1781444305016725520
1962160,1976239,Host(NUMA 5),Device ?,4.00,988.96,4.24,11246791237770060,11246791238759020,1781444305015888550,1781444305016877510
1962160,1976239,Host(NUMA 5),Device ?,16.00,3320.31,5.05,11246791238810910,11246791242131220,1781444305013709920,1781444305017030230
1962160,1976239,Host(NUMA 5),Device ?,16.00,3532.27,4.75,11246791242195360,11246791245727630,1781444305013649970,1781444305017182240
1962160,1976239,Host(NUMA 5),Device ?,12.00,639.33,19.68,11246791245787660,11246791246426990,1781444305016692540,1781444305017331870
1962160,1976239,Host(NUMA 5),Device ?,4.00,978.18,4.29,11246791246485170,11246791247463350,1781444305016518290,1781444305017496470
1962160,1976239,Host(NUMA 5),Device ?,16.00,3863.87,4.34,11246791247520350,11246791251384220,1781444305013791290,1781444305017655160
1962160,1976239,Host(NUMA 5),Device ?,16.00,3418.98,4.91,11246791251446910,11246791254865890,1781444305014392580,1781444305017811560
1962160,1976239,Host(NUMA 5),Device ?,12.00,714.38,17.61,11246791254922250,11246791255636630,1781444305017249800,1781444305017964180
1962160,1976239,Host(NUMA 5),Device ?,4.00,934.20,4.49,11246791255684640,11246791256618840,1781444305017182150,1781444305018116350
1962160,1976239,Host(NUMA 5),Device ?,16.00,3370.70,4.98,11246791256670250,11246791260040950,1781444305014900050,1781444305018270750
1962160,1976239,Host(NUMA 5),Device ?,16.00,4061.51,4.13,11246791260100100,11246791264161610,1781444305014359490,1781444305018421000
1962160,1976239,Host(NUMA 5),Device ?,12.00,764.39,16.46,11246791264223200,11246791264987590,1781444305017805710,1781444305018570100
1962160,1976239,Host(NUMA 5),Device ?,4.00,905.64,4.63,11246791265046410,11246791265952050,1781444305017813510,1781444305018719150
1962160,1976239,Host(NUMA 5),Device ?,16.00,3379.36,4.96,11246791266010510,11246791269389870,1781444305015487850,1781444305018867210
1962160,1976239,Host(NUMA 5),Device ?,16.00,3473.27,4.83,11246791269453320,11246791272926590,1781444305015556000,1781444305019029270
1962160,1976239,Host(NUMA 5),Device ?,12.00,1172.13,10.74,11246791272987750,11246791274159880,1781444305018024060,1781444305019196190
1962160,1976239,Host(NUMA 5),Device ?,4.00,961.13,4.36,11246791274212030,11246791275173160,1781444305018390800,1781444305019351930
1962160,1976239,Host(NUMA 5),Device ?,16.00,3315.97,5.06,11246791275234690,11246791278550660,1781444305016188020,1781444305019503990
1962160,1976239,Host(NUMA 5),Device ?,16.00,3931.04,4.27,11246791278613780,11246791282544820,1781444305015726980,1781444305019658020
1962160,1976239,Host(NUMA 5),Device ?,12.00,689.18,18.26,11246791282609580,11246791283298760,1781444305019134910,1781444305019824090
1962160,1976239,Host(NUMA 5),Device ?,4.00,1161.82,3.61,11246791283368170,11246791284529990,1781444305018813210,1781444305019975030
1962160,1976239,Host(NUMA 5),Device ?,16.00,3551.88,4.72,11246791284594560,11246791288146440,1781444305016571680,1781444305020123560
1962160,1976239,Host(NUMA 5),Device ?,16.00,3454.79,4.86,11246791288206730,11246791291661520,1781444305016819810,1781444305020274600
1962160,1976239,Host(NUMA 5),Device ?,12.00,748.75,16.81,11246791291721330,11246791292470080,1781444305019675090,1781444305020423840
1962160,1976239,Host(NUMA 5),Device ?,4.00,963.73,4.35,11246791292521460,11246791293485190,1781444305019611070,1781444305020574800
1962160,1976239,Host(NUMA 5),Device ?,16.00,3492.33,4.80,11246791293543130,11246791297035460,1781444305017231630,1781444305020723960
1962160,1976239,Host(NUMA 5),Device ?,16.00,3331.98,5.04,11246791297100550,11246791300432530,1781444305017540820,1781444305020872800
1962160,1976239,Host(NUMA 5),Device ?,12.00,804.61,15.64,11246791300496520,11246791301301130,1781444305020218850,1781444305021023460
1962160,1976239,Host(NUMA 5),Device ?,4.00,919.02,4.56,11246791301355330,11246791302274350,1781444305020256360,1781444305021175380
1962160,1976239,Host(NUMA 5),Device ?,16.00,3401.42,4.93,11246791302329830,11246791305731250,1781444305017923920,1781444305021325340
1962160,1976239,Host(NUMA 5),Device ?,16.00,3511.30,4.78,11246791305790840,11246791309302140,1781444305017961750,1781444305021473050
1962160,1976239,Host(NUMA 5),Device ?,12.00,827.37,15.21,11246791309362620,11246791310189990,1781444305020795300,1781444305021622670
1962160,1976239,Host(NUMA 5),Device ?,4.00,925.73,4.53,11246791310247610,11246791311173340,1781444305020847180,1781444305021772910
1962160,1976239,Host(NUMA 5),Device ?,16.00,3551.47,4.72,11246791311225290,11246791314776760,1781444305018377350,1781444305021928820
1962160,1976239,Host(NUMA 5),Device ?,16.00,3591.34,4.67,11246791314841220,11246791318432560,1781444305018488190,1781444305022079530
1962160,1976239,Host(NUMA 5),Device ?,12.00,709.48,17.74,11246791318496660,11246791319206140,1781444305021524720,1781444305022234200
1962160,1976239,Host(NUMA 5),Device ?,4.00,920.07,4.56,11246791319256250,11246791320176320,1781444305021469530,1781444305022389600
1962160,1976239,Host(NUMA 5),Device ?,16.00,3531.06,4.75,11246791320233800,11246791323764860,1781444305019009650,1781444305022540710
1962160,1976239,Host(NUMA 5),Device ?,16.00,3578.75,4.69,11246791323830800,11246791327409550,1781444305019111160,1781444305022689910
1962160,1976239,Host(NUMA 5),Device ?,12.00,885.52,14.21,11246791327475200,11246791328360720,1781444305021975700,1781444305022861220
1962160,1976239,Host(NUMA 5),Device ?,4.00,978.99,4.28,11246791328417480,11246791329396470,1781444305022047310,1781444305023026300
1962160,1976239,Host(NUMA 5),Device ?,16.00,3811.13,4.40,11246791329448640,11246791333259770,1781444305019369800,1781444305023180930
1962160,1976239,Host(NUMA 5),Device ?,16.00,3522.64,4.76,11246791333321740,11246791336844380,1781444305019808100,1781444305023330740
1962160,1976239,Host(NUMA 5),Device ?,127.47,29740.88,4.49,11246791336907260,11246791366648140,1781444304993743500,1781444305023484380
1962160,1976239,Host(NUMA 5),Device ?,0.02,36.78,0.45,11246791366718100,11246791366754880,1781444305023598030,1781444305023634810
1962160,1976239,Host(NUMA 5),Device ?,0.02,24.79,0.66,11246791366800280,11246791366825070,1781444305023762360,1781444305023787150
1962160,1976239,Host(NUMA 5),Device ?,0.01,21.97,0.28,11246791366864300,11246791366886270,1781444305023925360,1781444305023947330
1962160,1976239,Host(NUMA 5),Device ?,0.01,22.03,0.37,11246791366930620,11246791366952650,1781444305024083630,1781444305024105660
1962160,1976239,Host(NUMA 5),Device ?,0.02,20.77,0.79,11246791366996800,11246791367017570,1781444305024238070,1781444305024258840
1962160,1976239,Host(NUMA 5),Device ?,0.02,20.67,0.79,11246791367058230,11246791367078900,1781444305024390540,1781444305024411210
1962160,1976239,Host(NUMA 5),Device ?,0.01,25.84,0.32,11246791367117990,11246791367143830,1781444305024535220,1781444305024561060
1962160,1976239,Host(NUMA 5),Device ?,0.01,21.19,0.39,11246791367182930,11246791367204120,1781444305024692760,1781444305024713950
1962160,1976239,Host(NUMA 5),Device ?,0.02,20.47,0.80,11246791367243040,11246791367263510,1781444305024847960,1781444305024868430
1962160,1976239,Host(NUMA 5),Device ?,0.02,19.58,0.84,11246791367297300,11246791367316880,1781444305025010130,1781444305025029710
1962160,1976239,Host(NUMA 5),Device ?,0.01,19.69,0.31,11246791367351290,11246791367370980,1781444305025156560,1781444305025176250
1962160,1976239,Host(NUMA 5),Device ?,0.01,23.02,0.36,11246791367403440,11246791367426460,1781444305025304100,1781444305025327120
1962160,1976239,Host(NUMA 5),Device ?,0.02,19.66,0.83,11246791367465250,11246791367484910,1781444305025455410,1781444305025475070
1962160,1976239,Host(NUMA 5),Device ?,0.02,18.55,0.88,11246791367526160,11246791367544710,1781444305025605370,1781444305025623920
1962160,1976239,Host(NUMA 5),Device ?,0.01,23.14,0.35,11246791367580520,11246791367603660,1781444305025757490,1781444305025780630
1962160,1976239,Host(NUMA 5),Device ?,0.01,22.60,0.36,11246791367639070,11246791367661670,1781444305025920790,1781444305025943390
1962160,1976239,Host(NUMA 5),Device ?,0.02,18.85,0.87,11246791367700670,11246791367719520,1781444305026075340,1781444305026094190
1962160,1976239,Host(NUMA 5),Device ?,0.02,18.29,0.90,11246791367757600,11246791367775890,1781444305026234340,1781444305026252630
1962160,1976239,Host(NUMA 5),Device ?,0.01,18.52,0.33,11246791367810880,11246791367829400,1781444305026388410,1781444305026406930
1962160,1976239,Host(NUMA 5),Device ?,0.01,21.89,0.37,11246791367868050,11246791367889940,1781444305026537780,1781444305026559670
1962160,1976239,Host(NUMA 5),Device ?,0.02,23.26,0.70,11246791367928320,11246791367951580,1781444305026690170,1781444305026713430
1962160,1976239,Host(NUMA 5),Device ?,0.02,25.71,0.64,11246791367988360,11246791368014070,1781444305026841330,1781444305026867040
1962160,1976239,Host(NUMA 5),Device ?,0.01,20.18,0.41,11246791368049040,11246791368069220,1781444305027014980,1781444305027035160
1962160,1976239,Host(NUMA 5),Device ?,0.01,19.70,0.42,11246791368104240,11246791368123940,1781444305027171820,1781444305027191520
1962160,1976239,Host(NUMA 5),Device ?,0.02,18.87,0.87,11246791368160750,11246791368179620,1781444305027320940,1781444305027339810
1962160,1976239,Host(NUMA 5),Device ?,0.02,17.34,0.94,11246791368212610,11246791368229950,1781444305027471390,1781444305027488730
1962160,1976239,Host(NUMA 5),Device ?,0.01,20.22,0.30,11246791368266730,11246791368286950,1781444305027617430,1781444305027637650
1962160,1976239,Host(NUMA 5),Device ?,0.01,21.82,0.38,11246791368321900,11246791368343720,1781444305027765850,1781444305027787670
1962160,1976239,Host(NUMA 5),Device ?,0.02,19.13,0.86,11246791368382810,11246791368401940,1781444305027916810,1781444305027935940
1962160,1976239,Host(NUMA 5),Device ?,0.02,18.39,0.89,11246791368437310,11246791368455700,1781444305028067990,1781444305028086380
1962160,1976239,Host(NUMA 5),Device ?,0.01,22.38,0.37,11246791368492360,11246791368514740,1781444305028218500,1781444305028240880
1962160,1976239,Host(NUMA 5),Device ?,0.01,19.92,0.41,11246791368552610,11246791368572530,1781444305028390890,1781444305028410810
1962160,1976239,Host(NUMA 5),Device ?,0.02,18.62,0.88,11246791368609210,11246791368627830,1781444305028548300,1781444305028566920
1962160,1976239,Host(NUMA 5),Device ?,0.02,19.06,0.86,11246791368662820,11246791368681880,1781444305028713620,1781444305028732680
1962160,1976239,Host(NUMA 5),Device ?,0.01,20.54,0.30,11246791368720080,11246791368740620,1781444305028868990,1781444305028889530
1962160,1976239,Host(NUMA 5),Device ?,0.01,23.87,0.34,11246791368781740,11246791368805610,1781444305029033260,1781444305029057130
1962160,1976239,Host(NUMA 5),Device ?,0.02,19.11,0.86,11246791368845510,11246791368864620,1781444305029190730,1781444305029209840
1962160,1976239,Host(NUMA 5),Device ?,0.02,19.55,0.84,11246791368897220,11246791368916770,1781444305029341530,1781444305029361080
1962160,1976239,Host(NUMA 5),Device ?,0.01,20.42,0.40,11246791368958780,11246791368979200,1781444305029493440,1781444305029513860
1962160,1976239,Host(NUMA 5),Device ?,0.01,20.19,0.41,11246791369014200,11246791369034390,1781444305029645010,1781444305029665200
1962160,1976239,Host(NUMA 5),Device ?,0.02,19.74,0.83,11246791369074730,11246791369094470,1781444305029792660,1781444305029812400
1962160,1976239,Host(NUMA 5),Device ?,0.02,19.31,0.85,11246791369129610,11246791369148920,1781444305029944550,1781444305029963860
1962160,1976239,Host(NUMA 5),Device ?,0.01,20.85,0.29,11246791369184840,11246791369205690,1781444305030095490,1781444305030116340
1962160,1976239,Host(NUMA 5),Device ?,0.01,21.92,0.37,11246791369239090,11246791369261010,1781444305030246170,1781444305030268090
1962160,1976239,Host(NUMA 5),Device ?,0.02,18.67,0.88,11246791369296930,11246791369315600,1781444305030398600,1781444305030417270
1962160,1976239,Host(NUMA 5),Device ?,0.02,17.78,0.92,11246791369348160,11246791369365940,1781444305030550470,1781444305030568250
1962160,1976239,Host(NUMA 5),Device ?,0.01,23.17,0.35,11246791369403140,11246791369426310,1781444305030698230,1781444305030721400
1962160,1976239,Host(NUMA 5),Device ?,0.01,20.24,0.40,11246791369460980,11246791369481220,1781444305030854130,1781444305030874370
1962160,1976239,Host(NUMA 5),Device ?,0.02,18.27,0.90,11246791369522070,11246791369540340,1781444305031044810,1781444305031063080
1962160,1976239,Host(NUMA 5),Device ?,0.02,18.74,0.87,11246791369574950,11246791369593690,1781444305031200480,1781444305031219220
1962160,1976239,Host(NUMA 5),Device ?,0.01,21.30,0.29,11246791369632720,11246791369654020,1781444305031349380,1781444305031370680
1962160,1976239,Host(NUMA 5),Device ?,0.01,22.56,0.36,11246791369687830,11246791369710390,1781444305031496790,1781444305031519350
1962160,1976239,Host(NUMA 5),Device ?,0.02,18.41,0.89,11246791369749610,11246791369768020,1781444305031651930,1781444305031670340
1962160,1976239,Host(NUMA 5),Device ?,0.02,18.34,0.89,11246791369804030,11246791369822370,1781444305031801240,1781444305031819580
1962160,1976239,Host(NUMA 5),Device ?,0.01,20.22,0.41,11246791369858480,11246791369878700,1781444305031953320,1781444305031973540
1962160,1976239,Host(NUMA 5),Device ?,0.01,19.80,0.41,11246791369919660,11246791369939460,1781444305032103890,1781444305032123690
1962160,1976239,Host(NUMA 5),Device ?,0.02,19.37,0.85,11246791369975280,11246791369994650,1781444305032273990,1781444305032293360
1962160,1976239,Host(NUMA 5),Device ?,0.02,18.44,0.89,11246791370028070,11246791370046510,1781444305032427970,1781444305032446410
1962160,1976239,Host(NUMA 5),Device ?,0.01,20.31,0.30,11246791370085840,11246791370106150,1781444305032581690,1781444305032602000
1962160,1976239,Host(NUMA 5),Device ?,0.01,22.23,0.37,11246791370141030,11246791370163260,1781444305032729610,1781444305032751840
1962160,1976239,Host(NUMA 5),Device ?,0.02,18.70,0.88,11246791370201660,11246791370220360,1781444305032884110,1781444305032902810
1962160,1976239,Host(NUMA 5),Device ?,0.02,18.64,0.88,11246791370257320,11246791370275960,1781444305033034730,1781444305033053370
1962160,1976239,Host(NUMA 5),Device ?,0.01,21.57,0.38,11246791370309380,11246791370330950,1781444305033181680,1781444305033203250
1962160,1976239,Host(NUMA 5),Device ?,0.01,24.12,0.34,11246791370365250,11246791370389370,1781444305033326460,1781444305033350580
1962160,1976239,Host(NUMA 5),Device ?,0.02,18.85,0.87,11246791370424610,11246791370443460,1781444305033478480,1781444305033497330
1962160,1976239,Host(NUMA 5),Device ?,0.02,18.02,0.91,11246791370477160,11246791370495180,1781444305033640060,1781444305033658080
1962160,1976239,Host(NUMA 5),Device ?,0.01,20.04,0.31,11246791370534610,11246791370554650,1781444305033797520,1781444305033817560
1962160,1976239,Host(NUMA 5),Device ?,0.01,23.84,0.34,11246791370589290,11246791370613130,1781444305033941820,1781444305033965660
1962160,1976239,Host(NUMA 5),Device ?,0.02,18.28,0.90,11246791370655400,11246791370673680,1781444305034097060,1781444305034115340
1962160,1976239,Host(NUMA 5),Device ?,0.02,20.99,0.78,11246791370715030,11246791370736020,1781444305034242180,1781444305034263170
1962160,1976239,Host(NUMA 5),Device ?,0.01,21.43,0.38,11246791370780760,11246791370802190,1781444305034393370,1781444305034414800
1962160,1976239,Host(NUMA 5),Device ?,0.01,19.78,0.41,11246791370837760,11246791370857540,1781444305034550070,1781444305034569850
1962160,1976239,Host(NUMA 5),Device ?,0.02,18.87,0.87,11246791370894120,11246791370912990,1781444305034702750,1781444305034721620
1962160,1976239,Host(NUMA 5),Device ?,0.02,18.28,0.90,11246791370952520,11246791370970800,1781444305034854180,1781444305034872460
1962160,1976239,Host(NUMA 5),Device ?,0.01,23.65,0.26,11246791371006020,11246791371029670,1781444305035026150,1781444305035049800
1962160,1976239,Host(NUMA 5),Device ?,0.01,21.38,0.38,11246791371065910,11246791371087290,1781444305035180550,1781444305035201930
1962160,1976239,Host(NUMA 5),Device ?,0.02,18.32,0.89,11246791371124040,11246791371142360,1781444305035347920,1781444305035366240
1962160,1976239,Host(NUMA 5),Device ?,0.02,18.51,0.89,11246791371184660,11246791371203170,1781444305035496880,1781444305035515390
1962160,1976239,Host(NUMA 5),Device ?,0.01,21.43,0.38,11246791371240010,11246791371261440,1781444305035647750,1781444305035669180
1962160,1976239,Host(NUMA 5),Device ?,0.01,18.88,0.43,11246791371295490,11246791371314370,1781444305035800710,1781444305035819590
1962160,1976239,Host(NUMA 5),Device ?,0.02,19.25,0.85,11246791371347750,11246791371367000,1781444305035949780,1781444305035969030
1962160,1976239,Host(NUMA 5),Device ?,0.02,19.64,0.83,11246791371403630,11246791371423270,1781444305036102220,1781444305036121860
1962160,1976239,Host(NUMA 5),Device ?,0.01,20.62,0.30,11246791371457960,11246791371478580,1781444305036256310,1781444305036276930
1962160,1976239,Host(NUMA 5),Device ?,0.01,28.53,0.29,11246791371514130,11246791371542660,1781444305036400960,1781444305036429490
1962160,1976239,Host(NUMA 5),Device ?,0.02,18.40,0.89,11246791371581420,11246791371599820,1781444305036560590,1781444305036578990
1962160,1976239,Host(NUMA 5),Device ?,0.02,18.74,0.87,11246791371633070,11246791371651810,1781444305036713110,1781444305036731850
1962160,1976239,Host(NUMA 5),Device ?,0.01,22.34,0.37,11246791371686180,11246791371708520,1781444305036863060,1781444305036885400
1962160,1976239,Host(NUMA 5),Device ?,0.01,19.95,0.41,11246791371743750,11246791371763700,1781444305037016360,1781444305037036310
1962160,1976239,Host(NUMA 5),Device ?,0.02,18.26,0.90,11246791371798890,11246791371817150,1781444305037169250,1781444305037187510
1962160,1976239,Host(NUMA 5),Device ?,0.02,18.22,0.90,11246791371854010,11246791371872230,1781444305037319150,1781444305037337370
1962160,1976239,Host(NUMA 5),Device ?,0.01,19.21,0.32,11246791371909240,11246791371928450,1781444305037470540,1781444305037489750
1962160,1976239,Host(NUMA 5),Device ?,0.01,23.45,0.35,11246791371967640,11246791371991090,1781444305037615940,1781444305037639390
1962160,1976239,Host(NUMA 5),Device ?,0.02,19.35,0.85,11246791372037160,11246791372056510,1781444305037780820,1781444305037800170
1962160,1976239,Host(NUMA 5),Device ?,0.02,19.55,0.84,11246791372092800,11246791372112350,1781444305037927930,1781444305037947480
1962160,1976239,Host(NUMA 5),Device ?,0.01,20.12,0.41,11246791372147550,11246791372167670,1781444305038075030,1781444305038095150
1962160,1976239,Host(NUMA 5),Device ?,0.01,20.18,0.41,11246791372207830,11246791372228010,1781444305038223760,1781444305038243940
1962160,1976239,Host(NUMA 5),Device ?,0.02,17.82,0.92,11246791372263090,11246791372280910,1781444305038393840,1781444305038411660
1962160,1976239,Host(NUMA 5),Device ?,0.02,19.01,0.86,11246791372315280,11246791372334290,1781444305038544020,1781444305038563030
1962160,1976239,Host(NUMA 5),Device ?,0.01,22.96,0.27,11246791372374260,11246791372397220,1781444305038692020,1781444305038714980
1962160,1976239,Host(NUMA 5),Device ?,0.01,21.20,0.39,11246791372433470,11246791372454670,1781444305038846160,1781444305038867360
1962160,1976239,Host(NUMA 5),Device ?,0.02,20.34,0.81,11246791372496680,11246791372517020,1781444305039015520,1781444305039035860
1962160,1976239,Host(NUMA 5),Device ?,0.02,18.22,0.90,11246791372552340,11246791372570560,1781444305039184210,1781444305039202430
1962160,1976239,Host(NUMA 5),Device ?,0.01,21.21,0.39,11246791372604860,11246791372626070,1781444305039334260,1781444305039355470
1962160,1976239,Host(NUMA 5),Device ?,0.01,21.27,0.39,11246791372666650,11246791372687920,1781444305039484790,1781444305039506060
1962160,1976239,Host(NUMA 5),Device ?,0.02,19.14,0.86,11246791372726740,11246791372745880,1781444305039638200,1781444305039657340
1962160,1976239,Host(NUMA 5),Device ?,0.02,18.09,0.91,11246791372781190,11246791372799280,1781444305039788160,1781444305039806250
1962160,1976239,Host(NUMA 5),Device ?,0.01,21.36,0.29,11246791372844710,11246791372866070,1781444305039931850,1781444305039953210
1962160,1976239,Host(NUMA 5),Device ?,0.01,23.04,0.36,11246791372902920,11246791372925960,1781444305040079440,1781444305040102480
1962160,1976239,Host(NUMA 5),Device ?,0.02,19.75,0.83,11246791372966110,11246791372985860,1781444305040230230,1781444305040249980
1962160,1976239,Host(NUMA 5),Device ?,0.02,18.85,0.87,11246791373021390,11246791373040240,1781444305040380280,1781444305040399130
1962160,1976239,Host(NUMA 5),Device ?,0.01,20.57,0.40,11246791373075880,11246791373096450,1781444305040525530,1781444305040546100
1962160,1976239,Host(NUMA 5),Device ?,0.01,20.54,0.40,11246791373131030,11246791373151570,1781444305040680730,1781444305040701270
1962160,1976239,Host(NUMA 5),Device ?,0.02,18.89,0.87,11246791373188730,11246791373207620,1781444305040831280,1781444305040850170
1962160,1976239,Host(NUMA 5),Device ?,0.02,19.92,0.82,11246791373245700,11246791373265620,1781444305040979710,1781444305040999630
1962160,1976239,Host(NUMA 5),Device ?,0.01,18.80,0.33,11246791373300570,11246791373319370,1781444305041135410,1781444305041154210
1962160,1976239,Host(NUMA 5),Device ?,0.01,20.97,0.39,11246791373351590,11246791373372560,1781444305041281510,1781444305041302480
1962160,1976239,Host(NUMA 5),Device ?,0.02,19.53,0.84,11246791373414140,11246791373433670,1781444305041442470,1781444305041462000
1962160,1976239,Host(NUMA 5),Device ?,0.02,18.69,0.88,11246791373466320,11246791373485010,1781444305041593720,1781444305041612410
1962160,1976239,Host(NUMA 5),Device ?,0.01,20.12,0.41,11246791373519000,11246791373539120,1781444305041741780,1781444305041761900
1962160,1976239,Host(NUMA 5),Device ?,0.01,20.00,0.41,11246791373573660,11246791373593660,1781444305041890930,1781444305041910930
1962160,1976239,Host(NUMA 5),Device ?,0.02,18.85,0.87,11246791373627930,11246791373646780,1781444305042043770,1781444305042062620
1962160,1976239,Host(NUMA 5),Device ?,0.02,18.00,0.91,11246791373684700,11246791373702700,1781444305042196940,1781444305042214940
1962160,1976239,Host(NUMA 5),Device ?,0.01,19.78,0.31,11246791373741340,11246791373761120,1781444305042349440,1781444305042369220
1962160,1976239,Host(NUMA 5),Device ?,0.01,21.91,0.37,11246791373797030,11246791373818940,1781444305042494760,1781444305042516670
1962160,1976239,Host(NUMA 5),Device ?,0.02,18.28,0.90,11246791373857120,11246791373875400,1781444305042650620,1781444305042668900
1962160,1976239,Host(NUMA 5),Device ?,0.02,19.13,0.86,11246791373914240,11246791373933370,1781444305042803620,1781444305042822750
1962160,1976239,Host(NUMA 5),Device ?,0.01,21.14,0.39,11246791373974260,11246791373995400,1781444305042964880,1781444305042986020
1962160,1976239,Host(NUMA 5),Device ?,0.01,20.05,0.41,11246791374028580,11246791374048630,1781444305043122690,1781444305043142740
1962160,1976239,Host(NUMA 5),Device ?,0.02,17.36,0.94,11246791374082380,11246791374099740,1781444305043290520,1781444305043307880
1962160,1976239,Host(NUMA 5),Device ?,0.02,18.52,0.88,11246791374135840,11246791374154360,1781444305043438520,1781444305043457040
1962160,1976239,Host(NUMA 5),Device ?,0.01,19.68,0.31,11246791374187770,11246791374207450,1781444305043587260,1781444305043606940
1962160,1976239,Host(NUMA 5),Device ?,0.01,21.81,0.38,11246791374241940,11246791374263750,1781444305043736560,1781444305043758370
1962160,1976239,Host(NUMA 5),Device ?,0.02,19.17,0.85,11246791374300920,11246791374320090,1781444305043891220,1781444305043910390
1962160,1976239,Host(NUMA 5),Device ?,0.02,20.46,0.80,11246791374357370,11246791374377830,1781444305044040230,1781444305044060690
1962160,1976239,Host(NUMA 5),Device ?,0.01,22.03,0.37,11246791374414310,11246791374436340,1781444305044188820,1781444305044210850
1962160,1976239,Host(NUMA 5),Device ?,0.01,20.12,0.41,11246791374471720,11246791374491840,1781444305044338800,1781444305044358920
1962160,1976239,Host(NUMA 5),Device ?,0.02,17.84,0.92,11246791374525950,11246791374543790,1781444305044506740,1781444305044524580
1962160,1976239,Host(NUMA 5),Device ?,0.02,19.09,0.86,11246791374577800,11246791374596890,1781444305044667460,1781444305044686550
1962160,1976239,Host(NUMA 5),Device ?,0.01,19.49,0.32,11246791374629520,11246791374649010,1781444305044819510,1781444305044839000
1962160,1976239,Host(NUMA 5),Device ?,0.01,21.38,0.38,11246791374687200,11246791374708580,1781444305044969680,1781444305044991060
1962160,1976239,Host(NUMA 5),Device ?,0.02,19.61,0.84,11246791374748870,11246791374768480,1781444305045123080,1781444305045142690
1962160,1976239,Host(NUMA 5),Device ?,0.02,19.25,0.85,11246791374806320,11246791374825570,1781444305045276840,1781444305045296090
1962160,1976239,Host(NUMA 5),Device ?,0.01,21.97,0.37,11246791374861240,11246791374883210,1781444305045427290,1781444305045449260
1962160,1976239,Host(NUMA 5),Device ?,0.01,19.72,0.42,11246791374918070,11246791374937790,1781444305045579630,1781444305045599350
1962160,1976239,Host(NUMA 5),Device ?,0.02,17.21,0.95,11246791374970950,11246791374988160,1781444305045731490,1781444305045748700
1962160,1976239,Host(NUMA 5),Device ?,0.02,18.88,0.87,11246791375030640,11246791375049520,1781444305045877140,1781444305045896020
1962160,1976239,Host(NUMA 5),Device ?,0.01,20.43,0.30,11246791375087220,11246791375107650,1781444305046025190,1781444305046045620
1962160,1976239,Host(NUMA 5),Device ?,0.01,22.21,0.37,11246791375139720,11246791375161930,1781444305046171670,1781444305046193880
1962160,1976239,Host(NUMA 5),Device ?,0.02,18.62,0.88,11246791375195970,11246791375214590,1781444305046323250,1781444305046341870
1962160,1976239,Host(NUMA 5),Device ?,0.02,19.13,0.86,11246791375248590,11246791375267720,1781444305046469720,1781444305046488850
1962160,1976239,Host(NUMA 5),Device ?,0.01,23.58,0.35,11246791375303410,11246791375326990,1781444305046615080,1781444305046638660
1962160,1976239,Host(NUMA 5),Device ?,0.01,19.57,0.42,11246791375360240,11246791375379810,1781444305046770330,1781444305046789900
1962160,1976239,Host(NUMA 5),Device ?,0.02,20.37,0.80,11246791375417020,11246791375437390,1781444305046942660,1781444305046963030
1962160,1976239,Host(NUMA 5),Device ?,0.02,18.26,0.90,11246791375471370,11246791375489630,1781444305047106720,1781444305047124980
1962160,1976239,Host(NUMA 5),Device ?,0.01,24.11,0.25,11246791375521280,11246791375545390,1781444305047252100,1781444305047276210
1962160,1976239,Host(NUMA 5),Device ?,0.01,22.73,0.36,11246791375579260,11246791375601990,1781444305047403470,1781444305047426200
1962160,1976239,Host(NUMA 5),Device ?,0.02,18.97,0.86,11246791375635720,11246791375654690,1781444305047571340,1781444305047590310
1962160,1976239,Host(NUMA 5),Device ?,0.02,17.76,0.92,11246791375688130,11246791375705890,1781444305047721010,1781444305047738770
1962160,1976239,Host(NUMA 5),Device ?,0.01,21.86,0.37,11246791375744290,11246791375766150,1781444305047867670,1781444305047889530
1962160,1976239,Host(NUMA 5),Device ?,0.01,18.99,0.43,11246791375803200,11246791375822190,1781444305048032480,1781444305048051470
1962160,1976239,Host(NUMA 5),Device ?,0.02,18.37,0.89,11246791375859560,11246791375877930,1781444305048187920,1781444305048206290
1962160,1976239,Host(NUMA 5),Device ?,0.02,18.73,0.87,11246791375912160,11246791375930890,1781444305048339950,1781444305048358680
1962160,1976239,Host(NUMA 5),Device ?,0.01,18.66,0.33,11246791375964090,11246791375982750,1781444305048493350,1781444305048512010
1962160,1976239,Host(NUMA 5),Device ?,0.01,23.14,0.35,11246791376029480,11246791376052620,1781444305048636940,1781444305048660080
1962160,1976239,Host(NUMA 5),Device ?,0.02,21.00,0.78,11246791376088230,11246791376109230,1781444305048788770,1781444305048809770
1962160,1976239,Host(NUMA 5),Device ?,0.02,21.13,0.78,11246791376144370,11246791376165500,1781444305048940070,1781444305048961200
1962160,1976239,Host(NUMA 5),Device ?,0.01,20.03,0.41,11246791376200060,11246791376220090,1781444305049091180,1781444305049111210
1962160,1976239,Host(NUMA 5),Device ?,0.01,19.90,0.41,11246791376261010,11246791376280910,1781444305049241310,1781444305049261210
1962160,1976239,Host(NUMA 5),Device ?,0.02,20.77,0.79,11246791376325520,11246791376346290,1781444305049391110,1781444305049411880
1962160,1976239,Host(NUMA 5),Device ?,0.02,20.61,0.79,11246791376386370,11246791376406980,1781444305049543080,1781444305049563690
1962160,1976239,Host(NUMA 5),Device ?,0.01,21.00,0.29,11246791376446090,11246791376467090,1781444305049691830,1781444305049712830
1962160,1976239,Host(NUMA 5),Device ?,0.01,20.71,0.40,11246791376503150,11246791376523860,1781444305049839080,1781444305049859790
1962160,1976239,Host(NUMA 5),Device ?,0.02,20.66,0.79,11246791376561530,11246791376582190,1781444305050000210,1781444305050020870
1962160,1976239,Host(NUMA 5),Device ?,0.02,20.22,0.81,11246791376623140,11246791376643360,1781444305050152820,1781444305050173040
1962160,1976239,Host(NUMA 5),Device ?,0.01,25.33,0.32,11246791376677790,11246791376703120,1781444305050299740,1781444305050325070
1962160,1976239,Host(NUMA 5),Device ?,0.01,19.56,0.42,11246791376740960,11246791376760520,1781444305050469110,1781444305050488670
1962160,1976239,Host(NUMA 5),Device ?,0.02,21.39,0.77,11246791376794840,11246791376816230,1781444305050627330,1781444305050648720
1962160,1976239,Host(NUMA 5),Device ?,0.02,20.41,0.80,11246791376858390,11246791376878800,1781444305050776260,1781444305050796670
1962160,1976239,Host(NUMA 5),Device ?,0.01,20.32,0.30,11246791376917170,11246791376937490,1781444305050945210,1781444305050965530
1962160,1976239,Host(NUMA 5),Device ?,0.01,22.81,0.36,11246791376975760,11246791376998570,1781444305051107410,1781444305051130220
1962160,1976239,Host(NUMA 5),Device ?,0.02,20.92,0.78,11246791377036050,11246791377056970,1781444305051261240,1781444305051282160
1962160,1976239,Host(NUMA 5),Device ?,0.02,19.48,0.84,11246791377091020,11246791377110500,1781444305051416770,1781444305051436250
1962160,1976239,Host(NUMA 5),Device ?,0.01,22.47,0.36,11246791377143870,11246791377166340,1781444305051563710,1781444305051586180
1962160,1976239,Host(NUMA 5),Device ?,0.01,18.81,0.44,11246791377198330,11246791377217140,1781444305051718560,1781444305051737370
1962160,1976239,Host(NUMA 5),Device ?,0.02,19.82,0.83,11246791377251200,11246791377271020,1781444305051872010,1781444305051891830
1962160,1976239,Host(NUMA 5),Device ?,0.02,20.87,0.79,11246791377304980,11246791377325850,1781444305052023370,1781444305052044240
1962160,1976239,Host(NUMA 5),Device ?,0.01,19.13,0.32,11246791377360420,11246791377379550,1781444305052173040,1781444305052192170
1962160,1976239,Host(NUMA 5),Device ?,0.01,20.61,0.40,11246791377419960,11246791377440570,1781444305052320960,1781444305052341570
1962160,1976239,Host(NUMA 5),Device ?,0.02,21.39,0.77,11246791377480340,11246791377501730,1781444305052468260,1781444305052489650
1962160,1976239,Host(NUMA 5),Device ?,0.02,20.77,0.79,11246791377536430,11246791377557200,1781444305052617950,1781444305052638720
1962160,1976239,Host(NUMA 5),Device ?,0.01,22.60,0.36,11246791377596720,11246791377619320,1781444305052764740,1781444305052787340
1962160,1976239,Host(NUMA 5),Device ?,0.01,19.61,0.42,11246791377656640,11246791377676250,1781444305052933280,1781444305052952890
1962160,1976239,Host(NUMA 5),Device ?,0.02,18.19,0.90,11246791377709900,11246791377728090,1781444305053086930,1781444305053105120
1962160,1976239,Host(NUMA 5),Device ?,0.02,19.48,0.84,11246791377764260,11246791377783740,1781444305053233580,1781444305053253060
1962160,1976239,Host(NUMA 5),Device ?,0.01,19.12,0.32,11246791377818240,11246791377837360,1781444305053386570,1781444305053405690
1962160,1976239,Host(NUMA 5),Device ?,0.01,23.02,0.36,11246791377873210,11246791377896230,1781444305053531470,1781444305053554490
1962160,1976239,Host(NUMA 5),Device ?,0.02,18.56,0.88,11246791377929940,11246791377948500,1781444305053697770,1781444305053716330
1962160,1976239,Host(NUMA 5),Device ?,0.02,18.95,0.86,11246791377983730,11246791378002680,1781444305053848950,1781444305053867900
1962160,1976239,Host(NUMA 5),Device ?,0.01,23.43,0.35,11246791378036380,11246791378059810,1781444305053993570,1781444305054017000
1962160,1976239,Host(NUMA 5),Device ?,0.01,21.26,0.39,11246791378096430,11246791378117690,1781444305054144630,1781444305054165890
1962160,1976239,Host(NUMA 5),Device ?,0.02,18.35,0.89,11246791378150490,11246791378168840,1781444305054297190,1781444305054315540
1962160,1976239,Host(NUMA 5),Device ?,0.02,19.08,0.86,11246791378207120,11246791378226200,1781444305054446300,1781444305054465380
1962160,1976239,Host(NUMA 5),Device ?,0.01,21.22,0.29,11246791378267180,11246791378288400,1781444305054595610,1781444305054616830
1962160,1976239,Host(NUMA 5),Device ?,0.01,20.27,0.40,11246791378322920,11246791378343190,1781444305054747700,1781444305054767970
1962160,1976239,Host(NUMA 5),Device ?,0.02,19.30,0.85,11246791378382670,11246791378401970,1781444305054896620,1781444305054915920
1962160,1976239,Host(NUMA 5),Device ?,0.02,18.45,0.89,11246791378436720,11246791378455170,1781444305055066280,1781444305055084730
1962160,1976239,Host(NUMA 5),Device ?,0.01,22.68,0.36,11246791378493740,11246791378516420,1781444305055215170,1781444305055237850
1962160,1976239,Host(NUMA 5),Device ?,0.01,19.26,0.43,11246791378552670,11246791378571930,1781444305055381850,1781444305055401110
1962160,1976239,Host(NUMA 5),Device ?,0.02,19.15,0.86,11246791378607570,11246791378626720,1781444305055536310,1781444305055555460
1962160,1976239,Host(NUMA 5),Device ?,0.02,18.11,0.90,11246791378664260,11246791378682370,1781444305055688860,1781444305055706970
1962160,1976239,Host(NUMA 5),Device ?,0.01,19.08,0.32,11246791378716600,11246791378735680,1781444305055839250,1781444305055858330
1962160,1976239,Host(NUMA 5),Device ?,0.01,20.12,0.41,11246791378768710,11246791378788830,1781444305055987530,1781444305056007650
1962160,1976239,Host(NUMA 5),Device ?,0.02,19.12,0.86,11246791378827070,11246791378846190,1781444305056138170,1781444305056157290
1962160,1976239,Host(NUMA 5),Device ?,0.02,18.70,0.88,11246791378880100,11246791378898800,1781444305056288170,1781444305056306870
1962160,1976239,Host(NUMA 5),Device ?,0.01,20.35,0.40,11246791378937280,11246791378957630,1781444305056432950,1781444305056453300
1962160,1976239,Host(NUMA 5),Device ?,0.01,20.08,0.41,11246791378998430,11246791379018510,1781444305056584370,1781444305056604450
1962160,1976239,Host(NUMA 5),Device ?,0.02,18.63,0.88,11246791379053800,11246791379072430,1781444305056746610,1781444305056765240
1962160,1976239,Host(NUMA 5),Device ?,0.02,18.55,0.88,11246791379108200,11246791379126750,1781444305056896670,1781444305056915220
1962160,1976239,Host(NUMA 5),Device ?,0.01,18.68,0.33,11246791379160520,11246791379179200,1781444305057047770,1781444305057066450
1962160,1976239,Host(NUMA 5),Device ?,0.01,20.34,0.40,11246791379214890,11246791379235230,1781444305057198050,1781444305057218390
1962160,1976239,Host(NUMA 5),Device ?,0.02,19.21,0.85,11246791379273700,11246791379292910,1781444305057349190,1781444305057368400
1962160,1976239,Host(NUMA 5),Device ?,0.02,17.94,0.91,11246791379330590,11246791379348530,1781444305057503610,1781444305057521550
1962160,1976239,Host(NUMA 5),Device ?,0.01,23.58,0.35,11246791379384270,11246791379407850,1781444305057658830,1781444305057682410
1962160,1976239,Host(NUMA 5),Device ?,0.01,21.70,0.38,11246791379446260,11246791379467960,1781444305057811100,1781444305057832800
1962160,1976239,Host(NUMA 5),Device ?,0.02,19.27,0.85,11246791379505820,11246791379525090,1781444305057961180,1781444305057980450
1962160,1976239,Host(NUMA 5),Device ?,0.02,18.27,0.90,11246791379562810,11246791379581080,1781444305058109320,1781444305058127590
1962160,1976239,Host(NUMA 5),Device ?,509.88,28425.59,18.81,11246791379793260,11246791408218850,1781444305029848830,1781444305058274420
1962160,1976239,Host(NUMA 5),Device ?,32.00,2056.11,16.32,11246791431549530,11246791433605640,1781444305056380030,1781444305058436140
1962160,1976239,Host(NUMA 5),Device ?,24.00,1600.53,15.72,11246791433656160,11246791435256690,1781444305056985400,1781444305058585930
1962160,1976239,Host(NUMA 5),Device ?,8.00,479.48,17.50,11246791435302520,11246791435782000,1781444305058255820,1781444305058735300
1962160,1976239,Host(NUMA 5),Device ?,32.00,2122.22,15.81,11246791435833130,11246791437955350,1781444305056761560,1781444305058883780
1962160,1976239,Host(NUMA 5),Device ?,32.00,2140.43,15.68,11246791438009270,11246791440149700,1781444305056909960,1781444305059050390
1962160,1976239,Host(NUMA 5),Device ?,24.00,1624.36,15.49,11246791440201670,11246791441826030,1781444305057580850,1781444305059205210
1962160,1976239,Host(NUMA 5),Device ?,8.00,623.71,13.45,11246791441879640,11246791442503350,1781444305058729810,1781444305059353520
1962160,1976239,Host(NUMA 5),Device ?,32.00,2103.55,15.95,11246791442550490,11246791444654040,1781444305057400110,1781444305059503660
1962160,1976239,Host(NUMA 5),Device ?,32.00,2080.24,16.13,11246791444703930,11246791446784170,1781444305057570720,1781444305059650960
1962160,1976239,Host(NUMA 5),Device ?,24.00,1636.50,15.38,11246791446833190,11246791448469690,1781444305058177590,1781444305059814090
1962160,1976239,Host(NUMA 5),Device ?,8.00,540.63,15.52,11246791448518240,11246791449058870,1781444305059423630,1781444305059964260
1962160,1976239,Host(NUMA 5),Device ?,32.00,2065.32,16.25,11246791449106520,11246791451171840,1781444305058049080,1781444305060114400
1962160,1976239,Host(NUMA 5),Device ?,32.00,2118.26,15.84,11246791451219400,11246791453337660,1781444305058144600,1781444305060262860
1962160,1976239,Host(NUMA 5),Device ?,24.00,1606.48,15.67,11246791453392520,11246791454999000,1781444305058805670,1781444305060412150
1962160,1976239,Host(NUMA 5),Device ?,8.00,498.30,16.83,11246791455046870,11246791455545170,1781444305060063220,1781444305060561520
1962160,1976239,Host(NUMA 5),Device ?,32.00,1918.71,17.49,11246791455597580,11246791457516290,1781444305058806880,1781444305060725590
1962160,1976239,Host(NUMA 5),Device ?,32.00,1972.68,17.01,11246791457567430,11246791459540110,1781444305058905570,1781444305060878250
1962160,1976239,Host(NUMA 5),Device ?,24.00,1532.02,16.43,11246791459592780,11246791461124800,1781444305059497220,1781444305061029240
1962160,1976239,Host(NUMA 5),Device ?,8.00,521.34,16.09,11246791461180420,11246791461701760,1781444305060659650,1781444305061180990
1962160,1976239,Host(NUMA 5),Device ?,32.00,1921.45,17.46,11246791461754610,11246791463676060,1781444305059410270,1781444305061331720
1962160,1976239,Host(NUMA 5),Device ?,32.00,1942.96,17.27,11246791463720900,11246791465663860,1781444305059537820,1781444305061480780
1962160,1976239,Host(NUMA 5),Device ?,24.00,1473.29,17.08,11246791465715310,11246791467188600,1781444305060158440,1781444305061631730
1962160,1976239,Host(NUMA 5),Device ?,8.00,491.65,17.06,11246791467238340,11246791467729990,1781444305061291260,1781444305061782910
1962160,1976239,Host(NUMA 5),Device ?,32.00,1904.03,17.62,11246791467786130,11246791469690160,1781444305060028660,1781444305061932690
1962160,1976239,Host(NUMA 5),Device ?,32.00,1936.13,17.33,11246791469744950,11246791471681080,1781444305060145500,1781444305062081630
1962160,1976239,Host(NUMA 5),Device ?,24.00,1523.29,16.52,11246791471727970,11246791473251260,1781444305060707550,1781444305062230840
1962160,1976239,Host(NUMA 5),Device ?,8.00,634.94,13.21,11246791473304170,11246791473939110,1781444305061756110,1781444305062391050
1962160,1976239,Host(NUMA 5),Device ?,32.00,1964.78,17.08,11246791473988920,11246791475953700,1781444305060578020,1781444305062542800
1962160,1976239,Host(NUMA 5),Device ?,32.00,1931.60,17.37,11246791476019710,11246791477951310,1781444305060760490,1781444305062692090
1962160,1976239,Host(NUMA 5),Device ?,24.00,1488.98,16.90,11246791478002620,11246791479491600,1781444305061364070,1781444305062853050
1962160,1976239,Host(NUMA 5),Device ?,8.00,582.50,14.40,11246791479541220,11246791480123720,1781444305062434530,1781444305063017030
1962160,1976239,Host(NUMA 5),Device ?,32.00,1910.22,17.57,11246791480169660,11246791482079880,1781444305061270330,1781444305063180550
1962160,1976239,Host(NUMA 5),Device ?,32.00,1980.49,16.94,11246791482124340,11246791484104830,1781444305061353660,1781444305063334150
1962160,1976239,Host(NUMA 5),Device ?,24.00,1475.54,17.06,11246791484157210,11246791485632750,1781444305062010170,1781444305063485710
1962160,1976239,Host(NUMA 5),Device ?,8.00,543.15,15.44,11246791485681640,11246791486224790,1781444305063092750,1781444305063635900
1962160,1976239,Host(NUMA 5),Device ?,32.00,1923.37,17.45,11246791486270970,11246791488194340,1781444305061864600,1781444305063787970
1961790,1973354,Host(NUMA 6),Device ?,24.00,1485.38,16.94,11246790979426270,11246790980911650,1781444305062466570,1781444305063951950
1961790,1973354,Host(NUMA 6),Device ?,8.00,562.47,14.91,11246790981011440,11246790981573910,1781444305063544920,1781444305064107390
1961790,1973354,Host(NUMA 6),Device ?,32.00,1894.37,17.71,11246790981628290,11246790983522660,1781444305062362670,1781444305064257040
1961790,1973354,Host(NUMA 6),Device ?,32.00,1904.89,17.61,11246790983572620,11246790985477510,1781444305062502560,1781444305064407450
1961790,1973354,Host(NUMA 6),Device ?,24.00,1465.16,17.18,11246790985527570,11246790986992730,1781444305063090940,1781444305064556100
1961790,1973354,Host(NUMA 6),Device ?,8.00,466.03,18.00,11246790987038880,11246790987504910,1781444305064240120,1781444305064706150
1961790,1973354,Host(NUMA 6),Device ?,32.00,1874.09,17.90,11246790987549780,11246790989423870,1781444305062982230,1781444305064856320
1961790,1973354,Host(NUMA 6),Device ?,32.00,1874.85,17.90,11246790989468470,11246790991343320,1781444305063130190,1781444305065005040
1961790,1973354,Host(NUMA 6),Device ?,24.00,1437.57,17.51,11246790991392190,11246790992829760,1781444305063717130,1781444305065154700
1961790,1973354,Host(NUMA 6),Device ?,8.00,547.00,15.34,11246790992878830,11246790993425830,1781444305064754250,1781444305065301250
1961790,1973354,Host(NUMA 6),Device ?,32.00,1864.84,17.99,11246790993469100,11246790995333940,1781444305063585470,1781444305065450310
1961790,1973354,Host(NUMA 6),Device ?,32.00,1896.72,17.69,11246790995376310,11246790997273030,1781444305063701700,1781444305065598420
1961790,1973354,Host(NUMA 6),Device ?,24.00,1436.70,17.52,11246790997322840,11246790998759540,1781444305064310020,1781444305065746720
1961790,1973354,Host(NUMA 6),Device ?,8.00,525.13,15.97,11246790998803540,11246790999328670,1781444305065384550,1781444305065909680
1961790,1973354,Host(NUMA 6),Device ?,32.00,1866.39,17.98,11246790999380370,11246791001246760,1781444305064204240,1781444305066070630
1961790,1973354,Host(NUMA 6),Device ?,32.00,1891.63,17.74,11246791001290980,11246791003182610,1781444305064330050,1781444305066221680
1961790,1973354,Host(NUMA 6),Device ?,24.00,1442.62,17.44,11246791003224450,11246791004667070,1781444305064927880,1781444305066370500
1961790,1973354,Host(NUMA 6),Device ?,8.00,515.87,16.26,11246791004709460,11246791005225330,1781444305066002410,1781444305066518280
1961790,1973354,Host(NUMA 6),Device ?,32.00,1862.99,18.01,11246791005267390,11246791007130380,1781444305064804600,1781444305066667590
1961790,1973354,Host(NUMA 6),Device ?,32.00,2027.96,16.55,11246791007172280,11246791009200240,1781444305064787000,1781444305066814960
1961790,1973354,Host(NUMA 6),Device ?,24.00,1580.99,15.92,11246791009247910,11246791010828900,1781444305065409470,1781444305066990460
1961790,1973354,Host(NUMA 6),Device ?,8.00,497.88,16.85,11246791010873980,11246791011371860,1781444305066660940,1781444305067158820
1961790,1973354,Host(NUMA 6),Device ?,32.00,2032.96,16.51,11246791011415760,11246791013448720,1781444305065278160,1781444305067311120
1961790,1973354,Host(NUMA 6),Device ?,32.00,2005.57,16.73,11246791013494710,11246791015500280,1781444305065456330,1781444305067461900
1961790,1973354,Host(NUMA 6),Device ?,24.00,1571.40,16.01,11246791015546470,11246791017117870,1781444305066041700,1781444305067613100
1961790,1973354,Host(NUMA 6),Device ?,8.00,513.13,16.35,11246791017163770,11246791017676900,1781444305067250860,1781444305067763990
1961790,1973354,Host(NUMA 6),Device ?,32.00,2019.70,16.61,11246791017722390,11246791019742090,1781444305065894040,1781444305067913740
1961790,1973354,Host(NUMA 6),Device ?,32.00,2020.08,16.61,11246791019786820,11246791021806900,1781444305066041100,1781444305068061180
1961790,1973354,Host(NUMA 6),Device ?,24.00,1565.15,16.08,11246791021851090,11246791023416240,1781444305066644270,1781444305068209420
1961790,1973354,Host(NUMA 6),Device ?,8.00,496.51,16.90,11246791023460920,11246791023957430,1781444305067862020,1781444305068358530
1961790,1973354,Host(NUMA 6),Device ?,32.00,2014.93,16.65,11246791024014040,11246791026028970,1781444305066493510,1781444305068508440
1961790,1973354,Host(NUMA 6),Device ?,32.00,2022.28,16.59,11246791026077090,11246791028099370,1781444305066634780,1781444305068657060
1961790,1973354,Host(NUMA 6),Device ?,24.00,1587.23,15.86,11246791028147080,11246791029734310,1781444305067217760,1781444305068804990
1961790,1973354,Host(NUMA 6),Device ?,8.00,511.12,16.41,11246791029780940,11246791030292060,1781444305068454760,1781444305068965880
1961790,1973354,Host(NUMA 6),Device ?,32.00,2019.94,16.61,11246791030335990,11246791032355930,1781444305067100270,1781444305069120210
1961790,1973354,Host(NUMA 6),Device ?,32.00,2036.38,16.48,11246791032401190,11246791034437570,1781444305067233660,1781444305069270040
1961790,1973354,Host(NUMA 6),Device ?,24.00,1601.36,15.72,11246791034483660,11246791036085020,1781444305067818390,1781444305069419750
1961790,1973354,Host(NUMA 6),Device ?,8.00,536.39,15.64,11246791036130480,11246791036666870,1781444305069031930,1781444305069568320
1961790,1973354,Host(NUMA 6),Device ?,32.00,2006.40,16.72,11246791036711350,11246791038717750,1781444305067710350,1781444305069716750
1961790,1973354,Host(NUMA 6),Device ?,32.00,2025.44,16.57,11246791038762380,11246791040787820,1781444305067842240,1781444305069867680
1961790,1973354,Host(NUMA 6),Device ?,24.00,1579.56,15.93,11246791040833810,11246791042413370,1781444305068436780,1781444305070016340
1961790,1973354,Host(NUMA 6),Device ?,8.00,495.87,16.92,11246791042460720,11246791042956590,1781444305069667840,1781444305070163710
1961790,1973354,Host(NUMA 6),Device ?,32.00,2030.65,16.52,11246791042999360,11246791045030010,1781444305068282950,1781444305070313600
1961790,1973354,Host(NUMA 6),Device ?,32.00,2026.87,16.55,11246791045074390,11246791047101260,1781444305068438560,1781444305070465430
1961790,1973354,Host(NUMA 6),Device ?,24.00,1587.11,15.86,11246791047143930,11246791048731040,1781444305069026170,1781444305070613280
1961790,1973354,Host(NUMA 6),Device ?,8.00,506.79,16.55,11246791048777400,11246791049284190,1781444305070253720,1781444305070760510
1961790,1973354,Host(NUMA 6),Device ?,32.00,2013.14,16.67,11246791049329380,11246791051342520,1781444305068896940,1781444305070910080
1961790,1973354,Host(NUMA 6),Device ?,32.00,2023.47,16.58,11246791051386010,11246791053409480,1781444305069062980,1781444305071086450
1961790,1973354,Host(NUMA 6),Device ?,24.00,1557.94,16.15,11246791053455230,11246791055013170,1781444305069680210,1781444305071238150
1961790,1973354,Host(NUMA 6),Device ?,8.00,494.02,16.98,11246791055058310,11246791055552330,1781444305070905300,1781444305071399320
1961790,1973354,Host(NUMA 6),Device ?,32.00,2022.39,16.59,11246791055593860,11246791057616250,1781444305069528990,1781444305071551380
1961790,1973354,Host(NUMA 6),Device ?,32.00,2022.40,16.59,11246791057659060,11246791059681460,1781444305069691720,1781444305071714120
1961790,1973354,Host(NUMA 6),Device ?,24.00,1595.75,15.77,11246791059726630,11246791061322380,1781444305070266880,1781444305071862630
1961790,1973354,Host(NUMA 6),Device ?,8.00,506.62,16.56,11246791061368040,11246791061874660,1781444305071515200,1781444305072021820
1961790,1973354,Host(NUMA 6),Device ?,32.00,2016.30,16.64,11246791061919720,11246791063936020,1781444305070156460,1781444305072172760
1961790,1973354,Host(NUMA 6),Device ?,32.00,1879.73,17.85,11246791063980990,11246791065860720,1781444305070442640,1781444305072322370
1961790,1973354,Host(NUMA 6),Device ?,24.00,1415.01,17.78,11246791065905410,11246791067320420,1781444305071055160,1781444305072470170
1961790,1973354,Host(NUMA 6),Device ?,8.00,494.44,16.97,11246791067360550,11246791067854990,1781444305072122670,1781444305072617110
1961790,1973354,Host(NUMA 6),Device ?,32.00,1878.96,17.86,11246791067894450,11246791069773410,1781444305070886380,1781444305072765340
1961790,1973354,Host(NUMA 6),Device ?,32.00,1869.66,17.95,11246791069815790,11246791071685450,1781444305071045200,1781444305072914860
1961790,1973354,Host(NUMA 6),Device ?,24.00,1434.12,17.55,11246791071730640,11246791073164760,1781444305071629630,1781444305073063750
1961790,1973354,Host(NUMA 6),Device ?,8.00,496.98,16.88,11246791073206200,11246791073703180,1781444305072717240,1781444305073214220
1961790,1973354,Host(NUMA 6),Device ?,32.00,1874.05,17.90,11246791073741680,11246791075615730,1781444305071490470,1781444305073364520
1961790,1973354,Host(NUMA 6),Device ?,32.00,1923.57,17.44,11246791075656560,11246791077580130,1781444305071590510,1781444305073514080
1961790,1973354,Host(NUMA 6),Device ?,24.00,1463.27,17.20,11246791077621840,11246791079085110,1781444305072200460,1781444305073663730
1961790,1973354,Host(NUMA 6),Device ?,8.00,480.78,17.45,11246791079127240,11246791079608020,1781444305073330710,1781444305073811490
1961790,1973354,Host(NUMA 6),Device ?,32.00,1881.26,17.84,11246791079646310,11246791081527570,1781444305072077800,1781444305073959060
1961790,1973354,Host(NUMA 6),Device ?,32.00,1867.26,17.97,11246791081568200,11246791083435460,1781444305072238710,1781444305074105970
1961790,1973354,Host(NUMA 6),Device ?,24.00,1422.64,17.69,11246791083474570,11246791084897210,1781444305072832720,1781444305074255360
1961790,1973354,Host(NUMA 6),Device ?,8.00,466.36,17.99,11246791084941940,11246791085408300,1781444305073937520,1781444305074403880
1961790,1973354,Host(NUMA 6),Device ?,32.00,1881.65,17.83,11246791085450840,11246791087332490,1781444305072668540,1781444305074550190
1961790,1973354,Host(NUMA 6),Device ?,32.00,1887.22,17.78,11246791087373190,11246791089260410,1781444305072812010,1781444305074699230
1961790,1973354,Host(NUMA 6),Device ?,24.00,1412.70,17.81,11246791089302860,11246791090715560,1781444305073432450,1781444305074845150
1961790,1973354,Host(NUMA 6),Device ?,8.00,515.98,16.26,11246791090756610,11246791091272590,1781444305074500680,1781444305075016660
1961790,1973354,Host(NUMA 6),Device ?,32.00,1875.80,17.89,11246791091310680,11246791093186480,1781444305073293400,1781444305075169200
1961790,1973354,Host(NUMA 6),Device ?,32.00,1870.62,17.94,11246791093229440,11246791095100060,1781444305073447440,1781444305075318060
1961790,1973354,Host(NUMA 6),Device ?,24.00,1433.20,17.56,11246791095140200,11246791096573400,1781444305074035020,1781444305075468220
1961790,1973354,Host(NUMA 6),Device ?,8.00,486.15,17.26,11246791096614120,11246791097100270,1781444305075133310,1781444305075619460
1961790,1973354,Host(NUMA 6),Device ?,32.00,1864.36,18.00,11246791097138880,11246791099003240,1781444305073919760,1781444305075784120
1961790,1973354,Host(NUMA 6),Device ?,32.00,1870.99,17.93,11246791099043710,11246791100914700,1781444305074060700,1781444305075931690
1961790,1973354,Host(NUMA 6),Device ?,24.00,1412.15,17.82,11246791100963110,11246791102375260,1781444305074667520,1781444305076079670
1961790,1973354,Host(NUMA 6),Device ?,8.00,480.56,17.46,11246791102420610,11246791102901170,1781444305075746820,1781444305076227380
1961790,1973354,Host(NUMA 6),Device ?,32.00,1878.02,17.87,11246791102942350,11246791104820370,1781444305074510150,1781444305076388170
1961790,1973354,Host(NUMA 6),Device ?,32.00,1882.33,17.83,11246791104861030,11246791106743360,1781444305074655190,1781444305076537520
1961790,1973354,Host(NUMA 6),Device ?,24.00,1425.28,17.66,11246791106785810,11246791108211090,1781444305075271530,1781444305076696810
1961790,1973354,Host(NUMA 6),Device ?,8.00,473.83,17.70,11246791108253620,11246791108727450,1781444305076376850,1781444305076850680
1961790,1973354,Host(NUMA 6),Device ?,32.00,1852.95,18.11,11246791108773510,11246791110626460,1781444305075148880,1781444305077001830
1961790,1973354,Host(NUMA 6),Device ?,32.00,1868.37,17.96,11246791110673300,11246791112541670,1781444305075281630,1781444305077150000
1961790,1973354,Host(NUMA 6),Device ?,24.00,1409.50,17.85,11246791112589040,11246791113998540,1781444305075890250,1781444305077299750
1961790,1973354,Host(NUMA 6),Device ?,8.00,461.23,18.19,11246791114042070,11246791114503300,1781444305076986320,1781444305077447550
1961790,1973354,Host(NUMA 6),Device ?,32.00,1866.53,17.98,11246791114542270,11246791116408800,1781444305075732230,1781444305077598760
1961790,1973354,Host(NUMA 6),Device ?,32.00,1851.24,18.13,11246791116450530,11246791118301770,1781444305075897920,1781444305077749160
1961790,1973354,Host(NUMA 6),Device ?,24.00,1411.81,17.83,11246791118340600,11246791119752410,1781444305076485330,1781444305077897140
1961790,1973354,Host(NUMA 6),Device ?,8.00,441.66,18.99,11246791119791000,11246791120232660,1781444305077603550,1781444305078045210
1961790,1973354,Host(NUMA 6),Device ?,32.00,1853.99,18.10,11246791120273500,11246791122127490,1781444305076352540,1781444305078206530
1961790,1973354,Host(NUMA 6),Device ?,32.00,1858.91,18.05,11246791122168470,11246791124027380,1781444305076497060,1781444305078355970
1961790,1973354,Host(NUMA 6),Device ?,24.00,1419.64,17.73,11246791124074670,11246791125494310,1781444305077084680,1781444305078504320
1961790,1973354,Host(NUMA 6),Device ?,8.00,492.03,17.05,11246791125538160,11246791126030190,1781444305078159820,1781444305078651850
1961790,1973354,Host(NUMA 6),Device ?,32.00,1864.26,18.00,11246791126075320,11246791127939580,1781444305076937500,1781444305078801760
1961790,1973354,Host(NUMA 6),Device ?,32.00,1844.02,18.20,11246791127985310,11246791129829330,1781444305077117580,1781444305078961600
1961790,1973354,Host(NUMA 6),Device ?,254.94,14161.14,18.88,11246791129871040,11246791144032180,1781444305064954620,1781444305079115760
1961790,1973354,Host(NUMA 6),Device ?,0.02,29.58,0.55,11246791144083050,11246791144112630,1781444305079235550,1781444305079265130
1961790,1973354,Host(NUMA 6),Device ?,0.02,21.94,0.75,11246791144150920,11246791144172860,1781444305079392830,1781444305079414770
1961790,1973354,Host(NUMA 6),Device ?,0.01,21.34,0.58,11246791144203310,11246791144224650,1781444305079543530,1781444305079564870
1961790,1973354,Host(NUMA 6),Device ?,0.02,22.54,0.73,11246791144255220,11246791144277760,1781444305079692230,1781444305079714770
1961790,1973354,Host(NUMA 6),Device ?,0.02,20.63,0.79,11246791144306860,11246791144327490,1781444305079841410,1781444305079862040
1961790,1973354,Host(NUMA 6),Device ?,0.02,19.12,0.86,11246791144357430,11246791144376550,1781444305079991170,1781444305080010290
1961790,1973354,Host(NUMA 6),Device ?,0.02,20.36,0.80,11246791144404550,11246791144424910,1781444305080137890,1781444305080158250
1961790,1973354,Host(NUMA 6),Device ?,0.02,18.20,0.90,11246791144453210,11246791144471410,1781444305080289740,1781444305080307940
1961790,1973354,Host(NUMA 6),Device ?,0.02,17.70,0.93,11246791144500490,11246791144518190,1781444305080437060,1781444305080454760
1961790,1973354,Host(NUMA 6),Device ?,0.02,17.90,0.92,11246791144545560,11246791144563460,1781444305080587440,1781444305080605340
1961790,1973354,Host(NUMA 6),Device ?,0.01,19.44,0.63,11246791144593390,11246791144612830,1781444305080734340,1781444305080753780
1961790,1973354,Host(NUMA 6),Device ?,0.02,18.70,0.88,11246791144643210,11246791144661910,1781444305080886210,1781444305080904910
1961790,1973354,Host(NUMA 6),Device ?,0.02,18.01,0.91,11246791144691390,11246791144709400,1781444305081047920,1781444305081065930
1961790,1973354,Host(NUMA 6),Device ?,0.02,18.70,0.88,11246791144737060,11246791144755760,1781444305081210210,1781444305081228910
1961790,1973354,Host(NUMA 6),Device ?,0.02,20.32,0.81,11246791144784850,11246791144805170,1781444305081359590,1781444305081379910
1961790,1973354,Host(NUMA 6),Device ?,0.02,18.67,0.88,11246791144834270,11246791144852940,1781444305081510830,1781444305081529500
1961790,1973354,Host(NUMA 6),Device ?,0.02,18.46,0.89,11246791144883040,11246791144901500,1781444305081658610,1781444305081677070
1961790,1973354,Host(NUMA 6),Device ?,0.02,18.00,0.91,11246791144933890,11246791144951890,1781444305081807580,1781444305081825580
1961790,1973354,Host(NUMA 6),Device ?,0.01,19.33,0.64,11246791144982050,11246791145001380,1781444305081966270,1781444305081985600
1961790,1973354,Host(NUMA 6),Device ?,0.02,20.27,0.81,11246791145030720,11246791145050990,1781444305082115990,1781444305082136260
1961790,1973354,Host(NUMA 6),Device ?,0.02,19.05,0.86,11246791145080780,11246791145099830,1781444305082265580,1781444305082284630
1961790,1973354,Host(NUMA 6),Device ?,0.02,19.84,0.83,11246791145129610,11246791145149450,1781444305082412320,1781444305082432160
1961790,1973354,Host(NUMA 6),Device ?,0.02,20.57,0.80,11246791145180410,11246791145200980,1781444305082560980,1781444305082581550
1961790,1973354,Host(NUMA 6),Device ?,0.02,19.00,0.86,11246791145229910,11246791145248910,1781444305082711730,1781444305082730730
1961790,1973354,Host(NUMA 6),Device ?,0.02,18.84,0.87,11246791145278520,11246791145297360,1781444305082860070,1781444305082878910
1961790,1973354,Host(NUMA 6),Device ?,0.02,17.77,0.92,11246791145326250,11246791145344020,1781444305083047190,1781444305083064960
1961790,1973354,Host(NUMA 6),Device ?,0.01,18.53,0.66,11246791145372030,11246791145390560,1781444305083197590,1781444305083216120
1961790,1973354,Host(NUMA 6),Device ?,0.02,19.13,0.86,11246791145419580,11246791145438710,1781444305083349860,1781444305083368990
1961790,1973354,Host(NUMA 6),Device ?,0.02,18.33,0.89,11246791145469330,11246791145487660,1781444305083501720,1781444305083520050
1961790,1973354,Host(NUMA 6),Device ?,0.02,18.15,0.90,11246791145518550,11246791145536700,1781444305083652240,1781444305083670390
1961790,1973354,Host(NUMA 6),Device ?,0.02,19.83,0.83,11246791145564930,11246791145584760,1781444305083797840,1781444305083817670
1961790,1973354,Host(NUMA 6),Device ?,0.02,19.12,0.86,11246791145613400,11246791145632520,1781444305083947140,1781444305083966260
1961790,1973354,Host(NUMA 6),Device ?,0.02,17.96,0.91,11246791145663540,11246791145681500,1781444305084097460,1781444305084115420
1961790,1973354,Host(NUMA 6),Device ?,0.02,18.01,0.91,11246791145711850,11246791145729860,1781444305084261330,1781444305084279340
1961790,1973354,Host(NUMA 6),Device ?,0.01,20.20,0.61,11246791145759480,11246791145779680,1781444305084408710,1781444305084428910
1961790,1973354,Host(NUMA 6),Device ?,0.02,19.79,0.83,11246791145810020,11246791145829810,1781444305084558720,1781444305084578510
1961790,1973354,Host(NUMA 6),Device ?,0.02,19.50,0.84,11246791145858180,11246791145877680,1781444305084706570,1781444305084726070
1961790,1973354,Host(NUMA 6),Device ?,0.02,20.05,0.82,11246791145907440,11246791145927490,1781444305084855550,1781444305084875600
1961790,1973354,Host(NUMA 6),Device ?,0.02,21.42,0.76,11246791145956520,11246791145977940,1781444305085002540,1781444305085023960
1961790,1973354,Host(NUMA 6),Device ?,0.02,19.79,0.83,11246791146008310,11246791146028100,1781444305085153500,1781444305085173290
1961790,1973354,Host(NUMA 6),Device ?,0.02,19.70,0.83,11246791146058050,11246791146077750,1781444305085302670,1781444305085322370
1961790,1973354,Host(NUMA 6),Device ?,0.02,20.05,0.82,11246791146109230,11246791146129280,1781444305085450950,1781444305085471000
1961790,1973354,Host(NUMA 6),Device ?,0.01,20.11,0.61,11246791146158410,11246791146178520,1781444305085599310,1781444305085619420
1961790,1973354,Host(NUMA 6),Device ?,0.02,19.80,0.83,11246791146207800,11246791146227600,1781444305085766790,1781444305085786590
1961790,1973354,Host(NUMA 6),Device ?,0.02,19.81,0.83,11246791146256280,11246791146276090,1781444305085918620,1781444305085938430
1961790,1973354,Host(NUMA 6),Device ?,0.02,18.88,0.87,11246791146307920,11246791146326800,1781444305086066930,1781444305086085810
1961790,1973354,Host(NUMA 6),Device ?,0.02,21.35,0.77,11246791146356040,11246791146377390,1781444305086211740,1781444305086233090
1961790,1973354,Host(NUMA 6),Device ?,0.02,21.96,0.75,11246791146408430,11246791146430390,1781444305086358190,1781444305086380150
1961790,1973354,Host(NUMA 6),Device ?,0.02,18.83,0.87,11246791146462150,11246791146480980,1781444305086511280,1781444305086530110
1961790,1973354,Host(NUMA 6),Device ?,0.02,19.66,0.83,11246791146511230,11246791146530890,1781444305086661480,1781444305086681140
1961790,1973354,Host(NUMA 6),Device ?,0.01,20.12,0.61,11246791146561910,11246791146582030,1781444305086808780,1781444305086828900
1961790,1973354,Host(NUMA 6),Device ?,0.02,19.95,0.82,11246791146611680,11246791146631630,1781444305086979310,1781444305086999260
1961790,1973354,Host(NUMA 6),Device ?,0.02,17.75,0.92,11246791146659420,11246791146677170,1781444305087137310,1781444305087155060
1961790,1973354,Host(NUMA 6),Device ?,0.02,18.78,0.87,11246791146707410,11246791146726190,1781444305087306870,1781444305087325650
1961790,1973354,Host(NUMA 6),Device ?,0.02,20.21,0.81,11246791146757160,11246791146777370,1781444305087456090,1781444305087476300
1961790,1973354,Host(NUMA 6),Device ?,0.02,18.07,0.91,11246791146808000,11246791146826070,1781444305087608200,1781444305087626270
1961790,1973354,Host(NUMA 6),Device ?,0.02,19.15,0.86,11246791146854410,11246791146873560,1781444305087755370,1781444305087774520
1961790,1973354,Host(NUMA 6),Device ?,0.02,19.99,0.82,11246791146903360,11246791146923350,1781444305087904160,1781444305087924150
1961790,1973354,Host(NUMA 6),Device ?,0.01,19.55,0.63,11246791146952530,11246791146972080,1781444305088052390,1781444305088071940
1961790,1973354,Host(NUMA 6),Device ?,0.02,19.48,0.84,11246791146999710,11246791147019190,1781444305088203010,1781444305088222490
1961790,1973354,Host(NUMA 6),Device ?,0.02,19.30,0.85,11246791147046410,11246791147065710,1781444305088367550,1781444305088386850
1961790,1973354,Host(NUMA 6),Device ?,0.02,19.17,0.85,11246791147093350,11246791147112520,1781444305088516350,1781444305088535520
1961790,1973354,Host(NUMA 6),Device ?,0.02,20.36,0.80,11246791147139950,11246791147160310,1781444305088662590,1781444305088682950
1961790,1973354,Host(NUMA 6),Device ?,0.02,17.99,0.91,11246791147188490,11246791147206480,1781444305088814050,1781444305088832040
1961790,1973354,Host(NUMA 6),Device ?,0.02,18.40,0.89,11246791147234840,11246791147253240,1781444305088966180,1781444305088984580
1961790,1973354,Host(NUMA 6),Device ?,0.02,18.79,0.87,11246791147281300,11246791147300090,1781444305089114390,1781444305089133180
1961790,1973354,Host(NUMA 6),Device ?,0.01,18.99,0.65,11246791147328100,11246791147347090,1781444305089262810,1781444305089281800
1961790,1973354,Host(NUMA 6),Device ?,0.02,25.32,0.65,11246791147373330,11246791147398650,1781444305089403120,1781444305089428440
1961790,1973354,Host(NUMA 6),Device ?,0.02,22.80,0.72,11246791147426550,11246791147449350,1781444305089552780,1781444305089575580
1961790,1973354,Host(NUMA 6),Device ?,0.02,17.61,0.93,11246791147478240,11246791147495850,1781444305089710740,1781444305089728350
1961790,1973354,Host(NUMA 6),Device ?,0.02,19.14,0.86,11246791147524640,11246791147543780,1781444305089859500,1781444305089878640
1961790,1973354,Host(NUMA 6),Device ?,0.02,18.71,0.88,11246791147571690,11246791147590400,1781444305090006880,1781444305090025590
1961790,1973354,Host(NUMA 6),Device ?,0.02,19.49,0.84,11246791147619520,11246791147639010,1781444305090153070,1781444305090172560
1961790,1973354,Host(NUMA 6),Device ?,0.02,19.23,0.85,11246791147667890,11246791147687120,1781444305090318120,1781444305090337350
1961790,1973354,Host(NUMA 6),Device ?,0.01,18.99,0.65,11246791147715420,11246791147734410,1781444305090467830,1781444305090486820
1961790,1973354,Host(NUMA 6),Device ?,0.02,18.66,0.88,11246791147762670,11246791147781330,1781444305090628680,1781444305090647340
1961790,1973354,Host(NUMA 6),Device ?,0.02,18.04,0.91,11246791147808740,11246791147826780,1781444305090777040,1781444305090795080
1961790,1973354,Host(NUMA 6),Device ?,0.02,19.05,0.86,11246791147856600,11246791147875650,1781444305090933450,1781444305090952500
1961790,1973354,Host(NUMA 6),Device ?,0.02,19.54,0.84,11246791147906420,11246791147925960,1781444305091083670,1781444305091103210
1961790,1973354,Host(NUMA 6),Device ?,0.02,19.49,0.84,11246791147953010,11246791147972500,1781444305091232120,1781444305091251610
1961790,1973354,Host(NUMA 6),Device ?,0.02,19.19,0.85,11246791148010150,11246791148029340,1781444305091384490,1781444305091403680
1961790,1973354,Host(NUMA 6),Device ?,0.02,18.77,0.87,11246791148060220,11246791148078990,1781444305091535310,1781444305091554080
1961790,1973354,Host(NUMA 6),Device ?,0.01,21.00,0.59,11246791148108040,11246791148129040,1781444305091680870,1781444305091701870
1961790,1973354,Host(NUMA 6),Device ?,0.02,19.79,0.83,11246791148157630,11246791148177420,1781444305091830000,1781444305091849790
1961790,1973354,Host(NUMA 6),Device ?,0.02,18.24,0.90,11246791148206560,11246791148224800,1781444305091978520,1781444305091996760
1961790,1973354,Host(NUMA 6),Device ?,0.02,17.89,0.92,11246791148254220,11246791148272110,1781444305092127690,1781444305092145580
1961790,1973354,Host(NUMA 6),Device ?,0.02,20.04,0.82,11246791148303850,11246791148323890,1781444305092275900,1781444305092295940
1961790,1973354,Host(NUMA 6),Device ?,0.02,19.07,0.86,11246791148353550,11246791148372620,1781444305092426650,1781444305092445720
1961790,1973354,Host(NUMA 6),Device ?,0.02,22.00,0.74,11246791148399380,11246791148421380,1781444305092583180,1781444305092605180
1961790,1973354,Host(NUMA 6),Device ?,0.02,19.55,0.84,11246791148451010,11246791148470560,1781444305092734270,1781444305092753820
1961790,1973354,Host(NUMA 6),Device ?,0.01,19.86,0.62,11246791148505350,11246791148525210,1781444305092884850,1781444305092904710
1961790,1973354,Host(NUMA 6),Device ?,0.02,18.32,0.89,11246791148554490,11246791148572810,1781444305093037180,1781444305093055500
1961790,1973354,Host(NUMA 6),Device ?,0.02,20.45,0.80,11246791148600370,11246791148620820,1781444305093182620,1781444305093203070
1961790,1973354,Host(NUMA 6),Device ?,0.02,19.92,0.82,11246791148648370,11246791148668290,1781444305093344750,1781444305093364670
1961790,1973354,Host(NUMA 6),Device ?,0.02,20.26,0.81,11246791148698310,11246791148718570,1781444305093494470,1781444305093514730
1961790,1973354,Host(NUMA 6),Device ?,0.02,17.82,0.92,11246791148750630,11246791148768450,1781444305093645730,1781444305093663550
1961790,1973354,Host(NUMA 6),Device ?,0.02,20.46,0.80,11246791148795520,11246791148815980,1781444305093791240,1781444305093811700
1961790,1973354,Host(NUMA 6),Device ?,0.02,20.07,0.82,11246791148846010,11246791148866080,1781444305093939540,1781444305093959610
1961790,1973354,Host(NUMA 6),Device ?,0.01,20.57,0.60,11246791148895840,11246791148916410,1781444305094087650,1781444305094108220
1961790,1973354,Host(NUMA 6),Device ?,0.02,21.01,0.78,11246791148944260,11246791148965270,1781444305094235040,1781444305094256050
1961790,1973354,Host(NUMA 6),Device ?,0.02,20.27,0.81,11246791148993740,11246791149014010,1781444305094384780,1781444305094405050
1961790,1973354,Host(NUMA 6),Device ?,0.02,18.94,0.87,11246791149043360,11246791149062300,1781444305094535100,1781444305094554040
1961790,1973354,Host(NUMA 6),Device ?,0.02,20.39,0.80,11246791149090610,11246791149111000,1781444305094680990,1781444305094701380
1961790,1973354,Host(NUMA 6),Device ?,0.02,18.89,0.87,11246791149140190,11246791149159080,1781444305094830870,1781444305094849760
1961790,1973354,Host(NUMA 6),Device ?,0.02,19.11,0.86,11246791149187780,11246791149206890,1781444305094996280,1781444305095015390
1961790,1973354,Host(NUMA 6),Device ?,0.02,19.70,0.83,11246791149235770,11246791149255470,1781444305095147700,1781444305095167400
1961790,1973354,Host(NUMA 6),Device ?,0.01,20.72,0.59,11246791149283940,11246791149304660,1781444305095307800,1781444305095328520
1961790,1973354,Host(NUMA 6),Device ?,0.02,18.72,0.88,11246791149333340,11246791149352060,1781444305095460040,1781444305095478760
1961790,1973354,Host(NUMA 6),Device ?,0.02,20.36,0.80,11246791149380660,11246791149401020,1781444305095605530,1781444305095625890
1961790,1973354,Host(NUMA 6),Device ?,0.02,17.93,0.91,11246791149430260,11246791149448190,1781444305095754310,1781444305095772240
1961790,1973354,Host(NUMA 6),Device ?,0.02,20.35,0.81,11246791149477030,11246791149497380,1781444305095899800,1781444305095920150
1961790,1973354,Host(NUMA 6),Device ?,0.02,19.18,0.85,11246791149527100,11246791149546280,1781444305096049060,1781444305096068240
1961790,1973354,Host(NUMA 6),Device ?,0.02,18.18,0.90,11246791149575700,11246791149593880,1781444305096201790,1781444305096219970
1961790,1973354,Host(NUMA 6),Device ?,0.02,19.03,0.86,11246791149625000,11246791149644030,1781444305096361620,1781444305096380650
1961790,1973354,Host(NUMA 6),Device ?,0.01,20.19,0.61,11246791149674650,11246791149694840,1781444305096508520,1781444305096528710
1961790,1973354,Host(NUMA 6),Device ?,0.02,19.58,0.84,11246791149723750,11246791149743330,1781444305096655310,1781444305096674890
1961790,1973354,Host(NUMA 6),Device ?,0.02,17.63,0.93,11246791149772450,11246791149790080,1781444305096806510,1781444305096824140
1961790,1973354,Host(NUMA 6),Device ?,0.02,19.25,0.85,11246791149820550,11246791149839800,1781444305096951490,1781444305096970740
1961790,1973354,Host(NUMA 6),Device ?,0.02,20.18,0.81,11246791149869560,11246791149889740,1781444305097096190,1781444305097116370
1961790,1973354,Host(NUMA 6),Device ?,0.02,21.25,0.77,11246791149921240,11246791149942490,1781444305097241900,1781444305097263150
1961790,1973354,Host(NUMA 6),Device ?,0.02,18.17,0.90,11246791149969970,11246791149988140,1781444305097393300,1781444305097411470
1961790,1973354,Host(NUMA 6),Device ?,0.02,19.88,0.82,11246791150017890,11246791150037770,1781444305097542800,1781444305097562680
1961790,1973354,Host(NUMA 6),Device ?,0.01,20.72,0.59,11246791150066910,11246791150087630,1781444305097689370,1781444305097710090
1961790,1973354,Host(NUMA 6),Device ?,0.02,21.00,0.78,11246791150117800,11246791150138800,1781444305097836060,1781444305097857060
1961790,1973354,Host(NUMA 6),Device ?,0.02,18.30,0.90,11246791150167630,11246791150185930,1781444305097997130,1781444305098015430
1961790,1973354,Host(NUMA 6),Device ?,0.02,20.69,0.79,11246791150213480,11246791150234170,1781444305098143640,1781444305098164330
1961790,1973354,Host(NUMA 6),Device ?,0.02,21.32,0.77,11246791150262660,11246791150283980,1781444305098292230,1781444305098313550
1961790,1973354,Host(NUMA 6),Device ?,0.02,18.26,0.90,11246791150314540,11246791150332800,1781444305098442490,1781444305098460750
1961790,1973354,Host(NUMA 6),Device ?,0.02,19.21,0.85,11246791150359850,11246791150379060,1781444305098589000,1781444305098608210
1961790,1973354,Host(NUMA 6),Device ?,0.02,19.84,0.83,11246791150408870,11246791150428710,1781444305098735520,1781444305098755360
1961790,1973354,Host(NUMA 6),Device ?,0.01,19.40,0.63,11246791150457280,11246791150476680,1781444305098883480,1781444305098902880
1961790,1973354,Host(NUMA 6),Device ?,0.02,19.38,0.85,11246791150506430,11246791150525810,1781444305099066100,1781444305099085480
1961790,1973354,Host(NUMA 6),Device ?,0.02,18.03,0.91,11246791150554600,11246791150572630,1781444305099218400,1781444305099236430
1961790,1973354,Host(NUMA 6),Device ?,0.02,19.36,0.85,11246791150608300,11246791150627660,1781444305099376810,1781444305099396170
1961790,1973354,Host(NUMA 6),Device ?,0.02,19.77,0.83,11246791150660790,11246791150680560,1781444305099529490,1781444305099549260
1961790,1973354,Host(NUMA 6),Device ?,0.02,19.34,0.85,11246791150712670,11246791150732010,1781444305099681910,1781444305099701250
1961790,1973354,Host(NUMA 6),Device ?,0.02,18.51,0.89,11246791150759450,11246791150777960,1781444305099831020,1781444305099849530
1961790,1973354,Host(NUMA 6),Device ?,0.02,17.98,0.91,11246791150806300,11246791150824280,1781444305099980750,1781444305099998730
1961790,1973354,Host(NUMA 6),Device ?,0.01,20.48,0.60,11246791150852240,11246791150872720,1781444305100139860,1781444305100160340
1961790,1973354,Host(NUMA 6),Device ?,0.02,23.97,0.68,11246791150900320,11246791150924290,1781444305100284020,1781444305100307990
1961790,1973354,Host(NUMA 6),Device ?,0.02,18.38,0.89,11246791150953060,11246791150971440,1781444305100439410,1781444305100457790
1961790,1973354,Host(NUMA 6),Device ?,0.02,20.39,0.80,11246791150998870,11246791151019260,1781444305100585600,1781444305100605990
1961790,1973354,Host(NUMA 6),Device ?,0.02,21.24,0.77,11246791151049000,11246791151070240,1781444305100733830,1781444305100755070
1961790,1973354,Host(NUMA 6),Device ?,0.02,18.63,0.88,11246791151100970,11246791151119600,1781444305100884160,1781444305100902790
1961790,1973354,Host(NUMA 6),Device ?,0.02,20.61,0.79,11246791151147630,11246791151168240,1781444305101040810,1781444305101061420
1961790,1973354,Host(NUMA 6),Device ?,0.02,19.57,0.84,11246791151197580,11246791151217150,1781444305101188410,1781444305101207980
1961790,1973354,Host(NUMA 6),Device ?,0.01,20.89,0.59,11246791151245030,11246791151265920,1781444305101335510,1781444305101356400
1961790,1973354,Host(NUMA 6),Device ?,0.02,20.25,0.81,11246791151297200,11246791151317450,1781444305101484040,1781444305101504290
1961790,1973354,Host(NUMA 6),Device ?,0.02,20.15,0.81,11246791151346000,11246791151366150,1781444305101634070,1781444305101654220
1961790,1973354,Host(NUMA 6),Device ?,0.02,19.33,0.85,11246791151395390,11246791151414720,1781444305101784290,1781444305101803620
1961790,1973354,Host(NUMA 6),Device ?,0.02,21.42,0.76,11246791151443120,11246791151464540,1781444305101929840,1781444305101951260
1961790,1973354,Host(NUMA 6),Device ?,0.02,19.32,0.85,11246791151493640,11246791151512960,1781444305102080760,1781444305102100080
1961790,1973354,Host(NUMA 6),Device ?,0.02,19.57,0.84,11246791151542300,11246791151561870,1781444305102226990,1781444305102246560
1961790,1973354,Host(NUMA 6),Device ?,0.02,19.88,0.82,11246791151591250,11246791151611130,1781444305102386700,1781444305102406580
1961790,1973354,Host(NUMA 6),Device ?,0.01,20.88,0.59,11246791151640980,11246791151661860,1781444305102535300,1781444305102556180
1961790,1973354,Host(NUMA 6),Device ?,0.02,19.28,0.85,11246791151690480,11246791151709760,1781444305102689330,1781444305102708610
1961790,1973354,Host(NUMA 6),Device ?,0.02,20.81,0.79,11246791151738400,11246791151759210,1781444305102836990,1781444305102857800
1961790,1973354,Host(NUMA 6),Device ?,0.02,20.33,0.81,11246791151788800,11246791151809130,1781444305103013680,1781444305103034010
1961790,1973354,Host(NUMA 6),Device ?,0.02,20.70,0.79,11246791151840570,11246791151861270,1781444305103166560,1781444305103187260
1961790,1973354,Host(NUMA 6),Device ?,0.02,20.74,0.79,11246791151891110,11246791151911850,1781444305103328370,1781444305103349110
1961790,1973354,Host(NUMA 6),Device ?,0.02,20.62,0.79,11246791151942750,11246791151963370,1781444305103480440,1781444305103501060
1961790,1973354,Host(NUMA 6),Device ?,0.02,31.72,0.52,11246791151994810,11246791152026530,1781444305103618610,1781444305103650330
1961790,1973354,Host(NUMA 6),Device ?,0.01,22.70,0.54,11246791152062840,11246791152085540,1781444305103777910,1781444305103800610
1961790,1973354,Host(NUMA 6),Device ?,0.02,22.30,0.73,11246791152114250,11246791152136550,1781444305103926690,1781444305103948990
1961790,1973354,Host(NUMA 6),Device ?,0.02,21.53,0.76,11246791152166300,11246791152187830,1781444305104075650,1781444305104097180
1961790,1973354,Host(NUMA 6),Device ?,0.02,21.72,0.75,11246791152220290,11246791152242010,1781444305104223750,1781444305104245470
1961790,1973354,Host(NUMA 6),Device ?,0.02,19.62,0.84,11246791152272720,11246791152292340,1781444305104373320,1781444305104392940
1961790,1973354,Host(NUMA 6),Device ?,0.02,20.42,0.80,11246791152321680,11246791152342100,1781444305104522690,1781444305104543110
1961790,1973354,Host(NUMA 6),Device ?,0.02,19.12,0.86,11246791152372440,11246791152391560,1781444305104672100,1781444305104691220
1961790,1973354,Host(NUMA 6),Device ?,0.02,20.58,0.80,11246791152424900,11246791152445480,1781444305104831280,1781444305104851860
1961790,1973354,Host(NUMA 6),Device ?,0.01,19.52,0.63,11246791152474860,11246791152494380,1781444305104981780,1781444305105001300
1961790,1973354,Host(NUMA 6),Device ?,0.02,20.16,0.81,11246791152523090,11246791152543250,1781444305105129950,1781444305105150110
1961790,1973354,Host(NUMA 6),Device ?,0.02,19.91,0.82,11246791152576350,11246791152596260,1781444305105280520,1781444305105300430
1961790,1973354,Host(NUMA 6),Device ?,0.02,20.30,0.81,11246791152627150,11246791152647450,1781444305105443670,1781444305105463970
1961790,1973354,Host(NUMA 6),Device ?,0.02,21.18,0.77,11246791152677080,11246791152698260,1781444305105592010,1781444305105613190
1961790,1973354,Host(NUMA 6),Device ?,0.02,19.22,0.85,11246791152725900,11246791152745120,1781444305105745660,1781444305105764880
1961790,1973354,Host(NUMA 6),Device ?,0.02,18.83,0.87,11246791152773940,11246791152792770,1781444305105895740,1781444305105914570
1961790,1973354,Host(NUMA 6),Device ?,0.02,20.14,0.81,11246791152822610,11246791152842750,1781444305106042550,1781444305106062690
1961790,1973354,Host(NUMA 6),Device ?,0.01,18.34,0.67,11246791152871510,11246791152889850,1781444305106194320,1781444305106212660
1961790,1973354,Host(NUMA 6),Device ?,0.02,19.59,0.84,11246791152920770,11246791152940360,1781444305106340790,1781444305106360380
1961790,1973354,Host(NUMA 6),Device ?,0.02,20.93,0.78,11246791152972690,11246791152993620,1781444305106489180,1781444305106510110
1961790,1973354,Host(NUMA 6),Device ?,0.02,19.92,0.82,11246791153024750,11246791153044670,1781444305106639050,1781444305106658970
1961790,1973354,Host(NUMA 6),Device ?,0.02,20.84,0.79,11246791153075500,11246791153096340,1781444305106788320,1781444305106809160
1961790,1973354,Host(NUMA 6),Device ?,0.02,20.03,0.82,11246791153125650,11246791153145680,1781444305106950650,1781444305106970680
1961790,1973354,Host(NUMA 6),Device ?,0.02,23.87,0.69,11246791153174670,11246791153198540,1781444305107100050,1781444305107123920
1961790,1973354,Host(NUMA 6),Device ?,0.02,19.27,0.85,11246791153226510,11246791153245780,1781444305107252780,1781444305107272050
1961790,1973354,Host(NUMA 6),Device ?,0.01,19.99,0.61,11246791153273540,11246791153293530,1781444305107398390,1781444305107418380
1961790,1973354,Host(NUMA 6),Device ?,0.02,20.39,0.80,11246791153322110,11246791153342500,1781444305107546070,1781444305107566460
1961790,1973354,Host(NUMA 6),Device ?,0.02,19.24,0.85,11246791153370710,11246791153389950,1781444305107697270,1781444305107716510
1961790,1973354,Host(NUMA 6),Device ?,0.02,19.70,0.83,11246791153419690,11246791153439390,1781444305107842620,1781444305107862320
1961790,1973354,Host(NUMA 6),Device ?,0.02,20.30,0.81,11246791153469000,11246791153489300,1781444305107990660,1781444305108010960
1961790,1973354,Host(NUMA 6),Device ?,0.02,19.42,0.84,11246791153517650,11246791153537070,1781444305108138980,1781444305108158400
1961790,1973354,Host(NUMA 6),Device ?,0.02,20.94,0.78,11246791153566060,11246791153587000,1781444305108282290,1781444305108303230
1961790,1973354,Host(NUMA 6),Device ?,0.02,20.29,0.81,11246791153616490,11246791153636780,1781444305108444450,1781444305108464740
1961790,1973354,Host(NUMA 6),Device ?,0.01,21.29,0.58,11246791153667080,11246791153688370,1781444305108605180,1781444305108626470
1961790,1973354,Host(NUMA 6),Device ?,0.02,20.28,0.81,11246791153721830,11246791153742110,1781444305108756210,1781444305108776490
1961790,1973354,Host(NUMA 6),Device ?,0.02,18.98,0.86,11246791153771740,11246791153790720,1781444305108908100,1781444305108927080
1961790,1973354,Host(NUMA 6),Device ?,0.02,18.17,0.90,11246791153821720,11246791153839890,1781444305109059880,1781444305109078050
1961790,1973354,Host(NUMA 6),Device ?,0.02,21.14,0.78,11246791153866960,11246791153888100,1781444305109208040,1781444305109229180
1961790,1973354,Host(NUMA 6),Device ?,0.02,19.15,0.86,11246791153917410,11246791153936560,1781444305109358280,1781444305109377430
1961790,1973354,Host(NUMA 6),Device ?,0.02,19.84,0.83,11246791153964840,11246791153984680,1781444305109507210,1781444305109527050
1961790,1973354,Host(NUMA 6),Device ?,0.02,18.30,0.90,11246791154016390,11246791154034690,1781444305109670240,1781444305109688540
1961790,1973354,Host(NUMA 6),Device ?,0.01,20.77,0.59,11246791154066740,11246791154087510,1781444305109817140,1781444305109837910
1961790,1973354,Host(NUMA 6),Device ?,0.02,19.61,0.84,11246791154116350,11246791154135960,1781444305109965940,1781444305109985550
1961790,1973354,Host(NUMA 6),Device ?,0.02,19.35,0.85,11246791154165600,11246791154184950,1781444305110116540,1781444305110135890
1961790,1973354,Host(NUMA 6),Device ?,0.02,17.56,0.93,11246791154214810,11246791154232370,1781444305110264820,1781444305110282380
1961790,1973354,Host(NUMA 6),Device ?,0.02,18.59,0.88,11246791154261840,11246791154280430,1781444305110411950,1781444305110430540
1961790,1973354,Host(NUMA 6),Device ?,0.02,19.91,0.82,11246791154309740,11246791154329650,1781444305110560470,1781444305110580380
1961790,1973354,Host(NUMA 6),Device ?,0.02,18.67,0.88,11246791154358940,11246791154377610,1781444305110709520,1781444305110728190
1961790,1973354,Host(NUMA 6),Device ?,0.02,19.48,0.84,11246791154411860,11246791154431340,1781444305110856990,1781444305110876470
1961790,1973354,Host(NUMA 6),Device ?,0.01,21.24,0.58,11246791154467750,11246791154488990,1781444305111015880,1781444305111037120
1961790,1973354,Host(NUMA 6),Device ?,0.02,19.99,0.82,11246791154518560,11246791154538550,1781444305111168220,1781444305111188210
1961790,1973354,Host(NUMA 6),Device ?,0.02,19.58,0.84,11246791154568760,11246791154588340,1781444305111315790,1781444305111335370
1961790,1973354,Host(NUMA 6),Device ?,0.02,19.48,0.84,11246791154618210,11246791154637690,1781444305111476090,1781444305111495570
1961790,1973354,Host(NUMA 6),Device ?,0.02,20.00,0.82,11246791154666080,11246791154686080,1781444305111624410,1781444305111644410
1961790,1973354,Host(NUMA 6),Device ?,0.02,19.15,0.86,11246791154715950,11246791154735100,1781444305111774200,1781444305111793350
1961790,1973354,Host(NUMA 6),Device ?,0.02,19.15,0.86,11246791154763150,11246791154782300,1781444305111921070,1781444305111940220
1961790,1973354,Host(NUMA 6),Device ?,0.02,19.71,0.83,11246791154810350,11246791154830060,1781444305112068060,1781444305112087770
1961790,1973354,Host(NUMA 6),Device ?,0.01,21.70,0.57,11246791154861120,11246791154882820,1781444305112212440,1781444305112234140
1961790,1973354,Host(NUMA 6),Device ?,0.02,19.87,0.82,11246791154913970,11246791154933840,1781444305112361520,1781444305112381390
1961790,1973354,Host(NUMA 6),Device ?,0.02,19.15,0.86,11246791154964350,11246791154983500,1781444305112512110,1781444305112531260
1961790,1973354,Host(NUMA 6),Device ?,0.02,19.16,0.86,11246791155011380,11246791155030540,1781444305112661660,1781444305112680820
1961790,1973354,Host(NUMA 6),Device ?,0.02,19.69,0.83,11246791155059690,11246791155079380,1781444305112808500,1781444305112828190
1961790,1973354,Host(NUMA 6),Device ?,0.02,19.68,0.83,11246791155110510,11246791155130190,1781444305112954550,1781444305112974230
1961790,1973354,Host(NUMA 6),Device ?,0.02,17.50,0.94,11246791155160910,11246791155178410,1781444305113104220,1781444305113121720
1961790,1973354,Host(NUMA 6),Device ?,0.02,18.29,0.90,11246791155207410,11246791155225700,1781444305113252520,1781444305113270810
1962085,1975046,Host(NUMA 1),Device ?,32.00,1983.35,16.92,11246791232830830,11246791234814180,1781444305111567820,1781444305113551170
1962085,1975046,Host(NUMA 1),Device ?,24.00,1548.74,16.25,11246791234854750,11246791236403490,1781444305112177550,1781444305113726290
1962085,1975046,Host(NUMA 1),Device ?,8.00,504.81,16.62,11246791236442720,11246791236947530,1781444305113371770,1781444305113876580
1962085,1975046,Host(NUMA 1),Device ?,32.00,1995.54,16.81,11246791236984210,11246791238979750,1781444305112044250,1781444305114039790
1962085,1975046,Host(NUMA 1),Device ?,32.00,2251.15,14.91,11246791239018650,11246791241269800,1781444305111939400,1781444305114190550
1962085,1975046,Host(NUMA 1),Device ?,24.00,1528.55,16.46,11246791241313180,11246791242841730,1781444305112813360,1781444305114341910
1962085,1975046,Host(NUMA 1),Device ?,8.00,464.90,18.04,11246791242882020,11246791243346920,1781444305114039330,1781444305114504230
1962085,1975046,Host(NUMA 1),Device ?,32.00,1979.32,16.95,11246791243382840,11246791245362160,1781444305112676790,1781444305114656110
1962085,1975046,Host(NUMA 1),Device ?,32.00,2084.64,16.10,11246791245405220,11246791247489860,1781444305112733400,1781444305114818040
1962085,1975046,Host(NUMA 1),Device ?,24.00,1759.83,14.30,11246791247537350,11246791249297180,1781444305113234880,1781444305114994710
1962085,1975046,Host(NUMA 1),Device ?,8.00,536.97,15.62,11246791249346710,11246791249883680,1781444305114616030,1781444305115153000
1962085,1975046,Host(NUMA 1),Device ?,32.00,2034.35,16.49,11246791249928340,11246791251962690,1781444305113268310,1781444305115302660
1962085,1975046,Host(NUMA 1),Device ?,32.00,2055.45,16.32,11246791252022980,11246791254078430,1781444305113398780,1781444305115454230
1962085,1975046,Host(NUMA 1),Device ?,24.00,1620.20,15.53,11246791254123790,11246791255743990,1781444305113983530,1781444305115603730
1962085,1975046,Host(NUMA 1),Device ?,8.00,472.52,17.75,11246791255789260,11246791256261780,1781444305115284130,1781444305115756650
1962085,1975046,Host(NUMA 1),Device ?,32.00,2017.48,16.63,11246791256304110,11246791258321590,1781444305113891630,1781444305115909110
1962085,1975046,Host(NUMA 1),Device ?,32.00,2011.97,16.68,11246791258365620,11246791260377590,1781444305114044480,1781444305116056450
1962085,1975046,Host(NUMA 1),Device ?,24.00,1594.80,15.78,11246791260421640,11246791262016440,1781444305114612600,1781444305116207400
1962085,1975046,Host(NUMA 1),Device ?,8.00,498.77,16.82,11246791262057630,11246791262556400,1781444305115857210,1781444305116355980
1962085,1975046,Host(NUMA 1),Device ?,32.00,2025.75,16.56,11246791262591690,11246791264617440,1781444305114479200,1781444305116504950
1962085,1975046,Host(NUMA 1),Device ?,32.00,2010.23,16.69,11246791264657780,11246791266668010,1781444305114647420,1781444305116657650
1962085,1975046,Host(NUMA 1),Device ?,24.00,1591.34,15.81,11246791266713540,11246791268304880,1781444305115214760,1781444305116806100
1962085,1975046,Host(NUMA 1),Device ?,8.00,523.37,16.03,11246791268351800,11246791268875170,1781444305116431400,1781444305116954770
1962085,1975046,Host(NUMA 1),Device ?,32.00,2018.03,16.63,11246791268914320,11246791270932350,1781444305115086020,1781444305117104050
1962085,1975046,Host(NUMA 1),Device ?,32.00,1997.19,16.80,11246791270972150,11246791272969340,1781444305115257050,1781444305117254240
1962085,1975046,Host(NUMA 1),Device ?,24.00,1585.03,15.88,11246791273012600,11246791274597630,1781444305115818930,1781444305117403960
1962085,1975046,Host(NUMA 1),Device ?,8.00,494.90,16.95,11246791274638440,11246791275133340,1781444305117056610,1781444305117551510
1962085,1975046,Host(NUMA 1),Device ?,32.00,2011.86,16.68,11246791275169690,11246791277181550,1781444305115685550,1781444305117697410
1962085,1975046,Host(NUMA 1),Device ?,32.00,2012.09,16.68,11246791277221550,11246791279233640,1781444305115846350,1781444305117858440
1962085,1975046,Host(NUMA 1),Device ?,24.00,1617.47,15.56,11246791279271980,11246791280889450,1781444305116389360,1781444305118006830
1962085,1975046,Host(NUMA 1),Device ?,8.00,489.29,17.14,11246791280930740,11246791281420030,1781444305117666530,1781444305118155820
1962085,1975046,Host(NUMA 1),Device ?,32.00,2006.02,16.73,11246791281462680,11246791283468700,1781444305116298770,1781444305118304790
1962085,1975046,Host(NUMA 1),Device ?,32.00,2008.34,16.71,11246791283513590,11246791285521930,1781444305116447350,1781444305118455690
1962085,1975046,Host(NUMA 1),Device ?,24.00,1586.53,15.86,11246791285565490,11246791287152020,1781444305117017480,1781444305118604010
1962085,1975046,Host(NUMA 1),Device ?,8.00,478.90,17.52,11246791287192460,11246791287671360,1781444305118273170,1781444305118752070
1962085,1975046,Host(NUMA 1),Device ?,32.00,2035.58,16.48,11246791287710300,11246791289745880,1781444305116866870,1781444305118902450
1962085,1975046,Host(NUMA 1),Device ?,32.00,2035.63,16.48,11246791289788210,11246791291823840,1781444305117046960,1781444305119082590
1962085,1975046,Host(NUMA 1),Device ?,24.00,1571.41,16.01,11246791291865990,11246791293437400,1781444305117676550,1781444305119247960
1962085,1975046,Host(NUMA 1),Device ?,8.00,492.22,17.04,11246791293480070,11246791293972290,1781444305118917710,1781444305119409930
1962085,1975046,Host(NUMA 1),Device ?,32.00,2031.77,16.51,11246791294010750,11246791296042520,1781444305117529950,1781444305119561720
1962085,1975046,Host(NUMA 1),Device ?,32.00,2022.50,16.59,11246791296083330,11246791298105830,1781444305117689130,1781444305119711630
1962085,1975046,Host(NUMA 1),Device ?,24.00,1593.63,15.79,11246791298169820,11246791299763450,1781444305118268000,1781444305119861630
1962085,1975046,Host(NUMA 1),Device ?,8.00,547.21,15.33,11246791299810220,11246791300357430,1781444305119463500,1781444305120010710
1962085,1975046,Host(NUMA 1),Device ?,32.00,1890.05,17.75,11246791300403020,11246791302293070,1781444305118270560,1781444305120160610
1962085,1975046,Host(NUMA 1),Device ?,32.00,1901.15,17.65,11246791302332660,11246791304233810,1781444305118410470,1781444305120311620
1962085,1975046,Host(NUMA 1),Device ?,24.00,1440.45,17.47,11246791304273370,11246791305713820,1781444305119021140,1781444305120461590
1962085,1975046,Host(NUMA 1),Device ?,8.00,492.34,17.04,11246791305753440,11246791306245780,1781444305120120590,1781444305120612930
1962085,1975046,Host(NUMA 1),Device ?,32.00,1878.63,17.86,11246791306283510,11246791308162140,1781444305118883890,1781444305120762520
1962085,1975046,Host(NUMA 1),Device ?,32.00,1866.88,17.97,11246791308203670,11246791310070550,1781444305119059630,1781444305120926510
1962085,1975046,Host(NUMA 1),Device ?,24.00,1440.50,17.47,11246791310107410,11246791311547910,1781444305119639100,1781444305121079600
1962085,1975046,Host(NUMA 1),Device ?,8.00,477.97,17.55,11246791311585600,11246791312063570,1781444305120751310,1781444305121229280
1962085,1975046,Host(NUMA 1),Device ?,32.00,1873.02,17.91,11246791312098800,11246791313971820,1781444305119506600,1781444305121379620
1962085,1975046,Host(NUMA 1),Device ?,32.00,1905.69,17.61,11246791314014730,11246791315920420,1781444305119624410,1781444305121530100
1962085,1975046,Host(NUMA 1),Device ?,24.00,1447.31,17.39,11246791315963440,11246791317410750,1781444305120232840,1781444305121680150
1962085,1975046,Host(NUMA 1),Device ?,8.00,461.90,18.16,11246791317449070,11246791317910970,1781444305121368690,1781444305121830590
1962085,1975046,Host(NUMA 1),Device ?,32.00,1863.53,18.01,11246791317946340,11246791319809870,1781444305120115370,1781444305121978900
1962085,1975046,Host(NUMA 1),Device ?,32.00,1864.49,18.00,11246791319847010,11246791321711500,1781444305120263690,1781444305122128180
1962085,1975046,Host(NUMA 1),Device ?,24.00,1440.97,17.46,11246791321750050,11246791323191020,1781444305120836650,1781444305122277620
1962085,1975046,Host(NUMA 1),Device ?,8.00,453.75,18.49,11246791323225570,11246791323679320,1781444305121973140,1781444305122426890
1962085,1975046,Host(NUMA 1),Device ?,32.00,1871.89,17.93,11246791323711110,11246791325583000,1781444305120707840,1781444305122579730
1962085,1975046,Host(NUMA 1),Device ?,32.00,1889.04,17.76,11246791325621090,11246791327510130,1781444305120838720,1781444305122727760
1962085,1975046,Host(NUMA 1),Device ?,24.00,1425.44,17.65,11246791327545480,11246791328970920,1781444305121452550,1781444305122877990
1962085,1975046,Host(NUMA 1),Device ?,8.00,449.76,18.65,11246791329008660,11246791329458420,1781444305122593990,1781444305123043750
1962085,1975046,Host(NUMA 1),Device ?,32.00,1958.48,17.13,11246791329496020,11246791331454500,1781444305121235600,1781444305123194080
1962085,1975046,Host(NUMA 1),Device ?,32.00,1876.99,17.88,11246791331491110,11246791333368100,1781444305121466670,1781444305123343660
1962085,1975046,Host(NUMA 1),Device ?,24.00,1428.22,17.62,11246791333404700,11246791334832920,1781444305122064580,1781444305123492800
1962085,1975046,Host(NUMA 1),Device ?,8.00,515.27,16.28,11246791334876500,11246791335391770,1781444305123125050,1781444305123640320
1962085,1975046,Host(NUMA 1),Device ?,32.00,1877.41,17.87,11246791335429830,11246791337307240,1781444305121912920,1781444305123790330
1962085,1975046,Host(NUMA 1),Device ?,32.00,1891.70,17.74,11246791337350640,11246791339242340,1781444305122066130,1781444305123957830
1962085,1975046,Host(NUMA 1),Device ?,24.00,1418.39,17.74,11246791339282070,11246791340700460,1781444305122691450,1781444305124109840
1962085,1975046,Host(NUMA 1),Device ?,8.00,450.07,18.64,11246791340737100,11246791341187170,1781444305123812170,1781444305124262240
1962085,1975046,Host(NUMA 1),Device ?,32.00,1980.78,16.94,11246791341218720,11246791343199500,1781444305122429020,1781444305124409800
1962085,1975046,Host(NUMA 1),Device ?,32.00,1891.38,17.74,11246791343235170,11246791345126550,1781444305122670260,1781444305124561640
1962085,1975046,Host(NUMA 1),Device ?,24.00,1415.54,17.78,11246791345166030,11246791346581570,1781444305123308300,1781444305124723840
1962085,1975046,Host(NUMA 1),Device ?,8.00,456.48,18.38,11246791346619030,11246791347075510,1781444305124417500,1781444305124873980
1962085,1975046,Host(NUMA 1),Device ?,32.00,1861.94,18.02,11246791347109230,11246791348971170,1781444305123163230,1781444305125025170
1962085,1975046,Host(NUMA 1),Device ?,32.00,1879.13,17.86,11246791349007820,11246791350886950,1781444305123295470,1781444305125174600
1962085,1975046,Host(NUMA 1),Device ?,24.00,1434.82,17.54,11246791350928400,11246791352363220,1781444305123891160,1781444305125325980
1962085,1975046,Host(NUMA 1),Device ?,8.00,454.09,18.47,11246791352403790,11246791352857880,1781444305125020290,1781444305125474380
1962085,1975046,Host(NUMA 1),Device ?,32.00,1864.16,18.00,11246791352893750,11246791354757910,1781444305123760540,1781444305125624700
1962085,1975046,Host(NUMA 1),Device ?,32.00,1875.59,17.89,11246791354797460,11246791356673050,1781444305123898130,1781444305125773720
1962085,1975046,Host(NUMA 1),Device ?,24.00,1442.99,17.44,11246791356713200,11246791358156190,1781444305124477790,1781444305125920780
1962085,1975046,Host(NUMA 1),Device ?,8.00,557.99,15.03,11246791358200040,11246791358758030,1781444305125512550,1781444305126070540
1962085,1975046,Host(NUMA 1),Device ?,32.00,1873.51,17.91,11246791358797390,11246791360670900,1781444305124352830,1781444305126226340
1962085,1975046,Host(NUMA 1),Device ?,32.00,2192.82,15.30,11246791360716550,11246791362909370,1781444305124197430,1781444305126390250
1962085,1975046,Host(NUMA 1),Device ?,24.00,1436.71,17.52,11246791362952080,11246791364388790,1781444305125103020,1781444305126539730
1962085,1975046,Host(NUMA 1),Device ?,8.00,509.87,16.45,11246791364427510,11246791364937380,1781444305126179740,1781444305126689610
1962085,1975046,Host(NUMA 1),Device ?,32.00,1869.68,17.95,11246791364973030,11246791366842710,1781444305124969370,1781444305126839050
1962085,1975046,Host(NUMA 1),Device ?,32.00,1860.21,18.04,11246791366882140,11246791368742350,1781444305125156120,1781444305127016330
1962085,1975046,Host(NUMA 1),Device ?,24.00,1431.23,17.58,11246791368780620,11246791370211850,1781444305125741690,1781444305127172920
1962085,1975046,Host(NUMA 1),Device ?,8.00,475.56,17.64,11246791370249120,11246791370724680,1781444305126846860,1781444305127322420
1962085,1975046,Host(NUMA 1),Device ?,32.00,1875.44,17.89,11246791370760990,11246791372636430,1781444305125598100,1781444305127473540
1962085,1975046,Host(NUMA 1),Device ?,32.00,1872.15,17.92,11246791372678090,11246791374550240,1781444305125751040,1781444305127623190
1962085,1975046,Host(NUMA 1),Device ?,254.94,14110.91,18.94,11246791374594690,11246791388705600,1781444305113660100,1781444305127771010
1962085,1975046,Host(NUMA 1),Device ?,0.02,94.50,0.17,11246791388775680,11246791388870180,1781444305127825880,1781444305127920380
1962085,1975046,Host(NUMA 1),Device ?,0.02,66.13,0.25,11246791388908110,11246791388974240,1781444305128005780,1781444305128071910
1962085,1975046,Host(NUMA 1),Device ?,0.01,61.10,0.20,11246791389010240,11246791389071340,1781444305128161920,1781444305128223020
1962085,1975046,Host(NUMA 1),Device ?,0.02,69.18,0.24,11246791389106720,11246791389175900,1781444305128303920,1781444305128373100
1962085,1975046,Host(NUMA 1),Device ?,0.02,63.69,0.26,11246791389209560,11246791389273250,1781444305128470830,1781444305128534520
1962085,1975046,Host(NUMA 1),Device ?,0.02,60.82,0.27,11246791389306490,11246791389367310,1781444305128622180,1781444305128683000
1962085,1975046,Host(NUMA 1),Device ?,0.02,23.70,0.69,11246791389401330,11246791389425030,1781444305128810930,1781444305128834630
1962085,1975046,Host(NUMA 1),Device ?,0.02,19.17,0.85,11246791389454990,11246791389474160,1781444305128964770,1781444305128983940
1962085,1975046,Host(NUMA 1),Device ?,0.02,18.64,0.88,11246791389502160,11246791389520800,1781444305129115410,1781444305129134050
1962085,1975046,Host(NUMA 1),Device ?,0.02,18.16,0.90,11246791389546830,11246791389564990,1781444305129265650,1781444305129283810
1962085,1975046,Host(NUMA 1),Device ?,0.01,18.39,0.67,11246791389590750,11246791389609140,1781444305129416650,1781444305129435040
1962085,1975046,Host(NUMA 1),Device ?,0.02,16.69,0.98,11246791389633130,11246791389649820,1781444305129567740,1781444305129584430
1962085,1975046,Host(NUMA 1),Device ?,0.02,17.15,0.96,11246791389675350,11246791389692500,1781444305129716510,1781444305129733660
1962085,1975046,Host(NUMA 1),Device ?,0.02,16.42,1.00,11246791389717510,11246791389733930,1781444305129866190,1781444305129882610
1962085,1975046,Host(NUMA 1),Device ?,0.02,17.01,0.96,11246791389757660,11246791389774670,1781444305130035420,1781444305130052430
1962085,1975046,Host(NUMA 1),Device ?,0.02,16.12,1.02,11246791389797400,11246791389813520,1781444305130188440,1781444305130204560
1962085,1975046,Host(NUMA 1),Device ?,0.02,16.01,1.02,11246791389836330,11246791389852340,1781444305130339230,1781444305130355240
1962085,1975046,Host(NUMA 1),Device ?,0.02,16.99,0.96,11246791389875290,11246791389892280,1781444305130485460,1781444305130502450
1962085,1975046,Host(NUMA 1),Device ?,0.01,16.22,0.76,11246791389917080,11246791389933300,1781444305130634470,1781444305130650690
1962085,1975046,Host(NUMA 1),Device ?,0.02,17.10,0.96,11246791389957230,11246791389974330,1781444305130782530,1781444305130799630
1962085,1975046,Host(NUMA 1),Device ?,0.02,16.38,1.00,11246791389998090,11246791390014470,1781444305130942630,1781444305130959010
1962085,1975046,Host(NUMA 1),Device ?,0.02,16.06,1.02,11246791390038700,11246791390054760,1781444305131099730,1781444305131115790
1962085,1975046,Host(NUMA 1),Device ?,0.02,17.34,0.94,11246791390078450,11246791390095790,1781444305131249520,1781444305131266860
1962085,1975046,Host(NUMA 1),Device ?,0.02,16.08,1.02,11246791390118740,11246791390134820,1781444305131399740,1781444305131415820
1962085,1975046,Host(NUMA 1),Device ?,0.02,16.68,0.98,11246791390159310,11246791390175990,1781444305131549480,1781444305131566160
1962085,1975046,Host(NUMA 1),Device ?,0.02,16.64,0.98,11246791390200340,11246791390216980,1781444305131697640,1781444305131714280
1962085,1975046,Host(NUMA 1),Device ?,0.01,15.53,0.79,11246791390240080,11246791390255610,1781444305131847360,1781444305131862890
1962085,1975046,Host(NUMA 1),Device ?,0.02,16.72,0.98,11246791390278390,11246791390295110,1781444305131997020,1781444305132013740
1962085,1975046,Host(NUMA 1),Device ?,0.02,17.25,0.95,11246791390319660,11246791390336910,1781444305132146220,1781444305132163470
1962085,1975046,Host(NUMA 1),Device ?,0.02,16.74,0.98,11246791390361990,11246791390378730,1781444305132295590,1781444305132312330
1962085,1975046,Host(NUMA 1),Device ?,0.02,18.42,0.89,11246791390408160,11246791390426580,1781444305132442410,1781444305132460830
1962085,1975046,Host(NUMA 1),Device ?,0.02,17.60,0.93,11246791390457570,11246791390475170,1781444305132591190,1781444305132608790
1962085,1975046,Host(NUMA 1),Device ?,0.02,16.83,0.97,11246791390501300,11246791390518130,1781444305132739490,1781444305132756320
1962085,1975046,Host(NUMA 1),Device ?,0.02,16.55,0.99,11246791390548190,11246791390564740,1781444305132888460,1781444305132905010
1962085,1975046,Host(NUMA 1),Device ?,0.01,17.42,0.71,11246791390589420,11246791390606840,1781444305133050890,1781444305133068310
1962085,1975046,Host(NUMA 1),Device ?,0.02,18.00,0.91,11246791390632520,11246791390650520,1781444305133200670,1781444305133218670
1962085,1975046,Host(NUMA 1),Device ?,0.02,16.72,0.98,11246791390675540,11246791390692260,1781444305133364320,1781444305133381040
1962085,1975046,Host(NUMA 1),Device ?,0.02,17.35,0.94,11246791390717620,11246791390734970,1781444305133515000,1781444305133532350
1962085,1975046,Host(NUMA 1),Device ?,0.02,16.94,0.97,11246791390761750,11246791390778690,1781444305133666350,1781444305133683290
1962085,1975046,Host(NUMA 1),Device ?,0.02,17.54,0.93,11246791390804190,11246791390821730,1781444305133815740,1781444305133833280
1962085,1975046,Host(NUMA 1),Device ?,0.02,18.64,0.88,11246791390847750,11246791390866390,1781444305133964720,1781444305133983360
1962085,1975046,Host(NUMA 1),Device ?,0.02,17.42,0.94,11246791390907870,11246791390925290,1781444305134115870,1781444305134133290
1962085,1975046,Host(NUMA 1),Device ?,0.01,20.24,0.61,11246791390952920,11246791390973160,1781444305134263340,1781444305134283580
1962085,1975046,Host(NUMA 1),Device ?,0.02,17.13,0.96,11246791390999390,11246791391016520,1781444305134413870,1781444305134431000
1962085,1975046,Host(NUMA 1),Device ?,0.02,17.01,0.96,11246791391043530,11246791391060540,1781444305134562500,1781444305134579510
1962085,1975046,Host(NUMA 1),Device ?,0.02,16.90,0.97,11246791391085980,11246791391102880,1781444305134713460,1781444305134730360
1962085,1975046,Host(NUMA 1),Device ?,0.02,16.24,1.01,11246791391128470,11246791391144710,1781444305134862840,1781444305134879080
1962085,1975046,Host(NUMA 1),Device ?,0.02,16.03,1.02,11246791391168220,11246791391184250,1781444305135030970,1781444305135047000
1962085,1975046,Host(NUMA 1),Device ?,0.02,18.05,0.91,11246791391208030,11246791391226080,1781444305135179880,1781444305135197930
1962085,1975046,Host(NUMA 1),Device ?,0.02,16.36,1.00,11246791391250920,11246791391267280,1781444305135345620,1781444305135361980
1962085,1975046,Host(NUMA 1),Device ?,0.01,17.56,0.70,11246791391291810,11246791391309370,1781444305135498710,1781444305135516270
1962085,1975046,Host(NUMA 1),Device ?,0.02,17.93,0.91,11246791391333810,11246791391351740,1781444305135647970,1781444305135665900
1962085,1975046,Host(NUMA 1),Device ?,0.02,17.18,0.95,11246791391376600,11246791391393780,1781444305135799340,1781444305135816520
1962085,1975046,Host(NUMA 1),Device ?,0.02,15.65,1.05,11246791391418810,11246791391434460,1781444305135951480,1781444305135967130
1962085,1975046,Host(NUMA 1),Device ?,0.02,18.19,0.90,11246791391458360,11246791391476550,1781444305136109060,1781444305136127250
1962085,1975046,Host(NUMA 1),Device ?,0.02,17.32,0.95,11246791391501040,11246791391518360,1781444305136262460,1781444305136279780
1962085,1975046,Host(NUMA 1),Device ?,0.02,14.61,1.12,11246791391541560,11246791391556170,1781444305136415740,1781444305136430350
1962085,1975046,Host(NUMA 1),Device ?,0.02,16.69,0.98,11246791391579720,11246791391596410,1781444305136565110,1781444305136581800
1962085,1975046,Host(NUMA 1),Device ?,0.01,20.67,0.59,11246791391620360,11246791391641030,1781444305136711600,1781444305136732270
1962085,1975046,Host(NUMA 1),Device ?,0.02,16.63,0.99,11246791391665540,11246791391682170,1781444305136864670,1781444305136881300
1962085,1975046,Host(NUMA 1),Device ?,0.02,17.66,0.93,11246791391712360,11246791391730020,1781444305137011040,1781444305137028700
1962085,1975046,Host(NUMA 1),Device ?,0.02,16.25,1.01,11246791391753720,11246791391769970,1781444305137163560,1781444305137179810
1962085,1975046,Host(NUMA 1),Device ?,0.02,18.11,0.90,11246791391794590,11246791391812700,1781444305137311340,1781444305137329450
1962085,1975046,Host(NUMA 1),Device ?,0.02,15.59,1.05,11246791391836000,11246791391851590,1781444305137464790,1781444305137480380
1962085,1975046,Host(NUMA 1),Device ?,0.02,17.82,0.92,11246791391875400,11246791391893220,1781444305137613510,1781444305137631330
1962085,1975046,Host(NUMA 1),Device ?,0.02,16.94,0.97,11246791391917690,11246791391934630,1781444305137766410,1781444305137783350
1962085,1975046,Host(NUMA 1),Device ?,0.01,15.70,0.78,11246791391959690,11246791391975390,1781444305137915500,1781444305137931200
1962085,1975046,Host(NUMA 1),Device ?,0.02,27.31,0.60,11246791391998720,11246791392026030,1781444305138064440,1781444305138091750
1962085,1975046,Host(NUMA 1),Device ?,0.02,18.68,0.88,11246791392052180,11246791392070860,1781444305138224280,1781444305138242960
1962085,1975046,Host(NUMA 1),Device ?,0.02,15.71,1.04,11246791392098060,11246791392113770,1781444305138378300,1781444305138394010
1962085,1975046,Host(NUMA 1),Device ?,0.02,17.88,0.92,11246791392138130,11246791392156010,1781444305138525290,1781444305138543170
1962085,1975046,Host(NUMA 1),Device ?,0.02,17.85,0.92,11246791392182090,11246791392199940,1781444305138675730,1781444305138693580
1962085,1975046,Host(NUMA 1),Device ?,0.02,16.64,0.98,11246791392224900,11246791392241540,1781444305138826340,1781444305138842980
1962085,1975046,Host(NUMA 1),Device ?,0.02,17.64,0.93,11246791392266340,11246791392283980,1781444305139026590,1781444305139044230
1962085,1975046,Host(NUMA 1),Device ?,0.01,17.64,0.70,11246791392309120,11246791392326760,1781444305139194590,1781444305139212230
1962085,1975046,Host(NUMA 1),Device ?,0.02,18.95,0.86,11246791392351390,11246791392370340,1781444305139345130,1781444305139364080
1962085,1975046,Host(NUMA 1),Device ?,0.02,17.91,0.91,11246791392397070,11246791392414980,1781444305139496940,1781444305139514850
1962085,1975046,Host(NUMA 1),Device ?,0.02,16.44,1.00,11246791392441280,11246791392457720,1781444305139650030,1781444305139666470
1962085,1975046,Host(NUMA 1),Device ?,0.02,19.96,0.82,11246791392483060,11246791392503020,1781444305139797260,1781444305139817220
1962085,1975046,Host(NUMA 1),Device ?,0.02,17.65,0.93,11246791392530240,11246791392547890,1781444305139948760,1781444305139966410
1962085,1975046,Host(NUMA 1),Device ?,0.02,16.87,0.97,11246791392574580,11246791392591450,1781444305140102620,1781444305140119490
1962085,1975046,Host(NUMA 1),Device ?,0.02,17.18,0.95,11246791392616250,11246791392633430,1781444305140253290,1781444305140270470
1962085,1975046,Host(NUMA 1),Device ?,0.01,17.66,0.70,11246791392658670,11246791392676330,1781444305140402740,1781444305140420400
1962085,1975046,Host(NUMA 1),Device ?,0.02,17.44,0.94,11246791392699940,11246791392717380,1781444305140551750,1781444305140569190
1962085,1975046,Host(NUMA 1),Device ?,0.02,17.36,0.94,11246791392740820,11246791392758180,1781444305140700860,1781444305140718220
1962085,1975046,Host(NUMA 1),Device ?,0.02,20.70,0.79,11246791392784460,11246791392805160,1781444305140860840,1781444305140881540
1962085,1975046,Host(NUMA 1),Device ?,0.02,17.83,0.92,11246791392830410,11246791392848240,1781444305141015280,1781444305141033110
1962085,1975046,Host(NUMA 1),Device ?,0.02,20.74,0.79,11246791392873690,11246791392894430,1781444305141164420,1781444305141185160
1962085,1975046,Host(NUMA 1),Device ?,0.02,16.62,0.99,11246791392918580,11246791392935200,1781444305141321620,1781444305141338240
1962085,1975046,Host(NUMA 1),Device ?,0.02,16.54,0.99,11246791392959550,11246791392976090,1781444305141472140,1781444305141488680
1962085,1975046,Host(NUMA 1),Device ?,0.01,16.73,0.73,11246791392999640,11246791393016370,1781444305141620340,1781444305141637070
1962085,1975046,Host(NUMA 1),Device ?,0.02,19.81,0.83,11246791393041760,11246791393061570,1781444305141770190,1781444305141790000
1962085,1975046,Host(NUMA 1),Device ?,0.02,16.08,1.02,11246791393086810,11246791393102890,1781444305141925170,1781444305141941250
1962085,1975046,Host(NUMA 1),Device ?,0.02,16.65,0.98,11246791393127360,11246791393144010,1781444305142075550,1781444305142092200
1962085,1975046,Host(NUMA 1),Device ?,0.02,17.37,0.94,11246791393168420,11246791393185790,1781444305142235240,1781444305142252610
1962085,1975046,Host(NUMA 1),Device ?,0.02,15.09,1.09,11246791393208130,11246791393223220,1781444305142388310,1781444305142403400
1962085,1975046,Host(NUMA 1),Device ?,0.02,16.39,1.00,11246791393249820,11246791393266210,1781444305142537140,1781444305142553530
1962085,1975046,Host(NUMA 1),Device ?,0.02,17.13,0.96,11246791393291370,11246791393308500,1781444305142684960,1781444305142702090
1962085,1975046,Host(NUMA 1),Device ?,0.01,17.65,0.70,11246791393334690,11246791393352340,1781444305142835890,1781444305142853540
1962085,1975046,Host(NUMA 1),Device ?,0.02,20.06,0.82,11246791393376990,11246791393397050,1781444305143019140,1781444305143039200
1962085,1975046,Host(NUMA 1),Device ?,0.02,16.46,1.00,11246791393422530,11246791393438990,1781444305143175330,1781444305143191790
1962085,1975046,Host(NUMA 1),Device ?,0.02,17.24,0.95,11246791393464700,11246791393481940,1781444305143327460,1781444305143344700
1962085,1975046,Host(NUMA 1),Device ?,0.02,16.34,1.00,11246791393507560,11246791393523900,1781444305143478570,1781444305143494910
1962085,1975046,Host(NUMA 1),Device ?,0.02,16.72,0.98,11246791393549060,11246791393565780,1781444305143632120,1781444305143648840
1962085,1975046,Host(NUMA 1),Device ?,0.02,17.36,0.94,11246791393590690,11246791393608050,1781444305143782960,1781444305143800320
1962085,1975046,Host(NUMA 1),Device ?,0.02,15.40,1.06,11246791393633290,11246791393648690,1781444305143935250,1781444305143950650
1962085,1975046,Host(NUMA 1),Device ?,0.01,16.67,0.74,11246791393673340,11246791393690010,1781444305144084220,1781444305144100890
1962085,1975046,Host(NUMA 1),Device ?,0.02,18.20,0.90,11246791393713170,11246791393731370,1781444305144233190,1781444305144251390
1962085,1975046,Host(NUMA 1),Device ?,0.02,16.43,1.00,11246791393756880,11246791393773310,1781444305144383470,1781444305144399900
1962085,1975046,Host(NUMA 1),Device ?,0.02,15.82,1.04,11246791393798710,11246791393814530,1781444305144534580,1781444305144550400
1962085,1975046,Host(NUMA 1),Device ?,0.02,17.18,0.95,11246791393840280,11246791393857460,1781444305144683840,1781444305144701020
1962085,1975046,Host(NUMA 1),Device ?,0.02,16.64,0.98,11246791393881560,11246791393898200,1781444305144834030,1781444305144850670
1962085,1975046,Host(NUMA 1),Device ?,0.02,16.21,1.01,11246791393922070,11246791393938280,1781444305144984320,1781444305145000530
1962085,1975046,Host(NUMA 1),Device ?,0.02,21.96,0.75,11246791393962000,11246791393983960,1781444305145127710,1781444305145149670
1962085,1975046,Host(NUMA 1),Device ?,0.01,17.19,0.71,11246791394009030,11246791394026220,1781444305145294250,1781444305145311440
1962085,1975046,Host(NUMA 1),Device ?,0.02,18.13,0.90,11246791394054760,11246791394072890,1781444305145445100,1781444305145463230
1962085,1975046,Host(NUMA 1),Device ?,0.02,17.49,0.94,11246791394098060,11246791394115550,1781444305145597540,1781444305145615030
1962085,1975046,Host(NUMA 1),Device ?,0.02,17.71,0.93,11246791394142940,11246791394160650,1781444305145749060,1781444305145766770
1962085,1975046,Host(NUMA 1),Device ?,0.02,17.03,0.96,11246791394186240,11246791394203270,1781444305145900300,1781444305145917330
1962085,1975046,Host(NUMA 1),Device ?,0.02,17.07,0.96,11246791394227770,11246791394244840,1781444305146051220,1781444305146068290
1962085,1975046,Host(NUMA 1),Device ?,0.02,16.19,1.01,11246791394268970,11246791394285160,1781444305146214030,1781444305146230220
1962085,1975046,Host(NUMA 1),Device ?,0.02,18.27,0.90,11246791394310090,11246791394328360,1781444305146364680,1781444305146382950
1962085,1975046,Host(NUMA 1),Device ?,0.01,17.74,0.69,11246791394354060,11246791394371800,1781444305146517710,1781444305146535450
1962085,1975046,Host(NUMA 1),Device ?,0.02,16.66,0.98,11246791394398450,11246791394415110,1781444305146670700,1781444305146687360
1962085,1975046,Host(NUMA 1),Device ?,0.02,15.34,1.07,11246791394439900,11246791394455240,1781444305146821300,1781444305146836640
1962085,1975046,Host(NUMA 1),Device ?,0.02,18.33,0.89,11246791394481360,11246791394499690,1781444305146979890,1781444305146998220
1962085,1975046,Host(NUMA 1),Device ?,0.02,17.97,0.91,11246791394526030,11246791394544000,1781444305147135670,1781444305147153640
1962085,1975046,Host(NUMA 1),Device ?,0.02,15.78,1.04,11246791394567490,11246791394583270,1781444305147290360,1781444305147306140
1962085,1975046,Host(NUMA 1),Device ?,0.02,18.05,0.91,11246791394608860,11246791394626910,1781444305147435860,1781444305147453910
1962085,1975046,Host(NUMA 1),Device ?,0.02,17.52,0.94,11246791394652120,11246791394669640,1781444305147585800,1781444305147603320
1962085,1975046,Host(NUMA 1),Device ?,0.01,17.31,0.71,11246791394694620,11246791394711930,1781444305147751280,1781444305147768590
1962085,1975046,Host(NUMA 1),Device ?,0.02,16.80,0.98,11246791394736340,11246791394753140,1781444305147904130,1781444305147920930
1962085,1975046,Host(NUMA 1),Device ?,0.02,17.95,0.91,11246791394779080,11246791394797030,1781444305148052430,1781444305148070380
1962085,1975046,Host(NUMA 1),Device ?,0.02,15.98,1.03,11246791394823490,11246791394839470,1781444305148205090,1781444305148221070
1962085,1975046,Host(NUMA 1),Device ?,0.02,18.08,0.91,11246791394862700,11246791394880780,1781444305148363990,1781444305148382070
1962085,1975046,Host(NUMA 1),Device ?,0.02,17.13,0.96,11246791394904890,11246791394922020,1781444305148521300,1781444305148538430
1962085,1975046,Host(NUMA 1),Device ?,0.02,16.42,1.00,11246791394945770,11246791394962190,1781444305148673420,1781444305148689840
1962085,1975046,Host(NUMA 1),Device ?,0.02,16.25,1.01,11246791394985450,11246791395001700,1781444305148822430,1781444305148838680
1962085,1975046,Host(NUMA 1),Device ?,0.01,17.03,0.72,11246791395025630,11246791395042660,1781444305148975480,1781444305148992510
1962085,1975046,Host(NUMA 1),Device ?,0.02,15.95,1.03,11246791395066400,11246791395082350,1781444305149127040,1781444305149142990
1962085,1975046,Host(NUMA 1),Device ?,0.02,16.59,0.99,11246791395106020,11246791395122610,1781444305149277170,1781444305149293760
1962085,1975046,Host(NUMA 1),Device ?,0.02,17.00,0.96,11246791395146230,11246791395163230,1781444305149427490,1781444305149444490
1962085,1975046,Host(NUMA 1),Device ?,0.02,16.70,0.98,11246791395187190,11246791395203890,1781444305149576490,1781444305149593190
1962085,1975046,Host(NUMA 1),Device ?,0.02,16.70,0.98,11246791395228370,11246791395245070,1781444305149725610,1781444305149742310
1962085,1975046,Host(NUMA 1),Device ?,0.02,16.16,1.01,11246791395269990,11246791395286150,1781444305149874190,1781444305149890350
1962085,1975046,Host(NUMA 1),Device ?,0.02,15.90,1.03,11246791395310050,11246791395325950,1781444305150025790,1781444305150041690
1962085,1975046,Host(NUMA 1),Device ?,0.01,16.95,0.72,11246791395349520,11246791395366470,1781444305150175180,1781444305150192130
1962085,1975046,Host(NUMA 1),Device ?,0.02,16.48,0.99,11246791395391220,11246791395407700,1781444305150324230,1781444305150340710
1962085,1975046,Host(NUMA 1),Device ?,0.02,16.19,1.01,11246791395430740,11246791395446930,1781444305150474390,1781444305150490580
1962085,1975046,Host(NUMA 1),Device ?,0.02,16.16,1.01,11246791395471200,11246791395487360,1781444305150623560,1781444305150639720
1962085,1975046,Host(NUMA 1),Device ?,0.02,17.94,0.91,11246791395511900,11246791395529840,1781444305150775480,1781444305150793420
1962085,1975046,Host(NUMA 1),Device ?,0.02,18.01,0.91,11246791395557620,11246791395575630,1781444305150951980,1781444305150969990
1962085,1975046,Host(NUMA 1),Device ?,0.02,16.67,0.98,11246791395600800,11246791395617470,1781444305151112000,1781444305151128670
1962085,1975046,Host(NUMA 1),Device ?,0.02,17.37,0.94,11246791395643060,11246791395660430,1781444305151261350,1781444305151278720
1962085,1975046,Host(NUMA 1),Device ?,0.01,17.08,0.72,11246791395685740,11246791395702820,1781444305151425600,1781444305151442680
1962085,1975046,Host(NUMA 1),Device ?,0.02,16.59,0.99,11246791395728470,11246791395745060,1781444305151588210,1781444305151604800
1962085,1975046,Host(NUMA 1),Device ?,0.02,23.73,0.69,11246791395771060,11246791395794790,1781444305151747600,1781444305151771330
1962085,1975046,Host(NUMA 1),Device ?,0.02,16.04,1.02,11246791395819400,11246791395835440,1781444305151905890,1781444305151921930
1962085,1975046,Host(NUMA 1),Device ?,0.02,20.09,0.82,11246791395860640,11246791395880730,1781444305152053070,1781444305152073160
1962085,1975046,Host(NUMA 1),Device ?,0.02,17.19,0.95,11246791395905960,11246791395923150,1781444305152204590,1781444305152221780
1962085,1975046,Host(NUMA 1),Device ?,0.02,15.80,1.04,11246791395947220,11246791395963020,1781444305152356950,1781444305152372750
1962085,1975046,Host(NUMA 1),Device ?,0.02,24.25,0.68,11246791395987440,11246791396011690,1781444305152497730,1781444305152521980
1962085,1975046,Host(NUMA 1),Device ?,0.01,18.03,0.68,11246791396037820,11246791396055850,1781444305152664470,1781444305152682500
1962085,1975046,Host(NUMA 1),Device ?,0.02,18.54,0.88,11246791396081700,11246791396100240,1781444305152813170,1781444305152831710
1962085,1975046,Host(NUMA 1),Device ?,0.02,17.13,0.96,11246791396125740,11246791396142870,1781444305152964530,1781444305152981660
1962085,1975046,Host(NUMA 1),Device ?,0.02,17.96,0.91,11246791396168620,11246791396186580,1781444305153112500,1781444305153130460
1962085,1975046,Host(NUMA 1),Device ?,0.02,16.49,0.99,11246791396211110,11246791396227600,1781444305153267300,1781444305153283790
1962085,1975046,Host(NUMA 1),Device ?,0.02,17.32,0.95,11246791396251330,11246791396268650,1781444305153416740,1781444305153434060
1962085,1975046,Host(NUMA 1),Device ?,0.02,17.59,0.93,11246791396292110,11246791396309700,1781444305153566100,1781444305153583690
1962085,1975046,Host(NUMA 1),Device ?,0.02,17.52,0.94,11246791396334680,11246791396352200,1781444305153715430,1781444305153732950
1962085,1975046,Host(NUMA 1),Device ?,0.01,16.43,0.75,11246791396376450,11246791396392880,1781444305153868520,1781444305153884950
1962085,1975046,Host(NUMA 1),Device ?,0.02,16.84,0.97,11246791396416240,11246791396433080,1781444305154017540,1781444305154034380
1962085,1975046,Host(NUMA 1),Device ?,0.02,17.00,0.96,11246791396457000,11246791396474000,1781444305154167740,1781444305154184740
1962085,1975046,Host(NUMA 1),Device ?,0.02,16.70,0.98,11246791396498770,11246791396515470,1781444305154317690,1781444305154334390
1962085,1975046,Host(NUMA 1),Device ?,0.02,16.67,0.98,11246791396539320,11246791396555990,1781444305154467250,1781444305154483920
1962085,1975046,Host(NUMA 1),Device ?,0.02,17.17,0.95,11246791396581830,11246791396599000,1781444305154630060,1781444305154647230
1962085,1975046,Host(NUMA 1),Device ?,0.02,16.80,0.98,11246791396624820,11246791396641620,1781444305154781530,1781444305154798330
1962085,1975046,Host(NUMA 1),Device ?,0.02,16.26,1.01,11246791396666310,11246791396682570,1781444305154947200,1781444305154963460
1962085,1975046,Host(NUMA 1),Device ?,0.01,17.36,0.71,11246791396708490,11246791396725850,1781444305155106250,1781444305155123610
1962085,1975046,Host(NUMA 1),Device ?,0.02,18.30,0.90,11246791396749850,11246791396768150,1781444305155260710,1781444305155279010
1962085,1975046,Host(NUMA 1),Device ?,0.02,16.62,0.99,11246791396793540,11246791396810160,1781444305155413180,1781444305155429800
1962085,1975046,Host(NUMA 1),Device ?,0.02,19.72,0.83,11246791396837300,11246791396857020,1781444305155561200,1781444305155580920
1962085,1975046,Host(NUMA 1),Device ?,0.02,16.63,0.99,11246791396883710,11246791396900340,1781444305155715100,1781444305155731730
1962085,1975046,Host(NUMA 1),Device ?,0.02,17.72,0.92,11246791396924170,11246791396941890,1781444305155862140,1781444305155879860
1962085,1975046,Host(NUMA 1),Device ?,0.02,16.99,0.96,11246791396965970,11246791396982960,1781444305156012460,1781444305156029450
1962085,1975046,Host(NUMA 1),Device ?,0.02,17.87,0.92,11246791397007910,11246791397025780,1781444305156158480,1781444305156176350
1962085,1975046,Host(NUMA 1),Device ?,0.01,17.27,0.71,11246791397051340,11246791397068610,1781444305156308000,1781444305156325270
1962085,1975046,Host(NUMA 1),Device ?,0.02,17.19,0.95,11246791397091950,11246791397109140,1781444305156459280,1781444305156476470
1962085,1975046,Host(NUMA 1),Device ?,0.02,17.84,0.92,11246791397139380,11246791397157220,1781444305156609760,1781444305156627600
1962085,1975046,Host(NUMA 1),Device ?,0.02,17.10,0.96,11246791397180080,11246791397197180,1781444305156763100,1781444305156780200
1962085,1975046,Host(NUMA 1),Device ?,0.02,18.62,0.88,11246791397222650,11246791397241270,1781444305156910920,1781444305156929540
1962085,1975046,Host(NUMA 1),Device ?,0.02,16.96,0.97,11246791397265130,11246791397282090,1781444305157074790,1781444305157091750
1962085,1975046,Host(NUMA 1),Device ?,0.02,17.47,0.94,11246791397306400,11246791397323870,1781444305157226160,1781444305157243630
1962085,1975046,Host(NUMA 1),Device ?,0.02,18.41,0.89,11246791397349140,11246791397367550,1781444305157391250,1781444305157409660
1962085,1975046,Host(NUMA 1),Device ?,0.01,19.09,0.64,11246791397393410,11246791397412500,1781444305157541390,1781444305157560480
1962085,1975046,Host(NUMA 1),Device ?,0.02,19.51,0.84,11246791397436840,11246791397456350,1781444305157701210,1781444305157720720
1962085,1975046,Host(NUMA 1),Device ?,0.02,16.98,0.96,11246791397481170,11246791397498150,1781444305157852950,1781444305157869930
1962085,1975046,Host(NUMA 1),Device ?,0.02,15.87,1.03,11246791397522350,11246791397538220,1781444305158003680,1781444305158019550
1962085,1975046,Host(NUMA 1),Device ?,0.02,18.05,0.91,11246791397562960,11246791397581010,1781444305158149780,1781444305158167830
1962085,1975046,Host(NUMA 1),Device ?,0.02,15.65,1.05,11246791397605220,11246791397620870,1781444305158300430,1781444305158316080
1962085,1975046,Host(NUMA 1),Device ?,0.02,18.43,0.89,11246791397644470,11246791397662900,1781444305158448420,1781444305158466850
1962085,1975046,Host(NUMA 1),Device ?,0.02,17.72,0.92,11246791397689040,11246791397706760,1781444305158596560,1781444305158614280
1962085,1975046,Host(NUMA 1),Device ?,0.01,17.85,0.69,11246791397733270,11246791397751120,1781444305158743970,1781444305158761820
1962085,1975046,Host(NUMA 1),Device ?,0.02,17.73,0.92,11246791397776730,11246791397794460,1781444305158893450,1781444305158911180
1962085,1975046,Host(NUMA 1),Device ?,0.02,15.98,1.03,11246791397818670,11246791397834650,1781444305159060010,1781444305159075990
1962085,1975046,Host(NUMA 1),Device ?,0.02,18.21,0.90,11246791397860050,11246791397878260,1781444305159206300,1781444305159224510
1962085,1975046,Host(NUMA 1),Device ?,0.02,16.74,0.98,11246791397902520,11246791397919260,1781444305159354500,1781444305159371240
1962085,1975046,Host(NUMA 1),Device ?,0.02,16.48,0.99,11246791397943840,11246791397960320,1781444305159502750,1781444305159519230
1962085,1975046,Host(NUMA 1),Device ?,0.02,17.30,0.95,11246791397984870,11246791398002170,1781444305159650060,1781444305159667360
1962085,1975046,Host(NUMA 1),Device ?,0.02,17.12,0.96,11246791398026090,11246791398043210,1781444305159801480,1781444305159818600
1962085,1975046,Host(NUMA 1),Device ?,0.01,18.07,0.68,11246791398066880,11246791398084950,1781444305159952980,1781444305159971050
1962085,1975046,Host(NUMA 1),Device ?,0.02,18.06,0.91,11246791398109540,11246791398127600,1781444305160102590,1781444305160120650
1962085,1975046,Host(NUMA 1),Device ?,0.02,17.70,0.93,11246791398151090,11246791398168790,1781444305160252410,1781444305160270110
1962085,1975046,Host(NUMA 1),Device ?,0.02,16.68,0.98,11246791398199440,11246791398216120,1781444305160400200,1781444305160416880
1962085,1975046,Host(NUMA 1),Device ?,0.02,15.95,1.03,11246791398239540,11246791398255490,1781444305160551710,1781444305160567660
1962085,1975046,Host(NUMA 1),Device ?,0.02,16.34,1.00,11246791398279290,11246791398295630,1781444305160714830,1781444305160731170
1962085,1975046,Host(NUMA 1),Device ?,0.02,16.10,1.02,11246791398319740,11246791398335840,1781444305160866100,1781444305160882200
1962085,1975046,Host(NUMA 1),Device ?,0.02,16.42,1.00,11246791398359000,11246791398375420,1781444305161014780,1781444305161031200
1962085,1975046,Host(NUMA 1),Device ?,0.01,18.79,0.65,11246791398401290,11246791398420080,1781444305161162310,1781444305161181100
1962085,1975046,Host(NUMA 1),Device ?,0.02,16.77,0.98,11246791398446140,11246791398462910,1781444305161313410,1781444305161330180
1962085,1975046,Host(NUMA 1),Device ?,0.02,16.46,1.00,11246791398488590,11246791398505050,1781444305161464110,1781444305161480570
1962085,1975046,Host(NUMA 1),Device ?,0.02,17.30,0.95,11246791398529540,11246791398546840,1781444305161612790,1781444305161630090
1962085,1975046,Host(NUMA 1),Device ?,0.02,17.04,0.96,11246791398571850,11246791398588890,1781444305161761950,1781444305161778990
1962085,1975046,Host(NUMA 1),Device ?,0.02,15.86,1.03,11246791398613000,11246791398628860,1781444305161912500,1781444305161928360
1962085,1975046,Host(NUMA 1),Device ?,0.02,16.11,1.02,11246791398653760,11246791398669870,1781444305162061040,1781444305162077150
1962085,1975046,Host(NUMA 1),Device ?,0.02,16.80,0.98,11246791398692800,11246791398709600,1781444305162222010,1781444305162238810
1961938,1977428,Host(NUMA 4),Device ?,24.00,1547.73,16.26,11246791385947130,11246791387494860,1781444305160864570,1781444305162412300
1961938,1977428,Host(NUMA 4),Device ?,8.00,731.46,11.47,11246791387536320,11246791388267780,1781444305161833580,1781444305162565040
1961938,1977428,Host(NUMA 4),Device ?,32.00,2063.62,16.26,11246791388318830,11246791390382450,1781444305160654820,1781444305162718440
1961938,1977428,Host(NUMA 4),Device ?,32.00,2004.66,16.74,11246791390432310,11246791392436970,1781444305160863860,1781444305162868520
1961938,1977428,Host(NUMA 4),Device ?,24.00,1593.87,15.79,11246791392491240,11246791394085110,1781444305161438260,1781444305163032130
1961938,1977428,Host(NUMA 4),Device ?,8.00,617.88,13.58,11246791394133100,11246791394750980,1781444305162569480,1781444305163187360
1961938,1977428,Host(NUMA 4),Device ?,32.00,2018.08,16.63,11246791394794630,11246791396812710,1781444305161323620,1781444305163341700
1961938,1977428,Host(NUMA 4),Device ?,32.00,1996.55,16.81,11246791396864490,11246791398861040,1781444305161494500,1781444305163491050
1961938,1977428,Host(NUMA 4),Device ?,24.00,1564.58,16.08,11246791398904530,11246791400469110,1781444305162075520,1781444305163640100
1961938,1977428,Host(NUMA 4),Device ?,8.00,748.88,11.20,11246791400515500,11246791401264380,1781444305163052500,1781444305163801380
1961938,1977428,Host(NUMA 4),Device ?,32.00,2059.95,16.29,11246791401310440,11246791403370390,1781444305161892560,1781444305163952510
1961938,1977428,Host(NUMA 4),Device ?,32.00,2066.30,16.24,11246791403420380,11246791405486680,1781444305162037010,1781444305164103310
1961938,1977428,Host(NUMA 4),Device ?,254.94,14347.04,18.63,11246791405536370,11246791419883410,1781444305149904380,1781444305164251420
1961938,1977428,Host(NUMA 4),Device ?,0.02,28.17,0.58,11246791419933680,11246791419961850,1781444305164388910,1781444305164417080
1961938,1977428,Host(NUMA 4),Device ?,0.02,77.60,0.21,11246791420011030,11246791420088630,1781444305164492650,1781444305164570250
1961938,1977428,Host(NUMA 4),Device ?,0.01,53.99,0.23,11246791420132490,11246791420186480,1781444305164665690,1781444305164719680
1961938,1977428,Host(NUMA 4),Device ?,0.02,59.62,0.27,11246791420229060,11246791420288680,1781444305164813470,1781444305164873090
1961938,1977428,Host(NUMA 4),Device ?,0.02,56.35,0.29,11246791420332080,11246791420388430,1781444305164966840,1781444305165023190
1961938,1977428,Host(NUMA 4),Device ?,0.02,53.07,0.31,11246791420428830,11246791420481900,1781444305165114890,1781444305165167960
1961938,1977428,Host(NUMA 4),Device ?,0.02,17.88,0.92,11246791420519030,11246791420536910,1781444305165300320,1781444305165318200
1961938,1977428,Host(NUMA 4),Device ?,0.02,17.68,0.93,11246791420569730,11246791420587410,1781444305165448490,1781444305165466170
1961938,1977428,Host(NUMA 4),Device ?,0.02,18.21,0.90,11246791420624200,11246791420642410,1781444305165596590,1781444305165614800
1961938,1977428,Host(NUMA 4),Device ?,0.02,18.06,0.91,11246791420678900,11246791420696960,1781444305165744740,1781444305165762800
1961938,1977428,Host(NUMA 4),Device ?,0.01,20.34,0.60,11246791420735180,11246791420755520,1781444305165890630,1781444305165910970
1961938,1977428,Host(NUMA 4),Device ?,0.02,18.71,0.88,11246791420789650,11246791420808360,1781444305166040470,1781444305166059180
1961938,1977428,Host(NUMA 4),Device ?,0.02,18.56,0.88,11246791420843810,11246791420862370,1781444305166189080,1781444305166207640
1961938,1977428,Host(NUMA 4),Device ?,0.02,17.74,0.92,11246791420897390,11246791420915130,1781444305166338990,1781444305166356730
1961938,1977428,Host(NUMA 4),Device ?,0.02,18.34,0.89,11246791420951260,11246791420969600,1781444305166488500,1781444305166506840
1961938,1977428,Host(NUMA 4),Device ?,0.02,19.12,0.86,11246791421003740,11246791421022860,1781444305166635070,1781444305166654190
1961938,1977428,Host(NUMA 4),Device ?,0.02,18.17,0.90,11246791421057120,11246791421075290,1781444305166797310,1781444305166815480
1961938,1977428,Host(NUMA 4),Device ?,0.02,18.66,0.88,11246791421109870,11246791421128530,1781444305166983880,1781444305167002540
1961938,1977428,Host(NUMA 4),Device ?,0.01,19.75,0.62,11246791421164470,11246791421184220,1781444305167140350,1781444305167160100
1961938,1977428,Host(NUMA 4),Device ?,0.02,22.13,0.74,11246791421217750,11246791421239880,1781444305167289370,1781444305167311500
1961938,1977428,Host(NUMA 4),Device ?,0.02,18.21,0.90,11246791421276460,11246791421294670,1781444305167441150,1781444305167459360
1961938,1977428,Host(NUMA 4),Device ?,0.02,18.51,0.89,11246791421327620,11246791421346130,1781444305167589650,1781444305167608160
1961938,1977428,Host(NUMA 4),Device ?,0.02,21.26,0.77,11246791421378620,11246791421399880,1781444305167750520,1781444305167771780
1961938,1977428,Host(NUMA 4),Device ?,0.02,17.96,0.91,11246791421431250,11246791421449210,1781444305167907130,1781444305167925090
1961938,1977428,Host(NUMA 4),Device ?,0.02,22.26,0.74,11246791421483190,11246791421505450,1781444305168050680,1781444305168072940
1961938,1977428,Host(NUMA 4),Device ?,0.02,18.08,0.91,11246791421539030,11246791421557110,1781444305168204830,1781444305168222910
1961938,1977428,Host(NUMA 4),Device ?,0.01,16.72,0.73,11246791421589980,11246791421606700,1781444305168354600,1781444305168371320
1961938,1977428,Host(NUMA 4),Device ?,0.02,15.83,1.03,11246791421639400,11246791421655230,1781444305168502700,1781444305168518530
1961938,1977428,Host(NUMA 4),Device ?,0.02,18.58,0.88,11246791421690570,11246791421709150,1781444305168649580,1781444305168668160
1961938,1977428,Host(NUMA 4),Device ?,0.02,18.59,0.88,11246791421745090,11246791421763680,1781444305168798560,1781444305168817150
1961938,1977428,Host(NUMA 4),Device ?,0.02,18.28,0.90,11246791421796520,11246791421814800,1781444305168948470,1781444305168966750
1961938,1977428,Host(NUMA 4),Device ?,0.02,18.53,0.88,11246791421850190,11246791421868720,1781444305169095190,1781444305169113720
1961938,1977428,Host(NUMA 4),Device ?,0.02,17.82,0.92,11246791421902620,11246791421920440,1781444305169243530,1781444305169261350
1961938,1977428,Host(NUMA 4),Device ?,0.02,18.40,0.89,11246791421955740,11246791421974140,1781444305169392640,1781444305169411040
1961938,1977428,Host(NUMA 4),Device ?,0.01,18.22,0.67,11246791422007130,11246791422025350,1781444305169542310,1781444305169560530
1961938,1977428,Host(NUMA 4),Device ?,0.02,19.96,0.82,11246791422056360,11246791422076320,1781444305169690310,1781444305169710270
1961938,1977428,Host(NUMA 4),Device ?,0.02,18.08,0.91,11246791422108760,11246791422126840,1781444305169851690,1781444305169869770
1961938,1977428,Host(NUMA 4),Device ?,0.02,17.97,0.91,11246791422160390,11246791422178360,1781444305170004450,1781444305170022420
1961938,1977428,Host(NUMA 4),Device ?,0.02,23.55,0.70,11246791422214400,11246791422237950,1781444305170147250,1781444305170170800
1961938,1977428,Host(NUMA 4),Device ?,0.02,18.37,0.89,11246791422274680,11246791422293050,1781444305170299390,1781444305170317760
1961938,1977428,Host(NUMA 4),Device ?,0.02,17.60,0.93,11246791422328540,11246791422346140,1781444305170448850,1781444305170466450
1961938,1977428,Host(NUMA 4),Device ?,0.02,17.40,0.94,11246791422379870,11246791422397270,1781444305170599340,1781444305170616740
1961938,1977428,Host(NUMA 4),Device ?,0.01,17.69,0.69,11246791422435160,11246791422452850,1781444305170748080,1781444305170765770
1961938,1977428,Host(NUMA 4),Device ?,0.02,16.52,0.99,11246791422484970,11246791422501490,1781444305170899100,1781444305170915620
1961938,1977428,Host(NUMA 4),Device ?,0.02,16.63,0.99,11246791422531600,11246791422548230,1781444305171075890,1781444305171092520
1961938,1977428,Host(NUMA 4),Device ?,0.02,17.97,0.91,11246791422582760,11246791422600730,1781444305171227300,1781444305171245270
1961938,1977428,Host(NUMA 4),Device ?,0.02,29.03,0.56,11246791422637170,11246791422666200,1781444305171364860,1781444305171393890
1961938,1977428,Host(NUMA 4),Device ?,0.02,20.54,0.80,11246791422701840,11246791422722380,1781444305171522310,1781444305171542850
1961938,1977428,Host(NUMA 4),Device ?,0.02,16.72,0.98,11246791422755300,11246791422772020,1781444305171677040,1781444305171693760
1961938,1977428,Host(NUMA 4),Device ?,0.02,18.90,0.87,11246791422807860,11246791422826760,1781444305171834830,1781444305171853730
1961938,1977428,Host(NUMA 4),Device ?,0.01,18.77,0.65,11246791422865430,11246791422884200,1781444305171986640,1781444305172005410
1961938,1977428,Host(NUMA 4),Device ?,0.02,21.81,0.75,11246791422920780,11246791422942590,1781444305172133010,1781444305172154820
1961938,1977428,Host(NUMA 4),Device ?,0.02,17.39,0.94,11246791422974240,11246791422991630,1781444305172286380,1781444305172303770
1961938,1977428,Host(NUMA 4),Device ?,0.02,17.16,0.95,11246791423028140,11246791423045300,1781444305172436690,1781444305172453850
1961938,1977428,Host(NUMA 4),Device ?,0.02,23.53,0.70,11246791423078850,11246791423102380,1781444305172578290,1781444305172601820
1961938,1977428,Host(NUMA 4),Device ?,0.02,16.91,0.97,11246791423135820,11246791423152730,1781444305172733880,1781444305172750790
1961938,1977428,Host(NUMA 4),Device ?,0.02,17.47,0.94,11246791423184450,11246791423201920,1781444305172896560,1781444305172914030
1961938,1977428,Host(NUMA 4),Device ?,0.02,17.98,0.91,11246791423233580,11246791423251560,1781444305173059010,1781444305173076990
1961938,1977428,Host(NUMA 4),Device ?,0.01,18.99,0.65,11246791423288350,11246791423307340,1781444305173212760,1781444305173231750
1961938,1977428,Host(NUMA 4),Device ?,0.02,17.49,0.94,11246791423339240,11246791423356730,1781444305173365510,1781444305173383000
1961938,1977428,Host(NUMA 4),Device ?,0.02,16.99,0.96,11246791423388920,11246791423405910,1781444305173516720,1781444305173533710
1961938,1977428,Host(NUMA 4),Device ?,0.02,18.59,0.88,11246791423443160,11246791423461750,1781444305173669600,1781444305173688190
1961938,1977428,Host(NUMA 4),Device ?,0.02,23.43,0.70,11246791423495180,11246791423518610,1781444305173813130,1781444305173836560
1961938,1977428,Host(NUMA 4),Device ?,0.02,18.73,0.87,11246791423552110,11246791423570840,1781444305173967980,1781444305173986710
1961938,1977428,Host(NUMA 4),Device ?,0.02,16.62,0.99,11246791423603400,11246791423620020,1781444305174121320,1781444305174137940
1961938,1977428,Host(NUMA 4),Device ?,0.02,18.46,0.89,11246791423656120,11246791423674580,1781444305174269100,1781444305174287560
1961938,1977428,Host(NUMA 4),Device ?,0.01,18.31,0.67,11246791423706160,11246791423724470,1781444305174419360,1781444305174437670
1961938,1977428,Host(NUMA 4),Device ?,0.02,17.06,0.96,11246791423760360,11246791423777420,1781444305174568320,1781444305174585380
1961938,1977428,Host(NUMA 4),Device ?,0.02,19.48,0.84,11246791423812650,11246791423832130,1781444305174717190,1781444305174736670
1961938,1977428,Host(NUMA 4),Device ?,0.02,16.53,0.99,11246791423871290,11246791423887820,1781444305174870030,1781444305174886560
1961938,1977428,Host(NUMA 4),Device ?,0.02,16.86,0.97,11246791423917530,11246791423934390,1781444305175034890,1781444305175051750
1961938,1977428,Host(NUMA 4),Device ?,0.02,16.58,0.99,11246791423964690,11246791423981270,1781444305175188060,1781444305175204640
1961938,1977428,Host(NUMA 4),Device ?,0.02,18.16,0.90,11246791424031340,11246791424049500,1781444305175337430,1781444305175355590
1961938,1977428,Host(NUMA 4),Device ?,0.02,17.45,0.94,11246791424081150,11246791424098600,1781444305175486900,1781444305175504350
1961938,1977428,Host(NUMA 4),Device ?,0.01,18.72,0.66,11246791424133760,11246791424152480,1781444305175638450,1781444305175657170
1961938,1977428,Host(NUMA 4),Device ?,0.02,22.29,0.74,11246791424188350,11246791424210640,1781444305175783940,1781444305175806230
1961938,1977428,Host(NUMA 4),Device ?,0.02,18.23,0.90,11246791424244560,11246791424262790,1781444305175950040,1781444305175968270
1961938,1977428,Host(NUMA 4),Device ?,0.02,16.62,0.99,11246791424294130,11246791424310750,1781444305176103170,1781444305176119790
1961938,1977428,Host(NUMA 4),Device ?,0.02,22.26,0.74,11246791424343160,11246791424365420,1781444305176246740,1781444305176269000
1961938,1977428,Host(NUMA 4),Device ?,0.02,16.65,0.98,11246791424398330,11246791424414980,1781444305176403490,1781444305176420140
1961938,1977428,Host(NUMA 4),Device ?,0.02,17.66,0.93,11246791424449910,11246791424467570,1781444305176567210,1781444305176584870
1961938,1977428,Host(NUMA 4),Device ?,0.02,18.40,0.89,11246791424504480,11246791424522880,1781444305176717560,1781444305176735960
1961938,1977428,Host(NUMA 4),Device ?,0.01,19.42,0.63,11246791424554210,11246791424573630,1781444305176869150,1781444305176888570
1961938,1977428,Host(NUMA 4),Device ?,0.02,18.29,0.90,11246791424609430,11246791424627720,1781444305177018050,1781444305177036340
1961938,1977428,Host(NUMA 4),Device ?,0.02,17.72,0.92,11246791424661450,11246791424679170,1781444305177184720,1781444305177202440
1961938,1977428,Host(NUMA 4),Device ?,0.02,17.75,0.92,11246791424715560,11246791424733310,1781444305177336250,1781444305177354000
1961938,1977428,Host(NUMA 4),Device ?,0.02,16.37,1.00,11246791424764860,11246791424781230,1781444305177486970,1781444305177503340
1961938,1977428,Host(NUMA 4),Device ?,0.02,17.80,0.92,11246791424817950,11246791424835750,1781444305177636860,1781444305177654660
1961938,1977428,Host(NUMA 4),Device ?,0.02,16.70,0.98,11246791424867440,11246791424884140,1781444305177787940,1781444305177804640
1961938,1977428,Host(NUMA 4),Device ?,0.02,22.25,0.74,11246791424918590,11246791424940840,1781444305177931400,1781444305177953650
1961938,1977428,Host(NUMA 4),Device ?,0.01,20.66,0.59,11246791424973890,11246791424994550,1781444305178084390,1781444305178105050
1961938,1977428,Host(NUMA 4),Device ?,0.02,20.73,0.79,11246791425028870,11246791425049600,1781444305178232400,1781444305178253130
1961938,1977428,Host(NUMA 4),Device ?,0.02,18.08,0.91,11246791425082270,11246791425100350,1781444305178384900,1781444305178402980
1961938,1977428,Host(NUMA 4),Device ?,0.02,18.43,0.89,11246791425136840,11246791425155270,1781444305178544340,1781444305178562770
1961938,1977428,Host(NUMA 4),Device ?,0.02,22.60,0.72,11246791425191690,11246791425214290,1781444305178692000,1781444305178714600
1961938,1977428,Host(NUMA 4),Device ?,0.02,18.33,0.89,11246791425245410,11246791425263740,1781444305178848610,1781444305178866940
1961938,1977428,Host(NUMA 4),Device ?,0.02,17.11,0.96,11246791425296770,11246791425313880,1781444305179027970,1781444305179045080
1961938,1977428,Host(NUMA 4),Device ?,0.02,18.04,0.91,11246791425346950,11246791425364990,1781444305179178880,1781444305179196920
1961938,1977428,Host(NUMA 4),Device ?,0.01,18.01,0.68,11246791425394830,11246791425412840,1781444305179337820,1781444305179355830
1961938,1977428,Host(NUMA 4),Device ?,0.02,22.91,0.72,11246791425449810,11246791425472720,1781444305179481490,1781444305179504400
1961938,1977428,Host(NUMA 4),Device ?,0.02,18.13,0.90,11246791425505830,11246791425523960,1781444305179637450,1781444305179655580
1961938,1977428,Host(NUMA 4),Device ?,0.02,18.85,0.87,11246791425558180,11246791425577030,1781444305179784290,1781444305179803140
1961938,1977428,Host(NUMA 4),Device ?,0.02,21.47,0.76,11246791425611770,11246791425633240,1781444305179928920,1781444305179950390
1961938,1977428,Host(NUMA 4),Device ?,0.02,18.66,0.88,11246791425668460,11246791425687120,1781444305180081550,1781444305180100210
1961938,1977428,Host(NUMA 4),Device ?,0.02,18.18,0.90,11246791425721050,11246791425739230,1781444305180231700,1781444305180249880
1961938,1977428,Host(NUMA 4),Device ?,0.02,18.21,0.90,11246791425772530,11246791425790740,1781444305180383640,1781444305180401850
1961938,1977428,Host(NUMA 4),Device ?,0.01,18.70,0.66,11246791425825780,11246791425844480,1781444305180531440,1781444305180550140
1961938,1977428,Host(NUMA 4),Device ?,0.02,22.25,0.74,11246791425881420,11246791425903670,1781444305180675170,1781444305180697420
1961938,1977428,Host(NUMA 4),Device ?,0.02,18.56,0.88,11246791425939070,11246791425957630,1781444305180828150,1781444305180846710
1961938,1977428,Host(NUMA 4),Device ?,0.02,18.73,0.87,11246791425993080,11246791426011810,1781444305180978490,1781444305180997220
1961938,1977428,Host(NUMA 4),Device ?,0.02,22.37,0.73,11246791426042870,11246791426065240,1781444305181124290,1781444305181146660
1961938,1977428,Host(NUMA 4),Device ?,0.02,21.34,0.77,11246791426098220,11246791426119560,1781444305181274560,1781444305181295900
1961938,1977428,Host(NUMA 4),Device ?,0.02,17.56,0.93,11246791426150990,11246791426168550,1781444305181441290,1781444305181458850
1961938,1977428,Host(NUMA 4),Device ?,0.02,19.57,0.84,11246791426203580,11246791426223150,1781444305181587680,1781444305181607250
1961938,1977428,Host(NUMA 4),Device ?,0.01,17.92,0.69,11246791426256620,11246791426274540,1781444305181746230,1781444305181764150
1961938,1977428,Host(NUMA 4),Device ?,0.02,22.32,0.73,11246791426307260,11246791426329580,1781444305181893150,1781444305181915470
1961938,1977428,Host(NUMA 4),Device ?,0.02,17.27,0.95,11246791426363430,11246791426380700,1781444305182063020,1781444305182080290
1961938,1977428,Host(NUMA 4),Device ?,0.02,18.48,0.89,11246791426417110,11246791426435590,1781444305182212870,1781444305182231350
1961938,1977428,Host(NUMA 4),Device ?,0.02,17.68,0.93,11246791426474050,11246791426491730,1781444305182364470,1781444305182382150
1961938,1977428,Host(NUMA 4),Device ?,0.02,17.88,0.92,11246791426527750,11246791426545630,1781444305182516580,1781444305182534460
1961938,1977428,Host(NUMA 4),Device ?,0.02,18.08,0.91,11246791426581250,11246791426599330,1781444305182668600,1781444305182686680
1961938,1977428,Host(NUMA 4),Device ?,0.02,18.31,0.89,11246791426632240,11246791426650550,1781444305182816760,1781444305182835070
1961938,1977428,Host(NUMA 4),Device ?,0.01,18.46,0.67,11246791426682740,11246791426701200,1781444305182990360,1781444305183008820
1961938,1977428,Host(NUMA 4),Device ?,0.02,18.42,0.89,11246791426737290,11246791426755710,1781444305183146040,1781444305183164460
1961938,1977428,Host(NUMA 4),Device ?,0.02,17.98,0.91,11246791426789000,11246791426806980,1781444305183297350,1781444305183315330
1961938,1977428,Host(NUMA 4),Device ?,0.02,18.06,0.91,11246791426842750,11246791426860810,1781444305183449880,1781444305183467940
1961938,1977428,Host(NUMA 4),Device ?,0.02,24.02,0.68,11246791426892920,11246791426916940,1781444305183594430,1781444305183618450
1961938,1977428,Host(NUMA 4),Device ?,0.02,17.52,0.94,11246791426949460,11246791426966980,1781444305183753170,1781444305183770690
1961938,1977428,Host(NUMA 4),Device ?,0.02,16.95,0.97,11246791426999550,11246791427016500,1781444305183915900,1781444305183932850
1961938,1977428,Host(NUMA 4),Device ?,0.02,17.24,0.95,11246791427048980,11246791427066220,1781444305184065980,1781444305184083220
1961938,1977428,Host(NUMA 4),Device ?,0.01,19.18,0.64,11246791427103270,11246791427122450,1781444305184216590,1781444305184235770
1961938,1977428,Host(NUMA 4),Device ?,0.02,19.65,0.83,11246791427160670,11246791427180320,1781444305184365500,1781444305184385150
1961938,1977428,Host(NUMA 4),Device ?,0.02,18.10,0.91,11246791427215710,11246791427233810,1781444305184517060,1781444305184535160
1961938,1977428,Host(NUMA 4),Device ?,0.02,17.93,0.91,11246791427270060,11246791427287990,1781444305184668320,1781444305184686250
1961938,1977428,Host(NUMA 4),Device ?,0.02,16.12,1.02,11246791427322620,11246791427338740,1781444305184819590,1781444305184835710
1961938,1977428,Host(NUMA 4),Device ?,0.02,17.21,0.95,11246791427370730,11246791427387940,1781444305184970000,1781444305184987210
1961938,1977428,Host(NUMA 4),Device ?,0.02,16.76,0.98,11246791427422960,11246791427439720,1781444305185132390,1781444305185149150
1961938,1977428,Host(NUMA 4),Device ?,0.02,17.70,0.93,11246791427474310,11246791427492010,1781444305185281510,1781444305185299210
1961938,1977428,Host(NUMA 4),Device ?,0.01,18.82,0.65,11246791427522750,11246791427541570,1781444305185431870,1781444305185450690
1961938,1977428,Host(NUMA 4),Device ?,0.02,18.02,0.91,11246791427577900,11246791427595920,1781444305185582720,1781444305185600740
1961938,1977428,Host(NUMA 4),Device ?,0.02,17.86,0.92,11246791427628810,11246791427646670,1781444305185731370,1781444305185749230
1961938,1977428,Host(NUMA 4),Device ?,0.02,18.44,0.89,11246791427681190,11246791427699630,1781444305185885580,1781444305185904020
1961938,1977428,Host(NUMA 4),Device ?,0.02,17.26,0.95,11246791427731590,11246791427748850,1781444305186036220,1781444305186053480
1961938,1977428,Host(NUMA 4),Device ?,0.02,17.78,0.92,11246791427783050,11246791427800830,1781444305186199400,1781444305186217180
1961938,1977428,Host(NUMA 4),Device ?,0.02,17.12,0.96,11246791427832570,11246791427849690,1781444305186350920,1781444305186368040
1961938,1977428,Host(NUMA 4),Device ?,0.02,16.70,0.98,11246791427880700,11246791427897400,1781444305186502860,1781444305186519560
1961938,1977428,Host(NUMA 4),Device ?,0.01,18.96,0.65,11246791427928690,11246791427947650,1781444305186651510,1781444305186670470
1961938,1977428,Host(NUMA 4),Device ?,0.02,36.01,0.45,11246791427983680,11246791428019690,1781444305186784110,1781444305186820120
1961938,1977428,Host(NUMA 4),Device ?,0.02,18.06,0.91,11246791428054080,11246791428072140,1781444305186964950,1781444305186983010
1961938,1977428,Host(NUMA 4),Device ?,0.02,18.86,0.87,11246791428109290,11246791428128150,1781444305187119910,1781444305187138770
1961938,1977428,Host(NUMA 4),Device ?,0.02,22.14,0.74,11246791428159170,11246791428181310,1781444305187265560,1781444305187287700
1961938,1977428,Host(NUMA 4),Device ?,0.02,17.08,0.96,11246791428217250,11246791428234330,1781444305187420550,1781444305187437630
1961938,1977428,Host(NUMA 4),Device ?,0.02,18.34,0.89,11246791428267070,11246791428285410,1781444305187568700,1781444305187587040
1961938,1977428,Host(NUMA 4),Device ?,0.02,16.97,0.97,11246791428321040,11246791428338010,1781444305187717380,1781444305187734350
1961938,1977428,Host(NUMA 4),Device ?,0.01,19.24,0.64,11246791428371140,11246791428390380,1781444305187869020,1781444305187888260
1961938,1977428,Host(NUMA 4),Device ?,0.02,20.56,0.80,11246791428422050,11246791428442610,1781444305188016560,1781444305188037120
1961938,1977428,Host(NUMA 4),Device ?,0.02,17.69,0.93,11246791428477530,11246791428495220,1781444305188182680,1781444305188200370
1961938,1977428,Host(NUMA 4),Device ?,0.02,17.69,0.93,11246791428528120,11246791428545810,1781444305188336970,1781444305188354660
1961938,1977428,Host(NUMA 4),Device ?,0.02,23.87,0.69,11246791428582430,11246791428606300,1781444305188480890,1781444305188504760
1961938,1977428,Host(NUMA 4),Device ?,0.02,16.87,0.97,11246791428641300,11246791428658170,1781444305188637810,1781444305188654680
1961938,1977428,Host(NUMA 4),Device ?,0.02,17.25,0.95,11246791428689950,11246791428707200,1781444305188788290,1781444305188805540
1961938,1977428,Host(NUMA 4),Device ?,0.02,17.42,0.94,11246791428740100,11246791428757520,1781444305188937700,1781444305188955120
1961938,1977428,Host(NUMA 4),Device ?,0.01,19.93,0.62,11246791428792920,11246791428812850,1781444305189084610,1781444305189104540
1961938,1977428,Host(NUMA 4),Device ?,0.02,23.57,0.70,11246791428847720,11246791428871290,1781444305189245190,1781444305189268760
1961938,1977428,Host(NUMA 4),Device ?,0.02,16.95,0.97,11246791428905760,11246791428922710,1781444305189402080,1781444305189419030
1961938,1977428,Host(NUMA 4),Device ?,0.02,17.85,0.92,11246791428953620,11246791428971470,1781444305189549770,1781444305189567620
1961938,1977428,Host(NUMA 4),Device ?,0.02,17.89,0.92,11246791429005240,11246791429023130,1781444305189698490,1781444305189716380
1961938,1977428,Host(NUMA 4),Device ?,0.02,18.19,0.90,11246791429054950,11246791429073140,1781444305189850340,1781444305189868530
1961938,1977428,Host(NUMA 4),Device ?,0.02,17.92,0.91,11246791429108790,11246791429126710,1781444305190021070,1781444305190038990
1961938,1977428,Host(NUMA 4),Device ?,0.02,17.80,0.92,11246791429160390,11246791429178190,1781444305190167790,1781444305190185590
1961938,1977428,Host(NUMA 4),Device ?,0.01,19.50,0.63,11246791429211090,11246791429230590,1781444305190319170,1781444305190338670
1961938,1977428,Host(NUMA 4),Device ?,0.02,17.23,0.95,11246791429262840,11246791429280070,1781444305190472100,1781444305190489330
1961938,1977428,Host(NUMA 4),Device ?,0.02,17.49,0.94,11246791429310590,11246791429328080,1781444305190620650,1781444305190638140
1961938,1977428,Host(NUMA 4),Device ?,0.02,18.06,0.91,11246791429361580,11246791429379640,1781444305190767830,1781444305190785890
1961938,1977428,Host(NUMA 4),Device ?,0.02,17.06,0.96,11246791429413630,11246791429430690,1781444305190942120,1781444305190959180
1961938,1977428,Host(NUMA 4),Device ?,0.02,19.51,0.84,11246791429464060,11246791429483570,1781444305191108800,1781444305191128310
1961938,1977428,Host(NUMA 4),Device ?,0.02,19.61,0.84,11246791429520090,11246791429539700,1781444305191273400,1781444305191293010
1961938,1977428,Host(NUMA 4),Device ?,0.02,19.31,0.85,11246791429573810,11246791429593120,1781444305191426480,1781444305191445790
1961938,1977428,Host(NUMA 4),Device ?,0.01,17.81,0.69,11246791429629520,11246791429647330,1781444305191579240,1781444305191597050
1961938,1977428,Host(NUMA 4),Device ?,0.02,19.31,0.85,11246791429683510,11246791429702820,1781444305191729810,1781444305191749120
1961938,1977428,Host(NUMA 4),Device ?,0.02,19.19,0.85,11246791429732200,11246791429751390,1781444305191878270,1781444305191897460
1961938,1977428,Host(NUMA 4),Device ?,0.02,19.01,0.86,11246791429782650,11246791429801660,1781444305192029590,1781444305192048600
1961938,1977428,Host(NUMA 4),Device ?,0.02,23.11,0.71,11246791429837970,11246791429861080,1781444305192175140,1781444305192198250
1961938,1977428,Host(NUMA 4),Device ?,0.02,19.49,0.84,11246791429897240,11246791429916730,1781444305192326840,1781444305192346330
1961938,1977428,Host(NUMA 4),Device ?,0.02,17.56,0.93,11246791429950790,11246791429968350,1781444305192478580,1781444305192496140
1961938,1977428,Host(NUMA 4),Device ?,0.02,18.46,0.89,11246791429999510,11246791430017970,1781444305192628900,1781444305192647360
1961938,1977428,Host(NUMA 4),Device ?,0.01,19.45,0.63,11246791430048810,11246791430068260,1781444305192778590,1781444305192798040
1961938,1977428,Host(NUMA 4),Device ?,0.02,17.35,0.94,11246791430100040,11246791430117390,1781444305192931870,1781444305192949220
1961938,1977428,Host(NUMA 4),Device ?,0.02,18.29,0.90,11246791430150950,11246791430169240,1781444305193079310,1781444305193097600
1961938,1977428,Host(NUMA 4),Device ?,0.02,23.46,0.70,11246791430202500,11246791430225960,1781444305193222490,1781444305193245950
1961938,1977428,Host(NUMA 4),Device ?,0.02,22.70,0.72,11246791430255720,11246791430278420,1781444305193374790,1781444305193397490
1961938,1977428,Host(NUMA 4),Device ?,0.02,19.31,0.85,11246791430313600,11246791430332910,1781444305193528140,1781444305193547450
1961938,1977428,Host(NUMA 4),Device ?,0.02,16.72,0.98,11246791430364290,11246791430381010,1781444305193678830,1781444305193695550
1961938,1977428,Host(NUMA 4),Device ?,0.02,18.31,0.89,11246791430416570,11246791430434880,1781444305193824970,1781444305193843280
1961938,1977428,Host(NUMA 4),Device ?,0.01,18.36,0.67,11246791430465810,11246791430484170,1781444305193973290,1781444305193991650
1961938,1977428,Host(NUMA 4),Device ?,0.02,22.05,0.74,11246791430514110,11246791430536160,1781444305194119080,1781444305194141130
1961938,1977428,Host(NUMA 4),Device ?,0.02,16.60,0.99,11246791430567140,11246791430583740,1781444305194273180,1781444305194289780
1961938,1977428,Host(NUMA 4),Device ?,0.02,17.72,0.92,11246791430618720,11246791430636440,1781444305194433430,1781444305194451150
1961938,1977428,Host(NUMA 4),Device ?,0.02,22.55,0.73,11246791430669260,11246791430691810,1781444305194587080,1781444305194609630
1961938,1977428,Host(NUMA 4),Device ?,0.02,22.10,0.74,11246791430728120,11246791430750220,1781444305194739500,1781444305194761600
1961938,1977428,Host(NUMA 4),Device ?,0.02,17.66,0.93,11246791430782400,11246791430800060,1781444305194893460,1781444305194911120
1961938,1977428,Host(NUMA 4),Device ?,0.02,17.67,0.93,11246791430836880,11246791430854550,1781444305195076740,1781444305195094410
1961938,1977428,Host(NUMA 4),Device ?,0.01,18.58,0.66,11246791430887090,11246791430905670,1781444305195228210,1781444305195246790
1961938,1977428,Host(NUMA 4),Device ?,0.02,17.46,0.94,11246791430938980,11246791430956440,1781444305195384190,1781444305195401650
1961938,1977428,Host(NUMA 4),Device ?,0.02,18.06,0.91,11246791430989250,11246791431007310,1781444305195533360,1781444305195551420
1961938,1977428,Host(NUMA 4),Device ?,0.02,16.97,0.97,11246791431040120,11246791431057090,1781444305195686870,1781444305195703840
1961938,1977428,Host(NUMA 4),Device ?,0.02,17.62,0.93,11246791431088010,11246791431105630,1781444305195848840,1781444305195866460
1961938,1977428,Host(NUMA 4),Device ?,0.02,16.10,1.02,11246791431136770,11246791431152870,1781444305195998660,1781444305196014760
1961938,1977428,Host(NUMA 4),Device ?,0.02,18.35,0.89,11246791431186820,11246791431205170,1781444305196150230,1781444305196168580
1961938,1977428,Host(NUMA 4),Device ?,0.02,17.53,0.93,11246791431237140,11246791431254670,1781444305196301960,1781444305196319490
1961938,1977428,Host(NUMA 4),Device ?,0.01,19.74,0.62,11246791431289690,11246791431309430,1781444305196450750,1781444305196470490
1961938,1977428,Host(NUMA 4),Device ?,0.02,23.08,0.71,11246791431344890,11246791431367970,1781444305196596400,1781444305196619480
1961938,1977428,Host(NUMA 4),Device ?,0.02,17.93,0.91,11246791431403300,11246791431421230,1781444305196751740,1781444305196769670
1961938,1977428,Host(NUMA 4),Device ?,0.02,18.15,0.90,11246791431454090,11246791431472240,1781444305196901600,1781444305196919750
1961938,1977428,Host(NUMA 4),Device ?,0.02,17.65,0.93,11246791431504920,11246791431522570,1781444305197048840,1781444305197066490
1961938,1977428,Host(NUMA 4),Device ?,0.02,18.86,0.87,11246791431559710,11246791431578570,1781444305197201420,1781444305197220280
1961938,1977428,Host(NUMA 4),Device ?,0.02,17.96,0.91,11246791431614420,11246791431632380,1781444305197352440,1781444305197370400
1961938,1977428,Host(NUMA 4),Device ?,0.02,18.00,0.91,11246791431663900,11246791431681900,1781444305197513850,1781444305197531850
1961938,1977428,Host(NUMA 4),Device ?,0.01,19.79,0.62,11246791431717670,11246791431737460,1781444305197662340,1781444305197682130
1961938,1977428,Host(NUMA 4),Device ?,0.02,18.81,0.87,11246791431772220,11246791431791030,1781444305197813650,1781444305197832460
1961938,1977428,Host(NUMA 4),Device ?,0.02,17.88,0.92,11246791431824100,11246791431841980,1781444305197964210,1781444305197982090
1961938,1977428,Host(NUMA 4),Device ?,0.02,22.79,0.72,11246791431878180,11246791431900970,1781444305198108560,1781444305198131350
1961938,1977428,Host(NUMA 4),Device ?,0.02,23.52,0.70,11246791431937320,11246791431960840,1781444305198261960,1781444305198285480
1961938,1977428,Host(NUMA 4),Device ?,0.02,32.18,0.51,11246791431996800,11246791432028980,1781444305198404110,1781444305198436290
1961938,1977428,Host(NUMA 4),Device ?,0.02,16.85,0.97,11246791432065380,11246791432082230,1781444305198567680,1781444305198584530
1961938,1977428,Host(NUMA 4),Device ?,0.02,18.57,0.88,11246791432114350,11246791432132920,1781444305198713770,1781444305198732340
1962160,1976239,Host(NUMA 5),Device ?,32.00,1933.58,17.35,11246791488246650,11246791490180230,1781444305196956170,1781444305198889750
1962160,1976239,Host(NUMA 5),Device ?,24.00,1484.34,16.95,11246791490225310,11246791491709650,1781444305197579670,1781444305199064010
1962160,1976239,Host(NUMA 5),Device ?,8.00,586.21,14.31,11246791491757040,11246791492343250,1781444305198629170,1781444305199215380
1962160,1976239,Host(NUMA 5),Device ?,32.00,1957.97,17.14,11246791492393140,11246791494351110,1781444305197407850,1781444305199365820
1962160,1976239,Host(NUMA 5),Device ?,32.00,1959.21,17.13,11246791494403390,11246791496362600,1781444305197555040,1781444305199514250
1962160,1976239,Host(NUMA 5),Device ?,24.00,1474.89,17.06,11246791496418000,11246791497892890,1781444305198190380,1781444305199665270
1962160,1976239,Host(NUMA 5),Device ?,8.00,566.67,14.80,11246791497944020,11246791498510690,1781444305199247220,1781444305199813890
1962160,1976239,Host(NUMA 5),Device ?,32.00,1978.98,16.96,11246791498558740,11246791500537720,1781444305197984090,1781444305199963070
1962160,1976239,Host(NUMA 5),Device ?,32.00,1910.82,17.56,11246791500581940,11246791502492760,1781444305198213070,1781444305200123890
1962160,1976239,Host(NUMA 5),Device ?,24.00,1503.00,16.74,11246791502541660,11246791504044660,1781444305198771850,1781444305200274850
1962160,1976239,Host(NUMA 5),Device ?,8.00,595.82,14.08,11246791504093180,11246791504689000,1781444305199828370,1781444305200424190
1962160,1976239,Host(NUMA 5),Device ?,32.00,1915.19,17.52,11246791504733080,11246791506648270,1781444305198677570,1781444305200592760
1962160,1976239,Host(NUMA 5),Device ?,32.00,1985.39,16.90,11246791506696910,11246791508682300,1781444305198760770,1781444305200746160
1962160,1976239,Host(NUMA 5),Device ?,24.00,1457.07,17.27,11246791508727630,11246791510184700,1781444305199441120,1781444305200898190
1962160,1976239,Host(NUMA 5),Device ?,8.00,616.10,13.62,11246791510236860,11246791510852960,1781444305200429230,1781444305201045330
1962160,1976239,Host(NUMA 5),Device ?,32.00,1948.55,17.22,11246791510900190,11246791512848740,1781444305199244170,1781444305201192720
1962160,1976239,Host(NUMA 5),Device ?,32.00,1945.93,17.24,11246791512898850,11246791514844780,1781444305199398130,1781444305201344060
1962160,1976239,Host(NUMA 5),Device ?,24.00,1482.59,16.97,11246791514893060,11246791516375650,1781444305200011960,1781444305201494550
1962160,1976239,Host(NUMA 5),Device ?,8.00,548.05,15.31,11246791516425790,11246791516973840,1781444305201096110,1781444305201644160
1962160,1976239,Host(NUMA 5),Device ?,32.00,1905.47,17.61,11246791517018440,11246791518923910,1781444305199888040,1781444305201793510
1962160,1976239,Host(NUMA 5),Device ?,32.00,1962.58,17.10,11246791518973630,11246791520936210,1781444305199979930,1781444305201942510
1962160,1976239,Host(NUMA 5),Device ?,24.00,1493.56,16.85,11246791520981370,11246791522474930,1781444305200596550,1781444305202090110
1962160,1976239,Host(NUMA 5),Device ?,8.00,494.91,16.95,11246791522518970,11246791523013880,1781444305201745160,1781444305202240070
1962160,1976239,Host(NUMA 5),Device ?,32.00,1951.01,17.20,11246791523055160,11246791525006170,1781444305200441910,1781444305202392920
1962160,1976239,Host(NUMA 5),Device ?,32.00,1923.27,17.45,11246791525050540,11246791526973810,1781444305200619940,1781444305202543210
1962160,1976239,Host(NUMA 5),Device ?,24.00,1523.17,16.52,11246791527022210,11246791528545380,1781444305201188330,1781444305202711500
1962160,1976239,Host(NUMA 5),Device ?,8.00,487.21,17.22,11246791528597550,11246791529084760,1781444305202377920,1781444305202865130
1962160,1976239,Host(NUMA 5),Device ?,32.00,1927.00,17.41,11246791529133270,11246791531060270,1781444305201099460,1781444305203026460
1962160,1976239,Host(NUMA 5),Device ?,32.00,1965.81,17.07,11246791531104680,11246791533070490,1781444305201213510,1781444305203179320
1962160,1976239,Host(NUMA 5),Device ?,24.00,1480.82,16.99,11246791533115760,11246791534596580,1781444305201847950,1781444305203328770
1962160,1976239,Host(NUMA 5),Device ?,8.00,507.12,16.54,11246791534642840,11246791535149960,1781444305202971590,1781444305203478710
1962160,1976239,Host(NUMA 5),Device ?,32.00,1950.71,17.20,11246791535191960,11246791537142670,1781444305201690220,1781444305203640930
1962160,1976239,Host(NUMA 5),Device ?,32.00,1940.44,17.29,11246791537191980,11246791539132420,1781444305201851960,1781444305203792400
1962160,1976239,Host(NUMA 5),Device ?,24.00,1478.07,17.03,11246791539182590,11246791540660660,1781444305202463540,1781444305203941610
1962160,1976239,Host(NUMA 5),Device ?,8.00,590.81,14.20,11246791540704670,11246791541295480,1781444305203500230,1781444305204091040
1962160,1976239,Host(NUMA 5),Device ?,32.00,1963.57,17.09,11246791541349170,11246791543312740,1781444305202277990,1781444305204241560
1962160,1976239,Host(NUMA 5),Device ?,32.00,1974.12,17.00,11246791543366600,11246791545340720,1781444305202416430,1781444305204390550
1962160,1976239,Host(NUMA 5),Device ?,24.00,1475.88,17.05,11246791545396630,11246791546872510,1781444305203065560,1781444305204541440
1962160,1976239,Host(NUMA 5),Device ?,8.00,553.35,15.16,11246791546916820,11246791547470170,1781444305204135760,1781444305204689110
1962160,1976239,Host(NUMA 5),Device ?,32.00,1956.11,17.15,11246791547514470,11246791549470580,1781444305202882000,1781444305204838110
1962160,1976239,Host(NUMA 5),Device ?,32.00,1925.20,17.43,11246791549515710,11246791551440910,1781444305203062330,1781444305204987530
1962160,1976239,Host(NUMA 5),Device ?,24.00,1516.14,16.60,11246791551490910,11246791553007050,1781444305203621910,1781444305205138050
1962160,1976239,Host(NUMA 5),Device ?,8.00,525.12,15.97,11246791553054880,11246791553580000,1781444305204782160,1781444305205307280
1962160,1976239,Host(NUMA 5),Device ?,32.00,1913.68,17.53,11246791553627640,11246791555541320,1781444305203546670,1781444305205460350
1962160,1976239,Host(NUMA 5),Device ?,32.00,1971.58,17.02,11246791555585840,11246791557557420,1781444305203637670,1781444305205609250
1962160,1976239,Host(NUMA 5),Device ?,24.00,1485.38,16.94,11246791557608270,11246791559093650,1781444305204274030,1781444305205759410
1962160,1976239,Host(NUMA 5),Device ?,8.00,505.07,16.61,11246791559136770,11246791559641840,1781444305205403850,1781444305205908920
1962160,1976239,Host(NUMA 5),Device ?,32.00,1910.55,17.56,11246791559687420,11246791561597970,1781444305204150030,1781444305206060580
1962160,1976239,Host(NUMA 5),Device ?,32.00,1969.86,17.03,11246791561645860,11246791563615720,1781444305204242570,1781444305206212430
1962160,1976239,Host(NUMA 5),Device ?,24.00,1525.63,16.50,11246791563664970,11246791565190600,1781444305204837700,1781444305206363330
1962160,1976239,Host(NUMA 5),Device ?,8.00,492.38,17.04,11246791565239670,11246791565732050,1781444305206021020,1781444305206513400
1962160,1976239,Host(NUMA 5),Device ?,32.00,1976.42,16.98,11246791565780030,11246791567756450,1781444305204699190,1781444305206675610
1962160,1976239,Host(NUMA 5),Device ?,32.00,1918.25,17.49,11246791567803310,11246791569721560,1781444305204906030,1781444305206824280
1962160,1976239,Host(NUMA 5),Device ?,24.00,1485.12,16.95,11246791569766420,11246791571251540,1781444305205497340,1781444305206982460
1962160,1976239,Host(NUMA 5),Device ?,8.00,581.77,14.42,11246791571296140,11246791571877910,1781444305206555880,1781444305207137650
1962160,1976239,Host(NUMA 5),Device ?,32.00,1927.89,17.40,11246791571923670,11246791573851560,1781444305205358980,1781444305207286870
1962160,1976239,Host(NUMA 5),Device ?,32.00,1919.26,17.48,11246791573898530,11246791575817790,1781444305205521870,1781444305207441130
1962160,1976239,Host(NUMA 5),Device ?,24.00,1528.92,16.46,11246791575862800,11246791577391720,1781444305206063340,1781444305207592260
1962160,1976239,Host(NUMA 5),Device ?,8.00,575.27,14.58,11246791577445780,11246791578021050,1781444305207166590,1781444305207741860
1962160,1976239,Host(NUMA 5),Device ?,32.00,1984.25,16.91,11246791578071750,11246791580056000,1781444305205908380,1781444305207892630
1962160,1976239,Host(NUMA 5),Device ?,32.00,1924.43,17.44,11246791580104930,11246791582029360,1781444305206115940,1781444305208040370
1962160,1976239,Host(NUMA 5),Device ?,254.94,14168.09,18.87,11246791582075690,11246791596243780,1781444305194020590,1781444305208188680
1962160,1976239,Host(NUMA 5),Device ?,0.02,35.94,0.46,11246791596293700,11246791596329640,1781444305208303180,1781444305208339120
1962160,1976239,Host(NUMA 5),Device ?,0.02,26.69,0.61,11246791596375020,11246791596401710,1781444305208462720,1781444305208489410
1962160,1976239,Host(NUMA 5),Device ?,0.01,21.70,0.57,11246791596438770,11246791596460470,1781444305208616560,1781444305208638260
1962160,1976239,Host(NUMA 5),Device ?,0.02,21.21,0.77,11246791596496460,11246791596517670,1781444305208764110,1781444305208785320
1962160,1976239,Host(NUMA 5),Device ?,0.02,22.63,0.72,11246791596555400,11246791596578030,1781444305208911530,1781444305208934160
1962160,1976239,Host(NUMA 5),Device ?,0.02,25.00,0.66,11246791596617250,11246791596642250,1781444305209058860,1781444305209083860
1962160,1976239,Host(NUMA 5),Device ?,0.02,24.04,0.68,11246791596681680,11246791596705720,1781444305209207330,1781444305209231370
1962160,1976239,Host(NUMA 5),Device ?,0.02,20.04,0.82,11246791596749480,11246791596769520,1781444305209361190,1781444305209381230
1962160,1976239,Host(NUMA 5),Device ?,0.02,23.20,0.71,11246791596803650,11246791596826850,1781444305209509050,1781444305209532250
1962160,1976239,Host(NUMA 5),Device ?,0.02,24.18,0.68,11246791596872590,11246791596896770,1781444305209670120,1781444305209694300
1962160,1976239,Host(NUMA 5),Device ?,0.01,19.82,0.62,11246791596933480,11246791596953300,1781444305209824740,1781444305209844560
1962160,1976239,Host(NUMA 5),Device ?,0.02,23.49,0.70,11246791596993850,11246791597017340,1781444305209984230,1781444305210007720
1962160,1976239,Host(NUMA 5),Device ?,0.02,21.47,0.76,11246791597052840,11246791597074310,1781444305210135230,1781444305210156700
1962160,1976239,Host(NUMA 5),Device ?,0.02,22.01,0.74,11246791597111290,11246791597133300,1781444305210285630,1781444305210307640
1962160,1976239,Host(NUMA 5),Device ?,0.02,24.11,0.68,11246791597167850,11246791597191960,1781444305210431390,1781444305210455500
1962160,1976239,Host(NUMA 5),Device ?,0.02,18.95,0.86,11246791597227460,11246791597246410,1781444305210597440,1781444305210616390
1962160,1976239,Host(NUMA 5),Device ?,0.02,20.15,0.81,11246791597279900,11246791597300050,1781444305210745950,1781444305210766100
1962160,1976239,Host(NUMA 5),Device ?,0.02,21.82,0.75,11246791597337000,11246791597358820,1781444305210895020,1781444305210916840
1962160,1976239,Host(NUMA 5),Device ?,0.01,23.59,0.52,11246791597393750,11246791597417340,1781444305211059730,1781444305211083320
1962160,1976239,Host(NUMA 5),Device ?,0.02,21.95,0.75,11246791597453890,11246791597475840,1781444305211211440,1781444305211233390
1962160,1976239,Host(NUMA 5),Device ?,0.02,23.30,0.70,11246791597511460,11246791597534760,1781444305211363120,1781444305211386420
1962160,1976239,Host(NUMA 5),Device ?,0.02,22.02,0.74,11246791597574380,11246791597596400,1781444305211515390,1781444305211537410
1962160,1976239,Host(NUMA 5),Device ?,0.02,22.99,0.71,11246791597632760,11246791597655750,1781444305211663690,1781444305211686680
1962160,1976239,Host(NUMA 5),Device ?,0.02,18.79,0.87,11246791597690130,11246791597708920,1781444305211817630,1781444305211836420
1962160,1976239,Host(NUMA 5),Device ?,0.02,22.96,0.71,11246791597742680,11246791597765640,1781444305211962160,1781444305211985120
1962160,1976239,Host(NUMA 5),Device ?,0.02,21.85,0.75,11246791597804440,11246791597826290,1781444305212113180,1781444305212135030
1962160,1976239,Host(NUMA 5),Device ?,0.01,20.93,0.59,11246791597861490,11246791597882420,1781444305212262360,1781444305212283290
1962160,1976239,Host(NUMA 5),Device ?,0.02,23.51,0.70,11246791597920780,11246791597944290,1781444305212408540,1781444305212432050
1962160,1976239,Host(NUMA 5),Device ?,0.02,21.48,0.76,11246791597979490,11246791598000970,1781444305212560720,1781444305212582200
1962160,1976239,Host(NUMA 5),Device ?,0.02,23.62,0.69,11246791598040050,11246791598063670,1781444305212718130,1781444305212741750
1962160,1976239,Host(NUMA 5),Device ?,0.02,22.96,0.71,11246791598103230,11246791598126190,1781444305212867820,1781444305212890780
1962160,1976239,Host(NUMA 5),Device ?,0.02,19.09,0.86,11246791598162520,11246791598181610,1781444305213025910,1781444305213045000
1962160,1976239,Host(NUMA 5),Device ?,0.02,23.62,0.69,11246791598219040,11246791598242660,1781444305213170210,1781444305213193830
1962160,1976239,Host(NUMA 5),Device ?,0.02,23.31,0.70,11246791598278650,11246791598301960,1781444305213319020,1781444305213342330
1962160,1976239,Host(NUMA 5),Device ?,0.01,20.06,0.61,11246791598338690,11246791598358750,1781444305213473240,1781444305213493300
1962160,1976239,Host(NUMA 5),Device ?,0.02,22.55,0.73,11246791598396690,11246791598419240,1781444305213617730,1781444305213640280
1962160,1976239,Host(NUMA 5),Device ?,0.02,21.26,0.77,11246791598456820,11246791598478080,1781444305213769840,1781444305213791100
1962160,1976239,Host(NUMA 5),Device ?,0.02,22.05,0.74,11246791598516540,11246791598538590,1781444305213922590,1781444305213944640
1962160,1976239,Host(NUMA 5),Device ?,0.02,24.65,0.66,11246791598578500,11246791598603150,1781444305214072180,1781444305214096830
1962160,1976239,Host(NUMA 5),Device ?,0.02,18.87,0.87,11246791598642190,11246791598661060,1781444305214235130,1781444305214254000
1962160,1976239,Host(NUMA 5),Device ?,0.02,23.15,0.71,11246791598702050,11246791598725200,1781444305214385420,1781444305214408570
1962160,1976239,Host(NUMA 5),Device ?,0.02,22.39,0.73,11246791598764140,11246791598786530,1781444305214537590,1781444305214559980
1962160,1976239,Host(NUMA 5),Device ?,0.01,20.24,0.61,11246791598822390,11246791598842630,1781444305214707850,1781444305214728090
1962160,1976239,Host(NUMA 5),Device ?,0.02,23.36,0.70,11246791598876170,11246791598899530,1781444305214859790,1781444305214883150
1962160,1976239,Host(NUMA 5),Device ?,0.02,21.15,0.77,11246791598933060,11246791598954210,1781444305215031350,1781444305215052500
1962160,1976239,Host(NUMA 5),Device ?,0.02,22.59,0.73,11246791598990630,11246791599013220,1781444305215187300,1781444305215209890
1962160,1976239,Host(NUMA 5),Device ?,0.02,23.65,0.69,11246791599050540,11246791599074190,1781444305215335430,1781444305215359080
1962160,1976239,Host(NUMA 5),Device ?,0.02,19.03,0.86,11246791599108110,11246791599127140,1781444305215505000,1781444305215524030
1962160,1976239,Host(NUMA 5),Device ?,0.02,21.18,0.77,11246791599166480,11246791599187660,1781444305215650700,1781444305215671880
1962160,1976239,Host(NUMA 5),Device ?,0.02,21.59,0.76,11246791599224440,11246791599246030,1781444305215815270,1781444305215836860
1962160,1976239,Host(NUMA 5),Device ?,0.01,20.21,0.61,11246791599277890,11246791599298100,1781444305215967660,1781444305215987870
1962160,1976239,Host(NUMA 5),Device ?,0.02,23.54,0.70,11246791599332800,11246791599356340,1781444305216128720,1781444305216152260
1962160,1976239,Host(NUMA 5),Device ?,0.02,22.01,0.74,11246791599389120,11246791599411130,1781444305216283520,1781444305216305530
1962160,1976239,Host(NUMA 5),Device ?,0.02,20.66,0.79,11246791599446870,11246791599467530,1781444305216436150,1781444305216456810
1962160,1976239,Host(NUMA 5),Device ?,0.02,23.11,0.71,11246791599506040,11246791599529150,1781444305216585790,1781444305216608900
1962160,1976239,Host(NUMA 5),Device ?,0.02,19.48,0.84,11246791599564140,11246791599583620,1781444305216748570,1781444305216768050
1962160,1976239,Host(NUMA 5),Device ?,0.02,23.25,0.70,11246791599616890,11246791599640140,1781444305216900200,1781444305216923450
1962160,1976239,Host(NUMA 5),Device ?,0.02,22.13,0.74,11246791599677140,11246791599699270,1781444305217056730,1781444305217078860
1962160,1976239,Host(NUMA 5),Device ?,0.01,22.68,0.54,11246791599735050,11246791599757730,1781444305217208990,1781444305217231670
1962160,1976239,Host(NUMA 5),Device ?,0.02,23.27,0.70,11246791599794230,11246791599817500,1781444305217357300,1781444305217380570
1962160,1976239,Host(NUMA 5),Device ?,0.02,22.94,0.71,11246791599854700,11246791599877640,1781444305217506760,1781444305217529700
1962160,1976239,Host(NUMA 5),Device ?,0.02,23.32,0.70,11246791599912940,11246791599936260,1781444305217657280,1781444305217680600
1962160,1976239,Host(NUMA 5),Device ?,0.02,23.74,0.69,11246791599971190,11246791599994930,1781444305217808970,1781444305217832710
1962160,1976239,Host(NUMA 5),Device ?,0.02,19.58,0.84,11246791600045360,11246791600064940,1781444305217963860,1781444305217983440
1962160,1976239,Host(NUMA 5),Device ?,0.02,22.94,0.71,11246791600100020,11246791600122960,1781444305218115890,1781444305218138830
1962160,1976239,Host(NUMA 5),Device ?,0.02,23.44,0.70,11246791600158330,11246791600181770,1781444305218268240,1781444305218291680
1962160,1976239,Host(NUMA 5),Device ?,0.01,20.42,0.60,11246791600222980,11246791600243400,1781444305218427560,1781444305218447980
1962160,1976239,Host(NUMA 5),Device ?,0.02,23.24,0.70,11246791600284350,11246791600307590,1781444305218579440,1781444305218602680
1962160,1976239,Host(NUMA 5),Device ?,0.02,22.00,0.74,11246791600347170,11246791600369170,1781444305218732020,1781444305218754020
1962160,1976239,Host(NUMA 5),Device ?,0.02,21.28,0.77,11246791600406070,11246791600427350,1781444305218925930,1781444305218947210
1962160,1976239,Host(NUMA 5),Device ?,0.02,21.62,0.76,11246791600463310,11246791600484930,1781444305219091560,1781444305219113180
1962160,1976239,Host(NUMA 5),Device ?,0.02,19.83,0.83,11246791600520640,11246791600540470,1781444305219247140,1781444305219266970
1962160,1976239,Host(NUMA 5),Device ?,0.02,22.78,0.72,11246791600575390,11246791600598170,1781444305219396730,1781444305219419510
1962160,1976239,Host(NUMA 5),Device ?,0.02,22.60,0.72,11246791600635310,11246791600657910,1781444305219552420,1781444305219575020
1962160,1976239,Host(NUMA 5),Device ?,0.01,19.63,0.63,11246791600696490,11246791600716120,1781444305219717040,1781444305219736670
1962160,1976239,Host(NUMA 5),Device ?,0.02,23.01,0.71,11246791600750640,11246791600773650,1781444305219865780,1781444305219888790
1962160,1976239,Host(NUMA 5),Device ?,0.02,22.77,0.72,11246791600809740,11246791600832510,1781444305220015390,1781444305220038160
1962160,1976239,Host(NUMA 5),Device ?,0.02,23.14,0.71,11246791600868050,11246791600891190,1781444305220165320,1781444305220188460
1962160,1976239,Host(NUMA 5),Device ?,0.02,22.28,0.74,11246791600926020,11246791600948300,1781444305220315220,1781444305220337500
1962160,1976239,Host(NUMA 5),Device ?,0.02,18.89,0.87,11246791600983650,11246791601002540,1781444305220468920,1781444305220487810
1962160,1976239,Host(NUMA 5),Device ?,0.02,22.18,0.74,11246791601035850,11246791601058030,1781444305220617350,1781444305220639530
1962160,1976239,Host(NUMA 5),Device ?,0.02,22.04,0.74,11246791601092870,11246791601114910,1781444305220765950,1781444305220787990
1962160,1976239,Host(NUMA 5),Device ?,0.01,19.92,0.62,11246791601148840,11246791601168760,1781444305220916730,1781444305220936650
1962160,1976239,Host(NUMA 5),Device ?,0.02,23.28,0.70,11246791601208050,11246791601231330,1781444305221062490,1781444305221085770
1962160,1976239,Host(NUMA 5),Device ?,0.02,23.13,0.71,11246791601269590,11246791601292720,1781444305221212100,1781444305221235230
1962160,1976239,Host(NUMA 5),Device ?,0.02,21.32,0.77,11246791601332810,11246791601354130,1781444305221364900,1781444305221386220
1962160,1976239,Host(NUMA 5),Device ?,0.02,23.07,0.71,11246791601387710,11246791601410780,1781444305221524920,1781444305221547990
1962160,1976239,Host(NUMA 5),Device ?,0.02,18.52,0.88,11246791601448680,11246791601467200,1781444305221680160,1781444305221698680
1962160,1976239,Host(NUMA 5),Device ?,0.02,39.36,0.42,11246791602073740,11246791602113100,1781444305221811080,1781444305221850440
1962160,1976239,Host(NUMA 5),Device ?,0.02,26.84,0.61,11246791602165120,11246791602191960,1781444305221984290,1781444305222011130
1962160,1976239,Host(NUMA 5),Device ?,0.01,24.79,0.50,11246791602228980,11246791602253770,1781444305222138640,1781444305222163430
1962160,1976239,Host(NUMA 5),Device ?,0.02,23.02,0.71,11246791602289970,11246791602312990,1781444305222289040,1781444305222312060
1962160,1976239,Host(NUMA 5),Device ?,0.02,22.51,0.73,11246791602352670,11246791602375180,1781444305222437470,1781444305222459980
1962160,1976239,Host(NUMA 5),Device ?,0.02,22.30,0.73,11246791602414590,11246791602436890,1781444305222587680,1781444305222609980
1962160,1976239,Host(NUMA 5),Device ?,0.02,22.15,0.74,11246791602472540,11246791602494690,1781444305222735940,1781444305222758090
1962160,1976239,Host(NUMA 5),Device ?,0.02,19.40,0.84,11246791602534790,11246791602554190,1781444305222888860,1781444305222908260
1962160,1976239,Host(NUMA 5),Device ?,0.02,23.42,0.70,11246791602591700,11246791602615120,1781444305223063270,1781444305223086690
1962160,1976239,Host(NUMA 5),Device ?,0.02,24.70,0.66,11246791602651240,11246791602675940,1781444305223211220,1781444305223235920
1962160,1976239,Host(NUMA 5),Device ?,0.01,20.97,0.59,11246791602711340,11246791602732310,1781444305223365900,1781444305223386870
1962160,1976239,Host(NUMA 5),Device ?,0.02,23.49,0.70,11246791602770290,11246791602793780,1781444305223512480,1781444305223535970
1962160,1976239,Host(NUMA 5),Device ?,0.02,22.47,0.73,11246791602829180,11246791602851650,1781444305223662410,1781444305223684880
1962160,1976239,Host(NUMA 5),Device ?,0.02,23.89,0.69,11246791602888830,11246791602912720,1781444305223811050,1781444305223834940
1962160,1976239,Host(NUMA 5),Device ?,0.02,24.25,0.68,11246791602949920,11246791602974170,1781444305223963440,1781444305223987690
1962160,1976239,Host(NUMA 5),Device ?,0.02,19.69,0.83,11246791603013910,11246791603033600,1781444305224117280,1781444305224136970
1962160,1976239,Host(NUMA 5),Device ?,0.02,21.60,0.76,11246791603072300,11246791603093900,1781444305224263540,1781444305224285140
1962160,1976239,Host(NUMA 5),Device ?,0.02,23.91,0.69,11246791603130870,11246791603154780,1781444305224422610,1781444305224446520
1962160,1976239,Host(NUMA 5),Device ?,0.01,20.67,0.59,11246791603193010,11246791603213680,1781444305224576320,1781444305224596990
1962160,1976239,Host(NUMA 5),Device ?,0.02,23.37,0.70,11246791603248860,11246791603272230,1781444305224727780,1781444305224751150
1962160,1976239,Host(NUMA 5),Device ?,0.02,23.18,0.71,11246791603306580,11246791603329760,1781444305224876380,1781444305224899560
1962160,1976239,Host(NUMA 5),Device ?,0.02,22.73,0.72,11246791603367050,11246791603389780,1781444305225038000,1781444305225060730
1962160,1976239,Host(NUMA 5),Device ?,0.02,23.28,0.70,11246791603424940,11246791603448220,1781444305225185200,1781444305225208480
1962160,1976239,Host(NUMA 5),Device ?,0.02,18.89,0.87,11246791603484470,11246791603503360,1781444305225341350,1781444305225360240
1962160,1976239,Host(NUMA 5),Device ?,0.02,23.77,0.69,11246791603536440,11246791603560210,1781444305225490230,1781444305225514000
1962160,1976239,Host(NUMA 5),Device ?,0.02,24.60,0.67,11246791603595790,11246791603620390,1781444305225641290,1781444305225665890
1962160,1976239,Host(NUMA 5),Device ?,0.01,20.33,0.60,11246791603655420,11246791603675750,1781444305225798240,1781444305225818570
1962160,1976239,Host(NUMA 5),Device ?,0.02,25.40,0.65,11246791603711200,11246791603736600,1781444305225944540,1781444305225969940
1962160,1976239,Host(NUMA 5),Device ?,0.02,23.87,0.69,11246791603771350,11246791603795220,1781444305226098690,1781444305226122560
1962160,1976239,Host(NUMA 5),Device ?,0.02,22.28,0.74,11246791603831790,11246791603854070,1781444305226256640,1781444305226278920
1962160,1976239,Host(NUMA 5),Device ?,0.02,21.85,0.75,11246791603887290,11246791603909140,1781444305226408220,1781444305226430070
1962160,1976239,Host(NUMA 5),Device ?,0.02,19.46,0.84,11246791603947130,11246791603966590,1781444305226562930,1781444305226582390
1962160,1976239,Host(NUMA 5),Device ?,0.02,23.50,0.70,11246791604009130,11246791604032630,1781444305226707700,1781444305226731200
1962160,1976239,Host(NUMA 5),Device ?,0.02,24.04,0.68,11246791604074730,11246791604098770,1781444305226870150,1781444305226894190
1962160,1976239,Host(NUMA 5),Device ?,0.01,24.33,0.51,11246791604132650,11246791604156980,1781444305227040790,1781444305227065120
1962160,1976239,Host(NUMA 5),Device ?,0.02,22.72,0.72,11246791604191640,11246791604214360,1781444305227194710,1781444305227217430
1962160,1976239,Host(NUMA 5),Device ?,0.02,22.98,0.71,11246791604246390,11246791604269370,1781444305227347050,1781444305227370030
1962160,1976239,Host(NUMA 5),Device ?,0.02,22.51,0.73,11246791604303500,11246791604326010,1781444305227498740,1781444305227521250
1962160,1976239,Host(NUMA 5),Device ?,0.02,21.12,0.78,11246791604360580,11246791604381700,1781444305227652030,1781444305227673150
1962160,1976239,Host(NUMA 5),Device ?,0.02,17.85,0.92,11246791604415240,11246791604433090,1781444305227815430,1781444305227833280
1962160,1976239,Host(NUMA 5),Device ?,0.02,23.57,0.70,11246791604468420,11246791604491990,1781444305227960220,1781444305227983790
1962160,1976239,Host(NUMA 5),Device ?,0.02,23.32,0.70,11246791604531460,11246791604554780,1781444305228129810,1781444305228153130
1962160,1976239,Host(NUMA 5),Device ?,0.01,24.54,0.50,11246791604593600,11246791604618140,1781444305228284080,1781444305228308620
1962160,1976239,Host(NUMA 5),Device ?,0.02,22.94,0.71,11246791604657540,11246791604680480,1781444305228438210,1781444305228461150
1962160,1976239,Host(NUMA 5),Device ?,0.02,22.44,0.73,11246791604718160,11246791604740600,1781444305228588810,1781444305228611250
1962160,1976239,Host(NUMA 5),Device ?,0.02,24.25,0.68,11246791604776700,11246791604800950,1781444305228737460,1781444305228761710
1962160,1976239,Host(NUMA 5),Device ?,0.02,22.68,0.72,11246791604837820,11246791604860500,1781444305228891320,1781444305228914000
1962160,1976239,Host(NUMA 5),Device ?,0.02,22.78,0.72,11246791604895680,11246791604918460,1781444305229040000,1781444305229062780
1962160,1976239,Host(NUMA 5),Device ?,0.02,22.46,0.73,11246791604952380,11246791604974840,1781444305229191340,1781444305229213800
1962160,1976239,Host(NUMA 5),Device ?,0.02,22.04,0.74,11246791605012880,11246791605034920,1781444305229354160,1781444305229376200
1962160,1976239,Host(NUMA 5),Device ?,0.01,23.17,0.53,11246791605069540,11246791605092710,1781444305229502590,1781444305229525760
1962160,1976239,Host(NUMA 5),Device ?,0.02,22.18,0.74,11246791605125330,11246791605147510,1781444305229653550,1781444305229675730
1962160,1976239,Host(NUMA 5),Device ?,0.02,20.64,0.79,11246791605179680,11246791605200320,1781444305229804730,1781444305229825370
1962160,1976239,Host(NUMA 5),Device ?,0.02,22.79,0.72,11246791605236550,11246791605259340,1781444305229954630,1781444305229977420
1962160,1976239,Host(NUMA 5),Device ?,0.02,22.68,0.72,11246791605292560,11246791605315240,1781444305230111240,1781444305230133920
1962160,1976239,Host(NUMA 5),Device ?,0.02,17.06,0.96,11246791605348170,11246791605365230,1781444305230264830,1781444305230281890
1962160,1976239,Host(NUMA 5),Device ?,0.02,23.40,0.70,11246791605400400,11246791605423800,1781444305230409490,1781444305230432890
1962160,1976239,Host(NUMA 5),Device ?,0.02,21.92,0.75,11246791605459990,11246791605481910,1781444305230560700,1781444305230582620
1962160,1976239,Host(NUMA 5),Device ?,0.01,23.29,0.53,11246791605516410,11246791605539700,1781444305230710870,1781444305230734160
1962160,1976239,Host(NUMA 5),Device ?,0.02,21.76,0.75,11246791605575380,11246791605597140,1781444305230868560,1781444305230890320
1962160,1976239,Host(NUMA 5),Device ?,0.02,22.40,0.73,11246791605630280,11246791605652680,1781444305231033120,1781444305231055520
1962160,1976239,Host(NUMA 5),Device ?,0.02,23.37,0.70,11246791605690770,11246791605714140,1781444305231197930,1781444305231221300
1962160,1976239,Host(NUMA 5),Device ?,0.02,22.16,0.74,11246791605748750,11246791605770910,1781444305231350280,1781444305231372440
1962160,1976239,Host(NUMA 5),Device ?,0.02,19.57,0.84,11246791605809840,11246791605829410,1781444305231500270,1781444305231519840
1962160,1976239,Host(NUMA 5),Device ?,0.02,23.37,0.70,11246791605865760,11246791605889130,1781444305231645640,1781444305231669010
1962160,1976239,Host(NUMA 5),Device ?,0.02,22.79,0.72,11246791605923700,11246791605946490,1781444305231793980,1781444305231816770
1962160,1976239,Host(NUMA 5),Device ?,0.01,23.32,0.53,11246791605981660,11246791606004980,1781444305231942840,1781444305231966160
1962160,1976239,Host(NUMA 5),Device ?,0.02,22.95,0.71,11246791606041170,11246791606064120,1781444305232092390,1781444305232115340
1962160,1976239,Host(NUMA 5),Device ?,0.02,28.49,0.58,11246791606200840,11246791606229330,1781444305232235550,1781444305232264040
1962160,1976239,Host(NUMA 5),Device ?,0.02,22.94,0.71,11246791606271770,11246791606294710,1781444305232403010,1781444305232425950
1962160,1976239,Host(NUMA 5),Device ?,0.02,23.28,0.70,11246791606330770,11246791606354050,1781444305232560920,1781444305232584200
1962160,1976239,Host(NUMA 5),Device ?,0.02,19.81,0.83,11246791606393190,11246791606413000,1781444305232717580,1781444305232737390
1962160,1976239,Host(NUMA 5),Device ?,0.02,23.55,0.70,11246791606448520,11246791606472070,1781444305232865800,1781444305232889350
1962160,1976239,Host(NUMA 5),Device ?,0.02,23.87,0.69,11246791606506600,11246791606530470,1781444305233014990,1781444305233038860
1962160,1976239,Host(NUMA 5),Device ?,0.01,23.21,0.53,11246791606566910,11246791606590120,1781444305233167880,1781444305233191090
1962160,1976239,Host(NUMA 5),Device ?,0.02,24.28,0.67,11246791606631970,11246791606656250,1781444305233315520,1781444305233339800
1962160,1976239,Host(NUMA 5),Device ?,0.02,23.99,0.68,11246791606691080,11246791606715070,1781444305233464750,1781444305233488740
1962160,1976239,Host(NUMA 5),Device ?,0.02,22.98,0.71,11246791606750150,11246791606773130,1781444305233614370,1781444305233637350
1962160,1976239,Host(NUMA 5),Device ?,0.02,21.76,0.75,11246791606807050,11246791606828810,1781444305233765860,1781444305233787620
1962160,1976239,Host(NUMA 5),Device ?,0.02,22.22,0.74,11246791606862650,11246791606884870,1781444305233911950,1781444305233934170
1962160,1976239,Host(NUMA 5),Device ?,0.02,22.38,0.73,11246791606917840,11246791606940220,1781444305234074920,1781444305234097300
1962160,1976239,Host(NUMA 5),Device ?,0.02,20.95,0.78,11246791606973780,11246791606994730,1781444305234228160,1781444305234249110
1962160,1976239,Host(NUMA 5),Device ?,0.01,20.88,0.59,11246791607030120,11246791607051000,1781444305234391530,1781444305234412410
1962160,1976239,Host(NUMA 5),Device ?,0.02,22.78,0.72,11246791607089090,11246791607111870,1781444305234545220,1781444305234568000
1962160,1976239,Host(NUMA 5),Device ?,0.02,23.59,0.69,11246791607145450,11246791607169040,1781444305234697380,1781444305234720970
1962160,1976239,Host(NUMA 5),Device ?,0.02,22.04,0.74,11246791607209810,11246791607231850,1781444305234850380,1781444305234872420
1962160,1976239,Host(NUMA 5),Device ?,0.02,23.66,0.69,11246791607265990,11246791607289650,1781444305235021710,1781444305235045370
1962160,1976239,Host(NUMA 5),Device ?,0.02,21.94,0.75,11246791607326550,11246791607348490,1781444305235176770,1781444305235198710
1962160,1976239,Host(NUMA 5),Device ?,0.02,23.56,0.70,11246791607382970,11246791607406530,1781444305235330990,1781444305235354550
1962160,1976239,Host(NUMA 5),Device ?,0.02,23.65,0.69,11246791607441460,11246791607465110,1781444305235480460,1781444305235504110
1962160,1976239,Host(NUMA 5),Device ?,0.01,23.10,0.53,11246791607500830,11246791607523930,1781444305235630830,1781444305235653930
1962160,1976239,Host(NUMA 5),Device ?,0.02,23.44,0.70,11246791607558370,11246791607581810,1781444305235783400,1781444305235806840
1962160,1976239,Host(NUMA 5),Device ?,0.02,23.37,0.70,11246791607617930,11246791607641300,1781444305235932370,1781444305235955740
1962160,1976239,Host(NUMA 5),Device ?,0.02,23.33,0.70,11246791607674610,11246791607697940,1781444305236081900,1781444305236105230
1962160,1976239,Host(NUMA 5),Device ?,0.02,22.83,0.72,11246791607734330,11246791607757160,1781444305236233290,1781444305236256120
1962160,1976239,Host(NUMA 5),Device ?,0.02,21.66,0.76,11246791607797020,11246791607818680,1781444305236386070,1781444305236407730
1962160,1976239,Host(NUMA 5),Device ?,0.02,24.42,0.67,11246791607855950,11246791607880370,1781444305236529830,1781444305236554250
1962160,1976239,Host(NUMA 5),Device ?,0.02,23.20,0.71,11246791607916440,11246791607939640,1781444305236680280,1781444305236703480
1962160,1976239,Host(NUMA 5),Device ?,0.01,21.00,0.59,11246791607974680,11246791607995680,1781444305236830860,1781444305236851860
1962160,1976239,Host(NUMA 5),Device ?,0.02,24.56,0.67,11246791608041090,11246791608065650,1781444305236977470,1781444305237002030
1962160,1976239,Host(NUMA 5),Device ?,0.02,24.17,0.68,11246791608100720,11246791608124890,1781444305237128070,1781444305237152240
1962160,1976239,Host(NUMA 5),Device ?,0.02,24.02,0.68,11246791608161370,11246791608185390,1781444305237283480,1781444305237307500
1962160,1976239,Host(NUMA 5),Device ?,0.02,20.16,0.81,11246791608220520,11246791608240680,1781444305237449830,1781444305237469990
1962160,1976239,Host(NUMA 5),Device ?,0.02,23.50,0.70,11246791608275770,11246791608299270,1781444305237597120,1781444305237620620
1962160,1976239,Host(NUMA 5),Device ?,0.02,23.91,0.69,11246791608332830,11246791608356740,1781444305237757810,1781444305237781720
1962160,1976239,Host(NUMA 5),Device ?,0.02,24.04,0.68,11246791608395780,11246791608419820,1781444305237913620,1781444305237937660
1962160,1976239,Host(NUMA 5),Device ?,0.01,20.33,0.60,11246791608454390,11246791608474720,1781444305238069080,1781444305238089410
1962160,1976239,Host(NUMA 5),Device ?,0.02,23.09,0.71,11246791608512610,11246791608535700,1781444305238215090,1781444305238238180
1962160,1976239,Host(NUMA 5),Device ?,0.02,23.67,0.69,11246791608569360,11246791608593030,1781444305238362760,1781444305238386430
1962160,1976239,Host(NUMA 5),Device ?,0.02,22.39,0.73,11246791608631190,11246791608653580,1781444305238518790,1781444305238541180
1962160,1976239,Host(NUMA 5),Device ?,0.02,23.75,0.69,11246791608688780,11246791608712530,1781444305238666730,1781444305238690480
1962160,1976239,Host(NUMA 5),Device ?,0.02,23.21,0.71,11246791608746850,11246791608770060,1781444305238816430,1781444305238839640
1962160,1976239,Host(NUMA 5),Device ?,0.02,25.02,0.65,11246791608807880,11246791608832900,1781444305238997880,1781444305239022900
1962160,1976239,Host(NUMA 5),Device ?,0.02,23.20,0.71,11246791608872480,11246791608895680,1781444305239157390,1781444305239180590
1962160,1976239,Host(NUMA 5),Device ?,0.01,20.26,0.61,11246791608933250,11246791608953510,1781444305239311850,1781444305239332110
1962160,1976239,Host(NUMA 5),Device ?,0.02,23.64,0.69,11246791608988980,11246791609012620,1781444305239466300,1781444305239489940
1962160,1976239,Host(NUMA 5),Device ?,0.02,24.25,0.68,11246791609046540,11246791609070790,1781444305239620370,1781444305239644620
1962160,1976239,Host(NUMA 5),Device ?,0.02,23.59,0.69,11246791609105870,11246791609129460,1781444305239771580,1781444305239795170
1962160,1976239,Host(NUMA 5),Device ?,0.02,22.91,0.72,11246791609166200,11246791609189110,1781444305239923420,1781444305239946330
1962160,1976239,Host(NUMA 5),Device ?,0.02,22.75,0.72,11246791609228910,11246791609251660,1781444305240077190,1781444305240099940
1962160,1976239,Host(NUMA 5),Device ?,0.02,23.25,0.70,11246791609288370,11246791609311620,1781444305240228320,1781444305240251570
1962160,1976239,Host(NUMA 5),Device ?,0.02,23.11,0.71,11246791609348750,11246791609371860,1781444305240375890,1781444305240399000
1962160,1976239,Host(NUMA 5),Device ?,0.01,21.18,0.58,11246791609407180,11246791609428360,1781444305240537920,1781444305240559100
1962160,1976239,Host(NUMA 5),Device ?,0.02,22.53,0.73,11246791609466690,11246791609489220,1781444305240690940,1781444305240713470
1962160,1976239,Host(NUMA 5),Device ?,0.02,24.51,0.67,11246791609523150,11246791609547660,1781444305240855460,1781444305240879970
1962160,1976239,Host(NUMA 5),Device ?,0.02,24.21,0.68,11246791609583960,11246791609608170,1781444305241004790,1781444305241029000
1962160,1976239,Host(NUMA 5),Device ?,0.02,23.24,0.70,11246791609644780,11246791609668020,1781444305241155800,1781444305241179040
1962160,1976239,Host(NUMA 5),Device ?,0.02,22.88,0.72,11246791609705410,11246791609728290,1781444305241306090,1781444305241328970
1962160,1976239,Host(NUMA 5),Device ?,0.02,23.49,0.70,11246791609762170,11246791609785660,1781444305241454950,1781444305241478440
1962160,1976239,Host(NUMA 5),Device ?,0.02,24.18,0.68,11246791609820090,11246791609844270,1781444305241602400,1781444305241626580
1962160,1976239,Host(NUMA 5),Device ?,0.01,19.11,0.64,11246791609876760,11246791609895870,1781444305241755060,1781444305241774170
1962160,1976239,Host(NUMA 5),Device ?,0.02,22.48,0.73,11246791609930140,11246791609952620,1781444305241902170,1781444305241924650
1962160,1976239,Host(NUMA 5),Device ?,0.02,23.03,0.71,11246791609988340,11246791610011370,1781444305242058370,1781444305242081400
1962160,1976239,Host(NUMA 5),Device ?,0.02,22.80,0.72,11246791610048640,11246791610071440,1781444305242210320,1781444305242233120
1962160,1976239,Host(NUMA 5),Device ?,0.02,23.88,0.69,11246791610106570,11246791610130450,1781444305242361620,1781444305242385500
1962160,1976239,Host(NUMA 5),Device ?,0.02,19.33,0.85,11246791610166510,11246791610185840,1781444305242518800,1781444305242538130
1962160,1976239,Host(NUMA 5),Device ?,0.02,22.71,0.72,11246791610218590,11246791610241300,1781444305242667650,1781444305242690360
1962160,1976239,Host(NUMA 5),Device ?,0.02,22.87,0.72,11246791610274330,11246791610297200,1781444305242820620,1781444305242843490
1962160,1976239,Host(NUMA 5),Device ?,509.88,28526.34,18.74,11246791610331530,11246791638857870,1781444305214480190,1781444305243006530
1962160,1976239,Host(NUMA 5),Device ?,24.00,1546.58,16.27,11246791638923680,11246791640470260,1781444305241625700,1781444305243172280
1962160,1976239,Host(NUMA 5),Device ?,8.00,668.45,12.55,11246791640527900,11246791641196350,1781444305242657830,1781444305243326280
1962160,1976239,Host(NUMA 5),Device ?,32.00,1864.61,18.00,11246791641248420,11246791643113030,1781444305241612120,1781444305243476730
1962160,1976239,Host(NUMA 5),Device ?,32.00,7252.05,4.63,11246791643164050,11246791650416100,1781444305236387170,1781444305243639220
1962160,1976239,Host(NUMA 5),Device ?,24.00,1501.86,16.76,11246791650493860,11246791651995720,1781444305242298700,1781444305243800560
1962160,1976239,Host(NUMA 5),Device ?,8.00,645.79,12.99,11246791652063780,11246791652709570,1781444305243305690,1781444305243951480
1962160,1976239,Host(NUMA 5),Device ?,32.00,2260.52,14.84,11246791652766820,11246791655027340,1781444305241842760,1781444305244103280
1962160,1976239,Host(NUMA 5),Device ?,32.00,2401.06,13.97,11246791655083560,11246791657484620,1781444305241861370,1781444305244262430
1962160,1976239,Host(NUMA 5),Device ?,24.00,1743.07,14.44,11246791657543000,11246791659286070,1781444305242675170,1781444305244418240
1962160,1976239,Host(NUMA 5),Device ?,8.00,675.46,12.42,11246791659341770,11246791660017230,1781444305243896190,1781444305244571650
1962160,1976239,Host(NUMA 5),Device ?,32.00,2156.52,15.56,11246791660073360,11246791662229880,1781444305242565040,1781444305244721560
1962160,1976239,Host(NUMA 5),Device ?,32.00,2121.73,15.81,11246791662283400,11246791664405130,1781444305242748840,1781444305244870570
1962160,1976239,Host(NUMA 5),Device ?,24.00,1714.24,14.68,11246791664461260,11246791666175500,1781444305243310760,1781444305245025000
1962160,1976239,Host(NUMA 5),Device ?,8.00,757.22,11.08,11246791666229620,11246791666986840,1781444305244421080,1781444305245178300
1962160,1976239,Host(NUMA 5),Device ?,32.00,2208.77,15.19,11246791667042750,11246791669251520,1781444305243117500,1781444305245326270
1962160,1976239,Host(NUMA 5),Device ?,32.00,2114.17,15.87,11246791669304580,11246791671418750,1781444305244388920,1781444305246503090
1962160,1976239,Host(NUMA 5),Device ?,24.00,1716.77,14.66,11246791671476170,11246791673192940,1781444305246556410,1781444305248273180
1962160,1976239,Host(NUMA 5),Device ?,8.00,618.34,13.57,11246791673250410,11246791673868750,1781444305248331040,1781444305248949380
1962160,1976239,Host(NUMA 5),Device ?,32.00,2141.02,15.67,11246791673922590,11246791676063610,1781444305249004040,1781444305251145060
1962160,1976239,Host(NUMA 5),Device ?,32.00,2150.86,15.60,11246791676121500,11246791678272360,1781444305251200020,1781444305253350880
1962160,1976239,Host(NUMA 5),Device ?,24.00,1718.96,14.64,11246791678326690,11246791680045650,1781444305253404440,1781444305255123400
1962160,1976239,Host(NUMA 5),Device ?,8.00,671.61,12.49,11246791680100960,11246791680772570,1781444305255179990,1781444305255851600
1962160,1976239,Host(NUMA 5),Device ?,32.00,2107.75,15.92,11246791680827120,11246791682934870,1781444305255909080,1781444305258016830
1962160,1976239,Host(NUMA 5),Device ?,32.00,2193.13,15.30,11246791682986210,11246791685179340,1781444305258068370,1781444305260261500
1962160,1976239,Host(NUMA 5),Device ?,24.00,1693.11,14.86,11246791685233420,11246791686926530,1781444305260308500,1781444305262001610
1962160,1976239,Host(NUMA 5),Device ?,8.00,644.87,13.01,11246791686979400,11246791687624270,1781444305262059910,1781444305262704780
1962160,1976239,Host(NUMA 5),Device ?,32.00,2111.85,15.89,11246791687677640,11246791689789490,1781444305262762350,1781444305264874200
1962160,1976239,Host(NUMA 5),Device ?,32.00,2147.00,15.63,11246791689847510,11246791691994510,1781444305264942490,1781444305267089490
1962160,1976239,Host(NUMA 5),Device ?,24.00,1672.01,15.05,11246791692064630,11246791693736640,1781444305267140440,1781444305268812450
1962160,1976239,Host(NUMA 5),Device ?,8.00,745.02,11.26,11246791693793210,11246791694538230,1781444305268867430,1781444305269612450
1962160,1976239,Host(NUMA 5),Device ?,32.00,2009.62,16.70,11246791694588330,11246791696597950,1781444305269696220,1781444305271705840
1962160,1976239,Host(NUMA 5),Device ?,32.00,1989.96,16.86,11246791696654230,11246791698644190,1781444305271737900,1781444305273727860
1962160,1976239,Host(NUMA 5),Device ?,24.00,1590.87,15.82,11246791698700360,11246791700291230,1781444305273797700,1781444305275388570
1962160,1976239,Host(NUMA 5),Device ?,8.00,627.58,13.37,11246791700342680,11246791700970260,1781444305275423220,1781444305276050800
1962160,1976239,Host(NUMA 5),Device ?,32.00,2050.16,16.37,11246791701023820,11246791703073980,1781444305276113090,1781444305278163250
1962160,1976239,Host(NUMA 5),Device ?,32.00,2003.77,16.75,11246791703128450,11246791705132220,1781444305278217040,1781444305280220810
1962160,1976239,Host(NUMA 5),Device ?,24.00,1596.75,15.76,11246791705189270,11246791706786020,1781444305280266850,1781444305281863600
1962160,1976239,Host(NUMA 5),Device ?,8.00,726.21,11.55,11246791706841540,11246791707567750,1781444305281917950,1781444305282644160
1962160,1976239,Host(NUMA 5),Device ?,32.00,2007.15,16.72,11246791707619430,11246791709626580,1781444305282698800,1781444305284705950
1962160,1976239,Host(NUMA 5),Device ?,32.00,2024.44,16.57,11246791709680640,11246791711705080,1781444305284757180,1781444305286781620
1962160,1976239,Host(NUMA 5),Device ?,24.00,1532.63,16.42,11246791711763220,11246791713295850,1781444305286842670,1781444305288375300
1962160,1976239,Host(NUMA 5),Device ?,8.00,694.14,12.08,11246791713350600,11246791714044740,1781444305288428940,1781444305289123080
1962160,1976239,Host(NUMA 5),Device ?,32.00,1993.62,16.83,11246791714096730,11246791716090350,1781444305289176490,1781444305291170110
1962160,1976239,Host(NUMA 5),Device ?,32.00,1964.60,17.08,11246791716144990,11246791718109590,1781444305291222370,1781444305293186970
1962160,1976239,Host(NUMA 5),Device ?,24.00,1555.30,16.18,11246791718163360,11246791719718660,1781444305293239950,1781444305294795250
1962160,1976239,Host(NUMA 5),Device ?,8.00,676.07,12.41,11246791719772290,11246791720448360,1781444305294847050,1781444305295523120
1962160,1976239,Host(NUMA 5),Device ?,32.00,1996.23,16.81,11246791720501090,11246791722497320,1781444305295575770,1781444305297572000
1962160,1976239,Host(NUMA 5),Device ?,32.00,1958.76,17.13,11246791722545490,11246791724504250,1781444305297624240,1781444305299583000
1962160,1976239,Host(NUMA 5),Device ?,24.00,1521.54,16.54,11246791724560890,11246791726082430,1781444305299634330,1781444305301155870
1962160,1976239,Host(NUMA 5),Device ?,8.00,689.05,12.17,11246791726137990,11246791726827040,1781444305301212550,1781444305301901600
1962160,1976239,Host(NUMA 5),Device ?,32.00,1996.10,16.81,11246791726887160,11246791728883260,1781444305301964400,1781444305303960500
1962160,1976239,Host(NUMA 5),Device ?,32.00,1960.40,17.12,11246791728937050,11246791730897450,1781444305304011650,1781444305305972050
1962160,1976239,Host(NUMA 5),Device ?,24.00,1550.03,16.24,11246791730950740,11246791732500770,1781444305306028230,1781444305307578260
1962160,1976239,Host(NUMA 5),Device ?,8.00,643.87,13.03,11246791732553490,11246791733197360,1781444305307631320,1781444305308275190
1962160,1976239,Host(NUMA 5),Device ?,32.00,2010.67,16.69,11246791733249710,11246791735260380,1781444305308326240,1781444305310336910
1962160,1976239,Host(NUMA 5),Device ?,32.00,2029.14,16.54,11246791735313500,11246791737342640,1781444305310389850,1781444305312418990
1962160,1976239,Host(NUMA 5),Device ?,24.00,1573.16,16.00,11246791737398640,11246791738971800,1781444305312471490,1781444305314044650
1962160,1976239,Host(NUMA 5),Device ?,8.00,665.31,12.61,11246791739021730,11246791739687040,1781444305314097380,1781444305314762690
1962160,1976239,Host(NUMA 5),Device ?,32.00,2020.25,16.61,11246791739743080,11246791741763330,1781444305314819860,1781444305316840110
1962160,1976239,Host(NUMA 5),Device ?,32.00,2023.75,16.58,11246791741818770,11246791743842520,1781444305316892890,1781444305318916640
1962160,1976239,Host(NUMA 5),Device ?,24.00,1576.00,15.97,11246791743895980,11246791745471980,1781444305318972400,1781444305320548400
1962160,1976239,Host(NUMA 5),Device ?,8.00,624.89,13.42,11246791745524600,11246791746149490,1781444305320602110,1781444305321227000
1962160,1976239,Host(NUMA 5),Device ?,32.00,2030.34,16.53,11246791746200350,11246791748230690,1781444305321274130,1781444305323304470
1962160,1976239,Host(NUMA 5),Device ?,32.00,2033.41,16.50,11246791748283280,11246791750316690,1781444305323359040,1781444305325392450
1962160,1976239,Host(NUMA 5),Device ?,24.00,1572.19,16.01,11246791750370790,11246791751942980,1781444305325457370,1781444305327029560
1962160,1976239,Host(NUMA 5),Device ?,8.00,655.64,12.79,11246791751993780,11246791752649420,1781444305327067130,1781444305327722770
1962160,1976239,Host(NUMA 5),Device ?,32.00,1951.00,17.20,11246791752704520,11246791754655520,1781444305327778710,1781444305329729710
1962160,1976239,Host(NUMA 5),Device ?,32.00,2024.08,16.58,11246791754711360,11246791756735440,1781444305329786910,1781444305331810990
1962160,1976239,Host(NUMA 5),Device ?,24.00,1576.65,15.96,11246791756790750,11246791758367400,1781444305331868030,1781444305333444680
1962160,1976239,Host(NUMA 5),Device ?,8.00,620.29,13.52,11246791758414920,11246791759035210,1781444305333488630,1781444305334108920
1962160,1976239,Host(NUMA 5),Device ?,32.00,2012.07,16.68,11246791759089640,11246791761101710,1781444305334166380,1781444305336178450
1962160,1976239,Host(NUMA 5),Device ?,32.00,2007.00,16.72,11246791761151570,11246791763158570,1781444305336226630,1781444305338233630
1962160,1976239,Host(NUMA 5),Device ?,24.00,1620.89,15.53,11246791763214780,11246791764835670,1781444305338289480,1781444305339910370
1962160,1976239,Host(NUMA 5),Device ?,8.00,634.02,13.23,11246791764890280,11246791765524300,1781444305339964910,1781444305340598930
1962160,1976239,Host(NUMA 5),Device ?,32.00,1987.62,16.88,11246791765579720,11246791767567340,1781444305340655980,1781444305342643600
1962160,1976239,Host(NUMA 5),Device ?,32.00,1968.74,17.04,11246791767616200,11246791769584940,1781444305342694520,1781444305344663260
1962160,1976239,Host(NUMA 5),Device ?,24.00,1541.80,16.32,11246791769641520,11246791771183320,1781444305344716810,1781444305346258610
1962160,1976239,Host(NUMA 5),Device ?,8.00,666.11,12.59,11246791771236090,11246791771902200,1781444305346328260,1781444305346994370
1962160,1976239,Host(NUMA 5),Device ?,32.00,1994.17,16.83,11246791771955380,11246791773949550,1781444305347035640,1781444305349029810
1962160,1976239,Host(NUMA 5),Device ?,32.00,1981.83,16.93,11246791774002050,11246791775983880,1781444305349098360,1781444305351080190
1962160,1976239,Host(NUMA 5),Device ?,24.00,1561.24,16.12,11246791776051190,11246791777612430,1781444305351126310,1781444305352687550
1962160,1976239,Host(NUMA 5),Device ?,8.00,603.38,13.90,11246791777666150,11246791778269530,1781444305352741760,1781444305353345140
1962160,1976239,Host(NUMA 5),Device ?,32.00,2044.82,16.41,11246791778322660,11246791780367480,1781444305353401020,1781444305355445840
1962160,1976239,Host(NUMA 5),Device ?,32.00,2010.19,16.69,11246791780422080,11246791782432270,1781444305355500300,1781444305357510490
1962160,1976239,Host(NUMA 5),Device ?,24.00,1559.65,16.14,11246791782485780,11246791784045430,1781444305357563930,1781444305359123580
1962160,1976239,Host(NUMA 5),Device ?,8.00,643.29,13.04,11246791784098770,11246791784742060,1781444305359172460,1781444305359815750
1962160,1976239,Host(NUMA 5),Device ?,32.00,1977.55,16.97,11246791784799120,11246791786776670,1781444305359873940,1781444305361851490
1962160,1976239,Host(NUMA 5),Device ?,32.00,2044.22,16.41,11246791786829830,11246791788874050,1781444305361906010,1781444305363950230
1962160,1976239,Host(NUMA 5),Device ?,24.00,1532.24,16.42,11246791788927890,11246791790460130,1781444305364001570,1781444305365533810
1962160,1976239,Host(NUMA 5),Device ?,8.00,598.91,14.01,11246791790510640,11246791791109550,1781444305365586820,1781444305366185730
1962160,1976239,Host(NUMA 5),Device ?,32.00,1992.12,16.84,11246791791163780,11246791793155900,1781444305366238810,1781444305368230930
1962160,1976239,Host(NUMA 5),Device ?,32.00,1995.35,16.82,11246791793208220,11246791795203570,1781444305368285010,1781444305370280360
1962160,1976239,Host(NUMA 5),Device ?,24.00,1600.57,15.72,11246791795256990,11246791796857560,1781444305370333290,1781444305371933860
1962160,1976239,Host(NUMA 5),Device ?,8.00,619.45,13.54,11246791796910910,11246791797530360,1781444305371987120,1781444305372606570
1962160,1976239,Host(NUMA 5),Device ?,32.00,2002.57,16.76,11246791797581450,11246791799584020,1781444305372655770,1781444305374658340
1962160,1976239,Host(NUMA 5),Device ?,32.00,1990.32,16.86,11246791799639340,11246791801629660,1781444305374716250,1781444305376706570
1962160,1976239,Host(NUMA 5),Device ?,24.00,1538.34,16.36,11246791801680090,11246791803218430,1781444305376756960,1781444305378295300
1962160,1976239,Host(NUMA 5),Device ?,8.00,628.19,13.35,11246791803270420,11246791803898610,1781444305378356090,1781444305378984280
1962160,1976239,Host(NUMA 5),Device ?,32.00,2024.42,16.57,11246791803949830,11246791805974250,1781444305379023670,1781444305381048090
1962160,1976239,Host(NUMA 5),Device ?,32.00,2003.01,16.75,11246791806028470,11246791808031480,1781444305381103820,1781444305383106830
1962160,1976239,Host(NUMA 5),Device ?,24.00,1553.25,16.20,11246791808086360,11246791809639610,1781444305383159710,1781444305384712960
1962160,1976239,Host(NUMA 5),Device ?,8.00,594.89,14.10,11246791809691290,11246791810286180,1781444305384767020,1781444305385361910
1962160,1976239,Host(NUMA 5),Device ?,32.00,1997.84,16.80,11246791810338410,11246791812336250,1781444305385412610,1781444305387410450
1962160,1976239,Host(NUMA 5),Device ?,32.00,1970.95,17.02,11246791812386710,11246791814357660,1781444305387462350,1781444305389433300
1962160,1976239,Host(NUMA 5),Device ?,24.00,1514.16,16.62,11246791814411270,11246791815925430,1781444305389505020,1781444305391019180
1962160,1976239,Host(NUMA 5),Device ?,8.00,672.74,12.47,11246791815977640,11246791816650380,1781444305391053540,1781444305391726280
1962160,1976239,Host(NUMA 5),Device ?,32.00,2017.51,16.63,11246791816703030,11246791818720540,1781444305391779370,1781444305393796880
1962160,1976239,Host(NUMA 5),Device ?,32.00,2001.64,16.76,11246791818771600,11246791820773240,1781444305393848580,1781444305395850220
1962160,1976239,Host(NUMA 5),Device ?,24.00,1576.55,15.96,11246791820826110,11246791822402660,1781444305395902440,1781444305397478990
1962160,1976239,Host(NUMA 5),Device ?,8.00,677.06,12.39,11246791822457710,11246791823134770,1781444305397532440,1781444305398209500
1962160,1976239,Host(NUMA 5),Device ?,32.00,2019.50,16.62,11246791823187650,11246791825207150,1781444305398262640,1781444305400282140
1962160,1976239,Host(NUMA 5),Device ?,32.00,2028.68,16.54,11246791825263220,11246791827291900,1781444305400337980,1781444305402366660
1962160,1976239,Host(NUMA 5),Device ?,254.94,14344.83,18.64,11246791827347250,11246791841692080,1781444305402432500,1781444305416777330
1962160,1976239,Host(NUMA 5),Device ?,0.02,33.09,0.50,11246791841758510,11246791841791600,1781444305416921540,1781444305416954630
1962160,1976239,Host(NUMA 5),Device ?,0.02,24.68,0.66,11246791841845310,11246791841869990,1781444305417087990,1781444305417112670
1962160,1976239,Host(NUMA 5),Device ?,0.01,22.24,0.55,11246791841914910,11246791841937150,1781444305417250280,1781444305417272520
1962160,1976239,Host(NUMA 5),Device ?,0.02,31.25,0.52,11246791841977420,11246791842008670,1781444305417397930,1781444305417429180
1962160,1976239,Host(NUMA 5),Device ?,0.02,20.46,0.80,11246791842045660,11246791842066120,1781444305417568660,1781444305417589120
1962160,1976239,Host(NUMA 5),Device ?,0.02,19.59,0.84,11246791842108690,11246791842128280,1781444305417729220,1781444305417748810
1962160,1976239,Host(NUMA 5),Device ?,0.02,20.05,0.82,11246791842169840,11246791842189890,1781444305417884960,1781444305417905010
1962160,1976239,Host(NUMA 5),Device ?,0.02,19.11,0.86,11246791842229520,11246791842248630,1781444305418041680,1781444305418060790
1962160,1976239,Host(NUMA 5),Device ?,0.02,21.74,0.75,11246791842287480,11246791842309220,1781444305418195110,1781444305418216850
1962160,1976239,Host(NUMA 5),Device ?,0.02,20.24,0.81,11246791842350870,11246791842371110,1781444305418352210,1781444305418372450
1962160,1976239,Host(NUMA 5),Device ?,0.01,24.31,0.51,11246791842409230,11246791842433540,1781444305418516070,1781444305418540380
1962160,1976239,Host(NUMA 5),Device ?,0.02,21.74,0.75,11246791842472470,11246791842494210,1781444305418676930,1781444305418698670
1962160,1976239,Host(NUMA 5),Device ?,0.02,19.17,0.85,11246791842529250,11246791842548420,1781444305418832860,1781444305418852030
1962160,1976239,Host(NUMA 5),Device ?,0.02,22.36,0.73,11246791842588250,11246791842610610,1781444305418999150,1781444305419021510
1962160,1976239,Host(NUMA 5),Device ?,0.02,19.62,0.84,11246791842647850,11246791842667470,1781444305419175350,1781444305419194970
1962160,1976239,Host(NUMA 5),Device ?,0.02,18.62,0.88,11246791842708650,11246791842727270,1781444305419336640,1781444305419355260
1962160,1976239,Host(NUMA 5),Device ?,0.02,20.19,0.81,11246791842763300,11246791842783490,1781444305419493200,1781444305419513390
1962160,1976239,Host(NUMA 5),Device ?,0.02,19.04,0.86,11246791842821890,11246791842840930,1781444305419650470,1781444305419669510
1962160,1976239,Host(NUMA 5),Device ?,0.01,20.93,0.59,11246791842879410,11246791842900340,1781444305419807570,1781444305419828500
1962160,1976239,Host(NUMA 5),Device ?,0.02,26.15,0.63,11246791842935480,11246791842961630,1781444305419959300,1781444305419985450
1962160,1976239,Host(NUMA 5),Device ?,0.02,19.25,0.85,11246791842999660,11246791843018910,1781444305420123190,1781444305420142440
1962160,1976239,Host(NUMA 5),Device ?,0.02,19.26,0.85,11246791843059710,11246791843078970,1781444305420279260,1781444305420298520
1962160,1976239,Host(NUMA 5),Device ?,0.02,24.66,0.66,11246791843122280,11246791843146940,1781444305420426710,1781444305420451370
1962160,1976239,Host(NUMA 5),Device ?,0.02,19.23,0.85,11246791843188550,11246791843207780,1781444305420585520,1781444305420604750
1962160,1976239,Host(NUMA 5),Device ?,0.02,23.50,0.70,11246791843245710,11246791843269210,1781444305420735280,1781444305420758780
1962160,1976239,Host(NUMA 5),Device ?,0.02,19.24,0.85,11246791843306150,11246791843325390,1781444305420893870,1781444305420913110
1962160,1976239,Host(NUMA 5),Device ?,0.01,20.65,0.60,11246791843364230,11246791843384880,1781444305421049020,1781444305421069670
1962160,1976239,Host(NUMA 5),Device ?,0.02,20.48,0.80,11246791843425070,11246791843445550,1781444305421221320,1781444305421241800
1962160,1976239,Host(NUMA 5),Device ?,0.02,19.35,0.85,11246791843486610,11246791843505960,1781444305421380090,1781444305421399440
1962160,1976239,Host(NUMA 5),Device ?,0.02,22.19,0.74,11246791843546090,11246791843568280,1781444305421535010,1781444305421557200
1962160,1976239,Host(NUMA 5),Device ?,0.02,25.38,0.65,11246791843604850,11246791843630230,1781444305421701920,1781444305421727300
1962160,1976239,Host(NUMA 5),Device ?,0.02,19.58,0.84,11246791843669820,11246791843689400,1781444305421864460,1781444305421884040
1962160,1976239,Host(NUMA 5),Device ?,0.02,23.80,0.69,11246791843729220,11246791843753020,1781444305422016080,1781444305422039880
1962160,1976239,Host(NUMA 5),Device ?,0.02,18.91,0.87,11246791843794470,11246791843813380,1781444305422173830,1781444305422192740
1962160,1976239,Host(NUMA 5),Device ?,0.01,24.89,0.49,11246791843847910,11246791843872800,1781444305422321230,1781444305422346120
1962160,1976239,Host(NUMA 5),Device ?,0.02,22.45,0.73,11246791843912510,11246791843934960,1781444305422481080,1781444305422503530
1962160,1976239,Host(NUMA 5),Device ?,0.02,19.87,0.82,11246791843973500,11246791843993370,1781444305422639150,1781444305422659020
1962160,1976239,Host(NUMA 5),Device ?,0.02,23.52,0.70,11246791844049540,11246791844073060,1781444305422791830,1781444305422815350
1962160,1976239,Host(NUMA 5),Device ?,0.02,19.90,0.82,11246791844109850,11246791844129750,1781444305422962380,1781444305422982280
1962160,1976239,Host(NUMA 5),Device ?,0.02,18.90,0.87,11246791844169190,11246791844188090,1781444305423121170,1781444305423140070
1962160,1976239,Host(NUMA 5),Device ?,0.02,22.26,0.74,11246791844227590,11246791844249850,1781444305423274720,1781444305423296980
1962160,1976239,Host(NUMA 5),Device ?,0.02,19.47,0.84,11246791844291700,11246791844311170,1781444305423430100,1781444305423449570
1962160,1976239,Host(NUMA 5),Device ?,0.01,22.34,0.55,11246791844353730,11246791844376070,1781444305423581540,1781444305423603880
1962160,1976239,Host(NUMA 5),Device ?,0.02,20.07,0.82,11246791844418370,11246791844438440,1781444305423737370,1781444305423757440
1962160,1976239,Host(NUMA 5),Device ?,0.02,18.48,0.89,11246791844477110,11246791844495590,1781444305423892440,1781444305423910920
1962160,1976239,Host(NUMA 5),Device ?,0.02,19.91,0.82,11246791844535600,11246791844555510,1781444305424045320,1781444305424065230
1962160,1976239,Host(NUMA 5),Device ?,0.02,24.66,0.66,11246791844594630,11246791844619290,1781444305424206270,1781444305424230930
1962160,1976239,Host(NUMA 5),Device ?,0.02,19.19,0.85,11246791844658800,11246791844677990,1781444305424365250,1781444305424384440
1962160,1976239,Host(NUMA 5),Device ?,0.02,20.57,0.80,11246791844718170,11246791844738740,1781444305424518910,1781444305424539480
1962160,1976239,Host(NUMA 5),Device ?,0.02,19.04,0.86,11246791844774020,11246791844793060,1781444305424674290,1781444305424693330
1962160,1976239,Host(NUMA 5),Device ?,0.01,22.22,0.55,11246791844830230,11246791844852450,1781444305424839040,1781444305424861260
1962160,1976239,Host(NUMA 5),Device ?,0.02,23.41,0.70,11246791844892960,11246791844916370,1781444305424994970,1781444305425018380
1962160,1976239,Host(NUMA 5),Device ?,0.02,18.93,0.87,11246791844954880,11246791844973810,1781444305425156410,1781444305425175340
1962160,1976239,Host(NUMA 5),Device ?,0.02,23.56,0.70,11246791845016380,11246791845039940,1781444305425306030,1781444305425329590
1962160,1976239,Host(NUMA 5),Device ?,0.02,25.30,0.65,11246791845074970,11246791845100270,1781444305425458460,1781444305425483760
1962160,1976239,Host(NUMA 5),Device ?,0.02,21.17,0.77,11246791845147080,11246791845168250,1781444305425616460,1781444305425637630
1962160,1976239,Host(NUMA 5),Device ?,0.02,19.02,0.86,11246791845208360,11246791845227380,1781444305425775020,1781444305425794040
1962160,1976239,Host(NUMA 5),Device ?,0.02,19.27,0.85,11246791845267030,11246791845286300,1781444305425927950,1781444305425947220
1962160,1976239,Host(NUMA 5),Device ?,0.01,22.60,0.54,11246791845323160,11246791845345760,1781444305426079950,1781444305426102550
1962160,1976239,Host(NUMA 5),Device ?,0.02,24.88,0.66,11246791845381910,11246791845406790,1781444305426232800,1781444305426257680
1962160,1976239,Host(NUMA 5),Device ?,0.02,19.14,0.86,11246791845444330,11246791845463470,1781444305426391370,1781444305426410510
1962160,1976239,Host(NUMA 5),Device ?,0.02,19.79,0.83,11246791845503750,11246791845523540,1781444305426545700,1781444305426565490
1962160,1976239,Host(NUMA 5),Device ?,0.02,23.60,0.69,11246791845562030,11246791845585630,1781444305426711150,1781444305426734750
1962160,1976239,Host(NUMA 5),Device ?,0.02,19.46,0.84,11246791845624590,11246791845644050,1781444305426871620,1781444305426891080
1962160,1976239,Host(NUMA 5),Device ?,0.02,20.18,0.81,11246791845680100,11246791845700280,1781444305427045480,1781444305427065660
1962160,1976239,Host(NUMA 5),Device ?,0.02,18.81,0.87,11246791845740650,11246791845759460,1781444305427203800,1781444305427222610
1962160,1976239,Host(NUMA 5),Device ?,0.01,24.78,0.50,11246791845800100,11246791845824880,1781444305427350570,1781444305427375350
1962160,1976239,Host(NUMA 5),Device ?,0.02,19.47,0.84,11246791845862130,11246791845881600,1781444305427510810,1781444305427530280
1962160,1976239,Host(NUMA 5),Device ?,0.02,21.55,0.76,11246791845919460,11246791845941010,1781444305427662040,1781444305427683590
1962160,1976239,Host(NUMA 5),Device ?,0.02,19.63,0.83,11246791845982360,11246791846001990,1781444305427818790,1781444305427838420
1962160,1976239,Host(NUMA 5),Device ?,0.02,18.74,0.87,11246791846037070,11246791846055810,1781444305427989780,1781444305428008520
1962160,1976239,Host(NUMA 5),Device ?,0.02,19.66,0.83,11246791846094580,11246791846114240,1781444305428143050,1781444305428162710
1962160,1976239,Host(NUMA 5),Device ?,0.02,19.84,0.83,11246791846152490,11246791846172330,1781444305428297710,1781444305428317550
1962160,1976239,Host(NUMA 5),Device ?,0.02,20.34,0.81,11246791846211790,11246791846232130,1781444305428455290,1781444305428475630
1962160,1976239,Host(NUMA 5),Device ?,0.01,25.51,0.48,11246791846270420,11246791846295930,1781444305428604200,1781444305428629710
1962160,1976239,Host(NUMA 5),Device ?,0.02,23.55,0.70,11246791846335070,11246791846358620,1781444305428762680,1781444305428786230
1962160,1976239,Host(NUMA 5),Device ?,0.02,18.77,0.87,11246791846393630,11246791846412400,1781444305428938810,1781444305428957580
1962160,1976239,Host(NUMA 5),Device ?,0.02,19.59,0.84,11246791846450650,11246791846470240,1781444305429106930,1781444305429126520
1962160,1976239,Host(NUMA 5),Device ?,0.02,22.63,0.72,11246791846513050,11246791846535680,1781444305429258490,1781444305429281120
1962160,1976239,Host(NUMA 5),Device ?,0.02,20.51,0.80,11246791846574570,11246791846595080,1781444305429416900,1781444305429437410
1962160,1976239,Host(NUMA 5),Device ?,0.02,20.09,0.82,11246791846632940,11246791846653030,1781444305429569370,1781444305429589460
1962160,1976239,Host(NUMA 5),Device ?,0.02,19.25,0.85,11246791846692460,11246791846711710,1781444305429723460,1781444305429742710
1962160,1976239,Host(NUMA 5),Device ?,0.01,24.32,0.51,11246791846752340,11246791846776660,1781444305429875150,1781444305429899470
1962160,1976239,Host(NUMA 5),Device ?,0.02,19.91,0.82,11246791846816820,11246791846836730,1781444305430033320,1781444305430053230
1962160,1976239,Host(NUMA 5),Device ?,0.02,18.84,0.87,11246791846872110,11246791846890950,1781444305430189150,1781444305430207990
1962160,1976239,Host(NUMA 5),Device ?,0.02,20.84,0.79,11246791846934030,11246791846954870,1781444305430341440,1781444305430362280
1962160,1976239,Host(NUMA 5),Device ?,0.02,18.72,0.88,11246791846991850,11246791847010570,1781444305430493660,1781444305430512380
1962160,1976239,Host(NUMA 5),Device ?,0.02,19.91,0.82,11246791847048780,11246791847068690,1781444305430641190,1781444305430661100
1962160,1976239,Host(NUMA 5),Device ?,0.02,19.86,0.82,11246791847112300,11246791847132160,1781444305430798780,1781444305430818640
1962160,1976239,Host(NUMA 5),Device ?,0.02,18.64,0.88,11246791847172990,11246791847191630,1781444305430972840,1781444305430991480
1962160,1976239,Host(NUMA 5),Device ?,0.01,25.56,0.48,11246791847232920,11246791847258480,1781444305431128200,1781444305431153760
1962160,1976239,Host(NUMA 5),Device ?,0.02,23.02,0.71,11246791847297900,11246791847320920,1781444305431298480,1781444305431321500
1962160,1976239,Host(NUMA 5),Device ?,0.02,20.07,0.82,11246791847360740,11246791847380810,1781444305431460370,1781444305431480440
1962160,1976239,Host(NUMA 5),Device ?,0.02,19.44,0.84,11246791847422190,11246791847441630,1781444305431618570,1781444305431638010
1962160,1976239,Host(NUMA 5),Device ?,0.02,23.01,0.71,11246791847481930,11246791847504940,1781444305431773710,1781444305431796720
1962160,1976239,Host(NUMA 5),Device ?,0.02,21.90,0.75,11246791847547170,11246791847569070,1781444305431933010,1781444305431954910
1962160,1976239,Host(NUMA 5),Device ?,0.02,19.31,0.85,11246791847611310,11246791847630620,1781444305432091920,1781444305432111230
1962160,1976239,Host(NUMA 5),Device ?,0.02,20.33,0.81,11246791847671400,11246791847691730,1781444305432258100,1781444305432278430
1962160,1976239,Host(NUMA 5),Device ?,0.01,21.79,0.56,11246791847728910,11246791847750700,1781444305432416230,1781444305432438020
1962160,1976239,Host(NUMA 5),Device ?,0.02,24.26,0.68,11246791847789860,11246791847814120,1781444305432574870,1781444305432599130
1962160,1976239,Host(NUMA 5),Device ?,0.02,21.05,0.78,11246791847851520,11246791847872570,1781444305432734860,1781444305432755910
1962160,1976239,Host(NUMA 5),Device ?,0.02,18.75,0.87,11246791847909280,11246791847928030,1781444305432896400,1781444305432915150
1962160,1976239,Host(NUMA 5),Device ?,0.02,21.84,0.75,11246791847966600,11246791847988440,1781444305433049250,1781444305433071090
1962160,1976239,Host(NUMA 5),Device ?,0.02,20.61,0.79,11246791848036170,11246791848056780,1781444305433210060,1781444305433230670
1962160,1976239,Host(NUMA 5),Device ?,0.02,18.88,0.87,11246791848100490,11246791848119370,1781444305433368630,1781444305433387510
1962160,1976239,Host(NUMA 5),Device ?,0.02,19.88,0.82,11246791848160510,11246791848180390,1781444305433524210,1781444305433544090
1962160,1976239,Host(NUMA 5),Device ?,0.01,21.47,0.57,11246791848220050,11246791848241520,1781444305433679540,1781444305433701010
1962160,1976239,Host(NUMA 5),Device ?,0.02,22.60,0.72,11246791848283620,11246791848306220,1781444305433834940,1781444305433857540
1962160,1976239,Host(NUMA 5),Device ?,0.02,20.22,0.81,11246791848344150,11246791848364370,1781444305433992100,1781444305434012320
1962160,1976239,Host(NUMA 5),Device ?,0.02,19.26,0.85,11246791848401580,11246791848420840,1781444305434160670,1781444305434179930
1962160,1976239,Host(NUMA 5),Device ?,0.02,25.92,0.63,11246791848458780,11246791848484700,1781444305434311410,1781444305434337330
1962160,1976239,Host(NUMA 5),Device ?,0.02,19.41,0.84,11246791848523390,11246791848542800,1781444305434485050,1781444305434504460
1962160,1976239,Host(NUMA 5),Device ?,0.02,18.81,0.87,11246791848583050,11246791848601860,1781444305434642270,1781444305434661080
1962160,1976239,Host(NUMA 5),Device ?,0.02,20.30,0.81,11246791848643960,11246791848664260,1781444305434799100,1781444305434819400
1962160,1976239,Host(NUMA 5),Device ?,0.01,24.55,0.50,11246791848702820,11246791848727370,1781444305434963390,1781444305434987940
1962160,1976239,Host(NUMA 5),Device ?,0.02,24.41,0.67,11246791848768440,11246791848792850,1781444305435125850,1781444305435150260
1962160,1976239,Host(NUMA 5),Device ?,0.02,19.76,0.83,11246791848832370,11246791848852130,1781444305435288900,1781444305435308660
1962160,1976239,Host(NUMA 5),Device ?,0.02,19.57,0.84,11246791848894250,11246791848913820,1781444305435446890,1781444305435466460
1962160,1976239,Host(NUMA 5),Device ?,0.02,26.02,0.63,11246791848949510,11246791848975530,1781444305435596800,1781444305435622820
1962160,1976239,Host(NUMA 5),Device ?,0.02,19.31,0.85,11246791849012790,11246791849032100,1781444305435759280,1781444305435778590
1962160,1976239,Host(NUMA 5),Device ?,0.02,20.68,0.79,11246791849067860,11246791849088540,1781444305435915140,1781444305435935820
1962160,1976239,Host(NUMA 5),Device ?,0.02,19.73,0.83,11246791849128830,11246791849148560,1781444305436076750,1781444305436096480
1962160,1976239,Host(NUMA 5),Device ?,0.01,22.91,0.54,11246791849187020,11246791849209930,1781444305436229470,1781444305436252380
1962160,1976239,Host(NUMA 5),Device ?,0.02,20.02,0.82,11246791849249620,11246791849269640,1781444305436396680,1781444305436416700
1962160,1976239,Host(NUMA 5),Device ?,0.02,18.41,0.89,11246791849310490,11246791849328900,1781444305436559210,1781444305436577620
1962160,1976239,Host(NUMA 5),Device ?,0.02,18.29,0.90,11246791849366430,11246791849384720,1781444305436719060,1781444305436737350
1962160,1976239,Host(NUMA 5),Device ?,0.02,19.79,0.83,11246791849423760,11246791849443550,1781444305436875320,1781444305436895110
1962160,1976239,Host(NUMA 5),Device ?,0.02,19.34,0.85,11246791849483440,11246791849502780,1781444305437034430,1781444305437053770
1962160,1976239,Host(NUMA 5),Device ?,0.02,19.87,0.82,11246791849539550,11246791849559420,1781444305437191730,1781444305437211600
1962160,1976239,Host(NUMA 5),Device ?,0.02,19.55,0.84,11246791849599590,11246791849619140,1781444305437352390,1781444305437371940
1962160,1976239,Host(NUMA 5),Device ?,0.01,24.08,0.51,11246791849657550,11246791849681630,1781444305437504830,1781444305437528910
1962160,1976239,Host(NUMA 5),Device ?,0.02,20.72,0.79,11246791849722310,11246791849743030,1781444305437679690,1781444305437700410
1962160,1976239,Host(NUMA 5),Device ?,0.02,19.67,0.83,11246791849786570,11246791849806240,1781444305437839720,1781444305437859390
1962160,1976239,Host(NUMA 5),Device ?,0.02,18.91,0.87,11246791849845240,11246791849864150,1781444305438007450,1781444305438026360
1962160,1976239,Host(NUMA 5),Device ?,0.02,22.07,0.74,11246791849903610,11246791849925680,1781444305438164760,1781444305438186830
1962160,1976239,Host(NUMA 5),Device ?,0.02,19.33,0.85,11246791849966380,11246791849985710,1781444305438329300,1781444305438348630
1962160,1976239,Host(NUMA 5),Device ?,0.02,20.23,0.81,11246791850023470,11246791850043700,1781444305438489780,1781444305438510010
1962160,1976239,Host(NUMA 5),Device ?,0.02,20.00,0.82,11246791850084480,11246791850104480,1781444305438649880,1781444305438669880
1962160,1976239,Host(NUMA 5),Device ?,0.01,22.68,0.54,11246791850142110,11246791850164790,1781444305438810040,1781444305438832720
1962160,1976239,Host(NUMA 5),Device ?,0.02,23.29,0.70,11246791850206320,11246791850229610,1781444305438981190,1781444305439004480
1962160,1976239,Host(NUMA 5),Device ?,0.02,19.30,0.85,11246791850271910,11246791850291210,1781444305439165280,1781444305439184580
1962160,1976239,Host(NUMA 5),Device ?,0.02,18.71,0.88,11246791850327240,11246791850345950,1781444305439327190,1781444305439345900
1962160,1976239,Host(NUMA 5),Device ?,0.02,20.05,0.82,11246791850384530,11246791850404580,1781444305439489020,1781444305439509070
1962160,1976239,Host(NUMA 5),Device ?,0.02,18.92,0.87,11246791850441440,11246791850460360,1781444305439653470,1781444305439672390
1962160,1976239,Host(NUMA 5),Device ?,0.02,19.87,0.82,11246791850497400,11246791850517270,1781444305439813730,1781444305439833600
1962160,1976239,Host(NUMA 5),Device ?,0.02,19.63,0.83,11246791850556250,11246791850575880,1781444305439967800,1781444305439987430
1962160,1976239,Host(NUMA 5),Device ?,0.01,23.19,0.53,11246791850613210,11246791850636400,1781444305440121530,1781444305440144720
1962160,1976239,Host(NUMA 5),Device ?,0.02,20.49,0.80,11246791850676110,11246791850696600,1781444305440283010,1781444305440303500
1962160,1976239,Host(NUMA 5),Device ?,0.02,18.22,0.90,11246791850737780,11246791850756000,1781444305440442430,1781444305440460650
1962160,1976239,Host(NUMA 5),Device ?,0.02,18.14,0.90,11246791850793430,11246791850811570,1781444305440597580,1781444305440615720
1962160,1976239,Host(NUMA 5),Device ?,0.02,23.26,0.70,11246791850851230,11246791850874490,1781444305440748680,1781444305440771940
1962160,1976239,Host(NUMA 5),Device ?,0.02,18.71,0.88,11246791850912140,11246791850930850,1781444305440919740,1781444305440938450
1962160,1976239,Host(NUMA 5),Device ?,0.02,21.00,0.78,11246791850973360,11246791850994360,1781444305441075560,1781444305441096560
1962160,1976239,Host(NUMA 5),Device ?,0.02,19.35,0.85,11246791851036190,11246791851055540,1781444305441234970,1781444305441254320
1962160,1976239,Host(NUMA 5),Device ?,0.01,24.55,0.50,11246791851095480,11246791851120030,1781444305441383990,1781444305441408540
1962160,1976239,Host(NUMA 5),Device ?,0.02,20.00,0.82,11246791851165270,11246791851185270,1781444305441543010,1781444305441563010
1962160,1976239,Host(NUMA 5),Device ?,0.02,19.45,0.84,11246791851223520,11246791851242970,1781444305441696360,1781444305441715810
1962160,1976239,Host(NUMA 5),Device ?,0.02,19.55,0.84,11246791851281470,11246791851301020,1781444305441850930,1781444305441870480
1962160,1976239,Host(NUMA 5),Device ?,0.02,25.31,0.65,11246791851342710,11246791851368020,1781444305442000460,1781444305442025770
1962160,1976239,Host(NUMA 5),Device ?,0.02,20.73,0.79,11246791851410660,11246791851431390,1781444305442159550,1781444305442180280
1962160,1976239,Host(NUMA 5),Device ?,0.02,20.10,0.82,11246791851467500,11246791851487600,1781444305442313630,1781444305442333730
1962160,1976239,Host(NUMA 5),Device ?,0.02,20.08,0.82,11246791851526890,11246791851546970,1781444305442469810,1781444305442489890
1962160,1976239,Host(NUMA 5),Device ?,0.01,25.90,0.47,11246791851585040,11246791851610940,1781444305442620430,1781444305442646330
1962160,1976239,Host(NUMA 5),Device ?,0.02,27.16,0.60,11246791851651800,11246791851678960,1781444305442772450,1781444305442799610
1962160,1976239,Host(NUMA 5),Device ?,0.02,21.38,0.77,11246791851719650,11246791851741030,1781444305442946540,1781444305442967920
1962160,1976239,Host(NUMA 5),Device ?,0.02,23.11,0.71,11246791851780130,11246791851803240,1781444305443106040,1781444305443129150
1962160,1976239,Host(NUMA 5),Device ?,0.02,19.98,0.82,11246791851841730,11246791851861710,1781444305443268830,1781444305443288810
1962160,1976239,Host(NUMA 5),Device ?,0.02,21.74,0.75,11246791851902220,11246791851923960,1781444305443424980,1781444305443446720
1962160,1976239,Host(NUMA 5),Device ?,0.02,21.54,0.76,11246791851964540,11246791851986080,1781444305443593330,1781444305443614870
1962160,1976239,Host(NUMA 5),Device ?,0.02,20.49,0.80,11246791852043910,11246791852064400,1781444305443751600,1781444305443772090
1962160,1976239,Host(NUMA 5),Device ?,0.01,25.40,0.48,11246791852104800,11246791852130200,1781444305443906700,1781444305443932100
1962160,1976239,Host(NUMA 5),Device ?,0.02,21.89,0.75,11246791852168420,11246791852190310,1781444305444084930,1781444305444106820
1962160,1976239,Host(NUMA 5),Device ?,0.02,23.15,0.71,11246791852226460,11246791852249610,1781444305444252410,1781444305444275560
1962160,1976239,Host(NUMA 5),Device ?,0.02,20.22,0.81,11246791852294810,11246791852315030,1781444305444414980,1781444305444435200
1962160,1976239,Host(NUMA 5),Device ?,0.02,24.06,0.68,11246791852348740,11246791852372800,1781444305444572240,1781444305444596300
1962160,1976239,Host(NUMA 5),Device ?,0.02,23.68,0.69,11246791852413010,11246791852436690,1781444305444732220,1781444305444755900
1962160,1976239,Host(NUMA 5),Device ?,0.02,22.33,0.73,11246791852474220,11246791852496550,1781444305444894670,1781444305444917000
1962160,1976239,Host(NUMA 5),Device ?,0.02,22.52,0.73,11246791852534040,11246791852556560,1781444305445052000,1781444305445074520
1962160,1976239,Host(NUMA 5),Device ?,0.01,24.89,0.49,11246791852594380,11246791852619270,1781444305445206820,1781444305445231710
1962160,1976239,Host(NUMA 5),Device ?,0.02,20.39,0.80,11246791852658300,11246791852678690,1781444305445370810,1781444305445391200
1962160,1976239,Host(NUMA 5),Device ?,0.02,23.69,0.69,11246791852718570,11246791852742260,1781444305445526470,1781444305445550160
1962160,1976239,Host(NUMA 5),Device ?,0.02,21.49,0.76,11246791852781880,11246791852803370,1781444305445686010,1781444305445707500
1962160,1976239,Host(NUMA 5),Device ?,0.02,25.48,0.64,11246791852844160,11246791852869640,1781444305445840460,1781444305445865940
1962160,1976239,Host(NUMA 5),Device ?,0.02,21.93,0.75,11246791852909070,11246791852931000,1781444305446000910,1781444305446022840
1962160,1976239,Host(NUMA 5),Device ?,0.02,20.07,0.82,11246791852964520,11246791852984590,1781444305446162740,1781444305446182810
1962160,1976239,Host(NUMA 5),Device ?,0.02,21.94,0.75,11246791853019750,11246791853041690,1781444305446321660,1781444305446343600
1962160,1976239,Host(NUMA 5),Device ?,0.01,24.52,0.50,11246791853076470,11246791853100990,1781444305446490340,1781444305446514860
1962160,1976239,Host(NUMA 5),Device ?,0.02,21.48,0.76,11246791853138530,11246791853160010,1781444305446654180,1781444305446675660
1962160,1976239,Host(NUMA 5),Device ?,0.02,23.15,0.71,11246791853197850,11246791853221000,1781444305446812060,1781444305446835210
1962160,1976239,Host(NUMA 5),Device ?,0.02,21.11,0.78,11246791853258370,11246791853279480,1781444305446984320,1781444305447005430
1962160,1976239,Host(NUMA 5),Device ?,0.02,22.07,0.74,11246791853319210,11246791853341280,1781444305447146520,1781444305447168590
1962160,1976239,Host(NUMA 5),Device ?,0.02,24.18,0.68,11246791853376250,11246791853400430,1781444305447318320,1781444305447342500
1962160,1976239,Host(NUMA 5),Device ?,0.02,19.55,0.84,11246791853440580,11246791853460130,1781444305447481960,1781444305447501510
1962160,1976239,Host(NUMA 5),Device ?,0.02,21.48,0.76,11246791853499780,11246791853521260,1781444305447635230,1781444305447656710
1962160,1976239,Host(NUMA 5),Device ?,0.01,23.41,0.52,11246791853561180,11246791853584590,1781444305447791200,1781444305447814610
1962160,1976239,Host(NUMA 5),Device ?,0.02,23.77,0.69,11246791853626180,11246791853649950,1781444305447950430,1781444305447974200
1962160,1976239,Host(NUMA 5),Device ?,0.02,19.69,0.83,11246791853687050,11246791853706740,1781444305448112140,1781444305448131830
1962160,1976239,Host(NUMA 5),Device ?,0.02,18.32,0.89,11246791853741720,11246791853760040,1781444305448275660,1781444305448293980
1962160,1976239,Host(NUMA 5),Device ?,0.02,25.49,0.64,11246791853801570,11246791853827060,1781444305448430410,1781444305448455900
1962160,1976239,Host(NUMA 5),Device ?,0.02,19.26,0.85,11246791853867510,11246791853886770,1781444305448594190,1781444305448613450
1962160,1976239,Host(NUMA 5),Device ?,0.02,19.00,0.86,11246791853928140,11246791853947140,1781444305448750510,1781444305448769510
1962160,1976239,Host(NUMA 5),Device ?,0.02,20.85,0.79,11246791853986010,11246791854006860,1781444305448904320,1781444305448925170
1962160,1976239,Host(NUMA 5),Device ?,0.01,22.65,0.54,11246791854046480,11246791854069130,1781444305449058590,1781444305449081240
1962160,1976239,Host(NUMA 5),Device ?,0.02,19.39,0.84,11246791854109070,11246791854128460,1781444305449243290,1781444305449262680
1962160,1976239,Host(NUMA 5),Device ?,0.02,21.69,0.76,11246791854167740,11246791854189430,1781444305449402060,1781444305449423750
1962160,1976239,Host(NUMA 5),Device ?,0.02,19.40,0.84,11246791854230770,11246791854250170,1781444305449562030,1781444305449581430
1962160,1976239,Host(NUMA 5),Device ?,0.02,19.45,0.84,11246791854288940,11246791854308390,1781444305449718990,1781444305449738440
1962160,1976239,Host(NUMA 5),Device ?,0.02,19.30,0.85,11246791854346570,11246791854365870,1781444305449875970,1781444305449895270
1962160,1976239,Host(NUMA 5),Device ?,0.02,18.30,0.90,11246791854404110,11246791854422410,1781444305450032110,1781444305450050410
1962160,1976239,Host(NUMA 5),Device ?,0.02,27.92,0.59,11246791854462180,11246791854490100,1781444305450179930,1781444305450207850
1962160,1976239,Host(NUMA 5),Device ?,0.01,20.73,0.59,11246791854526970,11246791854547700,1781444305450340090,1781444305450360820
1962160,1976239,Host(NUMA 5),Device ?,0.02,22.03,0.74,11246791854583990,11246791854606020,1781444305450511580,1781444305450533610
1962160,1976239,Host(NUMA 5),Device ?,0.02,19.55,0.84,11246791854643990,11246791854663540,1781444305450674030,1781444305450693580
1962160,1976239,Host(NUMA 5),Device ?,0.02,18.93,0.87,11246791854702430,11246791854721360,1781444305450830200,1781444305450849130
1962160,1976239,Host(NUMA 5),Device ?,0.02,20.34,0.81,11246791854754590,11246791854774930,1781444305450995200,1781444305451015540
1962160,1976239,Host(NUMA 5),Device ?,0.02,18.72,0.88,11246791854813880,11246791854832600,1781444305451163390,1781444305451182110
1962160,1976239,Host(NUMA 5),Device ?,0.02,18.04,0.91,11246791854869430,11246791854887470,1781444305451319610,1781444305451337650
1962160,1976239,Host(NUMA 5),Device ?,0.02,21.18,0.77,11246791854926500,11246791854947680,1781444305451476540,1781444305451497720
1962160,1976239,Host(NUMA 5),Device ?,0.01,21.03,0.58,11246791854990670,11246791855011700,1781444305451632810,1781444305451653840
1962160,1976239,Host(NUMA 5),Device ?,0.02,19.46,0.84,11246791855048160,11246791855067620,1781444305451790500,1781444305451809960
1962160,1976239,Host(NUMA 5),Device ?,0.02,19.20,0.85,11246791855109720,11246791855128920,1781444305451946940,1781444305451966140
1962160,1976239,Host(NUMA 5),Device ?,0.02,18.94,0.87,11246791855166700,11246791855185640,1781444305452106400,1781444305452125340
1962160,1976239,Host(NUMA 5),Device ?,0.02,24.43,0.67,11246791855228680,11246791855253110,1781444305452256090,1781444305452280520
1962160,1976239,Host(NUMA 5),Device ?,0.02,20.18,0.81,11246791855289840,11246791855310020,1781444305452419810,1781444305452439990
1962160,1976239,Host(NUMA 5),Device ?,0.02,18.79,0.87,11246791855344960,11246791855363750,1781444305452575610,1781444305452594400
1962160,1976239,Host(NUMA 5),Device ?,0.02,20.74,0.79,11246791855401730,11246791855422470,1781444305452732370,1781444305452753110
