timestamp,path_id,bandwidth_gbps,is_degraded
1781253131.290,40797,17.90,0
1781253131.298,40797,20.30,0
1781253131.308,40797,15.80,0
1781253131.320,40797,15.50,0
1781253131.328,40797,20.10,0
1781253131.338,40797,15.60,0
1781253131.349,40797,20.30,0
1781253132.398,18787,11.60,1
1781253132.408,18787,20.40,0
1781253132.416,18787,20.40,0
1781253132.424,18787,20.30,0
1781253132.434,18787,20.20,0
1781253132.442,18787,20.40,0
1781253132.450,18787,20.40,0
1781253133.792,8351,20.30,0
1781253133.804,8351,13.60,1
1781253133.812,8351,20.40,0
1781253133.820,8351,20.40,0
1781253133.831,8351,14.20,0
1781253133.839,8351,20.40,0
1781253133.847,8351,20.40,0
1781253133.856,8351,16.80,0
1781253133.867,8351,15.20,0
1781253133.875,8351,20.30,0
1781253134.944,45135,18.60,0
1781253134.953,45135,19.30,0
1781253134.961,45135,18.90,0
1781253134.971,45135,16.70,0
1781253134.982,45135,14.40,0
1781253134.990,45135,20.00,0
1781253134.998,45135,20.40,0
1781253135.009,45135,14.20,0
1781253135.017,45135,19.90,0
1781253135.025,45135,20.30,0
1781253137.420,8351,19.50,0
1781253137.429,8351,18.40,0
1781253137.438,8351,19.80,0
1781253137.448,8351,15.80,0
1781253137.458,8351,14.50,0
1781253137.466,8351,20.40,0
1781253137.475,8351,20.50,0
1781253137.485,8351,14.40,0
1781253137.494,8351,20.30,0
1781253137.502,8351,20.00,0
1781253138.546,51197,20.50,0
1781253138.554,51197,19.50,0
1781253138.562,51197,20.40,0
1781253138.570,51197,20.50,0
1781253138.578,51197,20.60,0
1781253138.587,51197,20.40,0
1781253138.595,51197,20.60,0
1781253138.603,51197,20.40,0
1781253198.329,51197,18.30,0
1781253310.199,20176,7.80,1
1781253310.230,20176,8.30,1
1781253311.253,35121,20.00,0
1781253311.273,35121,17.90,0
1781253312.297,35121,10.70,1
1781253312.310,35121,11.50,1
1781253312.319,35121,19.60,0
1781253312.335,35121,9.30,1
1781253312.344,35121,17.70,0
1781253312.355,35121,14.10,0
1781253312.365,35121,15.10,0
1781253312.377,35121,12.80,1
1781253312.386,35121,16.60,0
1781253312.403,35121,8.70,1
1781253313.431,35121,8.20,1
1781253315.511,20176,12.20,1
1781253315.521,20176,16.90,0
1781253315.532,20176,13.30,1
1781253315.541,20176,19.50,0
1781253315.559,20176,8.10,1
1781253316.613,35121,8.70,1
1781253317.634,35121,12.10,1
1781253317.643,35121,19.20,0
1781253317.655,35121,12.60,1
1781253317.663,35121,20.10,0
1781253317.684,35121,6.90,1
1781253317.694,35121,15.90,0
1781253317.706,35121,12.70,1
1781253317.714,35121,18.00,0
1781253317.725,35121,14.10,0
1781253317.738,35121,11.70,1
1781253321.038,20176,19.40,0
1781253321.051,20176,12.10,1
1781253321.059,20176,19.60,0
1781253321.077,20176,7.90,1
1781253321.086,20176,18.50,0
1781253322.116,35121,14.50,0
1781253322.124,35121,20.50,0
1781253324.179,20176,16.80,0
1781253324.190,20176,15.00,0
1781253324.200,20176,15.60,0
1781253324.214,20176,10.40,1
1781253324.222,20176,19.70,0
1781253327.301,20176,19.30,0
1781253327.313,20176,12.30,1
1781253327.322,20176,19.80,0
1781253327.339,20176,8.40,1
1781253327.351,20176,12.60,1
1781253332.654,20176,19.50,0
1781253332.675,20176,7.00,1
1781253332.689,20176,13.80,1
1781253332.699,20176,15.90,0
1781253332.710,20176,14.00,1
1781253332.719,20176,18.10,0
1781253332.737,20176,8.20,1
1781253332.746,20176,16.70,0
1781253333.767,35121,12.80,1
1781253333.794,35121,5.30,1
1781253333.813,35121,7.90,1
1781253333.833,35121,7.20,1
1781253334.872,35121,18.80,0
1781253334.882,35121,14.90,0
1781253334.892,35121,16.40,0
1781253335.909,20176,19.60,0
1781253336.949,35121,8.30,1
1781253336.968,35121,7.70,1
1781253338.000,35121,14.60,0
1781253338.010,35121,16.70,0
1781253338.028,35121,12.90,1
1781253338.037,35121,16.80,0
1781253338.048,35121,14.40,0
1781253338.057,35121,19.20,0
1781253339.079,35121,10.90,1
1781253339.088,35121,18.70,0
1781253339.099,35121,13.40,1
1781253339.111,35121,13.40,1
1781253341.178,20176,20.40,0
1781253341.193,20176,10.20,1
1781253341.202,20176,16.80,0
1781253341.213,20176,14.80,0
1781253343.269,35121,9.70,1
1781253344.300,20176,16.10,0
1781253344.310,20176,15.10,0
1781253344.321,20176,14.90,0
1781253344.333,20176,17.70,0
1781253344.351,20176,8.30,1
1781253344.359,20176,19.70,0
1781253344.375,20176,9.60,1
1781253344.383,20176,19.10,0
1781253345.405,20176,11.90,1
1781253345.422,20176,8.60,1
1781253347.492,20176,7.60,1
1781253347.500,20176,19.20,0
1781253347.512,20176,13.50,1
1781253347.521,20176,16.80,0
1781253347.534,20176,11.90,1
1781253347.547,20176,11.40,1
1781253347.561,20176,11.20,1
1781253350.640,20176,15.80,0
1781253350.651,20176,14.30,0
1781253350.660,20176,17.60,0
1781253350.681,20176,6.90,1
1781253350.689,20176,19.80,0
1781253350.704,20176,10.00,1
1781253350.712,20176,19.80,0
1781253353.786,20176,17.10,0
1781253353.798,20176,13.10,1
1781253353.807,20176,16.50,0
1781253353.821,20176,11.40,1
1781253353.837,20176,9.20,1
1781253353.849,20176,13.10,1
1781253356.935,20176,12.70,1
1781253356.944,20176,17.60,0
1781253356.965,20176,7.20,1
1781253356.976,20176,13.90,1
1781253356.987,20176,13.70,1
1781253356.997,20176,16.00,0
1781253359.072,35121,15.30,0
1781253360.095,35121,10.70,1
1781253360.112,35121,14.40,0
1781253360.122,35121,15.10,0
1781253360.134,35121,13.30,1
1781253360.151,35121,8.80,1
1781253360.162,35121,14.70,0
1781253362.226,35121,10.80,1
1781253362.235,35121,20.00,0
1781253362.247,35121,12.90,1
1781253362.259,35121,12.30,1
1781253363.285,35121,8.90,1
1781253363.294,35121,17.10,0
1781253363.307,35121,12.60,1
1781253363.315,35121,19.50,0
1781253363.331,35121,9.50,1
1781253363.343,35121,12.60,1
1781253363.362,35121,7.70,1
1781253363.372,35121,16.10,0
1781253363.390,35121,8.60,1
1781253365.440,20176,13.70,1
1781253365.451,20176,14.70,0
1781253365.460,20176,17.40,0
1781253365.472,20176,13.10,1
1781253365.483,20176,13.90,1
1781253365.502,20176,7.90,1
1781253365.511,20176,16.80,0
1781253366.537,35121,9.20,1
1781253368.603,35121,10.40,1
1781253368.617,35121,10.70,1
1781253368.627,35121,15.10,0
1781253368.637,35121,16.60,0
1781253368.649,35121,13.10,1
1781253368.659,35121,16.30,0
1781253368.675,35121,8.90,1
1781253368.685,35121,16.40,0
1781253370.737,35121,16.00,0
1781253370.746,35121,17.30,0
1781253370.757,35121,14.00,1
1781253370.774,35121,15.60,0
1781253370.783,35121,17.40,0
1781253370.795,35121,13.30,1
1781253371.814,35121,14.80,0
1781253371.825,35121,14.80,0
1781253371.834,35121,17.10,0
1781253371.851,35121,8.70,1
1781253371.861,35121,16.40,0
1781253371.884,35121,8.60,1
1781253372.909,35121,9.70,1
1781253372.918,35121,17.60,0
1781253372.928,35121,15.50,0
1781253372.939,35121,14.10,0
1781253373.976,20176,15.40,0
1781253373.988,20176,12.80,1
1781253373.996,20176,19.80,0
1781253374.010,20176,10.40,1
1781253374.022,20176,13.60,1
1781253374.040,20176,7.90,1
1781253374.050,20176,16.70,0
1781253377.124,35121,13.40,1
1781253377.134,35121,15.70,0
1781253377.152,35121,8.30,1
1781253377.162,35121,15.50,0
1781253377.175,35121,12.20,1
1781253377.183,35121,19.20,0
1781253377.196,35121,12.30,1
1781253377.204,35121,19.40,0
1781253377.224,35121,7.20,1
1781253378.247,20176,18.70,0
1781253378.265,20176,8.40,1
1781253379.298,35121,10.50,1
1781253379.316,35121,13.10,1
1781253379.325,35121,18.30,0
1781253379.339,35121,10.90,1
1781253379.348,35121,16.90,0
1781253379.359,35121,14.90,0
1781253380.379,35121,13.70,1
1781253380.391,35121,12.50,1
1781253381.436,35121,6.90,1
1781253381.445,35121,18.70,0
1781253381.459,35121,10.50,1
1781253382.500,20176,8.80,1
1781253382.516,20176,10.30,1
1781253382.528,20176,13.30,1
1781253382.539,20176,14.20,0
1781253382.548,20176,17.90,0
1781253382.561,20176,11.60,1
1781253382.570,20176,18.00,0
1781253382.586,20176,8.80,1
1781253383.608,20176,12.80,1
1781253383.633,20176,5.60,1
1781253383.651,20176,8.20,1
1781253385.717,20176,11.30,1
1781253385.732,20176,9.90,1
1781253385.742,20176,15.60,0
1781253385.752,20176,15.90,0
1781253385.763,20176,13.70,1
1781253385.773,20176,15.60,0
1781253385.791,20176,8.30,1
1781253385.802,20176,14.20,0
1781253387.862,20176,20.30,0
1781253387.875,20176,12.60,1
1781253388.911,35121,7.30,1
1781253388.920,35121,17.90,0
1781253388.936,35121,9.50,1
1781253388.948,35121,15.30,0
1781253388.958,35121,16.10,0
1781253388.971,35121,11.10,1
1781253391.038,20176,12.80,1
1781253391.051,20176,12.40,1
1781253391.061,20176,14.90,0
1781253392.082,20176,12.90,1
1781253392.092,20176,16.50,0
1781253392.106,20176,10.80,1
1781253392.120,20176,10.40,1
1781253394.178,35121,13.60,1
1781253394.188,35121,14.90,0
1781253394.198,35121,16.70,0
1781253394.210,35121,12.60,1
1781253394.219,35121,17.30,0
1781253394.236,35121,8.80,1
1781253394.248,35121,12.90,1
1781253394.261,35121,12.10,1
1781253394.269,35121,18.90,0
1781253394.281,35121,13.40,1
1781253397.360,35121,11.30,1
1781253397.369,35121,18.10,0
1781253397.380,35121,13.80,1
1781253397.391,35121,15.20,0
1781253397.404,35121,11.00,1
1781253397.420,35121,9.20,1
1781253397.431,35121,15.50,0
1781253397.442,35121,14.30,0
1781253397.453,35121,19.80,0
1781253398.482,35121,7.40,1
1781253398.502,35121,7.40,1
1781253398.518,35121,9.20,1
1781253399.563,20176,16.40,0
1781253400.581,20176,17.00,0
1781253400.602,20176,7.00,1
1781253400.613,20176,13.60,1
1781253400.627,20176,10.70,1
1781253402.694,35121,14.20,0
1781253402.706,35121,12.70,1
1781253402.716,35121,17.20,0
1781253402.726,35121,14.50,0
1781253402.741,35121,10.60,1
1781253402.756,35121,10.00,1
1781253402.769,35121,11.00,1
1781253402.778,35121,18.50,0
1781253402.790,35121,12.50,1
1781253405.871,35121,13.50,1
1781253405.884,35121,12.10,1
1781253405.893,35121,17.10,0
1781253405.904,35121,14.80,0
1781253405.915,35121,14.40,0
1781253405.928,35121,11.40,1
1781253405.947,35121,7.70,1
1781253405.956,35121,17.20,0
1781253405.969,35121,12.30,1
1781253405.977,35121,19.40,0
1781253409.067,35121,7.70,1
1781253409.076,35121,18.90,0
1781253409.088,35121,12.40,1
1781253409.097,35121,18.50,0
1781253409.110,35121,12.10,1
1781253409.124,35121,10.40,1
1781253409.139,35121,9.80,1
1781253409.150,35121,14.70,0
1781253409.160,35121,15.20,0
1781253409.171,35121,14.10,0
1781253411.228,35121,20.30,0
1781253411.239,35121,13.30,1
1781253411.248,35121,19.20,0
1781253411.262,35121,10.60,1
1781253411.272,35121,15.40,0
1781253413.319,35121,16.90,0
1781253413.337,35121,7.90,1
1781253414.371,35121,20.00,0
1781253414.386,35121,10.30,1
1781253414.396,35121,16.30,0
1781253414.406,35121,15.20,0
1781253414.416,35121,15.20,0
1781253414.426,35121,15.20,0
1781253414.444,35121,8.60,1
1781253417.518,35121,12.60,1
1781253417.527,35121,18.20,0
1781253417.538,35121,14.10,0
1781253417.551,35121,11.80,1
1781253417.566,35121,9.60,1
1781253417.581,35121,10.30,1
1781253417.590,35121,17.60,0
1781253417.602,35121,12.70,1
1781253417.610,35121,19.60,0
1781253417.629,35121,7.90,1
1781253418.653,35121,10.10,1
1781253418.668,35121,10.00,1
1781253418.695,35121,5.20,1
1781253418.714,35121,8.10,1
1781253418.732,35121,7.80,1
1781253418.741,35121,17.60,0
1781253420.793,20176,19.80,0
1781253420.805,20176,12.10,1
1781253420.814,20176,18.80,0
1781253420.831,20176,8.90,1
1781253420.842,20176,13.60,1
1781253423.929,35121,13.60,1
1781253423.941,35121,12.50,1
1781253423.956,35121,9.50,1
1781253423.967,35121,14.90,0
1781253423.980,35121,11.40,1
1781253423.993,35121,13.80,1
1781253424.002,35121,18.30,0
1781253426.056,35121,16.70,0
1781253426.066,35121,14.50,0
1781253426.075,35121,19.10,0
1781253426.090,35121,10.00,1
1781253426.098,35121,19.60,0
1781253428.149,35121,13.20,1
1781253429.187,35121,14.20,0
1781253429.197,35121,14.40,0
1781253429.209,35121,12.90,1
1781253429.220,35121,14.80,0
1781253429.229,35121,17.10,0
1781253429.241,35121,13.00,1
1781253429.250,35121,18.30,0
1781253429.268,35121,8.10,1
1781253429.280,35121,13.30,1
1781253432.359,20176,19.50,0
1781253432.372,20176,11.90,1
1781253432.381,20176,17.80,0
1781253432.400,20176,8.00,1
1781253433.424,35121,9.80,1
1781253433.436,35121,12.80,1
1781253433.452,35121,9.30,1
1781253433.467,35121,9.90,1
1781253433.477,35121,14.60,0
1781253433.489,35121,12.70,1
1781253434.523,35121,8.20,1
1781253434.534,35121,15.00,0
1781253435.569,35121,12.30,1
1781253435.578,35121,18.40,0
1781253435.594,35121,9.20,1
1781253435.609,35121,10.10,1
1781253435.622,35121,11.20,1
1781253435.633,35121,14.60,0
1781253435.643,35121,17.10,0
1781253435.654,35121,13.10,1
1781253435.664,35121,17.30,0
1781253436.691,20176,7.70,1
1781253436.702,20176,14.50,0
1781253436.723,20176,7.10,1
1781253437.770,20176,15.10,0
1781253437.779,20176,18.40,0
1781253438.799,35121,13.60,1
1781253438.809,35121,16.60,0
1781253438.820,35121,13.80,1
1781253438.829,35121,18.60,0
1781253438.850,35121,6.90,1
1781253439.878,20176,13.10,1
1781253439.887,20176,19.00,0
1781253439.898,20176,14.50,0
1781253439.913,20176,9.40,1
1781253440.951,35121,11.10,1
1781253440.962,35121,14.60,0
1781253440.974,35121,13.10,1
1781253440.982,35121,19.80,0
1781253440.996,35121,10.40,1
1781253441.007,35121,14.80,0
1781253441.028,35121,6.90,1
1781253443.074,35121,15.50,0
1781253443.093,35121,7.70,1
1781253443.108,35121,17.40,0
1781253443.121,35121,11.70,1
1781253443.130,35121,17.00,0
1781253443.140,35121,16.00,0
1781253443.153,35121,11.70,1
1781253446.238,35121,9.10,1
1781253446.246,35121,20.10,0
1781253446.268,35121,12.70,1
1781253447.293,20176,11.90,1
1781253447.311,20176,8.70,1
1781253447.324,20176,12.60,1
1781253447.336,20176,12.50,1
1781253448.359,35121,16.10,0
1781253448.378,35121,7.80,1
1781253449.435,20176,12.20,1
1781253449.444,20176,19.10,0
1781253450.461,35121,20.60,0
1781253450.471,35121,14.70,0
1781253450.482,35121,15.20,0
1781253450.493,35121,14.00,1
1781253450.502,35121,17.70,0
1781253451.535,20176,9.00,1
1781253451.549,20176,10.70,1
1781253451.563,20176,10.60,1
1781253451.572,20176,18.50,0
1781253452.607,20176,16.20,0
1781253452.623,20176,9.10,1
1781253452.636,20176,12.30,1
1781253452.648,20176,12.00,1
1781253452.657,20176,19.60,0
1781253452.668,20176,13.10,1
1781253454.711,20176,18.10,0
1781253455.760,20176,9.90,1
1781253455.770,20176,16.10,0
1781253455.780,20176,15.70,0
1781253455.792,20176,13.90,1
1781253455.802,20176,14.70,0
1781253455.822,20176,7.30,1
1781253455.831,20176,18.30,0
1781253457.881,35121,17.80,0
1781253457.892,35121,14.50,0
1781253458.923,35121,12.20,1
1781253458.935,35121,12.00,1
1781253458.953,35121,8.30,1
1781253458.964,35121,14.70,0
1781253458.975,35121,13.90,1
1781253458.985,35121,16.10,0
1781253458.995,35121,15.70,0
1781253459.010,35121,9.80,1
1781253459.021,35121,14.40,0
1781253459.038,35121,8.80,1
1781253460.068,20176,9.10,1
1781253461.099,35121,13.50,1
1781253461.107,35121,20.20,0
1781253461.121,35121,10.50,1
1781253461.132,35121,17.10,0
1781253461.142,35121,16.00,0
1781253461.152,35121,15.20,0
1781253461.165,35121,12.60,1
1781253461.176,35121,13.00,1
1781253461.185,35121,19.60,0
1781253462.203,35121,17.00,0
1781253462.224,35121,7.10,1
1781253462.234,35121,20.10,0
1781253462.254,35121,7.20,1
1781253462.264,35121,14.70,0
1781253462.284,35121,7.30,1
1781253462.293,35121,19.80,0
1781253464.343,35121,20.60,0
1781253464.356,35121,11.00,1
1781253464.365,35121,19.40,0
1781253464.377,35121,12.80,1
1781253464.388,35121,13.90,1
1781253464.405,35121,8.90,1
1781253464.419,35121,10.60,1
1781253464.429,35121,14.60,0
1781253464.440,35121,15.50,0
1781253464.450,35121,16.00,0
1781253465.482,35121,6.10,1
1781253465.500,35121,8.30,1
1781253467.560,20176,11.90,1
1781253467.568,20176,19.60,0
1781253467.581,20176,12.20,1
1781253467.589,20176,19.80,0
1781253467.609,20176,7.10,1
1781253467.618,20176,18.80,0
1781253467.634,20176,9.40,1
1781253467.642,20176,19.50,0
1781253467.654,20176,13.30,1
1781253469.713,35121,13.20,1
1781253469.722,35121,17.00,0
1781253469.735,35121,11.20,1
1781253469.744,35121,18.10,0
1781253471.789,35121,13.60,1
1781253471.811,35121,6.50,1
1781253471.823,35121,13.50,1
1781253471.842,35121,7.80,1
1781253472.877,20176,17.60,0
1781253472.896,20176,7.80,1
1781253472.907,20176,13.70,1
1781253472.921,20176,10.60,1
1781253472.929,20176,19.80,0
1781253473.959,35121,7.20,1
1781253473.968,35121,17.10,0
1781253473.988,35121,7.10,1
1781253475.024,20176,9.40,1
1781253475.033,20176,19.30,0
1781253476.069,35121,14.20,0
1781253476.080,35121,13.50,1
1781253476.093,35121,11.90,1
1781253476.109,35121,9.30,1
1781253476.121,35121,12.90,1
1781253476.129,35121,19.70,0
1781253476.142,35121,11.90,1
1781253476.152,35121,15.60,0
1781253476.170,35121,8.00,1
1781253479.237,20176,20.70,0
1781253479.250,20176,12.30,1
1781253479.258,20176,18.90,0
1781253479.270,20176,12.50,1
1781253479.279,20176,19.80,0
1781253482.366,20176,12.50,1
1781253482.375,20176,18.20,0
1781253482.388,20176,12.50,1
1781253482.396,20176,19.60,0
1781253482.414,20176,8.00,1
1781253482.426,20176,12.70,1
1781253482.442,20176,14.50,0
1781253483.472,20176,6.90,1
1781253483.481,20176,17.90,0
1781253483.503,20176,6.40,1
1781253483.515,20176,13.70,1
1781253484.542,35121,18.90,0
1781253484.557,35121,9.90,1
1781253484.566,35121,19.70,0
1781253484.578,35121,12.10,1
1781253484.587,35121,19.60,0
1781253484.599,35121,11.80,1
1781253484.608,35121,20.00,0
1781253484.629,35121,6.90,1
1781253484.637,35121,19.40,0
1781253484.649,35121,13.40,1
1781253485.672,35121,10.10,1
1781253485.687,35121,10.30,1
1781253485.703,35121,9.70,1
1781253487.768,35121,15.50,0
1781253487.779,35121,14.00,1
1781253487.788,35121,17.90,0
1781253487.807,35121,7.80,1
1781253487.816,35121,19.40,0
1781253487.830,35121,10.20,1
1781253487.839,35121,18.40,0
1781253487.851,35121,12.50,1
1781253490.936,35121,8.00,1
1781253490.945,35121,18.10,0
1781253490.958,35121,12.00,1
1781253490.966,35121,19.60,0
1781253490.978,35121,13.00,1
1781253490.997,35121,8.40,1
1781253491.007,35121,15.10,0
1781253491.023,35121,9.60,1
1781253491.032,35121,18.50,0
1781253492.062,35121,7.10,1
1781253493.111,20176,10.30,1
1781253493.119,20176,19.60,0
1781253493.131,20176,13.20,1
1781253493.140,20176,17.10,0
1781253494.157,20176,18.20,0
1781253494.169,20176,13.80,1
1781253494.185,20176,9.20,1
1781253494.197,20176,12.70,1
1781253496.263,20176,14.90,0
1781253496.283,20176,7.30,1
1781253496.292,20176,16.30,0
1781253496.304,20176,13.20,1
1781253496.312,20176,19.70,0
1781253497.334,20176,12.90,1
1781253497.345,20176,13.30,1
1781253499.408,35121,15.20,0
1781253499.421,35121,11.30,1
1781253499.430,35121,18.10,0
1781253499.441,35121,14.10,0
1781253499.451,35121,15.90,0
1781253499.466,35121,10.50,1
1781253499.481,35121,9.90,1
1781253499.493,35121,11.90,1
1781253500.513,35121,14.70,0
1781253500.536,35121,6.60,1
1781253500.558,35121,6.30,1
1781253501.597,35121,18.70,0
1781253501.610,35121,11.20,1
1781253501.619,35121,20.00,0
1781253501.630,35121,14.00,1
1781253505.733,20176,11.70,1
1781253505.742,20176,17.70,0
1781253505.754,20176,12.80,1
1781253505.763,20176,19.70,0
1781253505.780,20176,8.70,1
1781253507.839,35121,13.10,1
1781253507.848,35121,18.90,0
1781253507.860,35121,13.30,1
1781253507.868,35121,20.10,0
1781253507.886,35121,20.10,0
1781253507.897,35121,13.70,1
1781253508.924,20176,9.20,1
1781253508.933,20176,17.90,0
1781253511.000,20176,12.50,1
1781253511.014,20176,12.20,1
1781253511.024,20176,15.40,0
1781253511.035,20176,14.30,0
1781253511.044,20176,17.70,0
1781253511.058,20176,11.20,1
1781253512.077,20176,16.90,0
1781253512.098,20176,6.90,1
1781253512.107,20176,16.30,0
1781253512.128,20176,7.10,1
1781253514.199,35121,9.60,1
1781253514.210,35121,13.60,1
1781253514.222,35121,13.90,1
1781253514.230,35121,18.60,0
1781253514.243,35121,12.50,1
1781253514.253,35121,14.80,0
1781253514.274,35121,7.10,1
1781253514.283,35121,16.50,0
1781253514.296,35121,12.10,1
1781253514.304,35121,19.30,0
1781253515.340,35121,5.50,1
1781253515.352,35121,12.80,1
1781253516.392,35121,12.80,1
1781253516.400,35121,20.20,0
1781253516.416,35121,19.20,0
1781253517.443,35121,7.80,1
1781253517.452,35121,18.90,0
1781253517.468,35121,9.50,1
1781253517.476,35121,18.20,0
1781253517.489,35121,12.60,1
1781253517.497,35121,19.70,0
1781253517.514,35121,9.70,1
1781253517.528,35121,11.00,1
1781253517.544,35121,9.30,1
1781253519.591,35121,12.60,1
1781253519.600,35121,17.70,0
1781253519.611,35121,14.30,0
1781253519.624,35121,11.70,1
1781253519.639,35121,9.80,1
1781253519.653,35121,10.30,1
1781253519.663,35121,17.50,0
1781253519.675,35121,12.80,1
1781253519.683,35121,19.70,0
1781253519.702,35121,7.80,1
1781253520.723,20176,19.40,0
1781253522.784,20176,19.90,0
1781253522.796,20176,12.00,1
1781253522.805,20176,19.20,0
1781253522.823,20176,8.00,1
1781253522.831,20176,19.40,0
1781253522.848,20176,8.60,1
1781253522.858,20176,17.70,0
1781253523.889,35121,6.80,1
1781253523.913,35121,6.00,1
1781253524.963,35121,18.20,0
1781253524.975,35121,13.70,1
1781253524.983,35121,20.10,0
1781253526.010,35121,8.00,1
1781253526.023,35121,11.50,1
1781253526.035,35121,13.40,1
1781253526.045,35121,15.80,0
1781253526.055,35121,15.50,0
1781253526.069,35121,10.50,1
1781253528.127,35121,11.60,1
1781253528.137,35121,17.10,0
1781253528.148,35121,13.10,1
1781253528.157,35121,19.80,0
1781253528.170,35121,11.40,1
1781253528.181,35121,13.90,1
1781253528.200,35121,7.50,1
1781253528.209,35121,18.70,0
1781253528.221,35121,13.10,1
1781253528.230,35121,17.30,0
1781253529.247,35121,20.50,0
1781253531.311,20176,14.40,0
1781253531.322,20176,13.90,1
1781253531.331,20176,18.50,0
1781253531.343,20176,12.70,1
1781253531.354,20176,14.10,0
1781253531.374,20176,7.40,1
1781253531.383,20176,16.90,0
1781253531.396,20176,12.10,1
1781253531.406,20176,17.60,0
1781253533.450,35121,20.40,0
1781253533.462,35121,12.60,1
1781253533.470,35121,20.10,0
1781253533.485,35121,19.60,0
1781253533.497,35121,13.10,1
1781253534.526,20176,7.30,1
1781253534.537,20176,13.30,1
1781253534.552,20176,10.60,1
1781253534.561,20176,16.40,0
1781253536.627,20176,10.10,1
1781253536.635,20176,19.50,0
1781253536.649,20176,15.40,0
1781253536.659,20176,14.30,0
1781253537.678,20176,17.60,0
1781253537.689,20176,14.20,0
1781253537.704,20176,9.60,1
1781253537.717,20176,12.40,1
1781253538.745,35121,16.90,0
1781253538.755,35121,16.10,0
1781253538.765,35121,15.00,0
1781253539.807,35121,8.40,1
1781253539.818,35121,15.30,0
1781253539.830,35121,12.70,1
1781253539.838,35121,19.70,0
1781253539.852,35121,11.00,1
1781253539.861,35121,17.70,0
1781253539.881,35121,7.20,1
1781253539.891,35121,16.40,0
1781253540.920,35121,7.40,1
1781253540.940,35121,7.20,1
1781253540.963,35121,6.40,1
1781253543.040,35121,14.10,0
1781253543.055,35121,9.90,1
1781253543.069,35121,10.30,1
1781253543.084,35121,10.10,1
1781253543.094,35121,19.80,0
1781253543.106,35121,12.50,1
1781253545.172,35121,11.60,1
1781253545.181,35121,17.60,0
1781253545.191,35121,15.50,0
1781253546.215,20176,13.80,1
1781253546.228,20176,11.90,1
1781253548.286,35121,15.00,0
1781253548.296,35121,16.10,0
1781253548.306,35121,16.90,0
1781253548.323,35121,14.70,0
1781253548.332,35121,16.50,0
1781253548.342,35121,16.50,0
1781253549.362,20176,17.20,0
1781253550.409,35121,7.70,1
1781253550.422,35121,11.90,1
1781253551.454,35121,15.20,0
1781253551.473,35121,17.50,0
1781253551.484,35121,14.00,1
1781253551.493,35121,19.80,0
1781253551.508,35121,9.60,1
1781253553.562,35121,7.50,1
1781253553.574,35121,13.20,1
1781253554.606,35121,14.30,0
1781253554.626,35121,13.30,1
1781253554.637,35121,14.10,0
1781253554.645,35121,19.60,0
1781253554.657,35121,12.60,1
1781253555.680,35121,10.90,1
1781253555.689,35121,18.50,0
1781253555.700,35121,13.60,1
1781253555.710,35121,15.50,0
1781253555.723,35121,11.90,1
1781253557.794,20176,12.80,1
1781253558.819,20176,9.40,1
1781253558.828,20176,18.10,0
1781253558.839,20176,13.80,1
1781253558.850,20176,15.50,0
1781253561.942,35121,9.70,1
1781253561.950,35121,19.90,0
1781253561.968,35121,8.30,1
1781253561.977,35121,17.00,0
1781253561.988,35121,14.80,0
1781253562.001,35121,13.10,1
1781253562.013,35121,12.90,1
1781253562.033,35121,7.10,1
1781253564.101,20176,11.10,1
1781253564.110,20176,18.80,0
1781253565.127,20176,19.80,0
1781253565.140,20176,11.90,1
1781253565.148,20176,19.80,0
1781253565.168,20176,7.40,1
1781253566.203,35121,10.60,1
1781253566.220,35121,8.60,1
1781253567.253,35121,19.80,0
1781253567.266,35121,12.30,1
1781253567.278,35121,12.70,1
1781253567.294,35121,8.80,1
1781253567.303,35121,18.50,0
1781253567.316,35121,11.70,1
1781253567.324,35121,19.80,0
1781253567.336,35121,12.80,1
1781253567.347,35121,13.40,1
1781253567.365,35121,8.60,1
1781253568.383,35121,16.90,0
1781253568.402,35121,7.60,1
1781253568.426,35121,6.10,1
1781253570.482,35121,14.40,0
1781253570.498,35121,9.10,1
1781253570.511,35121,11.90,1
1781253570.525,35121,10.60,1
1781253570.534,35121,17.70,0
1781253570.546,35121,12.90,1
1781253570.555,35121,19.70,0
1781253570.574,35121,7.60,1
1781253570.585,35121,14.20,0
1781253573.656,20176,17.90,0
1781253573.668,20176,12.40,1
1781253573.677,20176,17.40,0
1781253573.689,20176,13.00,1
1781253573.697,20176,19.50,0
1781253573.717,20176,7.40,1
1781253575.792,20176,14.80,0
1781253576.813,20176,13.30,1
1781253576.823,20176,15.70,0
1781253576.833,20176,15.60,0
1781253576.846,20176,11.20,1
1781253576.856,20176,15.70,0
1781253579.941,20176,7.90,1
1781253579.950,20176,19.40,0
1781253579.961,20176,13.40,1
1781253579.970,20176,17.30,0
1781253579.982,20176,12.70,1
1781253583.063,20176,11.70,1
1781253583.077,20176,11.50,1
1781253583.086,20176,16.40,0
1781253583.097,20176,15.00,0
1781253583.107,20176,15.00,0
1781253583.116,20176,16.80,0
1781253586.215,20176,9.80,1
1781253586.227,20176,13.30,1
1781253586.238,20176,13.70,1
1781253586.246,20176,19.10,0
1781253586.258,20176,12.60,1
1781253589.339,35121,10.20,1
1781253589.349,35121,15.00,0
1781253589.365,35121,9.10,1
1781253589.375,35121,15.60,0
1781253589.385,35121,15.70,0
1781253589.396,35121,14.30,0
1781253589.408,35121,13.20,1
1781253589.426,35121,8.10,1
1781253589.435,35121,17.70,0
1781253589.448,35121,11.90,1
1781253591.515,35121,12.40,1
1781253591.527,35121,13.00,1
1781253592.587,20176,19.30,0
1781253592.598,20176,13.50,1
1781253592.607,20176,20.10,0
1781253592.621,20176,12.30,1
1781253592.632,20176,19.10,0
1781253592.642,20176,14.20,0
1781253595.191,27010,13.40,1
1781253595.202,27010,13.80,1
1781253595.211,27010,18.90,0
1781253595.224,27010,11.50,1
1781253595.233,27010,19.50,0
1781253595.245,27010,12.00,1
1781253595.256,27010,14.70,0
1781253595.268,27010,13.20,1
1781253596.376,35121,12.30,1
1781253596.384,35121,20.50,0
1781253596.401,35121,10.30,1
1781253596.409,35121,20.00,0
1781253597.713,35121,13.30,1
1781253597.726,35121,11.50,1
1781253598.767,35121,20.20,0
1781253598.796,35121,12.20,1
1781253600.073,20176,18.60,0
1781253600.084,20176,13.60,1
1781253600.093,20176,19.60,0
1781253602.198,35121,13.80,1
1781253602.206,35121,20.40,0
1781253650.324,27010,14.90,0
1781253661.763,48316,14.80,0
1781253661.772,48316,17.70,0
1781253661.782,48316,15.60,0
1781253661.791,48316,17.80,0
1781253661.801,48316,15.90,0
1781253661.810,48316,16.10,0
1781253661.820,48316,16.10,0
1781253661.830,48316,15.80,0
1781253661.840,48316,16.40,0
1781253661.849,48316,16.90,0
1781253662.892,47117,16.10,0
1781253662.901,47117,17.10,0
1781253662.911,47117,16.30,0
1781253662.920,47117,17.20,0
1781253662.930,47117,16.40,0
1781253662.939,47117,17.40,0
1781253662.949,47117,16.30,0
1781253662.958,47117,17.30,0
1781253662.968,47117,16.10,0
1781253662.977,47117,17.50,0
1781253664.006,47117,17.40,0
1781253664.016,47117,16.40,0
1781253664.025,47117,17.40,0
1781253664.035,47117,15.90,0
1781253664.044,47117,18.00,0
1781253664.054,47117,15.50,0
1781253664.063,47117,18.50,0
1781253664.073,47117,15.10,0
1781253664.082,47117,19.00,0
1781253664.092,47117,14.80,0
1781253665.112,47117,14.30,0
1781253665.120,47117,18.90,0
1781253665.131,47117,15.00,0
1781253665.139,47117,18.20,0
1781253665.150,47117,15.40,0
1781253665.159,47117,17.70,0
1781253665.169,47117,15.90,0
1781253665.178,47117,17.20,0
1781253665.188,47117,16.30,0
1781253665.197,47117,16.50,0
1781253666.216,47117,15.50,0
1781253666.225,47117,18.10,0
1781253666.235,47117,15.90,0
1781253666.244,47117,17.30,0
1781253666.254,47117,16.60,0
1781253666.263,47117,17.00,0
1781253666.273,47117,16.80,0
1781253666.282,47117,16.50,0
1781253666.291,47117,17.30,0
1781253666.301,47117,16.50,0
1781253667.320,48316,14.50,0
1781253667.329,48316,19.90,0
1781253667.339,48316,14.30,0
1781253667.348,48316,19.90,0
1781253667.359,48316,14.00,1
1781253667.367,48316,20.10,0
1781253667.378,48316,13.70,1
1781253667.386,48316,20.00,0
1781253667.398,48316,13.50,1
1781253667.406,48316,20.00,0
1781253668.424,48316,17.10,0
1781253668.707,48316,20.20,0
1781253668.717,48316,15.50,0
1781253668.725,48316,18.50,0
1781253668.736,48316,15.00,0
1781253668.744,48316,19.10,0
1781253668.755,48316,14.60,0
1781253668.763,48316,19.70,0
1781253668.774,48316,14.40,0
1781253668.782,48316,19.90,0
1781253681.103,35121,14.00,1
1781253681.115,35121,13.40,1
1781253681.124,35121,17.70,0
1781253682.167,35121,9.20,1
1781253682.179,35121,12.10,1
1781253682.194,35121,10.40,1
1781253682.202,35121,19.70,0
1781253682.215,35121,12.10,1
1781253682.223,35121,19.40,0
1781253682.242,35121,7.80,1
1781253683.265,35121,10.20,1
1781253683.277,35121,13.40,1
1781253685.343,35121,12.10,1
1781253685.351,35121,19.40,0
1781253685.363,35121,13.40,1
1781253685.376,35121,11.50,1
1781253685.390,35121,10.50,1
1781253685.401,35121,15.20,0
1781253685.414,35121,11.20,1
1781253685.424,35121,16.70,0
1781253688.509,20176,16.00,0
1781253688.523,20176,10.50,1
1781253688.535,20176,13.20,1
1781253688.546,20176,14.40,0
1781253688.558,20176,12.10,1
1781253688.568,20176,16.00,0
1781253688.579,20176,15.30,0
1781253691.656,20176,18.60,0
1781253691.677,20176,6.80,1
1781253691.686,20176,19.20,0
1781253691.700,20176,10.40,1
1781253691.709,20176,19.00,0
1781253691.721,20176,12.20,1
1781253691.730,20176,19.00,0
1781253692.770,35121,5.40,1
1781253692.789,35121,7.70,1
1781253692.805,35121,9.20,1
1781253694.861,35121,19.90,0
1781253694.875,35121,10.90,1
1781253694.886,35121,14.10,0
1781253694.905,35121,7.90,1
1781253694.913,35121,19.80,0
1781253694.927,35121,12.90,1
1781253694.936,35121,17.90,0
1781253698.005,35121,15.40,0
1781253698.016,35121,14.00,1
1781253698.027,35121,14.70,0
1781253698.044,35121,8.40,1
1781253698.054,35121,16.20,0
1781253698.067,35121,11.70,1
1781253698.075,35121,18.80,0
1781253698.088,35121,12.50,1
1781253698.096,35121,19.70,0
1781253698.117,35121,7.00,1
1781253699.145,35121,9.70,1
1781253699.159,35121,10.40,1
1781253700.189,35121,13.80,1
1781253700.199,35121,16.10,0
1781253700.209,35121,15.40,0
1781253700.221,35121,12.90,1
1781253700.232,35121,14.20,0
1781253700.247,35121,10.00,1
1781253700.260,35121,12.30,1
1781253700.271,35121,13.30,1
1781253700.280,35121,19.30,0
1781253700.292,35121,12.10,1
1781253701.368,35121,7.50,1
1781253701.390,35121,6.50,1
1781253701.413,35121,6.30,1
1781253701.423,35121,15.60,0
1781253701.434,35121,14.40,0
1781253701.444,35121,16.90,0
1781253701.464,35121,7.00,1
1781253701.475,35121,15.20,0
1781253702.518,20176,14.30,0
1781253703.543,35121,13.10,1
1781253703.555,35121,13.10,1
1781253703.565,35121,17.20,0
1781253703.577,35121,12.80,1
1781253703.586,35121,19.50,0
1781253703.605,35121,7.50,1
1781253704.627,35121,12.20,1
1781253705.667,35121,15.80,0
1781253705.681,35121,10.60,1
1781253705.690,35121,18.50,0
1781253705.702,35121,12.30,1
1781253705.711,35121,19.60,0
1781253705.728,35121,8.50,1
1781253706.754,35121,8.20,1
1781253706.763,35121,18.50,0
1781253706.780,35121,8.60,1
1781253706.789,35121,19.50,0
1781253706.807,35121,10.10,1
1781253706.815,35121,19.40,0
1781253706.835,35121,7.20,1
1781253706.855,35121,7.50,1
1781253707.878,35121,11.20,1
1781253708.917,35121,14.00,1
1781253708.929,35121,13.10,1
1781253708.949,35121,7.20,1
1781253708.959,35121,16.10,0
1781253708.971,35121,12.50,1
1781253708.979,35121,19.70,0
1781253708.992,35121,12.20,1
1781253709.004,35121,13.10,1
1781253709.020,35121,9.00,1
1781253710.045,35121,9.50,1
1781253711.083,35121,13.10,1
1781253711.104,35121,14.30,0
1781253711.115,35121,13.40,1
1781253711.125,35121,15.90,0
1781253712.143,20176,20.10,0
1781253712.164,20176,6.90,1
1781253712.172,20176,18.80,0
1781253712.184,20176,13.60,1
1781253713.217,35121,12.90,1
1781253713.225,35121,20.00,0
1781253714.262,35121,12.30,1
1781253714.270,35121,19.30,0
1781253714.290,35121,7.50,1
1781253714.298,35121,19.40,0
1781253714.312,35121,10.80,1
1781253714.320,35121,19.60,0
1781253714.332,35121,13.20,1
1781253714.341,35121,17.00,0
1781253714.358,35121,8.90,1
1781253714.367,35121,19.30,0
1781253717.442,20176,11.50,1
1781253717.454,20176,12.60,1
1781253717.464,20176,16.20,0
1781253717.474,20176,15.40,0
1781253717.485,20176,13.70,1
1781253717.496,20176,13.80,1
1781253717.513,20176,8.50,1
1781253718.537,35121,12.20,1
1781253718.558,35121,6.80,1
1781253718.582,35121,5.90,1
1781253718.601,35121,7.80,1
1781253720.653,20176,19.90,0
1781253720.672,20176,7.60,1
1781253720.681,20176,18.70,0
1781253720.692,20176,13.60,1
1781253720.702,20176,16.90,0
1781253722.775,35121,9.00,1
1781253725.862,35121,6.90,1
1781253725.872,35121,15.90,0
1781253726.918,35121,13.60,1
1781253726.928,35121,15.90,0
1781253726.938,35121,15.70,0
1781253726.954,35121,9.40,1
1781253726.965,35121,14.80,0
1781253729.018,35121,20.30,0
1781253729.032,35121,10.60,1
1781253729.041,35121,20.10,0
1781253730.062,35121,11.90,1
1781253730.077,35121,10.20,1
1781253730.094,35121,8.70,1
1781253730.103,35121,19.10,0
1781253730.115,35121,12.30,1
1781253730.123,35121,19.70,0
1781253730.140,35121,8.70,1
1781253732.191,20176,19.30,0
1781253732.204,20176,11.80,1
1781253732.213,20176,17.70,0
1781253732.234,20176,7.10,1
1781253732.244,20176,15.00,0
1781253732.256,20176,13.50,1
1781253732.266,20176,16.30,0
1781253732.276,20176,15.00,0
1781253733.314,35121,6.70,1
1781253733.323,35121,17.00,0
1781253733.342,35121,8.70,1
1781253733.363,35121,7.00,1
1781253733.382,35121,7.50,1
1781253733.409,35121,5.40,1
1781253733.421,35121,12.20,1
1781253734.457,35121,11.00,1
1781253734.466,35121,18.90,0
1781253734.476,35121,14.70,0
1781253735.501,20176,9.50,1
1781253735.509,20176,19.30,0
1781253735.522,20176,12.20,1
1781253736.755,35121,15.60,0
1781253736.764,35121,17.60,0
1781253736.787,35121,13.30,1
1781253737.806,35121,15.20,0
1781253737.818,35121,14.00,1
1781253737.827,35121,18.00,0
1781253737.845,35121,7.80,1
1781253738.880,35121,11.90,1
1781253738.893,35121,11.20,1
1781253739.929,35121,16.80,0
1781253739.939,35121,14.90,0
1781253739.949,35121,15.70,0
1781253739.966,35121,8.80,1
1781253739.974,35121,20.10,0
1781253739.988,35121,11.20,1
1781253739.996,35121,19.10,0
1781253743.073,35121,16.60,0
1781253743.088,35121,10.10,1
1781253743.103,35121,9.90,1
1781253743.114,35121,13.60,1
1781253743.125,35121,14.50,0
1781253743.134,35121,17.60,0
1781253743.146,35121,12.90,1
1781253743.155,35121,17.40,0
1781253743.173,35121,8.50,1
1781253743.183,35121,14.50,0
1781253746.262,35121,18.90,0
1781253746.274,35121,12.60,1
1781253746.282,35121,19.90,0
1781253746.303,35121,6.80,1
1781253746.312,35121,19.20,0
1781253746.327,35121,9.80,1
1781253746.335,35121,19.80,0
1781253746.347,35121,12.50,1
1781253746.356,35121,18.70,0
1781253746.373,35121,8.70,1
1781253748.432,35121,9.70,1
1781253748.441,35121,17.90,0
1781253748.451,35121,15.40,0
1781253748.468,35121,15.70,0
1781253748.478,35121,15.10,0
1781253748.488,35121,16.30,0
1781253753.880,35121,7.50,1
1781253753.888,35121,20.10,0
1781253753.899,35121,13.30,1
1781253753.908,35121,20.20,0
1781253753.927,35121,17.10,0
1781253754.945,35121,17.20,0
1781253754.958,35121,12.20,1
1781253754.973,35121,9.60,1
1781253754.987,35121,11.10,1
1781253754.998,35121,13.40,1
1781253755.008,35121,16.90,0
1781253755.019,35121,13.40,1
1781253755.028,35121,19.20,0
1781253755.049,35121,6.80,1
1781253755.057,35121,19.80,0
1781253757.110,20176,13.30,1
1781253757.130,20176,9.50,1
1781253757.143,20176,11.80,1
1781253757.158,20176,10.20,1
1781253757.166,20176,19.80,0
1781253757.178,20176,12.10,1
1781253758.203,35121,10.10,1
1781253758.217,35121,10.80,1
1781253758.233,35121,8.80,1
1781253758.249,35121,9.40,1
1781253759.282,35121,15.00,0
1781253759.290,35121,18.50,0
1781253760.321,35121,14.40,0
1781253760.330,35121,17.50,0
1781253760.351,35121,7.10,1
1781253760.359,35121,18.30,0
1781253760.375,35121,9.80,1
1781253760.383,35121,19.90,0
1781253760.395,35121,12.10,1
1781253760.404,35121,19.50,0
1781253760.421,35121,8.70,1
1781253760.429,35121,19.80,0
1781253761.452,20176,10.50,1
1781253761.471,20176,7.90,1
1781253762.512,35121,12.00,1
1781253762.521,35121,20.10,0
1781253762.533,35121,13.00,1
1781253762.545,35121,12.40,1
1781253762.555,35121,15.00,0
1781253764.606,35121,11.90,1
1781253769.761,35121,7.90,1
1781253769.769,35121,19.80,0
1781253769.784,35121,9.80,1
1781253769.792,35121,19.50,0
1781253769.805,35121,12.40,1
1781253769.813,35121,18.60,0
1781253769.831,35121,8.70,1
1781253771.901,20176,14.40,0
1781253772.923,20176,11.70,1
1781253772.933,20176,16.70,0
1781253772.943,20176,14.80,0
1781253772.954,20176,15.10,0
1781253772.967,20176,11.20,1
1781253778.273,35121,18.60,0
1781253778.285,35121,12.80,1
1781253778.295,35121,16.30,0
1781253778.312,35121,8.50,1
1781253778.322,35121,15.10,0
1781253778.334,35121,13.40,1
1781253778.343,35121,16.70,0
1781253778.354,35121,15.20,0
1781253778.369,35121,10.00,1
1781253778.383,35121,10.40,1
1781253779.410,35121,8.00,1
1781253779.429,35121,8.00,1
1781253779.453,35121,5.90,1
1781253779.474,35121,7.00,1
1781253783.803,20176,18.60,0
1781253783.815,20176,12.70,1
1781253783.823,20176,19.80,0
1781253783.844,20176,6.80,1
1781253783.854,20176,16.40,0
1781253783.868,20176,10.40,1
1781253783.877,20176,19.60,0
1781253786.958,20176,15.80,0
1781253786.974,20176,9.20,1
1781253786.983,20176,18.60,0
1781253786.996,20176,11.50,1
1781253787.005,20176,18.00,0
1781253787.016,20176,13.70,1
1781253789.071,35121,17.30,0
1781253789.093,35121,10.10,1
1781253790.123,35121,7.20,1
1781253790.132,35121,16.70,0
1781253790.145,35121,11.50,1
1781253790.154,35121,19.70,0
1781253790.165,35121,13.10,1
1781253790.177,35121,13.40,1
1781253790.192,35121,10.10,1
1781253790.200,35121,19.90,0
1781253790.217,35121,8.80,1
1781253792.280,20176,13.20,1
1781253792.288,20176,18.80,0
1781253793.321,20176,12.30,1
1781253796.417,20176,8.30,1
1781253796.427,20176,16.30,0
1781253796.438,20176,13.70,1
1781253796.448,20176,16.40,0
1781253796.458,20176,15.50,0
1781253796.473,20176,9.60,1
1781253797.508,35121,7.50,1
1781253797.517,35121,18.70,0
1781253798.551,35121,13.80,1
1781253798.567,35121,20.20,0
1781253798.579,35121,13.20,1
1781253798.587,35121,19.30,0
1781253798.600,35121,11.80,1
1781253799.622,35121,12.30,1
1781253799.637,35121,10.00,1
1781253799.647,35121,15.50,0
1781253799.660,35121,11.40,1
1781253799.669,35121,17.40,0
1781253799.680,35121,14.60,0
1781253799.690,35121,16.10,0
1781253801.748,35121,16.30,0
1781253801.758,35121,16.60,0
1781253801.769,35121,14.20,0
1781253801.780,35121,13.40,1
1781253801.792,35121,12.90,1
1781253801.800,35121,19.40,0
1781253801.813,35121,11.90,1
1781253801.821,35121,19.20,0
1781253801.842,35121,7.00,1
1781253802.868,35121,8.60,1
1781253802.881,35121,12.50,1
1781253802.897,35121,8.80,1
1781253802.906,35121,18.50,0
1781253802.927,35121,7.00,1
1781253802.946,35121,7.50,1
1781253802.969,35121,6.50,1
1781253802.991,35121,6.30,1
1781253803.002,35121,13.90,1
1781253803.021,35121,8.00,1
1781253808.150,35121,13.50,1
1781253808.171,35121,7.00,1
1781253808.180,35121,17.00,0
1781253808.192,35121,12.80,1
1781253808.201,35121,17.50,0
1781253808.212,35121,14.40,0
1781253808.221,35121,17.50,0
1781253808.238,35121,8.40,1
1781253808.247,35121,19.20,0
1781253809.276,35121,7.50,1
1781253810.320,35121,16.60,0
1781253810.333,35121,11.70,1
1781253810.344,35121,13.80,1
1781253810.353,35121,18.20,0
1781253810.365,35121,12.60,1
1781253813.448,20176,16.60,0
1781253813.459,20176,14.00,1
1781253813.467,20176,18.30,0
1781253813.483,20176,9.50,1
1781253813.494,20176,13.80,1
1781253813.512,20176,8.10,1
1781253813.521,20176,19.00,0
1781253814.538,35121,20.50,0
1781253814.558,35121,7.20,1
1781253814.566,35121,19.10,0
1781253814.586,35121,7.30,1
1781253815.614,20176,17.40,0
1781253815.625,20176,14.10,0
1781253815.633,20176,19.00,0
1781253815.655,20176,6.60,1
1781253816.685,20176,13.70,1
1781253816.695,20176,15.50,0
1781253816.715,20176,7.30,1
1781253816.725,20176,14.70,0
1781253816.739,20176,11.30,1
1781253816.747,20176,19.80,0
1781253816.759,20176,12.90,1
1781253816.771,20176,12.20,1
1781253818.833,20176,16.30,0
1781253818.844,20176,13.80,1
1781253818.854,20176,16.30,0
1781253819.873,20176,15.40,0
1781253819.890,20176,8.30,1
1781253819.904,20176,10.80,1
1781253819.923,20176,7.70,1
1781253819.936,20176,16.40,0
1781253821.991,20176,19.80,0
1781253822.003,20176,12.80,1
1781253822.016,20176,11.50,1
1781253822.031,20176,9.70,1
1781253822.045,20176,11.20,1
1781253822.055,20176,15.10,0
1781253822.066,20176,14.30,0
1781253824.123,35121,13.80,1
1781253824.139,35121,9.00,1
1781253825.168,20176,13.30,1
1781253825.177,20176,16.90,0
1781253825.189,20176,13.10,1
1781253825.197,20176,19.60,0
1781253825.217,20176,7.50,1
1781253825.226,20176,17.10,0
1781253827.281,35121,12.80,1
1781253827.289,35121,19.90,0
1781253827.302,35121,11.20,1
1781253827.321,35121,17.90,0
1781253827.332,35121,13.60,1
1781253828.351,35121,17.10,0
1781253828.363,35121,12.10,1
1781253828.372,35121,19.20,0
1781253828.384,35121,12.10,1
1781253828.399,35121,11.90,1
1781253828.414,35121,9.60,1
1781253828.428,35121,11.10,1
1781253828.442,35121,10.50,1
1781253828.458,35121,9.30,1
1781253829.485,35121,16.80,0
1781253829.498,35121,11.20,1
1781253829.516,35121,8.30,1
1781253830.545,20176,19.80,0
1781253830.557,20176,12.30,1
1781253830.566,20176,18.60,0
1781253830.583,20176,8.30,1
1781253830.595,20176,13.00,1
1781253830.609,20176,10.70,1
1781253830.619,20176,15.90,0
1781253830.629,20176,15.80,0
1781253832.675,35121,20.10,0
1781253832.695,35121,14.60,0
1781253833.712,35121,20.10,0
1781253833.729,35121,9.20,1
1781253833.738,35121,17.50,0
1781253833.749,35121,13.10,1
1781253833.758,35121,19.40,0
1781253833.774,35121,9.30,1
1781253833.785,35121,13.80,1
1781253833.804,35121,7.80,1
1781253833.813,35121,16.80,0
1781253833.824,35121,15.00,0
1781253839.984,35121,13.80,1
1781253839.999,35121,9.90,1
1781253840.013,35121,10.80,1
1781253840.027,35121,10.80,1
1781253840.037,35121,17.00,0
1781253840.048,35121,13.00,1
1781253840.057,35121,19.70,0
1781253840.075,35121,8.10,1
1781253840.086,35121,13.70,1
1781253840.103,35121,8.90,1
1781253842.162,35121,13.20,1
1781253842.171,35121,20.10,0
1781253842.185,35121,10.60,1
1781253842.193,35121,20.10,0
1781253843.218,35121,8.70,1
1781253843.229,35121,14.30,0
1781253843.242,35121,12.30,1
1781253843.250,35121,19.80,0
1781253843.263,35121,11.10,1
1781253843.279,35121,11.00,1
1781253843.294,35121,9.60,1
1781253843.309,35121,10.30,1
1781253843.321,35121,12.10,1
1781253845.378,20176,13.30,1
1781253845.388,20176,16.80,0
1781253845.408,20176,7.20,1
1781253845.417,20176,16.50,0
1781253845.430,20176,12.50,1
1781253845.438,20176,19.40,0
1781253846.467,35121,7.20,1
1781253846.477,35121,15.80,0
1781253847.519,20176,12.20,1
1781253848.557,35121,14.40,0
1781253848.567,35121,15.00,0
1781253848.578,35121,15.10,0
1781253848.588,35121,15.10,0
1781253848.598,35121,16.40,0
1781253848.618,35121,7.30,1
1781253848.626,35121,18.90,0
1781253848.641,35121,9.70,1
1781253849.665,35121,10.20,1
1781253849.690,35121,5.70,1
1781253849.713,35121,6.50,1
1781253851.777,35121,18.40,0
1781253851.795,35121,8.40,1
1781253851.804,35121,19.60,0
1781253851.816,35121,12.40,1
1781253851.825,35121,18.60,0
1781253853.865,35121,19.40,0
1781253854.906,20176,11.70,1
1781253854.915,20176,19.90,0
1781253854.934,20176,7.50,1
1781253854.944,20176,15.90,0
1781253854.955,20176,13.10,1
1781253854.964,20176,17.90,0
1781253857.036,35121,19.30,0
1781253858.072,35121,9.80,1
1781253858.083,35121,14.00,1
1781253858.098,35121,10.20,1
1781253858.107,35121,16.90,0
1781253858.118,35121,13.70,1
1781253858.127,35121,19.10,0
1781253858.143,35121,9.10,1
1781253858.152,35121,19.20,0
1781253858.168,35121,8.90,1
1781253858.178,35121,15.20,0
1781253860.236,35121,13.70,1
1781253860.246,35121,15.70,0
1781253860.256,35121,15.60,0
1781253860.266,35121,17.50,0
1781253861.285,35121,16.00,0
1781253861.303,35121,7.90,1
1781253861.313,35121,15.90,0
1781253861.324,35121,14.10,0
1781253861.334,35121,16.30,0
1781253863.391,35121,20.20,0
1781253863.403,35121,12.40,1
1781253863.414,35121,14.30,0
1781253863.424,35121,15.10,0
1781253863.435,35121,14.60,0
1781253863.444,35121,16.90,0
1781253863.462,35121,8.30,1
1781253863.471,35121,17.60,0
1781253865.518,35121,11.50,1
1781253865.536,35121,8.20,1
1781253865.547,35121,14.00,1
1781253865.558,35121,14.50,0
1781253866.589,20176,19.40,0
1781253866.606,20176,17.00,0
1781253866.626,20176,7.20,1
1781253866.635,20176,19.80,0
1781253866.647,20176,13.00,1
1781253866.656,20176,17.40,0
1781253867.675,35121,16.50,0
1781253867.692,35121,8.90,1
1781253867.712,35121,8.70,1
1781253867.723,35121,13.80,1
1781253867.746,35121,6.20,1
1781253867.765,35121,7.60,1
1781253867.787,35121,6.70,1
1781253868.806,20176,19.50,0
1781253868.825,20176,7.60,1
1781253872.937,20176,17.60,0
1781253872.948,20176,14.50,0
1781253872.959,20176,14.80,0
1781253872.975,20176,8.90,1
1781253872.987,20176,12.90,1
1781253872.999,20176,13.90,1
1781253873.008,20176,16.00,0
1781253876.109,35121,7.00,1
1781253876.119,35121,15.60,0
1781253876.133,35121,10.90,1
1781253876.142,35121,18.10,0
1781253876.153,35121,13.80,1
1781253876.165,35121,13.40,1
1781253876.178,35121,11.30,1
1781253876.189,35121,14.30,0
1781253876.204,35121,9.50,1
1781253878.252,35121,13.80,1
1781253878.261,35121,16.90,0
1781253878.271,35121,16.10,0
1781253878.283,35121,12.20,1
1781253878.292,35121,18.10,0
1781253878.303,35121,13.60,1
1781253878.312,35121,20.10,0
1781253878.327,35121,9.60,1
1781253878.335,35121,19.60,0
1781253878.347,35121,12.70,1
1781253879.368,35121,13.70,1
1781253879.377,35121,16.90,0
1781253879.394,35121,8.70,1
1781253879.414,35121,20.00,0
1781253879.430,35121,8.90,1
1781253880.451,35121,17.30,0
1781253880.464,35121,11.80,1
1781253880.472,35121,20.00,0
1781253881.506,35121,16.80,0
1781253881.524,35121,7.90,1
1781253881.533,35121,18.60,0
1781253881.546,35121,11.10,1
1781253881.556,35121,17.60,0
1781253881.566,35121,14.40,0
1781253881.576,35121,16.20,0
1781253884.665,20176,10.40,1
1781253884.676,20176,15.10,0
1781253884.686,20176,14.90,0
1781253884.697,20176,15.40,0
1781253884.706,20176,16.10,0
1781253884.721,20176,10.30,1
1781253886.769,35121,12.20,1
1781253886.791,35121,6.90,1
1781253887.822,35121,13.70,1
1781253887.831,35121,18.40,0
1781253887.847,35121,9.70,1
1781253887.858,35121,13.80,1
1781253887.877,35121,7.50,1
1781253887.886,35121,18.70,0
1781253887.897,35121,13.70,1
1781253887.907,35121,17.10,0
1781253887.920,35121,11.40,1
1781253887.934,35121,10.70,1
1781253891.004,20176,13.80,1
1781253891.023,20176,7.60,1
1781253891.032,20176,17.70,0
1781253891.042,20176,14.40,0
1781253891.053,20176,15.30,0
1781253891.064,20176,13.50,1
1781253893.120,35121,10.30,1
1781253894.154,35121,19.10,0
1781253894.171,35121,8.30,1
1781253894.180,35121,19.30,0
1781253894.191,35121,13.20,1
1781253894.201,35121,16.80,0
1781253894.214,35121,11.50,1
1781253894.228,35121,11.10,1
1781253894.243,35121,9.40,1
1781253894.254,35121,14.20,0
1781253894.263,35121,18.00,0
1781253896.320,20176,12.60,1
1781253896.328,20176,20.10,0
1781253897.352,20176,10.90,1
1781253897.361,20176,19.20,0
1781253900.448,35121,18.90,0
1781253900.465,35121,8.30,1
1781253900.474,35121,19.60,0
1781253900.486,35121,12.00,1
1781253900.495,35121,19.80,0
1781253900.510,35121,9.70,1
1781253900.521,35121,14.10,0
1781253900.539,35121,8.40,1
1781253900.549,35121,15.70,0
1781253900.559,35121,15.90,0
1781253902.616,35121,12.90,1
1781253902.626,35121,15.70,0
1781253902.638,35121,13.50,1
1781253903.660,20176,17.50,0
1781253904.698,35121,7.80,1
1781253906.767,20176,16.00,0
1781253906.779,20176,13.00,1
1781253906.787,20176,19.70,0
1781253906.800,20176,12.20,1
1781253906.809,20176,16.90,0
1781253909.889,20176,20.30,0
1781253909.897,20176,19.60,0
1781253909.905,20176,19.70,0
1781253909.915,20176,15.80,0
1781253909.925,20176,16.80,0
1781253909.933,20176,19.90,0
1781253909.941,35121,20.00,0
1781253909.950,35121,19.70,0
1781253909.958,35121,19.90,0
1781253909.967,35121,17.10,0
1781254043.613,51491,18.90,0
1781254043.621,51491,20.40,0
1781254043.631,51491,15.40,0
1781254043.648,45135,15.50,0
1781254043.656,45135,20.70,0
1781254043.668,45135,12.60,1
1781254044.712,706,16.30,0
1781254044.720,706,20.60,0
1781254044.730,706,15.90,0
1781254044.741,706,16.00,0
1781254044.749,706,20.30,0
1781254047.177,27010,17.20,0
1781254047.185,27010,20.60,0
1781254047.193,27010,20.70,0
1781254047.204,27010,14.40,0
1781254047.212,27010,20.60,0
1781254047.220,27010,20.60,0
1781254047.231,27010,14.80,0
1781254047.239,27010,20.30,0
1781254048.289,40797,20.30,0
1781254048.297,40797,20.30,0
1781254048.306,40797,19.50,0
1781254048.314,40797,19.30,0
1781254048.324,40797,16.80,0
1781254048.334,40797,16.80,0
1781254048.342,40797,19.80,0
1781254048.351,40797,19.20,0
1781254049.671,8351,14.50,0
1781254049.681,8351,20.60,0
1781254049.691,8351,15.90,0
1781254049.702,8351,13.90,1
1781254049.710,8351,20.70,0
1781254049.718,8351,20.50,0
1781254049.729,8351,13.70,1
1781254049.737,8351,20.50,0
1781254049.745,8351,20.40,0
1781254050.793,51197,20.30,0
1781254050.801,51197,19.10,0
1781254050.811,51197,15.00,0
1781254050.819,51197,20.70,0
1781254050.829,51197,15.90,0
1781254050.840,51197,14.50,0
1781254050.848,51197,20.40,0
1781254050.856,51197,20.50,0
1781254099.928,45135,20.30,0
1781254110.528,8351,20.20,0
1781254452.893,51491,15.40,0
1781254452.903,51491,20.00,0
1781254452.913,51491,15.60,0
1781254452.922,51491,19.70,0
1781254452.934,51491,15.40,0
1781254453.984,18787,20.60,0
1781254453.994,18787,15.80,0
1781254454.002,18787,19.90,0
1781254454.011,18787,19.90,0
1781254454.020,18787,16.40,0
1781254454.028,18787,19.90,0
1781254454.038,18787,16.40,0
1781254455.391,18787,20.40,0
1781254455.400,18787,18.30,0
1781254455.411,18787,15.10,0
1781254455.419,18787,20.60,0
1781254455.427,18787,20.40,0
1781254455.438,18787,14.60,0
1781254455.446,18787,20.10,0
1781254455.454,18787,20.40,0
1781254455.465,18787,15.00,0
1781254455.473,18787,19.20,0
1781254456.539,51197,14.20,0
1781254456.550,51197,20.50,0
1781254456.559,51197,19.30,0
1781254456.569,51197,15.00,0
1781254456.577,51197,20.70,0
1781254456.588,51197,15.30,0
1781254456.598,51197,14.60,0
1781254456.606,51197,19.70,0
1781254457.707,18787,20.60,0
1781254457.715,18787,20.70,0
1781254457.723,18787,19.70,0
1781254457.734,18787,15.00,0
1781254457.746,51197,20.60,0
1781254459.058,706,20.20,0
1781254459.067,706,19.90,0
1781254459.075,706,20.70,0
1781254459.085,706,15.40,0
1781254459.093,706,19.90,0
1781254459.101,706,19.30,0
1781254459.112,706,15.00,0
1781254459.120,706,20.20,0
1781254459.130,706,15.80,0
1781254459.141,706,14.60,0
1781254460.178,40797,20.20,0
1781254460.186,40797,20.40,0
1781254460.194,40797,20.60,0
1781254460.203,40797,19.80,0
1781254460.211,40797,20.10,0
1781254460.219,40797,20.20,0
1781254460.227,40797,20.20,0
1781254460.236,40797,18.20,0
1781254460.245,40797,17.80,0
1781254510.095,18787,20.40,0
1781254863.290,18787,15.40,0
1781254863.300,18787,20.20,0
1781254863.310,18787,15.50,0
1781254864.355,40797,17.70,0
1781254864.365,40797,15.30,0
1781254864.373,40797,20.40,0
1781254864.385,40797,15.90,0
1781254864.393,40797,20.60,0
1781254866.820,706,20.40,0
1781254866.832,706,13.70,1
1781254866.841,706,19.70,0
1781254866.849,706,20.50,0
1781254866.860,706,14.30,0
1781254866.869,706,20.30,0
1781254866.879,706,15.60,0
1781254866.890,706,14.00,1
1781254866.898,706,20.50,0
1781254869.279,51197,14.50,0
1781254869.287,51197,20.60,0
1781254869.295,51197,19.80,0
1781254869.304,51197,18.30,0
1781254869.313,51197,18.70,0
1781254869.321,51197,20.00,0
1781254870.368,18787,20.40,0
1781254870.378,18787,15.70,0
1781254870.386,18787,20.50,0
1781254870.396,18787,15.80,0
1781254870.407,18787,14.30,0
1781254870.415,18787,20.60,0
1781254870.423,18787,20.50,0
1781254870.434,18787,14.40,0
1781254921.319,18787,20.40,0
1781254923.933,45135,20.60,0
1781254927.229,706,20.20,0
1781254929.823,40797,20.30,0
1781254932.804,51197,20.60,0
1781255121.545,8351,19.50,0
1781255123.615,1478,14.20,0
1781255124.640,1478,8.70,1
1781255124.651,1478,13.60,1
1781255124.664,1478,12.20,1
1781255124.674,1478,15.00,0
1781255126.732,8351,15.00,0
1781255126.744,8351,15.70,0
1781255126.756,8351,12.80,1
1781255126.764,8351,20.00,0
1781255126.775,8351,14.00,1
1781255126.788,8351,12.00,1
1781255126.798,8351,15.70,0
1781255128.839,8351,20.00,0
1781255128.861,8351,6.50,1
1781255128.873,8351,13.20,1
1781255129.921,1478,13.10,1
1781255129.929,1478,19.50,0
1781255129.944,1478,10.20,1
1781255130.965,1478,11.70,1
1781255130.974,1478,19.20,0
1781255130.985,1478,13.40,1
1781255133.067,1478,15.60,0
1781255133.076,1478,17.30,0
1781255134.095,1478,16.80,0
1781255134.109,1478,10.20,1
1781255134.118,1478,19.60,0
1781255134.129,1478,13.20,1
1781255135.183,8351,7.80,1
1781255136.201,8351,17.40,0
1781255136.211,8351,15.60,0
1781255136.225,8351,10.90,1
1781255136.234,8351,17.70,0
1781255136.246,8351,12.90,1
1781255136.254,8351,19.80,0
1781255136.271,8351,9.00,1
1781255136.281,8351,15.90,0
1781255136.299,8351,8.00,1
1781255136.307,8351,19.60,0
1781255139.388,1478,13.80,1
1781255139.397,1478,18.60,0
1781255139.412,1478,9.40,1
1781255139.423,1478,14.50,0
1781255139.441,1478,8.10,1
1781255140.468,8351,8.40,1
1781255140.476,8351,19.20,0
1781255140.495,8351,7.60,1
1781255140.507,8351,13.80,1
1781255142.566,1478,20.40,0
1781255142.580,1478,10.40,1
1781255142.588,1478,19.40,0
1781255142.601,1478,12.30,1
1781255142.609,1478,19.70,0
1781255142.628,1478,7.80,1
1781255142.637,1478,17.90,0
1781255142.654,1478,8.40,1
1781255145.728,8351,13.90,1
1781255145.739,8351,13.80,1
1781255145.748,8351,18.10,0
1781255145.760,8351,12.90,1
1781255145.769,8351,16.80,0
1781255145.789,8351,7.30,1
1781255145.799,8351,16.60,0
1781255145.813,8351,12.10,1
1781255146.843,8351,6.90,1
1781255146.869,8351,5.50,1
1781255146.886,8351,8.70,1
1781255146.901,8351,10.10,1
1781255147.939,1478,13.20,1
1781255148.973,8351,16.60,0
1781255148.985,8351,13.50,1
1781255148.995,8351,15.90,0
1781255149.012,8351,8.30,1
1781255149.023,8351,18.10,0
1781255154.146,8351,13.60,1
1781255154.155,8351,18.10,0
1781255154.166,8351,15.20,0
1781255154.184,8351,8.10,1
1781255155.219,8351,13.80,1
1781255155.238,8351,7.60,1
1781255155.247,8351,19.30,0
1781255155.258,8351,13.40,1
1781255155.268,8351,17.20,0
1781255155.280,8351,12.70,1
1781255156.310,8351,6.50,1
1781255157.351,8351,13.40,1
1781255157.359,8351,18.30,0
1781255157.370,8351,15.10,0
1781255157.389,8351,18.20,0
1781255157.400,8351,13.80,1
1781255161.513,1478,8.90,1
1781255161.526,1478,11.50,1
1781255161.540,1478,11.40,1
1781255161.548,1478,18.80,0
1781255161.561,1478,12.40,1
1781255161.576,1478,11.90,1
1781255161.591,1478,10.40,1
1781255162.622,1478,7.20,1
1781255162.630,1478,19.40,0
1781255165.725,8351,5.80,1
1781255165.743,8351,8.20,1
1781255165.766,8351,6.30,1
1781255166.808,1478,19.10,0
1781255166.822,1478,11.10,1
1781255167.841,1478,17.90,0
1781255169.919,8351,12.40,1
1781255169.927,8351,20.00,0
1781255174.035,8351,16.20,0
1781255174.050,8351,10.20,1
1781255174.059,8351,19.50,0
1781255174.076,8351,8.30,1
1781255174.087,8351,14.80,0
1781255174.100,8351,12.10,1
1781255174.111,8351,16.20,0
1781255174.121,8351,15.50,0
1781255174.136,8351,10.00,1
1781255177.224,1478,11.30,1
1781255177.235,1478,13.80,1
1781255177.246,1478,14.50,0
1781255177.255,1478,17.50,0
1781255177.267,1478,13.00,1
1781255179.348,8351,12.90,1
1781255179.357,8351,19.60,0
1781255179.367,8351,14.30,0
1781255179.386,8351,13.20,1
1781255179.394,8351,19.10,0
1781255179.405,8351,14.50,0
1781255180.424,8351,15.80,0
1781255180.442,8351,8.20,1
1781255180.453,8351,14.50,0
1781255180.463,8351,15.00,0
1781255180.474,8351,14.60,0
1781255180.488,8351,14.40,0
1781255180.505,8351,8.20,1
1781255180.520,8351,10.20,1
1781255180.536,8351,9.20,1
1781255182.585,8351,17.10,0
1781255182.597,8351,12.70,1
1781255182.607,8351,15.80,0
1781255182.624,8351,8.70,1
1781255182.633,8351,16.10,0
1781255182.644,8351,15.00,0
1781255182.654,8351,15.40,0
1781255182.664,8351,16.40,0
1781255182.683,8351,7.60,1
1781255182.693,8351,15.40,0
1781255185.769,8351,13.40,1
1781255185.782,8351,11.10,1
1781255185.792,8351,15.80,0
1781255185.802,8351,15.70,0
1781255185.814,8351,13.80,1
1781255185.826,8351,12.10,1
1781255185.847,8351,7.20,1
1781255185.856,8351,17.40,0
1781255185.868,8351,12.20,1
1781255185.877,8351,19.30,0
1781255188.950,1478,19.60,0
1781255188.964,1478,10.80,1
1781255188.972,1478,20.00,0
1781255188.992,1478,7.40,1
1781255189.002,1478,15.70,0
1781255189.014,1478,12.40,1
1781255189.023,1478,18.70,0
1781255190.054,8351,7.90,1
1781255190.079,8351,5.70,1
1781255190.099,8351,7.20,1
1781255191.144,8351,18.30,0
1781255191.154,8351,15.20,0
1781255191.167,8351,12.10,1
1781255195.266,1478,11.10,1
1781255195.281,1478,10.20,1
1781255195.291,1478,15.60,0
1781255195.301,1478,15.80,0
1781255195.312,1478,13.60,1
1781255195.323,1478,14.80,0
1781255197.380,8351,8.50,1
1781255198.416,1478,13.50,1
1781255198.427,1478,14.40,0
1781255198.436,1478,17.70,0
1781255198.449,1478,11.90,1
1781255198.460,1478,13.10,1
1781255200.517,8351,14.00,1
1781255200.535,8351,8.00,1
1781255200.554,8351,13.80,1
1781255201.585,1478,12.20,1
1781255204.662,1478,15.50,0
1781255204.677,1478,9.90,1
1781255204.691,1478,11.00,1
1781255204.704,1478,11.80,1
1781255204.714,1478,15.20,0
1781255204.724,1478,16.60,0
1781255204.735,1478,13.50,1
1781255205.773,8351,6.50,1
1781255205.796,8351,6.10,1
1781255205.810,8351,11.40,1
1781255206.853,8351,20.50,0
1781255206.866,8351,11.20,1
1781255206.875,8351,18.40,0
1781255207.902,8351,7.80,1
1781255207.914,8351,13.70,1
1781255207.927,8351,11.00,1
1781255207.936,8351,19.10,0
1781255207.948,8351,13.40,1
1781255207.960,8351,12.30,1
1781255207.974,8351,11.10,1
1781255210.036,1478,17.50,0
1781255211.061,8351,9.20,1
1781255211.071,8351,16.00,0
1781255211.083,8351,12.30,1
1781255211.092,8351,19.60,0
1781255211.106,8351,10.60,1
1781255211.115,8351,18.00,0
1781255212.148,8351,8.60,1
1781255213.186,8351,12.70,1
1781255213.199,8351,12.50,1
1781255213.209,8351,14.70,0
1781255213.219,8351,15.40,0
1781255213.229,8351,16.40,0
1781255213.244,8351,10.10,1
1781255213.254,8351,14.70,0
1781255213.271,8351,8.60,1
1781255214.296,8351,9.80,1
1781255214.308,8351,11.90,1
1781255214.326,8351,8.30,1
1781255214.340,8351,10.40,1
1781255214.356,8351,9.20,1
1781255215.393,1478,14.50,0
1781255215.405,1478,12.70,1
1781255215.413,1478,19.90,0
1781255215.424,1478,14.10,0
1781255216.464,8351,13.90,1
1781255216.480,8351,9.20,1
1781255216.490,8351,15.60,0
1781255216.500,8351,15.20,0
1781255216.511,8351,14.10,0
1781255216.521,8351,15.80,0
1781255216.540,8351,7.90,1
1781255216.548,8351,19.40,0
1781255219.621,1478,19.50,0
1781255219.631,1478,15.70,0
1781255219.642,1478,14.30,0
1781255219.652,1478,14.90,0
1781255219.662,1478,16.70,0
1781255222.755,8351,7.30,1
1781255222.766,8351,13.20,1
1781255222.778,8351,12.70,1
1781255222.788,8351,17.10,0
1781255222.798,8351,14.50,0
1781255222.812,8351,11.30,1
1781255222.824,8351,12.80,1
1781255222.840,8351,9.30,1
1781255222.850,8351,14.80,0
1781255224.907,8351,13.00,1
1781255224.917,8351,14.80,0
1781255224.926,8351,18.50,0
1781255224.939,8351,11.30,1
1781255226.987,1478,10.40,1
1781255227.001,1478,10.40,1
1781255227.018,1478,9.00,1
1781255227.035,1478,8.60,1
1781255228.063,8351,16.30,0
1781255228.078,8351,10.10,1
1781255228.089,8351,13.70,1
1781255228.106,8351,8.90,1
1781255228.115,8351,19.50,0
1781255228.127,8351,12.30,1
1781255228.135,8351,19.90,0
1781255228.151,8351,9.10,1
1781255228.162,8351,15.50,0
1781255228.180,8351,8.10,1
1781255229.209,8351,6.90,1
1781255229.228,8351,7.80,1
1781255231.287,1478,19.50,0
1781255233.371,1478,20.00,0
1781255233.382,1478,14.20,0
1781255234.422,1478,6.90,1
1781255236.501,8351,12.90,1
1781255236.510,8351,17.00,0
1781255236.520,8351,16.20,0
1781255236.532,8351,12.10,1
1781255240.638,1478,8.00,1
1781255240.647,1478,17.30,0
1781255240.659,1478,12.90,1
1781255240.668,1478,19.50,0
1781255240.681,1478,11.90,1
1781255240.690,1478,16.20,0
1781255240.710,1478,7.50,1
1781255242.760,8351,15.30,0
1781255242.771,8351,14.40,0
1781255242.781,8351,16.10,0
1781255242.797,8351,16.00,0
1781255242.810,8351,12.00,1
1781255242.819,8351,18.50,0
1781255245.894,8351,16.90,0
1781255245.909,8351,9.70,1
1781255245.922,8351,11.80,1
1781255245.934,8351,12.70,1
1781255245.955,8351,10.60,1
1781255245.963,8351,20.10,0
1781255246.990,8351,8.30,1
1781255247.001,8351,13.80,1
1781255247.015,8351,10.90,1
1781255247.023,8351,19.70,0
1781255247.036,8351,12.00,1
1781255247.044,8351,19.20,0
1781255247.063,8351,7.70,1
1781255248.099,8351,8.70,1
1781255248.108,8351,17.90,0
1781255248.118,8351,15.20,0
1781255249.158,1478,15.10,0
1781255249.168,1478,15.00,0
1781255249.181,1478,12.50,1
1781255249.195,1478,10.50,1
1781255249.206,1478,13.40,1
1781255249.216,1478,16.20,0
1781255250.243,8351,13.80,1
1781255250.262,8351,7.80,1
1781255250.277,8351,9.40,1
1781255250.291,8351,10.80,1
1781255250.316,8351,5.70,1
1781255251.336,1478,18.60,0
1781255252.375,1478,13.90,1
1781255252.389,1478,10.40,1
1781255252.404,1478,10.10,1
1781255252.417,1478,11.20,1
1781255252.427,1478,16.60,0
1781255252.439,1478,13.20,1
1781255254.492,8351,18.60,0
1781255254.514,8351,10.40,1
1781255255.538,1478,10.00,1
1781255255.549,1478,13.60,1
1781255255.561,1478,13.80,1
1781255255.569,1478,18.70,0
1781255255.582,1478,12.50,1
1781255258.664,8351,13.10,1
1781255258.679,8351,10.30,1
1781255258.690,8351,13.80,1
1781255258.701,8351,14.40,0
1781255258.711,8351,15.50,0
1781255258.721,8351,18.80,0
1781255258.739,8351,8.60,1
1781255258.749,8351,14.20,0
1781255258.767,8351,8.20,1
1781255259.796,8351,7.30,1
1781255260.838,8351,14.40,0
1781255260.848,8351,16.90,0
1781255260.860,8351,12.20,1
1781255260.872,8351,13.30,1
1781255260.880,8351,19.30,0
1781255262.929,8351,9.90,1
1781255262.941,8351,12.60,1
1781255263.989,8351,13.10,1
1781255263.997,8351,19.90,0
1781255264.010,8351,11.50,1
1781255264.020,8351,15.70,0
1781255264.031,8351,13.90,1
1781255266.090,8351,7.00,1
1781255266.101,8351,14.20,0
1781255267.147,1478,15.30,0
1781255268.165,1478,17.70,0
1781255268.186,1478,6.90,1
1781255268.195,1478,19.50,0
1781255268.207,1478,12.60,1
1781255270.274,1478,20.40,0
1781255271.295,8351,13.50,1
1781255271.314,8351,7.70,1
1781255271.323,8351,16.90,0
1781255271.336,8351,11.80,1
1781255271.345,8351,19.30,0
1781255271.356,8351,13.40,1
1781255271.369,8351,11.90,1
1781255273.426,1478,10.90,1
1781255273.435,1478,19.10,0
1781255273.446,1478,13.50,1
1781255273.456,1478,16.80,0
1781255273.471,1478,14.30,0
1781255273.491,1478,7.40,1
1781255273.500,1478,17.80,0
1781255274.525,1478,9.60,1
1781255274.538,1478,11.50,1
1781255274.556,1478,8.10,1
1781255274.566,1478,15.30,0
1781255276.622,8351,13.50,1
1781255276.634,8351,12.50,1
1781255276.644,8351,16.00,0
1781255276.654,8351,15.80,0
1781255276.665,8351,14.10,0
1781255276.679,8351,11.10,1
1781255276.697,8351,8.00,1
1781255276.706,8351,17.40,0
1781255276.719,8351,12.40,1
1781255276.727,8351,19.40,0
1781255278.771,8351,15.60,0
1781255278.781,8351,15.20,0
1781255278.790,8351,17.70,0
1781255278.809,8351,7.80,1
1781255278.818,8351,18.80,0
1781255278.835,8351,8.80,1
1781255278.843,8351,18.90,0
1781255278.855,8351,13.30,1
1781255278.863,8351,20.00,0
1781255279.890,8351,12.10,1
1781255279.904,8351,10.60,1
1781255279.919,8351,9.60,1
1781255279.931,8351,13.60,1
1781255279.940,8351,18.70,0
1781255281.989,8351,14.40,0
1781255281.999,8351,16.90,0
1781255282.010,8351,13.10,1
1781255282.021,8351,14.10,0
1781255282.030,8351,19.60,0
1781255282.042,8351,12.90,1
1781255282.053,8351,13.60,1
1781255282.064,8351,13.70,1
1781255282.075,8351,15.50,0
1781255282.084,8351,16.00,0
1781255283.102,8351,19.00,0
1781255283.123,8351,6.80,1
1781255283.137,8351,12.50,1
1781255283.154,8351,9.10,1
1781255283.167,8351,11.20,1
1781255283.182,8351,10.10,1
1781255283.191,8351,17.80,0
1781255285.237,8351,17.50,0
1781255285.258,8351,7.00,1
1781255285.267,8351,19.90,0
1781255285.279,8351,12.80,1
1781255285.287,8351,19.40,0
1781255285.300,8351,12.10,1
1781255285.308,8351,18.50,0
1781255285.328,8351,7.40,1
1781255285.339,8351,14.50,0
1781255285.352,8351,11.50,1
1781255286.382,8351,6.90,1
1781255286.404,8351,6.70,1
1781255286.425,8351,6.90,1
1781255287.471,8351,20.40,0
1781255288.493,8351,11.50,1
1781255288.501,8351,19.80,0
1781255288.514,8351,12.10,1
1781255288.523,8351,19.00,0
1781255288.540,8351,8.30,1
1781255288.548,8351,19.70,0
1781255288.566,8351,8.30,1
1781255288.575,8351,17.70,0
1781255288.587,8351,15.60,0
1781255294.755,1478,9.10,1
1781255294.766,1478,13.60,1
1781255294.779,1478,12.00,1
1781255294.790,1478,14.30,0
1781255294.800,1478,14.70,0
1781255294.810,1478,16.80,0
1781255294.823,1478,11.60,1
1781255295.870,8351,16.70,0
1781255296.897,8351,8.10,1
1781255296.906,8351,20.10,0
1781255296.920,8351,10.00,1
1781255296.929,8351,18.00,0
1781255297.963,8351,10.70,1
1781255297.974,8351,13.10,1
1781255297.988,8351,10.60,1
1781255298.000,8351,13.30,1
1781255298.011,8351,14.50,0
1781255298.020,8351,17.40,0
1781255301.104,8351,11.10,1
1781255301.116,8351,12.30,1
1781255301.133,8351,8.70,1
1781255301.143,8351,17.50,0
1781255301.154,8351,12.90,1
1781255301.163,8351,19.20,0
1781255301.179,8351,9.30,1
1781255303.231,8351,20.50,0
1781255303.242,8351,12.80,1
1781255303.251,8351,19.80,0
1781255303.265,8351,10.40,1
1781255303.274,8351,17.50,0
1781255303.285,8351,14.40,0
1781255303.296,8351,14.80,0
1781255305.341,8351,13.60,1
1781255305.357,8351,8.90,1
1781255305.375,8351,8.30,1
1781255305.384,8351,17.20,0
1781255306.413,8351,18.30,0
1781255306.430,8351,8.90,1
1781255306.440,8351,15.00,0
1781255306.458,8351,8.40,1
1781255306.466,8351,19.70,0
1781255306.478,8351,12.80,1
1781255306.487,8351,17.20,0
1781255306.502,8351,10.50,1
1781255306.515,8351,11.50,1
1781255307.542,1478,8.00,1
1781255307.565,1478,6.50,1
1781255308.598,8351,17.70,0
1781255308.609,8351,14.40,0
1781255308.617,8351,20.30,0
1781255308.629,8351,13.70,1
1781255308.637,8351,20.20,0
1781255308.648,8351,13.30,1
1781255308.657,8351,20.30,0
1781255308.667,8351,14.50,0
1781255308.676,8351,18.40,0
1781255308.686,8351,15.80,0
1781255310.739,8351,18.20,0
1781255310.751,8351,13.60,1
1781255314.251,51491,12.90,1
1781255314.263,51491,13.20,1
1781255314.271,51491,19.80,0
1781255314.286,51491,10.70,1
1781255314.294,51491,19.30,0
1781255314.305,51491,14.90,0
1781255314.317,51491,12.40,1
1781255314.327,51491,17.50,0
1781255315.374,51197,20.60,0
1781255315.387,51197,11.60,1
1781255315.398,51197,13.20,1
1781255315.408,51197,15.80,0
1781255315.418,51197,15.70,0
1781255315.428,51197,16.40,0
1781255315.440,51197,13.20,1
1781255315.449,51197,17.10,0
1781255315.460,51197,14.60,0
1781255320.197,1478,20.40,0
1781255320.209,1478,13.40,1
1781255320.221,1478,13.00,1
1781255320.231,1478,15.90,0
1781255320.241,1478,16.10,0
1781255320.252,1478,13.20,1
1781255320.264,1478,13.70,1
1781255320.274,1478,15.70,0
1781255322.354,1478,14.30,0
1781255322.363,1478,17.60,0
1781255377.554,47117,13.90,1
1781255377.562,47117,20.10,0
1781255377.574,47117,13.90,1
1781255377.582,47117,20.20,0
1781255377.593,47117,13.60,1
1781255377.601,47117,20.20,0
1781255377.612,47117,13.70,1
1781255377.621,47117,20.00,0
1781255377.632,47117,13.60,1
1781255377.640,47117,19.90,0
1781255378.658,48316,20.20,0
1781255378.668,48316,15.70,0
1781255378.677,48316,18.30,0
1781255378.687,48316,14.90,0
1781255378.696,48316,19.40,0
1781255378.707,48316,14.60,0
1781255378.715,48316,19.80,0
1781255378.726,48316,14.20,0
1781255378.734,48316,19.90,0
1781255378.745,48316,14.10,0
1781255379.766,48316,14.00,1
1781255379.774,48316,19.40,0
1781255379.785,48316,14.90,0
1781255379.793,48316,18.70,0
1781255379.804,48316,15.40,0
1781255379.812,48316,18.60,0
1781255379.822,48316,15.50,0
1781255379.832,48316,17.60,0
1781255379.841,48316,16.30,0
1781255379.850,48316,17.30,0
1781255381.924,48316,13.10,1
1781255381.940,48316,9.00,1
1781255381.949,48316,18.60,0
1781255381.959,48316,15.00,0
1781255381.968,48316,18.90,0
1781255381.978,48316,14.70,0
1781255381.987,48316,19.20,0
1781255381.997,48316,14.60,0
1781255382.006,48316,19.50,0
1781255382.017,48316,14.30,0
1781255383.047,48316,15.00,0
1781255383.056,48316,19.00,0
1781255383.066,48316,14.60,0
1781255383.075,48316,19.70,0
1781255383.086,48316,14.30,0
1781255383.094,48316,19.90,0
1781255383.105,48316,14.30,0
1781255383.113,48316,20.00,0
1781255383.124,48316,14.00,1
1781255383.133,48316,20.10,0
1781255384.149,47117,19.60,0
1781255384.160,47117,15.10,0
1781255384.168,47117,19.10,0
1781255384.179,47117,14.90,0
1781255384.187,47117,19.70,0
1781255384.198,47117,14.60,0
1781255384.206,47117,19.70,0
1781255384.217,47117,14.60,0
1781255384.226,47117,19.90,0
1781255384.237,47117,14.20,0
1781255385.254,48316,17.50,0
1781255385.264,48316,16.40,0
1781255385.273,48316,17.00,0
1781255385.283,48316,16.90,0
1781255385.293,48316,16.40,0
1781255385.302,48316,17.40,0
1781255385.312,48316,15.90,0
1781255385.321,48316,18.00,0
1781255385.331,48316,15.20,0
1781255385.340,48316,18.70,0
1781255386.356,48316,20.40,0
1781255386.367,48316,14.20,0
1781255386.376,48316,19.90,0
1781255386.386,48316,14.70,0
1781255386.395,48316,19.10,0
1781255386.405,48316,15.20,0
1781255386.414,48316,18.00,0
1781255386.424,48316,15.90,0
1781255386.433,48316,17.40,0
1781255386.443,48316,16.50,0
1781255387.460,48316,19.30,0
1781255387.470,48316,15.80,0
1781255387.479,48316,18.20,0
1781255387.489,48316,15.30,0
1781255387.498,48316,18.80,0
1781255387.509,48316,14.50,0
1781255387.517,48316,19.90,0
1781255387.528,48316,14.50,0
1781255387.536,48316,20.10,0
1781255387.547,48316,14.10,0
1781255388.564,48316,20.40,0
1781255388.575,48316,14.30,0
1781255388.583,48316,19.90,0
1781255388.594,48316,14.70,0
1781255388.602,48316,19.90,0
1781255388.613,48316,14.70,0
1781255388.621,48316,19.90,0
1781255388.632,48316,14.70,0
1781255388.640,48316,19.50,0
1781255388.650,48316,14.90,0
1781255389.669,48316,16.70,0
1781255389.678,48316,17.10,0
1781255389.688,48316,16.20,0
1781255389.697,48316,17.50,0
1781255389.707,48316,15.30,0
1781255389.716,48316,18.40,0
1781255389.727,48316,14.90,0
1781255389.735,48316,18.90,0
1781255389.746,48316,14.70,0
1781255389.754,48316,19.60,0
1781255390.773,47117,15.50,0
1781255390.782,47117,18.20,0
1781255390.792,47117,14.90,0
1781255390.801,47117,19.10,0
1781255390.812,47117,14.60,0
1781255390.820,47117,19.50,0
1781255390.831,47117,14.50,0
1781255390.839,47117,19.80,0
1781255390.850,47117,14.30,0
1781255390.858,47117,20.00,0
1781255391.876,47117,17.40,0
1781255391.886,47117,16.60,0
1781255391.895,47117,16.60,0
1781255391.905,47117,17.30,0
1781255391.914,47117,16.00,0
1781255391.923,47117,17.90,0
1781255391.934,47117,15.30,0
1781255391.943,47117,18.70,0
1781255391.953,47117,14.90,0
1781255391.961,47117,19.50,0
1781255392.980,47117,17.70,0
1781255392.989,47117,16.00,0
1781255392.999,47117,16.90,0
1781255393.009,47117,16.50,0
1781255393.018,47117,16.30,0
1781255393.028,47117,17.20,0
1781255393.038,47117,15.80,0
1781255393.047,47117,17.90,0
1781255393.057,47117,15.20,0
1781255393.066,47117,18.60,0
1781255394.083,48316,19.60,0
1781255394.093,48316,15.00,0
1781255394.102,48316,18.70,0
1781255394.112,48316,15.40,0
1781255394.121,48316,17.80,0
1781255394.131,48316,16.10,0
1781255394.140,48316,17.40,0
1781255394.150,48316,16.50,0
1781255394.159,48316,16.60,0
1781255394.169,48316,17.20,0
1781255395.189,47117,13.50,1
1781255395.197,47117,19.90,0
1781255395.208,47117,14.10,0
1781255395.216,47117,19.70,0
1781255395.227,47117,14.60,0
1781255395.236,47117,18.80,0
1781255395.246,47117,15.10,0
1781255395.255,47117,18.00,0
1781255395.265,47117,15.60,0
1781255395.275,47117,17.30,0
1781255396.292,48316,17.30,0
1781255396.302,48316,16.40,0
1781255396.311,48316,17.60,0
1781255396.321,48316,15.70,0
1781255396.330,48316,18.20,0
1781255396.341,48316,15.20,0
1781255396.349,48316,18.90,0
1781255396.360,48316,14.90,0
1781255396.368,48316,19.20,0
1781255396.379,48316,14.60,0
1781255397.403,8351,14.80,0
1781255409.749,8351,7.00,1
1781255409.758,8351,17.60,0
1781255409.772,8351,10.30,1
1781255409.781,8351,19.50,0
1781255409.792,8351,13.00,1
1781255409.802,8351,17.20,0
1781255409.819,8351,8.30,1
1781255409.834,8351,10.40,1
1781255409.845,8351,13.50,1
1781255411.894,8351,20.10,0
1781255411.911,8351,18.20,0
1781255411.922,8351,13.40,1
1781255411.932,8351,15.50,0
1781255411.944,8351,12.60,1
1781255412.966,1478,16.00,0
1781255412.985,1478,8.10,1
1781255415.053,8351,19.80,0
1781255415.068,8351,20.00,0
1781255415.082,8351,10.60,1
1781255415.090,8351,19.70,0
1781255415.101,8351,13.90,1
1781255415.113,8351,13.90,1
1781255416.132,8351,15.50,0
1781255416.144,8351,12.10,1
1781255416.154,8351,16.00,0
1781255416.164,8351,15.20,0
1781255416.182,8351,9.00,1
1781255416.194,8351,13.70,1
1781255416.215,8351,6.90,1
1781255416.226,8351,13.30,1
1781255416.247,8351,7.20,1
1781255418.300,8351,14.20,0
1781255418.320,8351,7.10,1
1781255418.329,8351,18.10,0
1781255418.342,8351,12.30,1
1781255418.350,8351,18.40,0
1781255418.362,8351,13.10,1
1781255418.376,8351,10.70,1
1781255421.454,8351,8.70,1
1781255421.465,8351,14.10,0
1781255421.477,8351,12.40,1
1781255421.486,8351,17.90,0
1781255421.498,8351,12.70,1
1781255421.507,8351,19.60,0
1781255421.526,8351,7.40,1
1781255421.536,8351,15.90,0
1781255421.552,8351,9.20,1
1781255422.586,8351,5.90,1
1781255422.604,8351,8.10,1
1781255422.629,8351,5.80,1
1781255424.690,8351,16.80,0
1781255424.702,8351,12.80,1
1781255424.713,8351,14.90,0
1781255424.722,8351,16.10,0
1781255424.735,8351,11.70,1
1781255427.806,1478,18.40,0
1781255427.825,1478,7.40,1
1781255427.834,1478,19.70,0
1781255427.848,1478,10.30,1
1781255427.857,1478,19.90,0
1781255427.869,1478,12.20,1
1781255429.928,1478,19.40,0
1781255430.969,8351,8.10,1
1781255430.977,8351,20.00,0
1781255430.995,8351,8.50,1
1781255431.003,8351,19.00,0
1781255431.015,8351,12.70,1
1781255431.025,8351,17.40,0
1781255431.040,8351,9.90,1
1781255431.048,8351,19.50,0
1781255431.068,8351,7.40,1
1781255434.163,8351,11.90,1
1781255434.171,8351,19.50,0
1781255434.185,8351,10.90,1
1781255434.193,8351,19.80,0
1781255434.210,8351,10.20,1
1781255437.298,8351,13.10,1
1781255437.308,8351,17.70,0
1781255437.320,8351,12.80,1
1781255437.329,8351,17.00,0
1781255437.350,8351,7.00,1
1781255439.410,8351,16.40,0
1781255439.419,8351,16.60,0
1781255439.433,8351,11.50,1
1781255442.512,8351,9.10,1
1781255442.536,8351,14.10,0
1781255443.553,1478,20.00,0
1781255443.569,1478,9.40,1
1781255443.582,1478,11.80,1
1781255443.594,1478,12.70,1
1781255443.603,1478,17.40,0
1781255444.642,8351,6.60,1
1781255444.666,8351,6.10,1
1781255446.738,8351,13.80,1
1781255446.749,8351,14.20,0
1781255446.758,8351,18.20,0
1781255446.771,8351,11.50,1
1781255449.851,1478,12.10,1
1781255449.866,1478,9.70,1
1781255449.879,1478,11.80,1
1781255449.890,1478,14.60,0
1781255449.900,1478,15.30,0
1781255449.911,1478,14.10,0
1781255450.947,8351,7.40,1
1781255451.990,8351,10.60,1
1781255452.009,8351,15.20,0
1781255455.082,8351,15.70,0
1781255455.091,8351,17.40,0
1781255456.138,1478,9.50,1
1781255456.149,1478,13.70,1
1781255456.168,1478,7.70,1
1781255456.178,1478,17.10,0
1781255456.188,1478,14.90,0
1781255456.199,1478,15.10,0
1781255458.272,1478,15.50,0
1781255459.290,8351,20.20,0
1781255459.301,8351,13.10,1
1781255459.310,8351,20.10,0
1781255461.377,1478,12.30,1
1781255464.474,8351,12.00,1
1781255464.483,8351,18.20,0
1781255464.495,8351,12.90,1
1781255464.503,8351,19.80,0
1781255464.520,8351,8.60,1
1781255464.529,8351,17.50,0
1781255464.548,8351,7.70,1
1781255464.557,8351,18.60,0
1781255464.569,8351,13.40,1
1781255465.601,8351,6.30,1
1781255465.623,8351,6.50,1
1781255465.634,8351,14.30,0
1781255465.648,8351,10.30,1
1781255466.692,8351,11.40,1
1781255466.701,8351,18.00,0
1781255466.711,8351,15.30,0
1781255466.723,8351,13.00,1
1781255466.734,8351,14.30,0
1781255467.752,8351,19.20,0
1781255467.770,8351,7.90,1
1781255467.779,8351,18.50,0
1781255467.791,8351,13.40,1
1781255467.799,8351,19.10,0
1781255467.815,8351,9.30,1
1781255469.914,1478,16.80,0
1781255469.931,1478,8.80,1
1781255469.939,1478,19.90,0
1781255469.954,1478,9.70,1
1781255469.963,1478,17.90,0
1781255470.988,1478,9.80,1
1781255470.999,1478,14.00,1
1781255473.056,8351,20.10,0
1781255473.070,8351,10.70,1
1781255473.082,8351,12.10,1
1781255473.095,8351,12.00,1
1781255473.104,8351,18.50,0
1781255473.116,8351,12.60,1
1781255473.124,8351,19.70,0
1781255473.145,8351,7.20,1
1781255473.153,8351,19.60,0
1781255473.169,8351,9.40,1
1781255474.189,8351,15.30,0
1781255474.198,8351,16.50,0
1781255474.210,8351,13.20,1
1781255474.223,8351,11.50,1
1781255474.241,8351,8.30,1
1781255474.251,8351,16.20,0
1781255474.264,8351,11.80,1
1781255474.272,8351,19.70,0
1781255474.285,8351,11.80,1
1781255474.293,8351,20.00,0
1781255476.346,8351,20.40,0
1781255476.362,8351,9.50,1
1781255476.370,8351,19.60,0
1781255476.382,8351,13.20,1
1781255476.391,8351,17.40,0
1781255476.404,8351,12.10,1
1781255476.414,8351,15.40,0
1781255476.432,8351,8.10,1
1781255478.482,8351,13.10,1
1781255478.491,8351,16.60,0
1781255478.501,8351,15.80,0
1781255478.511,8351,15.40,0
1781255479.555,8351,7.90,1
1781255479.563,8351,19.20,0
1781255479.578,8351,10.60,1
1781255479.586,8351,18.50,0
1781255479.598,8351,13.90,1
1781255479.607,8351,16.60,0
1781255479.622,8351,10.00,1
1781255480.646,8351,10.00,1
1781255480.658,8351,13.00,1
1781255482.722,8351,13.10,1
1781255482.732,8351,17.40,0
1781255482.743,8351,14.40,0
1781255482.760,8351,8.20,1
1781255482.773,8351,12.00,1
1781255482.788,8351,10.30,1
1781255482.796,8351,19.50,0
1781255482.809,8351,12.40,1
1781255483.839,8351,6.70,1
1781255483.859,8351,7.60,1
1781255483.884,8351,5.60,1
1781255483.896,8351,13.20,1
1781255484.941,8351,14.20,0
1781255484.951,8351,15.00,0
1781255484.963,8351,12.70,1
1781255484.972,8351,20.00,0
1781255485.989,8351,18.50,0
1781255486.004,8351,10.00,1
1781255486.012,8351,19.90,0
1781255486.025,8351,12.70,1
1781255486.034,8351,17.90,0
1781255490.292,8351,19.60,0
1781255490.308,8351,10.50,1
1781255490.316,8351,19.20,0
1781255490.336,8351,7.20,1
1781255490.345,8351,19.00,0
1781255490.357,8351,12.90,1
1781255490.366,8351,18.00,0
1781255492.409,8351,17.70,0
1781255493.441,1478,19.20,0
1781255493.458,1478,8.60,1
1781255493.469,1478,14.10,0
1781255493.487,1478,8.20,1
1781255493.496,1478,18.10,0
1781255493.507,1478,13.80,1
1781255496.605,1478,7.60,1
1781255496.615,1478,15.30,0
1781255496.629,1478,10.50,1
1781255496.638,1478,19.10,0
1781255496.650,1478,13.00,1
1781255498.724,1478,15.50,0
1781255499.752,8351,7.80,1
1781255499.765,8351,12.40,1
1781255499.778,8351,10.80,1
1781255499.795,8351,12.70,1
1781255499.804,8351,17.70,0
1781255499.819,8351,9.90,1
1781255499.834,8351,10.30,1
1781255500.853,1478,15.20,0
1781255501.891,8351,14.70,0
1781255501.901,8351,16.40,0
1781255501.916,8351,19.20,0
1781255501.927,8351,14.50,0
1781255501.936,8351,17.10,0
1781255501.949,8351,11.60,1
1781255506.058,8351,15.80,0
1781255506.068,8351,16.20,0
1781255506.079,8351,14.10,0
1781255506.090,8351,14.40,0
1781255506.110,8351,7.50,1
1781255506.118,8351,18.10,0
1781255506.131,8351,12.00,1
1781255506.140,8351,19.30,0
1781255506.152,8351,12.20,1
1781255508.202,8351,14.40,0
1781255508.210,8351,18.90,0
1781255508.223,8351,12.50,1
1781255508.233,8351,15.80,0
1781255508.245,8351,12.10,1
1781255508.254,8351,19.00,0
1781255508.266,8351,13.30,1
1781255508.277,8351,13.90,1
1781255511.348,8351,15.10,0
1781255511.357,8351,16.10,0
1781255511.368,8351,15.80,0
1781255511.380,8351,11.90,1
1781255511.389,8351,19.10,0
1781255511.401,8351,12.40,1
1781255511.410,8351,19.40,0
1781255511.429,8351,7.70,1
1781255511.437,8351,19.80,0
1781255511.453,8351,9.10,1
1781255513.500,8351,12.00,1
1781255513.520,8351,7.20,1
1781255513.529,8351,17.00,0
1781255513.541,8351,12.70,1
1781255514.577,1478,16.80,0
1781255514.594,1478,8.40,1
1781255514.606,1478,12.70,1
1781255514.618,1478,12.80,1
1781255514.629,1478,14.90,0
1781255515.653,8351,10.10,1
1781255515.666,8351,11.30,1
1781255515.685,8351,7.90,1
1781255515.696,8351,13.70,1
1781255515.716,8351,7.20,1
1781255516.741,1478,20.30,0
1781255516.754,1478,12.50,1
1781255517.792,8351,14.20,0
1781255517.811,8351,7.60,1
1781255517.821,8351,16.20,0
1781255517.831,8351,15.50,0
1781255517.842,8351,14.00,1
1781255517.853,8351,15.30,0
1781255520.935,8351,8.10,1
1781255520.944,8351,18.50,0
1781255520.958,8351,10.80,1
1781255520.967,8351,17.40,0
1781255520.978,8351,14.50,0
1781255520.988,8351,16.10,0
1781255521.004,8351,9.20,1
1781255521.019,8351,10.00,1
1781255523.070,8351,20.50,0
1781255523.081,8351,13.60,1
1781255523.104,8351,14.20,0
1781255524.121,8351,19.70,0
1781255524.138,8351,8.40,1
1781255524.147,8351,18.40,0
1781255524.166,8351,7.70,1
1781255524.174,8351,19.70,0
1781255524.187,8351,12.50,1
1781255524.195,8351,18.70,0
1781255525.234,8351,14.20,0
1781255526.263,8351,13.30,1
1781255526.271,8351,20.10,0
1781255526.283,8351,12.50,1
1781255526.295,8351,12.60,1
1781255526.306,8351,14.80,0
1781255528.358,8351,8.60,1
1781255530.428,8351,8.80,1
1781255530.440,8351,13.50,1
1781255530.454,8351,10.70,1
1781255530.462,8351,18.90,0
1781255530.475,8351,12.40,1
1781255532.522,8351,17.90,0
1781255532.534,8351,13.80,1
1781255532.544,8351,15.60,0
1781255532.558,8351,17.70,0
1781255532.569,8351,13.80,1
1781255532.579,8351,16.00,0
1781255532.592,8351,11.30,1
1781255533.612,8351,14.60,0
1781255533.622,8351,15.70,0
1781255533.632,8351,16.00,0
1781255533.650,8351,18.20,0
1781255536.725,1478,11.30,1
1781255536.741,1478,9.70,1
1781255537.779,8351,7.60,1
1781255538.816,8351,14.80,0
1781255538.839,8351,11.50,1
1781255538.848,8351,17.50,0
1781255538.858,8351,15.60,0
1781255538.869,8351,14.90,0
1781255539.890,8351,12.50,1
1781255539.898,8351,18.30,0
1781255539.911,8351,12.60,1
1781255539.919,8351,19.80,0
1781255541.984,8351,18.10,0
1781255541.996,8351,13.80,1
1781255542.004,8351,20.00,0
1781255542.019,8351,9.70,1
1781255542.028,8351,19.40,0
1781255544.080,8351,7.80,1
1781255544.090,8351,16.30,0
1781255544.108,8351,7.80,1
1781255545.155,1478,11.20,1
1781255545.164,1478,17.00,0
1781255546.181,1478,19.10,0
1781255546.194,1478,12.30,1
1781255546.202,1478,19.80,0
1781255546.223,1478,7.00,1
1781255548.287,8351,10.80,1
1781255548.297,8351,15.60,0
1781255548.307,8351,16.10,0
1781255548.319,8351,13.30,1
1781255548.328,8351,18.00,0
1781255548.348,8351,7.20,1
1781255548.357,8351,18.10,0
1781255548.370,8351,11.30,1
1781255548.379,8351,19.50,0
1781255548.391,8351,12.30,1
1781255550.442,8351,18.50,0
1781255550.454,8351,13.30,1
1781255550.467,8351,11.60,1
1781255551.507,8351,11.20,1
1781255551.516,8351,18.40,0
1781255551.527,8351,13.60,1
1781255551.539,8351,13.10,1
1781255551.553,8351,10.90,1
1781255551.566,8351,11.40,1
1781255551.579,8351,11.70,1
1781255551.590,8351,14.50,0
1781255551.599,8351,17.40,0
1781255552.634,8351,5.70,1
1781255552.652,8351,8.20,1
1781255553.687,8351,15.00,0
1781255553.697,8351,15.90,0
1781255553.716,8351,13.10,1
1781255553.725,8351,17.50,0
1781255554.742,8351,20.40,0
1781255554.763,8351,7.00,1
1781255554.773,8351,16.70,0
1781255554.784,8351,13.10,1
1781255554.794,8351,17.50,0
1781255554.804,8351,14.50,0
1781255554.821,8351,9.00,1
1781255555.846,8351,18.50,0
1781255555.862,8351,9.10,1
1781255556.898,8351,13.20,1
1781255556.910,8351,13.50,1
1781255556.918,8351,18.90,0
1781255556.931,8351,12.10,1
1781255556.940,8351,18.10,0
1781255556.961,8351,7.00,1
1781255556.970,8351,16.20,0
1781255556.983,8351,12.70,1
1781255556.992,8351,17.90,0
1781255557.003,8351,14.20,0
1781255558.026,8351,10.60,1
1781255558.040,8351,10.80,1
1781255558.056,8351,9.00,1
1781255558.075,8351,7.70,1
1781255560.146,8351,12.40,1
1781255560.160,8351,11.00,1
1781255560.176,8351,9.00,1
1781255560.188,8351,13.90,1
1781255560.198,8351,14.50,0
1781255560.209,8351,14.90,0
1781255560.218,8351,17.00,0
1781255560.235,8351,8.90,1
1781255560.243,8351,20.00,0
1781255560.261,8351,8.40,1
1781255562.319,1478,16.90,0
1781255562.330,1478,14.40,0
1781255562.338,1478,19.20,0
1781255565.415,8351,12.60,1
1781255565.443,8351,8.80,1
1781255566.461,8351,17.60,0
1781255566.476,8351,10.10,1
1781255566.484,8351,19.20,0
1781255566.496,8351,13.40,1
1781255566.505,8351,16.70,0
1781255566.522,8351,9.10,1
1781255566.531,8351,16.60,0
1781255566.548,8351,8.90,1
1781255569.627,1478,14.20,0
1781255569.636,1478,17.80,0
1781255569.648,1478,12.90,1
1781255569.659,1478,13.90,1
1781255569.679,1478,7.20,1
1781255571.750,8351,19.10,0
1781255571.760,8351,14.50,0
1781255571.770,8351,16.80,0
1781255571.782,8351,12.90,1
1781255572.807,8351,8.70,1
1781255572.819,8351,13.80,1
1781255572.833,8351,10.50,1
1781255572.842,8351,17.00,0
1781255572.854,8351,13.10,1
1781255572.862,8351,19.70,0
1781255572.880,8351,8.30,1
1781255572.891,8351,14.20,0
1781255572.911,8351,7.20,1
1781255572.924,8351,11.80,1
1781255573.943,8351,17.10,0
1781255573.954,8351,13.90,1
1781255575.012,1478,7.10,1
1781255575.021,1478,17.90,0
1781255575.033,1478,13.00,1
1781255575.041,1478,19.80,0
1781255575.054,1478,11.90,1
1781255575.065,1478,14.20,0
1781255575.083,1478,8.20,1
1781255576.113,8351,8.50,1
1781255576.132,8351,7.80,1
1781255578.187,8351,15.70,0
1781255578.199,8351,12.40,1
1781255578.211,8351,12.60,1
1781255578.229,8351,8.10,1
1781255578.239,8351,17.00,0
1781255578.251,8351,12.40,1
1781255578.259,8351,19.70,0
1781255578.273,8351,11.10,1
1781255578.282,8351,18.00,0
1781255580.329,8351,11.70,1
1781255580.341,8351,13.80,1
1781255580.350,8351,16.80,0
1781255580.361,8351,14.40,0
1781255580.383,8351,11.10,1
1781255583.465,8351,11.30,1
1781255583.486,8351,19.10,0
1781255584.511,1478,9.20,1
1781255584.522,1478,14.10,0
1781255584.534,1478,13.30,1
1781255584.542,1478,19.80,0
1781255584.556,1478,11.20,1
1781255585.596,8351,6.20,1
1781255585.606,8351,15.90,0
1781255589.714,8351,19.10,0
1781255589.726,8351,13.00,1
1781255589.734,8351,20.20,0
1781255589.756,8351,14.00,1
1781255589.774,8351,7.90,1
1781255589.783,8351,19.50,0
1781255589.794,8351,14.30,0
1781255590.823,8351,14.30,0
1781255590.832,8351,17.80,0
1781255590.844,8351,12.80,1
1781255590.854,8351,15.00,0
1781255590.874,8351,7.10,1
1781255590.884,8351,16.30,0
1781255590.897,8351,11.60,1
1781255592.954,8351,16.60,0
1781255592.963,8351,16.40,0
1781255592.977,8351,11.10,1
1781255592.986,8351,17.60,0
1781255595.038,8351,8.50,1
1781255595.047,8351,17.20,0
1781255596.089,1478,15.50,0
1781255596.109,1478,11.60,1
1781255597.127,1478,16.30,0
1781255597.147,1478,7.50,1
1781255597.156,1478,17.00,0
1781255597.167,1478,14.80,0
1781255599.238,1478,13.70,1
1781255600.271,8351,7.20,1
1781255600.280,8351,19.10,0
1781255600.292,8351,12.40,1
1781255600.300,8351,19.80,0
1781255600.313,8351,11.90,1
1781255602.365,1478,12.60,1
1781255602.373,1478,20.20,0
1781255602.388,1478,10.00,1
1781255602.397,1478,17.80,0
1781255602.422,1478,12.30,1
1781255603.443,8351,13.20,1
1781255603.451,8351,19.60,0
1781255603.469,8351,8.50,1
1781255604.508,8351,10.00,1
1781255604.517,8351,19.90,0
1781255605.546,8351,13.80,1
1781255605.559,8351,13.40,1
1781255605.570,8351,14.60,0
1781255605.586,8351,9.50,1
1781255605.598,8351,12.30,1
1781255605.610,8351,13.30,1
1781255605.618,8351,19.40,0
1781255605.631,8351,12.20,1
1781255605.640,8351,16.90,0
1781255606.669,8351,7.80,1
1781255606.678,8351,16.40,0
1781255607.718,8351,17.10,0
1781255607.737,8351,8.00,1
1781255607.745,8351,19.00,0
1781255607.756,8351,14.50,0
1781255607.766,8351,15.70,0
1781255608.795,8351,9.00,1
1781255608.806,8351,13.80,1
1781255608.819,8351,11.50,1
1781255608.830,8351,15.50,0
1781255608.839,8351,16.30,0
1781255608.851,8351,13.70,1
1781255608.863,8351,12.10,1
1781255608.883,8351,7.30,1
1781255608.893,8351,17.30,0
1781255609.922,1478,8.10,1
1781255609.933,1478,13.80,1
1781255609.949,1478,9.50,1
1781255609.960,1478,14.50,0
1781255610.995,8351,15.00,0
1781255611.004,8351,18.20,0
1781255611.019,8351,10.20,1
1781255611.027,8351,19.60,0
1781255611.039,8351,12.20,1
1781255611.048,8351,19.40,0
1781255612.067,8351,16.00,0
1781255612.081,8351,10.00,1
1781255612.094,8351,12.20,1
1781255612.110,8351,9.50,1
1781255612.124,8351,10.10,1
1781255612.142,8351,8.30,1
1781255612.151,8351,18.00,0
1781255612.167,8351,9.00,1
1781255614.214,8351,16.80,0
1781255614.231,8351,8.40,1
1781255614.240,8351,18.60,0
1781255614.251,8351,13.80,1
1781255614.260,8351,17.00,0
1781255614.272,8351,13.00,1
1781255614.282,8351,15.90,0
1781255614.299,8351,9.00,1
1781255614.310,8351,14.20,0
1781255614.320,8351,14.20,0
1781255615.350,8351,6.90,1
1781255615.371,8351,6.80,1
1781255615.394,8351,6.30,1
1781255616.443,8351,20.50,0
1781255617.460,8351,20.50,0
1781255617.472,8351,12.20,1
1781255617.481,8351,18.90,0
1781255617.493,8351,12.50,1
1781255617.501,8351,19.70,0
1781255617.522,8351,6.90,1
1781255617.533,8351,13.90,1
1781255617.547,8351,11.40,1
1781255617.556,8351,16.70,0
1781255623.707,1478,19.60,0
1781255623.725,1478,7.80,1
1781255623.735,1478,16.30,0
1781255623.748,1478,12.00,1
1781255623.756,1478,19.80,0
1781255623.768,1478,13.20,1
1781255626.852,8351,7.80,1
1781255626.860,8351,19.50,0
1781255626.876,8351,9.60,1
1781255626.884,8351,19.00,0
1781255626.895,8351,13.60,1
1781255626.905,8351,16.60,0
1781255626.919,8351,10.40,1
1781255626.933,8351,10.70,1
1781255626.947,8351,10.60,1
1781255629.010,8351,13.90,1
1781255629.019,8351,20.00,0
1781255631.082,8351,5.70,1
1781255632.120,8351,13.00,1
1781255632.141,8351,7.10,1
1781255632.149,8351,18.60,0
1781255632.161,8351,12.80,1
1781255632.169,8351,20.00,0
1781255632.183,8351,10.80,1
1781255632.191,8351,19.90,0
1781255632.203,8351,14.00,1
1781255634.252,8351,9.40,1
1781255634.260,8351,20.30,0
1781255635.308,8351,13.30,1
1781255635.316,8351,20.10,0
1781255639.418,8351,16.10,0
1781255639.431,8351,12.20,1
1781255639.448,8351,8.70,1
1781255639.458,8351,14.90,0
1781255639.470,8351,13.40,1
1781255639.479,8351,16.70,0
1781255639.491,8351,13.50,1
1781255639.499,8351,19.00,0
1781255639.519,8351,7.40,1
1781255639.530,8351,13.80,1
1781255641.591,8351,12.00,1
1781255642.611,8351,14.60,0
1781255642.622,8351,15.20,0
1781255642.632,8351,14.60,0
1781255642.641,8351,17.40,0
1781255642.658,8351,8.80,1
1781255642.668,8351,16.70,0
1781255642.686,8351,8.10,1
1781255642.694,8351,19.70,0
1781255642.707,8351,13.30,1
1781255645.776,8351,19.80,0
1781255645.789,8351,12.20,1
1781255645.802,8351,11.30,1
1781255645.819,8351,9.10,1
1781255645.832,8351,11.40,1
1781255645.842,8351,16.20,0
1781255645.853,8351,13.20,1
1781255645.863,8351,19.30,0
1781255645.882,8351,8.00,1
1781255646.912,8351,8.80,1
1781255646.926,8351,11.20,1
1781255647.953,8351,19.90,0
1781255647.965,8351,12.30,1
1781255647.973,8351,19.80,0
1781255647.988,8351,10.10,1
1781255647.997,8351,20.00,0
1781255648.017,8351,7.10,1
1781255648.025,8351,19.70,0
1781255648.037,8351,13.00,1
1781255648.047,8351,17.20,0
1781255648.059,8351,12.40,1
1781255649.084,8351,9.10,1
1781255649.093,8351,16.60,0
1781255649.113,8351,7.20,1
1781255649.133,8351,7.50,1
1781255649.156,8351,6.10,1
1781255649.175,8351,7.70,1
1781255649.188,8351,12.10,1
1781255650.227,8351,18.30,0
1781255650.238,8351,13.80,1
1781255650.246,8351,19.90,0
1781255652.306,8351,6.10,1
1781255654.374,8351,12.20,1
1781255654.382,8351,18.70,0
1781255654.395,8351,12.50,1
1781255654.403,8351,19.80,0
1781255654.420,8351,8.30,1
1781255654.431,8351,15.50,0
1781255654.448,8351,8.40,1
1781255654.457,8351,17.70,0
1781255654.468,8351,14.00,1
1781255656.525,8351,12.60,1
1781255656.533,8351,20.10,0
1781255656.546,8351,11.20,1
1781255656.555,8351,18.50,0
1781255656.565,8351,14.90,0
1781255656.577,8351,13.40,1
1781255657.599,8351,12.00,1
1781255657.608,8351,16.90,0
1781255657.620,8351,13.60,1
1781255657.628,8351,19.10,0
1781255657.648,8351,8.20,1
1781255657.657,8351,17.10,0
1781255657.677,8351,7.50,1
1781255657.687,8351,15.30,0
1781255657.707,8351,7.00,1
1781255659.760,8351,10.40,1
1781255659.774,8351,11.40,1
1781255659.788,8351,10.20,1
1781255659.799,8351,14.60,0
1781255659.808,8351,17.10,0
1781255659.820,8351,13.30,1
1781255659.830,8351,15.40,0
1781255660.857,8351,11.80,1
1781255662.923,1478,11.10,1
1781255662.932,1478,19.40,0
1781255662.943,1478,13.40,1
1781255662.953,1478,16.60,0
1781255662.967,1478,10.40,1
1781255662.979,1478,12.50,1
1781255662.995,1478,9.30,1
1781255665.055,8351,14.80,0
1781255665.064,8351,18.90,0
1781255665.078,8351,10.80,1
1781255665.086,8351,20.00,0
1781255666.105,8351,16.90,0
1781255666.118,8351,11.20,1
1781255666.134,8351,9.20,1
1781255666.147,8351,12.50,1
1781255666.158,8351,14.00,1
1781255666.167,8351,16.60,0
1781255666.179,8351,13.10,1
1781255666.189,8351,16.60,0
1781255668.243,8351,15.70,0
1781255668.257,8351,11.00,1
1781255668.266,8351,18.10,0
1781255668.278,8351,12.50,1
1781255668.286,8351,19.70,0
1781255668.305,8351,8.10,1
1781255668.314,8351,16.80,0
1781255668.330,8351,9.20,1
1781255668.339,8351,18.90,0
1781255671.427,1478,16.30,0
1781255671.438,1478,13.70,1
1781255671.454,1478,9.50,1
1781255671.467,1478,11.60,1
1781255672.487,1478,14.00,1
1781255672.504,1478,8.60,1
1781255672.519,1478,10.50,1
1781255674.571,8351,19.80,0
1781255674.585,8351,10.70,1
1781255674.594,8351,18.70,0
1781255674.614,8351,7.10,1
1781255674.623,8351,19.20,0
1781255674.634,8351,13.40,1
1781255674.644,8351,16.60,0
1781255674.656,8351,12.90,1
1781255674.671,8351,9.50,1
1781255674.685,8351,11.00,1
1781255675.714,8351,7.10,1
1781255675.738,8351,7.20,1
1781255677.792,1478,13.40,1
1781255677.812,1478,7.00,1
1781255677.822,1478,16.50,0
1781255677.835,1478,12.00,1
1781255677.843,1478,19.50,0
1781255677.855,1478,13.10,1
1781255680.936,1478,13.70,1
1781255680.957,1478,6.80,1
1781255680.966,1478,19.80,0
1781255680.978,1478,12.90,1
1781255680.987,1478,17.50,0
1781255681.000,1478,11.90,1
1781255683.086,8351,10.40,1
1781255684.104,8351,16.10,0
1781255684.116,8351,12.50,1
1781255684.127,8351,15.40,0
1781255684.137,8351,16.00,0
1781255684.149,8351,11.90,1
1781255684.162,8351,11.90,1
1781255684.182,8351,7.50,1
1781255684.190,8351,19.70,0
1781255684.203,8351,13.30,1
1781255685.249,8351,7.20,1
1781255685.259,8351,17.20,0
1781255685.282,8351,6.10,1
1781255686.303,8351,13.40,1
1781255686.314,8351,14.70,0
1781255686.324,8351,19.60,0
1781255686.338,8351,10.40,1
1781255686.349,8351,13.70,1
1781255686.368,8351,7.70,1
1781255686.378,8351,17.30,0
1781255686.388,8351,14.70,0
1781255686.399,8351,15.40,0
1781255688.447,8351,13.20,1
1781255688.455,8351,20.10,0
1781255688.474,8351,7.70,1
1781255688.482,8351,19.90,0
1781255688.502,8351,8.20,1
1781255688.510,8351,19.30,0
1781255688.521,8351,14.20,0
1781255689.550,1478,9.10,1
1781255689.561,1478,14.20,0
1781255689.576,1478,9.80,1
1781255689.586,1478,17.20,0
1781255689.597,1478,13.20,1
1781255689.606,1478,19.70,0
1781255689.622,1478,9.00,1
1781255692.704,8351,15.90,0
1781255692.717,8351,11.50,1
1781255692.726,8351,17.60,0
1781255692.737,8351,14.30,0
1781255692.749,8351,12.80,1
1781255692.762,8351,12.30,1
1781255692.773,8351,13.70,1
1781255692.789,8351,9.50,1
1781255692.802,8351,13.10,1
1781255695.871,1478,16.90,0
1781255695.881,1478,15.00,0
1781255695.892,1478,15.40,0
1781255698.981,1478,12.20,1
1781255698.998,1478,8.80,1
1781255699.008,1478,15.00,0
1781255699.018,1478,16.70,0
1781255699.029,1478,13.70,1
1781255699.039,1478,16.30,0
1781255702.124,8351,10.00,1
1781255702.140,8351,9.80,1
1781255702.149,8351,17.10,0
1781255702.161,8351,13.20,1
1781255702.169,8351,19.40,0
1781255702.185,8351,9.50,1
1781255702.193,8351,19.30,0
1781255702.213,8351,7.40,1
1781255702.221,8351,19.70,0
1781255705.297,1478,17.50,0
1781255705.308,1478,14.40,0
1781255705.318,1478,14.90,0
1781255705.332,1478,11.00,1
1781255705.349,1478,9.00,1
1781255708.426,1478,17.30,0
1781255708.439,1478,11.90,1
1781255708.447,1478,19.80,0
1781255708.459,1478,12.80,1
1781255708.469,1478,17.60,0
1781255711.552,8351,17.00,0
1781255711.568,8351,8.90,1
1781255711.580,8351,12.70,1
1781255711.593,8351,12.30,1
1781255711.601,8351,19.60,0
1781255711.613,8351,12.40,1
1781255711.626,8351,12.60,1
1781255711.642,8351,8.90,1
1781255711.650,8351,20.20,0
1781255714.721,8351,20.40,0
1781255714.736,8351,10.20,1
1781255714.745,8351,18.30,0
1781255714.757,8351,12.50,1
1781255714.765,8351,19.60,0
1781255714.784,8351,7.90,1
1781255714.792,8351,19.20,0
1781255714.810,8351,8.20,1
1781255714.821,8351,17.70,0
1781255717.893,1478,13.00,1
1781255717.901,1478,19.80,0
1781255717.914,1478,11.90,1
1781255717.923,1478,18.70,0
1781255717.941,1478,7.90,1
1781255721.023,1478,19.90,0
1781255721.031,1478,19.40,0
1781255721.040,1478,19.90,0
1781255721.048,1478,19.60,0
1781255787.216,706,15.80,0
1781255787.224,706,20.40,0
1781255787.235,706,14.70,0
1781255787.244,706,20.50,0
1781255787.253,706,18.80,0
1781255788.593,40797,19.70,0
1781255788.601,40797,20.50,0
1781255788.609,40797,20.40,0
1781255788.620,40797,14.70,0
1781255788.628,40797,19.90,0
1781255788.636,40797,20.50,0
1781255788.647,40797,14.80,0
1781255788.655,40797,20.00,0
1781255788.663,40797,20.40,0
1781255789.734,27010,14.60,0
1781255789.742,27010,20.00,0
1781255789.751,27010,19.70,0
1781255789.759,27010,20.60,0
1781255789.769,27010,15.60,0
1781255789.777,27010,18.90,0
1781255789.787,27010,15.70,0
1781255789.798,27010,14.40,0
1781255789.807,27010,19.40,0
1781255792.196,51491,20.60,0
1781255792.205,51491,18.80,0
1781255792.213,51491,20.60,0
1781255792.223,51491,15.50,0
1781255792.231,51491,20.60,0
1781255792.240,51491,20.20,0
1781255792.250,51491,14.80,0
1781255792.258,51491,20.40,0
1781255792.269,51491,15.40,0
1781255793.310,51491,15.40,0
1781255793.320,51491,14.90,0
1781255793.329,51491,18.80,0
1781255793.337,51491,20.20,0
1781255793.348,51491,14.50,0
1781255793.357,51491,19.10,0
1781255793.366,51491,18.20,0
1781255793.378,51491,12.90,1
1781255793.392,51491,10.60,1
1781255793.400,51491,20.60,0
1781255842.758,45135,20.70,0
1781255850.692,51197,20.00,0
1781255851.773,51197,20.50,0
1781256194.646,706,16.20,0
1781256194.654,706,20.10,0
1781256194.666,706,15.30,0
1781256194.674,706,20.20,0
1781256194.684,706,15.70,0
1781256195.733,27010,18.90,0
1781256195.741,27010,20.40,0
1781256195.753,27010,15.60,0
1781256195.763,27010,16.00,0
1781256195.772,27010,16.30,0
1781256195.782,27010,20.50,0
1781256197.145,18787,19.90,0
1781256197.154,18787,20.60,0
1781256197.164,18787,14.90,0
1781256197.172,18787,20.40,0
1781256197.182,18787,16.80,0
1781256197.192,18787,14.50,0
1781256197.200,18787,20.30,0
1781256197.208,18787,20.50,0
1781256198.272,27010,14.10,0
1781256198.280,27010,20.40,0
1781256198.290,27010,15.90,0
1781256198.301,27010,13.70,1
1781256198.310,27010,19.50,0
1781256198.318,27010,20.50,0
1781256198.327,27010,18.20,0
1781256198.336,27010,17.40,0
1781256198.344,27010,19.70,0
1781256198.352,27010,20.50,0
1781256200.742,8351,20.50,0
1781256200.752,8351,15.90,0
1781256200.763,8351,13.80,1
1781256200.771,8351,20.40,0
1781256200.779,8351,20.60,0
1781256200.790,8351,14.60,0
1781256200.798,8351,19.80,0
1781256200.806,8351,20.70,0
1781256201.840,706,20.20,0
1781256201.850,706,15.10,0
1781256201.858,706,20.10,0
1781256201.868,706,15.90,0
1781256201.879,706,14.40,0
1781256201.887,706,19.80,0
1781256201.895,706,20.50,0
1781256201.904,706,19.40,0
1781256201.913,706,16.60,0
1781256201.921,706,20.50,0
1781256604.131,51491,20.60,0
1781256604.142,51491,19.10,0
1781256604.152,51491,16.20,0
1781256604.161,51491,16.50,0
1781256604.171,51491,20.40,0
1781256605.219,8351,16.00,0
1781256605.228,8351,17.10,0
1781256605.236,8351,20.70,0
1781256605.246,8351,20.40,0
1781256605.257,8351,15.60,0
1781256605.265,8351,20.10,0
1781256607.724,18787,20.00,0
1781256607.732,18787,20.00,0
1781256607.742,18787,15.10,0
1781256607.750,18787,20.70,0
1781256607.758,18787,19.70,0
1781256607.769,18787,15.00,0
1781256607.777,18787,20.60,0
1781256607.787,18787,15.50,0
1781256608.846,706,15.60,0
1781256608.855,706,20.00,0
1781256608.863,706,20.10,0
1781256608.872,706,20.10,0
1781256608.881,706,20.20,0
1781256610.190,51491,19.60,0
1781256610.199,51491,18.10,0
1781256610.208,51491,18.70,0
1781256610.216,51491,20.30,0
1781256610.224,51491,20.60,0
1781256610.235,51491,14.80,0
1781256610.243,51491,20.60,0
1781256610.253,51491,15.30,0
1781256610.264,51491,14.60,0
1781256610.272,51491,19.40,0
1781256611.312,51491,18.80,0
1781256611.320,51491,20.20,0
1781256611.329,51491,19.90,0
1781256611.340,51491,14.80,0
1781256611.348,51491,20.40,0
1781256611.356,51491,20.40,0
1781256611.366,51491,15.80,0
1781256611.374,51491,20.40,0
1781256611.384,51491,15.70,0
1781256611.395,51491,14.00,1
1781257015.647,51491,20.60,0
1781257015.657,51491,15.40,0
1781257015.665,51491,20.60,0
1781257015.678,51491,15.10,0
1781257015.686,51491,20.50,0
1781257015.696,51491,15.50,0
1781257015.706,51491,20.40,0
1781257016.759,27010,20.10,0
1781257016.769,27010,15.60,0
1781257016.779,27010,15.70,0
1781257016.790,27010,19.30,0
1781257018.145,51491,20.40,0
1781257018.156,51491,14.80,0
1781257018.164,51491,20.50,0
1781257018.172,51491,20.20,0
1781257018.182,51491,15.60,0
1781257018.193,51491,15.10,0
1781257018.201,51491,20.50,0
1781257018.209,51491,20.50,0
1781257018.220,51491,14.20,0
1781257018.228,51491,20.70,0
1781257019.292,40797,19.70,0
1781257019.303,40797,14.40,0
1781257019.312,40797,19.50,0
1781257019.320,40797,19.80,0
1781257019.331,40797,14.60,0
1781257019.339,40797,19.30,0
1781257019.347,40797,20.30,0
1781257019.356,40797,19.50,0
1781257019.364,40797,18.40,0
1781257021.753,45135,20.40,0
1781257021.764,45135,15.00,0
1781257021.772,45135,19.70,0
1781257021.782,45135,15.40,0
1781257021.793,45135,14.50,0
1781257021.801,45135,20.20,0
1781257021.810,45135,19.80,0
1781257021.818,45135,20.70,0
1781257022.850,27010,20.40,0
1781257022.861,27010,14.30,0
1781257022.869,27010,20.60,0
1781257022.877,27010,20.20,0
1781257022.887,27010,14.70,0
1781257022.896,27010,19.00,0
1781257022.904,27010,20.40,0
1781257022.913,27010,17.30,0
1781257022.923,27010,15.30,0
1781257022.931,27010,20.10,0
1781257078.440,45135,20.60,0
1781257079.519,27010,20.20,0
1781257080.580,40797,20.50,0
1781257425.662,51491,16.80,0
1781257425.675,51491,15.60,0
1781257425.684,51491,19.90,0
1781257425.695,51491,13.90,1
1781257425.705,51491,20.40,0
1781257426.755,51197,15.90,0
1781257426.763,51197,19.20,0
1781257426.774,51197,19.80,0
1781257426.783,51197,18.60,0
1781257426.791,51197,20.50,0
1781257426.802,51197,20.20,0
1781257428.155,51491,20.00,0
1781257428.164,51491,20.60,0
1781257428.173,51491,18.30,0
1781257428.182,51491,18.40,0
1781257428.190,51491,19.60,0
1781257428.199,51491,20.40,0
1781257428.209,51491,15.00,0
1781257428.217,51491,20.60,0
1781257428.226,51491,19.90,0
1781257428.237,51491,14.00,1
1781257429.308,706,14.80,0
1781257429.316,706,20.40,0
1781257429.325,706,20.30,0
1781257429.334,706,18.00,0
1781257429.344,706,16.30,0
1781257429.352,706,20.40,0
1781257429.360,706,20.00,0
1781257429.371,706,14.60,0
1781257431.754,51197,20.40,0
1781257431.764,51197,15.90,0
1781257431.772,51197,20.40,0
1781257431.782,51197,15.80,0
1781257431.793,51197,14.50,0
1781257431.801,51197,20.30,0
1781257431.810,51197,20.40,0
1781257431.821,51197,14.60,0
1781257431.829,51197,20.30,0
1781257431.837,51197,20.40,0
1781257432.874,40797,17.80,0
1781257432.887,40797,12.40,1
1781257432.899,40797,12.90,1
1781257432.908,40797,18.80,0
1781257432.916,40797,20.50,0
1781257432.925,40797,20.50,0
1781257432.933,40797,20.30,0
1781257432.941,40797,20.40,0
1781257432.950,40797,20.40,0
1781257432.958,40797,20.50,0
1781257493.397,40797,20.70,0
1781257836.784,51197,17.40,0
1781257837.827,51197,15.20,0
1781257837.835,51197,20.40,0
1781257837.845,51197,15.40,0
1781257837.857,51197,16.20,0
1781257837.867,51197,15.10,0
1781257837.875,51197,20.40,0
1781257837.886,51197,19.00,0
1781257839.027,8351,20.40,0
1781257840.311,18787,20.10,0
1781257840.320,18787,19.70,0
1781257840.329,18787,17.80,0
1781257840.337,18787,20.20,0
1781257840.347,18787,15.30,0
1781257840.358,18787,14.50,0
1781257840.366,18787,20.20,0
1781257840.374,18787,20.20,0
1781257840.385,18787,14.40,0
1781257841.429,51491,17.20,0
1781257841.438,51491,16.80,0
1781257841.448,51491,17.70,0
1781257841.456,51491,20.50,0
1781257841.464,51491,20.50,0
1781257841.472,51491,20.60,0
1781257841.480,51491,20.60,0
1781257841.488,51491,20.10,0
1781257842.795,8351,20.50,0
1781257842.805,8351,15.80,0
1781257842.816,8351,13.80,1
1781257842.824,8351,20.50,0
1781257842.833,8351,19.50,0
1781257842.841,8351,18.90,0
1781257842.850,8351,17.10,0
1781257842.858,8351,20.60,0
1781257842.867,8351,19.50,0
1781257843.928,27010,19.90,0
1781257843.938,27010,15.90,0
1781257843.949,27010,14.50,0
1781257843.957,27010,20.40,0
1781257843.965,27010,20.60,0
1781257843.973,27010,19.60,0
1781257843.983,27010,16.40,0
1781257843.991,27010,20.60,0
1781257895.417,45135,20.10,0
1781257897.559,8351,19.50,0
1781257899.700,51491,20.20,0
1781258245.773,51491,16.30,0
1781258245.783,51491,20.20,0
1781258245.793,51491,15.60,0
1781258245.801,51491,20.60,0
1781258245.812,51491,19.00,0
1781258246.860,40797,15.60,0
1781258246.870,40797,16.00,0
1781258246.881,40797,16.60,0
1781258246.889,40797,20.40,0
1781258246.899,40797,16.90,0
1781258246.911,40797,15.60,0
1781258248.274,51491,14.70,0
1781258248.282,51491,19.80,0
1781258248.291,51491,20.10,0
1781258248.301,51491,15.00,0
1781258248.309,51491,20.20,0
1781258248.319,51491,15.30,0
1781258248.330,51491,14.50,0
1781258248.339,51491,20.00,0
1781258248.347,51491,19.30,0
1781258248.358,51491,14.60,0
1781258249.423,8351,20.10,0
1781258249.431,8351,20.40,0
1781258249.440,8351,16.10,0
1781258249.449,8351,20.10,0
1781258249.457,8351,20.60,0
1781258249.468,8351,14.50,0
1781258249.476,8351,19.90,0
1781258249.484,8351,20.60,0
1781258251.869,40797,19.60,0
1781258251.879,40797,15.80,0
1781258251.890,40797,15.00,0
1781258251.898,40797,20.20,0
1781258251.906,40797,20.70,0
1781258251.917,40797,14.50,0
1781258251.925,40797,20.50,0
1781258251.933,40797,20.50,0
1781258251.943,40797,14.80,0
1781258251.952,40797,19.90,0
1781258252.988,51197,15.40,0
1781258252.999,51197,14.60,0
1781258253.007,51197,20.20,0
1781258253.015,51197,19.90,0
1781258253.023,51197,19.60,0
1781258253.032,51197,17.00,0
1781258253.041,51197,20.10,0
1781258253.049,51197,20.40,0
1781258253.061,51197,12.80,1
1781258253.075,51197,10.20,1
1781258302.962,27010,20.30,0
1781258309.109,18787,20.70,0
1781258310.705,40797,20.10,0
1781258311.837,8351,18.60,0
1781258311.847,8351,18.20,0
1781258313.978,51197,20.60,0
1781258656.344,51491,15.30,0
1781258656.352,51491,20.50,0
1781258656.364,51491,15.30,0
1781258656.372,51491,19.90,0
1781258656.382,51491,15.90,0
1781258656.394,51491,15.60,0
1781258657.442,40797,15.40,0
1781258657.450,40797,20.50,0
1781258657.464,40797,16.00,0
1781258657.472,40797,20.10,0
1781258657.483,40797,14.90,0
1781258658.878,51491,20.50,0
1781258658.887,51491,16.60,0
1781258658.899,51491,13.40,1
1781258658.907,51491,19.80,0
1781258658.915,51491,20.70,0
1781258658.925,51491,16.60,0
1781258658.933,51491,20.10,0
1781258658.941,51491,20.60,0
1781258658.949,51491,20.50,0
1781258658.960,51491,15.00,0
1781258660.025,27010,14.60,0
1781258660.033,27010,20.60,0
1781258660.041,27010,20.10,0
1781258660.050,27010,19.20,0
1781258660.059,27010,17.50,0
1781258660.067,27010,20.60,0
1781258660.075,27010,19.90,0
1781258660.085,27010,15.00,0
1781258660.094,27010,20.50,0
1781258662.479,40797,20.30,0
1781258662.487,40797,19.50,0
1781258662.498,40797,14.60,0
1781258662.506,40797,20.60,0
1781258662.514,40797,20.00,0
1781258662.525,40797,15.00,0
1781258662.533,40797,18.50,0
1781258662.542,40797,19.60,0
1781258662.551,40797,18.10,0
1781258662.561,40797,15.90,0
1781258663.599,51491,14.10,0
1781258663.607,51491,20.50,0
1781258663.616,51491,20.50,0
1781258663.627,51491,14.20,0
1781258663.635,51491,20.60,0
1781258663.643,51491,20.50,0
1781258663.651,51491,19.90,0
1781258663.660,51491,16.60,0
1781258663.669,51491,20.40,0
1781258663.679,51491,15.30,0
1781258718.223,27010,20.40,0
1781258847.729,51491,20.00,0
1781258847.737,51491,19.80,0
1781258847.748,51491,14.40,0
1781258847.758,51491,20.20,0
1781258847.768,51491,14.80,0
1781258847.776,51491,20.10,0
1781258847.789,51491,15.30,0
1781258848.836,18787,18.60,0
1781258848.844,18787,19.40,0
1781258848.854,18787,15.40,0
1781258848.866,18787,15.90,0
1781258848.876,18787,15.70,0
1781258848.884,18787,20.10,0
1781258851.319,706,14.50,0
1781258851.328,706,19.90,0
1781258851.336,706,20.70,0
1781258851.344,706,19.00,0
1781258851.353,706,17.90,0
1781258851.361,706,20.00,0
1781258851.370,706,20.60,0
1781258851.380,706,14.90,0
1781258853.756,51491,14.90,0
1781258853.764,51491,20.40,0
1781258853.774,51491,16.00,0
1781258853.785,51491,14.40,0
1781258853.793,51491,20.50,0
1781258853.801,51491,20.50,0
1781258853.811,51491,17.10,0
1781258853.819,51491,18.30,0
1781258853.827,51491,20.60,0
1781258853.835,51491,20.40,0
1781258854.917,45135,20.60,0
1781258854.925,45135,20.50,0
1781258854.936,45135,14.00,1
1781258854.944,45135,20.60,0
1781258854.952,45135,20.60,0
1781258854.963,45135,14.20,0
1781258854.971,45135,20.60,0
1781258854.978,45135,20.50,0
1781258854.988,45135,16.90,0
