Timestamp,CPU_Percent,Memory_MB,Memory_Percent
1770376669.562005,0.0,116.59765625,0.015069088506988092
1770376670.6599061,0.0,116.59765625,0.015069088506988092
1770376671.7630413,0.0,116.59765625,0.015069088506988092
1770376672.8630776,0.0,116.59765625,0.015069088506988092
1770376673.966777,0.0,116.59765625,0.015069088506988092
1770376675.067558,0.0,116.59765625,0.015069088506988092
1770376676.1689649,0.0,116.59765625,0.015069088506988092
1770376677.2760808,0.0,116.59765625,0.015069088506988092
1770376678.380158,0.0,116.59765625,0.015069088506988092
1770376679.4810066,0.0,116.59765625,0.015069088506988092
1770376680.5867162,0.0,116.59765625,0.015069088506988092
1770376681.696218,0.0,116.59765625,0.015069088506988092
1770376682.804721,0.0,116.59765625,0.015069088506988092
1770376683.913549,0.0,116.59765625,0.015069088506988092
1770376685.0221758,0.0,116.59765625,0.015069088506988092
1770376686.1379826,0.0,116.59765625,0.015069088506988092
1770376687.2462342,0.0,116.59765625,0.015069088506988092
1770376688.3587976,0.0,116.59765625,0.015069088506988092
1770376689.4715395,0.0,116.59765625,0.015069088506988092
1770376690.578686,0.0,116.59765625,0.015069088506988092
1770376691.6922872,0.0,116.59765625,0.015069088506988092
1770376692.8051975,0.0,116.59765625,0.015069088506988092
1770376693.9184449,0.0,116.59765625,0.015069088506988092
1770376695.0315197,0.0,116.59765625,0.015069088506988092
1770376696.1449778,0.0,116.59765625,0.015069088506988092
1770376697.258412,0.0,116.59765625,0.015069088506988092
1770376698.377271,0.0,116.59765625,0.015069088506988092
1770376699.4870658,0.0,116.59765625,0.015069088506988092
1770376700.59543,0.0,116.59765625,0.015069088506988092
1770376701.7043815,0.0,116.59765625,0.015069088506988092
1770376702.8121104,0.0,116.59765625,0.015069088506988092
1770376703.9203482,0.0,116.59765625,0.015069088506988092
1770376705.0353014,0.0,116.59765625,0.015069088506988092
1770376706.1444054,0.0,116.59765625,0.015069088506988092
1770376707.2543726,0.0,116.59765625,0.015069088506988092
1770376708.3634028,0.0,116.59765625,0.015069088506988092
1770376709.4781892,0.0,116.59765625,0.015069088506988092
1770376710.5880682,0.0,116.59765625,0.015069088506988092
1770376711.6973357,0.0,116.59765625,0.015069088506988092
1770376712.8059094,0.0,116.59765625,0.015069088506988092
1770376713.914853,0.0,116.59765625,0.015069088506988092
1770376715.0239005,0.0,116.59765625,0.015069088506988092
1770376716.1322558,0.0,116.59765625,0.015069088506988092
1770376717.2409384,0.0,116.59765625,0.015069088506988092
1770376718.3484836,0.0,116.59765625,0.015069088506988092
1770376719.455881,0.0,116.59765625,0.015069088506988092
1770376720.5652945,0.0,116.59765625,0.015069088506988092
1770376721.6738157,0.0,116.59765625,0.015069088506988092
1770376722.781746,0.0,116.59765625,0.015069088506988092
1770376723.8894663,0.0,116.59765625,0.015069088506988092
1770376724.997196,0.0,116.59765625,0.015069088506988092
1770376726.1129947,0.0,116.59765625,0.015069088506988092
1770376727.2250872,0.0,116.59765625,0.015069088506988092
1770376728.3381722,0.0,116.59765625,0.015069088506988092
1770376729.4504685,0.0,116.59765625,0.015069088506988092
1770376730.5592756,0.0,116.59765625,0.015069088506988092
1770376731.6725004,0.0,116.59765625,0.015069088506988092
1770376732.7816167,0.0,116.59765625,0.015069088506988092
1770376734.1781335,0.0,116.59765625,0.015069088506988092
1770376735.5452104,0.0,116.59765625,0.015069088506988092
1770376736.6582818,0.0,116.59765625,0.015069088506988092
1770376737.7708821,0.0,116.59765625,0.015069088506988092
1770376738.884419,0.0,116.59765625,0.015069088506988092
1770376739.9963675,0.0,116.59765625,0.015069088506988092
1770376741.108159,0.0,116.59765625,0.015069088506988092
1770376742.2214131,0.0,116.59765625,0.015069088506988092
1770376743.3417962,0.0,116.59765625,0.015069088506988092
1770376744.463537,0.0,116.59765625,0.015069088506988092
1770376745.8962595,0.0,116.59765625,0.015069088506988092
1770376747.3801885,0.0,116.59765625,0.015069088506988092
1770376748.5447867,0.0,116.59765625,0.015069088506988092
1770376749.6626844,0.0,116.59765625,0.015069088506988092
1770376750.7730458,0.0,116.59765625,0.015069088506988092
1770376751.8902395,0.0,116.59765625,0.015069088506988092
1770376753.004885,0.0,116.59765625,0.015069088506988092
1770376754.2466042,0.0,116.59765625,0.015069088506988092
1770376755.3726192,0.0,116.59765625,0.015069088506988092
1770376756.4871755,0.0,116.59765625,0.015069088506988092
1770376757.5993161,0.0,116.59765625,0.015069088506988092
1770376758.7110379,0.0,116.59765625,0.015069088506988092
1770376759.8221722,0.0,116.59765625,0.015069088506988092
1770376760.936686,0.0,116.59765625,0.015069088506988092
1770376762.0487177,0.0,116.59765625,0.015069088506988092
1770376763.1683865,0.0,116.59765625,0.015069088506988092
1770376764.3110328,0.0,116.59765625,0.015069088506988092
1770376765.6254506,0.0,116.59765625,0.015069088506988092
1770376766.7930048,0.0,116.59765625,0.015069088506988092
1770376768.200359,0.0,116.59765625,0.015069088506988092
1770376769.678471,0.0,116.59765625,0.015069088506988092
1770376771.0064015,0.0,116.59765625,0.015069088506988092
1770376772.1878545,0.0,116.59765625,0.015069088506988092
1770376773.302279,0.0,116.59765625,0.015069088506988092
1770376774.4163475,0.0,116.59765625,0.015069088506988092
1770376775.523393,0.0,116.59765625,0.015069088506988092
1770376776.6398854,0.0,116.59765625,0.015069088506988092
1770376777.754621,0.0,116.59765625,0.015069088506988092
1770376779.5780463,0.0,116.59765625,0.015069088506988092
1770376781.172229,0.0,116.59765625,0.015069088506988092
1770376783.247134,0.0,116.59765625,0.015069088506988092
1770376784.4734504,0.0,116.59765625,0.015069088506988092
1770376785.7548432,0.0,116.59765625,0.015069088506988092
1770376786.8659897,0.0,116.59765625,0.015069088506988092
1770376787.9932065,0.0,116.59765625,0.015069088506988092
1770376789.1058333,0.0,116.59765625,0.015069088506988092
1770376790.2200286,0.0,116.59765625,0.015069088506988092
1770376791.3317816,0.0,116.59765625,0.015069088506988092
1770376792.4441953,0.0,116.59765625,0.015069088506988092
1770376793.554948,0.0,116.59765625,0.015069088506988092
1770376794.6657577,0.0,116.59765625,0.015069088506988092
1770376795.7862482,0.0,116.59765625,0.015069088506988092
1770376796.8971324,0.0,116.59765625,0.015069088506988092
1770376798.0076404,0.0,116.59765625,0.015069088506988092
1770376799.1186972,0.0,116.59765625,0.015069088506988092
1770376800.228171,0.0,116.59765625,0.015069088506988092
1770376801.3399022,0.0,116.59765625,0.015069088506988092
1770376802.4504244,0.0,116.59765625,0.015069088506988092
1770376803.5621746,0.0,116.59765625,0.015069088506988092
1770376804.6725821,0.0,116.59765625,0.015069088506988092
1770376805.79986,0.0,116.59765625,0.015069088506988092
1770376806.9108603,0.0,116.59765625,0.015069088506988092
1770376808.0222363,0.0,116.59765625,0.015069088506988092
1770376809.1328776,0.0,116.59765625,0.015069088506988092
1770376810.2438502,0.0,116.59765625,0.015069088506988092
1770376811.3565502,0.0,116.59765625,0.015069088506988092
1770376812.4681008,0.0,116.59765625,0.015069088506988092
1770376813.5808012,0.0,116.59765625,0.015069088506988092
1770376814.6923258,0.0,116.59765625,0.015069088506988092
1770376815.8054512,0.0,116.59765625,0.015069088506988092
1770376816.923611,0.0,116.59765625,0.015069088506988092
1770376818.0341413,0.0,116.59765625,0.015069088506988092
1770376819.146886,0.0,116.59765625,0.015069088506988092
1770376820.2670164,0.0,116.59765625,0.015069088506988092
1770376821.3840635,0.0,116.59765625,0.015069088506988092
1770376822.5053096,0.0,116.59765625,0.015069088506988092
1770376823.6234055,0.0,116.59765625,0.015069088506988092
1770376824.7476683,0.0,116.59765625,0.015069088506988092
1770376825.8796396,0.0,116.59765625,0.015069088506988092
1770376827.007725,0.0,116.59765625,0.015069088506988092
1770376828.1341236,0.0,116.59765625,0.015069088506988092
1770376829.2599776,0.0,116.59765625,0.015069088506988092
1770376830.3814864,0.0,116.59765625,0.015069088506988092
1770376831.5046492,0.0,116.59765625,0.015069088506988092
1770376832.6312158,0.0,116.59765625,0.015069088506988092
1770376833.748547,0.0,116.59765625,0.015069088506988092
1770376834.8667543,0.0,116.59765625,0.015069088506988092
1770376835.9932654,0.0,116.59765625,0.015069088506988092
1770376837.1154022,0.0,116.59765625,0.015069088506988092
1770376838.2398782,0.0,116.59765625,0.015069088506988092
1770376839.3668678,0.0,116.59765625,0.015069088506988092
1770376840.4877276,0.0,116.59765625,0.015069088506988092
1770376841.6085517,0.0,116.59765625,0.015069088506988092
1770376842.7285962,0.0,116.59765625,0.015069088506988092
1770376843.8482053,0.0,116.59765625,0.015069088506988092
1770376844.9670453,0.0,116.59765625,0.015069088506988092
1770376846.087879,0.0,116.59765625,0.015069088506988092
1770376847.2102034,0.0,116.59765625,0.015069088506988092
1770376848.3309636,0.0,116.59765625,0.015069088506988092
1770376849.461984,0.0,116.59765625,0.015069088506988092
1770376850.5810175,0.0,116.59765625,0.015069088506988092
1770376851.6957285,0.0,116.59765625,0.015069088506988092
1770376852.8099358,0.0,116.59765625,0.015069088506988092
1770376853.9240894,0.0,116.59765625,0.015069088506988092
1770376855.0486832,0.0,116.59765625,0.015069088506988092
1770376856.1635656,0.0,116.59765625,0.015069088506988092
1770376857.2782466,0.0,116.59765625,0.015069088506988092
1770376858.3953116,0.0,116.59765625,0.015069088506988092
1770376859.5115633,0.0,116.59765625,0.015069088506988092
1770376860.6264653,0.0,116.59765625,0.015069088506988092
1770376861.7432024,0.0,116.59765625,0.015069088506988092
1770376862.859781,0.0,116.59765625,0.015069088506988092
1770376863.980564,0.0,116.59765625,0.015069088506988092
1770376865.100355,0.0,116.59765625,0.015069088506988092
1770376866.223876,0.0,116.59765625,0.015069088506988092
1770376867.3550103,0.0,116.59765625,0.015069088506988092
1770376868.4721394,0.0,116.59765625,0.015069088506988092
1770376869.5876203,0.0,116.59765625,0.015069088506988092
1770376870.703037,0.0,116.59765625,0.015069088506988092
1770376871.8197088,0.0,116.59765625,0.015069088506988092
1770376872.9357424,0.0,116.59765625,0.015069088506988092
1770376874.0607636,0.0,116.59765625,0.015069088506988092
1770376875.174892,0.0,116.59765625,0.015069088506988092
1770376876.2859344,0.0,116.59765625,0.015069088506988092
1770376877.397604,0.0,116.59765625,0.015069088506988092
1770376878.5121157,0.0,116.59765625,0.015069088506988092
1770376879.6272554,0.0,116.59765625,0.015069088506988092
1770376880.7429676,0.0,116.59765625,0.015069088506988092
1770376881.857686,0.0,116.59765625,0.015069088506988092
1770376882.9780707,0.0,116.59765625,0.015069088506988092
1770376884.092631,0.0,116.59765625,0.015069088506988092
1770376885.2072864,0.0,116.59765625,0.015069088506988092
1770376886.3223283,0.0,116.59765625,0.015069088506988092
1770376887.4356117,0.0,116.59765625,0.015069088506988092
1770376888.5486877,0.0,116.59765625,0.015069088506988092
1770376889.6597848,0.0,116.59765625,0.015069088506988092
1770376890.7748485,0.0,116.59765625,0.015069088506988092
1770376891.8884246,0.0,116.59765625,0.015069088506988092
1770376893.0021045,0.0,116.59765625,0.015069088506988092
1770376894.1152983,0.0,116.59765625,0.015069088506988092
1770376895.2334657,0.0,116.59765625,0.015069088506988092
1770376896.3462665,0.0,116.59765625,0.015069088506988092
1770376897.4589553,0.0,116.59765625,0.015069088506988092
1770376898.5759203,0.0,116.59765625,0.015069088506988092
1770376899.6893253,0.0,116.59765625,0.015069088506988092
1770376900.802805,0.0,116.59765625,0.015069088506988092
1770376901.9155052,0.0,116.59765625,0.015069088506988092
1770376903.0283651,0.0,116.59765625,0.015069088506988092
1770376904.1457095,0.0,116.59765625,0.015069088506988092
1770376905.2592738,0.0,116.59765625,0.015069088506988092
1770376906.3747056,0.0,116.59765625,0.015069088506988092
1770376907.4872065,0.0,116.59765625,0.015069088506988092
1770376908.6005635,0.0,116.59765625,0.015069088506988092
1770376909.7137823,0.0,116.59765625,0.015069088506988092
1770376910.8254552,0.0,116.59765625,0.015069088506988092
1770376911.9367542,0.0,116.59765625,0.015069088506988092
1770376913.04873,0.0,116.59765625,0.015069088506988092
1770376914.16047,0.0,116.59765625,0.015069088506988092
1770376915.2741513,0.0,116.59765625,0.015069088506988092
1770376916.387025,0.0,116.59765625,0.015069088506988092
1770376917.5016017,0.0,116.59765625,0.015069088506988092
1770376918.6148086,0.0,116.59765625,0.015069088506988092
1770376919.7270832,0.0,116.59765625,0.015069088506988092
1770376920.8405855,0.0,116.59765625,0.015069088506988092
1770376921.9537263,0.0,116.59765625,0.015069088506988092
1770376923.0669506,0.0,116.59765625,0.015069088506988092
1770376924.180851,0.0,116.59765625,0.015069088506988092
1770376925.2980998,0.0,116.59765625,0.015069088506988092
1770376926.4163373,0.0,116.59765625,0.015069088506988092
1770376927.5302515,0.0,116.59765625,0.015069088506988092
1770376928.6446126,0.0,116.59765625,0.015069088506988092
1770376929.759001,0.0,116.59765625,0.015069088506988092
1770376930.8731587,0.0,116.59765625,0.015069088506988092
1770376931.985451,0.0,116.59765625,0.015069088506988092
1770376933.0991147,0.0,116.59765625,0.015069088506988092
1770376934.2227006,0.0,116.59765625,0.015069088506988092
1770376935.335416,0.0,116.59765625,0.015069088506988092
1770376936.4491038,0.0,116.59765625,0.015069088506988092
1770376937.5612106,0.0,116.59765625,0.015069088506988092
1770376938.672693,0.0,116.59765625,0.015069088506988092
1770376939.7886157,0.0,116.59765625,0.015069088506988092
1770376940.9028,0.0,116.59765625,0.015069088506988092
1770376942.0175524,0.0,116.59765625,0.015069088506988092
1770376943.1306605,0.0,116.59765625,0.015069088506988092
1770376944.2437704,0.0,116.59765625,0.015069088506988092
1770376945.3567796,0.0,116.59765625,0.015069088506988092
1770376946.4702077,0.0,116.59765625,0.015069088506988092
1770376947.5814323,0.0,116.59765625,0.015069088506988092
1770376948.693112,0.0,116.59765625,0.015069088506988092
1770376949.806197,0.0,116.59765625,0.015069088506988092
1770376950.9239874,0.0,116.59765625,0.015069088506988092
1770376952.0362556,0.0,116.59765625,0.015069088506988092
1770376953.149979,0.0,116.59765625,0.015069088506988092
1770376954.2624187,0.0,116.59765625,0.015069088506988092
1770376955.3747494,0.0,116.59765625,0.015069088506988092
1770376956.4859538,0.0,116.59765625,0.015069088506988092
1770376957.6015854,0.0,116.59765625,0.015069088506988092
1770376958.7152162,0.0,116.59765625,0.015069088506988092
1770376959.8262892,0.0,116.59765625,0.015069088506988092
1770376960.9376333,0.0,116.59765625,0.015069088506988092
1770376962.0533886,0.0,116.59765625,0.015069088506988092
1770376963.1672683,0.0,116.59765625,0.015069088506988092
1770376964.2852008,0.0,116.59765625,0.015069088506988092
1770376965.397968,0.0,116.59765625,0.015069088506988092
1770376966.5106535,0.0,116.59765625,0.015069088506988092
1770376967.6227074,0.0,116.59765625,0.015069088506988092
1770376968.734688,0.0,116.59765625,0.015069088506988092
1770376969.8484697,0.0,116.59765625,0.015069088506988092
1770376970.961985,0.0,116.59765625,0.015069088506988092
1770376972.0750556,0.0,116.59765625,0.015069088506988092
1770376973.188604,0.0,116.59765625,0.015069088506988092
1770376974.3002076,0.0,116.59765625,0.015069088506988092
1770376975.415475,0.0,116.59765625,0.015069088506988092
1770376976.53179,0.0,116.59765625,0.015069088506988092
1770376977.6432998,0.0,116.59765625,0.015069088506988092
1770376978.7618587,0.0,116.59765625,0.015069088506988092
1770376979.8746374,0.0,116.59765625,0.015069088506988092
1770376980.9844072,0.0,116.59765625,0.015069088506988092
1770376982.0965185,0.0,116.59765625,0.015069088506988092
1770376983.2073877,0.0,116.59765625,0.015069088506988092
1770376984.3200154,0.0,116.59765625,0.015069088506988092
1770376985.4343102,0.0,116.59765625,0.015069088506988092
1770376986.5446439,0.0,116.59765625,0.015069088506988092
1770376987.6565962,0.0,116.59765625,0.015069088506988092
1770376988.7696495,0.0,116.59765625,0.015069088506988092
1770376989.8845375,0.0,116.59765625,0.015069088506988092
1770376990.9961653,0.0,116.59765625,0.015069088506988092
1770376992.1075358,0.0,116.59765625,0.015069088506988092
1770376993.217867,0.0,116.59765625,0.015069088506988092
1770376994.3341532,0.0,116.59765625,0.015069088506988092
1770376995.4444487,0.0,116.59765625,0.015069088506988092
1770376996.5542493,0.0,116.59765625,0.015069088506988092
1770376997.6707125,0.0,116.59765625,0.015069088506988092
1770376998.781577,0.0,116.59765625,0.015069088506988092
1770376999.8986573,0.0,116.59765625,0.015069088506988092
1770377001.009543,0.0,116.59765625,0.015069088506988092
1770377002.1200678,0.0,116.59765625,0.015069088506988092
1770377003.2361515,0.0,116.59765625,0.015069088506988092
1770377004.3469727,0.0,116.59765625,0.015069088506988092
1770377005.4571478,0.0,116.59765625,0.015069088506988092
1770377006.5683005,0.0,116.59765625,0.015069088506988092
1770377007.6791916,0.0,116.59765625,0.015069088506988092
1770377008.7893598,0.0,116.59765625,0.015069088506988092
1770377009.9007058,0.0,116.59765625,0.015069088506988092
1770377011.0124774,0.0,116.59765625,0.015069088506988092
1770377012.1241713,0.0,116.59765625,0.015069088506988092
1770377013.243877,0.0,116.59765625,0.015069088506988092
1770377014.3549576,0.0,116.59765625,0.015069088506988092
1770377015.465087,0.0,116.59765625,0.015069088506988092
1770377016.5790312,0.0,116.59765625,0.015069088506988092
1770377017.688996,0.0,116.59765625,0.015069088506988092
1770377018.7992885,0.0,116.59765625,0.015069088506988092
1770377019.9143565,0.0,116.59765625,0.015069088506988092
1770377021.0303357,0.0,116.59765625,0.015069088506988092
1770377022.1447744,0.0,116.59765625,0.015069088506988092
1770377023.26108,0.0,116.59765625,0.015069088506988092
1770377024.3761182,0.0,116.59765625,0.015069088506988092
1770377025.4999778,0.0,116.59765625,0.015069088506988092
1770377026.6245692,0.0,116.59765625,0.015069088506988092
1770377027.745727,0.0,116.59765625,0.015069088506988092
1770377028.863829,0.0,116.59765625,0.015069088506988092
1770377029.9857507,0.0,116.59765625,0.015069088506988092
1770377031.1030114,0.0,116.59765625,0.015069088506988092
1770377032.2208555,0.0,116.59765625,0.015069088506988092
1770377033.3418427,0.0,116.59765625,0.015069088506988092
1770377034.460041,0.0,116.59765625,0.015069088506988092
1770377035.5770154,0.0,116.59765625,0.015069088506988092
1770377036.6957917,0.0,116.59765625,0.015069088506988092
1770377037.8194978,0.0,116.59765625,0.015069088506988092
1770377038.937648,0.0,116.59765625,0.015069088506988092
1770377040.0592566,0.0,116.59765625,0.015069088506988092
1770377041.186715,0.0,116.59765625,0.015069088506988092
1770377042.306707,0.0,116.59765625,0.015069088506988092
1770377043.4243634,0.0,116.59765625,0.015069088506988092
1770377044.5492582,0.0,116.59765625,0.015069088506988092
1770377045.6673276,0.0,116.59765625,0.015069088506988092
1770377046.7819757,0.0,116.59765625,0.015069088506988092
1770377047.8957355,0.0,116.59765625,0.015069088506988092
1770377049.009579,0.0,116.59765625,0.015069088506988092
1770377050.1252499,0.0,116.59765625,0.015069088506988092
1770377051.238725,0.0,116.59765625,0.015069088506988092
1770377052.3574202,0.0,116.59765625,0.015069088506988092
1770377053.4798286,0.0,116.59765625,0.015069088506988092
1770377054.5984933,0.0,116.59765625,0.015069088506988092
1770377055.7186081,0.0,116.59765625,0.015069088506988092
1770377056.8410716,0.0,116.59765625,0.015069088506988092
1770377057.9556515,0.0,116.59765625,0.015069088506988092
1770377059.069458,0.0,116.59765625,0.015069088506988092
1770377060.185275,0.0,116.59765625,0.015069088506988092
1770377061.299954,0.0,116.59765625,0.015069088506988092
1770377062.4125535,0.0,116.59765625,0.015069088506988092
1770377063.537189,0.0,116.59765625,0.015069088506988092
1770377064.6528091,0.0,116.59765625,0.015069088506988092
1770377065.7686825,0.0,116.59765625,0.015069088506988092
1770377066.8889177,0.0,116.59765625,0.015069088506988092
1770377068.0151384,0.0,116.59765625,0.015069088506988092
1770377069.1416795,0.0,116.59765625,0.015069088506988092
1770377070.275312,0.0,116.59765625,0.015069088506988092
1770377071.3962402,0.0,116.59765625,0.015069088506988092
1770377072.5116997,0.0,116.59765625,0.015069088506988092
1770377073.6273565,0.0,116.59765625,0.015069088506988092
1770377074.745514,0.0,116.59765625,0.015069088506988092
1770377075.8656325,0.0,116.59765625,0.015069088506988092
1770377076.9806223,0.0,116.59765625,0.015069088506988092
1770377078.0953188,0.0,116.59765625,0.015069088506988092
1770377079.2097075,0.0,116.59765625,0.015069088506988092
1770377080.323871,0.0,116.59765625,0.015069088506988092
1770377081.4479723,0.0,116.59765625,0.015069088506988092
1770377082.5669355,0.0,116.59765625,0.015069088506988092
1770377083.6848257,0.0,116.59765625,0.015069088506988092
1770377084.8086889,0.0,116.59765625,0.015069088506988092
1770377085.9402,0.0,116.59765625,0.015069088506988092
1770377087.0605118,0.0,116.59765625,0.015069088506988092
1770377088.1793437,0.0,116.59765625,0.015069088506988092
1770377089.2974396,0.0,116.59765625,0.015069088506988092
1770377090.423979,0.0,116.59765625,0.015069088506988092
1770377091.548078,0.0,116.59765625,0.015069088506988092
1770377092.665964,0.0,116.59765625,0.015069088506988092
1770377093.785331,0.0,116.59765625,0.015069088506988092
1770377094.9028642,0.0,116.59765625,0.015069088506988092
1770377096.0233433,0.0,116.59765625,0.015069088506988092
1770377097.1429665,0.0,116.59765625,0.015069088506988092
1770377098.2639723,0.0,116.59765625,0.015069088506988092
1770377099.3851674,0.0,116.59765625,0.015069088506988092
1770377100.5079439,0.0,116.59765625,0.015069088506988092
1770377101.6289954,0.0,116.59765625,0.015069088506988092
1770377102.7519226,0.0,116.59765625,0.015069088506988092
1770377103.8717453,0.0,116.59765625,0.015069088506988092
1770377104.9904928,0.0,116.59765625,0.015069088506988092
1770377106.1088476,0.0,116.59765625,0.015069088506988092
1770377107.2310913,0.0,116.59765625,0.015069088506988092
1770377108.3515072,0.0,116.59765625,0.015069088506988092
1770377109.4810667,0.0,116.59765625,0.015069088506988092
1770377110.6003604,0.0,116.59765625,0.015069088506988092
1770377111.7224605,0.0,116.59765625,0.015069088506988092
1770377112.8459556,0.0,116.59765625,0.015069088506988092
1770377113.9691474,0.0,116.59765625,0.015069088506988092
1770377115.086442,0.0,116.59765625,0.015069088506988092
1770377116.2086608,0.0,116.59765625,0.015069088506988092
1770377117.3350732,0.0,116.59765625,0.015069088506988092
1770377118.4508717,0.0,116.59765625,0.015069088506988092
1770377119.5652199,0.0,116.59765625,0.015069088506988092
1770377120.6791186,0.0,116.59765625,0.015069088506988092
1770377121.7965784,0.0,116.59765625,0.015069088506988092
1770377122.9126022,0.0,116.59765625,0.015069088506988092
1770377124.0322592,0.0,116.59765625,0.015069088506988092
1770377125.148018,0.0,116.59765625,0.015069088506988092
1770377126.272208,0.0,116.59765625,0.015069088506988092
1770377127.3931723,0.0,116.59765625,0.015069088506988092
1770377128.5172918,0.0,116.59765625,0.015069088506988092
1770377129.636944,0.0,116.59765625,0.015069088506988092
1770377130.7530975,0.0,116.59765625,0.015069088506988092
1770377131.8741586,0.0,116.59765625,0.015069088506988092
1770377132.9952757,0.0,116.59765625,0.015069088506988092
1770377134.1112146,0.0,116.59765625,0.015069088506988092
1770377135.2304788,0.0,116.59765625,0.015069088506988092
1770377136.3462687,0.0,116.59765625,0.015069088506988092
1770377137.4632368,0.0,116.59765625,0.015069088506988092
1770377138.580778,0.0,116.59765625,0.015069088506988092
1770377139.6981335,0.0,116.59765625,0.015069088506988092
1770377140.814613,0.0,116.59765625,0.015069088506988092
1770377141.9297218,0.0,116.59765625,0.015069088506988092
1770377143.0489132,0.0,116.59765625,0.015069088506988092
1770377144.1682346,0.0,116.59765625,0.015069088506988092
1770377145.2899537,0.0,116.59765625,0.015069088506988092
1770377146.4079342,0.0,116.59765625,0.015069088506988092
1770377147.5268097,0.0,116.59765625,0.015069088506988092
1770377148.6459837,0.0,116.59765625,0.015069088506988092
1770377149.7818232,0.0,116.59765625,0.015069088506988092
1770377150.9081564,0.0,116.59765625,0.015069088506988092
1770377152.0275795,0.0,116.59765625,0.015069088506988092
1770377153.1499367,0.0,116.59765625,0.015069088506988092
1770377154.268923,0.0,116.59765625,0.015069088506988092
1770377155.3896554,0.0,116.59765625,0.015069088506988092
1770377156.5110738,0.0,116.59765625,0.015069088506988092
1770377157.6300118,0.0,116.59765625,0.015069088506988092
1770377158.7484834,0.0,116.59765625,0.015069088506988092
1770377159.8686922,0.0,116.59765625,0.015069088506988092
1770377160.9947364,0.0,116.59765625,0.015069088506988092
1770377162.1107576,0.0,116.59765625,0.015069088506988092
1770377163.2320871,0.0,116.59765625,0.015069088506988092
1770377164.3528564,0.0,116.59765625,0.015069088506988092
1770377165.4740574,0.0,116.59765625,0.015069088506988092
1770377166.5960522,0.0,116.59765625,0.015069088506988092
1770377167.7193224,0.0,116.59765625,0.015069088506988092
1770377168.8375835,0.0,116.59765625,0.015069088506988092
1770377169.9560454,0.0,116.59765625,0.015069088506988092
1770377171.074795,0.0,116.59765625,0.015069088506988092
1770377172.192482,0.0,116.59765625,0.015069088506988092
1770377173.3132176,0.0,116.59765625,0.015069088506988092
1770377174.435932,0.0,116.59765625,0.015069088506988092
1770377175.5586708,0.0,116.59765625,0.015069088506988092
1770377176.6784723,0.0,116.59765625,0.015069088506988092
1770377177.8042789,0.0,116.59765625,0.015069088506988092
1770377178.9263515,0.0,116.59765625,0.015069088506988092
1770377180.051368,0.0,116.59765625,0.015069088506988092
1770377181.17386,0.0,116.59765625,0.015069088506988092
1770377182.3059196,0.0,116.59765625,0.015069088506988092
1770377183.4343321,0.0,116.59765625,0.015069088506988092
1770377184.555638,0.0,116.59765625,0.015069088506988092
1770377185.6769993,0.0,116.59765625,0.015069088506988092
1770377186.8009303,0.0,116.59765625,0.015069088506988092
1770377187.9239984,0.0,116.59765625,0.015069088506988092
1770377189.0491526,0.0,116.59765625,0.015069088506988092
1770377190.1740396,0.0,116.59765625,0.015069088506988092
1770377191.3008564,0.0,116.59765625,0.015069088506988092
1770377192.4295483,0.0,116.59765625,0.015069088506988092
1770377193.5546312,0.0,116.59765625,0.015069088506988092
1770377194.6830814,0.0,116.59765625,0.015069088506988092
1770377195.8088722,0.0,116.59765625,0.015069088506988092
1770377196.9428315,0.0,116.59765625,0.015069088506988092
1770377198.0801191,0.0,116.59765625,0.015069088506988092
1770377199.2054346,0.0,116.59765625,0.015069088506988092
1770377200.329129,0.0,116.59765625,0.015069088506988092
1770377201.4517715,0.0,116.59765625,0.015069088506988092
1770377202.5732806,0.0,116.59765625,0.015069088506988092
1770377203.6997135,0.0,116.59765625,0.015069088506988092
1770377204.8257482,0.0,116.59765625,0.015069088506988092
1770377205.9458604,0.0,116.59765625,0.015069088506988092
1770377207.0665488,0.0,116.59765625,0.015069088506988092
1770377208.1831837,0.0,116.59765625,0.015069088506988092
1770377209.303778,0.0,116.59765625,0.015069088506988092
1770377210.4264154,0.0,116.59765625,0.015069088506988092
1770377211.5433307,0.0,116.59765625,0.015069088506988092
1770377212.663744,0.0,116.59765625,0.015069088506988092
1770377213.777265,0.0,116.59765625,0.015069088506988092
1770377214.8919015,0.0,116.59765625,0.015069088506988092
1770377216.0097797,0.0,116.59765625,0.015069088506988092
1770377217.1237757,0.0,116.59765625,0.015069088506988092
1770377218.2439072,0.0,116.59765625,0.015069088506988092
1770377219.358859,0.0,116.59765625,0.015069088506988092
1770377220.4724426,0.0,116.59765625,0.015069088506988092
1770377221.586321,0.0,116.59765625,0.015069088506988092
1770377222.7028947,0.0,116.59765625,0.015069088506988092
1770377223.8220224,0.0,116.59765625,0.015069088506988092
1770377224.9403737,0.0,116.59765625,0.015069088506988092
1770377226.0575666,0.0,116.59765625,0.015069088506988092
1770377227.1773705,0.0,116.59765625,0.015069088506988092
1770377228.2948108,0.0,116.59765625,0.015069088506988092
1770377229.4129484,0.0,116.59765625,0.015069088506988092
1770377230.538821,0.0,116.59765625,0.015069088506988092
1770377231.6559658,0.0,116.59765625,0.015069088506988092
1770377232.7845836,0.0,116.59765625,0.015069088506988092
1770377233.9185932,0.0,116.59765625,0.015069088506988092
1770377235.0422006,0.0,116.59765625,0.015069088506988092
1770377236.3201315,0.0,116.59765625,0.015069088506988092
1770377237.4438126,0.0,116.59765625,0.015069088506988092
1770377238.5707715,0.0,116.59765625,0.015069088506988092
1770377239.7046409,0.0,116.59765625,0.015069088506988092
1770377240.838297,0.0,116.59765625,0.015069088506988092
1770377241.9632604,0.0,116.59765625,0.015069088506988092
1770377243.0900233,0.0,116.59765625,0.015069088506988092
1770377244.2124348,0.0,116.59765625,0.015069088506988092
1770377245.3368363,0.0,116.59765625,0.015069088506988092
1770377246.4850345,0.0,116.59765625,0.015069088506988092
1770377247.6108918,0.0,116.59765625,0.015069088506988092
1770377248.737324,0.0,116.59765625,0.015069088506988092
1770377249.8620436,0.0,116.59765625,0.015069088506988092
1770377250.9859397,0.0,116.59765625,0.015069088506988092
1770377252.110805,0.0,116.59765625,0.015069088506988092
1770377253.2343059,0.0,116.59765625,0.015069088506988092
1770377254.3533735,0.0,116.59765625,0.015069088506988092
1770377255.4749012,0.0,116.59765625,0.015069088506988092
1770377256.5994313,0.0,116.59765625,0.015069088506988092
1770377257.726133,0.0,116.59765625,0.015069088506988092
1770377258.8546152,0.0,116.59765625,0.015069088506988092
1770377259.9721034,0.0,116.59765625,0.015069088506988092
1770377261.087109,0.0,116.59765625,0.015069088506988092
1770377262.2002459,0.0,116.59765625,0.015069088506988092
1770377263.3131626,0.0,116.59765625,0.015069088506988092
1770377264.425421,0.0,116.59765625,0.015069088506988092
1770377265.5374665,0.0,116.59765625,0.015069088506988092
1770377266.6498885,0.0,116.59765625,0.015069088506988092
1770377267.7611227,0.0,116.59765625,0.015069088506988092
1770377268.8724387,0.0,116.59765625,0.015069088506988092
1770377269.9843836,0.0,116.59765625,0.015069088506988092
1770377271.1089919,0.0,116.59765625,0.015069088506988092
1770377272.2202358,0.0,116.59765625,0.015069088506988092
1770377273.3314154,0.0,116.59765625,0.015069088506988092
1770377274.4437265,0.0,116.59765625,0.015069088506988092
1770377275.5554564,0.0,116.59765625,0.015069088506988092
1770377276.666631,0.0,116.59765625,0.015069088506988092
1770377277.7794247,0.0,116.59765625,0.015069088506988092
1770377278.8932192,0.0,116.59765625,0.015069088506988092
1770377280.005331,0.0,116.59765625,0.015069088506988092
1770377281.1165586,0.0,116.59765625,0.015069088506988092
1770377282.2269096,0.0,116.59765625,0.015069088506988092
1770377283.3376565,0.0,116.59765625,0.015069088506988092
1770377284.449168,0.0,116.59765625,0.015069088506988092
1770377285.5604846,0.0,116.59765625,0.015069088506988092
1770377286.675196,0.0,116.59765625,0.015069088506988092
1770377287.7863116,0.0,116.59765625,0.015069088506988092
1770377288.8986728,0.0,116.59765625,0.015069088506988092
1770377290.013203,0.0,116.59765625,0.015069088506988092
1770377291.124179,0.0,116.59765625,0.015069088506988092
1770377292.234906,0.0,116.59765625,0.015069088506988092
1770377293.345945,0.0,116.59765625,0.015069088506988092
1770377294.4579074,0.0,116.59765625,0.015069088506988092
1770377295.5715034,0.0,116.59765625,0.015069088506988092
1770377296.6822872,0.0,116.59765625,0.015069088506988092
1770377297.7959473,0.0,116.59765625,0.015069088506988092
1770377298.926603,0.0,116.59765625,0.015069088506988092
1770377300.038706,0.0,116.59765625,0.015069088506988092
1770377301.151617,0.0,116.59765625,0.015069088506988092
1770377302.267213,0.0,116.59765625,0.015069088506988092
1770377303.383925,0.0,116.59765625,0.015069088506988092
1770377304.4969969,0.0,116.59765625,0.015069088506988092
1770377305.6113353,0.0,116.59765625,0.015069088506988092
1770377306.7242203,0.0,116.59765625,0.015069088506988092
1770377307.8385155,0.0,116.59765625,0.015069088506988092
1770377308.9534178,0.0,116.59765625,0.015069088506988092
1770377310.0673451,49.549549550173154,116.81640625,0.01509735977089614
1770377311.181097,12.500000000051973,116.81640625,0.01509735977089614
1770377312.2920482,0.0,116.81640625,0.01509735977089614
1770377313.4080143,0.0,116.81640625,0.01509735977089614
1770377314.5302725,0.0,116.81640625,0.01509735977089614
1770377315.6426597,0.0,116.81640625,0.01509735977089614
1770377316.7524729,0.0,116.81640625,0.01509735977089614
1770377317.8640666,0.0,116.81640625,0.01509735977089614
1770377318.973477,0.0,116.81640625,0.01509735977089614
1770377320.0839949,0.0,116.81640625,0.01509735977089614
1770377321.1951997,0.0,116.81640625,0.01509735977089614
1770377322.3045464,0.0,116.81640625,0.01509735977089614
1770377323.4140303,0.0,116.81640625,0.01509735977089614
1770377324.5224416,0.0,116.81640625,0.01509735977089614
1770377325.6333382,0.0,116.81640625,0.01509735977089614
1770377326.7461622,0.0,116.81640625,0.01509735977089614
1770377327.855791,0.0,116.81640625,0.01509735977089614
1770377328.970523,0.0,116.81640625,0.01509735977089614
1770377330.0846875,0.0,116.81640625,0.01509735977089614
1770377331.1945364,0.0,116.81640625,0.01509735977089614
1770377332.306209,0.0,116.81640625,0.01509735977089614
1770377333.4164033,0.0,116.81640625,0.01509735977089614
1770377334.5251927,0.0,116.81640625,0.01509735977089614
1770377335.6307979,0.0,116.81640625,0.01509735977089614
1770377336.7415657,0.0,116.81640625,0.01509735977089614
1770377337.8524554,0.0,116.81640625,0.01509735977089614
1770377338.9622076,0.0,116.81640625,0.01509735977089614
1770377340.069583,0.0,116.81640625,0.01509735977089614
1770377341.1830373,0.0,116.81640625,0.01509735977089614
1770377342.2895327,0.0,116.81640625,0.01509735977089614
1770377343.4023163,0.0,116.81640625,0.01509735977089614
1770377344.5115569,0.0,116.81640625,0.01509735977089614
1770377345.624986,0.0,116.81640625,0.01509735977089614
1770377346.7358043,0.0,116.81640625,0.01509735977089614
1770377347.8433976,0.0,116.81640625,0.01509735977089614
1770377348.9548979,0.0,116.81640625,0.01509735977089614
1770377350.0613387,0.0,116.81640625,0.01509735977089614
1770377351.1673114,0.0,116.81640625,0.01509735977089614
1770377352.2819257,0.0,116.81640625,0.01509735977089614
1770377353.3918164,0.0,116.81640625,0.01509735977089614
1770377354.503916,0.0,116.81640625,0.01509735977089614
1770377355.6141136,0.0,116.81640625,0.01509735977089614
1770377356.7238653,0.0,116.81640625,0.01509735977089614
1770377357.8310487,0.0,116.81640625,0.01509735977089614
1770377358.941512,0.0,116.81640625,0.01509735977089614
1770377360.0498886,0.0,116.81640625,0.01509735977089614
1770377361.1616662,0.0,116.81640625,0.01509735977089614
1770377362.2724917,0.0,116.81640625,0.01509735977089614
1770377363.382119,0.0,116.81640625,0.01509735977089614
1770377364.4964945,0.0,116.81640625,0.01509735977089614
1770377365.6050196,0.0,116.81640625,0.01509735977089614
1770377366.7246647,0.0,116.81640625,0.01509735977089614
1770377367.8352835,0.0,116.81640625,0.01509735977089614
1770377368.9418218,0.0,116.81640625,0.01509735977089614
1770377370.0514896,0.0,116.81640625,0.01509735977089614
1770377371.160267,0.0,116.81640625,0.01509735977089614
1770377372.2703803,0.0,116.81640625,0.01509735977089614
1770377373.379589,0.0,116.81640625,0.01509735977089614
1770377374.489295,0.0,116.81640625,0.01509735977089614
1770377375.5977118,0.0,116.81640625,0.01509735977089614
1770377376.707647,0.0,116.81640625,0.01509735977089614
1770377377.820974,0.0,116.81640625,0.01509735977089614
1770377378.9270551,0.0,116.81640625,0.01509735977089614
1770377380.0396426,0.0,116.81640625,0.01509735977089614
1770377381.1475127,0.0,116.81640625,0.01509735977089614
1770377382.2571278,0.0,116.81640625,0.01509735977089614
1770377383.366599,0.0,116.81640625,0.01509735977089614
1770377384.4750183,0.0,116.81640625,0.01509735977089614
1770377385.5878954,0.0,116.81640625,0.01509735977089614
1770377386.695763,0.0,116.81640625,0.01509735977089614
1770377387.8058162,0.0,116.81640625,0.01509735977089614
1770377388.918742,0.0,116.81640625,0.01509735977089614
1770377390.027341,0.0,116.81640625,0.01509735977089614
1770377391.13357,0.0,116.81640625,0.01509735977089614
1770377392.2435803,0.0,116.81640625,0.01509735977089614
1770377393.3519619,0.0,116.81640625,0.01509735977089614
1770377394.4665387,0.0,116.81640625,0.01509735977089614
1770377395.579271,0.0,116.81640625,0.01509735977089614
1770377396.6884155,0.0,116.81640625,0.01509735977089614
1770377397.797178,0.0,116.81640625,0.01509735977089614
1770377398.9073167,0.0,116.81640625,0.01509735977089614
1770377400.0174727,0.0,116.81640625,0.01509735977089614
1770377401.12422,0.0,116.81640625,0.01509735977089614
1770377402.2308278,0.0,116.81640625,0.01509735977089614
1770377403.340408,0.0,116.81640625,0.01509735977089614
1770377404.4519904,0.0,116.81640625,0.01509735977089614
1770377405.5631335,0.0,116.81640625,0.01509735977089614
1770377406.6766713,0.0,116.81640625,0.01509735977089614
1770377407.7904847,0.0,116.81640625,0.01509735977089614
1770377408.908154,0.0,116.81640625,0.01509735977089614
1770377410.018003,0.0,116.81640625,0.01509735977089614
1770377411.1301515,0.0,116.81640625,0.01509735977089614
1770377412.23706,0.0,116.81640625,0.01509735977089614
1770377413.3463757,0.0,116.81640625,0.01509735977089614
1770377414.4534695,0.0,116.81640625,0.01509735977089614
1770377415.5738397,0.0,116.81640625,0.01509735977089614
1770377416.6835454,0.0,116.81640625,0.01509735977089614
1770377417.7939637,0.0,116.81640625,0.01509735977089614
1770377418.9020104,0.0,116.81640625,0.01509735977089614
1770377420.0180871,0.0,116.81640625,0.01509735977089614
1770377421.1343088,0.0,116.81640625,0.01509735977089614
1770377422.2401698,0.0,116.81640625,0.01509735977089614
1770377423.3615553,0.0,116.81640625,0.01509735977089614
1770377424.4710534,0.0,116.81640625,0.01509735977089614
1770377425.580478,0.0,116.81640625,0.01509735977089614
1770377426.6893733,0.0,116.81640625,0.01509735977089614
1770377427.800184,0.0,116.81640625,0.01509735977089614
1770377428.9113157,0.0,116.81640625,0.01509735977089614
1770377430.0208924,0.0,116.81640625,0.01509735977089614
1770377431.1317174,0.0,116.81640625,0.01509735977089614
1770377432.2430377,0.0,116.81640625,0.01509735977089614
1770377433.3531044,0.0,116.81640625,0.01509735977089614
1770377434.4624643,0.0,116.81640625,0.01509735977089614
1770377435.579663,0.0,116.81640625,0.01509735977089614
1770377436.69169,0.0,116.81640625,0.01509735977089614
1770377437.7977529,0.0,116.81640625,0.01509735977089614
1770377438.9112413,0.0,116.81640625,0.01509735977089614
1770377440.0226831,0.0,116.81640625,0.01509735977089614
1770377441.1323664,0.0,116.81640625,0.01509735977089614
1770377442.242766,0.0,116.81640625,0.01509735977089614
1770377443.351506,0.0,116.81640625,0.01509735977089614
1770377444.4570022,0.0,116.81640625,0.01509735977089614
1770377445.5650935,0.0,116.81640625,0.01509735977089614
1770377446.6793094,0.0,116.81640625,0.01509735977089614
1770377447.7853692,0.0,116.81640625,0.01509735977089614
1770377448.8978443,0.0,116.81640625,0.01509735977089614
1770377450.0066094,0.0,116.81640625,0.01509735977089614
1770377451.1216688,0.0,116.81640625,0.01509735977089614
1770377452.22872,0.0,116.81640625,0.01509735977089614
1770377453.3346722,0.0,116.81640625,0.01509735977089614
1770377454.4475403,0.0,116.81640625,0.01509735977089614
1770377455.5523458,0.0,116.81640625,0.01509735977089614
1770377456.663035,0.0,116.81640625,0.01509735977089614
1770377457.7739892,0.0,116.81640625,0.01509735977089614
1770377458.8834186,0.0,116.81640625,0.01509735977089614
1770377459.9968154,0.0,116.81640625,0.01509735977089614
1770377461.1133149,0.0,116.81640625,0.01509735977089614
1770377462.2222366,0.0,116.81640625,0.01509735977089614
1770377463.3289926,0.0,116.81640625,0.01509735977089614
1770377464.4389763,0.0,116.81640625,0.01509735977089614
1770377465.549025,0.0,116.81640625,0.01509735977089614
1770377466.6635225,0.0,116.81640625,0.01509735977089614
1770377467.7723224,0.0,116.81640625,0.01509735977089614
1770377468.8814352,0.0,116.81640625,0.01509735977089614
1770377469.9930122,0.0,116.81640625,0.01509735977089614
1770377471.1013296,0.0,116.81640625,0.01509735977089614
1770377472.2167,0.0,116.81640625,0.01509735977089614
1770377473.3273954,0.0,116.81640625,0.01509735977089614
1770377474.4429996,0.0,116.81640625,0.01509735977089614
1770377475.5508306,0.0,116.81640625,0.01509735977089614
1770377476.659401,0.0,116.81640625,0.01509735977089614
1770377477.7658925,0.0,116.81640625,0.01509735977089614
1770377478.875859,0.0,116.81640625,0.01509735977089614
1770377479.9883027,0.0,116.81640625,0.01509735977089614
1770377481.1015055,0.0,116.81640625,0.01509735977089614
1770377482.2152793,0.0,116.81640625,0.01509735977089614
1770377483.3249316,0.0,116.81640625,0.01509735977089614
1770377484.4331434,0.0,116.81640625,0.01509735977089614
1770377485.5489552,0.0,116.81640625,0.01509735977089614
1770377486.655389,0.0,116.81640625,0.01509735977089614
1770377487.7653403,0.0,116.81640625,0.01509735977089614
1770377488.8746345,0.0,116.81640625,0.01509735977089614
1770377489.984846,0.0,116.81640625,0.01509735977089614
1770377491.093502,0.0,116.81640625,0.01509735977089614
1770377492.205181,0.0,116.81640625,0.01509735977089614
1770377493.312477,0.0,116.81640625,0.01509735977089614
1770377494.4328494,0.0,116.81640625,0.01509735977089614
1770377495.5386157,0.0,116.81640625,0.01509735977089614
1770377496.6474144,0.0,116.81640625,0.01509735977089614
1770377497.7596884,0.0,116.81640625,0.01509735977089614
1770377498.8658378,0.0,116.81640625,0.01509735977089614
1770377499.9771578,0.0,116.81640625,0.01509735977089614
1770377501.0865176,0.0,116.81640625,0.01509735977089614
1770377502.1958375,0.0,116.81640625,0.01509735977089614
1770377503.305457,0.0,116.81640625,0.01509735977089614
1770377504.412555,0.0,116.81640625,0.01509735977089614
1770377505.5251777,0.0,116.81640625,0.01509735977089614
1770377506.6298048,0.0,116.81640625,0.01509735977089614
1770377507.7401786,0.0,116.81640625,0.01509735977089614
1770377508.85146,0.0,116.81640625,0.01509735977089614
1770377509.969329,0.0,116.81640625,0.01509735977089614
1770377511.0858402,0.0,116.81640625,0.01509735977089614
1770377512.191574,0.0,116.81640625,0.01509735977089614
1770377513.307655,0.0,116.81640625,0.01509735977089614
1770377514.4152207,0.0,116.81640625,0.01509735977089614
1770377515.5241203,0.0,116.81640625,0.01509735977089614
1770377516.6337588,0.0,116.81640625,0.01509735977089614
1770377517.7425635,0.0,116.81640625,0.01509735977089614
1770377518.848976,0.0,116.81640625,0.01509735977089614
1770377519.958268,0.0,116.81640625,0.01509735977089614
1770377521.062873,0.0,116.81640625,0.01509735977089614
1770377522.1695375,0.0,116.81640625,0.01509735977089614
1770377523.284591,0.0,116.81640625,0.01509735977089614
1770377524.3921838,0.0,116.81640625,0.01509735977089614
1770377525.5091298,0.0,116.81640625,0.01509735977089614
1770377526.6167374,0.0,116.81640625,0.01509735977089614
1770377527.725535,0.0,116.81640625,0.01509735977089614
1770377528.8369129,0.0,116.81640625,0.01509735977089614
1770377529.9443924,0.0,116.81640625,0.01509735977089614
1770377531.0543594,0.0,116.81640625,0.01509735977089614
1770377532.163115,0.0,116.81640625,0.01509735977089614
1770377533.2733812,0.0,116.81640625,0.01509735977089614
1770377534.3863878,0.0,116.81640625,0.01509735977089614
1770377535.495801,0.0,116.81640625,0.01509735977089614
1770377536.605257,0.0,116.81640625,0.01509735977089614
1770377537.7099476,0.0,116.81640625,0.01509735977089614
1770377538.8203075,0.0,116.81640625,0.01509735977089614
1770377539.9249642,0.0,116.81640625,0.01509735977089614
1770377541.0379782,0.0,116.81640625,0.01509735977089614
1770377542.1449196,0.0,116.81640625,0.01509735977089614
1770377543.2547905,0.0,116.81640625,0.01509735977089614
1770377544.3638995,0.0,116.81640625,0.01509735977089614
1770377545.4737296,0.0,116.81640625,0.01509735977089614
1770377546.5798774,0.0,116.81640625,0.01509735977089614
1770377547.6868503,0.0,116.81640625,0.01509735977089614
1770377548.79954,0.0,116.81640625,0.01509735977089614
1770377549.907226,0.0,116.81640625,0.01509735977089614
1770377551.020199,0.0,116.81640625,0.01509735977089614
1770377552.1276398,0.0,116.81640625,0.01509735977089614
1770377553.2384481,0.0,116.81640625,0.01509735977089614
1770377554.3451781,0.0,116.81640625,0.01509735977089614
1770377555.4576027,0.0,116.81640625,0.01509735977089614
1770377556.5717394,0.0,116.81640625,0.01509735977089614
1770377557.6770027,0.0,116.81640625,0.01509735977089614
1770377558.7884173,0.0,116.81640625,0.01509735977089614
1770377559.8991637,0.0,116.81640625,0.01509735977089614
1770377561.0076957,0.0,116.81640625,0.01509735977089614
1770377562.1177018,0.0,116.81640625,0.01509735977089614
1770377563.2257903,0.0,116.81640625,0.01509735977089614
1770377564.335406,0.0,116.81640625,0.01509735977089614
1770377565.4408078,0.0,116.81640625,0.01509735977089614
1770377566.5535233,0.0,116.81640625,0.01509735977089614
1770377567.6631382,0.0,116.81640625,0.01509735977089614
1770377568.772758,0.0,116.81640625,0.01509735977089614
1770377569.8812754,0.0,116.81640625,0.01509735977089614
1770377570.9892495,0.0,116.81640625,0.01509735977089614
1770377572.102137,0.0,116.81640625,0.01509735977089614
1770377573.2132564,0.0,116.81640625,0.01509735977089614
1770377574.326844,0.0,116.81640625,0.01509735977089614
1770377575.4362588,0.0,116.81640625,0.01509735977089614
1770377576.5549662,0.0,116.81640625,0.01509735977089614
1770377577.664274,0.0,116.81640625,0.01509735977089614
1770377578.7738676,0.0,116.81640625,0.01509735977089614
1770377579.8793466,0.0,116.81640625,0.01509735977089614
1770377580.9874928,0.0,116.81640625,0.01509735977089614
1770377582.0985048,0.0,116.81640625,0.01509735977089614
1770377583.201777,0.0,116.81640625,0.01509735977089614
1770377584.3139415,0.0,116.81640625,0.01509735977089614
1770377585.4269724,0.0,116.81640625,0.01509735977089614
1770377586.5358958,0.0,116.81640625,0.01509735977089614
1770377587.6513083,0.0,116.81640625,0.01509735977089614
1770377588.7576723,0.0,116.81640625,0.01509735977089614
1770377589.8665712,0.0,116.81640625,0.01509735977089614
1770377590.9766648,0.0,116.81640625,0.01509735977089614
1770377592.0869455,0.0,116.81640625,0.01509735977089614
1770377593.1953745,0.0,116.81640625,0.01509735977089614
1770377594.3052032,0.0,116.81640625,0.01509735977089614
1770377595.4158714,0.0,116.81640625,0.01509735977089614
1770377596.5251894,0.0,116.81640625,0.01509735977089614
1770377597.63585,0.0,116.81640625,0.01509735977089614
1770377598.743703,0.0,116.81640625,0.01509735977089614
1770377599.86076,0.0,116.81640625,0.01509735977089614
1770377600.968476,0.0,116.81640625,0.01509735977089614
1770377602.0783288,0.0,116.81640625,0.01509735977089614
1770377603.189332,0.0,116.81640625,0.01509735977089614
1770377604.2991266,0.0,116.81640625,0.01509735977089614
1770377605.4044826,0.0,116.81640625,0.01509735977089614
1770377606.5148268,0.0,116.81640625,0.01509735977089614
1770377607.6254745,0.0,116.81640625,0.01509735977089614
1770377608.7410216,0.0,116.81640625,0.01509735977089614
1770377609.8520794,0.0,116.81640625,0.01509735977089614
1770377610.9635563,0.0,116.81640625,0.01509735977089614
1770377612.075458,0.0,116.81640625,0.01509735977089614
1770377613.1878421,0.0,116.81640625,0.01509735977089614
1770377614.298312,0.0,116.81640625,0.01509735977089614
1770377615.418986,0.0,116.81640625,0.01509735977089614
1770377616.5243056,0.0,116.81640625,0.01509735977089614
1770377617.634156,0.0,116.81640625,0.01509735977089614
1770377618.7447488,0.0,116.81640625,0.01509735977089614
1770377619.8564844,0.0,116.81640625,0.01509735977089614
1770377620.964514,0.0,116.81640625,0.01509735977089614
1770377622.073515,0.0,116.81640625,0.01509735977089614
1770377623.1828125,0.0,116.81640625,0.01509735977089614
1770377624.2902951,0.0,116.81640625,0.01509735977089614
1770377625.4024334,0.0,116.81640625,0.01509735977089614
1770377626.507703,0.0,116.81640625,0.01509735977089614
1770377627.6279683,0.0,116.81640625,0.01509735977089614
1770377628.7375581,0.0,116.81640625,0.01509735977089614
1770377629.848396,0.0,116.81640625,0.01509735977089614
1770377630.9654777,10.810810810946869,117.04296875,0.015126640722800904
1770377632.0800114,15.178571428240115,117.04296875,0.015126640722800904
1770377633.1951272,8.108108108210152,117.04296875,0.015126640722800904
1770377634.3104324,12.500000000051973,117.04296875,0.015126640722800904
1770377635.4218895,7.207207207108943,117.21484375,0.015148853858728656
1770377636.5370586,9.909909910034632,117.21484375,0.015148853858728656
1770377637.6526332,13.392857142912826,117.21484375,0.015148853858728656
1770377638.770155,3.6036036035544714,117.21484375,0.015148853858728656
1770377639.881743,0.0,117.21484375,0.015148853858728656
1770377640.997814,0.0,117.21484375,0.015148853858728656
1770377642.1108596,0.0,117.21484375,0.015148853858728656
1770377643.2274394,0.0,117.21484375,0.015148853858728656
1770377644.3391483,0.0,117.21484375,0.015148853858728656
1770377645.4519753,0.0,117.21484375,0.015148853858728656
1770377646.5654302,0.0,117.21484375,0.015148853858728656
1770377647.693772,0.0,117.21484375,0.015148853858728656
1770377648.8070273,0.0,117.21484375,0.015148853858728656
1770377649.921224,0.0,117.21484375,0.015148853858728656
1770377651.0369833,0.0,117.21484375,0.015148853858728656
1770377652.1502829,0.0,117.21484375,0.015148853858728656
1770377653.2670665,0.0,117.21484375,0.015148853858728656
1770377654.3834708,0.0,117.21484375,0.015148853858728656
1770377655.4966593,0.0,117.21484375,0.015148853858728656
1770377656.6063442,0.0,117.21484375,0.015148853858728656
1770377657.716617,0.0,117.21484375,0.015148853858728656
1770377658.839714,0.0,117.21484375,0.015148853858728656
1770377659.9500413,0.0,117.21484375,0.015148853858728656
1770377661.060086,0.0,117.21484375,0.015148853858728656
1770377662.1749766,0.0,117.21484375,0.015148853858728656
1770377663.2861521,0.0,117.21484375,0.015148853858728656
1770377664.3977313,0.0,117.21484375,0.015148853858728656
1770377665.5079494,0.0,117.21484375,0.015148853858728656
1770377666.6179814,0.0,117.21484375,0.015148853858728656
1770377667.728496,0.0,117.21484375,0.015148853858728656
1770377668.838137,0.0,117.21484375,0.015148853858728656
1770377669.9494674,0.0,117.21484375,0.015148853858728656
1770377671.0585964,0.0,117.21484375,0.015148853858728656
1770377672.1677437,0.0,117.21484375,0.015148853858728656
1770377673.2797284,0.0,117.21484375,0.015148853858728656
1770377674.397055,0.0,117.21484375,0.015148853858728656
1770377675.506801,0.0,117.21484375,0.015148853858728656
1770377676.618494,0.0,117.21484375,0.015148853858728656
1770377677.7831573,0.0,117.21484375,0.015148853858728656
1770377678.9005032,0.0,117.21484375,0.015148853858728656
1770377680.0124874,0.0,117.21484375,0.015148853858728656
1770377681.1219494,0.0,117.21484375,0.015148853858728656
1770377682.2318523,0.0,117.21484375,0.015148853858728656
1770377683.348269,2.702702702736717,117.21484375,0.015148853858728656
1770377684.4586334,0.8928571428608552,117.21484375,0.015148853858728656
1770377685.567722,1.8018018017772357,117.21484375,0.015148853858728656
1770377686.6770291,0.9009009009122392,117.21484375,0.015148853858728656
1770377687.8076591,0.8849557522087427,117.21484375,0.015148853858728656
1770377688.9186826,2.7027027026658534,117.21484375,0.015148853858728656
1770377690.030611,2.702702702736717,117.21484375,0.015148853858728656
1770377691.1498466,0.9009009008886179,117.33984375,0.01516500886667611
1770377692.2632177,3.5714285714434206,117.33984375,0.01516500886667611
1770377693.3801882,8.108108108210152,117.33984375,0.01516500886667611
1770377694.490561,1.7857142857217103,117.33984375,0.01516500886667611
1770377695.6000051,0.0,117.33984375,0.01516500886667611
1770377696.7110364,0.0,117.33984375,0.01516500886667611
1770377697.8684726,0.0,117.33984375,0.01516500886667611
1770377698.9800777,0.0,117.33984375,0.01516500886667611
1770377700.0908673,0.0,117.33984375,0.01516500886667611
1770377701.2012806,0.0,117.33984375,0.01516500886667611
1770377702.318151,0.0,117.33984375,0.01516500886667611
1770377703.428186,0.0,117.33984375,0.01516500886667611
1770377704.5411763,0.0,117.33984375,0.01516500886667611
1770377705.6525438,0.0,117.33984375,0.01516500886667611
1770377706.7634656,0.0,117.33984375,0.01516500886667611
1770377707.8762906,0.0,117.33984375,0.01516500886667611
1770377708.9878983,0.0,117.33984375,0.01516500886667611
1770377710.099498,0.0,117.33984375,0.01516500886667611
1770377711.2104523,0.0,117.33984375,0.01516500886667611
1770377712.3217335,0.0,117.33984375,0.01516500886667611
1770377713.4312317,0.0,117.33984375,0.01516500886667611
1770377714.5349991,0.0,117.33984375,0.01516500886667611
1770377715.6436439,0.0,117.33984375,0.01516500886667611
1770377716.7567186,0.0,117.33984375,0.01516500886667611
1770377717.922161,0.0,117.33984375,0.01516500886667611
1770377719.0354276,0.0,117.33984375,0.01516500886667611
1770377720.1412144,0.0,117.33984375,0.01516500886667611
1770377721.2523806,0.0,117.33984375,0.01516500886667611
1770377722.3619978,0.0,117.33984375,0.01516500886667611
1770377723.4676435,0.0,117.33984375,0.01516500886667611
1770377724.5784798,0.0,117.33984375,0.01516500886667611
1770377725.685167,0.0,117.33984375,0.01516500886667611
1770377726.7970657,0.0,117.33984375,0.01516500886667611
1770377727.9059541,0.0,117.33984375,0.01516500886667611
1770377729.0128818,0.0,117.33984375,0.01516500886667611
1770377730.1261914,0.0,117.33984375,0.01516500886667611
1770377731.2328947,0.0,117.33984375,0.01516500886667611
1770377732.3421915,0.0,117.33984375,0.01516500886667611
1770377733.4540353,0.0,117.33984375,0.01516500886667611
1770377734.5645928,0.0,117.33984375,0.01516500886667611
1770377735.6716046,0.0,117.33984375,0.01516500886667611
1770377736.7816172,0.0,117.33984375,0.01516500886667611
1770377737.8918316,0.0,117.33984375,0.01516500886667611
1770377738.9978235,0.0,117.33984375,0.01516500886667611
1770377740.1073852,0.0,117.33984375,0.01516500886667611
1770377741.215728,0.0,117.33984375,0.01516500886667611
1770377742.3280888,0.0,117.33984375,0.01516500886667611
1770377743.436467,0.0,117.33984375,0.01516500886667611
1770377744.5405135,0.0,117.33984375,0.01516500886667611
1770377745.655546,0.0,117.33984375,0.01516500886667611
1770377746.76308,0.0,117.33984375,0.01516500886667611
1770377748.0645118,0.0,117.33984375,0.01516500886667611
1770377749.176017,0.0,117.33984375,0.01516500886667611
1770377750.2859132,0.0,117.33984375,0.01516500886667611
1770377751.391569,0.0,117.33984375,0.01516500886667611
1770377752.5009544,0.0,117.33984375,0.01516500886667611
1770377753.6108592,0.0,117.33984375,0.01516500886667611
1770377754.7148597,0.0,117.33984375,0.01516500886667611
1770377755.8240962,0.0,117.33984375,0.01516500886667611
1770377756.93686,0.0,117.33984375,0.01516500886667611
1770377758.0717113,0.0,117.33984375,0.01516500886667611
1770377759.1806815,0.0,117.33984375,0.01516500886667611
1770377760.2889812,0.0,117.33984375,0.01516500886667611
1770377761.3986266,0.0,117.33984375,0.01516500886667611
1770377762.5014865,0.0,117.33984375,0.01516500886667611
1770377763.611758,0.0,117.33984375,0.01516500886667611
1770377764.723549,0.0,117.33984375,0.01516500886667611
1770377765.8331387,0.0,117.33984375,0.01516500886667611
1770377766.9410357,0.0,117.33984375,0.01516500886667611
1770377768.0805004,0.0,117.33984375,0.01516500886667611
1770377769.1861284,0.0,117.33984375,0.01516500886667611
1770377770.2961352,0.0,117.33984375,0.01516500886667611
1770377771.404602,0.0,117.33984375,0.01516500886667611
1770377772.5128357,0.0,117.33984375,0.01516500886667611
1770377773.6334863,0.0,117.33984375,0.01516500886667611
1770377774.7411444,0.0,117.33984375,0.01516500886667611
1770377775.8508134,0.0,117.33984375,0.01516500886667611
1770377776.961046,0.0,117.33984375,0.01516500886667611
1770377778.070724,0.0,117.33984375,0.01516500886667611
1770377779.1793444,0.0,117.33984375,0.01516500886667611
1770377780.289164,0.0,117.33984375,0.01516500886667611
1770377781.4042134,0.0,117.33984375,0.01516500886667611
1770377782.510532,0.0,117.33984375,0.01516500886667611
1770377783.6196153,0.0,117.33984375,0.01516500886667611
1770377784.7262533,0.0,117.33984375,0.01516500886667611
1770377785.8362079,0.0,117.33984375,0.01516500886667611
1770377786.9449058,0.0,117.33984375,0.01516500886667611
1770377788.0509093,0.0,117.33984375,0.01516500886667611
1770377789.169079,0.0,117.33984375,0.01516500886667611
1770377790.2777236,0.0,117.33984375,0.01516500886667611
1770377791.3945088,0.0,117.33984375,0.01516500886667611
1770377792.5023968,0.0,117.33984375,0.01516500886667611
1770377793.6197944,0.0,117.33984375,0.01516500886667611
1770377794.7269082,0.0,117.33984375,0.01516500886667611
1770377795.8384256,0.0,117.33984375,0.01516500886667611
1770377796.9461377,0.0,117.33984375,0.01516500886667611
1770377798.0543876,0.0,117.33984375,0.01516500886667611
1770377799.253209,0.0,117.33984375,0.01516500886667611
1770377800.3626347,0.0,117.33984375,0.01516500886667611
1770377801.47538,0.0,117.33984375,0.01516500886667611
1770377802.5863967,0.0,117.33984375,0.01516500886667611
1770377803.696084,0.0,117.33984375,0.01516500886667611
1770377804.8063874,0.0,117.33984375,0.01516500886667611
1770377805.9096282,0.0,117.33984375,0.01516500886667611
1770377807.0234528,0.0,117.33984375,0.01516500886667611
1770377808.1324434,0.0,117.33984375,0.01516500886667611
1770377809.3615737,0.0,117.33984375,0.01516500886667611
1770377810.468116,0.0,117.33984375,0.01516500886667611
1770377811.5779736,0.0,117.33984375,0.01516500886667611
1770377812.6856568,0.0,117.33984375,0.01516500886667611
1770377813.7953627,0.0,117.33984375,0.01516500886667611
1770377814.9059234,0.0,117.33984375,0.01516500886667611
1770377816.013703,0.0,117.33984375,0.01516500886667611
1770377817.1280565,0.0,117.33984375,0.01516500886667611
1770377818.2359352,0.0,117.33984375,0.01516500886667611
1770377819.4449844,0.0,117.33984375,0.01516500886667611
1770377820.5557122,0.0,117.33984375,0.01516500886667611
1770377821.6698093,0.0,117.33984375,0.01516500886667611
1770377822.7791843,0.0,117.33984375,0.01516500886667611
1770377823.8922923,0.0,117.33984375,0.01516500886667611
1770377825.0013885,0.0,117.33984375,0.01516500886667611
1770377826.1092434,0.0,117.33984375,0.01516500886667611
1770377827.2207165,0.0,117.33984375,0.01516500886667611
1770377828.3272827,0.0,117.33984375,0.01516500886667611
1770377829.449756,0.0,117.33984375,0.01516500886667611
1770377830.5594935,0.0,117.33984375,0.01516500886667611
1770377831.6687677,0.0,117.33984375,0.01516500886667611
1770377832.7785077,0.0,117.33984375,0.01516500886667611
1770377833.8892784,0.0,117.33984375,0.01516500886667611
1770377835.0005589,0.0,117.33984375,0.01516500886667611
1770377836.1106768,0.0,117.33984375,0.01516500886667611
1770377837.2197762,0.0,117.33984375,0.01516500886667611
1770377838.3289218,0.0,117.33984375,0.01516500886667611
1770377839.4396024,0.0,117.33984375,0.01516500886667611
1770377840.5478945,0.0,117.33984375,0.01516500886667611
1770377841.6573484,0.0,117.33984375,0.01516500886667611
1770377842.768729,0.0,117.33984375,0.01516500886667611
1770377843.8766978,0.0,117.33984375,0.01516500886667611
1770377844.994036,0.0,117.33984375,0.01516500886667611
1770377846.102295,0.0,117.33984375,0.01516500886667611
1770377847.2189653,0.0,117.33984375,0.01516500886667611
1770377848.3305194,0.0,117.33984375,0.01516500886667611
1770377849.4395359,0.0,117.33984375,0.01516500886667611
1770377850.5492778,0.0,117.33984375,0.01516500886667611
1770377851.6605568,0.0,117.33984375,0.01516500886667611
1770377852.7718477,0.0,117.33984375,0.01516500886667611
1770377853.8773382,0.0,117.33984375,0.01516500886667611
1770377854.9875557,0.0,117.33984375,0.01516500886667611
1770377856.0957832,0.0,117.33984375,0.01516500886667611
1770377857.2059298,0.0,117.33984375,0.01516500886667611
1770377858.3138297,0.0,117.33984375,0.01516500886667611
1770377859.4246712,0.0,117.33984375,0.01516500886667611
1770377860.5400226,0.0,117.33984375,0.01516500886667611
1770377861.6496656,0.0,117.33984375,0.01516500886667611
1770377862.759108,0.0,117.33984375,0.01516500886667611
1770377863.8687124,0.0,117.33984375,0.01516500886667611
1770377864.9776313,0.0,117.33984375,0.01516500886667611
1770377866.0848699,0.0,117.33984375,0.01516500886667611
1770377867.1990576,0.0,117.33984375,0.01516500886667611
1770377868.30906,0.0,117.33984375,0.01516500886667611
1770377869.41781,0.0,117.33984375,0.01516500886667611
1770377870.5283546,0.0,117.33984375,0.01516500886667611
1770377871.6337442,0.0,117.33984375,0.01516500886667611
1770377872.7448473,0.0,117.33984375,0.01516500886667611
1770377873.8535757,0.0,117.33984375,0.01516500886667611
1770377874.9622214,0.0,117.33984375,0.01516500886667611
1770377876.0756664,0.0,117.33984375,0.01516500886667611
1770377877.1856897,0.0,117.33984375,0.01516500886667611
1770377878.297084,0.0,117.33984375,0.01516500886667611
1770377879.4057806,0.0,117.33984375,0.01516500886667611
1770377880.5149517,0.0,117.33984375,0.01516500886667611
1770377881.6241853,0.0,117.33984375,0.01516500886667611
1770377882.7344704,0.0,117.33984375,0.01516500886667611
1770377883.8414044,0.0,117.33984375,0.01516500886667611
1770377884.9515915,0.0,117.33984375,0.01516500886667611
1770377886.062993,0.0,117.33984375,0.01516500886667611
1770377887.1770928,0.0,117.33984375,0.01516500886667611
1770377888.2887151,0.0,117.33984375,0.01516500886667611
1770377889.397871,0.0,117.33984375,0.01516500886667611
1770377890.5065925,0.0,117.33984375,0.01516500886667611
1770377891.617446,0.0,117.33984375,0.01516500886667611
1770377892.7264671,0.0,117.33984375,0.01516500886667611
1770377893.835177,0.0,117.33984375,0.01516500886667611
1770377894.9457908,0.0,117.33984375,0.01516500886667611
1770377896.0586247,0.0,117.33984375,0.01516500886667611
1770377897.16849,0.0,117.33984375,0.01516500886667611
1770377898.2801485,0.0,117.33984375,0.01516500886667611
1770377899.3926518,0.0,117.33984375,0.01516500886667611
1770377900.498619,0.0,117.33984375,0.01516500886667611
1770377901.6105099,0.0,117.33984375,0.01516500886667611
1770377902.7164564,0.0,117.33984375,0.01516500886667611
1770377903.8282135,0.0,117.33984375,0.01516500886667611
1770377904.9349713,0.0,117.33984375,0.01516500886667611
1770377906.0439878,0.0,117.33984375,0.01516500886667611
1770377907.1557245,0.0,117.33984375,0.01516500886667611
1770377908.2633147,0.0,117.33984375,0.01516500886667611
1770377909.3740165,0.0,117.33984375,0.01516500886667611
1770377910.4876106,0.0,117.33984375,0.01516500886667611
1770377911.5977738,0.0,117.33984375,0.01516500886667611
1770377912.7062726,0.0,117.33984375,0.01516500886667611
1770377913.815904,0.0,117.33984375,0.01516500886667611
1770377914.9230616,0.0,117.33984375,0.01516500886667611
1770377916.0326037,0.0,117.33984375,0.01516500886667611
1770377917.1402884,0.0,117.33984375,0.01516500886667611
1770377918.248473,0.0,117.33984375,0.01516500886667611
1770377919.3639965,0.0,117.33984375,0.01516500886667611
1770377920.474593,0.0,117.33984375,0.01516500886667611
1770377921.5871851,0.0,117.33984375,0.01516500886667611
1770377922.6986861,0.0,117.33984375,0.01516500886667611
1770377923.807786,0.0,117.33984375,0.01516500886667611
1770377924.916633,0.0,117.33984375,0.01516500886667611
1770377926.0260806,0.0,117.33984375,0.01516500886667611
1770377927.147051,0.0,117.33984375,0.01516500886667611
1770377928.2527783,0.0,117.33984375,0.01516500886667611
1770377929.3631885,0.0,117.33984375,0.01516500886667611
1770377930.4676766,0.0,117.33984375,0.01516500886667611
1770377931.577537,0.0,117.33984375,0.01516500886667611
1770377932.688793,0.0,117.33984375,0.01516500886667611
1770377933.7962875,0.0,117.33984375,0.01516500886667611
1770377934.9088583,0.0,117.33984375,0.01516500886667611
1770377936.0197806,0.0,117.33984375,0.01516500886667611
1770377937.1295173,0.0,117.33984375,0.01516500886667611
1770377938.2381487,0.0,117.33984375,0.01516500886667611
1770377939.355426,0.0,117.33984375,0.01516500886667611
1770377940.4607615,0.0,117.33984375,0.01516500886667611
1770377941.5712872,0.0,117.33984375,0.01516500886667611
1770377942.6787813,0.0,117.33984375,0.01516500886667611
1770377943.7842286,0.0,117.33984375,0.01516500886667611
1770377944.8958256,0.0,117.33984375,0.01516500886667611
1770377946.0024815,0.0,117.33984375,0.01516500886667611
1770377947.1160395,0.0,117.33984375,0.01516500886667611
1770377948.2262115,0.0,117.33984375,0.01516500886667611
1770377949.3349051,0.0,117.33984375,0.01516500886667611
1770377950.4463978,0.0,117.33984375,0.01516500886667611
1770377951.552366,0.0,117.33984375,0.01516500886667611
1770377952.6683574,0.0,117.33984375,0.01516500886667611
1770377953.7806613,0.0,117.33984375,0.01516500886667611
1770377954.8907933,0.0,117.33984375,0.01516500886667611
1770377955.9940145,0.0,117.33984375,0.01516500886667611
1770377957.107747,0.0,117.33984375,0.01516500886667611
1770377958.2158575,0.0,117.33984375,0.01516500886667611
1770377959.320548,0.0,117.33984375,0.01516500886667611
1770377960.4304264,0.0,117.33984375,0.01516500886667611
1770377961.5403054,0.0,117.33984375,0.01516500886667611
1770377962.6527839,0.0,117.33984375,0.01516500886667611
1770377963.7619617,0.0,117.33984375,0.01516500886667611
1770377964.8817885,0.0,117.33984375,0.01516500886667611
1770377965.9951425,0.0,117.33984375,0.01516500886667611
1770377967.106635,0.0,117.33984375,0.01516500886667611
1770377968.2117307,0.0,117.33984375,0.01516500886667611
1770377969.3229158,0.0,117.33984375,0.01516500886667611
1770377970.4326327,0.0,117.33984375,0.01516500886667611
1770377971.5390239,0.0,117.33984375,0.01516500886667611
1770377972.6494272,0.0,117.33984375,0.01516500886667611
1770377973.7568114,0.0,117.33984375,0.01516500886667611
1770377974.8642764,0.0,117.33984375,0.01516500886667611
1770377975.9742842,0.0,117.33984375,0.01516500886667611
1770377977.077808,0.0,117.33984375,0.01516500886667611
1770377978.194052,0.0,117.33984375,0.01516500886667611
1770377979.3062665,0.0,117.33984375,0.01516500886667611
1770377980.416298,0.0,117.33984375,0.01516500886667611
1770377981.5258288,0.0,117.33984375,0.01516500886667611
1770377982.635056,0.0,117.33984375,0.01516500886667611
1770377983.7417178,0.0,117.33984375,0.01516500886667611
1770377984.8522217,0.0,117.33984375,0.01516500886667611
1770377985.9626558,0.0,117.33984375,0.01516500886667611
1770377987.072029,0.0,117.33984375,0.01516500886667611
1770377988.184287,0.0,117.33984375,0.01516500886667611
1770377989.2926905,0.0,117.33984375,0.01516500886667611
1770377990.4043639,0.0,117.33984375,0.01516500886667611
1770377991.5132513,0.0,117.33984375,0.01516500886667611
1770377992.6237166,0.0,117.33984375,0.01516500886667611
1770377993.7434435,0.0,117.33984375,0.01516500886667611
1770377994.854524,0.0,117.33984375,0.01516500886667611
1770377995.9639966,0.0,117.33984375,0.01516500886667611
1770377997.075829,0.0,117.33984375,0.01516500886667611
1770377998.1857038,0.0,117.33984375,0.01516500886667611
1770377999.2912314,0.0,117.33984375,0.01516500886667611
1770378000.4010127,0.0,117.33984375,0.01516500886667611
1770378001.5125813,0.0,117.33984375,0.01516500886667611
1770378002.6190069,0.0,117.33984375,0.01516500886667611
1770378003.730892,0.0,117.33984375,0.01516500886667611
1770378004.836048,0.0,117.33984375,0.01516500886667611
1770378005.944198,0.0,117.33984375,0.01516500886667611
1770378007.0544858,0.0,117.33984375,0.01516500886667611
1770378008.1635513,0.0,117.33984375,0.01516500886667611
1770378009.2803857,0.0,117.33984375,0.01516500886667611
1770378010.388295,0.0,117.33984375,0.01516500886667611
1770378011.4981303,0.0,117.33984375,0.01516500886667611
1770378012.6088133,0.0,117.33984375,0.01516500886667611
1770378013.7187657,0.0,117.33984375,0.01516500886667611
1770378014.825467,0.0,117.33984375,0.01516500886667611
1770378015.9396021,0.0,117.33984375,0.01516500886667611
1770378017.0497015,0.0,117.33984375,0.01516500886667611
1770378018.1621537,0.0,117.33984375,0.01516500886667611
1770378019.2767775,0.0,117.33984375,0.01516500886667611
1770378020.383899,0.0,117.33984375,0.01516500886667611
1770378021.4929001,0.0,117.33984375,0.01516500886667611
1770378022.6039217,0.0,117.33984375,0.01516500886667611
1770378023.713133,0.0,117.33984375,0.01516500886667611
1770378024.827153,0.0,117.33984375,0.01516500886667611
1770378025.9367447,0.0,117.33984375,0.01516500886667611
1770378027.0448608,0.0,117.33984375,0.01516500886667611
1770378028.1561782,0.0,117.33984375,0.01516500886667611
1770378029.2593062,0.0,117.33984375,0.01516500886667611
1770378030.3694382,0.0,117.33984375,0.01516500886667611
1770378031.4817965,0.0,117.33984375,0.01516500886667611
1770378032.590342,0.0,117.33984375,0.01516500886667611
1770378033.7015815,0.0,117.33984375,0.01516500886667611
1770378034.816157,12.612612612771349,117.51171875,0.015187222002603865
1770378035.929708,12.500000000051973,117.51171875,0.015187222002603865
1770378037.0450578,9.909909909774797,117.51171875,0.015187222002603865
1770378038.1598172,11.607142857191116,117.51171875,0.015187222002603865
1770378039.2811368,7.207207207297913,117.51171875,0.015187222002603865
1770378040.3972998,10.714285714051844,117.51171875,0.015187222002603865
1770378041.5156972,12.500000000051973,117.51171875,0.015187222002603865
1770378042.6266673,1.7857142857217103,117.51171875,0.015187222002603865
1770378043.738696,0.0,117.51171875,0.015187222002603865
1770378044.850562,0.0,117.51171875,0.015187222002603865
1770378045.963229,0.0,117.51171875,0.015187222002603865
1770378047.0771124,0.0,117.51171875,0.015187222002603865
1770378048.190002,0.0,117.51171875,0.015187222002603865
1770378049.3035088,0.0,117.51171875,0.015187222002603865
1770378050.4169292,0.0,117.51171875,0.015187222002603865
1770378051.5307035,0.0,117.51171875,0.015187222002603865
1770378052.6494195,0.0,117.51171875,0.015187222002603865
1770378053.7625444,0.0,117.51171875,0.015187222002603865
1770378054.8753138,0.0,117.51171875,0.015187222002603865
1770378055.9889693,0.0,117.51171875,0.015187222002603865
1770378057.1020308,0.0,117.51171875,0.015187222002603865
1770378058.2183492,0.0,117.51171875,0.015187222002603865
1770378059.330435,0.0,117.51171875,0.015187222002603865
1770378060.4426148,0.0,117.51171875,0.015187222002603865
1770378061.5552082,0.0,117.51171875,0.015187222002603865
1770378062.6737819,0.0,117.51171875,0.015187222002603865
1770378063.784644,0.0,117.51171875,0.015187222002603865
1770378064.894413,0.0,117.51171875,0.015187222002603865
1770378066.0038385,0.0,117.51171875,0.015187222002603865
1770378067.113642,0.0,117.51171875,0.015187222002603865
1770378068.2295046,0.0,117.51171875,0.015187222002603865
1770378069.3394494,0.0,117.51171875,0.015187222002603865
1770378070.451646,0.0,117.51171875,0.015187222002603865
1770378071.5626929,0.0,117.51171875,0.015187222002603865
1770378072.6714213,0.0,117.51171875,0.015187222002603865
1770378073.7845194,0.0,117.51171875,0.015187222002603865
1770378074.9228413,0.0,117.51171875,0.015187222002603865
1770378076.0316882,0.0,117.51171875,0.015187222002603865
1770378077.1412163,0.0,117.51171875,0.015187222002603865
1770378078.254281,0.0,117.51171875,0.015187222002603865
1770378079.363997,0.0,117.51171875,0.015187222002603865
1770378080.4743772,0.0,117.51171875,0.015187222002603865
1770378081.5863614,4.504504504561195,117.51171875,0.015187222002603865
1770378082.697388,2.7027027026658534,117.51171875,0.015187222002603865
1770378083.8095872,0.0,117.51171875,0.015187222002603865
1770378084.921143,0.0,117.51171875,0.015187222002603865
1770378086.033416,0.0,117.51171875,0.015187222002603865
1770378087.1464903,0.0,117.51171875,0.015187222002603865
1770378088.2614293,0.0,117.51171875,0.015187222002603865
1770378089.370984,0.0,117.51171875,0.015187222002603865
1770378090.480741,0.0,117.51171875,0.015187222002603865
1770378091.5916176,1.8018018018244784,117.51171875,0.015187222002603865
1770378092.7013717,1.8018018017772357,117.73828125,0.01521650295450863
1770378093.8117342,0.0,117.73828125,0.01521650295450863
1770378094.9226918,2.7027027026658534,117.73828125,0.01521650295450863
1770378096.0354302,3.6036036036489567,117.73828125,0.01521650295450863
1770378097.1503944,8.035714285747696,117.73828125,0.01521650295450863
1770378098.2602906,1.8018018017772357,117.73828125,0.01521650295450863
1770378099.3712916,0.0,117.73828125,0.01521650295450863
1770378100.4827716,0.0,117.73828125,0.01521650295450863
1770378101.5942593,0.0,117.73828125,0.01521650295450863
1770378102.7139733,0.0,117.73828125,0.01521650295450863
1770378103.8250709,0.0,117.73828125,0.01521650295450863
1770378104.937122,0.0,117.73828125,0.01521650295450863
1770378106.0531676,0.0,117.73828125,0.01521650295450863
1770378107.1648283,0.0,117.73828125,0.01521650295450863
1770378108.2752914,0.0,117.73828125,0.01521650295450863
1770378109.3871152,0.0,117.73828125,0.01521650295450863
1770378110.5004396,0.0,117.73828125,0.01521650295450863
1770378111.6125672,0.0,117.73828125,0.01521650295450863
1770378112.7241623,0.0,117.73828125,0.01521650295450863
1770378113.842168,0.0,117.73828125,0.01521650295450863
1770378114.9525902,0.0,117.73828125,0.01521650295450863
1770378116.060026,0.0,117.73828125,0.01521650295450863
1770378117.1715453,0.0,117.73828125,0.01521650295450863
1770378118.2827213,0.0,117.73828125,0.01521650295450863
1770378119.3913517,0.0,117.73828125,0.01521650295450863
1770378120.496899,0.0,117.73828125,0.01521650295450863
1770378121.6084716,0.0,117.73828125,0.01521650295450863
1770378122.7186244,0.0,117.73828125,0.01521650295450863
1770378123.826451,0.0,117.73828125,0.01521650295450863
1770378124.935607,0.0,117.73828125,0.01521650295450863
1770378126.0543468,0.0,117.73828125,0.01521650295450863
1770378127.1605651,0.0,117.73828125,0.01521650295450863
1770378128.2707536,0.0,117.73828125,0.01521650295450863
1770378129.3792825,0.0,117.73828125,0.01521650295450863
1770378130.485985,0.0,117.73828125,0.01521650295450863
1770378131.59631,0.0,117.73828125,0.01521650295450863
1770378132.7043262,0.0,117.73828125,0.01521650295450863
1770378133.8184965,0.0,117.73828125,0.01521650295450863
1770378134.9271095,0.0,117.73828125,0.01521650295450863
1770378136.0332794,0.0,117.73828125,0.01521650295450863
1770378137.1446333,0.0,117.73828125,0.01521650295450863
1770378138.2557106,0.0,117.73828125,0.01521650295450863
1770378139.372868,0.0,117.73828125,0.01521650295450863
1770378140.4844482,0.0,117.73828125,0.01521650295450863
1770378141.5943246,0.0,117.73828125,0.01521650295450863
1770378142.7004597,0.0,117.73828125,0.01521650295450863
1770378143.810216,0.0,117.73828125,0.01521650295450863
1770378144.916676,0.0,117.73828125,0.01521650295450863
1770378146.0319226,0.0,117.73828125,0.01521650295450863
1770378147.1439686,0.0,117.73828125,0.01521650295450863
1770378148.251982,0.0,117.73828125,0.01521650295450863
1770378149.366107,0.0,117.73828125,0.01521650295450863
1770378150.480172,0.0,117.73828125,0.01521650295450863
1770378151.5967488,0.0,117.73828125,0.01521650295450863
1770378152.7082906,0.0,117.73828125,0.01521650295450863
1770378153.8168893,0.0,117.73828125,0.01521650295450863
1770378154.9275856,0.0,117.73828125,0.01521650295450863
1770378156.037627,0.0,117.73828125,0.01521650295450863
1770378157.1480834,0.0,117.73828125,0.01521650295450863
1770378158.2589633,0.0,117.73828125,0.01521650295450863
1770378159.3694544,0.0,117.73828125,0.01521650295450863
1770378160.5394158,0.0,117.73828125,0.01521650295450863
1770378161.6499155,0.0,117.73828125,0.01521650295450863
1770378162.759405,0.0,117.73828125,0.01521650295450863
1770378163.864367,0.0,117.73828125,0.01521650295450863
1770378164.9766057,0.0,117.73828125,0.01521650295450863
1770378166.0847893,0.0,117.73828125,0.01521650295450863
1770378167.193399,0.0,117.73828125,0.01521650295450863
1770378168.3043249,0.0,117.73828125,0.01521650295450863
1770378169.4160137,0.0,117.73828125,0.01521650295450863
1770378170.5260186,0.0,117.73828125,0.01521650295450863
1770378171.636945,0.0,117.73828125,0.01521650295450863
1770378172.7481382,0.0,117.73828125,0.01521650295450863
1770378173.8660724,0.0,117.73828125,0.01521650295450863
1770378174.9757383,0.0,117.73828125,0.01521650295450863
1770378176.0816092,0.0,117.73828125,0.01521650295450863
1770378177.1922195,0.0,117.73828125,0.01521650295450863
1770378178.300538,0.0,117.73828125,0.01521650295450863
1770378179.4047585,0.0,117.73828125,0.01521650295450863
1770378180.51731,0.0,117.73828125,0.01521650295450863
1770378181.62722,0.0,117.73828125,0.01521650295450863
1770378182.7366521,0.0,117.73828125,0.01521650295450863
1770378183.8482704,0.0,117.73828125,0.01521650295450863
1770378184.9578426,0.0,117.73828125,0.01521650295450863
1770378186.0674868,0.0,117.73828125,0.01521650295450863
1770378187.1843064,0.0,117.73828125,0.01521650295450863
1770378188.2947364,0.0,117.73828125,0.01521650295450863
1770378189.407955,0.0,117.73828125,0.01521650295450863
1770378190.5186305,0.0,117.73828125,0.01521650295450863
1770378191.626673,0.0,117.73828125,0.01521650295450863
1770378192.7403371,0.0,117.73828125,0.01521650295450863
1770378193.8505936,0.0,117.73828125,0.01521650295450863
1770378194.9589493,0.0,117.73828125,0.01521650295450863
1770378196.0699823,0.0,117.73828125,0.01521650295450863
1770378197.177323,0.0,117.73828125,0.01521650295450863
1770378198.288942,0.0,117.73828125,0.01521650295450863
1770378199.4005988,0.0,117.73828125,0.01521650295450863
1770378200.5095224,0.0,117.73828125,0.01521650295450863
1770378201.6194885,0.0,117.73828125,0.01521650295450863
1770378202.7280126,0.0,117.73828125,0.01521650295450863
1770378203.8394756,0.0,117.73828125,0.01521650295450863
1770378204.951558,0.0,117.73828125,0.01521650295450863
1770378206.0617247,0.0,117.73828125,0.01521650295450863
1770378207.1694562,0.0,117.73828125,0.01521650295450863
1770378208.278952,0.0,117.73828125,0.01521650295450863
1770378209.3886144,0.0,117.73828125,0.01521650295450863
1770378210.496057,0.0,117.73828125,0.01521650295450863
1770378211.6067874,0.0,117.73828125,0.01521650295450863
1770378212.7222903,0.0,117.73828125,0.01521650295450863
1770378213.8323991,0.0,117.73828125,0.01521650295450863
1770378214.9422197,0.0,117.73828125,0.01521650295450863
1770378216.0507162,0.0,117.73828125,0.01521650295450863
1770378217.1610796,0.0,117.73828125,0.01521650295450863
1770378218.2716196,0.0,117.73828125,0.01521650295450863
1770378219.3798742,0.0,117.73828125,0.01521650295450863
1770378220.4898708,0.0,117.73828125,0.01521650295450863
1770378221.6005738,0.0,117.73828125,0.01521650295450863
1770378222.7046869,0.0,117.73828125,0.01521650295450863
1770378223.8230925,0.0,117.73828125,0.01521650295450863
1770378224.9334068,0.0,117.73828125,0.01521650295450863
1770378226.0438569,0.0,117.73828125,0.01521650295450863
1770378227.1525726,0.0,117.73828125,0.01521650295450863
1770378228.2594066,0.0,117.73828125,0.01521650295450863
1770378229.3700254,0.0,117.73828125,0.01521650295450863
1770378230.4800813,0.0,117.73828125,0.01521650295450863
1770378231.5900757,0.0,117.73828125,0.01521650295450863
1770378232.7023165,0.0,117.73828125,0.01521650295450863
1770378233.8118885,0.0,117.73828125,0.01521650295450863
1770378234.9209042,0.0,117.73828125,0.01521650295450863
1770378236.0321462,0.0,117.73828125,0.01521650295450863
1770378237.1420262,0.0,117.73828125,0.01521650295450863
1770378238.257036,0.0,117.73828125,0.01521650295450863
1770378239.3706408,0.0,117.73828125,0.01521650295450863
1770378240.4802847,0.0,117.73828125,0.01521650295450863
1770378241.5889285,0.0,117.73828125,0.01521650295450863
1770378242.7006032,0.0,117.73828125,0.01521650295450863
1770378243.8095968,0.0,117.73828125,0.01521650295450863
1770378244.9210975,0.0,117.73828125,0.01521650295450863
1770378246.0336714,0.0,117.73828125,0.01521650295450863
1770378247.1497717,0.0,117.73828125,0.01521650295450863
1770378248.2609963,0.0,117.73828125,0.01521650295450863
1770378249.3779438,0.0,117.73828125,0.01521650295450863
1770378250.4913979,0.0,117.73828125,0.01521650295450863
1770378251.602347,0.0,117.73828125,0.01521650295450863
1770378252.7110648,0.0,117.73828125,0.01521650295450863
1770378253.8195827,0.0,117.73828125,0.01521650295450863
1770378254.9312534,0.0,117.73828125,0.01521650295450863
1770378256.0391552,0.0,117.73828125,0.01521650295450863
1770378257.1480668,0.0,117.73828125,0.01521650295450863
1770378258.2599492,0.0,117.73828125,0.01521650295450863
1770378259.369032,0.0,117.73828125,0.01521650295450863
1770378260.484912,0.0,117.73828125,0.01521650295450863
1770378261.5970757,0.0,117.73828125,0.01521650295450863
1770378262.7070458,0.0,117.73828125,0.01521650295450863
1770378263.8169234,0.0,117.73828125,0.01521650295450863
1770378264.9283636,0.0,117.73828125,0.01521650295450863
1770378266.036128,0.0,117.73828125,0.01521650295450863
1770378267.1467197,0.0,117.73828125,0.01521650295450863
1770378268.2534308,0.0,117.73828125,0.01521650295450863
1770378269.361329,0.0,117.73828125,0.01521650295450863
1770378270.4736638,0.0,117.73828125,0.01521650295450863
1770378271.581109,0.0,117.73828125,0.01521650295450863
1770378272.6921618,0.0,117.73828125,0.01521650295450863
1770378273.801835,0.0,117.73828125,0.01521650295450863
1770378274.9122138,0.0,117.73828125,0.01521650295450863
1770378276.0236712,0.0,117.73828125,0.01521650295450863
1770378277.1343822,0.0,117.73828125,0.01521650295450863
1770378278.2470887,0.0,117.73828125,0.01521650295450863
1770378279.3587081,0.0,117.73828125,0.01521650295450863
1770378280.468962,0.0,117.73828125,0.01521650295450863
1770378281.5763826,0.0,117.73828125,0.01521650295450863
1770378282.68803,0.0,117.73828125,0.01521650295450863
1770378283.7977426,0.0,117.73828125,0.01521650295450863
1770378284.9065962,0.0,117.73828125,0.01521650295450863
1770378286.0167325,0.0,117.73828125,0.01521650295450863
1770378287.1260424,0.0,117.73828125,0.01521650295450863
1770378288.2445583,0.0,117.73828125,0.01521650295450863
1770378289.3543663,0.0,117.73828125,0.01521650295450863
1770378290.4677668,0.0,117.73828125,0.01521650295450863
1770378291.5801594,0.0,117.73828125,0.01521650295450863
1770378292.6999512,0.0,117.73828125,0.01521650295450863
1770378293.8090532,0.0,117.73828125,0.01521650295450863
1770378294.9196684,0.0,117.73828125,0.01521650295450863
1770378296.0301569,0.0,117.73828125,0.01521650295450863
1770378297.1364906,0.0,117.73828125,0.01521650295450863
1770378298.2465873,0.0,117.73828125,0.01521650295450863
1770378299.3500602,0.0,117.73828125,0.01521650295450863
1770378300.4587245,0.0,117.73828125,0.01521650295450863
1770378301.5698285,0.0,117.73828125,0.01521650295450863
1770378302.6780698,0.0,117.73828125,0.01521650295450863
1770378303.7910366,0.0,117.73828125,0.01521650295450863
1770378304.9041884,0.0,117.73828125,0.01521650295450863
1770378306.0145748,0.0,117.73828125,0.01521650295450863
1770378307.131586,0.0,117.73828125,0.01521650295450863
1770378308.2414434,0.0,117.73828125,0.01521650295450863
1770378309.3496304,0.0,117.73828125,0.01521650295450863
1770378310.460264,0.0,117.73828125,0.01521650295450863
1770378311.568933,0.0,117.73828125,0.01521650295450863
1770378312.6782374,0.0,117.73828125,0.01521650295450863
1770378313.7897868,0.0,117.73828125,0.01521650295450863
1770378314.8985536,0.0,117.73828125,0.01521650295450863
1770378316.011032,0.0,117.73828125,0.01521650295450863
1770378317.1210504,0.0,117.73828125,0.01521650295450863
1770378318.2359624,0.0,117.73828125,0.01521650295450863
1770378319.3476198,0.0,117.73828125,0.01521650295450863
1770378320.4554474,0.0,117.73828125,0.01521650295450863
1770378321.565601,0.0,117.73828125,0.01521650295450863
1770378322.6764593,0.0,117.73828125,0.01521650295450863
1770378323.7864842,0.0,117.73828125,0.01521650295450863
1770378324.8916528,0.0,117.73828125,0.01521650295450863
1770378326.0042722,0.0,117.73828125,0.01521650295450863
1770378327.1155994,0.0,117.73828125,0.01521650295450863
1770378328.2239997,0.0,117.73828125,0.01521650295450863
1770378329.3385947,0.0,117.73828125,0.01521650295450863
1770378330.4444332,0.0,117.73828125,0.01521650295450863
1770378331.5631354,0.0,117.73828125,0.01521650295450863
1770378332.6714964,0.0,117.73828125,0.01521650295450863
1770378333.7809205,0.0,117.73828125,0.01521650295450863
1770378334.8921473,0.0,117.73828125,0.01521650295450863
1770378336.001433,0.0,117.73828125,0.01521650295450863
1770378337.1110215,0.0,117.73828125,0.01521650295450863
1770378338.2229104,0.0,117.73828125,0.01521650295450863
1770378339.3325777,0.0,117.73828125,0.01521650295450863
1770378340.4419556,0.0,117.73828125,0.01521650295450863
1770378341.5569997,0.0,117.73828125,0.01521650295450863
1770378342.6639073,0.0,117.73828125,0.01521650295450863
1770378343.772891,0.0,117.73828125,0.01521650295450863
1770378344.8858223,0.0,117.73828125,0.01521650295450863
1770378345.9910653,0.0,117.73828125,0.01521650295450863
1770378347.1066585,0.0,117.73828125,0.01521650295450863
1770378348.2150729,0.0,117.73828125,0.01521650295450863
1770378349.3276231,0.0,117.73828125,0.01521650295450863
1770378350.4388998,0.0,117.73828125,0.01521650295450863
1770378351.5491936,0.0,117.73828125,0.01521650295450863
1770378352.658454,0.0,117.73828125,0.01521650295450863
1770378353.76905,0.0,117.73828125,0.01521650295450863
1770378354.8795629,0.0,117.73828125,0.01521650295450863
1770378355.9886508,0.0,117.73828125,0.01521650295450863
1770378357.0992336,0.0,117.73828125,0.01521650295450863
1770378358.2036667,0.0,117.73828125,0.01521650295450863
1770378359.3133616,0.0,117.73828125,0.01521650295450863
1770378360.42375,0.0,117.73828125,0.01521650295450863
1770378361.533702,0.0,117.73828125,0.01521650295450863
1770378362.6447096,0.0,117.73828125,0.01521650295450863
1770378363.7541466,0.0,117.73828125,0.01521650295450863
1770378364.8628728,0.0,117.73828125,0.01521650295450863
1770378365.9747674,0.0,117.73828125,0.01521650295450863
1770378367.0874887,0.0,117.73828125,0.01521650295450863
1770378368.195286,0.0,117.73828125,0.01521650295450863
1770378369.3100655,0.0,117.73828125,0.01521650295450863
1770378370.4192972,0.0,117.73828125,0.01521650295450863
1770378371.5265968,0.0,117.73828125,0.01521650295450863
1770378372.637353,0.0,117.73828125,0.01521650295450863
1770378373.7464619,0.0,117.73828125,0.01521650295450863
1770378374.862204,0.0,117.73828125,0.01521650295450863
1770378375.970825,0.0,117.73828125,0.01521650295450863
1770378377.0779605,0.0,117.73828125,0.01521650295450863
1770378378.1913042,0.0,117.73828125,0.01521650295450863
1770378379.3004456,0.0,117.73828125,0.01521650295450863
1770378380.4117424,0.0,117.73828125,0.01521650295450863
1770378381.5232074,0.0,117.73828125,0.01521650295450863
1770378382.6326408,0.0,117.73828125,0.01521650295450863
1770378383.73643,0.0,117.73828125,0.01521650295450863
1770378384.8466825,0.0,117.73828125,0.01521650295450863
1770378385.9522402,0.0,117.73828125,0.01521650295450863
1770378387.061539,0.0,117.73828125,0.01521650295450863
1770378388.170914,0.0,117.73828125,0.01521650295450863
1770378389.2815766,0.0,117.73828125,0.01521650295450863
1770378390.3999608,0.0,117.73828125,0.01521650295450863
1770378391.5122547,0.0,117.73828125,0.01521650295450863
1770378392.6285503,0.0,117.73828125,0.01521650295450863
1770378393.7403042,0.0,117.73828125,0.01521650295450863
1770378394.850325,0.0,117.73828125,0.01521650295450863
1770378395.956582,0.0,117.73828125,0.01521650295450863
1770378397.0663323,0.0,117.73828125,0.01521650295450863
1770378398.1753047,0.0,117.73828125,0.01521650295450863
1770378399.285721,0.0,117.73828125,0.01521650295450863
1770378400.3992357,0.0,117.73828125,0.01521650295450863
1770378401.505224,0.0,117.73828125,0.01521650295450863
1770378402.6227074,0.0,117.73828125,0.01521650295450863
1770378403.7313387,0.0,117.73828125,0.01521650295450863
1770378404.8401563,0.0,117.73828125,0.01521650295450863
1770378405.9534247,0.0,117.73828125,0.01521650295450863
1770378407.0622497,0.0,117.73828125,0.01521650295450863
1770378408.1725748,0.0,117.73828125,0.01521650295450863
1770378409.2820346,0.0,117.73828125,0.01521650295450863
1770378410.3967783,0.0,117.73828125,0.01521650295450863
1770378411.5044336,0.0,117.73828125,0.01521650295450863
1770378412.6143656,0.0,117.73828125,0.01521650295450863
1770378413.7184289,0.0,117.73828125,0.01521650295450863
1770378414.8238554,0.0,117.73828125,0.01521650295450863
1770378415.9353309,0.0,117.73828125,0.01521650295450863
1770378417.039901,0.0,117.73828125,0.01521650295450863
1770378418.1541605,0.0,117.73828125,0.01521650295450863
1770378419.2670426,0.0,117.73828125,0.01521650295450863
1770378420.375189,0.0,117.73828125,0.01521650295450863
1770378421.4900622,0.0,117.73828125,0.01521650295450863
1770378422.5992014,0.0,117.73828125,0.01521650295450863
1770378423.7083983,0.0,117.73828125,0.01521650295450863
1770378424.8182151,0.0,117.73828125,0.01521650295450863
1770378425.9272387,0.0,117.73828125,0.01521650295450863
1770378427.0353823,0.0,117.73828125,0.01521650295450863
1770378428.1449776,0.0,117.73828125,0.01521650295450863
1770378429.2525592,0.0,117.73828125,0.01521650295450863
1770378430.361476,0.0,117.73828125,0.01521650295450863
1770378431.473058,0.0,117.73828125,0.01521650295450863
1770378432.585182,0.0,117.73828125,0.01521650295450863
1770378433.7009287,0.0,117.73828125,0.01521650295450863
1770378434.8093007,0.0,117.73828125,0.01521650295450863
1770378435.9192054,0.0,117.73828125,0.01521650295450863
1770378437.0292,0.0,117.73828125,0.01521650295450863
1770378438.1432865,3.6036036035544714,117.9140625,0.01523922093443474
1770378439.2566261,17.117117117332544,117.9140625,0.01523922093443474
1770378440.3712764,8.035714285747696,117.9140625,0.01523922093443474
1770378441.486371,11.711711711552033,117.9140625,0.01523922093443474
1770378442.5984385,11.607142857191116,118.0703125,0.01525941469436906
1770378443.7145433,7.207207207297913,118.0703125,0.01525941469436906
1770378444.827766,8.035714285538884,118.0703125,0.01525941469436906
1770378445.9472036,0.0,118.0703125,0.01525941469436906
1770378447.0578463,0.0,118.0703125,0.01525941469436906
1770378448.17146,0.0,118.0703125,0.01525941469436906
1770378449.2842693,0.0,118.0703125,0.01525941469436906
1770378450.398562,0.0,118.0703125,0.01525941469436906
1770378451.5135093,3.6036036035544714,118.0703125,0.01525941469436906
1770378452.6257045,0.0,118.0703125,0.01525941469436906
1770378453.7386286,0.0,118.0703125,0.01525941469436906
1770378454.8530777,0.0,118.0703125,0.01525941469436906
1770378455.9656317,0.0,118.0703125,0.01525941469436906
1770378457.0777688,0.0,118.0703125,0.01525941469436906
1770378458.190929,0.0,118.0703125,0.01525941469436906
1770378459.406093,0.0,118.0703125,0.01525941469436906
1770378460.518456,0.0,118.0703125,0.01525941469436906
1770378461.63562,0.0,118.0703125,0.01525941469436906
1770378462.7476056,0.0,118.0703125,0.01525941469436906
1770378463.8599248,0.0,118.0703125,0.01525941469436906
1770378464.9728544,0.0,118.0703125,0.01525941469436906
1770378466.0845144,0.0,118.0703125,0.01525941469436906
1770378467.194357,0.0,118.0703125,0.01525941469436906
1770378468.3056633,0.0,118.0703125,0.01525941469436906
1770378469.4161685,0.0,118.0703125,0.01525941469436906
1770378470.53399,0.0,118.0703125,0.01525941469436906
1770378471.6424994,0.0,118.0703125,0.01525941469436906
1770378472.7543952,0.0,118.0703125,0.01525941469436906
1770378473.8673825,0.0,118.0703125,0.01525941469436906
1770378474.9762414,0.0,118.0703125,0.01525941469436906
1770378476.0900834,0.0,118.0703125,0.01525941469436906
1770378477.1993854,0.0,118.0703125,0.01525941469436906
1770378478.3079574,0.0,118.0703125,0.01525941469436906
1770378479.4965289,0.0,118.0703125,0.01525941469436906
1770378480.606674,0.0,118.0703125,0.01525941469436906
1770378481.7180653,0.0,118.0703125,0.01525941469436906
1770378482.827887,0.0,118.0703125,0.01525941469436906
1770378483.937383,0.0,118.0703125,0.01525941469436906
1770378485.0500839,0.0,118.0703125,0.01525941469436906
1770378486.160292,0.0,118.0703125,0.01525941469436906
1770378487.2790437,0.0,118.0703125,0.01525941469436906
1770378488.3882034,0.0,118.0703125,0.01525941469436906
1770378489.5455685,0.0,118.0703125,0.01525941469436906
1770378490.654046,0.0,118.0703125,0.01525941469436906
1770378491.763294,0.0,118.0703125,0.01525941469436906
1770378492.8721077,0.0,118.0703125,0.01525941469436906
1770378493.9808788,2.7027027026658534,118.0703125,0.01525941469436906
1770378495.0965788,1.8018018018244784,118.0703125,0.01525941469436906
1770378496.2061021,2.678571428582565,118.0703125,0.01525941469436906
1770378497.3182573,0.9009009008886179,118.0703125,0.01525941469436906
1770378498.4341729,0.0,118.0703125,0.01525941469436906
1770378499.6457503,0.8196721311467589,118.0703125,0.01525941469436906
1770378500.758073,5.405405405331707,118.0703125,0.01525941469436906
1770378501.868211,6.306306306385674,118.203125,0.01527657939031323
1770378502.9779425,2.7027027026658534,118.203125,0.01527657939031323
1770378504.087367,4.504504504561195,118.203125,0.01527657939031323
1770378505.1979582,0.0,118.203125,0.01527657939031323
1770378506.3103323,0.0,118.203125,0.01527657939031323
1770378507.4244366,0.0,118.203125,0.01527657939031323
1770378508.5414414,0.0,118.203125,0.01527657939031323
1770378509.652635,0.0,118.203125,0.01527657939031323
1770378510.7638867,0.0,118.203125,0.01527657939031323
1770378511.873621,0.0,118.203125,0.01527657939031323
1770378512.984229,0.0,118.203125,0.01527657939031323
1770378514.0954096,0.0,118.203125,0.01527657939031323
1770378515.206346,0.0,118.203125,0.01527657939031323
1770378516.3169532,0.0,118.203125,0.01527657939031323
1770378517.4271321,0.0,118.203125,0.01527657939031323
1770378518.5361822,0.0,118.203125,0.01527657939031323
1770378519.7489626,0.0,118.203125,0.01527657939031323
1770378520.8620489,0.0,118.203125,0.01527657939031323
1770378521.9648476,0.0,118.203125,0.01527657939031323
1770378523.0727253,0.0,118.203125,0.01527657939031323
1770378524.1798167,0.0,118.203125,0.01527657939031323
1770378525.4370246,0.0,118.203125,0.01527657939031323
1770378526.5464368,0.0,118.203125,0.01527657939031323
1770378527.653263,0.0,118.203125,0.01527657939031323
1770378528.7655032,0.0,118.203125,0.01527657939031323
1770378529.873922,0.0,118.203125,0.01527657939031323
1770378530.9841528,0.0,118.203125,0.01527657939031323
1770378532.0939906,0.0,118.203125,0.01527657939031323
1770378533.20358,0.0,118.203125,0.01527657939031323
1770378534.3122804,0.0,118.203125,0.01527657939031323
1770378535.4224877,0.0,118.203125,0.01527657939031323
1770378536.5351188,0.0,118.203125,0.01527657939031323
1770378537.6413426,0.0,118.203125,0.01527657939031323
1770378538.7518845,0.0,118.203125,0.01527657939031323
1770378539.8592958,0.0,118.203125,0.01527657939031323
1770378540.9665415,0.0,118.203125,0.01527657939031323
1770378542.075279,0.0,118.203125,0.01527657939031323
1770378543.1813726,0.0,118.203125,0.01527657939031323
1770378544.2935562,0.0,118.203125,0.01527657939031323
1770378545.4016328,0.0,118.203125,0.01527657939031323
1770378546.5092695,0.0,118.203125,0.01527657939031323
1770378547.6184208,0.0,118.203125,0.01527657939031323
1770378548.7257397,0.0,118.203125,0.01527657939031323
1770378549.8353322,0.0,118.203125,0.01527657939031323
1770378550.9473999,0.0,118.203125,0.01527657939031323
1770378552.056309,0.0,118.203125,0.01527657939031323
1770378553.1668568,0.0,118.203125,0.01527657939031323
1770378554.2751021,0.0,118.203125,0.01527657939031323
1770378555.4904082,0.0,118.203125,0.01527657939031323
1770378556.6029155,0.0,118.203125,0.01527657939031323
1770378557.7110255,0.0,118.203125,0.01527657939031323
1770378558.8193803,0.0,118.203125,0.01527657939031323
1770378559.9299736,0.0,118.203125,0.01527657939031323
1770378561.0367537,0.0,118.203125,0.01527657939031323
1770378562.1468425,0.0,118.203125,0.01527657939031323
1770378563.2566705,0.0,118.203125,0.01527657939031323
1770378564.3651369,0.0,118.203125,0.01527657939031323
1770378565.6267655,0.0,118.203125,0.01527657939031323
1770378566.7344563,0.0,118.203125,0.01527657939031323
1770378567.8410347,0.0,118.203125,0.01527657939031323
1770378568.9510028,0.0,118.203125,0.01527657939031323
1770378570.0604455,0.0,118.203125,0.01527657939031323
1770378571.163105,0.0,118.203125,0.01527657939031323
1770378572.2747989,0.0,118.203125,0.01527657939031323
1770378573.3826303,0.0,118.203125,0.01527657939031323
1770378574.4914732,0.0,118.203125,0.01527657939031323
1770378575.600574,0.0,118.203125,0.01527657939031323
1770378576.7083318,0.0,118.203125,0.01527657939031323
1770378577.8160715,0.0,118.203125,0.01527657939031323
1770378578.9237585,0.0,118.203125,0.01527657939031323
1770378580.0355718,0.0,118.203125,0.01527657939031323
1770378581.148614,0.0,118.203125,0.01527657939031323
1770378582.2688224,0.0,118.203125,0.01527657939031323
1770378583.3744075,0.0,118.203125,0.01527657939031323
1770378584.4836876,0.0,118.203125,0.01527657939031323
1770378585.5921185,0.0,118.203125,0.01527657939031323
1770378586.699494,0.0,118.203125,0.01527657939031323
1770378587.8103566,0.0,118.203125,0.01527657939031323
1770378588.9167655,0.0,118.203125,0.01527657939031323
1770378590.023788,0.0,118.203125,0.01527657939031323
1770378591.132649,0.0,118.203125,0.01527657939031323
1770378592.235893,0.0,118.203125,0.01527657939031323
1770378593.3451467,0.0,118.203125,0.01527657939031323
1770378594.4557335,0.0,118.203125,0.01527657939031323
1770378595.5631056,0.0,118.203125,0.01527657939031323
1770378596.6754422,0.0,118.203125,0.01527657939031323
1770378597.7882123,0.0,118.203125,0.01527657939031323
1770378598.8943782,0.0,118.203125,0.01527657939031323
1770378600.0035322,0.0,118.203125,0.01527657939031323
1770378601.1129751,0.0,118.203125,0.01527657939031323
1770378602.2179897,0.0,118.203125,0.01527657939031323
1770378603.330276,0.0,118.203125,0.01527657939031323
1770378604.4362712,0.0,118.203125,0.01527657939031323
1770378605.5452218,0.0,118.203125,0.01527657939031323
1770378606.660064,0.0,118.203125,0.01527657939031323
1770378607.766195,0.0,118.203125,0.01527657939031323
1770378608.8799725,0.0,118.203125,0.01527657939031323
1770378609.9915338,0.0,118.203125,0.01527657939031323
1770378611.1007483,0.0,118.203125,0.01527657939031323
1770378612.2185402,0.0,118.203125,0.01527657939031323
1770378613.3277884,0.0,118.203125,0.01527657939031323
1770378614.434742,0.0,118.203125,0.01527657939031323
1770378615.5431163,0.0,118.203125,0.01527657939031323
1770378616.650205,0.0,118.203125,0.01527657939031323
1770378617.7585614,0.0,118.203125,0.01527657939031323
1770378618.8721006,0.0,118.203125,0.01527657939031323
1770378619.9781382,0.0,118.203125,0.01527657939031323
1770378621.0903046,0.0,118.203125,0.01527657939031323
1770378622.1990361,0.0,118.203125,0.01527657939031323
1770378623.3074863,0.0,118.203125,0.01527657939031323
1770378624.423394,0.0,118.203125,0.01527657939031323
1770378625.5309143,0.0,118.203125,0.01527657939031323
1770378626.6412766,0.0,118.203125,0.01527657939031323
1770378627.751185,0.0,118.203125,0.01527657939031323
1770378628.8607528,0.0,118.203125,0.01527657939031323
1770378629.9648206,0.0,118.203125,0.01527657939031323
1770378631.0740638,0.0,118.203125,0.01527657939031323
1770378632.181608,0.0,118.203125,0.01527657939031323
1770378633.2861652,0.0,118.203125,0.01527657939031323
1770378634.3971388,0.0,118.203125,0.01527657939031323
1770378635.506064,0.0,118.203125,0.01527657939031323
1770378636.6143446,0.0,118.203125,0.01527657939031323
1770378637.7249718,0.0,118.203125,0.01527657939031323
1770378638.833652,0.0,118.203125,0.01527657939031323
1770378639.9443653,0.0,118.203125,0.01527657939031323
1770378641.0534756,0.0,118.203125,0.01527657939031323
1770378642.1596293,0.0,118.203125,0.01527657939031323
1770378643.2694416,0.0,118.203125,0.01527657939031323
1770378644.3785667,0.0,118.203125,0.01527657939031323
1770378645.4839685,0.0,118.203125,0.01527657939031323
1770378646.5967445,0.0,118.203125,0.01527657939031323
1770378647.7028246,0.0,118.203125,0.01527657939031323
1770378648.8107648,0.0,118.203125,0.01527657939031323
1770378649.9227288,0.0,118.203125,0.01527657939031323
1770378651.0264993,0.0,118.203125,0.01527657939031323
1770378652.144567,0.0,118.203125,0.01527657939031323
1770378653.2534952,0.0,118.203125,0.01527657939031323
1770378654.3619318,0.0,118.203125,0.01527657939031323
1770378655.4722545,0.0,118.203125,0.01527657939031323
1770378656.5813503,0.0,118.203125,0.01527657939031323
1770378657.6886208,0.0,118.203125,0.01527657939031323
1770378658.7974072,0.0,118.203125,0.01527657939031323
1770378659.909301,0.0,118.203125,0.01527657939031323
1770378661.018084,0.0,118.203125,0.01527657939031323
1770378662.127505,0.0,118.203125,0.01527657939031323
1770378663.2340937,0.0,118.203125,0.01527657939031323
1770378664.3468997,0.0,118.203125,0.01527657939031323
1770378665.4557853,0.0,118.203125,0.01527657939031323
1770378666.563761,0.0,118.203125,0.01527657939031323
1770378667.6745963,0.0,118.203125,0.01527657939031323
1770378668.7841196,0.0,118.203125,0.01527657939031323
1770378669.8929453,0.0,118.203125,0.01527657939031323
1770378671.002555,0.0,118.203125,0.01527657939031323
1770378672.1121776,0.0,118.203125,0.01527657939031323
1770378673.2187676,0.0,118.203125,0.01527657939031323
1770378674.3261638,0.0,118.203125,0.01527657939031323
1770378675.435838,0.0,118.203125,0.01527657939031323
1770378676.5393887,0.0,118.203125,0.01527657939031323
1770378677.6520574,0.0,118.203125,0.01527657939031323
1770378678.7581882,0.0,118.203125,0.01527657939031323
1770378679.875847,0.0,118.203125,0.01527657939031323
1770378680.9839494,0.0,118.203125,0.01527657939031323
1770378682.0917585,0.0,118.203125,0.01527657939031323
1770378683.2039406,0.0,118.203125,0.01527657939031323
1770378684.3097992,0.0,118.203125,0.01527657939031323
1770378685.4194252,0.0,118.203125,0.01527657939031323
1770378686.530521,0.0,118.203125,0.01527657939031323
1770378687.639563,0.0,118.203125,0.01527657939031323
1770378688.7475538,0.0,118.203125,0.01527657939031323
1770378689.8610182,0.0,118.203125,0.01527657939031323
1770378690.9660199,0.0,118.203125,0.01527657939031323
1770378692.0734642,0.0,118.203125,0.01527657939031323
1770378693.1838968,0.0,118.203125,0.01527657939031323
1770378694.291052,0.0,118.203125,0.01527657939031323
1770378695.4066749,0.0,118.203125,0.01527657939031323
1770378696.5141268,0.0,118.203125,0.01527657939031323
1770378697.6216655,0.0,118.203125,0.01527657939031323
1770378698.7319665,0.0,118.203125,0.01527657939031323
1770378699.840404,0.0,118.203125,0.01527657939031323
1770378700.9503322,0.0,118.203125,0.01527657939031323
1770378702.0598545,0.0,118.203125,0.01527657939031323
1770378703.1694405,0.0,118.203125,0.01527657939031323
1770378704.2784286,0.0,118.203125,0.01527657939031323
1770378705.3880315,0.0,118.203125,0.01527657939031323
1770378706.4982908,0.0,118.203125,0.01527657939031323
1770378707.6081321,0.0,118.203125,0.01527657939031323
1770378708.7178442,0.0,118.203125,0.01527657939031323
1770378709.8211646,0.0,118.203125,0.01527657939031323
1770378710.9349668,0.0,118.203125,0.01527657939031323
1770378712.0454874,0.0,118.203125,0.01527657939031323
1770378713.1544058,0.0,118.203125,0.01527657939031323
1770378714.2651377,0.0,118.203125,0.01527657939031323
1770378715.3763123,0.0,118.203125,0.01527657939031323
1770378716.483131,0.0,118.203125,0.01527657939031323
1770378717.5924394,0.0,118.203125,0.01527657939031323
1770378718.7081902,0.0,118.203125,0.01527657939031323
1770378719.8127494,0.0,118.203125,0.01527657939031323
1770378720.9254062,0.0,118.203125,0.01527657939031323
1770378722.0333433,0.0,118.203125,0.01527657939031323
1770378723.1420698,0.0,118.203125,0.01527657939031323
1770378724.2517035,0.0,118.203125,0.01527657939031323
1770378725.3598974,0.0,118.203125,0.01527657939031323
1770378726.4733694,0.0,118.203125,0.01527657939031323
1770378727.5807848,0.0,118.203125,0.01527657939031323
1770378728.6942637,0.0,118.203125,0.01527657939031323
1770378729.8053045,0.0,118.203125,0.01527657939031323
1770378730.9145763,0.0,118.203125,0.01527657939031323
1770378732.0214765,0.0,118.203125,0.01527657939031323
1770378733.1384277,0.0,118.203125,0.01527657939031323
1770378734.245888,0.0,118.203125,0.01527657939031323
1770378735.351728,0.0,118.203125,0.01527657939031323
1770378736.4628305,0.0,118.203125,0.01527657939031323
1770378737.5702736,0.0,118.203125,0.01527657939031323
1770378738.6783135,0.0,118.203125,0.01527657939031323
1770378739.7886398,0.0,118.203125,0.01527657939031323
1770378740.8977528,0.0,118.203125,0.01527657939031323
1770378742.0081458,0.0,118.203125,0.01527657939031323
1770378743.1177213,0.0,118.203125,0.01527657939031323
1770378744.2312856,0.0,118.203125,0.01527657939031323
1770378745.342398,0.0,118.203125,0.01527657939031323
1770378746.4534347,0.0,118.203125,0.01527657939031323
1770378747.5618615,0.0,118.203125,0.01527657939031323
1770378748.6713083,0.0,118.203125,0.01527657939031323
1770378749.7803109,0.0,118.203125,0.01527657939031323
1770378750.888508,0.0,118.203125,0.01527657939031323
1770378752.0001042,0.0,118.203125,0.01527657939031323
1770378753.1049237,0.0,118.203125,0.01527657939031323
1770378754.2160008,0.0,118.203125,0.01527657939031323
1770378755.328202,0.0,118.203125,0.01527657939031323
1770378756.4368117,0.0,118.203125,0.01527657939031323
1770378757.5483723,0.0,118.203125,0.01527657939031323
1770378758.6576488,0.0,118.203125,0.01527657939031323
1770378759.7634735,0.0,118.203125,0.01527657939031323
1770378760.8835294,0.0,118.203125,0.01527657939031323
1770378761.993761,0.0,118.203125,0.01527657939031323
1770378763.1006713,0.0,118.203125,0.01527657939031323
1770378764.2107327,0.0,118.203125,0.01527657939031323
1770378765.3164926,0.0,118.203125,0.01527657939031323
1770378766.4246695,0.0,118.203125,0.01527657939031323
1770378767.5339704,0.0,118.203125,0.01527657939031323
1770378768.6400843,0.0,118.203125,0.01527657939031323
1770378769.7555296,0.0,118.203125,0.01527657939031323
1770378770.8642776,0.0,118.203125,0.01527657939031323
1770378771.9744022,0.0,118.203125,0.01527657939031323
1770378773.0888815,0.0,118.203125,0.01527657939031323
1770378774.1980293,0.0,118.203125,0.01527657939031323
1770378775.3037066,0.0,118.203125,0.01527657939031323
1770378776.4137607,0.0,118.203125,0.01527657939031323
1770378777.5239892,0.0,118.203125,0.01527657939031323
1770378778.628624,0.0,118.203125,0.01527657939031323
1770378779.739019,0.0,118.203125,0.01527657939031323
1770378780.8503532,0.0,118.203125,0.01527657939031323
1770378781.961382,0.0,118.203125,0.01527657939031323
1770378783.0700068,0.0,118.203125,0.01527657939031323
1770378784.178671,0.0,118.203125,0.01527657939031323
1770378785.2885265,0.0,118.203125,0.01527657939031323
1770378786.399311,0.0,118.203125,0.01527657939031323
1770378787.5091925,0.0,118.203125,0.01527657939031323
1770378788.619971,0.0,118.203125,0.01527657939031323
1770378789.7294016,0.0,118.203125,0.01527657939031323
1770378790.8369114,0.0,118.203125,0.01527657939031323
1770378791.9497178,0.0,118.203125,0.01527657939031323
1770378793.058302,0.0,118.203125,0.01527657939031323
1770378794.1639373,0.0,118.203125,0.01527657939031323
1770378795.2758062,0.0,118.203125,0.01527657939031323
1770378796.3801177,0.0,118.203125,0.01527657939031323
1770378797.494175,0.0,118.203125,0.01527657939031323
1770378798.6062016,0.0,118.203125,0.01527657939031323
1770378799.7148116,0.0,118.203125,0.01527657939031323
1770378800.827507,0.0,118.203125,0.01527657939031323
1770378801.9348812,0.0,118.203125,0.01527657939031323
1770378803.046016,0.0,118.203125,0.01527657939031323
1770378804.1573863,0.0,118.203125,0.01527657939031323
1770378805.2667449,0.0,118.203125,0.01527657939031323
1770378806.3735628,0.0,118.203125,0.01527657939031323
1770378807.483799,0.0,118.203125,0.01527657939031323
1770378808.5958223,0.0,118.203125,0.01527657939031323
1770378809.7061462,0.0,118.203125,0.01527657939031323
1770378810.8154333,0.0,118.203125,0.01527657939031323
1770378811.9234593,0.0,118.203125,0.01527657939031323
1770378813.040392,0.0,118.203125,0.01527657939031323
1770378814.1495714,0.0,118.203125,0.01527657939031323
1770378815.258814,0.0,118.203125,0.01527657939031323
1770378816.3683946,0.0,118.203125,0.01527657939031323
1770378817.4780376,0.0,118.203125,0.01527657939031323
1770378818.5828762,0.0,118.203125,0.01527657939031323
1770378819.6920605,0.0,118.203125,0.01527657939031323
1770378820.805068,0.0,118.203125,0.01527657939031323
1770378821.9100077,0.0,118.203125,0.01527657939031323
1770378823.0210667,0.0,118.203125,0.01527657939031323
1770378824.1296687,0.0,118.203125,0.01527657939031323
1770378825.2384942,0.0,118.203125,0.01527657939031323
1770378826.3471203,0.0,118.203125,0.01527657939031323
1770378827.449573,0.0,118.203125,0.01527657939031323
1770378828.5630546,0.0,118.203125,0.01527657939031323
1770378829.6704853,0.0,118.203125,0.01527657939031323
1770378830.778656,0.0,118.203125,0.01527657939031323
1770378831.8881054,0.0,118.203125,0.01527657939031323
1770378832.9973922,0.0,118.203125,0.01527657939031323
1770378834.1037662,0.0,118.203125,0.01527657939031323
1770378835.2152421,0.0,118.203125,0.01527657939031323
1770378836.3229687,0.0,118.203125,0.01527657939031323
1770378837.4299705,0.0,118.203125,0.01527657939031323
1770378838.5412076,0.0,118.203125,0.01527657939031323
1770378839.6455793,0.0,118.203125,0.01527657939031323
1770378840.761462,0.0,118.203125,0.01527657939031323
1770378841.8712718,0.0,118.203125,0.01527657939031323
1770378842.9788928,0.0,118.203125,0.01527657939031323
1770378844.0891802,0.0,118.203125,0.01527657939031323
1770378845.2071757,0.9009009008886179,118.203125,0.01527657939031323
1770378846.325555,16.071428571495392,118.30859375,0.015290210178268898
1770378847.4484553,8.928571428608551,118.30859375,0.015290210178268898
1770378848.563602,11.607142857191116,118.30859375,0.015290210178268898
1770378849.6786966,11.607142857191116,118.30859375,0.015290210178268898
1770378850.7937562,6.306306306220326,118.30859375,0.015290210178268898
1770378851.90963,12.500000000051973,118.30859375,0.015290210178268898
1770378853.0264916,9.909909910034632,118.30859375,0.015290210178268898
1770378854.1368744,0.8928571428376537,118.30859375,0.015290210178268898
1770378855.2491016,0.0,118.30859375,0.015290210178268898
1770378856.3626409,0.0,118.30859375,0.015290210178268898
1770378857.4768693,0.0,118.30859375,0.015290210178268898
1770378858.5885508,0.0,118.30859375,0.015290210178268898
1770378859.7003958,0.0,118.30859375,0.015290210178268898
1770378860.8131874,0.0,118.30859375,0.015290210178268898
1770378861.9263973,0.0,118.30859375,0.015290210178268898
1770378863.039598,0.0,118.30859375,0.015290210178268898
1770378864.1541877,0.0,118.30859375,0.015290210178268898
1770378865.2674387,0.0,118.30859375,0.015290210178268898
1770378866.3804274,0.0,118.30859375,0.015290210178268898
1770378867.4940884,0.0,118.30859375,0.015290210178268898
1770378868.6117222,0.0,118.30859375,0.015290210178268898
1770378869.724199,0.0,118.30859375,0.015290210178268898
1770378870.8379433,0.0,118.30859375,0.015290210178268898
1770378871.9513202,0.0,118.30859375,0.015290210178268898
1770378873.0643606,0.0,118.30859375,0.015290210178268898
1770378874.1773813,0.0,118.30859375,0.015290210178268898
1770378875.2953613,0.0,118.30859375,0.015290210178268898
1770378876.405672,0.0,118.30859375,0.015290210178268898
1770378877.5185432,0.0,118.30859375,0.015290210178268898
1770378878.6295223,0.0,118.30859375,0.015290210178268898
1770378879.7390714,0.0,118.30859375,0.015290210178268898
1770378880.853847,0.0,118.30859375,0.015290210178268898
1770378881.9657285,0.0,118.30859375,0.015290210178268898
1770378883.07567,0.0,118.30859375,0.015290210178268898
1770378884.1876285,0.0,118.30859375,0.015290210178268898
1770378885.3012977,0.0,118.30859375,0.015290210178268898
1770378886.4128678,0.0,118.30859375,0.015290210178268898
1770378887.5238354,0.0,118.30859375,0.015290210178268898
1770378888.6357944,0.0,118.30859375,0.015290210178268898
1770378889.753264,0.0,118.30859375,0.015290210178268898
1770378890.864771,0.0,118.30859375,0.015290210178268898
1770378891.9777496,0.0,118.30859375,0.015290210178268898
1770378893.0968907,0.0,118.30859375,0.015290210178268898
1770378894.2068055,0.0,118.30859375,0.015290210178268898
1770378895.316509,0.0,118.30859375,0.015290210178268898
1770378896.428519,0.0,118.30859375,0.015290210178268898
1770378897.5423844,1.8018018017772357,118.4765625,0.01531191847019829
1770378898.652292,4.504504504561195,118.4765625,0.01531191847019829
1770378899.7631512,0.0,118.4765625,0.01531191847019829
1770378900.8801858,0.0,118.4765625,0.01531191847019829
1770378901.991438,0.0,118.4765625,0.01531191847019829
1770378903.1077225,0.0,118.4765625,0.01531191847019829
1770378904.2185454,0.0,118.4765625,0.01531191847019829
1770378905.3276467,0.0,118.4765625,0.01531191847019829
1770378906.439479,1.8018018018244784,118.4765625,0.01531191847019829
1770378907.557365,3.6036036036489567,118.4765625,0.01531191847019829
1770378908.6706634,7.14285714270123,118.4765625,0.01531191847019829
1770378909.7857187,3.6036036036489567,118.4765625,0.01531191847019829
1770378910.8967385,2.678571428582565,118.4765625,0.01531191847019829
1770378912.0110111,2.7027027026658534,118.4765625,0.01531191847019829
1770378913.122842,0.0,118.4765625,0.01531191847019829
1770378914.233685,0.0,118.4765625,0.01531191847019829
1770378915.3515925,0.0,118.4765625,0.01531191847019829
1770378916.462759,0.0,118.4765625,0.01531191847019829
1770378917.580205,0.0,118.4765625,0.01531191847019829
1770378918.6924264,0.0,118.4765625,0.01531191847019829
1770378919.8078969,0.0,118.4765625,0.01531191847019829
1770378920.9190347,0.0,118.4765625,0.01531191847019829
1770378922.031299,0.0,118.4765625,0.01531191847019829
1770378923.1449697,0.0,118.4765625,0.01531191847019829
1770378924.2580311,0.0,118.4765625,0.01531191847019829
1770378925.3689578,0.0,118.4765625,0.01531191847019829
1770378926.4810596,0.0,118.4765625,0.01531191847019829
1770378927.5916169,0.0,118.4765625,0.01531191847019829
1770378928.704475,0.0,118.4765625,0.01531191847019829
1770378929.8147655,0.0,118.4765625,0.01531191847019829
1770378930.9261122,0.0,118.4765625,0.01531191847019829
1770378932.036129,0.0,118.4765625,0.01531191847019829
1770378933.1567574,0.0,118.4765625,0.01531191847019829
1770378934.2677479,0.0,118.4765625,0.01531191847019829
1770378935.3779979,0.0,118.4765625,0.01531191847019829
1770378936.488145,0.0,118.4765625,0.01531191847019829
1770378937.6018155,0.0,118.4765625,0.01531191847019829
1770378938.711298,0.0,118.4765625,0.01531191847019829
1770378939.83044,0.0,118.4765625,0.01531191847019829
1770378940.9479666,0.0,118.4765625,0.01531191847019829
1770378942.058171,0.0,118.4765625,0.01531191847019829
1770378943.1740592,0.0,118.4765625,0.01531191847019829
1770378944.2839582,0.0,118.4765625,0.01531191847019829
1770378945.3930821,0.0,118.4765625,0.01531191847019829
1770378946.5051575,0.0,118.4765625,0.01531191847019829
1770378947.6146688,0.0,118.4765625,0.01531191847019829
1770378948.7231932,0.0,118.4765625,0.01531191847019829
1770378949.8336825,0.0,118.4765625,0.01531191847019829
1770378950.9437037,0.0,118.4765625,0.01531191847019829
1770378952.058828,0.0,118.4765625,0.01531191847019829
1770378953.1946745,0.0,118.4765625,0.01531191847019829
1770378954.3105388,0.0,118.4765625,0.01531191847019829
1770378955.4235728,0.0,118.4765625,0.01531191847019829
1770378956.5330784,0.0,118.4765625,0.01531191847019829
1770378957.6427178,0.0,118.4765625,0.01531191847019829
1770378958.751982,0.0,118.4765625,0.01531191847019829
1770378959.8637676,0.0,118.4765625,0.01531191847019829
1770378960.9735966,0.0,118.4765625,0.01531191847019829
1770378962.0841124,0.0,118.4765625,0.01531191847019829
1770378963.2491705,0.0,118.4765625,0.01531191847019829
1770378964.36665,0.0,118.4765625,0.01531191847019829
1770378965.4808455,0.0,118.4765625,0.01531191847019829
1770378966.5970762,0.0,118.4765625,0.01531191847019829
1770378967.7088873,0.0,118.4765625,0.01531191847019829
1770378968.825098,0.0,118.4765625,0.01531191847019829
1770378969.93547,0.0,118.4765625,0.01531191847019829
1770378971.047866,0.0,118.4765625,0.01531191847019829
1770378972.1568596,0.0,118.4765625,0.01531191847019829
1770378973.3142385,0.0,118.4765625,0.01531191847019829
1770378974.4234233,0.0,118.4765625,0.01531191847019829
1770378975.5302892,0.0,118.4765625,0.01531191847019829
1770378976.6479137,0.0,118.4765625,0.01531191847019829
1770378977.758263,0.0,118.4765625,0.01531191847019829
1770378978.8674033,0.0,118.4765625,0.01531191847019829
1770378979.979828,0.0,118.4765625,0.01531191847019829
1770378981.0963826,0.0,118.4765625,0.01531191847019829
1770378982.2062562,0.0,118.4765625,0.01531191847019829
1770378983.318069,0.0,118.4765625,0.01531191847019829
1770378984.4285238,0.0,118.4765625,0.01531191847019829
1770378985.5391347,0.0,118.4765625,0.01531191847019829
1770378986.6516232,0.0,118.4765625,0.01531191847019829
1770378987.7627594,0.0,118.4765625,0.01531191847019829
1770378988.8731472,0.0,118.4765625,0.01531191847019829
1770378989.9827323,0.0,118.4765625,0.01531191847019829
1770378991.0929003,0.0,118.4765625,0.01531191847019829
1770378992.2087152,0.0,118.4765625,0.01531191847019829
1770378993.3183486,0.0,118.4765625,0.01531191847019829
1770378994.4294,0.0,118.4765625,0.01531191847019829
1770378995.5432518,0.0,118.4765625,0.01531191847019829
1770378996.655514,0.0,118.4765625,0.01531191847019829
1770378997.7652016,0.0,118.4765625,0.01531191847019829
1770378998.8781025,0.0,118.4765625,0.01531191847019829
1770378999.9872813,0.0,118.4765625,0.01531191847019829
1770379001.098122,0.0,118.4765625,0.01531191847019829
1770379002.208732,0.0,118.4765625,0.01531191847019829
1770379003.3210754,0.0,118.4765625,0.01531191847019829
1770379004.4367568,0.0,118.4765625,0.01531191847019829
1770379005.5474148,0.0,118.4765625,0.01531191847019829
1770379006.6631901,0.0,118.4765625,0.01531191847019829
1770379007.7769203,0.0,118.4765625,0.01531191847019829
1770379008.8865967,0.0,118.4765625,0.01531191847019829
1770379009.9949553,0.0,118.4765625,0.01531191847019829
1770379011.1057506,0.0,118.4765625,0.01531191847019829
1770379012.2162488,0.0,118.4765625,0.01531191847019829
1770379013.327137,0.0,118.4765625,0.01531191847019829
1770379014.4394443,0.0,118.4765625,0.01531191847019829
1770379015.5491323,0.0,118.4765625,0.01531191847019829
1770379016.6625144,0.0,118.4765625,0.01531191847019829
1770379017.7755232,0.0,118.4765625,0.01531191847019829
1770379018.8859649,0.0,118.4765625,0.01531191847019829
1770379019.997717,0.0,118.4765625,0.01531191847019829
1770379021.1093392,0.0,118.4765625,0.01531191847019829
1770379022.2193968,0.0,118.4765625,0.01531191847019829
1770379023.3320177,0.0,118.4765625,0.01531191847019829
1770379024.4449813,0.0,118.4765625,0.01531191847019829
1770379025.554514,0.0,118.4765625,0.01531191847019829
1770379026.6661808,0.0,118.4765625,0.01531191847019829
1770379027.7760034,0.0,118.4765625,0.01531191847019829
1770379028.8887038,0.0,118.4765625,0.01531191847019829
1770379030.0000145,0.0,118.4765625,0.01531191847019829
1770379031.110424,0.0,118.4765625,0.01531191847019829
1770379032.2310123,0.0,118.4765625,0.01531191847019829
1770379033.3410218,0.0,118.4765625,0.01531191847019829
1770379034.4505877,0.0,118.4765625,0.01531191847019829
1770379035.5625985,0.0,118.4765625,0.01531191847019829
1770379036.6725886,0.0,118.4765625,0.01531191847019829
1770379037.7831545,0.0,118.4765625,0.01531191847019829
1770379038.8949018,0.0,118.4765625,0.01531191847019829
1770379040.007786,0.0,118.4765625,0.01531191847019829
1770379041.1163585,0.0,118.4765625,0.01531191847019829
1770379042.2248938,0.0,118.4765625,0.01531191847019829
1770379043.3360145,0.0,118.4765625,0.01531191847019829
1770379044.4473522,0.0,118.4765625,0.01531191847019829
1770379045.5577927,0.0,118.4765625,0.01531191847019829
1770379046.662134,0.0,118.4765625,0.01531191847019829
1770379047.7708213,0.0,118.4765625,0.01531191847019829
1770379048.879136,0.0,118.4765625,0.01531191847019829
1770379049.9842055,0.0,118.4765625,0.01531191847019829
1770379051.0961022,0.0,118.4765625,0.01531191847019829
1770379052.203464,0.0,118.4765625,0.01531191847019829
1770379053.3110764,0.0,118.4765625,0.01531191847019829
1770379054.4216964,0.0,118.4765625,0.01531191847019829
1770379055.5253835,0.0,118.4765625,0.01531191847019829
1770379056.6350346,0.0,118.4765625,0.01531191847019829
1770379057.7463002,0.0,118.4765625,0.01531191847019829
1770379058.8542497,0.0,118.4765625,0.01531191847019829
1770379059.9696624,0.0,118.4765625,0.01531191847019829
1770379061.079955,0.0,118.4765625,0.01531191847019829
1770379062.1859872,0.0,118.4765625,0.01531191847019829
1770379063.297162,0.0,118.4765625,0.01531191847019829
1770379064.407244,0.0,118.4765625,0.01531191847019829
1770379065.515816,0.0,118.4765625,0.01531191847019829
1770379066.6270728,0.0,118.4765625,0.01531191847019829
1770379067.7335823,0.0,118.4765625,0.01531191847019829
1770379068.8436427,0.0,118.4765625,0.01531191847019829
1770379069.95324,0.0,118.4765625,0.01531191847019829
1770379071.0613496,0.0,118.4765625,0.01531191847019829
1770379072.1769278,0.0,118.4765625,0.01531191847019829
1770379073.2853243,0.0,118.4765625,0.01531191847019829
1770379074.394591,0.0,118.4765625,0.01531191847019829
1770379075.5034947,0.0,118.4765625,0.01531191847019829
1770379076.6131601,0.0,118.4765625,0.01531191847019829
1770379077.7187457,0.0,118.4765625,0.01531191847019829
1770379078.8291776,0.0,118.4765625,0.01531191847019829
1770379079.9401913,0.0,118.4765625,0.01531191847019829
1770379081.0448558,0.0,118.4765625,0.01531191847019829
1770379082.1582744,0.0,118.4765625,0.01531191847019829
1770379083.2626836,0.0,118.4765625,0.01531191847019829
1770379084.3745246,0.0,118.4765625,0.01531191847019829
1770379085.4828885,0.0,118.4765625,0.01531191847019829
1770379086.5915034,0.0,118.4765625,0.01531191847019829
1770379087.7016528,0.0,118.4765625,0.01531191847019829
1770379088.807829,0.0,118.4765625,0.01531191847019829
1770379089.9183116,0.0,118.4765625,0.01531191847019829
1770379091.0285585,0.0,118.4765625,0.01531191847019829
1770379092.1382997,0.0,118.4765625,0.01531191847019829
1770379093.244687,0.0,118.4765625,0.01531191847019829
1770379094.361779,0.0,118.4765625,0.01531191847019829
1770379095.4690685,0.0,118.4765625,0.01531191847019829
1770379096.5768487,0.0,118.4765625,0.01531191847019829
1770379097.687524,0.0,118.4765625,0.01531191847019829
1770379098.7947145,0.0,118.4765625,0.01531191847019829
1770379099.9099061,0.0,118.4765625,0.01531191847019829
1770379101.01866,0.0,118.4765625,0.01531191847019829
1770379102.134128,0.0,118.4765625,0.01531191847019829
1770379103.2453232,0.0,118.4765625,0.01531191847019829
1770379104.3571787,0.0,118.4765625,0.01531191847019829
1770379105.4632092,0.0,118.4765625,0.01531191847019829
1770379106.5732367,0.0,118.4765625,0.01531191847019829
1770379107.6824377,0.0,118.4765625,0.01531191847019829
1770379108.7922437,0.0,118.4765625,0.01531191847019829
1770379109.902372,0.0,118.4765625,0.01531191847019829
1770379111.0070834,0.0,118.4765625,0.01531191847019829
1770379112.1149182,0.0,118.4765625,0.01531191847019829
1770379113.225986,0.0,118.4765625,0.01531191847019829
1770379114.3310084,0.0,118.4765625,0.01531191847019829
1770379115.4439902,0.0,118.4765625,0.01531191847019829
1770379116.553107,0.0,118.4765625,0.01531191847019829
1770379117.665117,0.0,118.4765625,0.01531191847019829
1770379118.7760623,0.0,118.4765625,0.01531191847019829
1770379119.8911166,0.0,118.4765625,0.01531191847019829
1770379121.000521,0.0,118.4765625,0.01531191847019829
1770379122.1115205,0.0,118.4765625,0.01531191847019829
1770379123.223649,0.0,118.4765625,0.01531191847019829
1770379124.3290148,0.0,118.4765625,0.01531191847019829
1770379125.438958,0.0,118.4765625,0.01531191847019829
1770379126.5440636,0.0,118.4765625,0.01531191847019829
1770379127.6618178,0.0,118.4765625,0.01531191847019829
1770379128.7716367,0.0,118.4765625,0.01531191847019829
1770379129.8792567,0.0,118.4765625,0.01531191847019829
1770379130.9903824,0.0,118.4765625,0.01531191847019829
1770379132.1029036,0.0,118.4765625,0.01531191847019829
1770379133.2122278,0.0,118.4765625,0.01531191847019829
1770379134.3239608,0.0,118.4765625,0.01531191847019829
1770379135.4332988,0.0,118.4765625,0.01531191847019829
1770379136.5422332,0.0,118.4765625,0.01531191847019829
1770379137.6515918,0.0,118.4765625,0.01531191847019829
1770379138.7583816,0.0,118.4765625,0.01531191847019829
1770379139.8659039,0.0,118.4765625,0.01531191847019829
1770379140.975656,0.0,118.4765625,0.01531191847019829
1770379142.083664,0.0,118.4765625,0.01531191847019829
1770379143.1979773,0.0,118.4765625,0.01531191847019829
1770379144.3058891,0.0,118.4765625,0.01531191847019829
1770379145.414595,0.0,118.4765625,0.01531191847019829
1770379146.524195,0.0,118.4765625,0.01531191847019829
1770379147.6368988,0.0,118.4765625,0.01531191847019829
1770379148.7458022,0.0,118.4765625,0.01531191847019829
1770379149.8556352,0.0,118.4765625,0.01531191847019829
1770379150.965377,0.0,118.4765625,0.01531191847019829
1770379152.06948,0.0,118.4765625,0.01531191847019829
1770379153.18016,0.0,118.4765625,0.01531191847019829
1770379154.2877588,0.0,118.4765625,0.01531191847019829
1770379155.3963556,0.0,118.4765625,0.01531191847019829
1770379156.505788,0.0,118.4765625,0.01531191847019829
1770379157.612466,0.0,118.4765625,0.01531191847019829
1770379158.7263765,0.0,118.4765625,0.01531191847019829
1770379159.8335187,0.0,118.4765625,0.01531191847019829
1770379160.9423058,0.0,118.4765625,0.01531191847019829
1770379162.053045,0.0,118.4765625,0.01531191847019829
1770379163.1621375,0.0,118.4765625,0.01531191847019829
1770379164.2686064,0.0,118.4765625,0.01531191847019829
1770379165.3780642,0.0,118.4765625,0.01531191847019829
1770379166.487816,0.0,118.4765625,0.01531191847019829
1770379167.5927818,0.0,118.4765625,0.01531191847019829
1770379168.7018898,0.0,118.4765625,0.01531191847019829
1770379169.8073385,0.0,118.4765625,0.01531191847019829
1770379170.914596,0.0,118.4765625,0.01531191847019829
1770379172.022417,0.0,118.4765625,0.01531191847019829
1770379173.1238065,0.0,118.4765625,0.01531191847019829
1770379174.2419057,0.0,118.4765625,0.01531191847019829
1770379175.3518708,0.0,118.4765625,0.01531191847019829
1770379176.4605458,0.0,118.4765625,0.01531191847019829
1770379177.5711524,0.0,118.4765625,0.01531191847019829
1770379178.679861,0.0,118.4765625,0.01531191847019829
1770379179.785987,0.0,118.4765625,0.01531191847019829
1770379180.8961987,0.0,118.4765625,0.01531191847019829
1770379182.0039968,0.0,118.4765625,0.01531191847019829
1770379183.1077027,0.0,118.4765625,0.01531191847019829
1770379184.2181153,0.0,118.4765625,0.01531191847019829
1770379185.3284075,0.0,118.4765625,0.01531191847019829
1770379186.4363484,0.0,118.4765625,0.01531191847019829
1770379187.544391,0.0,118.4765625,0.01531191847019829
1770379188.652663,0.0,118.4765625,0.01531191847019829
1770379189.765216,0.0,118.4765625,0.01531191847019829
1770379190.8724682,0.0,118.4765625,0.01531191847019829
1770379191.9816616,0.0,118.4765625,0.01531191847019829
1770379193.092301,0.0,118.4765625,0.01531191847019829
1770379194.2015004,0.0,118.4765625,0.01531191847019829
1770379195.3067207,0.0,118.4765625,0.01531191847019829
1770379196.41632,0.0,118.4765625,0.01531191847019829
1770379197.5224423,0.0,118.4765625,0.01531191847019829
1770379198.6243012,0.0,118.4765625,0.01531191847019829
1770379199.733783,0.0,118.4765625,0.01531191847019829
1770379200.837568,0.0,118.4765625,0.01531191847019829
1770379201.9509056,0.0,118.4765625,0.01531191847019829
1770379203.0595136,0.0,118.4765625,0.01531191847019829
1770379204.168296,0.0,118.4765625,0.01531191847019829
1770379205.2783184,0.0,118.4765625,0.01531191847019829
1770379206.3877428,0.0,118.4765625,0.01531191847019829
1770379207.498747,0.0,118.4765625,0.01531191847019829
1770379208.608902,0.0,118.4765625,0.01531191847019829
1770379209.7181997,0.0,118.4765625,0.01531191847019829
1770379210.8224297,0.0,118.4765625,0.01531191847019829
1770379211.9326584,0.0,118.4765625,0.01531191847019829
1770379213.0394056,0.0,118.4765625,0.01531191847019829
1770379214.1504755,0.0,118.4765625,0.01531191847019829
1770379215.2593064,0.0,118.4765625,0.01531191847019829
1770379216.3631794,0.0,118.4765625,0.01531191847019829
1770379217.477649,0.0,118.4765625,0.01531191847019829
1770379218.5853472,0.0,118.4765625,0.01531191847019829
1770379219.6929417,0.0,118.4765625,0.01531191847019829
1770379220.8028367,0.0,118.4765625,0.01531191847019829
1770379221.9112918,0.0,118.4765625,0.01531191847019829
1770379223.0169876,0.0,118.4765625,0.01531191847019829
1770379224.12722,0.0,118.4765625,0.01531191847019829
1770379225.2373857,0.0,118.4765625,0.01531191847019829
1770379226.3420339,0.0,118.4765625,0.01531191847019829
1770379227.4513526,0.0,118.4765625,0.01531191847019829
1770379228.5597594,0.0,118.4765625,0.01531191847019829
1770379229.6743076,0.0,118.4765625,0.01531191847019829
1770379230.7826495,0.0,118.4765625,0.01531191847019829
1770379231.8850932,0.0,118.4765625,0.01531191847019829
1770379232.9977434,0.0,118.4765625,0.01531191847019829
1770379234.105833,0.0,118.4765625,0.01531191847019829
1770379235.2145123,0.0,118.4765625,0.01531191847019829
1770379236.322599,0.0,118.4765625,0.01531191847019829
1770379237.4312742,0.0,118.4765625,0.01531191847019829
1770379238.5400581,0.0,118.4765625,0.01531191847019829
1770379239.6506522,0.0,118.4765625,0.01531191847019829
1770379240.7599628,0.0,118.4765625,0.01531191847019829
1770379241.8644016,0.0,118.4765625,0.01531191847019829
1770379242.9733524,0.0,118.4765625,0.01531191847019829
1770379244.0798075,0.0,118.4765625,0.01531191847019829
1770379245.192061,0.0,118.4765625,0.01531191847019829
1770379246.3001947,0.0,118.4765625,0.01531191847019829
1770379247.4092185,0.0,118.4765625,0.01531191847019829
1770379248.5192091,0.0,118.4765625,0.01531191847019829
1770379249.632446,0.0,118.4765625,0.01531191847019829
1770379250.7423604,0.0,118.4765625,0.01531191847019829
1770379251.8542523,0.0,118.4765625,0.01531191847019829
1770379252.9679503,10.71428571433026,118.58984375,0.015326558946150674
1770379254.0825748,13.513513513329267,118.58984375,0.015326558946150674
1770379255.1962316,8.108108108210152,118.58984375,0.015326558946150674
1770379256.3104155,3.5714285714434206,118.58984375,0.015326558946150674
1770379257.4275193,0.0,118.58984375,0.015326558946150674
1770379258.541804,0.0,118.58984375,0.015326558946150674
1770379259.6565015,0.0,118.58984375,0.015326558946150674
1770379260.770761,0.0,118.58984375,0.015326558946150674
1770379261.892656,6.306306306220326,118.58984375,0.015326558946150674
1770379263.0069675,8.928571428608551,118.80078125,0.015353820522062005
1770379264.1203682,0.0,118.80078125,0.015353820522062005
1770379265.2339818,0.0,118.80078125,0.015353820522062005
1770379266.346683,0.0,118.80078125,0.015353820522062005
1770379267.459714,0.0,118.80078125,0.015353820522062005
1770379268.573137,0.0,118.80078125,0.015353820522062005
1770379269.6911597,0.0,118.80078125,0.015353820522062005
1770379270.8118382,0.0,118.80078125,0.015353820522062005
1770379271.920813,0.0,118.80078125,0.015353820522062005
1770379273.1642265,0.0,118.80078125,0.015353820522062005
1770379274.277209,0.0,118.80078125,0.015353820522062005
1770379275.3907497,0.0,118.80078125,0.015353820522062005
1770379276.5039322,0.0,118.80078125,0.015353820522062005
1770379277.6162174,0.0,118.80078125,0.015353820522062005
1770379278.7294273,0.0,118.80078125,0.015353820522062005
1770379279.8400898,0.0,118.80078125,0.015353820522062005
1770379280.9518251,0.0,118.80078125,0.015353820522062005
1770379282.0677354,0.0,118.80078125,0.015353820522062005
1770379283.179921,0.0,118.80078125,0.015353820522062005
1770379284.2934496,0.0,118.80078125,0.015353820522062005
1770379285.4089456,0.0,118.80078125,0.015353820522062005
1770379286.5195277,0.0,118.80078125,0.015353820522062005
1770379287.629791,0.0,118.80078125,0.015353820522062005
1770379288.7399392,0.0,118.80078125,0.015353820522062005
1770379289.8495119,0.0,118.80078125,0.015353820522062005
1770379290.9610808,0.0,118.80078125,0.015353820522062005
1770379292.0714538,0.0,118.80078125,0.015353820522062005
1770379293.1811903,0.0,118.80078125,0.015353820522062005
1770379294.2945843,0.0,118.80078125,0.015353820522062005
1770379295.4038074,0.0,118.80078125,0.015353820522062005
1770379296.516323,0.0,118.80078125,0.015353820522062005
1770379297.6282933,0.0,118.80078125,0.015353820522062005
1770379298.7408373,0.0,118.80078125,0.015353820522062005
1770379299.8510513,0.0,118.80078125,0.015353820522062005
1770379300.9620166,0.0,118.80078125,0.015353820522062005
1770379302.0732386,0.0,118.80078125,0.015353820522062005
1770379303.1855624,0.0,118.80078125,0.015353820522062005
1770379304.2979527,0.0,118.80078125,0.015353820522062005
1770379305.4082959,4.50450450444309,118.80078125,0.015353820522062005
1770379306.521405,2.702702702736717,118.80078125,0.015353820522062005
1770379307.6329226,0.0,118.80078125,0.015353820522062005
1770379308.7426462,0.0,118.80078125,0.015353820522062005
1770379309.8654115,0.0,118.80078125,0.015353820522062005
1770379310.975353,0.8849557522087427,118.80078125,0.015353820522062005
1770379312.0862234,2.702702702736717,118.80078125,0.015353820522062005
1770379313.3925688,0.7692307692204365,118.80078125,0.015353820522062005
1770379314.5044959,3.6036036036489567,118.80078125,0.015353820522062005
1770379315.6146195,3.5714285714434206,118.80078125,0.015353820522062005
1770379316.7244117,2.7027027026658534,118.80078125,0.015353820522062005
1770379317.8347337,3.6036036036489567,118.80078125,0.015353820522062005
1770379318.9445152,0.9009009008886179,118.80078125,0.015353820522062005
1770379320.0594938,2.702702702736717,118.80078125,0.015353820522062005
1770379321.1690722,0.9009009008886179,118.80078125,0.015353820522062005
1770379322.280816,0.0,118.80078125,0.015353820522062005
1770379323.397569,0.0,118.80078125,0.015353820522062005
1770379324.5090842,0.0,118.80078125,0.015353820522062005
1770379325.620121,0.0,118.80078125,0.015353820522062005
1770379326.7312157,0.0,118.80078125,0.015353820522062005
1770379327.8417244,0.0,118.80078125,0.015353820522062005
1770379328.9529893,0.0,118.80078125,0.015353820522062005
1770379330.0637631,0.0,118.80078125,0.015353820522062005
1770379331.1744814,0.0,118.80078125,0.015353820522062005
1770379332.2843914,0.0,118.80078125,0.015353820522062005
1770379333.4382944,0.0,118.80078125,0.015353820522062005
1770379334.5514567,0.0,118.80078125,0.015353820522062005
1770379335.6642683,0.0,118.80078125,0.015353820522062005
1770379336.768721,0.0,118.80078125,0.015353820522062005
1770379337.877619,0.0,118.80078125,0.015353820522062005
1770379338.9841363,0.0,118.80078125,0.015353820522062005
1770379340.0894868,0.0,118.80078125,0.015353820522062005
1770379341.2010117,0.0,118.80078125,0.015353820522062005
1770379342.3090906,0.0,118.80078125,0.015353820522062005
1770379343.4858212,0.0,118.80078125,0.015353820522062005
1770379344.594994,0.0,118.80078125,0.015353820522062005
1770379345.7022643,0.0,118.80078125,0.015353820522062005
1770379346.8116446,0.0,118.80078125,0.015353820522062005
1770379347.9232934,0.0,118.80078125,0.015353820522062005
1770379349.0292847,0.0,118.80078125,0.015353820522062005
1770379350.143472,0.0,118.80078125,0.015353820522062005
1770379351.2522926,0.0,118.80078125,0.015353820522062005
1770379352.3594444,0.0,118.80078125,0.015353820522062005
1770379353.5074682,0.0,118.80078125,0.015353820522062005
1770379354.613961,0.0,118.80078125,0.015353820522062005
1770379355.7254488,0.0,118.80078125,0.015353820522062005
1770379356.8342116,0.0,118.80078125,0.015353820522062005
1770379357.9423404,0.0,118.80078125,0.015353820522062005
1770379359.0519564,0.0,118.80078125,0.015353820522062005
1770379360.1607661,0.0,118.80078125,0.015353820522062005
1770379361.2700186,0.0,118.80078125,0.015353820522062005
1770379362.3813837,0.0,118.80078125,0.015353820522062005
1770379363.5944314,0.0,118.80078125,0.015353820522062005
1770379364.7004833,0.0,118.80078125,0.015353820522062005
1770379365.8094652,0.0,118.80078125,0.015353820522062005
1770379366.9167795,0.0,118.80078125,0.015353820522062005
1770379368.029919,0.0,118.80078125,0.015353820522062005
1770379369.138459,0.0,118.80078125,0.015353820522062005
1770379370.2458072,0.0,118.80078125,0.015353820522062005
1770379371.3587875,0.0,118.80078125,0.015353820522062005
1770379372.4664116,0.0,118.80078125,0.015353820522062005
1770379373.6665876,0.0,118.80078125,0.015353820522062005
1770379374.7750442,0.0,118.80078125,0.015353820522062005
1770379375.8860745,0.0,118.80078125,0.015353820522062005
1770379377.0007732,0.0,118.80078125,0.015353820522062005
1770379378.109848,0.0,118.80078125,0.015353820522062005
1770379379.2153976,0.0,118.80078125,0.015353820522062005
1770379380.322982,0.0,118.80078125,0.015353820522062005
1770379381.4330604,0.0,118.80078125,0.015353820522062005
1770379382.5371056,0.0,118.80078125,0.015353820522062005
1770379383.6492007,0.0,118.80078125,0.015353820522062005
1770379384.7601156,0.0,118.80078125,0.015353820522062005
1770379385.868312,0.0,118.80078125,0.015353820522062005
1770379386.977424,0.0,118.80078125,0.015353820522062005
1770379388.0876217,0.0,118.80078125,0.015353820522062005
1770379389.196818,0.0,118.80078125,0.015353820522062005
1770379390.307325,0.0,118.80078125,0.015353820522062005
1770379391.4168139,0.0,118.80078125,0.015353820522062005
1770379392.620471,0.0,118.80078125,0.015353820522062005
1770379393.7300377,0.0,118.80078125,0.015353820522062005
1770379394.8359752,0.0,118.80078125,0.015353820522062005
1770379395.9469092,0.0,118.80078125,0.015353820522062005
1770379397.0554953,0.0,118.80078125,0.015353820522062005
1770379398.162326,0.0,118.80078125,0.015353820522062005
1770379399.2706132,0.0,118.80078125,0.015353820522062005
1770379400.381405,0.0,118.80078125,0.015353820522062005
1770379401.4913867,0.0,118.80078125,0.015353820522062005
1770379402.7278533,0.0,118.80078125,0.015353820522062005
1770379403.8368635,0.0,118.80078125,0.015353820522062005
1770379404.946187,0.0,118.80078125,0.015353820522062005
1770379406.053635,0.0,118.80078125,0.015353820522062005
1770379407.1636233,0.0,118.80078125,0.015353820522062005
1770379408.2737157,0.0,118.80078125,0.015353820522062005
1770379409.3847468,0.0,118.80078125,0.015353820522062005
1770379410.4928327,0.0,118.80078125,0.015353820522062005
1770379411.6033814,0.0,118.80078125,0.015353820522062005
1770379412.7358387,0.0,118.80078125,0.015353820522062005
1770379413.8439913,0.0,118.80078125,0.015353820522062005
1770379414.9526606,0.0,118.80078125,0.015353820522062005
1770379416.0639634,0.0,118.80078125,0.015353820522062005
1770379417.1827614,0.0,118.80078125,0.015353820522062005
1770379418.2916417,0.0,118.80078125,0.015353820522062005
1770379419.403682,0.0,118.80078125,0.015353820522062005
1770379420.51502,0.0,118.80078125,0.015353820522062005
1770379421.6299956,0.0,118.80078125,0.015353820522062005
1770379422.7999194,0.0,118.80078125,0.015353820522062005
1770379423.9105415,0.0,118.80078125,0.015353820522062005
1770379425.0205877,0.0,118.80078125,0.015353820522062005
1770379426.1251636,0.0,118.80078125,0.015353820522062005
1770379427.235233,0.0,118.80078125,0.015353820522062005
1770379428.3440812,0.0,118.80078125,0.015353820522062005
1770379429.4603922,0.0,118.80078125,0.015353820522062005
1770379430.5717075,0.0,118.80078125,0.015353820522062005
1770379431.6830096,0.0,118.80078125,0.015353820522062005
1770379432.809351,0.0,118.80078125,0.015353820522062005
1770379433.9208932,0.0,118.80078125,0.015353820522062005
1770379435.0284388,0.0,118.80078125,0.015353820522062005
1770379436.1388798,0.0,118.80078125,0.015353820522062005
1770379437.2469816,0.0,118.80078125,0.015353820522062005
1770379438.3531456,0.0,118.80078125,0.015353820522062005
1770379439.4638157,0.0,118.80078125,0.015353820522062005
1770379440.5731936,0.0,118.80078125,0.015353820522062005
1770379441.683978,0.0,118.80078125,0.015353820522062005
1770379442.8348355,0.0,118.80078125,0.015353820522062005
1770379443.9401472,0.0,118.80078125,0.015353820522062005
1770379445.0512118,0.0,118.80078125,0.015353820522062005
1770379446.1643853,0.0,118.80078125,0.015353820522062005
1770379447.2731116,0.0,118.80078125,0.015353820522062005
1770379448.474382,0.0,118.80078125,0.015353820522062005
1770379449.5819223,0.0,118.80078125,0.015353820522062005
1770379450.6918693,0.0,118.80078125,0.015353820522062005
1770379451.801728,0.0,118.80078125,0.015353820522062005
1770379452.9112098,0.0,118.80078125,0.015353820522062005
1770379454.019541,0.0,118.80078125,0.015353820522062005
1770379455.1292381,0.0,118.80078125,0.015353820522062005
1770379456.236082,0.0,118.80078125,0.015353820522062005
1770379457.344588,0.0,118.80078125,0.015353820522062005
1770379458.454174,0.0,118.80078125,0.015353820522062005
1770379459.5603697,0.0,118.80078125,0.015353820522062005
1770379460.6767657,0.0,118.80078125,0.015353820522062005
1770379461.786369,0.0,118.80078125,0.015353820522062005
1770379462.8942468,0.0,118.80078125,0.015353820522062005
1770379464.0019646,0.0,118.80078125,0.015353820522062005
1770379465.1115284,0.0,118.80078125,0.015353820522062005
1770379466.217034,0.0,118.80078125,0.015353820522062005
1770379467.3259063,0.0,118.80078125,0.015353820522062005
1770379468.4368205,0.0,118.80078125,0.015353820522062005
1770379469.5535097,0.0,118.80078125,0.015353820522062005
1770379470.6635187,0.0,118.80078125,0.015353820522062005
1770379471.7738898,0.0,118.80078125,0.015353820522062005
1770379472.8828642,0.0,118.80078125,0.015353820522062005
1770379473.9929633,0.0,118.80078125,0.015353820522062005
1770379475.1028764,0.0,118.80078125,0.015353820522062005
1770379476.2096288,0.0,118.80078125,0.015353820522062005
1770379477.3156035,0.0,118.80078125,0.015353820522062005
1770379478.4250183,0.0,118.80078125,0.015353820522062005
1770379479.5353432,0.0,118.80078125,0.015353820522062005
1770379480.6439085,0.0,118.80078125,0.015353820522062005
1770379481.7519045,0.0,118.80078125,0.015353820522062005
1770379482.8612652,0.0,118.80078125,0.015353820522062005
1770379483.9695203,0.0,118.80078125,0.015353820522062005
1770379485.0835636,0.0,118.80078125,0.015353820522062005
1770379486.19681,0.0,118.80078125,0.015353820522062005
1770379487.301063,0.0,118.80078125,0.015353820522062005
1770379488.422037,0.0,118.80078125,0.015353820522062005
1770379489.5302324,0.0,118.80078125,0.015353820522062005
1770379490.6385493,0.0,118.80078125,0.015353820522062005
1770379491.749074,0.0,118.80078125,0.015353820522062005
1770379492.858576,0.0,118.80078125,0.015353820522062005
1770379493.967917,0.0,118.80078125,0.015353820522062005
1770379495.0783226,0.0,118.80078125,0.015353820522062005
1770379496.1859171,0.0,118.80078125,0.015353820522062005
1770379497.2974453,0.0,118.80078125,0.015353820522062005
1770379498.4071093,0.0,118.80078125,0.015353820522062005
1770379499.5165043,0.0,118.80078125,0.015353820522062005
1770379500.632557,0.0,118.80078125,0.015353820522062005
1770379501.742526,0.0,118.80078125,0.015353820522062005
1770379502.8458178,0.0,118.80078125,0.015353820522062005
1770379503.9583108,0.0,118.80078125,0.015353820522062005
1770379505.0664005,0.0,118.80078125,0.015353820522062005
1770379506.1738265,0.0,118.80078125,0.015353820522062005
1770379507.2888901,0.0,118.80078125,0.015353820522062005
1770379508.3990703,0.0,118.80078125,0.015353820522062005
1770379509.5077732,0.0,118.80078125,0.015353820522062005
1770379510.6164804,0.0,118.80078125,0.015353820522062005
1770379511.729267,0.0,118.80078125,0.015353820522062005
1770379512.8403986,0.0,118.80078125,0.015353820522062005
1770379513.9601457,0.0,118.80078125,0.015353820522062005
1770379515.0676713,0.0,118.80078125,0.015353820522062005
1770379516.1746206,0.0,118.80078125,0.015353820522062005
1770379517.2833955,0.0,118.80078125,0.015353820522062005
1770379518.3924892,0.0,118.80078125,0.015353820522062005
1770379519.503484,0.0,118.80078125,0.015353820522062005
1770379520.6108973,0.0,118.80078125,0.015353820522062005
1770379521.719797,0.0,118.80078125,0.015353820522062005
1770379522.8307908,0.0,118.80078125,0.015353820522062005
1770379523.938394,0.0,118.80078125,0.015353820522062005
1770379525.0523221,0.0,118.80078125,0.015353820522062005
1770379526.1608863,0.0,118.80078125,0.015353820522062005
1770379527.2686105,0.0,118.80078125,0.015353820522062005
1770379528.3785405,0.0,118.80078125,0.015353820522062005
1770379529.487371,0.0,118.80078125,0.015353820522062005
1770379530.5953774,0.0,118.80078125,0.015353820522062005
1770379531.7053893,0.0,118.80078125,0.015353820522062005
1770379532.8142717,0.0,118.80078125,0.015353820522062005
1770379533.921135,0.0,118.80078125,0.015353820522062005
1770379535.0286834,0.0,118.80078125,0.015353820522062005
1770379536.1408236,0.0,118.80078125,0.015353820522062005
1770379537.2491107,0.0,118.80078125,0.015353820522062005
1770379538.3578207,0.0,118.80078125,0.015353820522062005
1770379539.468569,0.0,118.80078125,0.015353820522062005
1770379540.5715733,0.0,118.80078125,0.015353820522062005
1770379541.6811314,0.0,118.80078125,0.015353820522062005
1770379542.78967,0.0,118.80078125,0.015353820522062005
1770379543.8972592,0.0,118.80078125,0.015353820522062005
1770379545.0058627,0.0,118.80078125,0.015353820522062005
1770379546.115339,0.0,118.80078125,0.015353820522062005
1770379547.2241807,0.0,118.80078125,0.015353820522062005
1770379548.331385,0.0,118.80078125,0.015353820522062005
1770379549.4449918,0.0,118.80078125,0.015353820522062005
1770379550.5566452,0.0,118.80078125,0.015353820522062005
1770379551.660363,0.0,118.80078125,0.015353820522062005
1770379552.7689593,0.0,118.80078125,0.015353820522062005
1770379553.8783593,0.0,118.80078125,0.015353820522062005
1770379554.9871533,0.0,118.80078125,0.015353820522062005
1770379556.0987167,0.0,118.80078125,0.015353820522062005
1770379557.2087362,0.0,118.80078125,0.015353820522062005
1770379558.3125293,0.0,118.80078125,0.015353820522062005
1770379559.430391,0.0,118.80078125,0.015353820522062005
1770379560.5399165,0.0,118.80078125,0.015353820522062005
1770379561.6484008,0.0,118.80078125,0.015353820522062005
1770379562.7581851,0.0,118.80078125,0.015353820522062005
1770379563.8676748,0.0,118.80078125,0.015353820522062005
1770379564.9758193,0.0,118.80078125,0.015353820522062005
1770379566.0857406,0.0,118.80078125,0.015353820522062005
1770379567.1899948,0.0,118.80078125,0.015353820522062005
1770379568.3004332,0.0,118.80078125,0.015353820522062005
1770379569.4118757,0.0,118.80078125,0.015353820522062005
1770379570.520648,0.0,118.80078125,0.015353820522062005
1770379571.6333776,0.0,118.80078125,0.015353820522062005
1770379572.7431524,0.0,118.80078125,0.015353820522062005
1770379573.848578,0.0,118.80078125,0.015353820522062005
1770379574.9580724,0.0,118.80078125,0.015353820522062005
1770379576.068661,0.0,118.80078125,0.015353820522062005
1770379577.1771667,0.0,118.80078125,0.015353820522062005
1770379578.2892199,0.0,118.80078125,0.015353820522062005
1770379579.40206,0.0,118.80078125,0.015353820522062005
1770379580.5109074,0.0,118.80078125,0.015353820522062005
1770379581.6211736,0.0,118.80078125,0.015353820522062005
1770379582.7313702,0.0,118.80078125,0.015353820522062005
1770379583.8454628,0.0,118.80078125,0.015353820522062005
1770379584.9561298,0.0,118.80078125,0.015353820522062005
1770379586.0643501,0.0,118.80078125,0.015353820522062005
1770379587.1739845,0.0,118.80078125,0.015353820522062005
1770379588.287201,0.0,118.80078125,0.015353820522062005
1770379589.3938367,0.0,118.80078125,0.015353820522062005
1770379590.5040305,0.0,118.80078125,0.015353820522062005
1770379591.612399,0.0,118.80078125,0.015353820522062005
1770379592.7204235,0.0,118.80078125,0.015353820522062005
1770379593.8310106,0.0,118.80078125,0.015353820522062005
1770379594.9412463,0.0,118.80078125,0.015353820522062005
1770379596.0528975,0.0,118.80078125,0.015353820522062005
1770379597.1630967,0.0,118.80078125,0.015353820522062005
1770379598.2725284,0.0,118.80078125,0.015353820522062005
1770379599.3894486,0.0,118.80078125,0.015353820522062005
1770379600.4954808,0.0,118.80078125,0.015353820522062005
1770379601.6074743,0.0,118.80078125,0.015353820522062005
1770379602.7184,0.0,118.80078125,0.015353820522062005
1770379603.8338604,0.0,118.80078125,0.015353820522062005
1770379604.9410214,0.0,118.80078125,0.015353820522062005
1770379606.050441,0.0,118.80078125,0.015353820522062005
1770379607.1587868,0.0,118.80078125,0.015353820522062005
1770379608.2647934,0.0,118.80078125,0.015353820522062005
1770379609.3741214,0.0,118.80078125,0.015353820522062005
1770379610.4841318,0.0,118.80078125,0.015353820522062005
1770379611.5931082,0.0,118.80078125,0.015353820522062005
1770379612.7051606,0.0,118.80078125,0.015353820522062005
1770379613.814323,0.0,118.80078125,0.015353820522062005
1770379614.9246795,0.0,118.80078125,0.015353820522062005
1770379616.033835,0.0,118.80078125,0.015353820522062005
1770379617.1395948,0.0,118.80078125,0.015353820522062005
1770379618.249527,0.0,118.80078125,0.015353820522062005
1770379619.3588946,0.0,118.80078125,0.015353820522062005
1770379620.4676187,0.0,118.80078125,0.015353820522062005
1770379621.5810552,0.0,118.80078125,0.015353820522062005
1770379622.6897366,0.0,118.80078125,0.015353820522062005
1770379623.7991357,0.0,118.80078125,0.015353820522062005
1770379624.9167209,0.0,118.80078125,0.015353820522062005
1770379626.0225036,0.0,118.80078125,0.015353820522062005
1770379627.1333218,0.0,118.80078125,0.015353820522062005
1770379628.244011,0.0,118.80078125,0.015353820522062005
1770379629.3533707,0.0,118.80078125,0.015353820522062005
1770379630.4640148,0.0,118.80078125,0.015353820522062005
1770379631.573405,0.0,118.80078125,0.015353820522062005
1770379632.6824377,0.0,118.80078125,0.015353820522062005
1770379633.7924945,0.0,118.80078125,0.015353820522062005
1770379634.9025748,0.0,118.80078125,0.015353820522062005
1770379636.0142589,0.0,118.80078125,0.015353820522062005
1770379637.1254258,0.0,118.80078125,0.015353820522062005
1770379638.2324328,0.0,118.80078125,0.015353820522062005
1770379639.3407724,0.0,118.80078125,0.015353820522062005
1770379640.4505355,0.0,118.80078125,0.015353820522062005
1770379641.5610816,0.0,118.80078125,0.015353820522062005
1770379642.667997,0.0,118.80078125,0.015353820522062005
1770379643.7781007,0.0,118.80078125,0.015353820522062005
1770379644.8875253,0.0,118.80078125,0.015353820522062005
1770379645.9978547,0.0,118.80078125,0.015353820522062005
1770379647.1103446,0.0,118.80078125,0.015353820522062005
1770379648.2158306,0.0,118.80078125,0.015353820522062005
1770379649.3255062,0.0,118.80078125,0.015353820522062005
1770379650.4344246,0.0,118.80078125,0.015353820522062005
1770379651.5425396,0.0,118.80078125,0.015353820522062005
1770379652.6536927,0.0,118.80078125,0.015353820522062005
1770379653.7600968,0.0,118.80078125,0.015353820522062005
1770379654.869155,0.0,118.80078125,0.015353820522062005
1770379655.9796169,0.0,118.80078125,0.015353820522062005
1770379657.08863,0.0,118.80078125,0.015353820522062005
1770379658.2002375,0.0,118.80078125,0.015353820522062005
1770379659.3099718,0.0,118.80078125,0.015353820522062005
1770379660.4198997,0.0,118.80078125,0.015353820522062005
1770379661.531234,0.0,118.93359375,0.01537098521800618
1770379662.6477642,13.513513513329267,118.93359375,0.01537098521800618
1770379663.759872,10.71428571433026,118.93359375,0.01537098521800618
1770379664.8771708,9.909909910034632,118.93359375,0.01537098521800618
1770379665.9924948,1.7857142857217103,118.93359375,0.01537098521800618
1770379667.1073513,0.0,118.93359375,0.01537098521800618
1770379668.2266169,0.0,118.93359375,0.01537098521800618
1770379669.3418207,0.0,118.93359375,0.01537098521800618
1770379670.4529083,0.0,118.93359375,0.01537098521800618
1770379671.5663357,0.0,118.93359375,0.01537098521800618
1770379672.6786788,0.0,118.93359375,0.01537098521800618
1770379673.796095,0.0,118.93359375,0.01537098521800618
1770379674.9086883,0.0,118.93359375,0.01537098521800618
1770379676.0206745,0.0,118.93359375,0.01537098521800618
1770379677.134045,0.0,118.93359375,0.01537098521800618
1770379678.2464092,0.0,118.93359375,0.01537098521800618
1770379679.3587947,0.0,118.93359375,0.01537098521800618
1770379680.4714937,0.0,118.93359375,0.01537098521800618
1770379681.584158,0.0,118.93359375,0.01537098521800618
1770379682.697697,0.0,118.93359375,0.01537098521800618
1770379683.8115673,0.0,118.93359375,0.01537098521800618
1770379684.9248989,0.0,118.93359375,0.01537098521800618
1770379686.0406995,0.0,118.93359375,0.01537098521800618
1770379687.1522815,0.0,118.93359375,0.01537098521800618
1770379688.2656524,0.0,118.93359375,0.01537098521800618
1770379689.3787944,0.0,118.93359375,0.01537098521800618
1770379690.4897518,0.0,118.93359375,0.01537098521800618
1770379691.5998595,0.0,118.93359375,0.01537098521800618
1770379692.7101696,0.0,118.93359375,0.01537098521800618
1770379693.8216925,0.0,118.93359375,0.01537098521800618
1770379694.932123,0.0,118.93359375,0.01537098521800618
1770379696.041685,0.0,118.93359375,0.01537098521800618
1770379697.1514118,0.0,118.93359375,0.01537098521800618
1770379698.2608051,0.0,118.93359375,0.01537098521800618
1770379699.3707175,11.71171171185911,119.046875,0.01538562569395856
1770379700.4834783,0.0,119.046875,0.01538562569395856
1770379701.6004565,0.0,119.046875,0.01538562569395856
1770379702.7101169,0.0,119.046875,0.01538562569395856
1770379703.8194616,0.0,119.046875,0.01538562569395856
1770379704.930971,0.0,119.046875,0.01538562569395856
1770379706.0405273,0.0,119.046875,0.01538562569395856
1770379707.149871,0.0,119.046875,0.01538562569395856
1770379708.2594085,0.0,119.046875,0.01538562569395856
1770379709.371393,0.0,119.046875,0.01538562569395856
1770379710.482809,0.0,119.046875,0.01538562569395856
1770379711.5936093,0.0,119.046875,0.01538562569395856
1770379712.7046378,0.0,119.046875,0.01538562569395856
1770379713.8182201,0.0,119.046875,0.01538562569395856
1770379714.9273648,0.0,119.046875,0.01538562569395856
1770379716.0388196,0.0,119.046875,0.01538562569395856
1770379717.1482055,0.0,119.046875,0.01538562569395856
1770379718.258229,0.0,119.046875,0.01538562569395856
1770379719.367789,0.0,119.046875,0.01538562569395856
1770379720.4783568,0.0,119.046875,0.01538562569395856
1770379721.591979,0.0,119.046875,0.01538562569395856
1770379722.7021544,0.0,119.046875,0.01538562569395856
1770379723.8123076,0.0,119.046875,0.01538562569395856
1770379724.9251018,0.0,119.046875,0.01538562569395856
1770379726.040614,0.0,119.046875,0.01538562569395856
1770379727.1502342,0.0,119.046875,0.01538562569395856
1770379728.259553,0.0,119.046875,0.01538562569395856
1770379729.3704283,0.0,119.046875,0.01538562569395856
1770379730.4812028,0.0,119.046875,0.01538562569395856
1770379731.59151,0.0,119.046875,0.01538562569395856
1770379732.7065506,0.0,119.046875,0.01538562569395856
1770379733.8157544,0.0,119.046875,0.01538562569395856
1770379734.9271579,0.0,119.046875,0.01538562569395856
1770379736.0368407,0.0,119.046875,0.01538562569395856
1770379737.1479425,0.0,119.046875,0.01538562569395856
1770379738.261528,0.0,119.046875,0.01538562569395856
1770379739.4238727,0.0,119.046875,0.01538562569395856
1770379740.5343304,0.0,119.046875,0.01538562569395856
1770379741.6473489,0.0,119.046875,0.01538562569395856
1770379742.7633972,0.0,119.046875,0.01538562569395856
1770379743.8744478,0.0,119.046875,0.01538562569395856
1770379744.9857433,0.0,119.046875,0.01538562569395856
1770379746.0897813,0.0,119.046875,0.01538562569395856
1770379747.1948416,0.0,119.046875,0.01538562569395856
1770379748.3042254,0.0,119.046875,0.01538562569395856
1770379749.4939811,0.0,119.046875,0.01538562569395856
1770379750.6056893,0.0,119.046875,0.01538562569395856
1770379751.7159889,0.0,119.046875,0.01538562569395856
1770379752.821179,0.0,119.046875,0.01538562569395856
1770379753.9397016,0.0,119.046875,0.01538562569395856
1770379755.0496082,0.0,119.046875,0.01538562569395856
1770379756.158587,0.0,119.046875,0.01538562569395856
1770379757.268527,0.0,119.046875,0.01538562569395856
1770379758.3763926,0.0,119.046875,0.01538562569395856
1770379759.507201,10.61946902650491,119.046875,0.01538562569395856
1770379760.6174717,0.0,119.046875,0.01538562569395856
1770379761.7298257,0.0,119.046875,0.01538562569395856
1770379762.8464766,0.0,119.046875,0.01538562569395856
1770379763.9553146,0.0,119.046875,0.01538562569395856
1770379765.0643332,0.0,119.046875,0.01538562569395856
1770379766.1752183,0.0,119.046875,0.01538562569395856
1770379767.285301,0.0,119.046875,0.01538562569395856
1770379768.3897777,0.0,119.046875,0.01538562569395856
1770379769.5028117,0.0,119.046875,0.01538562569395856
1770379770.6097598,0.0,119.046875,0.01538562569395856
1770379771.7192583,0.0,119.046875,0.01538562569395856
1770379772.8291411,0.0,119.046875,0.01538562569395856
1770379773.9358337,0.0,119.046875,0.01538562569395856
1770379775.0420775,0.0,119.046875,0.01538562569395856
1770379776.1517208,0.0,119.046875,0.01538562569395856
1770379777.2607346,0.0,119.046875,0.01538562569395856
1770379778.3740733,0.0,119.046875,0.01538562569395856
1770379779.4825914,0.0,119.046875,0.01538562569395856
1770379780.5874174,0.0,119.046875,0.01538562569395856
1770379781.6981907,0.0,119.046875,0.01538562569395856
1770379782.9561174,0.0,119.046875,0.01538562569395856
1770379784.0587988,0.0,119.046875,0.01538562569395856
1770379785.1677363,0.0,119.046875,0.01538562569395856
1770379786.2787993,0.0,119.046875,0.01538562569395856
1770379787.3868115,0.0,119.046875,0.01538562569395856
1770379788.494319,0.0,119.046875,0.01538562569395856
1770379789.602759,0.0,119.046875,0.01538562569395856
1770379790.7135255,0.0,119.046875,0.01538562569395856
1770379791.8206923,0.0,119.046875,0.01538562569395856
1770379792.9277127,0.0,119.046875,0.01538562569395856
1770379794.037593,0.0,119.046875,0.01538562569395856
1770379795.1466281,0.0,119.046875,0.01538562569395856
1770379796.2495553,0.0,119.046875,0.01538562569395856
1770379797.3594093,0.0,119.046875,0.01538562569395856
1770379798.4676254,0.0,119.046875,0.01538562569395856
1770379799.5742764,0.0,119.046875,0.01538562569395856
1770379800.6833773,0.0,119.046875,0.01538562569395856
1770379801.787905,0.0,119.046875,0.01538562569395856
1770379802.896406,0.0,119.046875,0.01538562569395856
1770379804.0053136,0.0,119.046875,0.01538562569395856
1770379805.1140535,0.0,119.046875,0.01538562569395856
1770379806.2263515,0.0,119.046875,0.01538562569395856
1770379807.3384287,0.0,119.046875,0.01538562569395856
1770379808.447426,0.0,119.046875,0.01538562569395856
1770379809.558899,0.0,119.046875,0.01538562569395856
1770379810.6686845,0.0,119.046875,0.01538562569395856
1770379811.7736528,0.0,119.046875,0.01538562569395856
1770379812.8966904,0.0,119.046875,0.01538562569395856
1770379814.0039825,0.0,119.046875,0.01538562569395856
1770379815.1123927,0.0,119.046875,0.01538562569395856
1770379816.2219322,0.0,119.046875,0.01538562569395856
1770379817.328304,0.0,119.046875,0.01538562569395856
1770379818.445716,0.0,119.046875,0.01538562569395856
1770379819.5547082,0.0,119.046875,0.01538562569395856
1770379820.6632924,0.0,119.046875,0.01538562569395856
1770379821.775682,0.0,119.046875,0.01538562569395856
1770379822.9634507,0.0,119.046875,0.01538562569395856
1770379824.069611,0.0,119.046875,0.01538562569395856
1770379825.1793363,0.0,119.046875,0.01538562569395856
1770379826.2879293,0.0,119.046875,0.01538562569395856
1770379827.3920155,0.0,119.046875,0.01538562569395856
1770379828.5026677,0.0,119.046875,0.01538562569395856
1770379829.6111333,0.0,119.046875,0.01538562569395856
1770379830.7202923,0.0,119.046875,0.01538562569395856
1770379831.828858,0.0,119.046875,0.01538562569395856
1770379833.007098,0.0,119.046875,0.01538562569395856
1770379834.1172879,0.0,119.046875,0.01538562569395856
1770379835.2239351,0.0,119.046875,0.01538562569395856
1770379836.3321698,0.0,119.046875,0.01538562569395856
1770379837.4432359,0.0,119.046875,0.01538562569395856
1770379838.5531597,0.0,119.046875,0.01538562569395856
1770379839.6644232,0.0,119.046875,0.01538562569395856
1770379840.7744298,0.0,119.046875,0.01538562569395856
1770379841.8827074,0.0,119.046875,0.01538562569395856
1770379843.030912,0.0,119.046875,0.01538562569395856
1770379844.140646,0.0,119.046875,0.01538562569395856
1770379845.2467897,0.0,119.046875,0.01538562569395856
1770379846.3618433,0.0,119.046875,0.01538562569395856
1770379847.471713,0.0,119.046875,0.01538562569395856
1770379848.580778,0.0,119.046875,0.01538562569395856
1770379849.6923015,0.0,119.046875,0.01538562569395856
1770379850.802168,0.0,119.046875,0.01538562569395856
1770379851.9068215,0.0,119.046875,0.01538562569395856
1770379853.0972903,0.0,119.046875,0.01538562569395856
1770379854.207662,0.0,119.046875,0.01538562569395856
1770379855.313866,0.0,119.046875,0.01538562569395856
1770379856.423967,0.0,119.046875,0.01538562569395856
1770379857.5304916,0.0,119.046875,0.01538562569395856
1770379858.6381342,0.0,119.046875,0.01538562569395856
1770379859.746637,0.0,119.046875,0.01538562569395856
1770379860.8605115,0.0,119.046875,0.01538562569395856
1770379861.973023,0.0,119.046875,0.01538562569395856
1770379863.083506,0.0,119.046875,0.01538562569395856
1770379864.1928988,0.0,119.046875,0.01538562569395856
1770379865.3029513,0.0,119.046875,0.01538562569395856
1770379866.4127243,0.0,119.046875,0.01538562569395856
1770379867.5184698,0.0,119.046875,0.01538562569395856
1770379868.628441,0.0,119.046875,0.01538562569395856
1770379869.7397876,0.0,119.046875,0.01538562569395856
1770379870.843306,0.0,119.046875,0.01538562569395856
1770379871.9566102,0.0,119.046875,0.01538562569395856
1770379873.0633256,0.0,119.046875,0.01538562569395856
1770379874.1781206,0.0,119.046875,0.01538562569395856
1770379875.2880592,0.0,119.046875,0.01538562569395856
1770379876.396256,0.0,119.046875,0.01538562569395856
1770379877.5060797,0.0,119.046875,0.01538562569395856
1770379878.612007,0.0,119.046875,0.01538562569395856
1770379879.7263775,0.0,119.046875,0.01538562569395856
1770379880.8367875,0.0,119.046875,0.01538562569395856
1770379881.9462707,0.0,119.046875,0.01538562569395856
1770379883.062205,0.0,119.046875,0.01538562569395856
1770379884.1726966,0.0,119.046875,0.01538562569395856
1770379885.2805614,0.0,119.046875,0.01538562569395856
1770379886.3866673,0.0,119.046875,0.01538562569395856
1770379887.4959912,0.0,119.046875,0.01538562569395856
1770379888.6068747,0.0,119.046875,0.01538562569395856
1770379889.7242162,0.0,119.046875,0.01538562569395856
1770379890.839642,0.0,119.046875,0.01538562569395856
1770379891.9487596,0.0,119.046875,0.01538562569395856
1770379893.0630796,0.0,119.046875,0.01538562569395856
1770379894.172611,0.0,119.046875,0.01538562569395856
1770379895.2784865,0.0,119.046875,0.01538562569395856
1770379896.387838,0.0,119.046875,0.01538562569395856
1770379897.497039,0.0,119.046875,0.01538562569395856
1770379898.6037009,0.0,119.046875,0.01538562569395856
1770379899.7164228,0.0,119.046875,0.01538562569395856
1770379900.8232648,0.0,119.046875,0.01538562569395856
1770379901.9310958,0.0,119.046875,0.01538562569395856
1770379903.0482402,0.0,119.046875,0.01538562569395856
1770379904.155523,0.0,119.046875,0.01538562569395856
1770379905.2704144,0.0,119.046875,0.01538562569395856
1770379906.3786094,0.0,119.046875,0.01538562569395856
1770379907.4897864,0.0,119.046875,0.01538562569395856
1770379908.6000574,0.0,119.046875,0.01538562569395856
1770379909.709073,0.0,119.046875,0.01538562569395856
1770379910.8202443,0.0,119.046875,0.01538562569395856
1770379911.930184,0.0,119.046875,0.01538562569395856
1770379913.0437973,0.0,119.046875,0.01538562569395856
1770379914.1508312,0.0,119.046875,0.01538562569395856
1770379915.2610593,0.0,119.046875,0.01538562569395856
1770379916.364273,0.0,119.046875,0.01538562569395856
1770379917.472254,0.0,119.046875,0.01538562569395856
1770379918.5817134,0.0,119.046875,0.01538562569395856
1770379919.6895747,0.0,119.046875,0.01538562569395856
1770379920.7990046,0.0,119.046875,0.01538562569395856
1770379921.9096003,0.0,119.046875,0.01538562569395856
1770379923.018846,0.0,119.046875,0.01538562569395856
1770379924.1252358,0.0,119.046875,0.01538562569395856
1770379925.2425354,0.0,119.046875,0.01538562569395856
1770379926.349557,0.0,119.046875,0.01538562569395856
1770379927.459353,0.0,119.046875,0.01538562569395856
1770379928.5681777,0.0,119.046875,0.01538562569395856
1770379929.6755807,0.0,119.046875,0.01538562569395856
1770379930.7856092,0.0,119.046875,0.01538562569395856
1770379931.8909714,0.0,119.046875,0.01538562569395856
1770379933.0032141,0.0,119.046875,0.01538562569395856
1770379934.1108284,0.0,119.046875,0.01538562569395856
1770379935.2180626,0.0,119.046875,0.01538562569395856
1770379936.3294458,0.0,119.046875,0.01538562569395856
1770379937.4355211,0.0,119.046875,0.01538562569395856
1770379938.5555992,0.0,119.046875,0.01538562569395856
1770379939.6659367,0.0,119.046875,0.01538562569395856
1770379940.774222,0.0,119.046875,0.01538562569395856
1770379941.8766344,0.0,119.046875,0.01538562569395856
1770379942.9860637,0.0,119.046875,0.01538562569395856
1770379944.0907574,0.0,119.046875,0.01538562569395856
1770379945.1957486,0.0,119.046875,0.01538562569395856
1770379946.3050714,0.0,119.046875,0.01538562569395856
1770379947.4128282,0.0,119.046875,0.01538562569395856
1770379948.525285,0.0,119.046875,0.01538562569395856
1770379949.632324,0.0,119.046875,0.01538562569395856
1770379950.7407327,0.0,119.046875,0.01538562569395856
1770379951.8498297,0.0,119.046875,0.01538562569395856
1770379952.9586246,0.0,119.046875,0.01538562569395856
1770379954.061109,0.0,119.046875,0.01538562569395856
1770379955.1708667,0.0,119.046875,0.01538562569395856
1770379956.2779713,0.0,119.046875,0.01538562569395856
1770379957.3839195,0.0,119.046875,0.01538562569395856
1770379958.4934719,0.0,119.046875,0.01538562569395856
1770379959.598368,0.0,119.046875,0.01538562569395856
1770379960.7105415,0.0,119.046875,0.01538562569395856
1770379961.8190157,0.0,119.046875,0.01538562569395856
1770379962.9208238,0.0,119.046875,0.01538562569395856
1770379964.0322165,0.0,119.046875,0.01538562569395856
1770379965.1394098,0.0,119.046875,0.01538562569395856
1770379966.2471967,0.0,119.046875,0.01538562569395856
1770379967.3559308,0.0,119.046875,0.01538562569395856
1770379968.4686732,0.0,119.046875,0.01538562569395856
1770379969.573874,0.0,119.046875,0.01538562569395856
1770379970.681523,0.0,119.046875,0.01538562569395856
1770379971.789998,0.0,119.046875,0.01538562569395856
1770379972.8967514,0.0,119.046875,0.01538562569395856
1770379974.0058744,0.0,119.046875,0.01538562569395856
1770379975.1113114,0.0,119.046875,0.01538562569395856
1770379976.2235305,0.0,119.046875,0.01538562569395856
1770379977.331565,0.0,119.046875,0.01538562569395856
1770379978.4387238,0.0,119.046875,0.01538562569395856
1770379979.5481403,0.0,119.046875,0.01538562569395856
1770379980.6546857,0.0,119.046875,0.01538562569395856
1770379981.7631648,0.0,119.046875,0.01538562569395856
1770379982.871297,0.0,119.046875,0.01538562569395856
1770379983.9798946,0.0,119.046875,0.01538562569395856
1770379985.0858026,0.0,119.046875,0.01538562569395856
1770379986.1948304,0.0,119.046875,0.01538562569395856
1770379987.2982776,0.0,119.046875,0.01538562569395856
1770379988.4098532,0.0,119.046875,0.01538562569395856
1770379989.5227773,0.0,119.046875,0.01538562569395856
1770379990.62838,0.0,119.046875,0.01538562569395856
1770379991.7408934,0.0,119.046875,0.01538562569395856
1770379992.848777,0.0,119.046875,0.01538562569395856
1770379993.9571805,0.0,119.046875,0.01538562569395856
1770379995.0667615,0.0,119.046875,0.01538562569395856
1770379996.170596,0.0,119.046875,0.01538562569395856
1770379997.2781596,0.0,119.046875,0.01538562569395856
1770379998.3865051,0.0,119.046875,0.01538562569395856
1770379999.4953246,0.0,119.046875,0.01538562569395856
1770380000.6057923,0.0,119.046875,0.01538562569395856
1770380001.715077,0.0,119.046875,0.01538562569395856
1770380002.8232245,0.0,119.046875,0.01538562569395856
1770380003.933119,0.0,119.046875,0.01538562569395856
1770380005.042606,0.0,119.046875,0.01538562569395856
1770380006.145422,0.0,119.046875,0.01538562569395856
1770380007.2566717,0.0,119.046875,0.01538562569395856
1770380008.364137,0.0,119.046875,0.01538562569395856
1770380009.472649,0.0,119.046875,0.01538562569395856
1770380010.5839386,0.0,119.046875,0.01538562569395856
1770380011.6955972,0.0,119.046875,0.01538562569395856
1770380012.8017042,0.0,119.046875,0.01538562569395856
1770380013.9116182,0.0,119.046875,0.01538562569395856
1770380015.0200853,0.0,119.046875,0.01538562569395856
1770380016.128275,0.0,119.046875,0.01538562569395856
1770380017.2367702,0.0,119.046875,0.01538562569395856
1770380018.3419428,0.0,119.046875,0.01538562569395856
1770380019.451109,0.0,119.046875,0.01538562569395856
1770380020.559308,0.0,119.046875,0.01538562569395856
1770380021.6731868,0.0,119.046875,0.01538562569395856
1770380022.7842212,0.0,119.046875,0.01538562569395856
1770380023.89108,0.0,119.046875,0.01538562569395856
1770380025.000314,0.0,119.046875,0.01538562569395856
1770380026.1101174,0.0,119.046875,0.01538562569395856
1770380027.2177196,0.0,119.046875,0.01538562569395856
1770380028.3243449,0.0,119.046875,0.01538562569395856
1770380029.4338222,0.0,119.046875,0.01538562569395856
1770380030.5426195,0.0,119.046875,0.01538562569395856
1770380031.6517012,0.0,119.046875,0.01538562569395856
1770380032.7642837,0.0,119.046875,0.01538562569395856
1770380033.8685076,0.0,119.046875,0.01538562569395856
1770380034.9804308,0.0,119.046875,0.01538562569395856
1770380036.0893102,0.0,119.046875,0.01538562569395856
1770380037.1948175,0.0,119.046875,0.01538562569395856
1770380038.30535,0.0,119.046875,0.01538562569395856
1770380039.4117045,0.0,119.046875,0.01538562569395856
1770380040.5198817,0.0,119.046875,0.01538562569395856
1770380041.628375,0.0,119.046875,0.01538562569395856
1770380042.7366374,0.0,119.046875,0.01538562569395856
1770380043.8436384,0.0,119.046875,0.01538562569395856
1770380044.9523292,0.0,119.046875,0.01538562569395856
1770380046.0573442,0.0,119.046875,0.01538562569395856
1770380047.1678607,0.0,119.046875,0.01538562569395856
1770380048.2776673,0.0,119.046875,0.01538562569395856
1770380049.381664,0.0,119.046875,0.01538562569395856
1770380050.4933794,0.0,119.046875,0.01538562569395856
1770380051.6030705,0.0,119.046875,0.01538562569395856
1770380052.7108154,0.0,119.046875,0.01538562569395856
1770380053.825329,0.0,119.046875,0.01538562569395856
1770380054.9331517,0.0,119.046875,0.01538562569395856
1770380056.0420663,0.0,119.046875,0.01538562569395856
1770380057.1513927,0.0,119.046875,0.01538562569395856
1770380058.260388,0.0,119.046875,0.01538562569395856
1770380059.374186,0.0,119.046875,0.01538562569395856
1770380060.483025,0.0,119.046875,0.01538562569395856
1770380061.5894341,0.0,119.046875,0.01538562569395856
1770380062.6984508,0.0,119.046875,0.01538562569395856
1770380063.806982,0.0,119.046875,0.01538562569395856
1770380064.9154246,0.0,119.046875,0.01538562569395856
1770380066.0251105,0.0,119.046875,0.01538562569395856
1770380067.1342735,0.0,119.046875,0.01538562569395856
1770380068.2485275,8.108108108210152,119.1640625,0.015400771013909301
1770380069.3606784,17.11711711688374,119.1640625,0.015400771013909301
1770380070.4749608,6.306306306385674,119.1640625,0.015400771013909301
1770380071.5892482,5.35714285716513,119.1640625,0.015400771013909301
1770380072.6998932,0.0,119.1640625,0.015400771013909301
1770380073.8146698,0.0,119.1640625,0.015400771013909301
1770380074.928296,0.0,119.1640625,0.015400771013909301
1770380076.0434985,0.0,119.1640625,0.015400771013909301
1770380077.1534865,0.0,119.1640625,0.015400771013909301
1770380078.2664058,0.0,119.1640625,0.015400771013909301
1770380079.3783298,0.0,119.1640625,0.015400771013909301
1770380080.4906769,0.0,119.1640625,0.015400771013909301
1770380081.6006687,0.0,119.1640625,0.015400771013909301
1770380082.7132378,0.0,119.1640625,0.015400771013909301
1770380083.826025,0.0,119.1640625,0.015400771013909301
1770380084.938495,0.0,119.1640625,0.015400771013909301
1770380086.055089,0.0,119.1640625,0.015400771013909301
1770380087.171332,0.0,119.1640625,0.015400771013909301
1770380088.2842822,0.0,119.1640625,0.015400771013909301
1770380089.3972147,0.0,119.1640625,0.015400771013909301
1770380090.5108995,0.0,119.1640625,0.015400771013909301
1770380091.6271157,0.0,119.1640625,0.015400771013909301
1770380092.7391467,0.0,119.1640625,0.015400771013909301
1770380093.8832061,0.0,119.1640625,0.015400771013909301
1770380094.9947436,0.0,119.1640625,0.015400771013909301
1770380096.1044078,0.0,119.1640625,0.015400771013909301
1770380097.2158039,0.0,119.1640625,0.015400771013909301
1770380098.3250964,0.0,119.1640625,0.015400771013909301
1770380099.4350603,0.0,119.1640625,0.015400771013909301
1770380100.5439305,0.0,119.1640625,0.015400771013909301
1770380101.6527877,0.0,119.1640625,0.015400771013909301
1770380102.7655215,0.0,119.1640625,0.015400771013909301
1770380103.8754046,0.0,119.1640625,0.015400771013909301
1770380104.9842448,0.0,119.1640625,0.015400771013909301
1770380106.093466,0.0,119.1640625,0.015400771013909301
1770380107.2075603,0.0,119.1640625,0.015400771013909301
1770380108.3170433,0.0,119.1640625,0.015400771013909301
1770380109.4261973,0.0,119.1640625,0.015400771013909301
1770380110.5350475,0.0,119.1640625,0.015400771013909301
1770380111.6552253,0.0,119.1640625,0.015400771013909301
1770380112.764239,0.0,119.1640625,0.015400771013909301
1770380113.8734207,0.0,119.1640625,0.015400771013909301
1770380114.983914,0.0,119.1640625,0.015400771013909301
1770380116.092851,0.0,119.1640625,0.015400771013909301
1770380117.20185,0.0,119.1640625,0.015400771013909301
1770380118.314568,0.0,119.1640625,0.015400771013909301
1770380119.4235878,11.607142857191116,119.1640625,0.015400771013909301
1770380120.5326273,0.0,119.1640625,0.015400771013909301
1770380121.644293,0.0,119.1640625,0.015400771013909301
1770380122.761761,0.0,119.1640625,0.015400771013909301
1770380123.8776593,0.0,119.1640625,0.015400771013909301
1770380124.9894469,0.0,119.1640625,0.015400771013909301
1770380126.098749,0.0,119.1640625,0.015400771013909301
1770380127.2075324,0.0,119.1640625,0.015400771013909301
1770380128.37735,0.0,119.1640625,0.015400771013909301
1770380129.4977229,0.0,119.1640625,0.015400771013909301
1770380130.612576,0.0,119.1640625,0.015400771013909301
1770380131.7242267,0.0,119.1640625,0.015400771013909301
1770380132.8338342,0.0,119.1640625,0.015400771013909301
1770380133.9439993,0.0,119.1640625,0.015400771013909301
1770380135.066982,0.0,119.1640625,0.015400771013909301
1770380136.177225,0.0,119.1640625,0.015400771013909301
1770380137.2890646,0.0,119.1640625,0.015400771013909301
1770380138.4715843,0.0,119.1640625,0.015400771013909301
1770380139.5921357,0.0,119.1640625,0.015400771013909301
1770380140.7033138,0.0,119.1640625,0.015400771013909301
1770380141.813741,0.0,119.1640625,0.015400771013909301
1770380142.9257116,0.0,119.1640625,0.015400771013909301
1770380144.0370882,0.0,119.1640625,0.015400771013909301
1770380145.147195,0.0,119.1640625,0.015400771013909301
1770380146.2617292,0.0,119.1640625,0.015400771013909301
1770380147.3725817,0.0,119.1640625,0.015400771013909301
1770380148.4821692,0.0,119.1640625,0.015400771013909301
1770380149.5927792,0.0,119.1640625,0.015400771013909301
1770380150.7013845,0.0,119.1640625,0.015400771013909301
1770380151.815962,0.0,119.1640625,0.015400771013909301
1770380152.925834,0.0,119.1640625,0.015400771013909301
1770380154.0355318,0.0,119.1640625,0.015400771013909301
1770380155.1475618,0.0,119.1640625,0.015400771013909301
1770380156.2570095,0.0,119.1640625,0.015400771013909301
1770380157.366041,0.0,119.1640625,0.015400771013909301
1770380158.4819746,0.0,119.1640625,0.015400771013909301
1770380159.5912051,0.0,119.1640625,0.015400771013909301
1770380160.7000508,0.0,119.1640625,0.015400771013909301
1770380161.8112605,0.0,119.1640625,0.015400771013909301
1770380162.9207187,0.0,119.1640625,0.015400771013909301
1770380164.03536,0.0,119.1640625,0.015400771013909301
1770380165.1456006,0.0,119.1640625,0.015400771013909301
1770380166.2555053,0.0,119.1640625,0.015400771013909301
1770380167.368031,0.0,119.1640625,0.015400771013909301
1770380168.5382392,0.0,119.1640625,0.015400771013909301
1770380169.6586483,10.810810810946869,119.26953125,0.015414401801864966
1770380170.77,0.0,119.26953125,0.015414401801864966
1770380171.8834717,0.0,119.26953125,0.015414401801864966
1770380172.9934468,0.0,119.26953125,0.015414401801864966
1770380174.103132,0.0,119.26953125,0.015414401801864966
1770380175.2164636,0.0,119.26953125,0.015414401801864966
1770380176.3327699,0.0,119.26953125,0.015414401801864966
1770380177.4490256,0.0,119.26953125,0.015414401801864966
1770380178.6126919,0.0,119.26953125,0.015414401801864966
1770380179.7247174,0.0,119.26953125,0.015414401801864966
1770380180.8341947,0.0,119.26953125,0.015414401801864966
1770380181.944124,0.0,119.26953125,0.015414401801864966
1770380183.0575001,0.0,119.26953125,0.015414401801864966
1770380184.166529,0.0,119.26953125,0.015414401801864966
1770380185.277976,0.0,119.26953125,0.015414401801864966
1770380186.3907876,0.0,119.26953125,0.015414401801864966
1770380187.5002103,0.0,119.26953125,0.015414401801864966
1770380188.6183321,0.0,119.26953125,0.015414401801864966
1770380189.7365506,0.0,119.26953125,0.015414401801864966
1770380190.8470325,0.0,119.26953125,0.015414401801864966
1770380191.9601817,0.0,119.26953125,0.015414401801864966
1770380193.0711346,0.0,119.26953125,0.015414401801864966
1770380194.1810422,0.0,119.26953125,0.015414401801864966
1770380195.2924628,0.0,119.26953125,0.015414401801864966
1770380196.4017365,0.0,119.26953125,0.015414401801864966
1770380197.513187,0.0,119.26953125,0.015414401801864966
1770380198.623702,0.0,119.26953125,0.015414401801864966
1770380199.735992,0.0,119.26953125,0.015414401801864966
1770380200.8500702,0.0,119.26953125,0.015414401801864966
1770380201.9605315,0.0,119.26953125,0.015414401801864966
1770380203.0708551,0.0,119.26953125,0.015414401801864966
1770380204.1879363,0.0,119.26953125,0.015414401801864966
1770380205.298133,0.0,119.26953125,0.015414401801864966
1770380206.4087489,0.0,119.26953125,0.015414401801864966
1770380207.5237393,0.0,119.26953125,0.015414401801864966
1770380208.636109,0.0,119.26953125,0.015414401801864966
1770380209.7451506,0.0,119.26953125,0.015414401801864966
1770380210.8577847,0.0,119.26953125,0.015414401801864966
1770380211.9711387,0.0,119.26953125,0.015414401801864966
1770380213.0806816,0.0,119.26953125,0.015414401801864966
1770380214.1939046,0.0,119.26953125,0.015414401801864966
1770380215.304476,0.0,119.26953125,0.015414401801864966
1770380216.4167025,0.0,119.26953125,0.015414401801864966
1770380217.5327735,0.0,119.26953125,0.015414401801864966
1770380218.6415672,0.0,119.26953125,0.015414401801864966
1770380219.7541044,0.0,119.26953125,0.015414401801864966
1770380220.8632956,0.0,119.26953125,0.015414401801864966
1770380221.9725873,0.0,119.26953125,0.015414401801864966
1770380223.0853288,0.0,119.26953125,0.015414401801864966
1770380224.1947072,0.0,119.26953125,0.015414401801864966
1770380225.3120878,0.0,119.26953125,0.015414401801864966
1770380226.4252293,0.0,119.26953125,0.015414401801864966
1770380227.5355337,0.0,119.26953125,0.015414401801864966
1770380228.6540468,0.0,119.26953125,0.015414401801864966
1770380229.764568,0.0,119.26953125,0.015414401801864966
1770380230.8752627,0.0,119.26953125,0.015414401801864966
1770380231.989071,0.0,119.26953125,0.015414401801864966
1770380233.1007137,0.0,119.26953125,0.015414401801864966
1770380234.2139375,0.0,119.26953125,0.015414401801864966
1770380235.3254566,0.0,119.26953125,0.015414401801864966
1770380236.43913,0.0,119.26953125,0.015414401801864966
1770380237.552364,0.0,119.26953125,0.015414401801864966
1770380238.6635382,0.0,119.26953125,0.015414401801864966
1770380239.7730706,0.0,119.26953125,0.015414401801864966
1770380240.8916185,0.0,119.26953125,0.015414401801864966
1770380242.0036912,0.0,119.26953125,0.015414401801864966
1770380243.1200159,0.0,119.26953125,0.015414401801864966
1770380244.2331672,0.0,119.26953125,0.015414401801864966
1770380245.3424852,0.0,119.26953125,0.015414401801864966
1770380246.4524004,0.0,119.26953125,0.015414401801864966
1770380247.5633357,0.0,119.26953125,0.015414401801864966
1770380248.6746128,0.0,119.26953125,0.015414401801864966
1770380249.7840688,0.0,119.26953125,0.015414401801864966
1770380250.8986518,0.0,119.26953125,0.015414401801864966
1770380252.011434,0.0,119.26953125,0.015414401801864966
1770380253.1220372,0.0,119.26953125,0.015414401801864966
1770380254.2592878,0.0,119.26953125,0.015414401801864966
1770380255.3700535,0.0,119.26953125,0.015414401801864966
1770380256.4833822,0.0,119.26953125,0.015414401801864966
1770380257.5985694,0.0,119.26953125,0.015414401801864966
1770380258.7076333,0.0,119.26953125,0.015414401801864966
1770380259.8198013,0.0,119.26953125,0.015414401801864966
1770380260.9294858,0.0,119.26953125,0.015414401801864966
1770380262.0395665,0.0,119.26953125,0.015414401801864966
1770380263.1526897,0.0,119.26953125,0.015414401801864966
1770380264.258373,0.0,119.26953125,0.015414401801864966
1770380265.3661988,0.0,119.26953125,0.015414401801864966
1770380266.4805772,0.0,119.26953125,0.015414401801864966
1770380267.587935,0.0,119.26953125,0.015414401801864966
1770380268.701904,0.0,119.26953125,0.015414401801864966
1770380269.810242,0.0,119.26953125,0.015414401801864966
1770380270.918887,0.0,119.26953125,0.015414401801864966
1770380272.0307705,0.0,119.26953125,0.015414401801864966
1770380273.1392055,0.0,119.26953125,0.015414401801864966
1770380274.2478018,0.0,119.26953125,0.015414401801864966
1770380275.3574543,0.0,119.26953125,0.015414401801864966
1770380276.4678009,0.0,119.26953125,0.015414401801864966
1770380277.5788004,0.0,119.26953125,0.015414401801864966
1770380278.692705,0.0,119.26953125,0.015414401801864966
1770380279.798818,0.0,119.26953125,0.015414401801864966
1770380280.9062493,0.0,119.26953125,0.015414401801864966
1770380282.0157363,0.0,119.26953125,0.015414401801864966
1770380283.1212513,0.0,119.26953125,0.015414401801864966
1770380284.23267,0.0,119.26953125,0.015414401801864966
1770380285.344942,0.0,119.26953125,0.015414401801864966
1770380286.4538183,0.0,119.26953125,0.015414401801864966
1770380287.5639343,0.0,119.26953125,0.015414401801864966
1770380288.677375,0.0,119.26953125,0.015414401801864966
1770380289.7885165,0.0,119.26953125,0.015414401801864966
1770380290.904255,0.0,119.26953125,0.015414401801864966
1770380292.012736,0.0,119.26953125,0.015414401801864966
1770380293.1200218,0.0,119.26953125,0.015414401801864966
1770380294.2317681,0.0,119.26953125,0.015414401801864966
1770380295.3387814,0.0,119.26953125,0.015414401801864966
1770380296.456358,0.0,119.26953125,0.015414401801864966
1770380297.5657248,0.0,119.26953125,0.015414401801864966
1770380298.6739635,0.0,119.26953125,0.015414401801864966
1770380299.784478,0.0,119.26953125,0.015414401801864966
1770380300.893081,0.0,119.26953125,0.015414401801864966
1770380302.0041788,0.0,119.26953125,0.015414401801864966
1770380303.1204805,0.0,119.26953125,0.015414401801864966
1770380304.2308075,0.0,119.26953125,0.015414401801864966
1770380305.3383741,0.0,119.26953125,0.015414401801864966
1770380306.448238,0.0,119.26953125,0.015414401801864966
1770380307.5562325,0.0,119.26953125,0.015414401801864966
1770380308.6623352,0.0,119.26953125,0.015414401801864966
1770380309.7713435,0.0,119.26953125,0.015414401801864966
1770380310.8836985,0.0,119.26953125,0.015414401801864966
1770380312.000192,0.0,119.26953125,0.015414401801864966
1770380313.1103196,0.0,119.26953125,0.015414401801864966
1770380314.2215264,0.0,119.26953125,0.015414401801864966
1770380315.333013,0.0,119.26953125,0.015414401801864966
1770380316.4430106,0.0,119.26953125,0.015414401801864966
1770380317.5493724,0.0,119.26953125,0.015414401801864966
1770380318.6597333,0.0,119.26953125,0.015414401801864966
1770380319.7691183,0.0,119.26953125,0.015414401801864966
1770380320.8776727,0.0,119.26953125,0.015414401801864966
1770380321.9897392,0.0,119.26953125,0.015414401801864966
1770380323.0942638,0.0,119.26953125,0.015414401801864966
1770380324.2040102,0.0,119.26953125,0.015414401801864966
1770380325.3153527,0.0,119.26953125,0.015414401801864966
1770380326.4185395,0.0,119.26953125,0.015414401801864966
1770380327.5316787,0.0,119.26953125,0.015414401801864966
1770380328.6406958,0.0,119.26953125,0.015414401801864966
1770380329.7492945,0.0,119.26953125,0.015414401801864966
1770380330.859947,0.0,119.26953125,0.015414401801864966
1770380331.9690154,0.0,119.26953125,0.015414401801864966
1770380333.0755324,0.0,119.26953125,0.015414401801864966
1770380334.1848896,0.0,119.26953125,0.015414401801864966
1770380335.293982,0.0,119.26953125,0.015414401801864966
1770380336.4034376,0.0,119.26953125,0.015414401801864966
1770380337.512595,0.0,119.26953125,0.015414401801864966
1770380338.6192317,0.0,119.26953125,0.015414401801864966
1770380339.733853,0.0,119.26953125,0.015414401801864966
1770380340.8460486,0.0,119.26953125,0.015414401801864966
1770380341.9540415,0.0,119.26953125,0.015414401801864966
1770380343.067471,0.0,119.26953125,0.015414401801864966
1770380344.1768699,0.0,119.26953125,0.015414401801864966
1770380345.2858522,0.0,119.26953125,0.015414401801864966
1770380346.3948226,0.0,119.26953125,0.015414401801864966
1770380347.5033267,0.0,119.26953125,0.015414401801864966
1770380348.6112778,0.0,119.26953125,0.015414401801864966
1770380349.7215357,0.0,119.26953125,0.015414401801864966
1770380350.8344293,0.0,119.26953125,0.015414401801864966
1770380351.9384747,0.0,119.26953125,0.015414401801864966
1770380353.0471516,0.0,119.26953125,0.015414401801864966
1770380354.1540732,0.0,119.26953125,0.015414401801864966
1770380355.266698,0.0,119.26953125,0.015414401801864966
1770380356.3751495,0.0,119.26953125,0.015414401801864966
1770380357.484128,0.0,119.26953125,0.015414401801864966
1770380358.594173,0.0,119.26953125,0.015414401801864966
1770380359.703945,0.0,119.26953125,0.015414401801864966
1770380360.8125837,0.0,119.26953125,0.015414401801864966
1770380361.9211566,0.0,119.26953125,0.015414401801864966
1770380363.0372505,0.0,119.26953125,0.015414401801864966
1770380364.1465108,0.0,119.26953125,0.015414401801864966
1770380365.2555728,0.0,119.26953125,0.015414401801864966
1770380366.3619487,0.0,119.26953125,0.015414401801864966
1770380367.4761496,0.0,119.26953125,0.015414401801864966
1770380368.5860717,0.0,119.26953125,0.015414401801864966
1770380369.692816,0.0,119.26953125,0.015414401801864966
1770380370.8054264,0.0,119.26953125,0.015414401801864966
1770380371.9120302,0.0,119.26953125,0.015414401801864966
1770380373.0259871,0.0,119.26953125,0.015414401801864966
1770380374.136496,0.0,119.26953125,0.015414401801864966
1770380375.2493467,0.0,119.26953125,0.015414401801864966
1770380376.3538089,0.0,119.26953125,0.015414401801864966
1770380377.4624293,0.0,119.26953125,0.015414401801864966
1770380378.5727487,0.0,119.26953125,0.015414401801864966
1770380379.6763322,0.0,119.26953125,0.015414401801864966
1770380380.797179,0.0,119.26953125,0.015414401801864966
1770380381.9050817,0.0,119.26953125,0.015414401801864966
1770380383.0149045,0.0,119.26953125,0.015414401801864966
1770380384.1231935,0.0,119.26953125,0.015414401801864966
1770380385.2283504,0.0,119.26953125,0.015414401801864966
1770380386.3403118,0.0,119.26953125,0.015414401801864966
1770380387.4468126,0.0,119.26953125,0.015414401801864966
1770380388.5553339,0.0,119.26953125,0.015414401801864966
1770380389.6678836,0.0,119.26953125,0.015414401801864966
1770380390.7764962,0.0,119.26953125,0.015414401801864966
1770380391.8924968,0.0,119.26953125,0.015414401801864966
1770380393.003399,0.0,119.26953125,0.015414401801864966
1770380394.1144423,0.0,119.26953125,0.015414401801864966
1770380395.2292411,0.0,119.26953125,0.015414401801864966
1770380396.3386612,0.0,119.26953125,0.015414401801864966
1770380397.4464438,0.0,119.26953125,0.015414401801864966
1770380398.5581741,0.0,119.26953125,0.015414401801864966
1770380399.6671414,0.0,119.26953125,0.015414401801864966
1770380400.7754493,0.0,119.26953125,0.015414401801864966
1770380401.8851595,0.0,119.26953125,0.015414401801864966
1770380402.9913306,0.0,119.26953125,0.015414401801864966
1770380404.100315,0.0,119.26953125,0.015414401801864966
1770380405.211488,0.0,119.26953125,0.015414401801864966
1770380406.3195624,0.0,119.26953125,0.015414401801864966
1770380407.430829,0.0,119.26953125,0.015414401801864966
1770380408.5471742,0.0,119.26953125,0.015414401801864966
1770380409.6534915,0.0,119.26953125,0.015414401801864966
1770380410.7637048,0.0,119.26953125,0.015414401801864966
1770380411.872111,0.0,119.26953125,0.015414401801864966
1770380412.9760764,0.0,119.26953125,0.015414401801864966
1770380414.0900238,0.0,119.26953125,0.015414401801864966
1770380415.1976633,0.0,119.26953125,0.015414401801864966
1770380416.311124,0.0,119.26953125,0.015414401801864966
1770380417.4211156,0.0,119.26953125,0.015414401801864966
1770380418.5276933,0.0,119.26953125,0.015414401801864966
1770380419.6373563,0.0,119.26953125,0.015414401801864966
1770380420.7470086,0.0,119.26953125,0.015414401801864966
1770380421.8559673,0.0,119.26953125,0.015414401801864966
1770380422.9658709,0.0,119.26953125,0.015414401801864966
1770380424.0753524,0.0,119.26953125,0.015414401801864966
1770380425.181938,0.0,119.26953125,0.015414401801864966
1770380426.2926176,0.0,119.26953125,0.015414401801864966
1770380427.4008563,0.0,119.26953125,0.015414401801864966
1770380428.5105627,0.0,119.26953125,0.015414401801864966
1770380429.6211026,0.0,119.26953125,0.015414401801864966
1770380430.7265403,0.0,119.26953125,0.015414401801864966
1770380431.83465,0.0,119.26953125,0.015414401801864966
1770380432.943437,0.0,119.26953125,0.015414401801864966
1770380434.0515115,0.0,119.26953125,0.015414401801864966
1770380435.1580827,0.0,119.26953125,0.015414401801864966
1770380436.2649062,0.0,119.26953125,0.015414401801864966
1770380437.373747,0.0,119.26953125,0.015414401801864966
1770380438.4842591,0.0,119.26953125,0.015414401801864966
1770380439.5974019,0.0,119.26953125,0.015414401801864966
1770380440.7031906,0.0,119.26953125,0.015414401801864966
1770380441.8132362,0.0,119.26953125,0.015414401801864966
1770380442.9217794,0.0,119.26953125,0.015414401801864966
1770380444.0237894,0.0,119.26953125,0.015414401801864966
1770380445.1338923,0.0,119.26953125,0.015414401801864966
1770380446.237325,0.0,119.26953125,0.015414401801864966
1770380447.3472934,0.0,119.26953125,0.015414401801864966
1770380448.457599,0.0,119.26953125,0.015414401801864966
1770380449.5659325,0.0,119.26953125,0.015414401801864966
1770380450.6701684,0.0,119.26953125,0.015414401801864966
1770380451.776717,0.0,119.26953125,0.015414401801864966
1770380452.8853545,0.0,119.26953125,0.015414401801864966
1770380453.9950955,0.0,119.26953125,0.015414401801864966
1770380455.1036155,0.0,119.26953125,0.015414401801864966
1770380456.2070634,0.0,119.26953125,0.015414401801864966
1770380457.3163562,0.0,119.26953125,0.015414401801864966
1770380458.423692,0.0,119.26953125,0.015414401801864966
1770380459.5315392,0.0,119.26953125,0.015414401801864966
1770380460.647536,0.0,119.26953125,0.015414401801864966
1770380461.756968,0.0,119.26953125,0.015414401801864966
1770380462.866355,0.0,119.26953125,0.015414401801864966
1770380463.9753914,0.0,119.26953125,0.015414401801864966
1770380465.0841007,0.0,119.26953125,0.015414401801864966
1770380466.195224,0.0,119.26953125,0.015414401801864966
1770380467.3042634,0.0,119.26953125,0.015414401801864966
1770380468.409041,0.0,119.26953125,0.015414401801864966
1770380469.518529,0.0,119.26953125,0.015414401801864966
1770380470.6269147,0.0,119.26953125,0.015414401801864966
1770380471.7360241,0.0,119.26953125,0.015414401801864966
1770380472.8454604,0.0,119.26953125,0.015414401801864966
1770380473.9549425,0.0,119.26953125,0.015414401801864966
1770380475.0678394,6.306306306220326,119.26953125,0.015414401801864966
1770380476.181057,18.01801801824478,119.26953125,0.015414401801864966
1770380477.2957509,7.207207207108943,119.26953125,0.015414401801864966
1770380478.413043,7.142857142886841,119.26953125,0.015414401801864966
1770380479.5238976,0.0,119.26953125,0.015414401801864966
1770380480.638633,0.0,119.26953125,0.015414401801864966
1770380481.7533584,0.0,119.26953125,0.015414401801864966
1770380482.8701692,0.0,119.26953125,0.015414401801864966
1770380483.980602,0.0,119.26953125,0.015414401801864966
1770380485.093666,0.0,119.26953125,0.015414401801864966
1770380486.2064784,0.0,119.26953125,0.015414401801864966
1770380487.319397,0.0,119.26953125,0.015414401801864966
1770380488.4359422,0.0,119.26953125,0.015414401801864966
1770380489.547624,0.0,119.26953125,0.015414401801864966
1770380490.6604526,0.0,119.26953125,0.015414401801864966
1770380491.7743292,0.0,119.26953125,0.015414401801864966
1770380492.890738,0.0,119.26953125,0.015414401801864966
1770380494.0015452,0.0,119.26953125,0.015414401801864966
1770380495.1143956,0.0,119.26953125,0.015414401801864966
1770380496.2267108,0.0,119.26953125,0.015414401801864966
1770380497.3389006,0.0,119.26953125,0.015414401801864966
1770380498.4521189,0.0,119.26953125,0.015414401801864966
1770380499.565522,0.0,119.26953125,0.015414401801864966
1770380500.6763375,0.0,119.26953125,0.015414401801864966
1770380501.7895052,0.0,119.26953125,0.015414401801864966
1770380502.899609,0.0,119.26953125,0.015414401801864966
1770380504.0109637,0.0,119.26953125,0.015414401801864966
1770380505.1204875,0.0,119.26953125,0.015414401801864966
1770380506.23643,0.0,119.26953125,0.015414401801864966
1770380507.3477614,0.0,119.26953125,0.015414401801864966
1770380508.460486,0.0,119.26953125,0.015414401801864966
1770380509.5733764,0.0,119.26953125,0.015414401801864966
1770380510.6832085,0.0,119.26953125,0.015414401801864966
1770380511.7929506,0.0,119.26953125,0.015414401801864966
1770380512.9033933,0.0,119.26953125,0.015414401801864966
1770380514.0144835,0.0,119.26953125,0.015414401801864966
1770380515.12421,0.0,119.26953125,0.015414401801864966
1770380516.2339566,0.0,119.26953125,0.015414401801864966
1770380517.3437674,0.0,119.26953125,0.015414401801864966
1770380518.4544208,0.0,119.26953125,0.015414401801864966
1770380519.5635817,0.0,119.26953125,0.015414401801864966
1770380520.6738513,0.0,119.26953125,0.015414401801864966
1770380521.7865055,0.0,119.26953125,0.015414401801864966
1770380522.8967054,0.0,119.26953125,0.015414401801864966
1770380524.0061338,0.0,119.26953125,0.015414401801864966
1770380525.1203291,0.0,119.26953125,0.015414401801864966
1770380526.2323139,0.0,119.26953125,0.015414401801864966
1770380527.344749,0.0,119.26953125,0.015414401801864966
1770380528.4567542,0.0,119.26953125,0.015414401801864966
1770380529.5668848,0.0,119.26953125,0.015414401801864966
1770380530.6769795,0.0,119.26953125,0.015414401801864966
1770380531.7888205,0.0,119.26953125,0.015414401801864966
1770380532.8980985,0.0,119.26953125,0.015414401801864966
1770380534.008244,0.0,119.26953125,0.015414401801864966
1770380535.1176496,0.0,119.26953125,0.015414401801864966
1770380536.2275193,0.0,119.26953125,0.015414401801864966
1770380537.3383715,0.0,119.26953125,0.015414401801864966
1770380538.449152,0.0,119.26953125,0.015414401801864966
1770380539.561203,0.0,119.26953125,0.015414401801864966
1770380540.6744847,0.0,119.26953125,0.015414401801864966
1770380541.7866697,0.0,119.26953125,0.015414401801864966
1770380542.8957028,0.0,119.26953125,0.015414401801864966
1770380544.005991,0.0,119.26953125,0.015414401801864966
1770380545.1155622,0.0,119.26953125,0.015414401801864966
1770380546.232429,0.0,119.26953125,0.015414401801864966
1770380547.3431346,0.0,119.26953125,0.015414401801864966
1770380548.4542263,0.0,119.26953125,0.015414401801864966
1770380549.5645049,0.0,119.26953125,0.015414401801864966
1770380550.6785758,0.0,119.26953125,0.015414401801864966
1770380551.7891119,0.0,119.26953125,0.015414401801864966
1770380552.900512,0.0,119.26953125,0.015414401801864966
1770380554.0120826,0.0,119.26953125,0.015414401801864966
1770380555.122391,0.0,119.26953125,0.015414401801864966
1770380556.2323518,0.0,119.26953125,0.015414401801864966
1770380557.3436406,0.0,119.26953125,0.015414401801864966
1770380558.4575996,0.0,119.26953125,0.015414401801864966
1770380559.5682027,0.0,119.26953125,0.015414401801864966
1770380560.7736366,0.0,119.26953125,0.015414401801864966
1770380561.8847551,0.0,119.26953125,0.015414401801864966
1770380562.9938395,0.0,119.26953125,0.015414401801864966
1770380564.1002166,0.0,119.26953125,0.015414401801864966
1770380565.2103388,0.0,119.26953125,0.015414401801864966
1770380566.317707,0.0,119.26953125,0.015414401801864966
1770380567.424322,0.0,119.26953125,0.015414401801864966
1770380568.5358148,0.0,119.26953125,0.015414401801864966
1770380569.6413255,0.0,119.26953125,0.015414401801864966
1770380570.7496798,0.0,119.26953125,0.015414401801864966
1770380571.8585606,0.0,119.26953125,0.015414401801864966
1770380572.9673276,0.0,119.26953125,0.015414401801864966
1770380574.0817797,0.0,119.26953125,0.015414401801864966
1770380575.1884687,0.0,119.26953125,0.015414401801864966
1770380576.298259,11.71171171185911,119.26953125,0.015414401801864966
1770380577.4089224,9.909909909774797,119.453125,0.015438129469787792
1770380578.5230708,0.0,119.453125,0.015438129469787792
1770380579.628698,0.0,119.453125,0.015438129469787792
1770380580.904531,0.0,119.453125,0.015438129469787792
1770380582.021543,0.0,119.453125,0.015438129469787792
1770380583.130476,0.0,119.453125,0.015438129469787792
1770380584.2395651,0.0,119.453125,0.015438129469787792
1770380585.3453526,0.0,119.453125,0.015438129469787792
1770380586.4586556,0.0,119.453125,0.015438129469787792
1770380587.565751,0.0,119.453125,0.015438129469787792
1770380588.6766863,0.0,119.453125,0.015438129469787792
1770380589.7876143,0.0,119.453125,0.015438129469787792
1770380590.8967876,0.0,119.453125,0.015438129469787792
1770380592.003436,0.0,119.453125,0.015438129469787792
1770380593.115971,0.0,119.453125,0.015438129469787792
1770380594.2237682,0.0,119.453125,0.015438129469787792
1770380595.3343406,0.0,119.453125,0.015438129469787792
1770380596.4433742,0.0,119.453125,0.015438129469787792
1770380597.5524168,0.0,119.453125,0.015438129469787792
1770380598.6689203,0.0,119.453125,0.015438129469787792
1770380599.7833517,0.0,119.453125,0.015438129469787792
1770380600.8927379,0.0,119.453125,0.015438129469787792
1770380602.0024345,0.0,119.453125,0.015438129469787792
1770380603.1093938,0.0,119.453125,0.015438129469787792
1770380604.2208202,0.0,119.453125,0.015438129469787792
1770380605.3319125,0.0,119.453125,0.015438129469787792
1770380606.4408286,0.0,119.453125,0.015438129469787792
1770380607.546464,0.0,119.453125,0.015438129469787792
1770380608.6556041,0.0,119.453125,0.015438129469787792
1770380609.763516,0.0,119.453125,0.015438129469787792
1770380610.8685462,0.0,119.453125,0.015438129469787792
1770380611.980732,0.0,119.453125,0.015438129469787792
1770380613.090569,0.0,119.453125,0.015438129469787792
1770380614.2030373,0.0,119.453125,0.015438129469787792
1770380615.3119087,0.0,119.453125,0.015438129469787792
1770380616.4211447,0.0,119.453125,0.015438129469787792
1770380617.5314841,0.0,119.453125,0.015438129469787792
1770380618.6385205,0.0,119.453125,0.015438129469787792
1770380619.7470384,0.0,119.453125,0.015438129469787792
1770380620.860269,0.0,119.453125,0.015438129469787792
1770380621.9686823,0.0,119.453125,0.015438129469787792
1770380623.076936,0.0,119.453125,0.015438129469787792
1770380624.1892254,0.0,119.453125,0.015438129469787792
1770380625.2975855,0.0,119.453125,0.015438129469787792
1770380626.4067562,0.0,119.453125,0.015438129469787792
1770380627.5137918,0.0,119.453125,0.015438129469787792
1770380628.6215036,0.0,119.453125,0.015438129469787792
1770380629.7335062,0.0,119.453125,0.015438129469787792
1770380630.8407059,0.0,119.453125,0.015438129469787792
1770380631.9525406,0.0,119.453125,0.015438129469787792
1770380633.0625017,0.0,119.453125,0.015438129469787792
1770380634.1706667,0.0,119.453125,0.015438129469787792
1770380635.2809205,0.0,119.453125,0.015438129469787792
1770380636.390877,0.0,119.453125,0.015438129469787792
1770380637.499612,0.0,119.453125,0.015438129469787792
1770380638.6121185,0.0,119.453125,0.015438129469787792
1770380639.721871,0.0,119.453125,0.015438129469787792
1770380640.828375,0.0,119.453125,0.015438129469787792
1770380641.9374294,0.0,119.453125,0.015438129469787792
1770380643.0484548,0.0,119.453125,0.015438129469787792
1770380644.1510384,0.0,119.453125,0.015438129469787792
1770380645.2630959,0.0,119.453125,0.015438129469787792
1770380646.3696733,0.0,119.453125,0.015438129469787792
1770380647.4810581,0.0,119.453125,0.015438129469787792
1770380648.5911088,0.0,119.453125,0.015438129469787792
1770380649.7167404,0.0,119.453125,0.015438129469787792
1770380650.830483,0.0,119.453125,0.015438129469787792
1770380651.9393115,0.0,119.453125,0.015438129469787792
1770380653.0521839,0.0,119.453125,0.015438129469787792
1770380654.1681058,0.0,119.453125,0.015438129469787792
1770380655.2776556,0.0,119.453125,0.015438129469787792
1770380656.381928,0.0,119.453125,0.015438129469787792
1770380657.4924383,0.0,119.453125,0.015438129469787792
1770380658.6014843,0.0,119.453125,0.015438129469787792
1770380659.7930536,0.0,119.453125,0.015438129469787792
1770380660.9030278,0.0,119.453125,0.015438129469787792
1770380662.0110147,0.0,119.453125,0.015438129469787792
1770380663.1271837,0.0,119.453125,0.015438129469787792
1770380664.2393994,0.0,119.453125,0.015438129469787792
1770380665.3523183,0.0,119.453125,0.015438129469787792
1770380666.4635837,0.0,119.453125,0.015438129469787792
1770380667.5738084,0.0,119.453125,0.015438129469787792
1770380668.6870723,0.0,119.453125,0.015438129469787792
1770380669.8001328,0.0,119.453125,0.015438129469787792
1770380670.9089625,0.0,119.453125,0.015438129469787792
1770380672.0155644,0.0,119.453125,0.015438129469787792
1770380673.1268477,0.0,119.453125,0.015438129469787792
1770380674.2400587,0.0,119.453125,0.015438129469787792
1770380675.3488588,0.0,119.453125,0.015438129469787792
1770380676.4598434,0.0,119.453125,0.015438129469787792
1770380677.5688236,0.0,119.453125,0.015438129469787792
1770380678.6792712,0.0,119.453125,0.015438129469787792
1770380679.79028,0.0,119.453125,0.015438129469787792
1770380680.8988206,0.0,119.453125,0.015438129469787792
1770380682.006871,0.0,119.453125,0.015438129469787792
1770380683.1163433,0.0,119.453125,0.015438129469787792
1770380684.224122,0.0,119.453125,0.015438129469787792
1770380685.3352714,0.0,119.453125,0.015438129469787792
1770380686.4435892,0.0,119.453125,0.015438129469787792
1770380687.5510225,0.0,119.453125,0.015438129469787792
1770380688.6626458,0.0,119.453125,0.015438129469787792
1770380689.7686958,0.0,119.453125,0.015438129469787792
1770380690.888243,0.0,119.453125,0.015438129469787792
1770380691.9978871,0.0,119.453125,0.015438129469787792
1770380693.1073513,0.0,119.453125,0.015438129469787792
1770380694.2174838,0.0,119.453125,0.015438129469787792
1770380695.3289025,0.0,119.453125,0.015438129469787792
1770380696.4393406,0.0,119.453125,0.015438129469787792
1770380697.5484407,0.0,119.453125,0.015438129469787792
1770380698.662143,0.0,119.453125,0.015438129469787792
1770380699.76621,0.0,119.453125,0.015438129469787792
1770380700.8784974,0.0,119.453125,0.015438129469787792
1770380701.9845207,0.0,119.453125,0.015438129469787792
1770380703.092562,0.0,119.453125,0.015438129469787792
1770380704.2018106,0.0,119.453125,0.015438129469787792
1770380705.3095725,0.0,119.453125,0.015438129469787792
1770380706.4287887,0.0,119.453125,0.015438129469787792
1770380707.5375333,0.0,119.453125,0.015438129469787792
1770380708.6507497,0.0,119.453125,0.015438129469787792
1770380709.7606916,0.0,119.453125,0.015438129469787792
1770380710.8700404,0.0,119.453125,0.015438129469787792
1770380711.9775777,0.0,119.453125,0.015438129469787792
1770380713.0872211,0.0,119.453125,0.015438129469787792
1770380714.197204,0.0,119.453125,0.015438129469787792
1770380715.3011513,0.0,119.453125,0.015438129469787792
1770380716.410981,0.0,119.453125,0.015438129469787792
1770380717.5193121,0.0,119.453125,0.015438129469787792
1770380718.627506,0.0,119.453125,0.015438129469787792
1770380719.7358227,0.0,119.453125,0.015438129469787792
1770380720.8425605,0.0,119.453125,0.015438129469787792
1770380721.9569848,0.0,119.453125,0.015438129469787792
1770380723.0648866,0.0,119.453125,0.015438129469787792
1770380724.1830595,0.0,119.453125,0.015438129469787792
1770380725.2936053,0.0,119.453125,0.015438129469787792
1770380726.4037533,0.0,119.453125,0.015438129469787792
1770380727.5100293,0.0,119.453125,0.015438129469787792
1770380728.621237,0.0,119.453125,0.015438129469787792
1770380729.7278082,0.0,119.453125,0.015438129469787792
1770380730.8343437,0.0,119.453125,0.015438129469787792
1770380731.9455028,0.0,119.453125,0.015438129469787792
1770380733.049474,0.0,119.453125,0.015438129469787792
1770380734.1593027,0.0,119.453125,0.015438129469787792
1770380735.2698522,0.0,119.453125,0.015438129469787792
1770380736.3780234,0.0,119.453125,0.015438129469787792
1770380737.4896228,0.0,119.453125,0.015438129469787792
1770380738.6041572,0.0,119.453125,0.015438129469787792
1770380739.7147474,0.0,119.453125,0.015438129469787792
1770380740.8251386,0.0,119.453125,0.015438129469787792
1770380741.9344347,0.0,119.453125,0.015438129469787792
1770380743.0421078,0.0,119.453125,0.015438129469787792
1770380744.1510856,0.0,119.453125,0.015438129469787792
1770380745.2583032,0.0,119.453125,0.015438129469787792
1770380746.3643835,0.0,119.453125,0.015438129469787792
1770380747.4747818,0.0,119.453125,0.015438129469787792
1770380748.5797737,0.0,119.453125,0.015438129469787792
1770380749.6940346,0.0,119.453125,0.015438129469787792
1770380750.8066614,0.0,119.453125,0.015438129469787792
1770380751.9143448,0.0,119.453125,0.015438129469787792
1770380753.0273027,0.0,119.453125,0.015438129469787792
1770380754.137925,0.0,119.453125,0.015438129469787792
1770380755.2461193,0.0,119.453125,0.015438129469787792
1770380756.3570757,0.0,119.453125,0.015438129469787792
1770380757.4665992,0.0,119.453125,0.015438129469787792
1770380758.5750268,0.0,119.453125,0.015438129469787792
1770380759.6892,0.0,119.453125,0.015438129469787792
1770380760.7978423,0.0,119.453125,0.015438129469787792
1770380761.9055371,0.0,119.453125,0.015438129469787792
1770380763.0144906,0.0,119.453125,0.015438129469787792
1770380764.1248589,0.0,119.453125,0.015438129469787792
1770380765.2439806,0.0,119.453125,0.015438129469787792
1770380766.3522608,0.0,119.453125,0.015438129469787792
1770380767.4613416,0.0,119.453125,0.015438129469787792
1770380768.573273,0.0,119.453125,0.015438129469787792
1770380769.6832488,0.0,119.453125,0.015438129469787792
1770380770.791575,0.0,119.453125,0.015438129469787792
1770380771.901768,0.0,119.453125,0.015438129469787792
1770380773.0125756,0.0,119.453125,0.015438129469787792
1770380774.116984,0.0,119.453125,0.015438129469787792
1770380775.2287774,0.0,119.453125,0.015438129469787792
1770380776.3397796,0.0,119.453125,0.015438129469787792
1770380777.4483542,0.0,119.453125,0.015438129469787792
1770380778.5622542,0.0,119.453125,0.015438129469787792
1770380779.6691453,0.0,119.453125,0.015438129469787792
1770380780.7845254,0.0,119.453125,0.015438129469787792
1770380781.8943198,0.0,119.453125,0.015438129469787792
1770380783.002808,0.0,119.453125,0.015438129469787792
1770380784.1067915,0.0,119.453125,0.015438129469787792
1770380785.2148695,0.0,119.453125,0.015438129469787792
1770380786.322965,0.0,119.453125,0.015438129469787792
1770380787.4321032,0.0,119.453125,0.015438129469787792
1770380788.5397856,0.0,119.453125,0.015438129469787792
1770380789.6474023,0.0,119.453125,0.015438129469787792
1770380790.76056,0.0,119.453125,0.015438129469787792
1770380791.8717787,0.0,119.453125,0.015438129469787792
1770380792.9768066,0.0,119.453125,0.015438129469787792
1770380794.0863268,0.0,119.453125,0.015438129469787792
1770380795.1942582,0.0,119.453125,0.015438129469787792
1770380796.3045504,0.0,119.453125,0.015438129469787792
1770380797.4131665,0.0,119.453125,0.015438129469787792
1770380798.5248144,0.0,119.453125,0.015438129469787792
1770380799.634747,0.0,119.453125,0.015438129469787792
1770380800.7445333,0.0,119.453125,0.015438129469787792
1770380801.8543565,0.0,119.453125,0.015438129469787792
1770380802.9647634,0.0,119.453125,0.015438129469787792
1770380804.0725036,0.0,119.453125,0.015438129469787792
1770380805.1823647,0.0,119.453125,0.015438129469787792
1770380806.2937312,0.0,119.453125,0.015438129469787792
1770380807.3992214,0.0,119.453125,0.015438129469787792
1770380808.5066693,0.0,119.453125,0.015438129469787792
1770380809.616983,0.0,119.453125,0.015438129469787792
1770380810.7259512,0.0,119.453125,0.015438129469787792
1770380811.8320441,0.0,119.453125,0.015438129469787792
1770380812.9444542,0.0,119.453125,0.015438129469787792
1770380814.0538428,0.0,119.453125,0.015438129469787792
1770380815.1631951,0.0,119.453125,0.015438129469787792
1770380816.277694,0.0,119.453125,0.015438129469787792
1770380817.3841004,0.0,119.453125,0.015438129469787792
1770380818.5042355,0.0,119.453125,0.015438129469787792
1770380819.611988,0.0,119.453125,0.015438129469787792
1770380820.7242126,0.0,119.453125,0.015438129469787792
1770380821.8335228,0.0,119.453125,0.015438129469787792
1770380822.9411674,0.0,119.453125,0.015438129469787792
1770380824.0559726,0.0,119.453125,0.015438129469787792
1770380825.1640599,0.0,119.453125,0.015438129469787792
1770380826.2760956,0.0,119.453125,0.015438129469787792
1770380827.3896725,0.0,119.453125,0.015438129469787792
1770380828.4995651,0.0,119.453125,0.015438129469787792
1770380829.6073315,0.0,119.453125,0.015438129469787792
1770380830.7236598,0.0,119.453125,0.015438129469787792
1770380831.8330092,0.0,119.453125,0.015438129469787792
1770380832.9393363,0.0,119.453125,0.015438129469787792
1770380834.0497756,0.0,119.453125,0.015438129469787792
1770380835.1578524,0.0,119.453125,0.015438129469787792
1770380836.2752044,0.0,119.453125,0.015438129469787792
1770380837.3849854,0.0,119.453125,0.015438129469787792
1770380838.4941223,0.0,119.453125,0.015438129469787792
1770380839.606547,0.0,119.453125,0.015438129469787792
1770380840.7152894,0.0,119.453125,0.015438129469787792
1770380841.826958,0.0,119.453125,0.015438129469787792
1770380842.9388072,0.0,119.453125,0.015438129469787792
1770380844.0479486,0.0,119.453125,0.015438129469787792
1770380845.1637444,0.0,119.453125,0.015438129469787792
1770380846.2742362,0.0,119.453125,0.015438129469787792
1770380847.3796835,0.0,119.453125,0.015438129469787792
1770380848.4868257,0.0,119.453125,0.015438129469787792
1770380849.5974667,0.0,119.453125,0.015438129469787792
1770380850.7011354,0.0,119.453125,0.015438129469787792
1770380851.8183513,0.0,119.453125,0.015438129469787792
1770380852.9282725,0.0,119.453125,0.015438129469787792
1770380854.0372798,0.0,119.453125,0.015438129469787792
1770380855.1484747,0.0,119.453125,0.015438129469787792
1770380856.2604747,0.0,119.453125,0.015438129469787792
1770380857.3701766,0.0,119.453125,0.015438129469787792
1770380858.4804251,0.0,119.453125,0.015438129469787792
1770380859.591647,0.0,119.453125,0.015438129469787792
1770380860.7007933,0.0,119.453125,0.015438129469787792
1770380861.8108385,0.0,119.453125,0.015438129469787792
1770380862.9167023,0.0,119.453125,0.015438129469787792
1770380864.025075,0.0,119.453125,0.015438129469787792
1770380865.1359808,0.0,119.453125,0.015438129469787792
1770380866.242916,0.0,119.453125,0.015438129469787792
1770380867.357773,0.0,119.453125,0.015438129469787792
1770380868.465724,0.0,119.453125,0.015438129469787792
1770380869.5751476,0.0,119.453125,0.015438129469787792
1770380870.687106,0.0,119.453125,0.015438129469787792
1770380871.7967541,0.0,119.453125,0.015438129469787792
1770380872.9065697,0.0,119.453125,0.015438129469787792
1770380874.0164886,0.0,119.453125,0.015438129469787792
1770380875.1258113,0.0,119.453125,0.015438129469787792
1770380876.2299044,0.0,119.453125,0.015438129469787792
1770380877.3456836,0.0,119.453125,0.015438129469787792
1770380878.4537482,0.0,119.453125,0.015438129469787792
1770380879.5631993,0.0,119.453125,0.015438129469787792
1770380880.6729913,0.0,119.453125,0.015438129469787792
1770380881.788758,0.9009009009122392,119.453125,0.015438129469787792
1770380882.9024215,16.964285714356247,119.453125,0.015438129469787792
1770380884.022448,9.00900900888618,119.56640625,0.015452769945740175
1770380885.1370845,12.500000000051973,119.56640625,0.015452769945740175
1770380886.2528074,11.607142857191116,119.56640625,0.015452769945740175
1770380887.3720877,6.306306306220326,119.56640625,0.015452769945740175
1770380888.4897857,12.500000000051973,119.56640625,0.015452769945740175
1770380889.6048245,8.928571428608551,119.56640625,0.015452769945740175
1770380890.7160494,0.0,119.56640625,0.015452769945740175
1770380891.8292348,0.0,119.56640625,0.015452769945740175
1770380892.9422204,0.0,119.56640625,0.015452769945740175
1770380894.054886,0.0,119.56640625,0.015452769945740175
1770380895.1744142,0.0,119.56640625,0.015452769945740175
1770380896.2858107,0.0,119.56640625,0.015452769945740175
1770380897.3996232,0.0,119.56640625,0.015452769945740175
1770380898.516299,0.0,119.56640625,0.015452769945740175
1770380899.6299734,0.0,119.56640625,0.015452769945740175
1770380900.742619,0.0,119.56640625,0.015452769945740175
1770380901.8550549,0.0,119.56640625,0.015452769945740175
1770380902.968843,0.0,119.56640625,0.015452769945740175
1770380904.0810378,0.0,119.56640625,0.015452769945740175
1770380905.1933396,0.0,119.56640625,0.015452769945740175
1770380906.30685,0.0,119.56640625,0.015452769945740175
1770380907.4198933,0.0,119.56640625,0.015452769945740175
1770380908.5327895,0.0,119.56640625,0.015452769945740175
1770380909.6486866,0.0,119.56640625,0.015452769945740175
1770380910.766007,0.0,119.56640625,0.015452769945740175
1770380911.8752937,0.0,119.56640625,0.015452769945740175
1770380912.9856172,0.0,119.56640625,0.015452769945740175
1770380914.0955389,0.0,119.56640625,0.015452769945740175
1770380915.2070043,0.0,119.56640625,0.015452769945740175
1770380916.3160627,0.0,119.56640625,0.015452769945740175
1770380917.428702,0.0,119.56640625,0.015452769945740175
1770380918.5391042,0.0,119.56640625,0.015452769945740175
1770380919.6481218,0.0,119.56640625,0.015452769945740175
1770380920.76129,0.0,119.56640625,0.015452769945740175
1770380922.094771,0.0,119.56640625,0.015452769945740175
1770380923.2045786,0.0,119.56640625,0.015452769945740175
1770380924.3244574,0.0,119.56640625,0.015452769945740175
1770380925.4344637,0.0,119.56640625,0.015452769945740175
1770380926.5436492,0.0,119.56640625,0.015452769945740175
1770380927.9185896,0.0,119.56640625,0.015452769945740175
1770380929.0302618,0.0,119.56640625,0.015452769945740175
1770380930.1413724,0.0,119.56640625,0.015452769945740175
1770380931.2562957,0.0,119.56640625,0.015452769945740175
1770380932.365713,0.0,119.56640625,0.015452769945740175
1770380933.4746752,0.0,119.56640625,0.015452769945740175
1770380934.5827289,0.0,119.56640625,0.015452769945740175
1770380935.69161,0.0,119.56640625,0.015452769945740175
1770380936.8007362,0.0,119.56640625,0.015452769945740175
1770380937.9104202,2.7027027026658534,119.56640625,0.015452769945740175
1770380939.020801,2.702702702736717,119.56640625,0.015452769945740175
1770380940.1329725,5.405405405331707,119.56640625,0.015452769945740175
1770380941.2503257,3.6036036036489567,119.66015625,0.015464886201700768
1770380942.3662632,0.0,119.66015625,0.015464886201700768
1770380943.4760177,0.8928571428608552,119.66015625,0.015464886201700768
1770380944.5862293,3.6036036036489567,119.66015625,0.015464886201700768
1770380945.6955886,2.7027027026658534,119.66015625,0.015464886201700768
1770380946.805578,1.8018018018244784,119.66015625,0.015464886201700768
1770380947.9176092,2.7027027026658534,119.66015625,0.015464886201700768
1770380949.0274363,2.702702702736717,119.66015625,0.015464886201700768
1770380950.1404421,0.0,119.66015625,0.015464886201700768
1770380951.251366,0.0,119.66015625,0.015464886201700768
1770380953.113762,0.0,119.66015625,0.015464886201700768
1770380954.225398,0.0,119.66015625,0.015464886201700768
1770380955.3367817,0.0,119.66015625,0.015464886201700768
1770380956.4467876,0.0,119.66015625,0.015464886201700768
1770380957.5577784,0.0,119.66015625,0.015464886201700768
1770380958.6713943,0.0,119.66015625,0.015464886201700768
1770380959.780262,0.0,119.66015625,0.015464886201700768
1770380960.8898807,0.0,119.66015625,0.015464886201700768
1770380962.049456,0.0,119.66015625,0.015464886201700768
1770380963.162945,0.0,119.66015625,0.015464886201700768
1770380964.268304,0.0,119.66015625,0.015464886201700768
1770380965.3733919,0.0,119.66015625,0.015464886201700768
1770380966.4864328,0.0,119.66015625,0.015464886201700768
1770380967.5905502,0.0,119.66015625,0.015464886201700768
1770380968.6939778,0.0,119.66015625,0.015464886201700768
1770380969.803454,0.0,119.66015625,0.015464886201700768
1770380970.9109952,0.0,119.66015625,0.015464886201700768
1770380972.0185547,0.0,119.66015625,0.015464886201700768
1770380973.1263125,0.0,119.66015625,0.015464886201700768
1770380974.236097,0.0,119.66015625,0.015464886201700768
1770380975.347515,0.0,119.66015625,0.015464886201700768
1770380976.456761,0.0,119.66015625,0.015464886201700768
1770380977.567396,0.0,119.66015625,0.015464886201700768
1770380978.6780438,0.0,119.66015625,0.015464886201700768
1770380979.7914665,0.0,119.66015625,0.015464886201700768
1770380980.897878,0.0,119.66015625,0.015464886201700768
1770380982.0072026,0.0,119.66015625,0.015464886201700768
1770380983.1147642,0.0,119.66015625,0.015464886201700768
1770380984.220156,0.0,119.66015625,0.015464886201700768
1770380985.3301036,0.0,119.66015625,0.015464886201700768
1770380986.4348936,0.0,119.66015625,0.015464886201700768
1770380987.545217,0.0,119.66015625,0.015464886201700768
1770380988.6548777,0.0,119.66015625,0.015464886201700768
1770380989.7637596,0.0,119.66015625,0.015464886201700768
1770380990.8737097,0.0,119.66015625,0.015464886201700768
1770380991.9848535,0.0,119.66015625,0.015464886201700768
1770380993.0934908,0.0,119.66015625,0.015464886201700768
1770380994.2081425,0.0,119.66015625,0.015464886201700768
1770380995.324175,0.0,119.66015625,0.015464886201700768
1770380996.4303224,0.0,119.66015625,0.015464886201700768
1770380997.5399244,0.0,119.66015625,0.015464886201700768
1770380998.6501963,0.0,119.66015625,0.015464886201700768
1770380999.7584977,0.0,119.66015625,0.015464886201700768
1770381000.8671136,0.0,119.66015625,0.015464886201700768
1770381001.9745536,0.0,119.66015625,0.015464886201700768
1770381003.0850086,0.0,119.66015625,0.015464886201700768
1770381004.1942031,0.0,119.66015625,0.015464886201700768
1770381005.3039916,0.0,119.66015625,0.015464886201700768
1770381006.4197686,0.0,119.66015625,0.015464886201700768
1770381007.5290644,0.0,119.66015625,0.015464886201700768
1770381008.6850348,0.0,119.66015625,0.015464886201700768
1770381009.7942576,0.0,119.66015625,0.015464886201700768
1770381010.9036527,0.0,119.66015625,0.015464886201700768
1770381012.0086522,0.0,119.66015625,0.015464886201700768
1770381013.1213486,0.0,119.66015625,0.015464886201700768
1770381014.2299917,0.0,119.66015625,0.015464886201700768
1770381015.3380585,0.0,119.66015625,0.015464886201700768
1770381016.449529,0.0,119.66015625,0.015464886201700768
1770381017.5575795,0.0,119.66015625,0.015464886201700768
1770381018.7221513,0.0,119.66015625,0.015464886201700768
1770381019.830613,0.0,119.66015625,0.015464886201700768
1770381020.9399061,0.0,119.66015625,0.015464886201700768
1770381022.0499768,0.0,119.66015625,0.015464886201700768
1770381023.1600647,0.0,119.66015625,0.015464886201700768
1770381024.2696085,0.0,119.66015625,0.015464886201700768
1770381025.3824263,0.0,119.66015625,0.015464886201700768
1770381026.4892366,0.0,119.66015625,0.015464886201700768
1770381027.600569,0.0,119.66015625,0.015464886201700768
1770381028.767104,0.0,119.66015625,0.015464886201700768
1770381029.8724172,0.0,119.66015625,0.015464886201700768
1770381030.9854157,0.0,119.66015625,0.015464886201700768
1770381032.0948255,0.0,119.66015625,0.015464886201700768
1770381033.213209,0.0,119.66015625,0.015464886201700768
1770381034.3239121,0.0,119.66015625,0.015464886201700768
1770381035.4351976,0.0,119.66015625,0.015464886201700768
1770381036.5462046,0.0,119.66015625,0.015464886201700768
1770381037.6528592,0.0,119.66015625,0.015464886201700768
1770381038.76477,0.0,119.66015625,0.015464886201700768
1770381039.8816607,0.0,119.66015625,0.015464886201700768
1770381040.9916737,0.0,119.66015625,0.015464886201700768
1770381042.0997965,0.0,119.66015625,0.015464886201700768
1770381043.2062433,0.0,119.66015625,0.015464886201700768
1770381044.3158057,0.0,119.66015625,0.015464886201700768
1770381045.421162,0.0,119.66015625,0.015464886201700768
1770381046.5324135,0.0,119.66015625,0.015464886201700768
1770381047.6415784,0.0,119.66015625,0.015464886201700768
1770381048.7572155,0.0,119.66015625,0.015464886201700768
1770381049.8688755,0.0,119.66015625,0.015464886201700768
1770381050.977936,0.0,119.66015625,0.015464886201700768
1770381052.0829926,0.0,119.66015625,0.015464886201700768
1770381053.1970627,0.0,119.66015625,0.015464886201700768
1770381054.3072991,0.0,119.66015625,0.015464886201700768
1770381055.4234204,0.0,119.66015625,0.015464886201700768
1770381056.5331569,0.0,119.66015625,0.015464886201700768
1770381057.6399481,0.0,119.66015625,0.015464886201700768
1770381058.7497838,0.0,119.66015625,0.015464886201700768
1770381059.859898,0.0,119.66015625,0.015464886201700768
1770381060.9661698,0.0,119.66015625,0.015464886201700768
1770381062.0766146,0.0,119.66015625,0.015464886201700768
1770381063.1834602,0.0,119.66015625,0.015464886201700768
1770381064.2937908,0.0,119.66015625,0.015464886201700768
1770381065.408068,0.0,119.66015625,0.015464886201700768
1770381066.5173395,0.0,119.66015625,0.015464886201700768
1770381067.6234732,0.0,119.66015625,0.015464886201700768
1770381068.7332277,0.0,119.66015625,0.015464886201700768
1770381069.8428688,0.0,119.66015625,0.015464886201700768
1770381070.9571464,0.0,119.66015625,0.015464886201700768
1770381072.0665307,0.0,119.66015625,0.015464886201700768
1770381073.1750212,0.0,119.66015625,0.015464886201700768
1770381074.2794468,0.0,119.66015625,0.015464886201700768
1770381075.394588,0.0,119.66015625,0.015464886201700768
1770381076.5031066,0.0,119.66015625,0.015464886201700768
1770381077.6137192,0.0,119.66015625,0.015464886201700768
1770381078.7206535,0.0,119.66015625,0.015464886201700768
1770381079.8302019,0.0,119.66015625,0.015464886201700768
1770381080.943899,0.0,119.66015625,0.015464886201700768
1770381082.052039,0.0,119.66015625,0.015464886201700768
1770381083.1609833,0.0,119.66015625,0.015464886201700768
1770381084.271131,0.0,119.66015625,0.015464886201700768
1770381085.3812077,0.0,119.66015625,0.015464886201700768
1770381086.490792,0.0,119.66015625,0.015464886201700768
1770381087.6097357,0.0,119.66015625,0.015464886201700768
1770381088.7147338,0.0,119.66015625,0.015464886201700768
1770381089.829875,0.0,119.66015625,0.015464886201700768
1770381090.9387462,0.0,119.66015625,0.015464886201700768
1770381092.0472827,0.0,119.66015625,0.015464886201700768
1770381093.1570055,0.0,119.66015625,0.015464886201700768
1770381094.2629738,0.0,119.66015625,0.015464886201700768
1770381095.3754685,0.0,119.66015625,0.015464886201700768
1770381096.4845862,0.0,119.66015625,0.015464886201700768
1770381097.5938678,0.0,119.66015625,0.015464886201700768
1770381098.703596,0.0,119.66015625,0.015464886201700768
1770381099.8130913,0.0,119.66015625,0.015464886201700768
1770381100.9197586,0.0,119.66015625,0.015464886201700768
1770381102.035066,0.0,119.66015625,0.015464886201700768
1770381103.1445029,0.0,119.66015625,0.015464886201700768
1770381104.2496977,0.0,119.66015625,0.015464886201700768
1770381105.3596709,0.0,119.66015625,0.015464886201700768
1770381106.468799,0.0,119.66015625,0.015464886201700768
1770381107.5768657,0.0,119.66015625,0.015464886201700768
1770381108.6862712,0.0,119.66015625,0.015464886201700768
1770381109.796065,0.0,119.66015625,0.015464886201700768
1770381110.9087138,0.0,119.66015625,0.015464886201700768
1770381112.01601,0.0,119.66015625,0.015464886201700768
1770381113.1280596,0.0,119.66015625,0.015464886201700768
1770381114.2390082,0.0,119.66015625,0.015464886201700768
1770381115.3486776,0.0,119.66015625,0.015464886201700768
1770381116.4551544,0.0,119.66015625,0.015464886201700768
1770381117.564511,0.0,119.66015625,0.015464886201700768
1770381118.671149,0.0,119.66015625,0.015464886201700768
1770381119.7754042,0.0,119.66015625,0.015464886201700768
1770381120.8883026,0.0,119.66015625,0.015464886201700768
1770381121.9922202,0.0,119.66015625,0.015464886201700768
1770381123.1119795,0.0,119.66015625,0.015464886201700768
1770381124.2227945,0.0,119.66015625,0.015464886201700768
1770381125.3305852,0.0,119.66015625,0.015464886201700768
1770381126.4399145,0.0,119.66015625,0.015464886201700768
1770381127.5493736,0.0,119.66015625,0.015464886201700768
1770381128.6585135,0.0,119.66015625,0.015464886201700768
1770381129.763193,0.0,119.66015625,0.015464886201700768
1770381130.872332,0.0,119.66015625,0.015464886201700768
1770381131.982348,0.0,119.66015625,0.015464886201700768
1770381133.0917938,0.0,119.66015625,0.015464886201700768
1770381134.2042024,0.0,119.66015625,0.015464886201700768
1770381135.3165057,0.0,119.66015625,0.015464886201700768
1770381136.426228,0.0,119.66015625,0.015464886201700768
1770381137.5371525,0.0,119.66015625,0.015464886201700768
1770381138.6504905,0.0,119.66015625,0.015464886201700768
1770381139.7611432,0.0,119.66015625,0.015464886201700768
1770381140.8707325,0.0,119.66015625,0.015464886201700768
1770381141.9793072,0.0,119.66015625,0.015464886201700768
1770381143.0876606,0.0,119.66015625,0.015464886201700768
1770381144.1924357,0.0,119.66015625,0.015464886201700768
1770381145.3077035,0.0,119.66015625,0.015464886201700768
1770381146.4224215,0.0,119.66015625,0.015464886201700768
1770381147.5283723,0.0,119.66015625,0.015464886201700768
1770381148.6434398,0.0,119.66015625,0.015464886201700768
1770381149.748907,0.0,119.66015625,0.015464886201700768
1770381150.8637598,0.0,119.66015625,0.015464886201700768
1770381151.9729195,0.0,119.66015625,0.015464886201700768
1770381153.0807052,0.0,119.66015625,0.015464886201700768
1770381154.19281,0.0,119.66015625,0.015464886201700768
1770381155.3006344,0.0,119.66015625,0.015464886201700768
1770381156.4114203,0.0,119.66015625,0.015464886201700768
1770381157.522422,0.0,119.66015625,0.015464886201700768
1770381158.6309538,0.0,119.66015625,0.015464886201700768
1770381159.7401712,0.0,119.66015625,0.015464886201700768
1770381160.8535233,0.0,119.66015625,0.015464886201700768
1770381161.9606166,0.0,119.66015625,0.015464886201700768
1770381163.064733,0.0,119.66015625,0.015464886201700768
1770381164.1751359,0.0,119.66015625,0.015464886201700768
1770381165.2815824,0.0,119.66015625,0.015464886201700768
1770381166.398273,0.0,119.66015625,0.015464886201700768
1770381167.5067217,0.0,119.66015625,0.015464886201700768
1770381168.6139915,0.0,119.66015625,0.015464886201700768
1770381169.7247074,0.0,119.66015625,0.015464886201700768
1770381170.8326852,0.0,119.66015625,0.015464886201700768
1770381171.9457927,0.0,119.66015625,0.015464886201700768
1770381173.055232,0.0,119.66015625,0.015464886201700768
1770381174.1681604,0.0,119.66015625,0.015464886201700768
1770381175.2738986,0.0,119.66015625,0.015464886201700768
1770381176.3837602,0.0,119.66015625,0.015464886201700768
1770381177.4923904,0.0,119.66015625,0.015464886201700768
1770381178.6003416,0.0,119.66015625,0.015464886201700768
1770381179.712371,0.0,119.66015625,0.015464886201700768
1770381180.8173718,0.0,119.66015625,0.015464886201700768
1770381181.9287133,0.0,119.66015625,0.015464886201700768
1770381183.0396276,0.0,119.66015625,0.015464886201700768
1770381184.1475015,0.0,119.66015625,0.015464886201700768
1770381185.255898,0.0,119.66015625,0.015464886201700768
1770381186.367395,0.0,119.66015625,0.015464886201700768
1770381187.472667,0.0,119.66015625,0.015464886201700768
1770381188.5881407,0.0,119.66015625,0.015464886201700768
1770381189.6968865,0.0,119.66015625,0.015464886201700768
1770381190.8032765,0.0,119.66015625,0.015464886201700768
1770381191.9124672,0.0,119.66015625,0.015464886201700768
1770381193.0195444,0.0,119.66015625,0.015464886201700768
1770381194.1293833,0.0,119.66015625,0.015464886201700768
1770381195.239034,0.0,119.66015625,0.015464886201700768
1770381196.3459036,0.0,119.66015625,0.015464886201700768
1770381197.4584494,0.0,119.66015625,0.015464886201700768
1770381198.5721645,0.0,119.66015625,0.015464886201700768
1770381199.6813052,0.0,119.66015625,0.015464886201700768
1770381200.7982776,0.0,119.66015625,0.015464886201700768
1770381201.907191,0.0,119.66015625,0.015464886201700768
1770381203.013153,0.0,119.66015625,0.015464886201700768
1770381204.1232653,0.0,119.66015625,0.015464886201700768
1770381205.233543,0.0,119.66015625,0.015464886201700768
1770381206.3419316,0.0,119.66015625,0.015464886201700768
1770381207.4523952,0.0,119.66015625,0.015464886201700768
1770381208.5644429,0.0,119.66015625,0.015464886201700768
1770381209.6820827,0.0,119.66015625,0.015464886201700768
1770381210.7907524,0.0,119.66015625,0.015464886201700768
1770381211.8991194,0.0,119.66015625,0.015464886201700768
1770381213.0106723,0.0,119.66015625,0.015464886201700768
1770381214.1200058,0.0,119.66015625,0.015464886201700768
1770381215.2281978,0.0,119.66015625,0.015464886201700768
1770381216.3373778,0.0,119.66015625,0.015464886201700768
1770381217.446544,0.0,119.66015625,0.015464886201700768
1770381218.5520325,0.0,119.66015625,0.015464886201700768
1770381219.6636589,0.0,119.66015625,0.015464886201700768
1770381220.7706466,0.0,119.66015625,0.015464886201700768
1770381221.8777065,0.0,119.66015625,0.015464886201700768
1770381222.988564,0.0,119.66015625,0.015464886201700768
1770381224.0924456,0.0,119.66015625,0.015464886201700768
1770381225.2042317,0.0,119.66015625,0.015464886201700768
1770381226.3168943,0.0,119.66015625,0.015464886201700768
1770381227.4250906,0.0,119.66015625,0.015464886201700768
1770381228.5378542,0.0,119.66015625,0.015464886201700768
1770381229.6459389,0.0,119.66015625,0.015464886201700768
1770381230.7593598,0.0,119.66015625,0.015464886201700768
1770381231.8705852,0.0,119.66015625,0.015464886201700768
1770381232.9803445,0.0,119.66015625,0.015464886201700768
1770381234.0900893,0.0,119.66015625,0.015464886201700768
1770381235.1996748,0.0,119.66015625,0.015464886201700768
1770381236.3062663,0.0,119.66015625,0.015464886201700768
1770381237.422436,0.0,119.66015625,0.015464886201700768
1770381238.5314536,0.0,119.66015625,0.015464886201700768
1770381239.6501157,0.0,119.66015625,0.015464886201700768
1770381240.7623436,0.0,119.66015625,0.015464886201700768
1770381241.8717692,0.0,119.66015625,0.015464886201700768
1770381242.9803898,0.0,119.66015625,0.015464886201700768
1770381244.0904245,0.0,119.66015625,0.015464886201700768
1770381245.1989086,0.0,119.66015625,0.015464886201700768
1770381246.3030055,0.0,119.66015625,0.015464886201700768
1770381247.4122212,0.0,119.66015625,0.015464886201700768
1770381248.5227823,0.0,119.66015625,0.015464886201700768
1770381249.627395,0.0,119.66015625,0.015464886201700768
1770381250.7365398,0.0,119.66015625,0.015464886201700768
1770381251.851303,0.0,119.66015625,0.015464886201700768
1770381252.9679372,0.0,119.66015625,0.015464886201700768
1770381254.0816162,0.0,119.66015625,0.015464886201700768
1770381255.1876154,0.0,119.66015625,0.015464886201700768
1770381256.3004436,0.0,119.66015625,0.015464886201700768
1770381257.4085033,0.0,119.66015625,0.015464886201700768
1770381258.5174594,0.0,119.66015625,0.015464886201700768
1770381259.6275685,0.0,119.66015625,0.015464886201700768
1770381260.737266,0.0,119.66015625,0.015464886201700768
1770381261.8445048,0.0,119.66015625,0.015464886201700768
1770381262.9566584,0.0,119.66015625,0.015464886201700768
1770381264.0658474,0.0,119.66015625,0.015464886201700768
1770381265.1726692,0.0,119.66015625,0.015464886201700768
1770381266.2891705,0.0,119.66015625,0.015464886201700768
1770381267.3951936,0.0,119.66015625,0.015464886201700768
1770381268.509589,0.0,119.66015625,0.015464886201700768
1770381269.6180832,0.0,119.66015625,0.015464886201700768
1770381270.7256405,0.0,119.66015625,0.015464886201700768
1770381271.8362153,0.0,119.66015625,0.015464886201700768
1770381272.9451616,0.0,119.66015625,0.015464886201700768
1770381274.0553453,0.0,119.66015625,0.015464886201700768
1770381275.1651344,0.0,119.66015625,0.015464886201700768
1770381276.2756038,0.0,119.66015625,0.015464886201700768
1770381277.387775,0.0,119.66015625,0.015464886201700768
1770381278.4977396,0.0,119.66015625,0.015464886201700768
1770381279.60253,0.0,119.66015625,0.015464886201700768
1770381280.7110167,0.0,119.66015625,0.015464886201700768
1770381281.821786,0.0,119.66015625,0.015464886201700768
1770381282.9255652,0.0,119.66015625,0.015464886201700768
1770381284.0427036,0.0,119.66015625,0.015464886201700768
1770381285.1529639,0.0,119.66015625,0.015464886201700768
1770381286.2616403,0.0,119.66015625,0.015464886201700768
1770381287.3702466,0.0,119.66015625,0.015464886201700768
1770381288.4833841,0.0,119.66015625,0.015464886201700768
1770381289.5935655,0.0,119.66015625,0.015464886201700768
1770381290.7052367,0.0,119.66015625,0.015464886201700768
1770381291.8196657,12.500000000051973,119.66015625,0.015464886201700768
1770381292.931412,12.612612612771349,119.734375,0.01547447823766957
1770381294.0452156,10.810810810663414,119.734375,0.01547447823766957
1770381295.159815,10.71428571433026,119.734375,0.01547447823766957
1770381296.2755544,7.207207207297913,119.734375,0.01547447823766957
1770381297.3888981,11.607142856889498,119.734375,0.01547447823766957
1770381298.5031812,11.71171171185911,119.734375,0.01547447823766957
1770381299.6151717,0.9009009008886179,119.734375,0.01547447823766957
1770381300.726714,0.0,119.734375,0.01547447823766957
1770381301.8389738,0.0,119.734375,0.01547447823766957
1770381302.9528067,0.0,119.734375,0.01547447823766957
1770381304.0667174,0.0,119.734375,0.01547447823766957
1770381305.182113,0.0,119.734375,0.01547447823766957
1770381306.2938871,0.0,119.734375,0.01547447823766957
1770381307.4068232,0.0,119.734375,0.01547447823766957
1770381308.521748,0.0,119.734375,0.01547447823766957
1770381309.63451,0.0,119.734375,0.01547447823766957
1770381310.7465675,0.0,119.734375,0.01547447823766957
1770381311.8586867,0.0,119.734375,0.01547447823766957
1770381312.9703932,0.0,119.734375,0.01547447823766957
1770381314.0832233,0.0,119.734375,0.01547447823766957
1770381315.1960576,0.0,119.734375,0.01547447823766957
1770381316.314758,0.0,119.734375,0.01547447823766957
1770381317.4277735,0.0,119.734375,0.01547447823766957
1770381318.754048,0.0,119.734375,0.01547447823766957
1770381319.8649607,0.0,119.734375,0.01547447823766957
1770381320.9840968,0.0,119.734375,0.01547447823766957
1770381322.0934706,0.0,119.734375,0.01547447823766957
1770381323.2045941,0.0,119.734375,0.01547447823766957
1770381324.3167963,0.0,119.734375,0.01547447823766957
1770381325.4261847,0.0,119.734375,0.01547447823766957
1770381326.537624,0.0,119.734375,0.01547447823766957
1770381327.6492343,0.0,119.734375,0.01547447823766957
1770381328.8860512,0.0,119.734375,0.01547447823766957
1770381329.995222,0.0,119.734375,0.01547447823766957
1770381331.1076384,0.0,119.734375,0.01547447823766957
1770381332.2169025,0.0,119.734375,0.01547447823766957
1770381333.3286707,0.0,119.734375,0.01547447823766957
1770381334.4384093,0.0,119.734375,0.01547447823766957
1770381335.5471792,0.0,119.734375,0.01547447823766957
1770381336.658824,0.0,119.734375,0.01547447823766957
1770381337.7719452,0.0,119.734375,0.01547447823766957
1770381338.9716954,0.0,119.734375,0.01547447823766957
1770381340.0891225,0.9009009008886179,119.734375,0.01547447823766957
1770381341.1991775,2.678571428582565,119.734375,0.01547447823766957
1770381342.3094168,0.0,119.734375,0.01547447823766957
1770381343.4197729,0.0,119.734375,0.01547447823766957
1770381344.7744799,0.0,119.734375,0.01547447823766957
1770381345.887146,0.0,119.734375,0.01547447823766957
1770381346.9969122,1.8018018018244784,119.734375,0.01547447823766957
1770381348.1087222,2.7027027026658534,119.734375,0.01547447823766957
1770381349.2197118,0.0,119.734375,0.01547447823766957
1770381350.335854,0.0,119.734375,0.01547447823766957
1770381351.4458234,0.0,119.734375,0.01547447823766957
1770381352.5559726,0.0,119.734375,0.01547447823766957
1770381353.667212,0.9009009008886179,119.8203125,0.015485584805633446
1770381354.7801654,9.909909910034632,119.8203125,0.015485584805633446
1770381355.8929124,8.108108107997559,119.8203125,0.015485584805633446
1770381357.0063937,1.8018018018244784,119.8203125,0.015485584805633446
1770381358.1165369,0.0,119.8203125,0.015485584805633446
1770381359.2295296,0.0,119.8203125,0.015485584805633446
1770381360.3442614,0.0,119.8203125,0.015485584805633446
1770381361.4605854,0.0,119.8203125,0.015485584805633446
1770381362.5725477,0.0,119.8203125,0.015485584805633446
1770381363.6825204,0.0,119.8203125,0.015485584805633446
1770381364.7921567,0.0,119.8203125,0.015485584805633446
1770381365.902557,0.0,119.8203125,0.015485584805633446
1770381367.0124846,0.0,119.8203125,0.015485584805633446
1770381368.1230905,0.0,119.8203125,0.015485584805633446
1770381369.2343335,0.0,119.8203125,0.015485584805633446
1770381370.3454158,0.0,119.8203125,0.015485584805633446
1770381371.4560869,0.0,119.8203125,0.015485584805633446
1770381372.5765674,0.0,119.8203125,0.015485584805633446
1770381373.6924908,0.0,119.8203125,0.015485584805633446
1770381374.7999413,0.0,119.8203125,0.015485584805633446
1770381375.9077816,0.0,119.8203125,0.015485584805633446
1770381377.0172107,0.0,119.8203125,0.015485584805633446
1770381378.1276798,0.0,119.8203125,0.015485584805633446
1770381379.2339666,0.0,119.8203125,0.015485584805633446
1770381380.3496847,0.0,119.8203125,0.015485584805633446
1770381381.463516,0.0,119.8203125,0.015485584805633446
1770381382.5719464,0.0,119.8203125,0.015485584805633446
1770381383.7289755,0.0,119.8203125,0.015485584805633446
1770381384.837498,0.0,119.8203125,0.015485584805633446
1770381385.952208,0.0,119.8203125,0.015485584805633446
1770381387.0620315,0.0,119.8203125,0.015485584805633446
1770381388.1712103,0.0,119.8203125,0.015485584805633446
1770381389.283132,0.0,119.8203125,0.015485584805633446
1770381390.3923707,0.0,119.8203125,0.015485584805633446
1770381391.5035028,0.0,119.8203125,0.015485584805633446
1770381392.613582,0.0,119.8203125,0.015485584805633446
1770381393.7528145,0.0,119.8203125,0.015485584805633446
1770381394.8558733,0.0,119.8203125,0.015485584805633446
1770381395.9671106,0.0,119.8203125,0.015485584805633446
1770381397.075176,0.0,119.8203125,0.015485584805633446
1770381398.183276,0.0,119.8203125,0.015485584805633446
1770381399.292673,0.0,119.8203125,0.015485584805633446
1770381400.4019618,0.0,119.8203125,0.015485584805633446
1770381401.5137758,0.0,119.8203125,0.015485584805633446
1770381402.6233141,0.0,119.8203125,0.015485584805633446
1770381403.830274,0.0,119.8203125,0.015485584805633446
1770381404.940696,0.0,119.8203125,0.015485584805633446
1770381406.0542812,0.0,119.8203125,0.015485584805633446
1770381407.1593337,0.0,119.8203125,0.015485584805633446
1770381408.2692976,0.0,119.8203125,0.015485584805633446
1770381409.3775978,0.0,119.8203125,0.015485584805633446
1770381410.4845574,0.0,119.8203125,0.015485584805633446
1770381411.5962112,0.0,119.8203125,0.015485584805633446
1770381412.7050264,0.0,119.8203125,0.015485584805633446
1770381413.814505,0.0,119.8203125,0.015485584805633446
1770381414.9231422,0.0,119.8203125,0.015485584805633446
1770381416.032759,0.0,119.8203125,0.015485584805633446
1770381417.1499853,0.0,119.8203125,0.015485584805633446
1770381418.260328,0.0,119.8203125,0.015485584805633446
1770381419.3643382,0.0,119.8203125,0.015485584805633446
1770381420.482051,0.0,119.8203125,0.015485584805633446
1770381421.5920606,0.0,119.8203125,0.015485584805633446
1770381422.7008612,0.0,119.8203125,0.015485584805633446
1770381423.8142662,0.0,119.8203125,0.015485584805633446
1770381424.9340339,0.0,119.8203125,0.015485584805633446
1770381426.0430813,0.0,119.8203125,0.015485584805633446
1770381427.1530964,0.0,119.8203125,0.015485584805633446
1770381428.2559252,0.0,119.8203125,0.015485584805633446
1770381429.3681746,0.0,119.8203125,0.015485584805633446
1770381430.476986,0.0,119.8203125,0.015485584805633446
1770381431.586539,0.0,119.8203125,0.015485584805633446
1770381432.699673,0.0,119.8203125,0.015485584805633446
1770381433.8135386,0.0,119.8203125,0.015485584805633446
1770381434.9206755,0.0,119.8203125,0.015485584805633446
1770381436.0313156,0.0,119.8203125,0.015485584805633446
1770381437.1410255,0.0,119.8203125,0.015485584805633446
1770381438.246498,0.0,119.8203125,0.015485584805633446
1770381439.3572388,0.0,119.8203125,0.015485584805633446
1770381440.4651718,0.0,119.8203125,0.015485584805633446
1770381441.5735936,0.0,119.8203125,0.015485584805633446
1770381442.6826224,0.0,119.8203125,0.015485584805633446
1770381443.7905076,0.0,119.8203125,0.015485584805633446
1770381444.9012792,0.0,119.8203125,0.015485584805633446
1770381446.0105758,0.0,119.8203125,0.015485584805633446
1770381447.11929,0.0,119.8203125,0.015485584805633446
1770381448.2311652,0.0,119.8203125,0.015485584805633446
1770381449.3403673,0.0,119.8203125,0.015485584805633446
1770381450.4507651,0.0,119.8203125,0.015485584805633446
1770381451.5588987,0.0,119.8203125,0.015485584805633446
1770381452.6663306,0.0,119.8203125,0.015485584805633446
1770381453.768725,0.0,119.8203125,0.015485584805633446
1770381454.8793225,0.0,119.8203125,0.015485584805633446
1770381455.9859805,0.0,119.8203125,0.015485584805633446
1770381457.0951378,0.0,119.8203125,0.015485584805633446
1770381458.20344,0.0,119.8203125,0.015485584805633446
1770381459.313914,0.0,119.8203125,0.015485584805633446
1770381460.426987,0.0,119.8203125,0.015485584805633446
1770381461.5376906,0.0,119.8203125,0.015485584805633446
1770381462.647749,0.0,119.8203125,0.015485584805633446
1770381463.7584481,0.0,119.8203125,0.015485584805633446
1770381464.867016,0.0,119.8203125,0.015485584805633446
1770381465.9784048,0.0,119.8203125,0.015485584805633446
1770381467.087737,0.0,119.8203125,0.015485584805633446
1770381468.1945522,0.0,119.8203125,0.015485584805633446
1770381469.30202,0.0,119.8203125,0.015485584805633446
1770381470.411386,0.0,119.8203125,0.015485584805633446
1770381471.5160992,0.0,119.8203125,0.015485584805633446
1770381472.632718,0.0,119.8203125,0.015485584805633446
1770381473.7436833,0.0,119.8203125,0.015485584805633446
1770381474.852959,0.0,119.8203125,0.015485584805633446
1770381475.9735248,0.0,119.8203125,0.015485584805633446
1770381477.0838015,0.0,119.8203125,0.015485584805633446
1770381478.1907353,0.0,119.8203125,0.015485584805633446
1770381479.2998476,0.0,119.8203125,0.015485584805633446
1770381480.4126315,0.0,119.8203125,0.015485584805633446
1770381481.5199335,0.0,119.8203125,0.015485584805633446
1770381482.6307783,0.0,119.8203125,0.015485584805633446
1770381483.739705,0.0,119.8203125,0.015485584805633446
1770381484.8711357,0.0,119.8203125,0.015485584805633446
1770381485.9803553,0.0,119.8203125,0.015485584805633446
1770381487.09502,0.0,119.8203125,0.015485584805633446
1770381488.2137628,0.0,119.8203125,0.015485584805633446
1770381489.322177,0.0,119.8203125,0.015485584805633446
1770381490.4324112,0.0,119.8203125,0.015485584805633446
1770381491.543178,0.0,119.8203125,0.015485584805633446
1770381492.6531806,0.0,119.8203125,0.015485584805633446
1770381493.760385,0.0,119.8203125,0.015485584805633446
1770381494.8700845,0.0,119.8203125,0.015485584805633446
1770381495.980836,0.0,119.8203125,0.015485584805633446
1770381497.085665,0.0,119.8203125,0.015485584805633446
1770381498.1976125,0.0,119.8203125,0.015485584805633446
1770381499.307488,0.0,119.8203125,0.015485584805633446
1770381500.424158,0.0,119.8203125,0.015485584805633446
1770381501.540395,0.0,119.8203125,0.015485584805633446
1770381502.6522245,0.0,119.8203125,0.015485584805633446
1770381503.7628746,0.0,119.8203125,0.015485584805633446
1770381504.868956,0.0,119.8203125,0.015485584805633446
1770381505.9781797,0.0,119.8203125,0.015485584805633446
1770381507.0882118,0.0,119.8203125,0.015485584805633446
1770381508.197955,0.0,119.8203125,0.015485584805633446
1770381509.305533,0.0,119.8203125,0.015485584805633446
1770381510.4157972,0.0,119.8203125,0.015485584805633446
1770381511.5220282,0.0,119.8203125,0.015485584805633446
1770381512.631354,0.0,119.8203125,0.015485584805633446
1770381513.7448666,0.0,119.8203125,0.015485584805633446
1770381514.8490167,0.0,119.8203125,0.015485584805633446
1770381515.9643242,0.0,119.8203125,0.015485584805633446
1770381517.0728178,0.0,119.8203125,0.015485584805633446
1770381518.180897,0.0,119.8203125,0.015485584805633446
1770381519.295438,0.0,119.8203125,0.015485584805633446
1770381520.405615,0.0,119.8203125,0.015485584805633446
1770381521.5135248,0.0,119.8203125,0.015485584805633446
1770381522.6241963,0.0,119.8203125,0.015485584805633446
1770381523.7341774,0.0,119.8203125,0.015485584805633446
1770381524.8417554,0.0,119.8203125,0.015485584805633446
1770381525.9515936,0.0,119.8203125,0.015485584805633446
1770381527.060429,0.0,119.8203125,0.015485584805633446
1770381528.1694608,0.0,119.8203125,0.015485584805633446
1770381529.278815,0.0,119.8203125,0.015485584805633446
1770381530.384604,0.0,119.8203125,0.015485584805633446
1770381531.4971285,0.0,119.8203125,0.015485584805633446
1770381532.6077554,0.0,119.8203125,0.015485584805633446
1770381533.716828,0.0,119.8203125,0.015485584805633446
1770381534.8274748,0.0,119.8203125,0.015485584805633446
1770381535.9371603,0.0,119.8203125,0.015485584805633446
1770381537.043258,0.0,119.8203125,0.015485584805633446
1770381538.1534085,0.0,119.8203125,0.015485584805633446
1770381539.2715917,0.0,119.8203125,0.015485584805633446
1770381540.383869,0.0,119.8203125,0.015485584805633446
1770381541.4947171,0.0,119.8203125,0.015485584805633446
1770381542.6001685,0.0,119.8203125,0.015485584805633446
1770381543.719321,0.0,119.8203125,0.015485584805633446
1770381544.8283257,0.0,119.8203125,0.015485584805633446
1770381545.9365041,0.0,119.8203125,0.015485584805633446
1770381547.0470493,0.0,119.8203125,0.015485584805633446
1770381548.1553133,0.0,119.8203125,0.015485584805633446
1770381549.2653525,0.0,119.8203125,0.015485584805633446
1770381550.378,0.0,119.8203125,0.015485584805633446
1770381551.4894705,0.0,119.8203125,0.015485584805633446
1770381552.599466,0.0,119.8203125,0.015485584805633446
1770381553.7094712,0.0,119.8203125,0.015485584805633446
1770381554.8171484,0.0,119.8203125,0.015485584805633446
1770381555.9283042,0.0,119.8203125,0.015485584805633446
1770381557.038502,0.0,119.8203125,0.015485584805633446
1770381558.1474435,0.0,119.8203125,0.015485584805633446
1770381559.2613235,0.0,119.8203125,0.015485584805633446
1770381560.3714504,0.0,119.8203125,0.015485584805633446
1770381561.481812,0.0,119.8203125,0.015485584805633446
1770381562.5921335,0.0,119.8203125,0.015485584805633446
1770381563.7053049,0.0,119.8203125,0.015485584805633446
1770381564.815058,0.0,119.8203125,0.015485584805633446
1770381565.9253275,0.0,119.8203125,0.015485584805633446
1770381567.0361106,0.0,119.8203125,0.015485584805633446
1770381568.1417587,0.0,119.8203125,0.015485584805633446
1770381569.2517695,0.0,119.8203125,0.015485584805633446
1770381570.3571947,0.0,119.8203125,0.015485584805633446
1770381571.4713883,0.0,119.8203125,0.015485584805633446
1770381572.5846071,0.0,119.8203125,0.015485584805633446
1770381573.6894228,0.0,119.8203125,0.015485584805633446
1770381574.7996674,0.0,119.8203125,0.015485584805633446
1770381575.914169,0.0,119.8203125,0.015485584805633446
1770381577.0222645,0.0,119.8203125,0.015485584805633446
1770381578.1318119,0.0,119.8203125,0.015485584805633446
1770381579.24026,0.0,119.8203125,0.015485584805633446
1770381580.3494108,0.0,119.8203125,0.015485584805633446
1770381581.4594316,0.0,119.8203125,0.015485584805633446
1770381582.5719101,0.0,119.8203125,0.015485584805633446
1770381583.682407,0.0,119.8203125,0.015485584805633446
1770381584.7921019,0.0,119.8203125,0.015485584805633446
1770381585.8974319,0.0,119.8203125,0.015485584805633446
1770381587.0107343,0.0,119.8203125,0.015485584805633446
1770381588.119026,0.0,119.8203125,0.015485584805633446
1770381589.2289467,0.0,119.8203125,0.015485584805633446
1770381590.3403835,0.0,119.8203125,0.015485584805633446
1770381591.4521754,0.0,119.8203125,0.015485584805633446
1770381592.5618017,0.0,119.8203125,0.015485584805633446
1770381593.6761594,0.0,119.8203125,0.015485584805633446
1770381594.788674,0.0,119.8203125,0.015485584805633446
1770381595.8943338,0.0,119.8203125,0.015485584805633446
1770381597.009517,0.0,119.8203125,0.015485584805633446
1770381598.1165626,0.0,119.8203125,0.015485584805633446
1770381599.2267709,0.0,119.8203125,0.015485584805633446
1770381600.3360648,0.0,119.8203125,0.015485584805633446
1770381601.4423304,0.0,119.8203125,0.015485584805633446
1770381602.5550425,0.0,119.8203125,0.015485584805633446
1770381603.664754,0.0,119.8203125,0.015485584805633446
1770381604.7745526,0.0,119.8203125,0.015485584805633446
1770381605.884776,0.0,119.8203125,0.015485584805633446
1770381606.9907997,0.0,119.8203125,0.015485584805633446
1770381608.1000683,0.0,119.8203125,0.015485584805633446
1770381609.216266,0.0,119.8203125,0.015485584805633446
1770381610.3252425,0.0,119.8203125,0.015485584805633446
1770381611.4338202,0.0,119.8203125,0.015485584805633446
1770381612.5432925,0.0,119.8203125,0.015485584805633446
1770381613.6498773,0.0,119.8203125,0.015485584805633446
1770381614.7597132,0.0,119.8203125,0.015485584805633446
1770381615.8708518,0.0,119.8203125,0.015485584805633446
1770381616.980499,0.0,119.8203125,0.015485584805633446
1770381618.0933552,0.0,119.8203125,0.015485584805633446
1770381619.2025056,0.0,119.8203125,0.015485584805633446
1770381620.3190346,0.0,119.8203125,0.015485584805633446
1770381621.4305193,0.0,119.8203125,0.015485584805633446
1770381622.5391152,0.0,119.8203125,0.015485584805633446
1770381623.6478503,0.0,119.8203125,0.015485584805633446
1770381624.7573054,0.0,119.8203125,0.015485584805633446
1770381625.8719912,0.0,119.8203125,0.015485584805633446
1770381626.987044,0.0,119.8203125,0.015485584805633446
1770381628.0960243,0.0,119.8203125,0.015485584805633446
1770381629.201876,0.0,119.8203125,0.015485584805633446
1770381630.3149593,0.0,119.8203125,0.015485584805633446
1770381631.4232616,0.0,119.8203125,0.015485584805633446
1770381632.5309064,0.0,119.8203125,0.015485584805633446
1770381633.6416805,0.0,119.8203125,0.015485584805633446
1770381634.749709,0.0,119.8203125,0.015485584805633446
1770381635.858654,0.0,119.8203125,0.015485584805633446
1770381636.9690037,0.0,119.8203125,0.015485584805633446
1770381638.077793,0.0,119.8203125,0.015485584805633446
1770381639.1871457,0.0,119.8203125,0.015485584805633446
1770381640.2961864,0.0,119.8203125,0.015485584805633446
1770381641.4057896,0.0,119.8203125,0.015485584805633446
1770381642.5171854,0.0,119.8203125,0.015485584805633446
1770381643.6272788,0.0,119.8203125,0.015485584805633446
1770381644.7394273,0.0,119.8203125,0.015485584805633446
1770381645.8500774,0.0,119.8203125,0.015485584805633446
1770381646.9642146,0.0,119.8203125,0.015485584805633446
1770381648.073604,0.0,119.8203125,0.015485584805633446
1770381649.1846344,0.0,119.8203125,0.015485584805633446
1770381650.2939184,0.0,119.8203125,0.015485584805633446
1770381651.4024773,0.0,119.8203125,0.015485584805633446
1770381652.5142663,0.0,119.8203125,0.015485584805633446
1770381653.6271038,0.0,119.8203125,0.015485584805633446
1770381654.74001,0.0,119.8203125,0.015485584805633446
1770381655.8504324,0.0,119.8203125,0.015485584805633446
1770381656.9584322,0.0,119.8203125,0.015485584805633446
1770381658.0686061,0.0,119.8203125,0.015485584805633446
1770381659.1789079,0.0,119.8203125,0.015485584805633446
1770381660.287032,0.0,119.8203125,0.015485584805633446
1770381661.3990424,0.0,119.8203125,0.015485584805633446
1770381662.5071177,0.0,119.8203125,0.015485584805633446
1770381663.6160707,0.0,119.8203125,0.015485584805633446
1770381664.7273107,0.0,119.8203125,0.015485584805633446
1770381665.830058,0.0,119.8203125,0.015485584805633446
1770381666.9426863,0.0,119.8203125,0.015485584805633446
1770381668.0538385,0.0,119.8203125,0.015485584805633446
1770381669.163731,0.0,119.8203125,0.015485584805633446
1770381670.2819786,0.0,119.8203125,0.015485584805633446
1770381671.3923397,0.0,119.8203125,0.015485584805633446
1770381672.500156,0.0,119.8203125,0.015485584805633446
1770381673.6119866,0.0,119.8203125,0.015485584805633446
1770381674.7232924,0.0,119.8203125,0.015485584805633446
1770381675.8325741,0.0,119.8203125,0.015485584805633446
1770381676.9440336,0.0,119.8203125,0.015485584805633446
1770381678.0519133,0.0,119.8203125,0.015485584805633446
1770381679.1660302,0.0,119.8203125,0.015485584805633446
1770381680.276014,0.0,119.8203125,0.015485584805633446
1770381681.385585,0.0,119.8203125,0.015485584805633446
1770381682.5023828,0.0,119.8203125,0.015485584805633446
1770381683.6093004,0.0,119.8203125,0.015485584805633446
1770381684.7233055,0.0,119.8203125,0.015485584805633446
1770381685.8338516,0.0,119.8203125,0.015485584805633446
1770381686.947202,0.0,119.8203125,0.015485584805633446
1770381688.053234,0.0,119.8203125,0.015485584805633446
1770381689.1619503,0.0,119.8203125,0.015485584805633446
1770381690.2705126,0.0,119.8203125,0.015485584805633446
1770381691.3726559,0.0,119.8203125,0.015485584805633446
1770381692.4831312,0.0,119.8203125,0.015485584805633446
1770381693.5931356,0.0,119.8203125,0.015485584805633446
1770381694.7022593,0.0,119.8203125,0.015485584805633446
1770381695.8116837,0.0,119.8203125,0.015485584805633446
1770381696.9264905,7.207207207108943,119.8203125,0.015485584805633446
1770381698.0426157,16.071428571495392,119.8203125,0.015485584805633446
1770381699.1557415,7.207207207297913,119.91015625,0.01549719621759568
1770381700.2739334,10.71428571433026,119.91015625,0.01549719621759568
1770381701.3858974,9.82142857121419,119.91015625,0.01549719621759568
1770381702.5014203,9.00900900912239,119.91015625,0.01549719621759568
1770381703.6183999,11.711711711552033,119.91015625,0.01549719621759568
1770381704.7357063,4.464285714304276,119.91015625,0.01549719621759568
1770381705.8470569,0.0,119.91015625,0.01549719621759568
1770381706.9615502,0.0,119.91015625,0.01549719621759568
1770381708.0749493,0.0,119.91015625,0.01549719621759568
1770381709.1881306,0.0,119.91015625,0.01549719621759568
1770381710.3001022,0.0,119.91015625,0.01549719621759568
1770381711.4125757,0.0,119.91015625,0.01549719621759568
1770381712.5257566,0.0,119.91015625,0.01549719621759568
1770381713.6392486,0.0,119.91015625,0.01549719621759568
1770381714.7535882,0.0,119.91015625,0.01549719621759568
1770381715.8676665,0.0,119.91015625,0.01549719621759568
1770381716.984643,0.0,119.91015625,0.01549719621759568
1770381718.0976791,0.0,119.91015625,0.01549719621759568
1770381719.2107022,0.0,119.91015625,0.01549719621759568
1770381720.366541,0.0,119.91015625,0.01549719621759568
1770381721.481998,0.0,119.91015625,0.01549719621759568
1770381722.5955365,0.0,119.91015625,0.01549719621759568
1770381723.7088256,0.0,119.91015625,0.01549719621759568
1770381724.8209646,0.0,119.91015625,0.01549719621759568
1770381725.9405065,0.0,119.91015625,0.01549719621759568
1770381727.050369,0.0,119.91015625,0.01549719621759568
1770381728.1660414,0.0,119.91015625,0.01549719621759568
1770381729.2766519,0.0,119.91015625,0.01549719621759568
1770381730.435097,0.0,119.91015625,0.01549719621759568
1770381731.5443122,0.0,119.91015625,0.01549719621759568
1770381732.6573105,0.0,119.91015625,0.01549719621759568
1770381733.7664216,0.0,119.91015625,0.01549719621759568
1770381734.8756669,0.0,119.91015625,0.01549719621759568
1770381735.9863212,0.0,119.91015625,0.01549719621759568
1770381737.1011882,0.0,119.91015625,0.01549719621759568
1770381738.2151763,0.0,119.91015625,0.01549719621759568
1770381739.3248258,0.0,119.91015625,0.01549719621759568
1770381740.5062168,0.0,119.91015625,0.01549719621759568
1770381741.6190307,0.0,119.91015625,0.01549719621759568
1770381742.7302678,0.0,119.91015625,0.01549719621759568
1770381743.8391852,0.0,119.91015625,0.01549719621759568
1770381744.9492393,0.0,119.91015625,0.01549719621759568
1770381746.0590408,0.0,119.91015625,0.01549719621759568
1770381747.168972,0.0,119.91015625,0.01549719621759568
1770381748.2787514,0.0,119.91015625,0.01549719621759568
1770381749.3863978,0.0,119.91015625,0.01549719621759568
1770381750.5789018,0.8547008547127607,119.91015625,0.01549719621759568
1770381751.689319,2.6548672566262277,119.91015625,0.01549719621759568
1770381752.7991416,0.9009009009122392,119.91015625,0.01549719621759568
1770381753.9130535,3.6036036035544714,119.91015625,0.01549719621759568
1770381755.0307655,2.702702702736717,119.91015625,0.01549719621759568
1770381756.1455398,4.464285714188269,119.91015625,0.01549719621759568
1770381757.262053,4.464285714304276,119.91015625,0.01549719621759568
1770381758.3720713,7.207207207297913,119.91015625,0.01549719621759568
1770381759.4833803,1.8018018017772357,119.91015625,0.01549719621759568
1770381760.597498,0.0,119.91015625,0.01549719621759568
1770381761.7091424,0.0,119.91015625,0.01549719621759568
1770381762.819879,0.0,119.91015625,0.01549719621759568
1770381763.9292002,0.0,119.91015625,0.01549719621759568
1770381765.039858,0.0,119.91015625,0.01549719621759568
1770381766.159158,0.0,119.91015625,0.01549719621759568
1770381767.27009,0.0,119.91015625,0.01549719621759568
1770381768.38013,0.0,119.91015625,0.01549719621759568
1770381769.4949875,0.0,119.91015625,0.01549719621759568
1770381770.6088,0.0,119.91015625,0.01549719621759568
1770381771.720555,0.0,119.91015625,0.01549719621759568
1770381772.8335474,0.0,119.91015625,0.01549719621759568
1770381773.9464023,0.0,119.91015625,0.01549719621759568
1770381775.0550811,0.0,119.91015625,0.01549719621759568
1770381776.162052,0.0,119.91015625,0.01549719621759568
1770381777.2659984,0.0,119.91015625,0.01549719621759568
1770381778.3792229,0.0,119.91015625,0.01549719621759568
1770381779.488274,0.0,119.91015625,0.01549719621759568
1770381780.5951045,0.0,119.91015625,0.01549719621759568
1770381781.7071333,0.0,119.91015625,0.01549719621759568
1770381782.8240387,0.0,119.91015625,0.01549719621759568
1770381783.9321415,0.0,119.91015625,0.01549719621759568
1770381785.0423834,0.0,119.91015625,0.01549719621759568
1770381786.1555805,0.0,119.91015625,0.01549719621759568
1770381787.2640035,0.0,119.91015625,0.01549719621759568
1770381788.3737314,0.0,119.91015625,0.01549719621759568
1770381789.4918709,0.0,119.91015625,0.01549719621759568
1770381790.5976021,0.0,119.91015625,0.01549719621759568
1770381791.7090328,0.0,119.91015625,0.01549719621759568
1770381792.8147216,0.0,119.91015625,0.01549719621759568
1770381793.9288023,0.0,119.91015625,0.01549719621759568
1770381795.0376835,0.0,119.91015625,0.01549719621759568
1770381796.1448998,0.0,119.91015625,0.01549719621759568
1770381797.2567804,0.0,119.91015625,0.01549719621759568
1770381798.3666224,0.0,119.91015625,0.01549719621759568
1770381799.475283,0.0,119.91015625,0.01549719621759568
1770381800.6809826,0.0,119.91015625,0.01549719621759568
1770381801.7959611,0.0,119.91015625,0.01549719621759568
1770381802.9024718,0.0,119.91015625,0.01549719621759568
1770381804.0117886,0.0,119.91015625,0.01549719621759568
1770381805.117722,0.0,119.91015625,0.01549719621759568
1770381806.2262006,0.0,119.91015625,0.01549719621759568
1770381807.3425176,0.0,119.91015625,0.01549719621759568
1770381808.4500332,0.0,119.91015625,0.01549719621759568
1770381809.5626407,0.0,119.91015625,0.01549719621759568
1770381810.6704292,0.0,119.91015625,0.01549719621759568
1770381811.778835,0.0,119.91015625,0.01549719621759568
1770381812.887021,0.0,119.91015625,0.01549719621759568
1770381813.9927466,0.0,119.91015625,0.01549719621759568
1770381815.108735,0.0,119.91015625,0.01549719621759568
1770381816.219922,0.0,119.91015625,0.01549719621759568
1770381817.3371625,0.0,119.91015625,0.01549719621759568
1770381818.4446843,0.0,119.91015625,0.01549719621759568
1770381819.5544887,0.0,119.91015625,0.01549719621759568
1770381820.661358,0.0,119.91015625,0.01549719621759568
1770381821.775047,0.0,119.91015625,0.01549719621759568
1770381822.886698,0.0,119.91015625,0.01549719621759568
1770381823.9959114,0.0,119.91015625,0.01549719621759568
1770381825.1078298,0.0,119.91015625,0.01549719621759568
1770381826.216228,0.0,119.91015625,0.01549719621759568
1770381827.3316593,0.0,119.91015625,0.01549719621759568
1770381828.4461749,0.0,119.91015625,0.01549719621759568
1770381829.5579858,0.0,119.91015625,0.01549719621759568
1770381830.6644075,0.0,119.91015625,0.01549719621759568
1770381831.7759962,0.0,119.91015625,0.01549719621759568
1770381832.8851228,0.0,119.91015625,0.01549719621759568
1770381833.9916923,0.0,119.91015625,0.01549719621759568
1770381835.1025283,0.0,119.91015625,0.01549719621759568
1770381836.2085712,0.0,119.91015625,0.01549719621759568
1770381837.449915,0.0,119.91015625,0.01549719621759568
1770381838.5603104,0.0,119.91015625,0.01549719621759568
1770381839.6691766,0.0,119.91015625,0.01549719621759568
1770381840.78417,0.0,119.91015625,0.01549719621759568
1770381841.8934026,0.0,119.91015625,0.01549719621759568
1770381843.00215,0.0,119.91015625,0.01549719621759568
1770381844.1114488,0.0,119.91015625,0.01549719621759568
1770381845.2199821,0.0,119.91015625,0.01549719621759568
1770381846.3288934,0.0,119.91015625,0.01549719621759568
1770381847.54521,0.0,119.91015625,0.01549719621759568
1770381848.652668,0.0,119.91015625,0.01549719621759568
1770381849.7641628,0.0,119.91015625,0.01549719621759568
1770381850.8748636,0.0,119.91015625,0.01549719621759568
1770381851.9827635,0.0,119.91015625,0.01549719621759568
1770381853.0962102,0.0,119.91015625,0.01549719621759568
1770381854.2033644,0.0,119.91015625,0.01549719621759568
1770381855.3151236,0.0,119.91015625,0.01549719621759568
1770381856.4251196,0.0,119.91015625,0.01549719621759568
1770381857.60529,0.0,119.91015625,0.01549719621759568
1770381858.7216458,0.0,119.91015625,0.01549719621759568
1770381859.8308916,0.0,119.91015625,0.01549719621759568
1770381860.9453797,0.0,119.91015625,0.01549719621759568
1770381862.0556695,0.0,119.91015625,0.01549719621759568
1770381863.1646032,0.0,119.91015625,0.01549719621759568
1770381864.2722454,0.0,119.91015625,0.01549719621759568
1770381865.382022,0.0,119.91015625,0.01549719621759568
1770381866.4899015,0.0,119.91015625,0.01549719621759568
1770381867.6399055,0.0,119.91015625,0.01549719621759568
1770381868.7502358,0.0,119.91015625,0.01549719621759568
1770381869.855298,0.0,119.91015625,0.01549719621759568
1770381870.967302,0.0,119.91015625,0.01549719621759568
1770381872.0774553,0.0,119.91015625,0.01549719621759568
1770381873.1851938,0.0,119.91015625,0.01549719621759568
1770381874.2997425,0.0,119.91015625,0.01549719621759568
1770381875.4082587,0.0,119.91015625,0.01549719621759568
1770381876.515687,0.0,119.91015625,0.01549719621759568
1770381877.626365,0.0,119.91015625,0.01549719621759568
1770381878.7351954,0.0,119.91015625,0.01549719621759568
1770381879.841804,0.0,119.91015625,0.01549719621759568
1770381880.951627,0.0,119.91015625,0.01549719621759568
1770381882.063345,0.0,119.91015625,0.01549719621759568
1770381883.1716635,0.0,119.91015625,0.01549719621759568
1770381884.2811224,0.0,119.91015625,0.01549719621759568
1770381885.3884282,0.0,119.91015625,0.01549719621759568
1770381886.5085955,0.0,119.91015625,0.01549719621759568
1770381887.6176121,0.0,119.91015625,0.01549719621759568
1770381888.731203,0.0,119.91015625,0.01549719621759568
1770381889.8421712,0.0,119.91015625,0.01549719621759568
1770381890.9516222,0.0,119.91015625,0.01549719621759568
1770381892.057926,0.0,119.91015625,0.01549719621759568
1770381893.1680298,0.0,119.91015625,0.01549719621759568
1770381894.2785966,0.0,119.91015625,0.01549719621759568
1770381895.3813837,0.0,119.91015625,0.01549719621759568
1770381896.4914713,0.0,119.91015625,0.01549719621759568
1770381897.6022127,0.0,119.91015625,0.01549719621759568
1770381898.7099938,0.0,119.91015625,0.01549719621759568
1770381899.8189967,0.0,119.91015625,0.01549719621759568
1770381900.9298182,0.0,119.91015625,0.01549719621759568
1770381902.0422568,0.0,119.91015625,0.01549719621759568
1770381903.1557205,0.0,119.91015625,0.01549719621759568
1770381904.2646382,0.0,119.91015625,0.01549719621759568
1770381905.3744614,0.0,119.91015625,0.01549719621759568
1770381906.4836605,0.0,119.91015625,0.01549719621759568
1770381907.590628,0.0,119.91015625,0.01549719621759568
1770381908.6986022,0.0,119.91015625,0.01549719621759568
1770381909.8018808,0.0,119.91015625,0.01549719621759568
1770381910.9091415,0.0,119.91015625,0.01549719621759568
1770381912.0204835,0.0,119.91015625,0.01549719621759568
1770381913.1253226,0.0,119.91015625,0.01549719621759568
1770381914.2388096,0.0,119.91015625,0.01549719621759568
1770381915.3460467,0.0,119.91015625,0.01549719621759568
1770381916.4542549,0.0,119.91015625,0.01549719621759568
1770381917.5643713,0.0,119.91015625,0.01549719621759568
1770381918.6716585,0.0,119.91015625,0.01549719621759568
1770381919.7823832,0.0,119.91015625,0.01549719621759568
1770381920.891687,0.0,119.91015625,0.01549719621759568
1770381922.0004215,0.0,119.91015625,0.01549719621759568
1770381923.1088288,0.0,119.91015625,0.01549719621759568
1770381924.2190251,0.0,119.91015625,0.01549719621759568
1770381925.3280578,0.0,119.91015625,0.01549719621759568
1770381926.4373488,0.0,119.91015625,0.01549719621759568
1770381927.5507166,0.0,119.91015625,0.01549719621759568
1770381928.6602726,0.0,119.91015625,0.01549719621759568
1770381929.773774,0.0,119.91015625,0.01549719621759568
1770381930.8827834,0.0,119.91015625,0.01549719621759568
1770381931.9898133,0.0,119.91015625,0.01549719621759568
1770381933.0998669,0.0,119.91015625,0.01549719621759568
1770381934.2098725,0.0,119.91015625,0.01549719621759568
1770381935.3227346,0.0,119.91015625,0.01549719621759568
1770381936.4315846,0.0,119.91015625,0.01549719621759568
1770381937.542911,0.0,119.91015625,0.01549719621759568
1770381938.6468513,0.0,119.91015625,0.01549719621759568
1770381939.7591999,0.0,119.91015625,0.01549719621759568
1770381940.8717976,0.0,119.91015625,0.01549719621759568
1770381941.9892118,0.0,119.91015625,0.01549719621759568
1770381943.1028488,0.0,119.91015625,0.01549719621759568
1770381944.2105706,0.0,119.91015625,0.01549719621759568
1770381945.3216283,0.0,119.91015625,0.01549719621759568
1770381946.4308898,0.0,119.91015625,0.01549719621759568
1770381947.5408843,0.0,119.91015625,0.01549719621759568
1770381948.6510746,0.0,119.91015625,0.01549719621759568
1770381949.7601757,0.0,119.91015625,0.01549719621759568
1770381950.8689127,0.0,119.91015625,0.01549719621759568
1770381951.9800408,0.0,119.91015625,0.01549719621759568
1770381953.0889547,0.0,119.91015625,0.01549719621759568
1770381954.1976497,0.0,119.91015625,0.01549719621759568
1770381955.3152473,0.0,119.91015625,0.01549719621759568
1770381956.4262922,0.0,119.91015625,0.01549719621759568
1770381957.5404148,0.0,119.91015625,0.01549719621759568
1770381958.6501408,0.0,119.91015625,0.01549719621759568
1770381959.7583852,0.0,119.91015625,0.01549719621759568
1770381960.8696122,0.0,119.91015625,0.01549719621759568
1770381961.9789827,0.0,119.91015625,0.01549719621759568
1770381963.089919,0.0,119.91015625,0.01549719621759568
1770381964.1993656,0.0,119.91015625,0.01549719621759568
1770381965.3099892,0.0,119.91015625,0.01549719621759568
1770381966.4204762,0.0,119.91015625,0.01549719621759568
1770381967.530436,0.0,119.91015625,0.01549719621759568
1770381968.6374924,0.0,119.91015625,0.01549719621759568
1770381969.741136,0.0,119.91015625,0.01549719621759568
1770381970.8501844,0.0,119.91015625,0.01549719621759568
1770381971.953715,0.0,119.91015625,0.01549719621759568
1770381973.0662968,0.0,119.91015625,0.01549719621759568
1770381974.1754262,0.0,119.91015625,0.01549719621759568
1770381975.2840533,0.0,119.91015625,0.01549719621759568
1770381976.3904183,0.0,119.91015625,0.01549719621759568
1770381977.500168,0.0,119.91015625,0.01549719621759568
1770381978.610571,0.0,119.91015625,0.01549719621759568
1770381979.7193222,0.0,119.91015625,0.01549719621759568
1770381980.8281481,0.0,119.91015625,0.01549719621759568
1770381981.934713,0.0,119.91015625,0.01549719621759568
1770381983.0426288,0.0,119.91015625,0.01549719621759568
1770381984.148043,0.0,119.91015625,0.01549719621759568
1770381985.2624354,0.0,119.91015625,0.01549719621759568
1770381986.3710232,0.0,119.91015625,0.01549719621759568
1770381987.488645,0.0,119.91015625,0.01549719621759568
1770381988.6038096,0.0,119.91015625,0.01549719621759568
1770381989.7122104,0.0,119.91015625,0.01549719621759568
1770381990.819858,0.0,119.91015625,0.01549719621759568
1770381991.9290488,0.0,119.91015625,0.01549719621759568
1770381993.0391066,0.0,119.91015625,0.01549719621759568
1770381994.1438866,0.0,119.91015625,0.01549719621759568
1770381995.252283,0.0,119.91015625,0.01549719621759568
1770381996.3631642,0.0,119.91015625,0.01549719621759568
1770381997.4678583,0.0,119.91015625,0.01549719621759568
1770381998.5765626,0.0,119.91015625,0.01549719621759568
1770381999.6859968,0.0,119.91015625,0.01549719621759568
1770382000.7969139,0.0,119.91015625,0.01549719621759568
1770382001.91664,0.0,119.91015625,0.01549719621759568
1770382003.02288,0.0,119.91015625,0.01549719621759568
1770382004.127941,0.0,119.91015625,0.01549719621759568
1770382005.2366343,0.0,119.91015625,0.01549719621759568
1770382006.3455546,0.0,119.91015625,0.01549719621759568
1770382007.4573276,0.0,119.91015625,0.01549719621759568
1770382008.5662248,0.0,119.91015625,0.01549719621759568
1770382009.6821325,0.0,119.91015625,0.01549719621759568
1770382010.7918751,0.0,119.91015625,0.01549719621759568
1770382011.901523,0.0,119.91015625,0.01549719621759568
1770382013.0065687,0.0,119.91015625,0.01549719621759568
1770382014.115991,0.0,119.91015625,0.01549719621759568
1770382015.223157,0.0,119.91015625,0.01549719621759568
1770382016.3352973,0.0,119.91015625,0.01549719621759568
1770382017.4436913,0.0,119.91015625,0.01549719621759568
1770382018.5522604,0.0,119.91015625,0.01549719621759568
1770382019.6633089,0.0,119.91015625,0.01549719621759568
1770382020.7733781,0.0,119.91015625,0.01549719621759568
1770382021.892173,0.0,119.91015625,0.01549719621759568
1770382023.001945,0.0,119.91015625,0.01549719621759568
1770382024.1117678,0.0,119.91015625,0.01549719621759568
1770382025.2177782,0.0,119.91015625,0.01549719621759568
1770382026.32613,0.0,119.91015625,0.01549719621759568
1770382027.4301357,0.0,119.91015625,0.01549719621759568
1770382028.5422323,0.0,119.91015625,0.01549719621759568
1770382029.6525645,0.0,119.91015625,0.01549719621759568
1770382030.7562854,0.0,119.91015625,0.01549719621759568
1770382031.8676026,0.0,119.91015625,0.01549719621759568
1770382032.9787729,0.0,119.91015625,0.01549719621759568
1770382034.0858626,0.0,119.91015625,0.01549719621759568
1770382035.1946242,0.0,119.91015625,0.01549719621759568
1770382036.3022766,0.0,119.91015625,0.01549719621759568
1770382037.4098363,0.0,119.91015625,0.01549719621759568
1770382038.5182028,0.0,119.91015625,0.01549719621759568
1770382039.6263554,0.0,119.91015625,0.01549719621759568
1770382040.7344573,0.0,119.91015625,0.01549719621759568
1770382041.848142,0.0,119.91015625,0.01549719621759568
1770382042.9548569,0.0,119.91015625,0.01549719621759568
1770382044.063261,0.0,119.91015625,0.01549719621759568
1770382045.1725264,0.0,119.91015625,0.01549719621759568
1770382046.2784486,0.0,119.91015625,0.01549719621759568
1770382047.386831,0.0,119.91015625,0.01549719621759568
1770382048.4936464,0.0,119.91015625,0.01549719621759568
1770382049.60437,0.0,119.91015625,0.01549719621759568
1770382050.7126853,0.0,119.91015625,0.01549719621759568
1770382051.820232,0.0,119.91015625,0.01549719621759568
1770382052.9263418,0.0,119.91015625,0.01549719621759568
1770382054.0347958,0.0,119.91015625,0.01549719621759568
1770382055.1438777,0.0,119.91015625,0.01549719621759568
1770382056.2496998,0.0,119.91015625,0.01549719621759568
1770382057.3592262,0.0,119.91015625,0.01549719621759568
1770382058.4670208,0.0,119.91015625,0.01549719621759568
1770382059.5736525,0.0,119.91015625,0.01549719621759568
1770382060.6818142,0.0,119.91015625,0.01549719621759568
1770382061.7911828,0.0,119.91015625,0.01549719621759568
1770382062.9032695,0.0,119.91015625,0.01549719621759568
1770382064.0225751,0.0,119.91015625,0.01549719621759568
1770382065.1307507,0.0,119.91015625,0.01549719621759568
1770382066.2392442,0.0,119.91015625,0.01549719621759568
1770382067.347272,0.0,119.91015625,0.01549719621759568
1770382068.4533844,0.0,119.91015625,0.01549719621759568
1770382069.5631561,0.0,119.91015625,0.01549719621759568
1770382070.6721961,0.0,119.91015625,0.01549719621759568
1770382071.782452,0.0,119.91015625,0.01549719621759568
1770382072.8927903,0.0,119.91015625,0.01549719621759568
1770382074.000794,0.0,119.91015625,0.01549719621759568
1770382075.1110091,0.0,119.91015625,0.01549719621759568
1770382076.226371,0.0,119.91015625,0.01549719621759568
1770382077.3328798,0.0,119.91015625,0.01549719621759568
1770382078.4438717,0.0,119.91015625,0.01549719621759568
1770382079.5490723,0.0,119.91015625,0.01549719621759568
1770382080.6579204,0.0,119.91015625,0.01549719621759568
1770382081.7670517,0.0,119.91015625,0.01549719621759568
1770382082.8745434,0.0,119.91015625,0.01549719621759568
1770382083.9846973,0.0,119.91015625,0.01549719621759568
1770382085.0940995,0.0,119.91015625,0.01549719621759568
1770382086.2029598,0.0,119.91015625,0.01549719621759568
1770382087.3129416,0.0,119.91015625,0.01549719621759568
1770382088.4225855,0.0,119.91015625,0.01549719621759568
1770382089.5324283,0.0,119.91015625,0.01549719621759568
1770382090.6418915,0.0,119.91015625,0.01549719621759568
1770382091.7523603,0.0,119.91015625,0.01549719621759568
1770382092.861171,0.0,119.91015625,0.01549719621759568
1770382093.9718537,0.0,119.91015625,0.01549719621759568
1770382095.0813568,0.0,119.91015625,0.01549719621759568
1770382096.1926892,0.0,119.91015625,0.01549719621759568
1770382097.3021297,0.0,119.91015625,0.01549719621759568
1770382098.411254,0.0,119.91015625,0.01549719621759568
1770382099.5218375,0.0,119.91015625,0.01549719621759568
1770382100.6350846,6.306306306220326,120.0,0.015508807629557912
1770382101.7500756,16.964285714356247,120.0,0.015508807629557912
1770382102.8643436,6.306306306220326,120.0,0.015508807629557912
1770382103.9781256,12.500000000051973,120.0,0.015508807629557912
1770382105.0903776,9.00900900912239,120.0,0.015508807629557912
1770382106.206125,9.00900900888618,120.0,0.015508807629557912
1770382107.3202105,11.607142857191116,120.0,0.015508807629557912
1770382108.4358492,5.405405405473434,120.0,0.015508807629557912
1770382109.5469058,0.0,120.0,0.015508807629557912
1770382110.6595724,0.0,120.0,0.015508807629557912
1770382111.772252,0.0,120.0,0.015508807629557912
1770382112.884943,0.0,120.0,0.015508807629557912
1770382114.0001154,0.0,120.0,0.015508807629557912
1770382115.1108508,0.0,120.0,0.015508807629557912
1770382116.4663897,0.0,120.0,0.015508807629557912
1770382117.5781384,0.0,120.0,0.015508807629557912
1770382118.6902974,0.0,120.0,0.015508807629557912
1770382119.8023782,0.0,120.0,0.015508807629557912
1770382120.9206567,0.0,120.0,0.015508807629557912
1770382122.0354679,0.0,120.0,0.015508807629557912
1770382123.1484027,0.0,120.0,0.015508807629557912
1770382124.261744,0.0,120.0,0.015508807629557912
1770382125.3778512,0.0,120.0,0.015508807629557912
1770382126.540277,0.0,120.0,0.015508807629557912
1770382127.653477,0.0,120.0,0.015508807629557912
1770382128.7644982,0.0,120.0,0.015508807629557912
1770382129.875969,0.0,120.0,0.015508807629557912
1770382130.985759,0.0,120.0,0.015508807629557912
1770382132.0977345,0.0,120.0,0.015508807629557912
1770382133.2098343,0.0,120.0,0.015508807629557912
1770382134.322437,0.0,120.0,0.015508807629557912
1770382135.4319324,0.0,120.0,0.015508807629557912
1770382136.5434113,0.0,120.0,0.015508807629557912
1770382137.6566718,0.0,120.0,0.015508807629557912
1770382138.7660015,0.0,120.0,0.015508807629557912
1770382139.8756776,0.0,120.0,0.015508807629557912
1770382140.9846761,0.0,120.0,0.015508807629557912
1770382142.0947952,0.0,120.0,0.015508807629557912
1770382143.2035403,0.0,120.0,0.015508807629557912
1770382144.3138564,0.0,120.0,0.015508807629557912
1770382145.4265318,5.35714285716513,120.0,0.015508807629557912
1770382146.5356343,2.7027027026658534,120.140625,0.015526982013498801
1770382147.6449265,0.0,120.140625,0.015526982013498801
1770382148.756063,0.0,120.140625,0.015526982013498801
1770382149.87775,0.0,120.140625,0.015526982013498801
1770382150.987533,0.0,120.140625,0.015526982013498801
1770382152.0984383,0.0,120.140625,0.015526982013498801
1770382153.210012,0.0,120.140625,0.015526982013498801
1770382154.3254552,0.0,120.140625,0.015526982013498801
1770382155.435141,0.0,120.140625,0.015526982013498801
1770382156.648403,0.0,120.140625,0.015526982013498801
1770382157.7613845,0.0,120.140625,0.015526982013498801
1770382158.8764648,3.6036036036489567,120.140625,0.015526982013498801
1770382159.9876852,5.35714285716513,120.140625,0.015526982013498801
1770382161.1067133,1.8018018017772357,120.140625,0.015526982013498801
1770382162.2181628,6.250000000025986,120.140625,0.015526982013498801
1770382163.3288772,2.7027027026658534,120.140625,0.015526982013498801
1770382164.4398785,0.0,120.140625,0.015526982013498801
1770382165.5558553,0.0,120.140625,0.015526982013498801
1770382167.1559095,0.0,120.140625,0.015526982013498801
1770382168.2757137,0.0,120.140625,0.015526982013498801
1770382169.3923352,0.0,120.140625,0.015526982013498801
1770382170.504061,0.0,120.140625,0.015526982013498801
1770382171.693493,0.0,120.140625,0.015526982013498801
1770382172.8048139,0.0,120.140625,0.015526982013498801
1770382173.9156191,0.0,120.140625,0.015526982013498801
1770382175.026915,0.0,120.140625,0.015526982013498801
1770382176.1447375,0.0,120.140625,0.015526982013498801
1770382177.2568526,0.0,120.140625,0.015526982013498801
1770382178.367428,0.0,120.140625,0.015526982013498801
1770382179.4805632,0.0,120.140625,0.015526982013498801
1770382180.593842,0.0,120.140625,0.015526982013498801
1770382181.711051,0.0,120.140625,0.015526982013498801
1770382182.8246434,0.0,120.140625,0.015526982013498801
1770382183.9351778,0.0,120.140625,0.015526982013498801
1770382185.0421453,0.0,120.140625,0.015526982013498801
1770382186.152662,0.0,120.140625,0.015526982013498801
1770382187.2623842,0.0,120.140625,0.015526982013498801
1770382188.3662798,0.0,120.140625,0.015526982013498801
1770382189.4753265,0.0,120.140625,0.015526982013498801
1770382190.584963,0.0,120.140625,0.015526982013498801
1770382191.699259,0.0,120.140625,0.015526982013498801
1770382192.8114593,0.0,120.140625,0.015526982013498801
1770382193.9195774,0.0,120.140625,0.015526982013498801
1770382195.0312963,0.0,120.140625,0.015526982013498801
1770382196.1393363,0.0,120.140625,0.015526982013498801
1770382197.2552614,0.0,120.140625,0.015526982013498801
1770382198.3649514,0.0,120.140625,0.015526982013498801
1770382199.4749873,0.0,120.140625,0.015526982013498801
1770382200.581899,0.0,120.140625,0.015526982013498801
1770382201.8239346,0.0,120.140625,0.015526982013498801
1770382202.9285293,0.0,120.140625,0.015526982013498801
1770382204.0385008,0.0,120.140625,0.015526982013498801
1770382205.1481555,0.0,120.140625,0.015526982013498801
1770382206.2527003,0.0,120.140625,0.015526982013498801
1770382207.3636327,0.0,120.140625,0.015526982013498801
1770382208.4745457,0.0,120.140625,0.015526982013498801
1770382209.5829768,0.0,120.140625,0.015526982013498801
1770382210.6938496,0.0,120.140625,0.015526982013498801
1770382211.9301074,0.0,120.140625,0.015526982013498801
1770382213.0400593,0.0,120.140625,0.015526982013498801
1770382214.1523879,0.0,120.140625,0.015526982013498801
1770382215.2615294,0.0,120.140625,0.015526982013498801
1770382216.3727047,0.0,120.140625,0.015526982013498801
1770382217.482732,0.0,120.140625,0.015526982013498801
1770382218.5898123,0.0,120.140625,0.015526982013498801
1770382219.6999307,0.0,120.140625,0.015526982013498801
1770382220.809261,0.0,120.140625,0.015526982013498801
1770382221.9155915,0.0,120.140625,0.015526982013498801
1770382223.0277364,0.0,120.140625,0.015526982013498801
1770382224.132717,0.0,120.140625,0.015526982013498801
1770382225.2444956,0.0,120.140625,0.015526982013498801
1770382226.3551092,0.0,120.140625,0.015526982013498801
1770382227.4639173,0.0,120.140625,0.015526982013498801
1770382228.5750136,0.0,120.140625,0.015526982013498801
1770382229.6835642,0.0,120.140625,0.015526982013498801
1770382230.7946558,0.0,120.140625,0.015526982013498801
1770382231.9055078,0.0,120.140625,0.015526982013498801
1770382233.016451,0.0,120.140625,0.015526982013498801
1770382234.1278281,0.0,120.140625,0.015526982013498801
1770382235.2383866,0.0,120.140625,0.015526982013498801
1770382236.3478842,0.0,120.140625,0.015526982013498801
1770382237.5665038,0.0,120.140625,0.015526982013498801
1770382238.6758327,0.0,120.140625,0.015526982013498801
1770382239.780983,0.0,120.140625,0.015526982013498801
1770382240.8968077,0.0,120.140625,0.015526982013498801
1770382242.006339,0.0,120.140625,0.015526982013498801
1770382243.116169,0.0,120.140625,0.015526982013498801
1770382244.2308483,0.0,120.140625,0.015526982013498801
1770382245.3415346,0.0,120.140625,0.015526982013498801
1770382246.4474297,0.0,120.140625,0.015526982013498801
1770382247.6245494,0.0,120.140625,0.015526982013498801
1770382248.738069,0.0,120.140625,0.015526982013498801
1770382249.8439028,0.0,120.140625,0.015526982013498801
1770382250.9542556,0.0,120.140625,0.015526982013498801
1770382252.0597074,0.0,120.140625,0.015526982013498801
1770382253.1706038,0.0,120.140625,0.015526982013498801
1770382254.2804995,0.0,120.140625,0.015526982013498801
1770382255.3901212,0.0,120.140625,0.015526982013498801
1770382256.501323,0.0,120.140625,0.015526982013498801
1770382257.6097605,0.0,120.140625,0.015526982013498801
1770382258.726436,0.0,120.140625,0.015526982013498801
1770382259.8375938,0.0,120.140625,0.015526982013498801
1770382260.9472072,0.0,120.140625,0.015526982013498801
1770382262.0556803,0.0,120.140625,0.015526982013498801
1770382263.1660619,0.0,120.140625,0.015526982013498801
1770382264.2740698,0.0,120.140625,0.015526982013498801
1770382265.385572,0.0,120.140625,0.015526982013498801
1770382266.497454,0.0,120.140625,0.015526982013498801
1770382267.699964,0.0,120.140625,0.015526982013498801
1770382268.8158367,0.0,120.140625,0.015526982013498801
1770382269.9250946,0.0,120.140625,0.015526982013498801
1770382271.0387654,0.0,120.140625,0.015526982013498801
1770382272.1485188,0.0,120.140625,0.015526982013498801
1770382273.261861,0.0,120.140625,0.015526982013498801
1770382274.3723192,0.0,120.140625,0.015526982013498801
1770382275.4828708,0.0,120.140625,0.015526982013498801
1770382276.593825,0.0,120.140625,0.015526982013498801
1770382277.7785902,0.0,120.140625,0.015526982013498801
1770382278.887857,0.0,120.140625,0.015526982013498801
1770382279.9949768,0.0,120.140625,0.015526982013498801
1770382281.1067157,0.0,120.140625,0.015526982013498801
1770382282.2154236,0.0,120.140625,0.015526982013498801
1770382283.3197405,0.0,120.140625,0.015526982013498801
1770382284.432086,0.0,120.140625,0.015526982013498801
1770382285.5468805,0.0,120.140625,0.015526982013498801
1770382286.6622674,0.0,120.140625,0.015526982013498801
1770382287.8733296,0.0,120.140625,0.015526982013498801
1770382288.9833343,0.0,120.140625,0.015526982013498801
1770382290.0914693,0.0,120.140625,0.015526982013498801
1770382291.2005458,0.0,120.140625,0.015526982013498801
1770382292.3079207,0.0,120.140625,0.015526982013498801
1770382293.4208655,0.0,120.140625,0.015526982013498801
1770382294.5314732,0.0,120.140625,0.015526982013498801
1770382295.6385386,0.0,120.140625,0.015526982013498801
1770382296.7504969,0.0,120.140625,0.015526982013498801
1770382297.8607566,0.0,120.140625,0.015526982013498801
1770382298.9697523,0.0,120.140625,0.015526982013498801
1770382300.0860083,0.0,120.140625,0.015526982013498801
1770382301.1937037,0.0,120.140625,0.015526982013498801
1770382302.3064306,0.0,120.140625,0.015526982013498801
1770382303.417846,0.0,120.140625,0.015526982013498801
1770382304.5278091,0.0,120.140625,0.015526982013498801
1770382305.6336865,0.0,120.140625,0.015526982013498801
1770382306.742846,0.0,120.140625,0.015526982013498801
1770382307.854485,0.0,120.140625,0.015526982013498801
1770382308.9677212,0.0,120.140625,0.015526982013498801
1770382310.077464,0.0,120.140625,0.015526982013498801
1770382311.187344,0.0,120.140625,0.015526982013498801
1770382312.30001,0.0,120.140625,0.015526982013498801
1770382313.410815,0.0,120.140625,0.015526982013498801
1770382314.5179477,0.0,120.140625,0.015526982013498801
1770382315.628484,0.0,120.140625,0.015526982013498801
1770382316.7376251,0.0,120.140625,0.015526982013498801
1770382317.8461742,0.0,120.140625,0.015526982013498801
1770382318.9591565,0.0,120.140625,0.015526982013498801
1770382320.0697827,0.0,120.140625,0.015526982013498801
1770382321.1778185,0.0,120.140625,0.015526982013498801
1770382322.290904,0.0,120.140625,0.015526982013498801
1770382323.3981652,0.0,120.140625,0.015526982013498801
1770382324.518456,0.0,120.140625,0.015526982013498801
1770382325.62712,0.0,120.140625,0.015526982013498801
1770382326.7332547,0.0,120.140625,0.015526982013498801
1770382327.846276,0.0,120.140625,0.015526982013498801
1770382328.9561942,0.0,120.140625,0.015526982013498801
1770382330.0683029,0.0,120.140625,0.015526982013498801
1770382331.1776407,0.0,120.140625,0.015526982013498801
1770382332.2866533,0.0,120.140625,0.015526982013498801
1770382333.3949468,0.0,120.140625,0.015526982013498801
1770382334.5055237,0.0,120.140625,0.015526982013498801
1770382335.6145012,0.0,120.140625,0.015526982013498801
1770382336.72366,0.0,120.140625,0.015526982013498801
1770382337.8331907,0.0,120.140625,0.015526982013498801
1770382338.936934,0.0,120.140625,0.015526982013498801
1770382340.0502787,0.0,120.140625,0.015526982013498801
1770382341.1589348,0.0,120.140625,0.015526982013498801
1770382342.2684412,0.0,120.140625,0.015526982013498801
1770382343.3796813,0.0,120.140625,0.015526982013498801
1770382344.4876719,0.0,120.140625,0.015526982013498801
1770382345.5963547,0.0,120.140625,0.015526982013498801
1770382346.7061782,0.0,120.140625,0.015526982013498801
1770382347.8144326,0.0,120.140625,0.015526982013498801
1770382348.9219325,0.0,120.140625,0.015526982013498801
1770382350.031622,0.0,120.140625,0.015526982013498801
1770382351.139158,0.0,120.140625,0.015526982013498801
1770382352.2448416,0.0,120.140625,0.015526982013498801
1770382353.353194,0.0,120.140625,0.015526982013498801
1770382354.457123,0.0,120.140625,0.015526982013498801
1770382355.569617,0.0,120.140625,0.015526982013498801
1770382356.6771877,0.0,120.140625,0.015526982013498801
1770382357.7861755,0.0,120.140625,0.015526982013498801
1770382358.896099,0.0,120.140625,0.015526982013498801
1770382360.00068,0.0,120.140625,0.015526982013498801
1770382361.1144972,0.0,120.140625,0.015526982013498801
1770382362.22556,0.0,120.140625,0.015526982013498801
1770382363.3348033,0.0,120.140625,0.015526982013498801
1770382364.4386127,0.0,120.140625,0.015526982013498801
1770382365.5481067,0.0,120.140625,0.015526982013498801
1770382366.656172,0.0,120.140625,0.015526982013498801
1770382367.770284,0.0,120.140625,0.015526982013498801
1770382368.880116,0.0,120.140625,0.015526982013498801
1770382369.9839008,0.0,120.140625,0.015526982013498801
1770382371.095674,0.0,120.140625,0.015526982013498801
1770382372.2058284,0.0,120.140625,0.015526982013498801
1770382373.3152144,0.0,120.140625,0.015526982013498801
1770382374.4254744,0.0,120.140625,0.015526982013498801
1770382375.5354452,0.0,120.140625,0.015526982013498801
1770382376.6411164,0.0,120.140625,0.015526982013498801
1770382377.7510257,0.0,120.140625,0.015526982013498801
1770382378.8605413,0.0,120.140625,0.015526982013498801
1770382379.9656122,0.0,120.140625,0.015526982013498801
1770382381.076326,0.0,120.140625,0.015526982013498801
1770382382.1828716,0.0,120.140625,0.015526982013498801
1770382383.2965617,0.0,120.140625,0.015526982013498801
1770382384.4056866,0.0,120.140625,0.015526982013498801
1770382385.5095193,0.0,120.140625,0.015526982013498801
1770382386.6230946,0.0,120.140625,0.015526982013498801
1770382387.7311158,0.0,120.140625,0.015526982013498801
1770382388.8411465,0.0,120.140625,0.015526982013498801
1770382389.9526477,0.0,120.140625,0.015526982013498801
1770382391.0630708,0.0,120.140625,0.015526982013498801
1770382392.169628,0.0,120.140625,0.015526982013498801
1770382393.2840257,0.0,120.140625,0.015526982013498801
1770382394.3937514,0.0,120.140625,0.015526982013498801
1770382395.5055768,0.0,120.140625,0.015526982013498801
1770382396.6164944,0.0,120.140625,0.015526982013498801
1770382397.7212107,0.0,120.140625,0.015526982013498801
1770382398.8340242,0.0,120.140625,0.015526982013498801
1770382399.9427915,0.0,120.140625,0.015526982013498801
1770382401.051096,0.0,120.140625,0.015526982013498801
1770382402.1619534,0.0,120.140625,0.015526982013498801
1770382403.2694578,0.0,120.140625,0.015526982013498801
1770382404.381008,0.0,120.140625,0.015526982013498801
1770382405.4917119,0.0,120.140625,0.015526982013498801
1770382406.6011524,0.0,120.140625,0.015526982013498801
1770382407.7077193,0.0,120.140625,0.015526982013498801
1770382408.8192053,0.0,120.140625,0.015526982013498801
1770382409.9252815,0.0,120.140625,0.015526982013498801
1770382411.0376027,0.0,120.140625,0.015526982013498801
1770382412.1470997,0.0,120.140625,0.015526982013498801
1770382413.2520318,0.0,120.140625,0.015526982013498801
1770382414.3669007,0.0,120.140625,0.015526982013498801
1770382415.4762866,0.0,120.140625,0.015526982013498801
1770382416.5858684,0.0,120.140625,0.015526982013498801
1770382417.6963632,0.0,120.140625,0.015526982013498801
1770382418.8041162,0.0,120.140625,0.015526982013498801
1770382419.913002,0.0,120.140625,0.015526982013498801
1770382421.023356,0.0,120.140625,0.015526982013498801
1770382422.1336596,0.0,120.140625,0.015526982013498801
1770382423.241586,0.0,120.140625,0.015526982013498801
1770382424.3518517,0.0,120.140625,0.015526982013498801
1770382425.4640427,0.0,120.140625,0.015526982013498801
1770382426.5737123,0.0,120.140625,0.015526982013498801
1770382427.6820042,0.0,120.140625,0.015526982013498801
1770382428.786771,0.0,120.140625,0.015526982013498801
1770382429.897786,0.0,120.140625,0.015526982013498801
1770382431.004285,0.0,120.140625,0.015526982013498801
1770382432.11248,0.0,120.140625,0.015526982013498801
1770382433.22262,0.0,120.140625,0.015526982013498801
1770382434.331361,0.0,120.140625,0.015526982013498801
1770382435.437068,0.0,120.140625,0.015526982013498801
1770382436.546662,0.0,120.140625,0.015526982013498801
1770382437.6557763,0.0,120.140625,0.015526982013498801
1770382438.7722123,0.0,120.140625,0.015526982013498801
1770382439.8833232,0.0,120.140625,0.015526982013498801
1770382440.9912431,0.0,120.140625,0.015526982013498801
1770382442.1032128,0.0,120.140625,0.015526982013498801
1770382443.213226,0.0,120.140625,0.015526982013498801
1770382444.317209,0.0,120.140625,0.015526982013498801
1770382445.4273233,0.0,120.140625,0.015526982013498801
1770382446.5406253,0.0,120.140625,0.015526982013498801
1770382447.6501315,0.0,120.140625,0.015526982013498801
1770382448.7574675,0.0,120.140625,0.015526982013498801
1770382449.8666337,0.0,120.140625,0.015526982013498801
1770382450.9740162,0.0,120.140625,0.015526982013498801
1770382452.0827599,0.0,120.140625,0.015526982013498801
1770382453.188859,0.0,120.140625,0.015526982013498801
1770382454.298195,0.0,120.140625,0.015526982013498801
1770382455.4074624,0.0,120.140625,0.015526982013498801
1770382456.5137043,0.0,120.140625,0.015526982013498801
1770382457.625512,0.0,120.140625,0.015526982013498801
1770382458.7326937,0.0,120.140625,0.015526982013498801
1770382459.8423772,0.0,120.140625,0.015526982013498801
1770382460.9507492,0.0,120.140625,0.015526982013498801
1770382462.0545294,0.0,120.140625,0.015526982013498801
1770382463.162827,0.0,120.140625,0.015526982013498801
1770382464.2687988,0.0,120.140625,0.015526982013498801
1770382465.3781488,0.0,120.140625,0.015526982013498801
1770382466.485277,0.0,120.140625,0.015526982013498801
1770382467.5938087,0.0,120.140625,0.015526982013498801
1770382468.7060523,0.0,120.140625,0.015526982013498801
1770382469.814702,0.0,120.140625,0.015526982013498801
1770382470.9232714,0.0,120.140625,0.015526982013498801
1770382472.0324633,0.0,120.140625,0.015526982013498801
1770382473.1442807,0.0,120.140625,0.015526982013498801
1770382474.2498114,0.0,120.140625,0.015526982013498801
1770382475.3589444,0.0,120.140625,0.015526982013498801
1770382476.4669554,0.0,120.140625,0.015526982013498801
1770382477.5722098,0.0,120.140625,0.015526982013498801
1770382478.68692,0.0,120.140625,0.015526982013498801
1770382479.7941852,0.0,120.140625,0.015526982013498801
1770382480.9033673,0.0,120.140625,0.015526982013498801
1770382482.0135047,0.0,120.140625,0.015526982013498801
1770382483.1234522,0.0,120.140625,0.015526982013498801
1770382484.2300575,0.0,120.140625,0.015526982013498801
1770382485.3387,0.0,120.140625,0.015526982013498801
1770382486.4424694,0.0,120.140625,0.015526982013498801
1770382487.545385,0.0,120.140625,0.015526982013498801
1770382488.6558669,0.0,120.140625,0.015526982013498801
1770382489.7631843,0.0,120.140625,0.015526982013498801
1770382490.8713324,0.0,120.140625,0.015526982013498801
1770382491.978485,0.0,120.140625,0.015526982013498801
1770382493.08666,0.0,120.140625,0.015526982013498801
1770382494.1947734,0.0,120.140625,0.015526982013498801
1770382495.2971401,0.0,120.140625,0.015526982013498801
1770382496.4059803,0.0,120.140625,0.015526982013498801
1770382497.5143082,0.0,120.140625,0.015526982013498801
1770382498.6221836,0.0,120.140625,0.015526982013498801
1770382499.7333984,0.0,120.140625,0.015526982013498801
1770382500.8435092,0.0,120.140625,0.015526982013498801
1770382501.9528186,0.0,120.140625,0.015526982013498801
1770382503.0659363,0.9009009009122392,120.140625,0.015526982013498801
1770382504.1795604,16.964285714356247,120.140625,0.015526982013498801
1770382505.294508,9.00900900888618,120.140625,0.015526982013498801
1770382506.4106247,11.607142857191116,120.140625,0.015526982013498801
1770382507.5243368,0.0,120.140625,0.015526982013498801
1770382508.6433833,0.0,120.140625,0.015526982013498801
1770382509.7576556,0.0,120.140625,0.015526982013498801
1770382510.8737347,0.0,120.140625,0.015526982013498801
1770382511.9844863,0.0,120.140625,0.015526982013498801
1770382513.0974581,0.0,120.140625,0.015526982013498801
1770382514.2101667,0.0,120.140625,0.015526982013498801
1770382515.3218195,0.0,120.140625,0.015526982013498801
1770382516.4338386,0.0,120.140625,0.015526982013498801
1770382517.665376,0.0,120.140625,0.015526982013498801
1770382518.7821164,0.0,120.140625,0.015526982013498801
1770382519.8943326,0.0,120.140625,0.015526982013498801
1770382521.0104926,0.0,120.140625,0.015526982013498801
1770382522.1231747,0.0,120.140625,0.015526982013498801
1770382523.236127,0.0,120.140625,0.015526982013498801
1770382524.349307,0.0,120.140625,0.015526982013498801
1770382525.4623513,0.0,120.140625,0.015526982013498801
1770382526.575603,0.0,120.140625,0.015526982013498801
1770382527.6906865,0.0,120.140625,0.015526982013498801
1770382528.8019812,0.0,120.140625,0.015526982013498801
1770382529.914831,0.0,120.140625,0.015526982013498801
1770382531.032826,0.0,120.140625,0.015526982013498801
1770382532.1448014,0.0,120.140625,0.015526982013498801
1770382533.255087,0.0,120.140625,0.015526982013498801
1770382534.3663626,10.810810810946869,120.27734375,0.01554465155344133
1770382535.475565,1.8018018017772357,120.27734375,0.01554465155344133
1770382536.5874004,0.0,120.27734375,0.01554465155344133
1770382537.6973763,0.0,120.27734375,0.01554465155344133
1770382538.806428,0.0,120.27734375,0.01554465155344133
1770382539.918803,0.0,120.27734375,0.01554465155344133
1770382541.0280719,0.0,120.27734375,0.01554465155344133
1770382542.1422858,0.0,120.27734375,0.01554465155344133
1770382543.2594352,0.0,120.27734375,0.01554465155344133
1770382544.3700993,0.0,120.27734375,0.01554465155344133
1770382545.4800174,0.0,120.27734375,0.01554465155344133
1770382546.5898488,0.0,120.27734375,0.01554465155344133
1770382547.711831,0.0,120.27734375,0.01554465155344133
1770382548.821776,0.0,120.27734375,0.01554465155344133
1770382549.9316826,0.0,120.27734375,0.01554465155344133
1770382551.0432098,0.0,120.27734375,0.01554465155344133
1770382552.1542084,0.0,120.27734375,0.01554465155344133
1770382553.2647614,0.0,120.27734375,0.01554465155344133
1770382554.3741887,0.0,120.27734375,0.01554465155344133
1770382555.4851012,0.0,120.27734375,0.01554465155344133
1770382556.5945313,0.0,120.27734375,0.01554465155344133
1770382557.761822,0.0,120.27734375,0.01554465155344133
1770382558.871731,0.0,120.27734375,0.01554465155344133
1770382559.9831383,0.0,120.27734375,0.01554465155344133
1770382561.0927095,2.702702702736717,120.27734375,0.01554465155344133
1770382562.203103,4.50450450444309,120.27734375,0.01554465155344133
1770382563.3156416,0.9009009009122392,120.27734375,0.01554465155344133
1770382564.4322271,1.7857142857217103,120.27734375,0.01554465155344133
1770382565.5434332,2.7027027026658534,120.27734375,0.01554465155344133
1770382566.6628373,3.6036036036489567,120.27734375,0.01554465155344133
1770382567.852053,8.333333333252488,120.27734375,0.01554465155344133
1770382568.9627163,3.6036036036489567,120.27734375,0.01554465155344133
1770382570.072135,0.0,120.27734375,0.01554465155344133
1770382571.1827006,0.0,120.27734375,0.01554465155344133
1770382572.291807,0.0,120.27734375,0.01554465155344133
1770382573.402286,0.0,120.27734375,0.01554465155344133
1770382574.5143368,0.0,120.27734375,0.01554465155344133
1770382575.6244016,0.0,120.27734375,0.01554465155344133
1770382576.7363505,0.0,120.27734375,0.01554465155344133
1770382577.8478446,0.0,120.27734375,0.01554465155344133
1770382578.9591312,0.0,120.27734375,0.01554465155344133
1770382580.0729961,0.0,120.27734375,0.01554465155344133
1770382581.1848524,0.0,120.27734375,0.01554465155344133
1770382582.295845,0.0,120.27734375,0.01554465155344133
1770382583.4086487,0.0,120.27734375,0.01554465155344133
1770382584.5187395,0.0,120.27734375,0.01554465155344133
1770382585.6329727,0.0,120.27734375,0.01554465155344133
1770382586.743912,0.0,120.27734375,0.01554465155344133
1770382587.9302435,0.0,120.27734375,0.01554465155344133
1770382589.0448368,0.0,120.27734375,0.01554465155344133
1770382590.1545815,0.0,120.27734375,0.01554465155344133
1770382591.2633462,0.0,120.27734375,0.01554465155344133
1770382592.3751736,0.0,120.27734375,0.01554465155344133
1770382593.484904,0.0,120.27734375,0.01554465155344133
1770382594.596539,0.0,120.27734375,0.01554465155344133
1770382595.7078564,0.0,120.27734375,0.01554465155344133
1770382596.8175738,0.0,120.27734375,0.01554465155344133
1770382597.933342,0.0,120.27734375,0.01554465155344133
1770382599.0432434,0.0,120.27734375,0.01554465155344133
1770382600.1520345,0.0,120.27734375,0.01554465155344133
1770382601.2639258,0.0,120.27734375,0.01554465155344133
1770382602.3751428,0.0,120.27734375,0.01554465155344133
1770382603.4842887,0.0,120.27734375,0.01554465155344133
1770382604.5951486,0.0,120.27734375,0.01554465155344133
1770382605.7042751,0.0,120.27734375,0.01554465155344133
1770382606.8195348,0.0,120.27734375,0.01554465155344133
1770382607.9752843,0.0,120.27734375,0.01554465155344133
1770382609.0851152,0.0,120.27734375,0.01554465155344133
1770382610.1972654,0.0,120.27734375,0.01554465155344133
1770382611.3073702,0.0,120.27734375,0.01554465155344133
1770382612.4167929,0.0,120.27734375,0.01554465155344133
1770382613.5280678,0.0,120.27734375,0.01554465155344133
1770382614.6371047,0.0,120.27734375,0.01554465155344133
1770382615.745377,0.0,120.27734375,0.01554465155344133
1770382616.8560646,0.0,120.27734375,0.01554465155344133
1770382618.0607367,0.0,120.27734375,0.01554465155344133
1770382619.1730204,0.0,120.27734375,0.01554465155344133
1770382620.2825613,0.0,120.27734375,0.01554465155344133
1770382621.3908045,0.0,120.27734375,0.01554465155344133
1770382622.500735,0.0,120.27734375,0.01554465155344133
1770382623.6100395,0.0,120.27734375,0.01554465155344133
1770382624.718877,0.0,120.27734375,0.01554465155344133
1770382625.8279672,0.0,120.27734375,0.01554465155344133
1770382626.936776,0.0,120.27734375,0.01554465155344133
1770382628.0885625,0.0,120.27734375,0.01554465155344133
1770382629.1977763,0.0,120.27734375,0.01554465155344133
1770382630.3070328,0.0,120.27734375,0.01554465155344133
1770382631.4184768,0.0,120.27734375,0.01554465155344133
1770382632.5248988,0.0,120.27734375,0.01554465155344133
1770382633.632416,0.0,120.27734375,0.01554465155344133
1770382634.7387602,0.0,120.27734375,0.01554465155344133
1770382635.8460364,0.0,120.27734375,0.01554465155344133
1770382636.9536839,0.0,120.27734375,0.01554465155344133
1770382638.0651696,0.0,120.27734375,0.01554465155344133
1770382639.1746576,0.0,120.27734375,0.01554465155344133
1770382640.2931116,0.0,120.27734375,0.01554465155344133
1770382641.402797,0.0,120.27734375,0.01554465155344133
1770382642.5115533,0.0,120.27734375,0.01554465155344133
1770382643.621697,0.0,120.27734375,0.01554465155344133
1770382644.7320516,0.0,120.27734375,0.01554465155344133
1770382645.8420343,0.0,120.27734375,0.01554465155344133
1770382646.9524398,0.0,120.27734375,0.01554465155344133
1770382648.062813,0.0,120.27734375,0.01554465155344133
1770382649.1735234,0.0,120.27734375,0.01554465155344133
1770382650.284312,0.0,120.27734375,0.01554465155344133
1770382651.3944213,0.0,120.27734375,0.01554465155344133
1770382652.5123665,0.0,120.27734375,0.01554465155344133
1770382653.6235101,0.0,120.27734375,0.01554465155344133
1770382654.7337027,0.0,120.27734375,0.01554465155344133
1770382655.846518,0.0,120.27734375,0.01554465155344133
1770382656.9556873,0.0,120.27734375,0.01554465155344133
1770382658.0656269,0.0,120.27734375,0.01554465155344133
1770382659.1785572,0.0,120.27734375,0.01554465155344133
1770382660.2879379,0.0,120.27734375,0.01554465155344133
1770382661.3974276,0.0,120.27734375,0.01554465155344133
1770382662.5095892,0.0,120.27734375,0.01554465155344133
1770382663.6194253,0.0,120.27734375,0.01554465155344133
1770382664.7352717,0.0,120.27734375,0.01554465155344133
1770382665.8460958,0.0,120.27734375,0.01554465155344133
1770382666.9551983,0.0,120.27734375,0.01554465155344133
1770382668.0684652,0.0,120.27734375,0.01554465155344133
1770382669.177242,0.0,120.27734375,0.01554465155344133
1770382670.2884688,0.0,120.27734375,0.01554465155344133
1770382671.3990016,0.0,120.27734375,0.01554465155344133
1770382672.507778,0.0,120.27734375,0.01554465155344133
1770382673.7511067,0.0,120.27734375,0.01554465155344133
1770382674.8602178,0.0,120.27734375,0.01554465155344133
1770382675.969387,0.0,120.27734375,0.01554465155344133
1770382677.0819988,0.0,120.27734375,0.01554465155344133
1770382678.1915236,0.0,120.27734375,0.01554465155344133
1770382679.3002055,0.0,120.27734375,0.01554465155344133
1770382680.413711,0.0,120.27734375,0.01554465155344133
1770382681.524319,0.0,120.27734375,0.01554465155344133
1770382682.633516,0.0,120.27734375,0.01554465155344133
1770382683.7669172,0.0,120.27734375,0.01554465155344133
1770382684.876364,0.0,120.27734375,0.01554465155344133
1770382685.9872098,0.0,120.27734375,0.01554465155344133
1770382687.0968282,0.0,120.27734375,0.01554465155344133
1770382688.2085576,0.0,120.27734375,0.01554465155344133
1770382689.3222768,0.0,120.27734375,0.01554465155344133
1770382690.4318173,0.0,120.27734375,0.01554465155344133
1770382691.5417726,0.0,120.27734375,0.01554465155344133
1770382692.653849,0.0,120.27734375,0.01554465155344133
1770382693.764241,0.0,120.27734375,0.01554465155344133
1770382694.8764794,0.0,120.27734375,0.01554465155344133
1770382695.9882581,0.0,120.27734375,0.01554465155344133
1770382697.0998766,0.0,120.27734375,0.01554465155344133
1770382698.2101188,0.0,120.27734375,0.01554465155344133
1770382699.320268,0.0,120.27734375,0.01554465155344133
1770382700.4302766,0.0,120.27734375,0.01554465155344133
1770382701.5434356,0.0,120.27734375,0.01554465155344133
1770382702.6521971,0.0,120.27734375,0.01554465155344133
1770382703.760344,0.0,120.27734375,0.01554465155344133
1770382704.8690279,0.0,120.27734375,0.01554465155344133
1770382705.9767053,0.0,120.27734375,0.01554465155344133
1770382707.0852997,0.0,120.27734375,0.01554465155344133
1770382708.196228,0.0,120.27734375,0.01554465155344133
1770382709.3094516,0.0,120.27734375,0.01554465155344133
1770382710.4186192,0.0,120.27734375,0.01554465155344133
1770382711.526917,0.0,120.27734375,0.01554465155344133
1770382712.6368515,0.0,120.27734375,0.01554465155344133
1770382713.751382,0.0,120.27734375,0.01554465155344133
1770382714.8602946,0.0,120.27734375,0.01554465155344133
1770382715.9694293,0.0,120.27734375,0.01554465155344133
1770382717.078578,0.0,120.27734375,0.01554465155344133
1770382718.1905684,0.0,120.27734375,0.01554465155344133
1770382719.294424,0.0,120.27734375,0.01554465155344133
1770382720.4058685,0.0,120.27734375,0.01554465155344133
1770382721.513549,0.0,120.27734375,0.01554465155344133
1770382722.6267385,0.0,120.27734375,0.01554465155344133
1770382723.7356782,0.0,120.27734375,0.01554465155344133
1770382724.84546,0.0,120.27734375,0.01554465155344133
1770382725.9560907,0.0,120.27734375,0.01554465155344133
1770382727.0631309,0.0,120.27734375,0.01554465155344133
1770382728.171469,0.0,120.27734375,0.01554465155344133
1770382729.2849698,0.0,120.27734375,0.01554465155344133
1770382730.3947835,0.0,120.27734375,0.01554465155344133
1770382731.5014107,0.0,120.27734375,0.01554465155344133
1770382732.6115007,0.0,120.27734375,0.01554465155344133
1770382733.72308,0.0,120.27734375,0.01554465155344133
1770382734.836856,0.0,120.27734375,0.01554465155344133
1770382735.9487708,0.0,120.27734375,0.01554465155344133
1770382737.058156,0.0,120.27734375,0.01554465155344133
1770382738.167072,0.0,120.27734375,0.01554465155344133
1770382739.2752042,0.0,120.27734375,0.01554465155344133
1770382740.3841155,0.0,120.27734375,0.01554465155344133
1770382741.494432,0.0,120.27734375,0.01554465155344133
1770382742.602201,0.0,120.27734375,0.01554465155344133
1770382743.7176151,0.0,120.27734375,0.01554465155344133
1770382744.827123,0.0,120.27734375,0.01554465155344133
1770382745.9455285,0.0,120.27734375,0.01554465155344133
1770382747.0521474,0.0,120.27734375,0.01554465155344133
1770382748.160664,0.0,120.27734375,0.01554465155344133
1770382749.2684734,0.0,120.27734375,0.01554465155344133
1770382750.3751664,0.0,120.27734375,0.01554465155344133
1770382751.4865592,0.0,120.27734375,0.01554465155344133
1770382752.591227,0.0,120.27734375,0.01554465155344133
1770382753.6999314,0.0,120.27734375,0.01554465155344133
1770382754.8083699,0.0,120.27734375,0.01554465155344133
1770382755.9169984,0.0,120.27734375,0.01554465155344133
1770382757.0296261,0.0,120.27734375,0.01554465155344133
1770382758.1440089,0.0,120.27734375,0.01554465155344133
1770382759.2531357,0.0,120.27734375,0.01554465155344133
1770382760.3647687,0.0,120.27734375,0.01554465155344133
1770382761.4742591,0.0,120.27734375,0.01554465155344133
1770382762.5812557,0.0,120.27734375,0.01554465155344133
1770382763.6904325,0.0,120.27734375,0.01554465155344133
1770382764.7972822,0.0,120.27734375,0.01554465155344133
1770382765.9049323,0.0,120.27734375,0.01554465155344133
1770382767.015869,0.0,120.27734375,0.01554465155344133
1770382768.1227922,0.0,120.27734375,0.01554465155344133
1770382769.2397168,0.0,120.27734375,0.01554465155344133
1770382770.3485422,0.0,120.27734375,0.01554465155344133
1770382771.4593306,0.0,120.27734375,0.01554465155344133
1770382772.5736942,0.0,120.27734375,0.01554465155344133
1770382773.6811051,0.0,120.27734375,0.01554465155344133
1770382774.7900224,0.0,120.27734375,0.01554465155344133
1770382775.9021819,0.0,120.27734375,0.01554465155344133
1770382777.010783,0.0,120.27734375,0.01554465155344133
1770382778.114123,0.0,120.27734375,0.01554465155344133
1770382779.2229834,0.0,120.27734375,0.01554465155344133
1770382780.3315027,0.0,120.27734375,0.01554465155344133
1770382781.441106,0.0,120.27734375,0.01554465155344133
1770382782.5491416,0.0,120.27734375,0.01554465155344133
1770382783.658736,0.0,120.27734375,0.01554465155344133
1770382784.7705266,0.0,120.27734375,0.01554465155344133
1770382785.8799434,0.0,120.27734375,0.01554465155344133
1770382786.991335,0.0,120.27734375,0.01554465155344133
1770382788.1000555,0.0,120.27734375,0.01554465155344133
1770382789.2091074,0.0,120.27734375,0.01554465155344133
1770382790.315754,0.0,120.27734375,0.01554465155344133
1770382791.4239106,0.0,120.27734375,0.01554465155344133
1770382792.5341196,0.0,120.27734375,0.01554465155344133
1770382793.6422663,0.0,120.27734375,0.01554465155344133
1770382794.7543507,0.0,120.27734375,0.01554465155344133
1770382795.85975,0.0,120.27734375,0.01554465155344133
1770382796.978638,0.0,120.27734375,0.01554465155344133
1770382798.0880919,0.0,120.27734375,0.01554465155344133
1770382799.190588,0.0,120.27734375,0.01554465155344133
1770382800.3114629,0.0,120.27734375,0.01554465155344133
1770382801.417724,0.0,120.27734375,0.01554465155344133
1770382802.526223,0.0,120.27734375,0.01554465155344133
1770382803.6340468,0.0,120.27734375,0.01554465155344133
1770382804.7432363,0.0,120.27734375,0.01554465155344133
1770382805.8513827,0.0,120.27734375,0.01554465155344133
1770382806.9614766,0.0,120.27734375,0.01554465155344133
1770382808.0744834,0.0,120.27734375,0.01554465155344133
1770382809.1808739,0.0,120.27734375,0.01554465155344133
1770382810.2903962,0.0,120.27734375,0.01554465155344133
1770382811.395387,0.0,120.27734375,0.01554465155344133
1770382812.509205,0.0,120.27734375,0.01554465155344133
1770382813.6183631,0.0,120.27734375,0.01554465155344133
1770382814.7276034,0.0,120.27734375,0.01554465155344133
1770382815.8366992,0.0,120.27734375,0.01554465155344133
1770382816.9462693,0.0,120.27734375,0.01554465155344133
1770382818.055229,0.0,120.27734375,0.01554465155344133
1770382819.162787,0.0,120.27734375,0.01554465155344133
1770382820.2763426,0.0,120.27734375,0.01554465155344133
1770382821.3817978,0.0,120.27734375,0.01554465155344133
1770382822.4950984,0.0,120.27734375,0.01554465155344133
1770382823.6022074,0.0,120.27734375,0.01554465155344133
1770382824.7102106,0.0,120.27734375,0.01554465155344133
1770382825.819331,0.0,120.27734375,0.01554465155344133
1770382826.9261572,0.0,120.27734375,0.01554465155344133
1770382828.0372632,0.0,120.27734375,0.01554465155344133
1770382829.1492252,0.0,120.27734375,0.01554465155344133
1770382830.257312,0.0,120.27734375,0.01554465155344133
1770382831.365526,0.0,120.27734375,0.01554465155344133
1770382832.4692175,0.0,120.27734375,0.01554465155344133
1770382833.5787554,0.0,120.27734375,0.01554465155344133
1770382834.6893718,0.0,120.27734375,0.01554465155344133
1770382835.7984266,0.0,120.27734375,0.01554465155344133
1770382836.9070554,0.0,120.27734375,0.01554465155344133
1770382838.015724,0.0,120.27734375,0.01554465155344133
1770382839.1240537,0.0,120.27734375,0.01554465155344133
1770382840.2330813,0.0,120.27734375,0.01554465155344133
1770382841.339444,0.0,120.27734375,0.01554465155344133
1770382842.4490283,0.0,120.27734375,0.01554465155344133
1770382843.5593722,0.0,120.27734375,0.01554465155344133
1770382844.6667182,0.0,120.27734375,0.01554465155344133
1770382845.7781794,0.0,120.27734375,0.01554465155344133
1770382846.8849437,0.0,120.27734375,0.01554465155344133
1770382847.9945576,0.0,120.27734375,0.01554465155344133
1770382849.1052399,0.0,120.27734375,0.01554465155344133
1770382850.216612,0.0,120.27734375,0.01554465155344133
1770382851.3265338,0.0,120.27734375,0.01554465155344133
1770382852.4348013,0.0,120.27734375,0.01554465155344133
1770382853.5438576,0.0,120.27734375,0.01554465155344133
1770382854.6506596,0.0,120.27734375,0.01554465155344133
1770382855.7597928,0.0,120.27734375,0.01554465155344133
1770382856.866709,0.0,120.27734375,0.01554465155344133
1770382857.9683788,0.0,120.27734375,0.01554465155344133
1770382859.0895152,0.0,120.27734375,0.01554465155344133
1770382860.1954827,0.0,120.27734375,0.01554465155344133
1770382861.3077526,0.0,120.27734375,0.01554465155344133
1770382862.4179125,0.0,120.27734375,0.01554465155344133
1770382863.5260675,0.0,120.27734375,0.01554465155344133
1770382864.6337378,0.0,120.27734375,0.01554465155344133
1770382865.7402585,0.0,120.27734375,0.01554465155344133
1770382866.8493407,0.0,120.27734375,0.01554465155344133
1770382867.9595723,0.0,120.27734375,0.01554465155344133
1770382869.0687587,0.0,120.27734375,0.01554465155344133
1770382870.1763144,0.0,120.27734375,0.01554465155344133
1770382871.291827,0.0,120.27734375,0.01554465155344133
1770382872.3990233,0.0,120.27734375,0.01554465155344133
1770382873.5075219,0.0,120.27734375,0.01554465155344133
1770382874.6145446,0.0,120.27734375,0.01554465155344133
1770382875.7199275,0.0,120.27734375,0.01554465155344133
1770382876.8318744,0.0,120.27734375,0.01554465155344133
1770382877.9387832,0.0,120.27734375,0.01554465155344133
1770382879.048995,0.0,120.27734375,0.01554465155344133
1770382880.157204,0.0,120.27734375,0.01554465155344133
1770382881.2657309,0.0,120.27734375,0.01554465155344133
1770382882.3784776,0.0,120.27734375,0.01554465155344133
1770382883.485587,0.0,120.27734375,0.01554465155344133
1770382884.60208,0.0,120.27734375,0.01554465155344133
1770382885.7087145,0.0,120.27734375,0.01554465155344133
1770382886.818322,0.0,120.27734375,0.01554465155344133
1770382887.9227295,0.0,120.27734375,0.01554465155344133
1770382889.0397909,0.0,120.27734375,0.01554465155344133
1770382890.1495364,0.0,120.27734375,0.01554465155344133
1770382891.2545521,0.0,120.27734375,0.01554465155344133
1770382892.365123,0.0,120.27734375,0.01554465155344133
1770382893.47457,0.0,120.27734375,0.01554465155344133
1770382894.5833328,0.0,120.27734375,0.01554465155344133
1770382895.6910803,0.0,120.27734375,0.01554465155344133
1770382896.7998862,0.0,120.27734375,0.01554465155344133
1770382897.905807,0.0,120.27734375,0.01554465155344133
1770382899.0150747,0.0,120.27734375,0.01554465155344133
1770382900.1235485,0.0,120.27734375,0.01554465155344133
1770382901.2396889,0.0,120.27734375,0.01554465155344133
1770382902.3486457,0.0,120.27734375,0.01554465155344133
1770382903.4604232,0.0,120.27734375,0.01554465155344133
1770382904.5784307,0.0,120.27734375,0.01554465155344133
1770382905.6834145,0.0,120.27734375,0.01554465155344133
1770382906.794776,0.0,120.27734375,0.01554465155344133
1770382907.9043524,0.0,120.27734375,0.01554465155344133
1770382909.0193877,0.0,120.27734375,0.01554465155344133
1770382910.132871,16.216216215995118,120.27734375,0.01554465155344133
1770382911.2533298,9.909909910034632,120.27734375,0.01554465155344133
1770382912.3686357,11.607142856889498,120.27734375,0.01554465155344133
1770382913.48702,11.607142857191116,120.3828125,0.015558282341396999
1770382914.6059115,2.678571428582565,120.3828125,0.015558282341396999
1770382915.72086,9.821428571469406,120.3828125,0.015558282341396999
1770382916.8355088,9.909909909774797,120.3828125,0.015558282341396999
1770382917.9464676,0.0,120.3828125,0.015558282341396999
1770382919.0586877,0.0,120.3828125,0.015558282341396999
1770382920.1706529,0.0,120.3828125,0.015558282341396999
1770382921.282792,0.0,120.3828125,0.015558282341396999
1770382922.3938785,0.0,120.3828125,0.015558282341396999
1770382923.5056229,0.0,120.3828125,0.015558282341396999
1770382924.623011,0.0,120.3828125,0.015558282341396999
1770382925.7439988,0.0,120.3828125,0.015558282341396999
1770382927.0400517,0.0,120.3828125,0.015558282341396999
1770382928.1590402,0.0,120.3828125,0.015558282341396999
1770382929.2727852,0.0,120.3828125,0.015558282341396999
1770382930.385995,0.0,120.3828125,0.015558282341396999
1770382931.4996958,0.0,120.3828125,0.015558282341396999
1770382932.6142063,0.0,120.3828125,0.015558282341396999
1770382933.7300754,0.0,120.3828125,0.015558282341396999
1770382934.8418818,0.0,120.3828125,0.015558282341396999
1770382935.9556816,0.0,120.3828125,0.015558282341396999
1770382937.068976,0.0,120.3828125,0.015558282341396999
1770382938.1874795,0.0,120.3828125,0.015558282341396999
1770382939.3006635,0.0,120.3828125,0.015558282341396999
1770382940.4123366,0.0,120.3828125,0.015558282341396999
1770382941.5227242,0.0,120.3828125,0.015558282341396999
1770382942.6319246,0.0,120.3828125,0.015558282341396999
1770382943.742092,0.0,120.3828125,0.015558282341396999
1770382944.8524642,0.0,120.3828125,0.015558282341396999
1770382945.9692347,0.0,120.3828125,0.015558282341396999
1770382947.080043,0.0,120.3828125,0.015558282341396999
1770382948.1902533,0.0,120.3828125,0.015558282341396999
1770382949.3001199,0.0,120.3828125,0.015558282341396999
1770382950.4111438,0.0,120.3828125,0.015558282341396999
1770382951.5228798,0.0,120.3828125,0.015558282341396999
1770382952.6334276,0.0,120.3828125,0.015558282341396999
1770382953.7511094,0.0,120.3828125,0.015558282341396999
1770382954.8615546,0.0,120.3828125,0.015558282341396999
1770382955.9711647,0.0,120.3828125,0.015558282341396999
1770382957.0827703,0.0,120.3828125,0.015558282341396999
1770382958.1923506,0.0,120.3828125,0.015558282341396999
1770382959.3029094,3.6036036036489567,120.3828125,0.015558282341396999
1770382960.4147615,3.6036036035544714,120.3828125,0.015558282341396999
1770382961.5253727,0.0,120.3828125,0.015558282341396999
1770382962.6422534,0.0,120.3828125,0.015558282341396999
1770382963.7612588,0.0,120.3828125,0.015558282341396999
1770382964.8727884,0.0,120.3828125,0.015558282341396999
1770382965.9838197,0.0,120.3828125,0.015558282341396999
1770382967.0994213,1.7857142857217103,120.3828125,0.015558282341396999
1770382968.2166843,4.504504504561195,120.3828125,0.015558282341396999
1770382969.3309095,4.464285714188269,120.3828125,0.015558282341396999
1770382970.4419212,4.504504504561195,120.3828125,0.015558282341396999
1770382971.5526175,6.306306306385674,120.3828125,0.015558282341396999
1770382972.6637778,1.8018018017772357,120.3828125,0.015558282341396999
1770382973.776837,0.0,120.3828125,0.015558282341396999
1770382974.8970098,0.0,120.3828125,0.015558282341396999
1770382976.0076153,0.0,120.3828125,0.015558282341396999
1770382977.119037,0.0,120.3828125,0.015558282341396999
1770382978.2315962,0.0,120.3828125,0.015558282341396999
1770382979.3433301,0.0,120.3828125,0.015558282341396999
1770382980.4548438,0.0,120.3828125,0.015558282341396999
1770382981.5725038,0.0,120.3828125,0.015558282341396999
1770382982.6846168,0.0,120.3828125,0.015558282341396999
1770382983.7966654,0.0,120.3828125,0.015558282341396999
1770382984.9084241,0.0,120.3828125,0.015558282341396999
1770382986.0201347,0.0,120.3828125,0.015558282341396999
1770382987.1364918,0.0,120.3828125,0.015558282341396999
1770382988.249009,0.0,120.3828125,0.015558282341396999
1770382989.36038,0.0,120.3828125,0.015558282341396999
1770382990.4699717,0.0,120.3828125,0.015558282341396999
1770382991.5807586,0.0,120.3828125,0.015558282341396999
1770382992.693197,0.0,120.3828125,0.015558282341396999
1770382993.8037355,0.0,120.3828125,0.015558282341396999
1770382994.9165628,0.0,120.3828125,0.015558282341396999
1770382996.025488,0.0,120.3828125,0.015558282341396999
1770382997.1365638,0.0,120.3828125,0.015558282341396999
1770382998.2466104,0.0,120.3828125,0.015558282341396999
1770382999.364276,0.0,120.3828125,0.015558282341396999
1770383000.4772353,0.0,120.3828125,0.015558282341396999
1770383001.5869985,0.0,120.3828125,0.015558282341396999
1770383002.6984348,0.0,120.3828125,0.015558282341396999
1770383003.810741,0.0,120.3828125,0.015558282341396999
1770383004.9199078,0.0,120.3828125,0.015558282341396999
1770383006.0302625,0.0,120.3828125,0.015558282341396999
1770383007.1408956,0.0,120.3828125,0.015558282341396999
1770383008.2531292,0.0,120.3828125,0.015558282341396999
1770383009.3636596,0.0,120.3828125,0.015558282341396999
1770383010.4767158,0.0,120.3828125,0.015558282341396999
1770383011.5902224,0.0,120.3828125,0.015558282341396999
1770383012.6997092,0.0,120.3828125,0.015558282341396999
1770383013.8106942,0.0,120.3828125,0.015558282341396999
1770383014.9214067,0.0,120.3828125,0.015558282341396999
1770383016.0316515,0.0,120.3828125,0.015558282341396999
1770383017.1422822,0.0,120.3828125,0.015558282341396999
1770383018.2548926,0.0,120.3828125,0.015558282341396999
1770383019.3641164,0.0,120.3828125,0.015558282341396999
1770383020.4803975,0.0,120.3828125,0.015558282341396999
1770383021.5918572,0.0,120.3828125,0.015558282341396999
1770383022.7037466,0.0,120.3828125,0.015558282341396999
1770383023.8164368,0.0,120.3828125,0.015558282341396999
1770383024.926874,0.0,120.3828125,0.015558282341396999
1770383026.0385594,0.0,120.3828125,0.015558282341396999
1770383027.147949,0.0,120.3828125,0.015558282341396999
1770383028.258041,0.0,120.3828125,0.015558282341396999
1770383029.3707528,0.0,120.3828125,0.015558282341396999
1770383030.5911133,0.0,120.3828125,0.015558282341396999
1770383031.702917,0.0,120.3828125,0.015558282341396999
1770383032.821444,0.0,120.3828125,0.015558282341396999
1770383033.9310653,0.0,120.3828125,0.015558282341396999
1770383035.0410476,0.0,120.3828125,0.015558282341396999
1770383036.1484883,0.0,120.3828125,0.015558282341396999
1770383037.2557356,0.0,120.3828125,0.015558282341396999
1770383038.3572443,0.0,120.3828125,0.015558282341396999
1770383039.4645073,0.0,120.3828125,0.015558282341396999
1770383040.578028,0.0,120.3828125,0.015558282341396999
1770383041.6889157,0.0,120.3828125,0.015558282341396999
1770383042.7991903,0.0,120.3828125,0.015558282341396999
1770383043.9117227,0.0,120.3828125,0.015558282341396999
1770383045.0298018,0.0,120.3828125,0.015558282341396999
1770383046.1392627,0.0,120.3828125,0.015558282341396999
1770383047.2550952,0.0,120.3828125,0.015558282341396999
1770383048.3678267,0.0,120.3828125,0.015558282341396999
1770383049.4769826,0.0,120.3828125,0.015558282341396999
1770383050.5864174,0.0,120.3828125,0.015558282341396999
1770383051.698465,0.0,120.3828125,0.015558282341396999
1770383052.8115966,0.0,120.3828125,0.015558282341396999
1770383053.9214134,0.0,120.3828125,0.015558282341396999
1770383055.0333526,0.0,120.3828125,0.015558282341396999
1770383056.1449351,0.0,120.3828125,0.015558282341396999
1770383057.2617378,0.0,120.3828125,0.015558282341396999
1770383058.3724759,0.0,120.3828125,0.015558282341396999
1770383059.4847536,0.0,120.3828125,0.015558282341396999
1770383060.5977197,0.0,120.3828125,0.015558282341396999
1770383061.7078335,0.0,120.3828125,0.015558282341396999
1770383062.8230188,0.0,120.3828125,0.015558282341396999
1770383063.935289,0.0,120.3828125,0.015558282341396999
1770383065.045025,0.0,120.3828125,0.015558282341396999
1770383066.1754494,0.0,120.3828125,0.015558282341396999
1770383067.2876124,0.0,120.3828125,0.015558282341396999
1770383068.3989685,0.0,120.3828125,0.015558282341396999
1770383069.5266986,0.0,120.3828125,0.015558282341396999
1770383070.6395502,0.0,120.3828125,0.015558282341396999
1770383071.7519612,0.0,120.3828125,0.015558282341396999
1770383072.863427,0.0,120.3828125,0.015558282341396999
1770383073.9787567,0.0,120.3828125,0.015558282341396999
1770383075.0900142,0.0,120.3828125,0.015558282341396999
1770383076.2249503,0.0,120.3828125,0.015558282341396999
1770383077.3365161,0.0,120.3828125,0.015558282341396999
1770383078.4503596,0.0,120.3828125,0.015558282341396999
1770383079.5609305,0.0,120.3828125,0.015558282341396999
1770383080.6732535,0.0,120.3828125,0.015558282341396999
1770383081.7922425,0.0,120.3828125,0.015558282341396999
1770383082.9034648,0.0,120.3828125,0.015558282341396999
1770383084.0138679,0.0,120.3828125,0.015558282341396999
1770383085.1262522,0.0,120.3828125,0.015558282341396999
1770383086.2370958,0.0,120.3828125,0.015558282341396999
1770383087.3471582,0.0,120.3828125,0.015558282341396999
1770383088.4593525,0.0,120.3828125,0.015558282341396999
1770383089.571622,0.0,120.3828125,0.015558282341396999
1770383090.6816792,0.0,120.3828125,0.015558282341396999
1770383091.7920551,0.0,120.3828125,0.015558282341396999
1770383092.9049532,0.0,120.3828125,0.015558282341396999
1770383094.019234,0.0,120.3828125,0.015558282341396999
1770383095.1438522,0.0,120.3828125,0.015558282341396999
1770383096.2882605,13.913043478331291,120.3828125,0.015558282341396999
1770383097.4087253,9.821428571469406,120.4921875,0.015572417973351021
1770383098.5238147,11.607142857191116,120.4921875,0.015572417973351021
1770383099.6396415,11.607142856889498,120.4921875,0.015572417973351021
1770383100.7548106,6.306306306385674,120.4921875,0.015572417973351021
1770383101.8694358,10.71428571433026,120.4921875,0.015572417973351021
1770383102.985522,11.711711711552033,120.4921875,0.015572417973351021
1770383104.0975828,0.8928571428608552,120.4921875,0.015572417973351021
1770383105.211149,0.0,120.4921875,0.015572417973351021
1770383106.3252838,0.0,120.4921875,0.015572417973351021
1770383107.4392245,0.0,120.4921875,0.015572417973351021
1770383108.554203,0.0,120.4921875,0.015572417973351021
1770383109.6667335,0.0,120.4921875,0.015572417973351021
1770383110.7807033,0.0,120.4921875,0.015572417973351021
1770383111.8940127,0.0,120.4921875,0.015572417973351021
1770383113.0080497,0.0,120.4921875,0.015572417973351021
1770383114.1220903,0.0,120.4921875,0.015572417973351021
1770383115.2374423,0.0,120.4921875,0.015572417973351021
1770383116.3544366,0.0,120.4921875,0.015572417973351021
1770383117.4695706,0.0,120.4921875,0.015572417973351021
1770383118.5826561,0.0,120.4921875,0.015572417973351021
1770383119.6959639,0.0,120.4921875,0.015572417973351021
1770383120.8097668,0.0,120.4921875,0.015572417973351021
1770383121.9241498,0.0,120.4921875,0.015572417973351021
1770383123.0361803,0.0,120.4921875,0.015572417973351021
1770383124.1549351,0.0,120.4921875,0.015572417973351021
1770383125.265849,0.0,120.4921875,0.015572417973351021
1770383126.4711359,0.0,120.4921875,0.015572417973351021
1770383127.583849,0.0,120.4921875,0.015572417973351021
1770383128.6940305,0.0,120.4921875,0.015572417973351021
1770383129.803204,0.0,120.4921875,0.015572417973351021
1770383130.9156141,0.0,120.4921875,0.015572417973351021
1770383132.0263417,0.0,120.4921875,0.015572417973351021
1770383133.1354325,0.0,120.4921875,0.015572417973351021
1770383134.2450209,0.0,120.4921875,0.015572417973351021
1770383135.354764,0.0,120.4921875,0.015572417973351021
1770383136.4683127,0.0,120.4921875,0.015572417973351021
1770383137.5839555,0.0,120.4921875,0.015572417973351021
1770383138.6967316,0.0,120.4921875,0.015572417973351021
1770383139.8067038,0.0,120.4921875,0.015572417973351021
1770383140.9150708,0.0,120.4921875,0.015572417973351021
1770383142.02432,0.0,120.4921875,0.015572417973351021
1770383143.1343114,0.0,120.4921875,0.015572417973351021
1770383144.2447524,0.0,120.4921875,0.015572417973351021
1770383145.3543136,0.0,120.4921875,0.015572417973351021
1770383146.4646804,0.0,120.4921875,0.015572417973351021
1770383147.5751805,0.0,120.4921875,0.015572417973351021
1770383148.6866775,0.0,120.4921875,0.015572417973351021
1770383149.7976923,0.0,120.4921875,0.015572417973351021
1770383150.9077058,1.8018018017772357,120.4921875,0.015572417973351021
1770383152.0184448,1.8018018018244784,120.4921875,0.015572417973351021
1770383153.1305904,0.0,120.4921875,0.015572417973351021
1770383154.2976573,3.4188034188510428,120.4921875,0.015572417973351021
1770383155.413494,3.6036036035544714,120.4921875,0.015572417973351021
1770383156.523234,5.405405405473434,120.4921875,0.015572417973351021
1770383157.6356633,0.9009009008886179,120.4921875,0.015572417973351021
1770383158.7534544,2.678571428582565,120.4921875,0.015572417973351021
1770383159.8649545,1.8018018017772357,120.4921875,0.015572417973351021
1770383160.9771566,2.678571428582565,120.4921875,0.015572417973351021
1770383162.087955,2.702702702736717,120.4921875,0.015572417973351021
1770383163.199035,0.9009009008886179,120.4921875,0.015572417973351021
1770383164.310728,0.0,120.4921875,0.015572417973351021
1770383165.42231,0.0,120.4921875,0.015572417973351021
1770383166.538617,0.0,120.4921875,0.015572417973351021
1770383167.649353,0.0,120.4921875,0.015572417973351021
1770383168.7608144,0.0,120.4921875,0.015572417973351021
1770383169.8717432,0.0,120.4921875,0.015572417973351021
1770383170.9814065,0.0,120.4921875,0.015572417973351021
1770383172.0913131,0.0,120.4921875,0.015572417973351021
1770383173.2047243,0.0,120.4921875,0.015572417973351021
1770383174.3717194,0.0,120.4921875,0.015572417973351021
1770383175.4809167,0.0,120.4921875,0.015572417973351021
1770383176.5903263,0.0,120.4921875,0.015572417973351021
1770383177.6992862,0.0,120.4921875,0.015572417973351021
1770383178.808526,0.0,120.4921875,0.015572417973351021
1770383179.9307775,0.0,120.4921875,0.015572417973351021
1770383181.0397823,0.0,120.4921875,0.015572417973351021
1770383182.1543012,0.0,120.4921875,0.015572417973351021
1770383183.2665,0.0,120.4921875,0.015572417973351021
1770383184.3979983,0.0,120.4921875,0.015572417973351021
1770383185.5126827,0.0,120.4921875,0.015572417973351021
1770383186.6276627,0.0,120.4921875,0.015572417973351021
1770383187.7390099,0.0,120.4921875,0.015572417973351021
1770383188.8509529,0.0,120.4921875,0.015572417973351021
1770383190.0492146,0.0,120.4921875,0.015572417973351021
1770383191.1631722,0.0,120.4921875,0.015572417973351021
1770383192.2728,0.0,120.4921875,0.015572417973351021
1770383193.3808434,0.0,120.4921875,0.015572417973351021
1770383194.4920523,0.0,120.4921875,0.015572417973351021
1770383195.5998216,0.0,120.4921875,0.015572417973351021
1770383196.7076578,0.0,120.5390625,0.015578476101331317
