nohup: ignoring input

================================================================
 FlowGap GLM-6B Full Trace Collection
 2 passes. Each pass: full training run (~76 min for 7162 steps)
 Started: Sat Jun  6 16:11:09 CST 2026
================================================================

======================================================================
  FlowGap Trace — pass1
  Start: Sat Jun  6 16:11:09 CST 2026
======================================================================
[pass1] Cleaning /root/mindformers/output/ ...
[pass1] Output cleaned.
[pass1] Starting eBPF tracer...
[pass1] Tracer PID = 2779927
[pass1] Library: unknown
[pass1] Starting GLM-6B training...
[pass1] Training PID = 2779994
[pass1] Waiting for training to complete...
output_dir is /root/mindformers/output
start training for rank 0, device 0
log saved in /root/mindformers/output/log/rank_0
scripts/collect_glm6b_full.sh: line 83: [: 0
0: integer expression expected
start training for rank 1, device 1
log saved in /root/mindformers/output/log/rank_1
start training for rank 2, device 2
log saved in /root/mindformers/output/log/rank_2
start training for rank 3, device 3
log saved in /root/mindformers/output/log/rank_3
start training for rank 4, device 4
log saved in /root/mindformers/output/log/rank_4
start training for rank 5, device 5
log saved in /root/mindformers/output/log/rank_5
start training for rank 6, device 6
log saved in /root/mindformers/output/log/rank_6
start training for rank 7, device 7
log saved in /root/mindformers/output/log/rank_7
  [pass1] 2026-06-06 16:21:37,254 - mindformers[mindformers/core/callback/callback.py:316] - INFO - { Epoch:[  1/  1], step:[   16/ 7162], loss: 5.310, per_step_time: 567ms, lr: 0.0, overflow cond: True, loss_scale: 65536.0
  [pass1] 2026-06-06 16:21:47,345 - mindformers[mindformers/core/callback/callback.py:316] - INFO - { Epoch:[  1/  1], step:[   32/ 7162], loss: 5.026, per_step_time: 638ms, lr: 3.25e-07, overflow cond: False, loss_scale: 16384.0
  [pass1] 2026-06-06 16:21:57,586 - mindformers[mindformers/core/callback/callback.py:316] - INFO - { Epoch:[  1/  1], step:[   48/ 7162], loss: 5.367, per_step_time: 638ms, lr: 7.2499995e-07, overflow cond: False, loss_scale: 16384.0
  [pass1] 2026-06-06 16:22:05,271 - mindformers[mindformers/core/callback/callback.py:316] - INFO - { Epoch:[  1/  1], step:[   60/ 7162], loss: 5.425, per_step_time: 639ms, lr: 1.025e-06, overflow cond: False, loss_scale: 16384.0
  [pass1] 2026-06-06 16:22:15,504 - mindformers[mindformers/core/callback/callback.py:316] - INFO - { Epoch:[  1/  1], step:[   76/ 7162], loss: 5.206, per_step_time: 638ms, lr: 1.4249999e-06, overflow cond: False, loss_scale: 16384.0
  [pass1] 2026-06-06 16:22:25,733 - mindformers[mindformers/core/callback/callback.py:316] - INFO - { Epoch:[  1/  1], step:[   92/ 7162], loss: 4.249, per_step_time: 638ms, lr: 1.8249999e-06, overflow cond: False, loss_scale: 16384.0
  [pass1] 2026-06-06 16:22:35,961 - mindformers[mindformers/core/callback/callback.py:316] - INFO - { Epoch:[  1/  1], step:[  108/ 7162], loss: 4.448, per_step_time: 638ms, lr: 2.225e-06, overflow cond: False, loss_scale: 16384.0
  [pass1] 2026-06-06 16:22:46,191 - mindformers[mindformers/core/callback/callback.py:316] - INFO - { Epoch:[  1/  1], step:[  124/ 7162], loss: 4.275, per_step_time: 638ms, lr: 2.6249998e-06, overflow cond: False, loss_scale: 16384.0
  [pass1] 2026-06-06 16:22:56,417 - mindformers[mindformers/core/callback/callback.py:316] - INFO - { Epoch:[  1/  1], step:[  140/ 7162], loss: 4.287, per_step_time: 638ms, lr: 3.0249998e-06, overflow cond: False, loss_scale: 16384.0
  [pass1] 2026-06-06 16:23:06,648 - mindformers[mindformers/core/callback/callback.py:316] - INFO - { Epoch:[  1/  1], step:[  156/ 7162], loss: 4.084, per_step_time: 638ms, lr: 3.4249997e-06, overflow cond: False, loss_scale: 16384.0
  [pass1] 2026-06-06 16:23:16,880 - mindformers[mindformers/core/callback/callback.py:316] - INFO - { Epoch:[  1/  1], step:[  172/ 7162], loss: 4.076, per_step_time: 638ms, lr: 3.825e-06, overflow cond: False, loss_scale: 16384.0
  [pass1] 2026-06-06 16:23:27,107 - mindformers[mindformers/core/callback/callback.py:316] - INFO - { Epoch:[  1/  1], step:[  188/ 7162], loss: 3.838, per_step_time: 638ms, lr: 4.225e-06, overflow cond: False, loss_scale: 16384.0
  [pass1] 2026-06-06 16:23:37,335 - mindformers[mindformers/core/callback/callback.py:316] - INFO - { Epoch:[  1/  1], step:[  204/ 7162], loss: 3.853, per_step_time: 637ms, lr: 4.6249997e-06, overflow cond: False, loss_scale: 16384.0
  [pass1] 2026-06-06 16:23:47,559 - mindformers[mindformers/core/callback/callback.py:316] - INFO - { Epoch:[  1/  1], step:[  220/ 7162], loss: 3.812, per_step_time: 636ms, lr: 5.025e-06, overflow cond: False, loss_scale: 16384.0
  [pass1] 2026-06-06 16:23:57,762 - mindformers[mindformers/core/callback/callback.py:316] - INFO - { Epoch:[  1/  1], step:[  236/ 7162], loss: 3.959, per_step_time: 636ms, lr: 5.4249995e-06, overflow cond: False, loss_scale: 16384.0
  [pass1] 2026-06-06 16:24:07,986 - mindformers[mindformers/core/callback/callback.py:316] - INFO - { Epoch:[  1/  1], step:[  252/ 7162], loss: 3.660, per_step_time: 637ms, lr: 5.825e-06, overflow cond: False, loss_scale: 16384.0
  [pass1] 2026-06-06 16:24:18,189 - mindformers[mindformers/core/callback/callback.py:316] - INFO - { Epoch:[  1/  1], step:[  268/ 7162], loss: 3.689, per_step_time: 636ms, lr: 6.2249997e-06, overflow cond: False, loss_scale: 16384.0
  [pass1] 2026-06-06 16:24:28,403 - mindformers[mindformers/core/callback/callback.py:316] - INFO - { Epoch:[  1/  1], step:[  284/ 7162], loss: 3.485, per_step_time: 636ms, lr: 6.6249995e-06, overflow cond: False, loss_scale: 16384.0
  [pass1] 2026-06-06 16:24:38,611 - mindformers[mindformers/core/callback/callback.py:316] - INFO - { Epoch:[  1/  1], step:[  300/ 7162], loss: 3.729, per_step_time: 637ms, lr: 7.0249994e-06, overflow cond: False, loss_scale: 16384.0
  [pass1] 2026-06-06 16:24:48,827 - mindformers[mindformers/core/callback/callback.py:316] - INFO - { Epoch:[  1/  1], step:[  316/ 7162], loss: 3.814, per_step_time: 636ms, lr: 7.4249997e-06, overflow cond: False, loss_scale: 16384.0
  [pass1] 2026-06-06 16:24:59,033 - mindformers[mindformers/core/callback/callback.py:316] - INFO - { Epoch:[  1/  1], step:[  332/ 7162], loss: 3.570, per_step_time: 636ms, lr: 7.825e-06, overflow cond: False, loss_scale: 16384.0
  [pass1] 2026-06-06 16:25:09,237 - mindformers[mindformers/core/callback/callback.py:316] - INFO - { Epoch:[  1/  1], step:[  348/ 7162], loss: 3.607, per_step_time: 637ms, lr: 8.225e-06, overflow cond: False, loss_scale: 16384.0
  [pass1] 2026-06-06 16:25:16,897 - mindformers[mindformers/core/callback/callback.py:316] - INFO - { Epoch:[  1/  1], step:[  360/ 7162], loss: 3.570, per_step_time: 637ms, lr: 8.524999e-06, overflow cond: False, loss_scale: 16384.0
  [pass1] 2026-06-06 16:25:27,113 - mindformers[mindformers/core/callback/callback.py:316] - INFO - { Epoch:[  1/  1], step:[  376/ 7162], loss: 3.721, per_step_time: 637ms, lr: 8.925e-06, overflow cond: False, loss_scale: 16384.0
  [pass1] 2026-06-06 16:25:37,329 - mindformers[mindformers/core/callback/callback.py:316] - INFO - { Epoch:[  1/  1], step:[  392/ 7162], loss: 3.739, per_step_time: 637ms, lr: 9.325e-06, overflow cond: False, loss_scale: 16384.0
  [pass1] 2026-06-06 16:25:47,538 - mindformers[mindformers/core/callback/callback.py:316] - INFO - { Epoch:[  1/  1], step:[  408/ 7162], loss: 3.542, per_step_time: 636ms, lr: 9.7249995e-06, overflow cond: False, loss_scale: 16384.0
  [pass1] 2026-06-06 16:25:57,753 - mindformers[mindformers/core/callback/callback.py:316] - INFO - { Epoch:[  1/  1], step:[  424/ 7162], loss: 3.474, per_step_time: 637ms, lr: 1.0125e-05, overflow cond: False, loss_scale: 16384.0
  [pass1] 2026-06-06 16:26:07,972 - mindformers[mindformers/core/callback/callback.py:316] - INFO - { Epoch:[  1/  1], step:[  440/ 7162], loss: 3.695, per_step_time: 638ms, lr: 1.0525e-05, overflow cond: False, loss_scale: 16384.0
  [pass1] 2026-06-06 16:26:18,175 - mindformers[mindformers/core/callback/callback.py:316] - INFO - { Epoch:[  1/  1], step:[  456/ 7162], loss: 3.583, per_step_time: 636ms, lr: 1.09249995e-05, overflow cond: False, loss_scale: 16384.0
  [pass1] 2026-06-06 16:26:28,383 - mindformers[mindformers/core/callback/callback.py:316] - INFO - { Epoch:[  1/  1], step:[  472/ 7162], loss: 3.524, per_step_time: 636ms, lr: 1.1325e-05, overflow cond: False, loss_scale: 16384.0
  [pass1] 2026-06-06 16:26:38,594 - mindformers[mindformers/core/callback/callback.py:316] - INFO - { Epoch:[  1/  1], step:[  488/ 7162], loss: 3.418, per_step_time: 637ms, lr: 1.1725e-05, overflow cond: False, loss_scale: 16384.0
  [pass1] 2026-06-06 16:26:46,256 - mindformers[mindformers/core/callback/callback.py:316] - INFO - { Epoch:[  1/  1], step:[  500/ 7162], loss: 3.907, per_step_time: 637ms, lr: 1.2025e-05, overflow cond: False, loss_scale: 16384.0
  [pass1] 2026-06-06 16:28:30,448 - mindformers[mindformers/core/callback/callback.py:316] - INFO - { Epoch:[  1/  1], step:[  516/ 7162], loss: 3.454, per_step_time: 636ms, lr: 1.2425e-05, overflow cond: False, loss_scale: 16384.0
  [pass1] 2026-06-06 16:28:40,646 - mindformers[mindformers/core/callback/callback.py:316] - INFO - { Epoch:[  1/  1], step:[  532/ 7162], loss: 3.566, per_step_time: 636ms, lr: 1.2825e-05, overflow cond: False, loss_scale: 16384.0
  [pass1] 2026-06-06 16:28:50,848 - mindformers[mindformers/core/callback/callback.py:316] - INFO - { Epoch:[  1/  1], step:[  548/ 7162], loss: 3.533, per_step_time: 636ms, lr: 1.3224999e-05, overflow cond: False, loss_scale: 16384.0
  [pass1] 2026-06-06 16:29:01,048 - mindformers[mindformers/core/callback/callback.py:316] - INFO - { Epoch:[  1/  1], step:[  564/ 7162], loss: 3.412, per_step_time: 636ms, lr: 1.3625e-05, overflow cond: False, loss_scale: 16384.0
  [pass1] 2026-06-06 16:29:08,696 - mindformers[mindformers/core/callback/callback.py:316] - INFO - { Epoch:[  1/  1], step:[  576/ 7162], loss: 3.280, per_step_time: 636ms, lr: 1.3925e-05, overflow cond: False, loss_scale: 16384.0
  [pass1] 2026-06-06 16:29:18,900 - mindformers[mindformers/core/callback/callback.py:316] - INFO - { Epoch:[  1/  1], step:[  592/ 7162], loss: 3.394, per_step_time: 636ms, lr: 1.4325e-05, overflow cond: False, loss_scale: 16384.0
  [pass1] 2026-06-06 16:29:29,185 - mindformers[mindformers/core/callback/callback.py:316] - INFO - { Epoch:[  1/  1], step:[  608/ 7162], loss: 3.525, per_step_time: 636ms, lr: 1.4724999e-05, overflow cond: False, loss_scale: 16384.0
  [pass1] 2026-06-06 16:29:39,398 - mindformers[mindformers/core/callback/callback.py:316] - INFO - { Epoch:[  1/  1], step:[  624/ 7162], loss: 3.458, per_step_time: 637ms, lr: 1.5125e-05, overflow cond: False, loss_scale: 16384.0
  [pass1] 2026-06-06 16:29:49,610 - mindformers[mindformers/core/callback/callback.py:316] - INFO - { Epoch:[  1/  1], step:[  640/ 7162], loss: 3.387, per_step_time: 637ms, lr: 1.5525e-05, overflow cond: False, loss_scale: 16384.0
  [pass1] 2026-06-06 16:29:59,826 - mindformers[mindformers/core/callback/callback.py:316] - INFO - { Epoch:[  1/  1], step:[  656/ 7162], loss: 3.467, per_step_time: 636ms, lr: 1.5925e-05, overflow cond: False, loss_scale: 16384.0
  [pass1] 2026-06-06 16:30:10,039 - mindformers[mindformers/core/callback/callback.py:316] - INFO - { Epoch:[  1/  1], step:[  672/ 7162], loss: 3.755, per_step_time: 637ms, lr: 1.6324999e-05, overflow cond: False, loss_scale: 16384.0
  [pass1] 2026-06-06 16:30:20,251 - mindformers[mindformers/core/callback/callback.py:316] - INFO - { Epoch:[  1/  1], step:[  688/ 7162], loss: 3.771, per_step_time: 638ms, lr: 1.6725e-05, overflow cond: False, loss_scale: 16384.0
  [pass1] 2026-06-06 16:30:30,461 - mindformers[mindformers/core/callback/callback.py:316] - INFO - { Epoch:[  1/  1], step:[  704/ 7162], loss: 3.664, per_step_time: 637ms, lr: 1.7125e-05, overflow cond: False, loss_scale: 16384.0
  [pass1] 2026-06-06 16:30:40,664 - mindformers[mindformers/core/callback/callback.py:316] - INFO - { Epoch:[  1/  1], step:[  720/ 7162], loss: 3.525, per_step_time: 636ms, lr: 1.7524999e-05, overflow cond: False, loss_scale: 16384.0
  [pass1] 2026-06-06 16:30:50,878 - mindformers[mindformers/core/callback/callback.py:316] - INFO - { Epoch:[  1/  1], step:[  736/ 7162], loss: 3.649, per_step_time: 638ms, lr: 1.7925e-05, overflow cond: False, loss_scale: 16384.0
  [pass1] 2026-06-06 16:31:01,095 - mindformers[mindformers/core/callback/callback.py:316] - INFO - { Epoch:[  1/  1], step:[  752/ 7162], loss: 3.631, per_step_time: 637ms, lr: 1.8325e-05, overflow cond: False, loss_scale: 16384.0
  [pass1] 2026-06-06 16:31:11,307 - mindformers[mindformers/core/callback/callback.py:316] - INFO - { Epoch:[  1/  1], step:[  768/ 7162], loss: 3.642, per_step_time: 637ms, lr: 1.8725e-05, overflow cond: False, loss_scale: 16384.0
  [pass1] 2026-06-06 16:31:21,515 - mindformers[mindformers/core/callback/callback.py:316] - INFO - { Epoch:[  1/  1], step:[  784/ 7162], loss: 3.561, per_step_time: 636ms, lr: 1.9124998e-05, overflow cond: False, loss_scale: 16384.0
  [pass1] 2026-06-06 16:31:31,738 - mindformers[mindformers/core/callback/callback.py:316] - INFO - { Epoch:[  1/  1], step:[  800/ 7162], loss: 3.555, per_step_time: 637ms, lr: 1.9525e-05, overflow cond: False, loss_scale: 16384.0
  [pass1] 2026-06-06 16:31:41,978 - mindformers[mindformers/core/callback/callback.py:316] - INFO - { Epoch:[  1/  1], step:[  816/ 7162], loss: 3.695, per_step_time: 636ms, lr: 1.9924999e-05, overflow cond: False, loss_scale: 16384.0
  [pass1] 2026-06-06 16:31:52,185 - mindformers[mindformers/core/callback/callback.py:316] - INFO - { Epoch:[  1/  1], step:[  832/ 7162], loss: 3.520, per_step_time: 636ms, lr: 2.0325e-05, overflow cond: False, loss_scale: 16384.0
  [pass1] 2026-06-06 16:32:02,389 - mindformers[mindformers/core/callback/callback.py:316] - INFO - { Epoch:[  1/  1], step:[  848/ 7162], loss: 3.646, per_step_time: 636ms, lr: 2.0725e-05, overflow cond: False, loss_scale: 16384.0
  [pass1] 2026-06-06 16:32:12,598 - mindformers[mindformers/core/callback/callback.py:316] - INFO - { Epoch:[  1/  1], step:[  864/ 7162], loss: 3.438, per_step_time: 637ms, lr: 2.1125e-05, overflow cond: False, loss_scale: 16384.0
  [pass1] 2026-06-06 16:32:20,254 - mindformers[mindformers/core/callback/callback.py:316] - INFO - { Epoch:[  1/  1], step:[  876/ 7162], loss: 3.642, per_step_time: 636ms, lr: 2.1425e-05, overflow cond: False, loss_scale: 16384.0
  [pass1] 2026-06-06 16:32:30,473 - mindformers[mindformers/core/callback/callback.py:316] - INFO - { Epoch:[  1/  1], step:[  892/ 7162], loss: 3.626, per_step_time: 637ms, lr: 2.1825e-05, overflow cond: False, loss_scale: 16384.0
  [pass1] 2026-06-06 16:32:40,678 - mindformers[mindformers/core/callback/callback.py:316] - INFO - { Epoch:[  1/  1], step:[  908/ 7162], loss: 3.528, per_step_time: 636ms, lr: 2.2225e-05, overflow cond: False, loss_scale: 16384.0
  [pass1] 2026-06-06 16:32:50,889 - mindformers[mindformers/core/callback/callback.py:316] - INFO - { Epoch:[  1/  1], step:[  924/ 7162], loss: 3.611, per_step_time: 636ms, lr: 2.2625e-05, overflow cond: False, loss_scale: 16384.0
  [pass1] 2026-06-06 16:33:01,109 - mindformers[mindformers/core/callback/callback.py:316] - INFO - { Epoch:[  1/  1], step:[  940/ 7162], loss: 3.566, per_step_time: 636ms, lr: 2.3024999e-05, overflow cond: False, loss_scale: 16384.0
  [pass1] 2026-06-06 16:33:11,324 - mindformers[mindformers/core/callback/callback.py:316] - INFO - { Epoch:[  1/  1], step:[  956/ 7162], loss: 3.371, per_step_time: 637ms, lr: 2.3424998e-05, overflow cond: False, loss_scale: 16384.0
  [pass1] 2026-06-06 16:33:21,541 - mindformers[mindformers/core/callback/callback.py:316] - INFO - { Epoch:[  1/  1], step:[  972/ 7162], loss: 3.666, per_step_time: 637ms, lr: 2.3825e-05, overflow cond: False, loss_scale: 16384.0
  [pass1] 2026-06-06 16:33:31,762 - mindformers[mindformers/core/callback/callback.py:316] - INFO - { Epoch:[  1/  1], step:[  988/ 7162], loss: 3.530, per_step_time: 637ms, lr: 2.4224999e-05, overflow cond: False, loss_scale: 16384.0
  [pass1] 2026-06-06 16:33:39,424 - mindformers[mindformers/core/callback/callback.py:316] - INFO - { Epoch:[  1/  1], step:[ 1000/ 7162], loss: 3.553, per_step_time: 637ms, lr: 2.4525e-05, overflow cond: False, loss_scale: 16384.0
  [pass1] 2026-06-06 16:35:12,478 - mindformers[mindformers/core/callback/callback.py:316] - INFO - { Epoch:[  1/  1], step:[ 1004/ 7162], loss: 3.905, per_step_time: 5089ms, lr: 2.4625e-05, overflow cond: False, loss_scale: 16384.0
  [pass1] 2026-06-06 16:35:25,253 - mindformers[mindformers/core/callback/callback.py:316] - INFO - { Epoch:[  1/  1], step:[ 1024/ 7162], loss: 3.344, per_step_time: 638ms, lr: 2.5124999e-05, overflow cond: False, loss_scale: 32768.0
  [pass1] 2026-06-06 16:35:35,458 - mindformers[mindformers/core/callback/callback.py:316] - INFO - { Epoch:[  1/  1], step:[ 1040/ 7162], loss: 3.880, per_step_time: 635ms, lr: 2.5525e-05, overflow cond: False, loss_scale: 32768.0
  [pass1] 2026-06-06 16:35:45,594 - mindformers[mindformers/core/callback/callback.py:316] - INFO - { Epoch:[  1/  1], step:[ 1056/ 7162], loss: 3.562, per_step_time: 636ms, lr: 2.5899999e-05, overflow cond: False, loss_scale: 16384.0
  [pass1] 2026-06-06 16:35:53,242 - mindformers[mindformers/core/callback/callback.py:316] - INFO - { Epoch:[  1/  1], step:[ 1068/ 7162], loss: 3.621, per_step_time: 636ms, lr: 2.62e-05, overflow cond: False, loss_scale: 16384.0
  [pass1] 2026-06-06 16:36:03,454 - mindformers[mindformers/core/callback/callback.py:316] - INFO - { Epoch:[  1/  1], step:[ 1084/ 7162], loss: 3.579, per_step_time: 637ms, lr: 2.6599999e-05, overflow cond: False, loss_scale: 16384.0
  [pass1] 2026-06-06 16:36:13,657 - mindformers[mindformers/core/callback/callback.py:316] - INFO - { Epoch:[  1/  1], step:[ 1100/ 7162], loss: 3.408, per_step_time: 636ms, lr: 2.7e-05, overflow cond: False, loss_scale: 16384.0
  [pass1] 2026-06-06 16:36:23,857 - mindformers[mindformers/core/callback/callback.py:316] - INFO - { Epoch:[  1/  1], step:[ 1116/ 7162], loss: 3.189, per_step_time: 636ms, lr: 2.7399998e-05, overflow cond: False, loss_scale: 16384.0
  [pass1] 2026-06-06 16:36:34,066 - mindformers[mindformers/core/callback/callback.py:316] - INFO - { Epoch:[  1/  1], step:[ 1132/ 7162], loss: 3.453, per_step_time: 636ms, lr: 2.7799999e-05, overflow cond: False, loss_scale: 16384.0
  [pass1] 2026-06-06 16:36:44,281 - mindformers[mindformers/core/callback/callback.py:316] - INFO - { Epoch:[  1/  1], step:[ 1148/ 7162], loss: 3.521, per_step_time: 638ms, lr: 2.82e-05, overflow cond: False, loss_scale: 16384.0
  [pass1] 2026-06-06 16:36:54,511 - mindformers[mindformers/core/callback/callback.py:316] - INFO - { Epoch:[  1/  1], step:[ 1164/ 7162], loss: 3.657, per_step_time: 638ms, lr: 2.8600001e-05, overflow cond: False, loss_scale: 16384.0
  [pass1] 2026-06-06 16:37:04,729 - mindformers[mindformers/core/callback/callback.py:316] - INFO - { Epoch:[  1/  1], step:[ 1180/ 7162], loss: 3.669, per_step_time: 637ms, lr: 2.8999999e-05, overflow cond: False, loss_scale: 16384.0
  [pass1] 2026-06-06 16:37:14,947 - mindformers[mindformers/core/callback/callback.py:316] - INFO - { Epoch:[  1/  1], step:[ 1196/ 7162], loss: 3.689, per_step_time: 637ms, lr: 2.94e-05, overflow cond: False, loss_scale: 16384.0
  [pass1] 2026-06-06 16:37:25,161 - mindformers[mindformers/core/callback/callback.py:316] - INFO - { Epoch:[  1/  1], step:[ 1212/ 7162], loss: 3.683, per_step_time: 637ms, lr: 2.98e-05, overflow cond: False, loss_scale: 16384.0
  [pass1] 2026-06-06 16:37:35,368 - mindformers[mindformers/core/callback/callback.py:316] - INFO - { Epoch:[  1/  1], step:[ 1228/ 7162], loss: 3.684, per_step_time: 637ms, lr: 3.0199997e-05, overflow cond: False, loss_scale: 16384.0
  [pass1] 2026-06-06 16:37:45,589 - mindformers[mindformers/core/callback/callback.py:316] - INFO - { Epoch:[  1/  1], step:[ 1244/ 7162], loss: 3.658, per_step_time: 637ms, lr: 3.06e-05, overflow cond: False, loss_scale: 16384.0
  [pass1] 2026-06-06 16:37:55,797 - mindformers[mindformers/core/callback/callback.py:316] - INFO - { Epoch:[  1/  1], step:[ 1260/ 7162], loss: 3.696, per_step_time: 637ms, lr: 3.1e-05, overflow cond: False, loss_scale: 16384.0
  [pass1] 2026-06-06 16:38:06,002 - mindformers[mindformers/core/callback/callback.py:316] - INFO - { Epoch:[  1/  1], step:[ 1276/ 7162], loss: 3.484, per_step_time: 637ms, lr: 3.14e-05, overflow cond: False, loss_scale: 16384.0
  [pass1] 2026-06-06 16:38:16,207 - mindformers[mindformers/core/callback/callback.py:316] - INFO - { Epoch:[  1/  1], step:[ 1292/ 7162], loss: 3.493, per_step_time: 636ms, lr: 3.18e-05, overflow cond: False, loss_scale: 16384.0
  [pass1] 2026-06-06 16:38:26,425 - mindformers[mindformers/core/callback/callback.py:316] - INFO - { Epoch:[  1/  1], step:[ 1308/ 7162], loss: 3.551, per_step_time: 637ms, lr: 3.2199998e-05, overflow cond: False, loss_scale: 16384.0
  [pass1] 2026-06-06 16:38:36,635 - mindformers[mindformers/core/callback/callback.py:316] - INFO - { Epoch:[  1/  1], step:[ 1324/ 7162], loss: 3.637, per_step_time: 637ms, lr: 3.26e-05, overflow cond: False, loss_scale: 16384.0
  [pass1] 2026-06-06 16:38:46,852 - mindformers[mindformers/core/callback/callback.py:316] - INFO - { Epoch:[  1/  1], step:[ 1340/ 7162], loss: 3.738, per_step_time: 637ms, lr: 3.3e-05, overflow cond: False, loss_scale: 16384.0
  [pass1] 2026-06-06 16:38:57,073 - mindformers[mindformers/core/callback/callback.py:316] - INFO - { Epoch:[  1/  1], step:[ 1356/ 7162], loss: 3.397, per_step_time: 637ms, lr: 3.34e-05, overflow cond: False, loss_scale: 16384.0
  [pass1] 2026-06-06 16:39:04,731 - mindformers[mindformers/core/callback/callback.py:316] - INFO - { Epoch:[  1/  1], step:[ 1368/ 7162], loss: 3.561, per_step_time: 637ms, lr: 3.3700002e-05, overflow cond: False, loss_scale: 16384.0
  [pass1] 2026-06-06 16:39:14,947 - mindformers[mindformers/core/callback/callback.py:316] - INFO - { Epoch:[  1/  1], step:[ 1384/ 7162], loss: 3.677, per_step_time: 637ms, lr: 3.4099998e-05, overflow cond: False, loss_scale: 16384.0
  [pass1] 2026-06-06 16:39:25,153 - mindformers[mindformers/core/callback/callback.py:316] - INFO - { Epoch:[  1/  1], step:[ 1400/ 7162], loss: 3.619, per_step_time: 637ms, lr: 3.45e-05, overflow cond: False, loss_scale: 16384.0
  [pass1] 2026-06-06 16:39:35,359 - mindformers[mindformers/core/callback/callback.py:316] - INFO - { Epoch:[  1/  1], step:[ 1416/ 7162], loss: 3.326, per_step_time: 636ms, lr: 3.49e-05, overflow cond: False, loss_scale: 16384.0
  [pass1] 2026-06-06 16:39:45,568 - mindformers[mindformers/core/callback/callback.py:316] - INFO - { Epoch:[  1/  1], step:[ 1432/ 7162], loss: 3.746, per_step_time: 636ms, lr: 3.5299996e-05, overflow cond: False, loss_scale: 16384.0
  [pass1] 2026-06-06 16:39:55,783 - mindformers[mindformers/core/callback/callback.py:316] - INFO - { Epoch:[  1/  1], step:[ 1448/ 7162], loss: 3.775, per_step_time: 637ms, lr: 3.57e-05, overflow cond: False, loss_scale: 16384.0
  [pass1] 2026-06-06 16:40:05,998 - mindformers[mindformers/core/callback/callback.py:316] - INFO - { Epoch:[  1/  1], step:[ 1464/ 7162], loss: 3.536, per_step_time: 637ms, lr: 3.61e-05, overflow cond: False, loss_scale: 16384.0
  [pass1] 2026-06-06 16:40:16,216 - mindformers[mindformers/core/callback/callback.py:316] - INFO - { Epoch:[  1/  1], step:[ 1480/ 7162], loss: 3.482, per_step_time: 637ms, lr: 3.65e-05, overflow cond: False, loss_scale: 16384.0
  [pass1] 2026-06-06 16:40:26,435 - mindformers[mindformers/core/callback/callback.py:316] - INFO - { Epoch:[  1/  1], step:[ 1496/ 7162], loss: 3.485, per_step_time: 638ms, lr: 3.6899997e-05, overflow cond: False, loss_scale: 16384.0
  [pass1] 2026-06-06 16:40:28,995 - mindformers[mindformers/core/callback/callback.py:316] - INFO - { Epoch:[  1/  1], step:[ 1500/ 7162], loss: 3.476, per_step_time: 639ms, lr: 3.6999998e-05, overflow cond: False, loss_scale: 16384.0
  [pass1] 2026-06-06 16:42:08,482 - mindformers[mindformers/core/callback/callback.py:316] - INFO - { Epoch:[  1/  1], step:[ 1504/ 7162], loss: 3.788, per_step_time: 4265ms, lr: 3.71e-05, overflow cond: False, loss_scale: 16384.0
  [pass1] 2026-06-06 16:42:18,699 - mindformers[mindformers/core/callback/callback.py:316] - INFO - { Epoch:[  1/  1], step:[ 1520/ 7162], loss: 3.604, per_step_time: 636ms, lr: 3.7499998e-05, overflow cond: False, loss_scale: 16384.0
  [pass1] 2026-06-06 16:42:26,356 - mindformers[mindformers/core/callback/callback.py:316] - INFO - { Epoch:[  1/  1], step:[ 1532/ 7162], loss: 3.789, per_step_time: 636ms, lr: 3.7799997e-05, overflow cond: False, loss_scale: 16384.0
  [pass1] 2026-06-06 16:42:36,557 - mindformers[mindformers/core/callback/callback.py:316] - INFO - { Epoch:[  1/  1], step:[ 1548/ 7162], loss: 3.720, per_step_time: 636ms, lr: 3.82e-05, overflow cond: False, loss_scale: 16384.0
  [pass1] 2026-06-06 16:42:48,237 - mindformers[mindformers/core/callback/callback.py:316] - INFO - { Epoch:[  1/  1], step:[ 1564/ 7162], loss: 3.406, per_step_time: 636ms, lr: 3.86e-05, overflow cond: False, loss_scale: 16384.0
  [pass1] 2026-06-06 16:42:58,437 - mindformers[mindformers/core/callback/callback.py:316] - INFO - { Epoch:[  1/  1], step:[ 1580/ 7162], loss: 3.269, per_step_time: 636ms, lr: 3.9e-05, overflow cond: False, loss_scale: 16384.0
  [pass1] 2026-06-06 16:43:08,646 - mindformers[mindformers/core/callback/callback.py:316] - INFO - { Epoch:[  1/  1], step:[ 1596/ 7162], loss: 3.499, per_step_time: 636ms, lr: 3.9399998e-05, overflow cond: False, loss_scale: 16384.0
  [pass1] 2026-06-06 16:43:18,851 - mindformers[mindformers/core/callback/callback.py:316] - INFO - { Epoch:[  1/  1], step:[ 1612/ 7162], loss: 3.783, per_step_time: 636ms, lr: 3.9799997e-05, overflow cond: False, loss_scale: 16384.0
  [pass1] 2026-06-06 16:43:29,053 - mindformers[mindformers/core/callback/callback.py:316] - INFO - { Epoch:[  1/  1], step:[ 1628/ 7162], loss: 3.888, per_step_time: 636ms, lr: 4.02e-05, overflow cond: False, loss_scale: 16384.0
  [pass1] 2026-06-06 16:43:37,019 - mindformers[mindformers/core/callback/callback.py:316] - INFO - { Epoch:[  1/  1], step:[ 1640/ 7162], loss: 3.403, per_step_time: 636ms, lr: 4.05e-05, overflow cond: False, loss_scale: 16384.0
  [pass1] 2026-06-06 16:43:47,225 - mindformers[mindformers/core/callback/callback.py:316] - INFO - { Epoch:[  1/  1], step:[ 1656/ 7162], loss: 3.663, per_step_time: 636ms, lr: 4.09e-05, overflow cond: False, loss_scale: 16384.0
  [pass1] 2026-06-06 16:43:57,432 - mindformers[mindformers/core/callback/callback.py:316] - INFO - { Epoch:[  1/  1], step:[ 1672/ 7162], loss: 3.736, per_step_time: 636ms, lr: 4.1299998e-05, overflow cond: False, loss_scale: 16384.0
  [pass1] 2026-06-06 16:44:07,644 - mindformers[mindformers/core/callback/callback.py:316] - INFO - { Epoch:[  1/  1], step:[ 1688/ 7162], loss: 3.593, per_step_time: 637ms, lr: 4.1699997e-05, overflow cond: False, loss_scale: 16384.0
  [pass1] 2026-06-06 16:44:17,855 - mindformers[mindformers/core/callback/callback.py:316] - INFO - { Epoch:[  1/  1], step:[ 1704/ 7162], loss: 3.462, per_step_time: 637ms, lr: 4.21e-05, overflow cond: False, loss_scale: 16384.0
  [pass1] 2026-06-06 16:44:28,070 - mindformers[mindformers/core/callback/callback.py:316] - INFO - { Epoch:[  1/  1], step:[ 1720/ 7162], loss: 3.739, per_step_time: 636ms, lr: 4.25e-05, overflow cond: False, loss_scale: 16384.0
  [pass1] 2026-06-06 16:44:38,282 - mindformers[mindformers/core/callback/callback.py:316] - INFO - { Epoch:[  1/  1], step:[ 1736/ 7162], loss: 3.645, per_step_time: 636ms, lr: 4.29e-05, overflow cond: False, loss_scale: 16384.0
  [pass1] 2026-06-06 16:44:48,488 - mindformers[mindformers/core/callback/callback.py:316] - INFO - { Epoch:[  1/  1], step:[ 1752/ 7162], loss: 3.581, per_step_time: 636ms, lr: 4.33e-05, overflow cond: False, loss_scale: 16384.0
  [pass1] 2026-06-06 16:44:58,695 - mindformers[mindformers/core/callback/callback.py:316] - INFO - { Epoch:[  1/  1], step:[ 1768/ 7162], loss: 3.448, per_step_time: 637ms, lr: 4.3699998e-05, overflow cond: False, loss_scale: 16384.0
  [pass1] 2026-06-06 16:45:08,905 - mindformers[mindformers/core/callback/callback.py:316] - INFO - { Epoch:[  1/  1], step:[ 1784/ 7162], loss: 3.564, per_step_time: 637ms, lr: 4.41e-05, overflow cond: False, loss_scale: 16384.0
  [pass1] 2026-06-06 16:45:19,116 - mindformers[mindformers/core/callback/callback.py:316] - INFO - { Epoch:[  1/  1], step:[ 1800/ 7162], loss: 3.564, per_step_time: 637ms, lr: 4.4499997e-05, overflow cond: False, loss_scale: 16384.0
  [pass1] 2026-06-06 16:45:29,325 - mindformers[mindformers/core/callback/callback.py:316] - INFO - { Epoch:[  1/  1], step:[ 1816/ 7162], loss: 3.520, per_step_time: 637ms, lr: 4.49e-05, overflow cond: False, loss_scale: 16384.0
  [pass1] 2026-06-06 16:45:39,533 - mindformers[mindformers/core/callback/callback.py:316] - INFO - { Epoch:[  1/  1], step:[ 1832/ 7162], loss: 3.639, per_step_time: 637ms, lr: 4.53e-05, overflow cond: False, loss_scale: 16384.0
  [pass1] 2026-06-06 16:45:49,740 - mindformers[mindformers/core/callback/callback.py:316] - INFO - { Epoch:[  1/  1], step:[ 1848/ 7162], loss: 3.747, per_step_time: 637ms, lr: 4.57e-05, overflow cond: False, loss_scale: 16384.0
  [pass1] 2026-06-06 16:45:59,955 - mindformers[mindformers/core/callback/callback.py:316] - INFO - { Epoch:[  1/  1], step:[ 1864/ 7162], loss: 3.472, per_step_time: 637ms, lr: 4.6099998e-05, overflow cond: False, loss_scale: 16384.0
  [pass1] 2026-06-06 16:46:10,168 - mindformers[mindformers/core/callback/callback.py:316] - INFO - { Epoch:[  1/  1], step:[ 1880/ 7162], loss: 3.166, per_step_time: 636ms, lr: 4.6499998e-05, overflow cond: False, loss_scale: 16384.0
  [pass1] 2026-06-06 16:46:20,395 - mindformers[mindformers/core/callback/callback.py:316] - INFO - { Epoch:[  1/  1], step:[ 1896/ 7162], loss: 3.525, per_step_time: 640ms, lr: 4.69e-05, overflow cond: False, loss_scale: 16384.0
  [pass1] 2026-06-06 16:46:30,609 - mindformers[mindformers/core/callback/callback.py:316] - INFO - { Epoch:[  1/  1], step:[ 1912/ 7162], loss: 3.692, per_step_time: 638ms, lr: 4.7299996e-05, overflow cond: False, loss_scale: 16384.0
  [pass1] 2026-06-06 16:46:40,814 - mindformers[mindformers/core/callback/callback.py:316] - INFO - { Epoch:[  1/  1], step:[ 1928/ 7162], loss: 3.837, per_step_time: 636ms, lr: 4.77e-05, overflow cond: False, loss_scale: 16384.0
  [pass1] 2026-06-06 16:46:48,469 - mindformers[mindformers/core/callback/callback.py:316] - INFO - { Epoch:[  1/  1], step:[ 1940/ 7162], loss: 3.598, per_step_time: 637ms, lr: 4.7999998e-05, overflow cond: False, loss_scale: 16384.0
  [pass1] 2026-06-06 16:46:58,684 - mindformers[mindformers/core/callback/callback.py:316] - INFO - { Epoch:[  1/  1], step:[ 1956/ 7162], loss: 3.369, per_step_time: 636ms, lr: 4.8399997e-05, overflow cond: False, loss_scale: 16384.0
  [pass1] 2026-06-06 16:47:08,907 - mindformers[mindformers/core/callback/callback.py:316] - INFO - { Epoch:[  1/  1], step:[ 1972/ 7162], loss: 3.313, per_step_time: 638ms, lr: 4.88e-05, overflow cond: False, loss_scale: 16384.0
  [pass1] 2026-06-06 16:47:19,117 - mindformers[mindformers/core/callback/callback.py:316] - INFO - { Epoch:[  1/  1], step:[ 1988/ 7162], loss: 3.583, per_step_time: 636ms, lr: 4.92e-05, overflow cond: False, loss_scale: 16384.0
  [pass1] 2026-06-06 16:47:26,777 - mindformers[mindformers/core/callback/callback.py:316] - INFO - { Epoch:[  1/  1], step:[ 2000/ 7162], loss: 3.761, per_step_time: 636ms, lr: 4.95e-05, overflow cond: False, loss_scale: 16384.0
  [pass1] 2026-06-06 16:49:00,845 - mindformers[mindformers/core/callback/callback.py:316] - INFO - { Epoch:[  1/  1], step:[ 2004/ 7162], loss: 3.574, per_step_time: 5203ms, lr: 4.96e-05, overflow cond: False, loss_scale: 16384.0
  [pass1] 2026-06-06 16:49:11,346 - mindformers[mindformers/core/callback/callback.py:316] - INFO - { Epoch:[  1/  1], step:[ 2020/ 7162], loss: 3.532, per_step_time: 636ms, lr: 5e-05, overflow cond: False, loss_scale: 16384.0
  [pass1] 2026-06-06 16:49:21,560 - mindformers[mindformers/core/callback/callback.py:316] - INFO - { Epoch:[  1/  1], step:[ 2036/ 7162], loss: 3.434, per_step_time: 636ms, lr: 4.9848062e-05, overflow cond: False, loss_scale: 16384.0
  [pass1] 2026-06-06 16:49:31,778 - mindformers[mindformers/core/callback/callback.py:316] - INFO - { Epoch:[  1/  1], step:[ 2052/ 7162], loss: 3.306, per_step_time: 637ms, lr: 4.9696122e-05, overflow cond: False, loss_scale: 32768.0
  [pass1] 2026-06-06 16:49:39,435 - mindformers[mindformers/core/callback/callback.py:316] - INFO - { Epoch:[  1/  1], step:[ 2064/ 7162], loss: 3.684, per_step_time: 637ms, lr: 4.958217e-05, overflow cond: False, loss_scale: 32768.0
  [pass1] 2026-06-06 16:49:51,604 - mindformers[mindformers/core/callback/callback.py:316] - INFO - { Epoch:[  1/  1], step:[ 2080/ 7162], loss: 3.528, per_step_time: 636ms, lr: 4.9439725e-05, overflow cond: False, loss_scale: 16384.0
  [pass1] 2026-06-06 16:50:01,813 - mindformers[mindformers/core/callback/callback.py:316] - INFO - { Epoch:[  1/  1], step:[ 2096/ 7162], loss: 3.575, per_step_time: 637ms, lr: 4.9287788e-05, overflow cond: False, loss_scale: 16384.0
  [pass1] 2026-06-06 16:50:12,035 - mindformers[mindformers/core/callback/callback.py:316] - INFO - { Epoch:[  1/  1], step:[ 2112/ 7162], loss: 3.453, per_step_time: 636ms, lr: 4.913585e-05, overflow cond: False, loss_scale: 16384.0
  [pass1] 2026-06-06 16:50:22,250 - mindformers[mindformers/core/callback/callback.py:316] - INFO - { Epoch:[  1/  1], step:[ 2128/ 7162], loss: 3.660, per_step_time: 637ms, lr: 4.898391e-05, overflow cond: False, loss_scale: 16384.0
  [pass1] 2026-06-06 16:50:32,464 - mindformers[mindformers/core/callback/callback.py:316] - INFO - { Epoch:[  1/  1], step:[ 2144/ 7162], loss: 3.667, per_step_time: 636ms, lr: 4.8831975e-05, overflow cond: False, loss_scale: 16384.0
  [pass1] 2026-06-06 16:50:42,678 - mindformers[mindformers/core/callback/callback.py:316] - INFO - { Epoch:[  1/  1], step:[ 2160/ 7162], loss: 3.393, per_step_time: 637ms, lr: 4.8680038e-05, overflow cond: False, loss_scale: 16384.0
  [pass1] 2026-06-06 16:50:50,336 - mindformers[mindformers/core/callback/callback.py:316] - INFO - { Epoch:[  1/  1], step:[ 2172/ 7162], loss: 3.750, per_step_time: 636ms, lr: 4.8566086e-05, overflow cond: False, loss_scale: 16384.0
  [pass1] 2026-06-06 16:51:00,563 - mindformers[mindformers/core/callback/callback.py:316] - INFO - { Epoch:[  1/  1], step:[ 2188/ 7162], loss: 3.128, per_step_time: 638ms, lr: 4.8414146e-05, overflow cond: False, loss_scale: 16384.0
  [pass1] 2026-06-06 16:51:10,778 - mindformers[mindformers/core/callback/callback.py:316] - INFO - { Epoch:[  1/  1], step:[ 2204/ 7162], loss: 3.459, per_step_time: 636ms, lr: 4.826221e-05, overflow cond: False, loss_scale: 16384.0
  [pass1] 2026-06-06 16:51:20,989 - mindformers[mindformers/core/callback/callback.py:316] - INFO - { Epoch:[  1/  1], step:[ 2220/ 7162], loss: 3.420, per_step_time: 636ms, lr: 4.8110272e-05, overflow cond: False, loss_scale: 16384.0
  [pass1] 2026-06-06 16:51:31,202 - mindformers[mindformers/core/callback/callback.py:316] - INFO - { Epoch:[  1/  1], step:[ 2236/ 7162], loss: 3.427, per_step_time: 636ms, lr: 4.7958332e-05, overflow cond: False, loss_scale: 16384.0
  [pass1] 2026-06-06 16:51:41,412 - mindformers[mindformers/core/callback/callback.py:316] - INFO - { Epoch:[  1/  1], step:[ 2252/ 7162], loss: 3.282, per_step_time: 637ms, lr: 4.7806396e-05, overflow cond: False, loss_scale: 16384.0
  [pass1] 2026-06-06 16:51:51,617 - mindformers[mindformers/core/callback/callback.py:316] - INFO - { Epoch:[  1/  1], step:[ 2268/ 7162], loss: 3.693, per_step_time: 636ms, lr: 4.765446e-05, overflow cond: False, loss_scale: 16384.0
  [pass1] 2026-06-06 16:52:01,822 - mindformers[mindformers/core/callback/callback.py:316] - INFO - { Epoch:[  1/  1], step:[ 2284/ 7162], loss: 3.717, per_step_time: 637ms, lr: 4.750252e-05, overflow cond: False, loss_scale: 16384.0
  [pass1] 2026-06-06 16:52:12,036 - mindformers[mindformers/core/callback/callback.py:316] - INFO - { Epoch:[  1/  1], step:[ 2300/ 7162], loss: 3.598, per_step_time: 636ms, lr: 4.7350582e-05, overflow cond: False, loss_scale: 16384.0
  [pass1] 2026-06-06 16:52:22,246 - mindformers[mindformers/core/callback/callback.py:316] - INFO - { Epoch:[  1/  1], step:[ 2316/ 7162], loss: 3.422, per_step_time: 637ms, lr: 4.7198642e-05, overflow cond: False, loss_scale: 16384.0
  [pass1] 2026-06-06 16:52:32,460 - mindformers[mindformers/core/callback/callback.py:316] - INFO - { Epoch:[  1/  1], step:[ 2332/ 7162], loss: 3.514, per_step_time: 637ms, lr: 4.7046706e-05, overflow cond: False, loss_scale: 16384.0
  [pass1] 2026-06-06 16:52:42,680 - mindformers[mindformers/core/callback/callback.py:316] - INFO - { Epoch:[  1/  1], step:[ 2348/ 7162], loss: 3.469, per_step_time: 637ms, lr: 4.6894766e-05, overflow cond: False, loss_scale: 16384.0
  [pass1] 2026-06-06 16:52:52,889 - mindformers[mindformers/core/callback/callback.py:316] - INFO - { Epoch:[  1/  1], step:[ 2364/ 7162], loss: 3.736, per_step_time: 636ms, lr: 4.674283e-05, overflow cond: False, loss_scale: 16384.0
  [pass1] 2026-06-06 16:53:03,100 - mindformers[mindformers/core/callback/callback.py:316] - INFO - { Epoch:[  1/  1], step:[ 2380/ 7162], loss: 3.447, per_step_time: 636ms, lr: 4.659089e-05, overflow cond: False, loss_scale: 16384.0
  [pass1] 2026-06-06 16:53:13,309 - mindformers[mindformers/core/callback/callback.py:316] - INFO - { Epoch:[  1/  1], step:[ 2396/ 7162], loss: 3.572, per_step_time: 636ms, lr: 4.6438952e-05, overflow cond: False, loss_scale: 16384.0
  [pass1] 2026-06-06 16:53:23,514 - mindformers[mindformers/core/callback/callback.py:316] - INFO - { Epoch:[  1/  1], step:[ 2412/ 7162], loss: 3.434, per_step_time: 636ms, lr: 4.6287012e-05, overflow cond: False, loss_scale: 16384.0
  [pass1] 2026-06-06 16:53:33,724 - mindformers[mindformers/core/callback/callback.py:316] - INFO - { Epoch:[  1/  1], step:[ 2428/ 7162], loss: 3.373, per_step_time: 636ms, lr: 4.6135076e-05, overflow cond: False, loss_scale: 16384.0
  [pass1] 2026-06-06 16:53:43,950 - mindformers[mindformers/core/callback/callback.py:316] - INFO - { Epoch:[  1/  1], step:[ 2444/ 7162], loss: 3.741, per_step_time: 637ms, lr: 4.5983135e-05, overflow cond: False, loss_scale: 16384.0
  [pass1] 2026-06-06 16:53:54,181 - mindformers[mindformers/core/callback/callback.py:316] - INFO - { Epoch:[  1/  1], step:[ 2460/ 7162], loss: 3.562, per_step_time: 639ms, lr: 4.58312e-05, overflow cond: False, loss_scale: 16384.0
  [pass1] 2026-06-06 16:54:01,849 - mindformers[mindformers/core/callback/callback.py:316] - INFO - { Epoch:[  1/  1], step:[ 2472/ 7162], loss: 3.913, per_step_time: 637ms, lr: 4.5717246e-05, overflow cond: False, loss_scale: 16384.0
  [pass1] 2026-06-06 16:54:12,061 - mindformers[mindformers/core/callback/callback.py:316] - INFO - { Epoch:[  1/  1], step:[ 2488/ 7162], loss: 3.505, per_step_time: 637ms, lr: 4.556531e-05, overflow cond: False, loss_scale: 16384.0
  [pass1] 2026-06-06 16:54:19,729 - mindformers[mindformers/core/callback/callback.py:316] - INFO - { Epoch:[  1/  1], step:[ 2500/ 7162], loss: 3.555, per_step_time: 638ms, lr: 4.5451354e-05, overflow cond: False, loss_scale: 16384.0
  [pass1] 2026-06-06 16:55:53,154 - mindformers[mindformers/core/callback/callback.py:316] - INFO - { Epoch:[  1/  1], step:[ 2504/ 7162], loss: 3.281, per_step_time: 3402ms, lr: 4.541337e-05, overflow cond: False, loss_scale: 16384.0
  [pass1] 2026-06-06 16:56:03,366 - mindformers[mindformers/core/callback/callback.py:316] - INFO - { Epoch:[  1/  1], step:[ 2520/ 7162], loss: 3.723, per_step_time: 636ms, lr: 4.5261433e-05, overflow cond: False, loss_scale: 16384.0
  [pass1] 2026-06-06 16:56:13,587 - mindformers[mindformers/core/callback/callback.py:316] - INFO - { Epoch:[  1/  1], step:[ 2536/ 7162], loss: 3.564, per_step_time: 637ms, lr: 4.5109497e-05, overflow cond: False, loss_scale: 16384.0
  [pass1] 2026-06-06 16:56:23,801 - mindformers[mindformers/core/callback/callback.py:316] - INFO - { Epoch:[  1/  1], step:[ 2552/ 7162], loss: 3.823, per_step_time: 637ms, lr: 4.4957556e-05, overflow cond: False, loss_scale: 16384.0
  [pass1] 2026-06-06 16:56:34,318 - mindformers[mindformers/core/callback/callback.py:316] - INFO - { Epoch:[  1/  1], step:[ 2568/ 7162], loss: 3.335, per_step_time: 636ms, lr: 4.480562e-05, overflow cond: False, loss_scale: 16384.0
  [pass1] 2026-06-06 16:56:44,527 - mindformers[mindformers/core/callback/callback.py:316] - INFO - { Epoch:[  1/  1], step:[ 2584/ 7162], loss: 3.485, per_step_time: 636ms, lr: 4.4653683e-05, overflow cond: False, loss_scale: 16384.0
  [pass1] 2026-06-06 16:56:54,732 - mindformers[mindformers/core/callback/callback.py:316] - INFO - { Epoch:[  1/  1], step:[ 2600/ 7162], loss: 3.705, per_step_time: 636ms, lr: 4.4501743e-05, overflow cond: False, loss_scale: 16384.0
  [pass1] 2026-06-06 16:57:04,939 - mindformers[mindformers/core/callback/callback.py:316] - INFO - { Epoch:[  1/  1], step:[ 2616/ 7162], loss: 3.592, per_step_time: 636ms, lr: 4.4349807e-05, overflow cond: False, loss_scale: 16384.0
  [pass1] 2026-06-06 16:57:15,140 - mindformers[mindformers/core/callback/callback.py:316] - INFO - { Epoch:[  1/  1], step:[ 2632/ 7162], loss: 3.540, per_step_time: 636ms, lr: 4.419787e-05, overflow cond: False, loss_scale: 16384.0
  [pass1] 2026-06-06 16:57:25,349 - mindformers[mindformers/core/callback/callback.py:316] - INFO - { Epoch:[  1/  1], step:[ 2648/ 7162], loss: 3.325, per_step_time: 637ms, lr: 4.404593e-05, overflow cond: False, loss_scale: 16384.0
  [pass1] 2026-06-06 16:57:35,567 - mindformers[mindformers/core/callback/callback.py:316] - INFO - { Epoch:[  1/  1], step:[ 2664/ 7162], loss: 3.488, per_step_time: 637ms, lr: 4.3893993e-05, overflow cond: False, loss_scale: 16384.0
  [pass1] 2026-06-06 16:57:45,777 - mindformers[mindformers/core/callback/callback.py:316] - INFO - { Epoch:[  1/  1], step:[ 2680/ 7162], loss: 3.319, per_step_time: 636ms, lr: 4.3742053e-05, overflow cond: False, loss_scale: 16384.0
  [pass1] 2026-06-06 16:57:55,989 - mindformers[mindformers/core/callback/callback.py:316] - INFO - { Epoch:[  1/  1], step:[ 2696/ 7162], loss: 3.080, per_step_time: 637ms, lr: 4.3590117e-05, overflow cond: False, loss_scale: 16384.0
  [pass1] 2026-06-06 16:58:03,647 - mindformers[mindformers/core/callback/callback.py:316] - INFO - { Epoch:[  1/  1], step:[ 2708/ 7162], loss: 3.463, per_step_time: 636ms, lr: 4.347616e-05, overflow cond: False, loss_scale: 16384.0
  [pass1] 2026-06-06 16:58:13,854 - mindformers[mindformers/core/callback/callback.py:316] - INFO - { Epoch:[  1/  1], step:[ 2724/ 7162], loss: 3.448, per_step_time: 636ms, lr: 4.3324224e-05, overflow cond: False, loss_scale: 16384.0
  [pass1] 2026-06-06 16:58:24,068 - mindformers[mindformers/core/callback/callback.py:316] - INFO - { Epoch:[  1/  1], step:[ 2740/ 7162], loss: 3.493, per_step_time: 637ms, lr: 4.3172284e-05, overflow cond: False, loss_scale: 16384.0
  [pass1] 2026-06-06 16:58:34,288 - mindformers[mindformers/core/callback/callback.py:316] - INFO - { Epoch:[  1/  1], step:[ 2756/ 7162], loss: 3.774, per_step_time: 637ms, lr: 4.3020347e-05, overflow cond: False, loss_scale: 16384.0
  [pass1] 2026-06-06 16:58:44,500 - mindformers[mindformers/core/callback/callback.py:316] - INFO - { Epoch:[  1/  1], step:[ 2772/ 7162], loss: 3.397, per_step_time: 636ms, lr: 4.286841e-05, overflow cond: False, loss_scale: 16384.0
  [pass1] 2026-06-06 16:58:54,715 - mindformers[mindformers/core/callback/callback.py:316] - INFO - { Epoch:[  1/  1], step:[ 2788/ 7162], loss: 3.433, per_step_time: 637ms, lr: 4.2716474e-05, overflow cond: False, loss_scale: 16384.0
  [pass1] 2026-06-06 16:59:04,933 - mindformers[mindformers/core/callback/callback.py:316] - INFO - { Epoch:[  1/  1], step:[ 2804/ 7162], loss: 3.280, per_step_time: 636ms, lr: 4.2564534e-05, overflow cond: False, loss_scale: 16384.0
  [pass1] 2026-06-06 16:59:15,145 - mindformers[mindformers/core/callback/callback.py:316] - INFO - { Epoch:[  1/  1], step:[ 2820/ 7162], loss: 3.508, per_step_time: 636ms, lr: 4.2412597e-05, overflow cond: False, loss_scale: 16384.0
  [pass1] 2026-06-06 16:59:25,357 - mindformers[mindformers/core/callback/callback.py:316] - INFO - { Epoch:[  1/  1], step:[ 2836/ 7162], loss: 3.694, per_step_time: 638ms, lr: 4.2260657e-05, overflow cond: False, loss_scale: 16384.0
  [pass1] 2026-06-06 16:59:35,579 - mindformers[mindformers/core/callback/callback.py:316] - INFO - { Epoch:[  1/  1], step:[ 2852/ 7162], loss: 3.689, per_step_time: 638ms, lr: 4.210872e-05, overflow cond: False, loss_scale: 16384.0
  [pass1] 2026-06-06 16:59:45,785 - mindformers[mindformers/core/callback/callback.py:316] - INFO - { Epoch:[  1/  1], step:[ 2868/ 7162], loss: 3.482, per_step_time: 637ms, lr: 4.1956784e-05, overflow cond: False, loss_scale: 16384.0
  [pass1] 2026-06-06 16:59:55,994 - mindformers[mindformers/core/callback/callback.py:316] - INFO - { Epoch:[  1/  1], step:[ 2884/ 7162], loss: 3.368, per_step_time: 636ms, lr: 4.1804844e-05, overflow cond: False, loss_scale: 16384.0
  [pass1] 2026-06-06 17:00:06,200 - mindformers[mindformers/core/callback/callback.py:316] - INFO - { Epoch:[  1/  1], step:[ 2900/ 7162], loss: 3.117, per_step_time: 636ms, lr: 4.1652907e-05, overflow cond: False, loss_scale: 16384.0
  [pass1] 2026-06-06 17:00:16,420 - mindformers[mindformers/core/callback/callback.py:316] - INFO - { Epoch:[  1/  1], step:[ 2916/ 7162], loss: 3.339, per_step_time: 637ms, lr: 4.1500967e-05, overflow cond: False, loss_scale: 16384.0
  [pass1] 2026-06-06 17:00:26,641 - mindformers[mindformers/core/callback/callback.py:316] - INFO - { Epoch:[  1/  1], step:[ 2932/ 7162], loss: 3.477, per_step_time: 637ms, lr: 4.134903e-05, overflow cond: False, loss_scale: 16384.0
  [pass1] 2026-06-06 17:00:36,867 - mindformers[mindformers/core/callback/callback.py:316] - INFO - { Epoch:[  1/  1], step:[ 2948/ 7162], loss: 3.641, per_step_time: 637ms, lr: 4.1197094e-05, overflow cond: False, loss_scale: 16384.0
  [pass1] 2026-06-06 17:00:47,090 - mindformers[mindformers/core/callback/callback.py:316] - INFO - { Epoch:[  1/  1], step:[ 2964/ 7162], loss: 3.769, per_step_time: 638ms, lr: 4.1045154e-05, overflow cond: False, loss_scale: 16384.0
  [pass1] 2026-06-06 17:00:57,303 - mindformers[mindformers/core/callback/callback.py:316] - INFO - { Epoch:[  1/  1], step:[ 2980/ 7162], loss: 3.545, per_step_time: 637ms, lr: 4.0893217e-05, overflow cond: False, loss_scale: 16384.0
  [pass1] 2026-06-06 17:01:04,966 - mindformers[mindformers/core/callback/callback.py:316] - INFO - { Epoch:[  1/  1], step:[ 2992/ 7162], loss: 3.374, per_step_time: 637ms, lr: 4.077926e-05, overflow cond: False, loss_scale: 16384.0
  [pass1] 2026-06-06 17:01:10,069 - mindformers[mindformers/core/callback/callback.py:316] - INFO - { Epoch:[  1/  1], step:[ 3000/ 7162], loss: 3.777, per_step_time: 636ms, lr: 4.0703293e-05, overflow cond: False, loss_scale: 16384.0
  [pass1] 2026-06-06 17:02:47,539 - mindformers[mindformers/core/callback/callback.py:316] - INFO - { Epoch:[  1/  1], step:[ 3004/ 7162], loss: 3.416, per_step_time: 5457ms, lr: 4.066531e-05, overflow cond: False, loss_scale: 16384.0
  [pass1] 2026-06-06 17:02:57,738 - mindformers[mindformers/core/callback/callback.py:316] - INFO - { Epoch:[  1/  1], step:[ 3020/ 7162], loss: 3.742, per_step_time: 636ms, lr: 4.0513372e-05, overflow cond: False, loss_scale: 16384.0
  [pass1] 2026-06-06 17:03:07,942 - mindformers[mindformers/core/callback/callback.py:316] - INFO - { Epoch:[  1/  1], step:[ 3036/ 7162], loss: 3.364, per_step_time: 636ms, lr: 4.0361432e-05, overflow cond: False, loss_scale: 16384.0
  [pass1] 2026-06-06 17:03:18,151 - mindformers[mindformers/core/callback/callback.py:316] - INFO - { Epoch:[  1/  1], step:[ 3052/ 7162], loss: 3.386, per_step_time: 637ms, lr: 4.0209496e-05, overflow cond: False, loss_scale: 16384.0
  [pass1] 2026-06-06 17:03:28,360 - mindformers[mindformers/core/callback/callback.py:316] - INFO - { Epoch:[  1/  1], step:[ 3068/ 7162], loss: 3.511, per_step_time: 637ms, lr: 4.005756e-05, overflow cond: False, loss_scale: 32768.0
  [pass1] 2026-06-06 17:03:36,712 - mindformers[mindformers/core/callback/callback.py:316] - INFO - { Epoch:[  1/  1], step:[ 3080/ 7162], loss: 3.333, per_step_time: 637ms, lr: 3.9943603e-05, overflow cond: False, loss_scale: 32768.0
  [pass1] 2026-06-06 17:03:46,845 - mindformers[mindformers/core/callback/callback.py:316] - INFO - { Epoch:[  1/  1], step:[ 3096/ 7162], loss: 3.281, per_step_time: 618ms, lr: 3.9791666e-05, overflow cond: True, loss_scale: 16384.0
  [pass1] 2026-06-06 17:03:57,053 - mindformers[mindformers/core/callback/callback.py:316] - INFO - { Epoch:[  1/  1], step:[ 3112/ 7162], loss: 3.598, per_step_time: 637ms, lr: 3.9649225e-05, overflow cond: False, loss_scale: 16384.0
  [pass1] 2026-06-06 17:04:07,588 - mindformers[mindformers/core/callback/callback.py:316] - INFO - { Epoch:[  1/  1], step:[ 3128/ 7162], loss: 3.371, per_step_time: 636ms, lr: 3.9497285e-05, overflow cond: False, loss_scale: 16384.0
  [pass1] 2026-06-06 17:04:18,149 - mindformers[mindformers/core/callback/callback.py:316] - INFO - { Epoch:[  1/  1], step:[ 3144/ 7162], loss: 3.789, per_step_time: 636ms, lr: 3.934535e-05, overflow cond: False, loss_scale: 16384.0
  [pass1] 2026-06-06 17:04:28,355 - mindformers[mindformers/core/callback/callback.py:316] - INFO - { Epoch:[  1/  1], step:[ 3160/ 7162], loss: 3.307, per_step_time: 636ms, lr: 3.9193408e-05, overflow cond: False, loss_scale: 16384.0
  [pass1] 2026-06-06 17:04:38,564 - mindformers[mindformers/core/callback/callback.py:316] - INFO - { Epoch:[  1/  1], step:[ 3176/ 7162], loss: 3.452, per_step_time: 637ms, lr: 3.904147e-05, overflow cond: False, loss_scale: 16384.0
  [pass1] 2026-06-06 17:04:48,774 - mindformers[mindformers/core/callback/callback.py:316] - INFO - { Epoch:[  1/  1], step:[ 3192/ 7162], loss: 3.523, per_step_time: 637ms, lr: 3.8889535e-05, overflow cond: False, loss_scale: 16384.0
  [pass1] 2026-06-06 17:04:58,989 - mindformers[mindformers/core/callback/callback.py:316] - INFO - { Epoch:[  1/  1], step:[ 3208/ 7162], loss: 3.298, per_step_time: 637ms, lr: 3.87376e-05, overflow cond: False, loss_scale: 16384.0
  [pass1] 2026-06-06 17:05:09,199 - mindformers[mindformers/core/callback/callback.py:316] - INFO - { Epoch:[  1/  1], step:[ 3224/ 7162], loss: 3.514, per_step_time: 636ms, lr: 3.858566e-05, overflow cond: False, loss_scale: 16384.0
  [pass1] 2026-06-06 17:05:19,405 - mindformers[mindformers/core/callback/callback.py:316] - INFO - { Epoch:[  1/  1], step:[ 3240/ 7162], loss: 3.364, per_step_time: 636ms, lr: 3.843372e-05, overflow cond: False, loss_scale: 16384.0
  [pass1] 2026-06-06 17:05:29,617 - mindformers[mindformers/core/callback/callback.py:316] - INFO - { Epoch:[  1/  1], step:[ 3256/ 7162], loss: 3.688, per_step_time: 637ms, lr: 3.828178e-05, overflow cond: False, loss_scale: 16384.0
  [pass1] 2026-06-06 17:05:39,826 - mindformers[mindformers/core/callback/callback.py:316] - INFO - { Epoch:[  1/  1], step:[ 3272/ 7162], loss: 3.562, per_step_time: 637ms, lr: 3.8129845e-05, overflow cond: False, loss_scale: 16384.0
  [pass1] 2026-06-06 17:05:50,031 - mindformers[mindformers/core/callback/callback.py:316] - INFO - { Epoch:[  1/  1], step:[ 3288/ 7162], loss: 3.468, per_step_time: 636ms, lr: 3.797791e-05, overflow cond: False, loss_scale: 16384.0
  [pass1] 2026-06-06 17:05:57,684 - mindformers[mindformers/core/callback/callback.py:316] - INFO - { Epoch:[  1/  1], step:[ 3300/ 7162], loss: 3.567, per_step_time: 636ms, lr: 3.7863952e-05, overflow cond: False, loss_scale: 16384.0
  [pass1] 2026-06-06 17:06:07,901 - mindformers[mindformers/core/callback/callback.py:316] - INFO - { Epoch:[  1/  1], step:[ 3316/ 7162], loss: 3.772, per_step_time: 637ms, lr: 3.7712012e-05, overflow cond: False, loss_scale: 16384.0
  [pass1] 2026-06-06 17:06:18,121 - mindformers[mindformers/core/callback/callback.py:316] - INFO - { Epoch:[  1/  1], step:[ 3332/ 7162], loss: 3.632, per_step_time: 637ms, lr: 3.7560076e-05, overflow cond: False, loss_scale: 16384.0
  [pass1] 2026-06-06 17:06:28,327 - mindformers[mindformers/core/callback/callback.py:316] - INFO - { Epoch:[  1/  1], step:[ 3348/ 7162], loss: 3.551, per_step_time: 636ms, lr: 3.740814e-05, overflow cond: False, loss_scale: 16384.0
  [pass1] 2026-06-06 17:06:38,533 - mindformers[mindformers/core/callback/callback.py:316] - INFO - { Epoch:[  1/  1], step:[ 3364/ 7162], loss: 3.482, per_step_time: 638ms, lr: 3.7256203e-05, overflow cond: False, loss_scale: 16384.0
  [pass1] 2026-06-06 17:06:48,738 - mindformers[mindformers/core/callback/callback.py:316] - INFO - { Epoch:[  1/  1], step:[ 3380/ 7162], loss: 3.606, per_step_time: 636ms, lr: 3.7104262e-05, overflow cond: False, loss_scale: 16384.0
  [pass1] 2026-06-06 17:06:58,945 - mindformers[mindformers/core/callback/callback.py:316] - INFO - { Epoch:[  1/  1], step:[ 3396/ 7162], loss: 3.285, per_step_time: 637ms, lr: 3.6952322e-05, overflow cond: False, loss_scale: 16384.0
  [pass1] 2026-06-06 17:07:09,155 - mindformers[mindformers/core/callback/callback.py:316] - INFO - { Epoch:[  1/  1], step:[ 3412/ 7162], loss: 3.250, per_step_time: 636ms, lr: 3.6800386e-05, overflow cond: False, loss_scale: 16384.0
  [pass1] 2026-06-06 17:07:19,362 - mindformers[mindformers/core/callback/callback.py:316] - INFO - { Epoch:[  1/  1], step:[ 3428/ 7162], loss: 3.423, per_step_time: 636ms, lr: 3.664845e-05, overflow cond: False, loss_scale: 16384.0
  [pass1] 2026-06-06 17:07:29,573 - mindformers[mindformers/core/callback/callback.py:316] - INFO - { Epoch:[  1/  1], step:[ 3444/ 7162], loss: 3.464, per_step_time: 637ms, lr: 3.6496513e-05, overflow cond: False, loss_scale: 16384.0
  [pass1] 2026-06-06 17:07:39,784 - mindformers[mindformers/core/callback/callback.py:316] - INFO - { Epoch:[  1/  1], step:[ 3460/ 7162], loss: 3.217, per_step_time: 636ms, lr: 3.6344572e-05, overflow cond: False, loss_scale: 16384.0
  [pass1] 2026-06-06 17:07:49,996 - mindformers[mindformers/core/callback/callback.py:316] - INFO - { Epoch:[  1/  1], step:[ 3476/ 7162], loss: 3.392, per_step_time: 637ms, lr: 3.6192632e-05, overflow cond: False, loss_scale: 16384.0
  [pass1] 2026-06-06 17:08:00,216 - mindformers[mindformers/core/callback/callback.py:316] - INFO - { Epoch:[  1/  1], step:[ 3492/ 7162], loss: 3.600, per_step_time: 636ms, lr: 3.6040696e-05, overflow cond: False, loss_scale: 16384.0
  [pass1] 2026-06-06 17:08:05,317 - mindformers[mindformers/core/callback/callback.py:316] - INFO - { Epoch:[  1/  1], step:[ 3500/ 7162], loss: 3.268, per_step_time: 636ms, lr: 3.5964727e-05, overflow cond: False, loss_scale: 16384.0
  [pass1] 2026-06-06 17:09:39,622 - mindformers[mindformers/core/callback/callback.py:316] - INFO - { Epoch:[  1/  1], step:[ 3508/ 7162], loss: 3.554, per_step_time: 637ms, lr: 3.588876e-05, overflow cond: False, loss_scale: 16384.0
  [pass1] 2026-06-06 17:09:49,939 - mindformers[mindformers/core/callback/callback.py:316] - INFO - { Epoch:[  1/  1], step:[ 3524/ 7162], loss: 3.097, per_step_time: 637ms, lr: 3.5736823e-05, overflow cond: False, loss_scale: 16384.0
  [pass1] 2026-06-06 17:10:00,141 - mindformers[mindformers/core/callback/callback.py:316] - INFO - { Epoch:[  1/  1], step:[ 3540/ 7162], loss: 3.109, per_step_time: 636ms, lr: 3.5584882e-05, overflow cond: False, loss_scale: 16384.0
  [pass1] 2026-06-06 17:10:10,345 - mindformers[mindformers/core/callback/callback.py:316] - INFO - { Epoch:[  1/  1], step:[ 3556/ 7162], loss: 3.677, per_step_time: 636ms, lr: 3.5432946e-05, overflow cond: False, loss_scale: 16384.0
  [pass1] 2026-06-06 17:10:20,545 - mindformers[mindformers/core/callback/callback.py:316] - INFO - { Epoch:[  1/  1], step:[ 3572/ 7162], loss: 3.188, per_step_time: 636ms, lr: 3.5281006e-05, overflow cond: False, loss_scale: 16384.0
  [pass1] 2026-06-06 17:10:30,749 - mindformers[mindformers/core/callback/callback.py:316] - INFO - { Epoch:[  1/  1], step:[ 3588/ 7162], loss: 3.025, per_step_time: 636ms, lr: 3.512907e-05, overflow cond: False, loss_scale: 16384.0
  [pass1] 2026-06-06 17:10:40,953 - mindformers[mindformers/core/callback/callback.py:316] - INFO - { Epoch:[  1/  1], step:[ 3604/ 7162], loss: 3.644, per_step_time: 636ms, lr: 3.4977133e-05, overflow cond: False, loss_scale: 16384.0
  [pass1] 2026-06-06 17:10:51,164 - mindformers[mindformers/core/callback/callback.py:316] - INFO - { Epoch:[  1/  1], step:[ 3620/ 7162], loss: 3.475, per_step_time: 637ms, lr: 3.4825196e-05, overflow cond: False, loss_scale: 16384.0
  [pass1] 2026-06-06 17:11:01,380 - mindformers[mindformers/core/callback/callback.py:316] - INFO - { Epoch:[  1/  1], step:[ 3636/ 7162], loss: 3.192, per_step_time: 637ms, lr: 3.4673256e-05, overflow cond: False, loss_scale: 16384.0
  [pass1] 2026-06-06 17:11:11,589 - mindformers[mindformers/core/callback/callback.py:316] - INFO - { Epoch:[  1/  1], step:[ 3652/ 7162], loss: 3.255, per_step_time: 636ms, lr: 3.4521316e-05, overflow cond: False, loss_scale: 16384.0
  [pass1] 2026-06-06 17:11:21,791 - mindformers[mindformers/core/callback/callback.py:316] - INFO - { Epoch:[  1/  1], step:[ 3668/ 7162], loss: 3.135, per_step_time: 636ms, lr: 3.436938e-05, overflow cond: False, loss_scale: 16384.0
  [pass1] 2026-06-06 17:11:31,999 - mindformers[mindformers/core/callback/callback.py:316] - INFO - { Epoch:[  1/  1], step:[ 3684/ 7162], loss: 3.936, per_step_time: 636ms, lr: 3.4217443e-05, overflow cond: False, loss_scale: 16384.0
  [pass1] 2026-06-06 17:11:42,202 - mindformers[mindformers/core/callback/callback.py:316] - INFO - { Epoch:[  1/  1], step:[ 3700/ 7162], loss: 3.127, per_step_time: 636ms, lr: 3.4065506e-05, overflow cond: False, loss_scale: 16384.0
  [pass1] 2026-06-06 17:11:52,409 - mindformers[mindformers/core/callback/callback.py:316] - INFO - { Epoch:[  1/  1], step:[ 3716/ 7162], loss: 3.283, per_step_time: 637ms, lr: 3.3913566e-05, overflow cond: False, loss_scale: 16384.0
  [pass1] 2026-06-06 17:12:02,609 - mindformers[mindformers/core/callback/callback.py:316] - INFO - { Epoch:[  1/  1], step:[ 3732/ 7162], loss: 3.162, per_step_time: 636ms, lr: 3.3761626e-05, overflow cond: False, loss_scale: 16384.0
  [pass1] 2026-06-06 17:12:12,819 - mindformers[mindformers/core/callback/callback.py:316] - INFO - { Epoch:[  1/  1], step:[ 3748/ 7162], loss: 3.340, per_step_time: 637ms, lr: 3.360969e-05, overflow cond: False, loss_scale: 16384.0
  [pass1] 2026-06-06 17:12:23,027 - mindformers[mindformers/core/callback/callback.py:316] - INFO - { Epoch:[  1/  1], step:[ 3764/ 7162], loss: 3.066, per_step_time: 637ms, lr: 3.3457753e-05, overflow cond: False, loss_scale: 16384.0
  [pass1] 2026-06-06 17:12:33,227 - mindformers[mindformers/core/callback/callback.py:316] - INFO - { Epoch:[  1/  1], step:[ 3780/ 7162], loss: 3.397, per_step_time: 636ms, lr: 3.3305816e-05, overflow cond: False, loss_scale: 16384.0
  [pass1] 2026-06-06 17:12:40,881 - mindformers[mindformers/core/callback/callback.py:316] - INFO - { Epoch:[  1/  1], step:[ 3792/ 7162], loss: 3.484, per_step_time: 636ms, lr: 3.3191856e-05, overflow cond: False, loss_scale: 16384.0
  [pass1] 2026-06-06 17:12:51,086 - mindformers[mindformers/core/callback/callback.py:316] - INFO - { Epoch:[  1/  1], step:[ 3808/ 7162], loss: 3.388, per_step_time: 636ms, lr: 3.303992e-05, overflow cond: False, loss_scale: 16384.0
  [pass1] 2026-06-06 17:13:01,295 - mindformers[mindformers/core/callback/callback.py:316] - INFO - { Epoch:[  1/  1], step:[ 3824/ 7162], loss: 3.206, per_step_time: 637ms, lr: 3.2887983e-05, overflow cond: False, loss_scale: 16384.0
  [pass1] 2026-06-06 17:13:11,501 - mindformers[mindformers/core/callback/callback.py:316] - INFO - { Epoch:[  1/  1], step:[ 3840/ 7162], loss: 3.340, per_step_time: 636ms, lr: 3.2736047e-05, overflow cond: False, loss_scale: 16384.0
  [pass1] 2026-06-06 17:13:21,712 - mindformers[mindformers/core/callback/callback.py:316] - INFO - { Epoch:[  1/  1], step:[ 3856/ 7162], loss: 3.570, per_step_time: 636ms, lr: 3.2584107e-05, overflow cond: False, loss_scale: 16384.0
  [pass1] 2026-06-06 17:13:31,924 - mindformers[mindformers/core/callback/callback.py:316] - INFO - { Epoch:[  1/  1], step:[ 3872/ 7162], loss: 3.655, per_step_time: 637ms, lr: 3.243217e-05, overflow cond: False, loss_scale: 16384.0
  [pass1] 2026-06-06 17:13:42,144 - mindformers[mindformers/core/callback/callback.py:316] - INFO - { Epoch:[  1/  1], step:[ 3888/ 7162], loss: 3.689, per_step_time: 636ms, lr: 3.228023e-05, overflow cond: False, loss_scale: 16384.0
  [pass1] 2026-06-06 17:13:52,350 - mindformers[mindformers/core/callback/callback.py:316] - INFO - { Epoch:[  1/  1], step:[ 3904/ 7162], loss: 3.480, per_step_time: 636ms, lr: 3.2128293e-05, overflow cond: False, loss_scale: 16384.0
  [pass1] 2026-06-06 17:14:02,552 - mindformers[mindformers/core/callback/callback.py:316] - INFO - { Epoch:[  1/  1], step:[ 3920/ 7162], loss: 3.550, per_step_time: 637ms, lr: 3.1976357e-05, overflow cond: False, loss_scale: 16384.0
  [pass1] 2026-06-06 17:14:12,758 - mindformers[mindformers/core/callback/callback.py:316] - INFO - { Epoch:[  1/  1], step:[ 3936/ 7162], loss: 3.406, per_step_time: 636ms, lr: 3.182442e-05, overflow cond: False, loss_scale: 16384.0
  [pass1] 2026-06-06 17:14:22,970 - mindformers[mindformers/core/callback/callback.py:316] - INFO - { Epoch:[  1/  1], step:[ 3952/ 7162], loss: 3.358, per_step_time: 636ms, lr: 3.167248e-05, overflow cond: False, loss_scale: 16384.0
  [pass1] 2026-06-06 17:14:33,168 - mindformers[mindformers/core/callback/callback.py:316] - INFO - { Epoch:[  1/  1], step:[ 3968/ 7162], loss: 3.084, per_step_time: 636ms, lr: 3.152054e-05, overflow cond: False, loss_scale: 16384.0
  [pass1] 2026-06-06 17:14:43,372 - mindformers[mindformers/core/callback/callback.py:316] - INFO - { Epoch:[  1/  1], step:[ 3984/ 7162], loss: 3.291, per_step_time: 636ms, lr: 3.1368603e-05, overflow cond: False, loss_scale: 16384.0
  [pass1] 2026-06-06 17:14:53,575 - mindformers[mindformers/core/callback/callback.py:316] - INFO - { Epoch:[  1/  1], step:[ 4000/ 7162], loss: 3.582, per_step_time: 636ms, lr: 3.1216667e-05, overflow cond: False, loss_scale: 16384.0
  [pass1] 2026-06-06 17:16:34,027 - mindformers[mindformers/core/callback/callback.py:316] - INFO - { Epoch:[  1/  1], step:[ 4012/ 7162], loss: 3.390, per_step_time: 636ms, lr: 3.110271e-05, overflow cond: False, loss_scale: 16384.0
  [pass1] 2026-06-06 17:16:44,471 - mindformers[mindformers/core/callback/callback.py:316] - INFO - { Epoch:[  1/  1], step:[ 4028/ 7162], loss: 3.740, per_step_time: 636ms, lr: 3.095077e-05, overflow cond: False, loss_scale: 16384.0
  [pass1] 2026-06-06 17:16:54,676 - mindformers[mindformers/core/callback/callback.py:316] - INFO - { Epoch:[  1/  1], step:[ 4044/ 7162], loss: 3.427, per_step_time: 636ms, lr: 3.0798834e-05, overflow cond: False, loss_scale: 16384.0
  [pass1] 2026-06-06 17:17:04,880 - mindformers[mindformers/core/callback/callback.py:316] - INFO - { Epoch:[  1/  1], step:[ 4060/ 7162], loss: 3.165, per_step_time: 636ms, lr: 3.0646897e-05, overflow cond: False, loss_scale: 16384.0
  [pass1] 2026-06-06 17:17:15,081 - mindformers[mindformers/core/callback/callback.py:316] - INFO - { Epoch:[  1/  1], step:[ 4076/ 7162], loss: 3.460, per_step_time: 636ms, lr: 3.0494963e-05, overflow cond: False, loss_scale: 16384.0
  [pass1] 2026-06-06 17:17:25,289 - mindformers[mindformers/core/callback/callback.py:316] - INFO - { Epoch:[  1/  1], step:[ 4092/ 7162], loss: 3.518, per_step_time: 636ms, lr: 3.0343022e-05, overflow cond: False, loss_scale: 16384.0
  [pass1] 2026-06-06 17:17:35,490 - mindformers[mindformers/core/callback/callback.py:316] - INFO - { Epoch:[  1/  1], step:[ 4108/ 7162], loss: 3.458, per_step_time: 636ms, lr: 3.0191088e-05, overflow cond: False, loss_scale: 32768.0
  [pass1] 2026-06-06 17:17:43,145 - mindformers[mindformers/core/callback/callback.py:316] - INFO - { Epoch:[  1/  1], step:[ 4120/ 7162], loss: 3.500, per_step_time: 636ms, lr: 3.0077132e-05, overflow cond: False, loss_scale: 32768.0
  [pass1] 2026-06-06 17:17:53,351 - mindformers[mindformers/core/callback/callback.py:316] - INFO - { Epoch:[  1/  1], step:[ 4136/ 7162], loss: 3.477, per_step_time: 636ms, lr: 2.9925193e-05, overflow cond: False, loss_scale: 32768.0
  [pass1] 2026-06-06 17:18:03,848 - mindformers[mindformers/core/callback/callback.py:316] - INFO - { Epoch:[  1/  1], step:[ 4152/ 7162], loss: 3.423, per_step_time: 636ms, lr: 2.9773255e-05, overflow cond: False, loss_scale: 32768.0
  [pass1] 2026-06-06 17:18:14,062 - mindformers[mindformers/core/callback/callback.py:316] - INFO - { Epoch:[  1/  1], step:[ 4168/ 7162], loss: 3.541, per_step_time: 637ms, lr: 2.9621317e-05, overflow cond: False, loss_scale: 32768.0
  [pass1] 2026-06-06 17:18:24,277 - mindformers[mindformers/core/callback/callback.py:316] - INFO - { Epoch:[  1/  1], step:[ 4184/ 7162], loss: 3.128, per_step_time: 636ms, lr: 2.9469378e-05, overflow cond: False, loss_scale: 32768.0
  [pass1] 2026-06-06 17:18:34,483 - mindformers[mindformers/core/callback/callback.py:316] - INFO - { Epoch:[  1/  1], step:[ 4200/ 7162], loss: 3.589, per_step_time: 636ms, lr: 2.9317442e-05, overflow cond: False, loss_scale: 32768.0
  [pass1] 2026-06-06 17:18:44,687 - mindformers[mindformers/core/callback/callback.py:316] - INFO - { Epoch:[  1/  1], step:[ 4216/ 7162], loss: 3.661, per_step_time: 637ms, lr: 2.9165503e-05, overflow cond: False, loss_scale: 32768.0
  [pass1] 2026-06-06 17:18:54,894 - mindformers[mindformers/core/callback/callback.py:316] - INFO - { Epoch:[  1/  1], step:[ 4232/ 7162], loss: 3.351, per_step_time: 638ms, lr: 2.9013567e-05, overflow cond: False, loss_scale: 32768.0
  [pass1] 2026-06-06 17:19:05,105 - mindformers[mindformers/core/callback/callback.py:316] - INFO - { Epoch:[  1/  1], step:[ 4248/ 7162], loss: 2.958, per_step_time: 637ms, lr: 2.8861627e-05, overflow cond: False, loss_scale: 32768.0
  [pass1] 2026-06-06 17:19:15,316 - mindformers[mindformers/core/callback/callback.py:316] - INFO - { Epoch:[  1/  1], step:[ 4264/ 7162], loss: 3.124, per_step_time: 636ms, lr: 2.8709688e-05, overflow cond: False, loss_scale: 32768.0
  [pass1] 2026-06-06 17:19:25,521 - mindformers[mindformers/core/callback/callback.py:316] - INFO - { Epoch:[  1/  1], step:[ 4280/ 7162], loss: 3.366, per_step_time: 637ms, lr: 2.8557753e-05, overflow cond: False, loss_scale: 32768.0
  [pass1] 2026-06-06 17:19:35,730 - mindformers[mindformers/core/callback/callback.py:316] - INFO - { Epoch:[  1/  1], step:[ 4296/ 7162], loss: 3.473, per_step_time: 638ms, lr: 2.8405815e-05, overflow cond: False, loss_scale: 32768.0
  [pass1] 2026-06-06 17:19:45,953 - mindformers[mindformers/core/callback/callback.py:316] - INFO - { Epoch:[  1/  1], step:[ 4312/ 7162], loss: 3.295, per_step_time: 638ms, lr: 2.8253877e-05, overflow cond: False, loss_scale: 32768.0
  [pass1] 2026-06-06 17:19:56,161 - mindformers[mindformers/core/callback/callback.py:316] - INFO - { Epoch:[  1/  1], step:[ 4328/ 7162], loss: 3.513, per_step_time: 637ms, lr: 2.8101935e-05, overflow cond: False, loss_scale: 32768.0
  [pass1] 2026-06-06 17:20:06,366 - mindformers[mindformers/core/callback/callback.py:316] - INFO - { Epoch:[  1/  1], step:[ 4344/ 7162], loss: 3.349, per_step_time: 636ms, lr: 2.795e-05, overflow cond: False, loss_scale: 32768.0
  [pass1] 2026-06-06 17:20:16,583 - mindformers[mindformers/core/callback/callback.py:316] - INFO - { Epoch:[  1/  1], step:[ 4360/ 7162], loss: 3.494, per_step_time: 637ms, lr: 2.7798058e-05, overflow cond: False, loss_scale: 32768.0
  [pass1] 2026-06-06 17:20:26,804 - mindformers[mindformers/core/callback/callback.py:316] - INFO - { Epoch:[  1/  1], step:[ 4376/ 7162], loss: 3.554, per_step_time: 637ms, lr: 2.7646127e-05, overflow cond: False, loss_scale: 32768.0
  [pass1] 2026-06-06 17:20:37,013 - mindformers[mindformers/core/callback/callback.py:316] - INFO - { Epoch:[  1/  1], step:[ 4392/ 7162], loss: 3.406, per_step_time: 636ms, lr: 2.7494185e-05, overflow cond: False, loss_scale: 32768.0
  [pass1] 2026-06-06 17:20:44,677 - mindformers[mindformers/core/callback/callback.py:316] - INFO - { Epoch:[  1/  1], step:[ 4404/ 7162], loss: 2.845, per_step_time: 638ms, lr: 2.7380232e-05, overflow cond: False, loss_scale: 32768.0
  [pass1] 2026-06-06 17:20:54,887 - mindformers[mindformers/core/callback/callback.py:316] - INFO - { Epoch:[  1/  1], step:[ 4420/ 7162], loss: 3.134, per_step_time: 636ms, lr: 2.7228292e-05, overflow cond: False, loss_scale: 32768.0
  [pass1] 2026-06-06 17:21:05,104 - mindformers[mindformers/core/callback/callback.py:316] - INFO - { Epoch:[  1/  1], step:[ 4436/ 7162], loss: 2.812, per_step_time: 637ms, lr: 2.7076358e-05, overflow cond: False, loss_scale: 32768.0
  [pass1] 2026-06-06 17:21:15,313 - mindformers[mindformers/core/callback/callback.py:316] - INFO - { Epoch:[  1/  1], step:[ 4452/ 7162], loss: 3.160, per_step_time: 636ms, lr: 2.692442e-05, overflow cond: False, loss_scale: 32768.0
  [pass1] 2026-06-06 17:21:25,531 - mindformers[mindformers/core/callback/callback.py:316] - INFO - { Epoch:[  1/  1], step:[ 4468/ 7162], loss: 3.629, per_step_time: 637ms, lr: 2.6772483e-05, overflow cond: False, loss_scale: 32768.0
  [pass1] 2026-06-06 17:21:35,758 - mindformers[mindformers/core/callback/callback.py:316] - INFO - { Epoch:[  1/  1], step:[ 4484/ 7162], loss: 3.251, per_step_time: 637ms, lr: 2.6620542e-05, overflow cond: False, loss_scale: 32768.0
  [pass1] 2026-06-06 17:21:45,973 - mindformers[mindformers/core/callback/callback.py:316] - INFO - { Epoch:[  1/  1], step:[ 4500/ 7162], loss: 3.134, per_step_time: 637ms, lr: 2.64686e-05, overflow cond: False, loss_scale: 32768.0
  [pass1] 2026-06-06 17:23:15,844 - mindformers[mindformers/core/callback/callback.py:316] - INFO - { Epoch:[  1/  1], step:[ 4504/ 7162], loss: 3.281, per_step_time: 4821ms, lr: 2.6430622e-05, overflow cond: False, loss_scale: 32768.0
  [pass1] 2026-06-06 17:23:26,737 - mindformers[mindformers/core/callback/callback.py:316] - INFO - { Epoch:[  1/  1], step:[ 4520/ 7162], loss: 3.076, per_step_time: 636ms, lr: 2.627868e-05, overflow cond: False, loss_scale: 32768.0
  [pass1] 2026-06-06 17:23:36,957 - mindformers[mindformers/core/callback/callback.py:316] - INFO - { Epoch:[  1/  1], step:[ 4536/ 7162], loss: 3.403, per_step_time: 636ms, lr: 2.6126745e-05, overflow cond: False, loss_scale: 32768.0
  [pass1] 2026-06-06 17:23:47,166 - mindformers[mindformers/core/callback/callback.py:316] - INFO - { Epoch:[  1/  1], step:[ 4552/ 7162], loss: 3.126, per_step_time: 636ms, lr: 2.597481e-05, overflow cond: False, loss_scale: 32768.0
  [pass1] 2026-06-06 17:23:57,375 - mindformers[mindformers/core/callback/callback.py:316] - INFO - { Epoch:[  1/  1], step:[ 4568/ 7162], loss: 3.315, per_step_time: 636ms, lr: 2.5822868e-05, overflow cond: False, loss_scale: 32768.0
  [pass1] 2026-06-06 17:24:07,590 - mindformers[mindformers/core/callback/callback.py:316] - INFO - { Epoch:[  1/  1], step:[ 4584/ 7162], loss: 2.937, per_step_time: 636ms, lr: 2.567093e-05, overflow cond: False, loss_scale: 32768.0
  [pass1] 2026-06-06 17:24:17,797 - mindformers[mindformers/core/callback/callback.py:316] - INFO - { Epoch:[  1/  1], step:[ 4600/ 7162], loss: 3.482, per_step_time: 636ms, lr: 2.5518992e-05, overflow cond: False, loss_scale: 32768.0
  [pass1] 2026-06-06 17:24:28,005 - mindformers[mindformers/core/callback/callback.py:316] - INFO - { Epoch:[  1/  1], step:[ 4616/ 7162], loss: 3.550, per_step_time: 636ms, lr: 2.5367053e-05, overflow cond: False, loss_scale: 32768.0
  [pass1] 2026-06-06 17:24:38,147 - mindformers[mindformers/core/callback/callback.py:316] - INFO - { Epoch:[  1/  1], step:[ 4632/ 7162], loss: 3.489, per_step_time: 637ms, lr: 2.522461e-05, overflow cond: False, loss_scale: 16384.0
  [pass1] 2026-06-06 17:24:48,397 - mindformers[mindformers/core/callback/callback.py:316] - INFO - { Epoch:[  1/  1], step:[ 4648/ 7162], loss: 3.305, per_step_time: 637ms, lr: 2.5072672e-05, overflow cond: False, loss_scale: 16384.0
  [pass1] 2026-06-06 17:24:58,614 - mindformers[mindformers/core/callback/callback.py:316] - INFO - { Epoch:[  1/  1], step:[ 4664/ 7162], loss: 3.338, per_step_time: 636ms, lr: 2.4920737e-05, overflow cond: False, loss_scale: 16384.0
  [pass1] 2026-06-06 17:25:08,813 - mindformers[mindformers/core/callback/callback.py:316] - INFO - { Epoch:[  1/  1], step:[ 4680/ 7162], loss: 3.322, per_step_time: 636ms, lr: 2.4768797e-05, overflow cond: False, loss_scale: 16384.0
  [pass1] 2026-06-06 17:25:19,024 - mindformers[mindformers/core/callback/callback.py:316] - INFO - { Epoch:[  1/  1], step:[ 4696/ 7162], loss: 3.191, per_step_time: 637ms, lr: 2.461686e-05, overflow cond: False, loss_scale: 16384.0
  [pass1] 2026-06-06 17:25:29,234 - mindformers[mindformers/core/callback/callback.py:316] - INFO - { Epoch:[  1/  1], step:[ 4712/ 7162], loss: 3.346, per_step_time: 636ms, lr: 2.4464924e-05, overflow cond: False, loss_scale: 16384.0
  [pass1] 2026-06-06 17:25:39,438 - mindformers[mindformers/core/callback/callback.py:316] - INFO - { Epoch:[  1/  1], step:[ 4728/ 7162], loss: 3.336, per_step_time: 636ms, lr: 2.4312983e-05, overflow cond: False, loss_scale: 16384.0
  [pass1] 2026-06-06 17:25:47,094 - mindformers[mindformers/core/callback/callback.py:316] - INFO - { Epoch:[  1/  1], step:[ 4740/ 7162], loss: 3.344, per_step_time: 637ms, lr: 2.4199031e-05, overflow cond: False, loss_scale: 16384.0
  [pass1] 2026-06-06 17:25:57,301 - mindformers[mindformers/core/callback/callback.py:316] - INFO - { Epoch:[  1/  1], step:[ 4756/ 7162], loss: 3.027, per_step_time: 637ms, lr: 2.4047093e-05, overflow cond: False, loss_scale: 16384.0
  [pass1] 2026-06-06 17:26:07,506 - mindformers[mindformers/core/callback/callback.py:316] - INFO - { Epoch:[  1/  1], step:[ 4772/ 7162], loss: 3.415, per_step_time: 637ms, lr: 2.3895156e-05, overflow cond: False, loss_scale: 16384.0
  [pass1] 2026-06-06 17:26:17,712 - mindformers[mindformers/core/callback/callback.py:316] - INFO - { Epoch:[  1/  1], step:[ 4788/ 7162], loss: 3.473, per_step_time: 636ms, lr: 2.3743216e-05, overflow cond: False, loss_scale: 16384.0
  [pass1] 2026-06-06 17:26:27,923 - mindformers[mindformers/core/callback/callback.py:316] - INFO - { Epoch:[  1/  1], step:[ 4804/ 7162], loss: 3.281, per_step_time: 637ms, lr: 2.359128e-05, overflow cond: False, loss_scale: 16384.0
  [pass1] 2026-06-06 17:26:38,129 - mindformers[mindformers/core/callback/callback.py:316] - INFO - { Epoch:[  1/  1], step:[ 4820/ 7162], loss: 3.066, per_step_time: 636ms, lr: 2.3439343e-05, overflow cond: False, loss_scale: 16384.0
  [pass1] 2026-06-06 17:26:48,333 - mindformers[mindformers/core/callback/callback.py:316] - INFO - { Epoch:[  1/  1], step:[ 4836/ 7162], loss: 3.300, per_step_time: 636ms, lr: 2.3287403e-05, overflow cond: False, loss_scale: 16384.0
  [pass1] 2026-06-06 17:26:58,540 - mindformers[mindformers/core/callback/callback.py:316] - INFO - { Epoch:[  1/  1], step:[ 4852/ 7162], loss: 3.453, per_step_time: 636ms, lr: 2.3135466e-05, overflow cond: False, loss_scale: 16384.0
  [pass1] 2026-06-06 17:27:08,740 - mindformers[mindformers/core/callback/callback.py:316] - INFO - { Epoch:[  1/  1], step:[ 4868/ 7162], loss: 3.416, per_step_time: 636ms, lr: 2.2983526e-05, overflow cond: False, loss_scale: 16384.0
  [pass1] 2026-06-06 17:27:18,944 - mindformers[mindformers/core/callback/callback.py:316] - INFO - { Epoch:[  1/  1], step:[ 4884/ 7162], loss: 3.360, per_step_time: 636ms, lr: 2.283159e-05, overflow cond: False, loss_scale: 16384.0
  [pass1] 2026-06-06 17:27:29,150 - mindformers[mindformers/core/callback/callback.py:316] - INFO - { Epoch:[  1/  1], step:[ 4900/ 7162], loss: 3.195, per_step_time: 636ms, lr: 2.2679653e-05, overflow cond: False, loss_scale: 16384.0
  [pass1] 2026-06-06 17:27:39,354 - mindformers[mindformers/core/callback/callback.py:316] - INFO - { Epoch:[  1/  1], step:[ 4916/ 7162], loss: 3.315, per_step_time: 636ms, lr: 2.2527713e-05, overflow cond: False, loss_scale: 16384.0
  [pass1] 2026-06-06 17:27:49,558 - mindformers[mindformers/core/callback/callback.py:316] - INFO - { Epoch:[  1/  1], step:[ 4932/ 7162], loss: 3.420, per_step_time: 636ms, lr: 2.2375774e-05, overflow cond: False, loss_scale: 16384.0
  [pass1] 2026-06-06 17:27:59,764 - mindformers[mindformers/core/callback/callback.py:316] - INFO - { Epoch:[  1/  1], step:[ 4948/ 7162], loss: 3.190, per_step_time: 637ms, lr: 2.2223838e-05, overflow cond: False, loss_scale: 16384.0
  [pass1] 2026-06-06 17:28:09,975 - mindformers[mindformers/core/callback/callback.py:316] - INFO - { Epoch:[  1/  1], step:[ 4964/ 7162], loss: 3.517, per_step_time: 637ms, lr: 2.20719e-05, overflow cond: False, loss_scale: 16384.0
  [pass1] 2026-06-06 17:28:20,187 - mindformers[mindformers/core/callback/callback.py:316] - INFO - { Epoch:[  1/  1], step:[ 4980/ 7162], loss: 3.104, per_step_time: 638ms, lr: 2.1919961e-05, overflow cond: False, loss_scale: 16384.0
  [pass1] 2026-06-06 17:28:30,403 - mindformers[mindformers/core/callback/callback.py:316] - INFO - { Epoch:[  1/  1], step:[ 4996/ 7162], loss: 3.230, per_step_time: 636ms, lr: 2.176802e-05, overflow cond: False, loss_scale: 16384.0
  [pass1] 2026-06-06 17:28:32,957 - mindformers[mindformers/core/callback/callback.py:316] - INFO - { Epoch:[  1/  1], step:[ 5000/ 7162], loss: 3.212, per_step_time: 637ms, lr: 2.1730038e-05, overflow cond: False, loss_scale: 16384.0
  [pass1] 2026-06-06 17:30:09,435 - mindformers[mindformers/core/callback/callback.py:316] - INFO - { Epoch:[  1/  1], step:[ 5012/ 7162], loss: 3.142, per_step_time: 636ms, lr: 2.1616084e-05, overflow cond: False, loss_scale: 16384.0
  [pass1] 2026-06-06 17:30:19,632 - mindformers[mindformers/core/callback/callback.py:316] - INFO - { Epoch:[  1/  1], step:[ 5028/ 7162], loss: 3.351, per_step_time: 636ms, lr: 2.1464148e-05, overflow cond: False, loss_scale: 16384.0
  [pass1] 2026-06-06 17:30:29,834 - mindformers[mindformers/core/callback/callback.py:316] - INFO - { Epoch:[  1/  1], step:[ 5044/ 7162], loss: 3.359, per_step_time: 636ms, lr: 2.1312208e-05, overflow cond: False, loss_scale: 16384.0
  [pass1] 2026-06-06 17:30:40,035 - mindformers[mindformers/core/callback/callback.py:316] - INFO - { Epoch:[  1/  1], step:[ 5060/ 7162], loss: 3.371, per_step_time: 636ms, lr: 2.1160271e-05, overflow cond: False, loss_scale: 16384.0
  [pass1] 2026-06-06 17:30:50,238 - mindformers[mindformers/core/callback/callback.py:316] - INFO - { Epoch:[  1/  1], step:[ 5076/ 7162], loss: 3.338, per_step_time: 636ms, lr: 2.1008334e-05, overflow cond: False, loss_scale: 16384.0
  [pass1] 2026-06-06 17:31:00,446 - mindformers[mindformers/core/callback/callback.py:316] - INFO - { Epoch:[  1/  1], step:[ 5092/ 7162], loss: 3.111, per_step_time: 637ms, lr: 2.0856394e-05, overflow cond: False, loss_scale: 16384.0
  [pass1] 2026-06-06 17:31:10,659 - mindformers[mindformers/core/callback/callback.py:316] - INFO - { Epoch:[  1/  1], step:[ 5108/ 7162], loss: 3.040, per_step_time: 637ms, lr: 2.0704458e-05, overflow cond: False, loss_scale: 16384.0
  [pass1] 2026-06-06 17:31:20,867 - mindformers[mindformers/core/callback/callback.py:316] - INFO - { Epoch:[  1/  1], step:[ 5124/ 7162], loss: 3.050, per_step_time: 636ms, lr: 2.0552518e-05, overflow cond: False, loss_scale: 16384.0
  [pass1] 2026-06-06 17:31:31,076 - mindformers[mindformers/core/callback/callback.py:316] - INFO - { Epoch:[  1/  1], step:[ 5140/ 7162], loss: 3.020, per_step_time: 637ms, lr: 2.0400583e-05, overflow cond: False, loss_scale: 16384.0
  [pass1] 2026-06-06 17:31:41,550 - mindformers[mindformers/core/callback/callback.py:316] - INFO - { Epoch:[  1/  1], step:[ 5156/ 7162], loss: 3.404, per_step_time: 636ms, lr: 2.0248646e-05, overflow cond: False, loss_scale: 16384.0
  [pass1] 2026-06-06 17:31:51,749 - mindformers[mindformers/core/callback/callback.py:316] - INFO - { Epoch:[  1/  1], step:[ 5172/ 7162], loss: 3.364, per_step_time: 636ms, lr: 2.0096704e-05, overflow cond: False, loss_scale: 16384.0
  [pass1] 2026-06-06 17:32:01,952 - mindformers[mindformers/core/callback/callback.py:316] - INFO - { Epoch:[  1/  1], step:[ 5188/ 7162], loss: 3.476, per_step_time: 636ms, lr: 1.9944768e-05, overflow cond: False, loss_scale: 16384.0
  [pass1] 2026-06-06 17:32:12,161 - mindformers[mindformers/core/callback/callback.py:316] - INFO - { Epoch:[  1/  1], step:[ 5204/ 7162], loss: 3.473, per_step_time: 637ms, lr: 1.9792831e-05, overflow cond: False, loss_scale: 16384.0
  [pass1] 2026-06-06 17:32:22,367 - mindformers[mindformers/core/callback/callback.py:316] - INFO - { Epoch:[  1/  1], step:[ 5220/ 7162], loss: 3.003, per_step_time: 636ms, lr: 1.9640891e-05, overflow cond: False, loss_scale: 16384.0
  [pass1] 2026-06-06 17:32:32,570 - mindformers[mindformers/core/callback/callback.py:316] - INFO - { Epoch:[  1/  1], step:[ 5236/ 7162], loss: 3.211, per_step_time: 636ms, lr: 1.9488954e-05, overflow cond: False, loss_scale: 16384.0
  [pass1] 2026-06-06 17:32:42,788 - mindformers[mindformers/core/callback/callback.py:316] - INFO - { Epoch:[  1/  1], step:[ 5252/ 7162], loss: 3.199, per_step_time: 637ms, lr: 1.9337014e-05, overflow cond: False, loss_scale: 16384.0
  [pass1] 2026-06-06 17:32:50,444 - mindformers[mindformers/core/callback/callback.py:316] - INFO - { Epoch:[  1/  1], step:[ 5264/ 7162], loss: 3.237, per_step_time: 637ms, lr: 1.9223064e-05, overflow cond: False, loss_scale: 16384.0
  [pass1] 2026-06-06 17:33:00,653 - mindformers[mindformers/core/callback/callback.py:316] - INFO - { Epoch:[  1/  1], step:[ 5280/ 7162], loss: 3.256, per_step_time: 636ms, lr: 1.9071123e-05, overflow cond: False, loss_scale: 16384.0
  [pass1] 2026-06-06 17:33:10,857 - mindformers[mindformers/core/callback/callback.py:316] - INFO - { Epoch:[  1/  1], step:[ 5296/ 7162], loss: 3.222, per_step_time: 636ms, lr: 1.8919187e-05, overflow cond: False, loss_scale: 16384.0
  [pass1] 2026-06-06 17:33:21,069 - mindformers[mindformers/core/callback/callback.py:316] - INFO - { Epoch:[  1/  1], step:[ 5312/ 7162], loss: 3.139, per_step_time: 636ms, lr: 1.8767247e-05, overflow cond: False, loss_scale: 16384.0
  [pass1] 2026-06-06 17:33:31,278 - mindformers[mindformers/core/callback/callback.py:316] - INFO - { Epoch:[  1/  1], step:[ 5328/ 7162], loss: 3.273, per_step_time: 637ms, lr: 1.861531e-05, overflow cond: False, loss_scale: 16384.0
  [pass1] 2026-06-06 17:33:41,489 - mindformers[mindformers/core/callback/callback.py:316] - INFO - { Epoch:[  1/  1], step:[ 5344/ 7162], loss: 3.177, per_step_time: 637ms, lr: 1.8463374e-05, overflow cond: False, loss_scale: 16384.0
  [pass1] 2026-06-06 17:33:51,694 - mindformers[mindformers/core/callback/callback.py:316] - INFO - { Epoch:[  1/  1], step:[ 5360/ 7162], loss: 3.084, per_step_time: 636ms, lr: 1.8311433e-05, overflow cond: False, loss_scale: 16384.0
  [pass1] 2026-06-06 17:34:01,905 - mindformers[mindformers/core/callback/callback.py:316] - INFO - { Epoch:[  1/  1], step:[ 5376/ 7162], loss: 3.155, per_step_time: 637ms, lr: 1.8159495e-05, overflow cond: False, loss_scale: 16384.0
  [pass1] 2026-06-06 17:34:12,133 - mindformers[mindformers/core/callback/callback.py:316] - INFO - { Epoch:[  1/  1], step:[ 5392/ 7162], loss: 2.778, per_step_time: 637ms, lr: 1.8007559e-05, overflow cond: False, loss_scale: 16384.0
  [pass1] 2026-06-06 17:34:22,344 - mindformers[mindformers/core/callback/callback.py:316] - INFO - { Epoch:[  1/  1], step:[ 5408/ 7162], loss: 3.096, per_step_time: 636ms, lr: 1.785562e-05, overflow cond: False, loss_scale: 16384.0
  [pass1] 2026-06-06 17:34:32,566 - mindformers[mindformers/core/callback/callback.py:316] - INFO - { Epoch:[  1/  1], step:[ 5424/ 7162], loss: 3.199, per_step_time: 636ms, lr: 1.7703684e-05, overflow cond: False, loss_scale: 16384.0
  [pass1] 2026-06-06 17:34:42,768 - mindformers[mindformers/core/callback/callback.py:316] - INFO - { Epoch:[  1/  1], step:[ 5440/ 7162], loss: 3.494, per_step_time: 636ms, lr: 1.7551742e-05, overflow cond: False, loss_scale: 16384.0
  [pass1] 2026-06-06 17:34:52,971 - mindformers[mindformers/core/callback/callback.py:316] - INFO - { Epoch:[  1/  1], step:[ 5456/ 7162], loss: 3.093, per_step_time: 636ms, lr: 1.7399805e-05, overflow cond: False, loss_scale: 16384.0
  [pass1] 2026-06-06 17:35:03,175 - mindformers[mindformers/core/callback/callback.py:316] - INFO - { Epoch:[  1/  1], step:[ 5472/ 7162], loss: 3.187, per_step_time: 636ms, lr: 1.7247869e-05, overflow cond: False, loss_scale: 16384.0
  [pass1] 2026-06-06 17:35:13,378 - mindformers[mindformers/core/callback/callback.py:316] - INFO - { Epoch:[  1/  1], step:[ 5488/ 7162], loss: 2.966, per_step_time: 636ms, lr: 1.7095928e-05, overflow cond: False, loss_scale: 16384.0
  [pass1] 2026-06-06 17:35:21,029 - mindformers[mindformers/core/callback/callback.py:316] - INFO - { Epoch:[  1/  1], step:[ 5500/ 7162], loss: 3.158, per_step_time: 636ms, lr: 1.6981978e-05, overflow cond: False, loss_scale: 16384.0
  [pass1] 2026-06-06 17:37:04,732 - mindformers[mindformers/core/callback/callback.py:316] - INFO - { Epoch:[  1/  1], step:[ 5516/ 7162], loss: 3.399, per_step_time: 636ms, lr: 1.6830038e-05, overflow cond: False, loss_scale: 16384.0
  [pass1] 2026-06-06 17:37:12,383 - mindformers[mindformers/core/callback/callback.py:316] - INFO - { Epoch:[  1/  1], step:[ 5528/ 7162], loss: 3.277, per_step_time: 636ms, lr: 1.6716085e-05, overflow cond: False, loss_scale: 16384.0
  [pass1] 2026-06-06 17:37:22,583 - mindformers[mindformers/core/callback/callback.py:316] - INFO - { Epoch:[  1/  1], step:[ 5544/ 7162], loss: 3.093, per_step_time: 636ms, lr: 1.6564147e-05, overflow cond: False, loss_scale: 16384.0
  [pass1] 2026-06-06 17:37:32,789 - mindformers[mindformers/core/callback/callback.py:316] - INFO - { Epoch:[  1/  1], step:[ 5560/ 7162], loss: 3.022, per_step_time: 636ms, lr: 1.6412212e-05, overflow cond: False, loss_scale: 16384.0
  [pass1] 2026-06-06 17:37:42,998 - mindformers[mindformers/core/callback/callback.py:316] - INFO - { Epoch:[  1/  1], step:[ 5576/ 7162], loss: 3.161, per_step_time: 636ms, lr: 1.626027e-05, overflow cond: False, loss_scale: 16384.0
  [pass1] 2026-06-06 17:37:53,209 - mindformers[mindformers/core/callback/callback.py:316] - INFO - { Epoch:[  1/  1], step:[ 5592/ 7162], loss: 2.915, per_step_time: 636ms, lr: 1.6108334e-05, overflow cond: False, loss_scale: 16384.0
  [pass1] 2026-06-06 17:38:03,409 - mindformers[mindformers/core/callback/callback.py:316] - INFO - { Epoch:[  1/  1], step:[ 5608/ 7162], loss: 3.215, per_step_time: 636ms, lr: 1.5956395e-05, overflow cond: False, loss_scale: 16384.0
  [pass1] 2026-06-06 17:38:13,606 - mindformers[mindformers/core/callback/callback.py:316] - INFO - { Epoch:[  1/  1], step:[ 5624/ 7162], loss: 2.963, per_step_time: 636ms, lr: 1.5804457e-05, overflow cond: False, loss_scale: 16384.0
  [pass1] 2026-06-06 17:38:23,813 - mindformers[mindformers/core/callback/callback.py:316] - INFO - { Epoch:[  1/  1], step:[ 5640/ 7162], loss: 3.115, per_step_time: 637ms, lr: 1.565252e-05, overflow cond: False, loss_scale: 32768.0
  [pass1] 2026-06-06 17:38:34,014 - mindformers[mindformers/core/callback/callback.py:316] - INFO - { Epoch:[  1/  1], step:[ 5656/ 7162], loss: 3.244, per_step_time: 636ms, lr: 1.550058e-05, overflow cond: False, loss_scale: 32768.0
  [pass1] 2026-06-06 17:38:44,218 - mindformers[mindformers/core/callback/callback.py:316] - INFO - { Epoch:[  1/  1], step:[ 5672/ 7162], loss: 3.029, per_step_time: 637ms, lr: 1.5348644e-05, overflow cond: False, loss_scale: 32768.0
  [pass1] 2026-06-06 17:38:54,430 - mindformers[mindformers/core/callback/callback.py:316] - INFO - { Epoch:[  1/  1], step:[ 5688/ 7162], loss: 3.021, per_step_time: 637ms, lr: 1.5196706e-05, overflow cond: False, loss_scale: 32768.0
  [pass1] 2026-06-06 17:39:04,637 - mindformers[mindformers/core/callback/callback.py:316] - INFO - { Epoch:[  1/  1], step:[ 5704/ 7162], loss: 3.146, per_step_time: 637ms, lr: 1.5044766e-05, overflow cond: False, loss_scale: 32768.0
  [pass1] 2026-06-06 17:39:14,843 - mindformers[mindformers/core/callback/callback.py:316] - INFO - { Epoch:[  1/  1], step:[ 5720/ 7162], loss: 3.469, per_step_time: 636ms, lr: 1.4892829e-05, overflow cond: False, loss_scale: 32768.0
  [pass1] 2026-06-06 17:39:25,056 - mindformers[mindformers/core/callback/callback.py:316] - INFO - { Epoch:[  1/  1], step:[ 5736/ 7162], loss: 3.271, per_step_time: 636ms, lr: 1.4740893e-05, overflow cond: False, loss_scale: 32768.0
  [pass1] 2026-06-06 17:39:35,260 - mindformers[mindformers/core/callback/callback.py:316] - INFO - { Epoch:[  1/  1], step:[ 5752/ 7162], loss: 3.201, per_step_time: 636ms, lr: 1.4588954e-05, overflow cond: False, loss_scale: 32768.0
  [pass1] 2026-06-06 17:39:45,462 - mindformers[mindformers/core/callback/callback.py:316] - INFO - { Epoch:[  1/  1], step:[ 5768/ 7162], loss: 3.339, per_step_time: 636ms, lr: 1.4437016e-05, overflow cond: False, loss_scale: 32768.0
  [pass1] 2026-06-06 17:39:55,670 - mindformers[mindformers/core/callback/callback.py:316] - INFO - { Epoch:[  1/  1], step:[ 5784/ 7162], loss: 2.693, per_step_time: 637ms, lr: 1.4285075e-05, overflow cond: False, loss_scale: 32768.0
  [pass1] 2026-06-06 17:40:05,874 - mindformers[mindformers/core/callback/callback.py:316] - INFO - { Epoch:[  1/  1], step:[ 5800/ 7162], loss: 3.233, per_step_time: 636ms, lr: 1.4133142e-05, overflow cond: False, loss_scale: 32768.0
  [pass1] 2026-06-06 17:40:16,079 - mindformers[mindformers/core/callback/callback.py:316] - INFO - { Epoch:[  1/  1], step:[ 5816/ 7162], loss: 2.892, per_step_time: 636ms, lr: 1.3981204e-05, overflow cond: False, loss_scale: 32768.0
  [pass1] 2026-06-06 17:40:26,290 - mindformers[mindformers/core/callback/callback.py:316] - INFO - { Epoch:[  1/  1], step:[ 5832/ 7162], loss: 3.339, per_step_time: 636ms, lr: 1.3829263e-05, overflow cond: False, loss_scale: 32768.0
  [pass1] 2026-06-06 17:40:33,948 - mindformers[mindformers/core/callback/callback.py:316] - INFO - { Epoch:[  1/  1], step:[ 5844/ 7162], loss: 2.981, per_step_time: 636ms, lr: 1.3715312e-05, overflow cond: False, loss_scale: 32768.0
  [pass1] 2026-06-06 17:40:44,146 - mindformers[mindformers/core/callback/callback.py:316] - INFO - { Epoch:[  1/  1], step:[ 5860/ 7162], loss: 3.165, per_step_time: 636ms, lr: 1.3563372e-05, overflow cond: False, loss_scale: 32768.0
  [pass1] 2026-06-06 17:40:54,359 - mindformers[mindformers/core/callback/callback.py:316] - INFO - { Epoch:[  1/  1], step:[ 5876/ 7162], loss: 3.301, per_step_time: 636ms, lr: 1.3411433e-05, overflow cond: False, loss_scale: 32768.0
  [pass1] 2026-06-06 17:41:04,562 - mindformers[mindformers/core/callback/callback.py:316] - INFO - { Epoch:[  1/  1], step:[ 5892/ 7162], loss: 3.277, per_step_time: 636ms, lr: 1.3259495e-05, overflow cond: False, loss_scale: 32768.0
  [pass1] 2026-06-06 17:41:14,775 - mindformers[mindformers/core/callback/callback.py:316] - INFO - { Epoch:[  1/  1], step:[ 5908/ 7162], loss: 3.411, per_step_time: 637ms, lr: 1.3107558e-05, overflow cond: False, loss_scale: 32768.0
  [pass1] 2026-06-06 17:41:24,992 - mindformers[mindformers/core/callback/callback.py:316] - INFO - { Epoch:[  1/  1], step:[ 5924/ 7162], loss: 3.270, per_step_time: 637ms, lr: 1.295562e-05, overflow cond: False, loss_scale: 32768.0
  [pass1] 2026-06-06 17:41:35,207 - mindformers[mindformers/core/callback/callback.py:316] - INFO - { Epoch:[  1/  1], step:[ 5940/ 7162], loss: 3.238, per_step_time: 637ms, lr: 1.2803681e-05, overflow cond: False, loss_scale: 32768.0
  [pass1] 2026-06-06 17:41:45,419 - mindformers[mindformers/core/callback/callback.py:316] - INFO - { Epoch:[  1/  1], step:[ 5956/ 7162], loss: 3.227, per_step_time: 637ms, lr: 1.2651744e-05, overflow cond: False, loss_scale: 32768.0
  [pass1] 2026-06-06 17:41:55,637 - mindformers[mindformers/core/callback/callback.py:316] - INFO - { Epoch:[  1/  1], step:[ 5972/ 7162], loss: 3.325, per_step_time: 637ms, lr: 1.2499809e-05, overflow cond: False, loss_scale: 32768.0
  [pass1] 2026-06-06 17:42:05,849 - mindformers[mindformers/core/callback/callback.py:316] - INFO - { Epoch:[  1/  1], step:[ 5988/ 7162], loss: 3.095, per_step_time: 636ms, lr: 1.2347867e-05, overflow cond: False, loss_scale: 32768.0
  [pass1] 2026-06-06 17:42:13,503 - mindformers[mindformers/core/callback/callback.py:316] - INFO - { Epoch:[  1/  1], step:[ 6000/ 7162], loss: 3.251, per_step_time: 636ms, lr: 1.2233913e-05, overflow cond: False, loss_scale: 32768.0
  [pass1] 2026-06-06 17:43:56,214 - mindformers[mindformers/core/callback/callback.py:316] - INFO - { Epoch:[  1/  1], step:[ 6016/ 7162], loss: 2.972, per_step_time: 635ms, lr: 1.2081977e-05, overflow cond: False, loss_scale: 32768.0
  [pass1] 2026-06-06 17:44:06,413 - mindformers[mindformers/core/callback/callback.py:316] - INFO - { Epoch:[  1/  1], step:[ 6032/ 7162], loss: 3.240, per_step_time: 636ms, lr: 1.193004e-05, overflow cond: False, loss_scale: 32768.0
  [pass1] 2026-06-06 17:44:16,618 - mindformers[mindformers/core/callback/callback.py:316] - INFO - { Epoch:[  1/  1], step:[ 6048/ 7162], loss: 3.103, per_step_time: 636ms, lr: 1.1778099e-05, overflow cond: False, loss_scale: 32768.0
  [pass1] 2026-06-06 17:44:26,751 - mindformers[mindformers/core/callback/callback.py:316] - INFO - { Epoch:[  1/  1], step:[ 6064/ 7162], loss: 3.161, per_step_time: 636ms, lr: 1.1635659e-05, overflow cond: False, loss_scale: 16384.0
  [pass1] 2026-06-06 17:44:36,948 - mindformers[mindformers/core/callback/callback.py:316] - INFO - { Epoch:[  1/  1], step:[ 6080/ 7162], loss: 3.165, per_step_time: 636ms, lr: 1.1483721e-05, overflow cond: False, loss_scale: 16384.0
  [pass1] 2026-06-06 17:44:47,542 - mindformers[mindformers/core/callback/callback.py:316] - INFO - { Epoch:[  1/  1], step:[ 6096/ 7162], loss: 3.212, per_step_time: 638ms, lr: 1.1331785e-05, overflow cond: False, loss_scale: 16384.0
  [pass1] 2026-06-06 17:44:57,745 - mindformers[mindformers/core/callback/callback.py:316] - INFO - { Epoch:[  1/  1], step:[ 6112/ 7162], loss: 2.822, per_step_time: 636ms, lr: 1.1179845e-05, overflow cond: False, loss_scale: 16384.0
  [pass1] 2026-06-06 17:45:07,951 - mindformers[mindformers/core/callback/callback.py:316] - INFO - { Epoch:[  1/  1], step:[ 6128/ 7162], loss: 2.962, per_step_time: 636ms, lr: 1.1027908e-05, overflow cond: False, loss_scale: 16384.0
  [pass1] 2026-06-06 17:45:20,721 - mindformers[mindformers/core/callback/callback.py:316] - INFO - { Epoch:[  1/  1], step:[ 6148/ 7162], loss: 3.310, per_step_time: 637ms, lr: 1.0837985e-05, overflow cond: False, loss_scale: 16384.0
  [pass1] 2026-06-06 17:45:30,926 - mindformers[mindformers/core/callback/callback.py:316] - INFO - { Epoch:[  1/  1], step:[ 6164/ 7162], loss: 3.051, per_step_time: 637ms, lr: 1.0686046e-05, overflow cond: False, loss_scale: 16384.0
  [pass1] 2026-06-06 17:45:41,135 - mindformers[mindformers/core/callback/callback.py:316] - INFO - { Epoch:[  1/  1], step:[ 6180/ 7162], loss: 3.032, per_step_time: 636ms, lr: 1.053411e-05, overflow cond: False, loss_scale: 16384.0
  [pass1] 2026-06-06 17:45:51,342 - mindformers[mindformers/core/callback/callback.py:316] - INFO - { Epoch:[  1/  1], step:[ 6196/ 7162], loss: 3.266, per_step_time: 636ms, lr: 1.0382171e-05, overflow cond: False, loss_scale: 16384.0
  [pass1] 2026-06-06 17:46:01,551 - mindformers[mindformers/core/callback/callback.py:316] - INFO - { Epoch:[  1/  1], step:[ 6212/ 7162], loss: 3.133, per_step_time: 636ms, lr: 1.0230232e-05, overflow cond: False, loss_scale: 16384.0
  [pass1] 2026-06-06 17:46:11,756 - mindformers[mindformers/core/callback/callback.py:316] - INFO - { Epoch:[  1/  1], step:[ 6228/ 7162], loss: 3.196, per_step_time: 636ms, lr: 1.00782945e-05, overflow cond: False, loss_scale: 16384.0
  [pass1] 2026-06-06 17:46:21,973 - mindformers[mindformers/core/callback/callback.py:316] - INFO - { Epoch:[  1/  1], step:[ 6244/ 7162], loss: 3.084, per_step_time: 637ms, lr: 9.926358e-06, overflow cond: False, loss_scale: 16384.0
  [pass1] 2026-06-06 17:46:32,187 - mindformers[mindformers/core/callback/callback.py:316] - INFO - { Epoch:[  1/  1], step:[ 6260/ 7162], loss: 2.921, per_step_time: 636ms, lr: 9.774418e-06, overflow cond: False, loss_scale: 16384.0
  [pass1] 2026-06-06 17:46:42,389 - mindformers[mindformers/core/callback/callback.py:316] - INFO - { Epoch:[  1/  1], step:[ 6276/ 7162], loss: 2.733, per_step_time: 636ms, lr: 9.622482e-06, overflow cond: False, loss_scale: 16384.0
  [pass1] 2026-06-06 17:46:52,601 - mindformers[mindformers/core/callback/callback.py:316] - INFO - { Epoch:[  1/  1], step:[ 6292/ 7162], loss: 3.131, per_step_time: 638ms, lr: 9.470541e-06, overflow cond: False, loss_scale: 16384.0
  [pass1] 2026-06-06 17:47:02,815 - mindformers[mindformers/core/callback/callback.py:316] - INFO - { Epoch:[  1/  1], step:[ 6308/ 7162], loss: 3.131, per_step_time: 636ms, lr: 9.3186045e-06, overflow cond: False, loss_scale: 16384.0
  [pass1] 2026-06-06 17:47:13,013 - mindformers[mindformers/core/callback/callback.py:316] - INFO - { Epoch:[  1/  1], step:[ 6324/ 7162], loss: 3.165, per_step_time: 636ms, lr: 9.166668e-06, overflow cond: False, loss_scale: 16384.0
  [pass1] 2026-06-06 17:47:23,220 - mindformers[mindformers/core/callback/callback.py:316] - INFO - { Epoch:[  1/  1], step:[ 6340/ 7162], loss: 2.916, per_step_time: 636ms, lr: 9.014728e-06, overflow cond: False, loss_scale: 16384.0
  [pass1] 2026-06-06 17:47:33,431 - mindformers[mindformers/core/callback/callback.py:316] - INFO - { Epoch:[  1/  1], step:[ 6356/ 7162], loss: 3.218, per_step_time: 637ms, lr: 8.862791e-06, overflow cond: False, loss_scale: 16384.0
  [pass1] 2026-06-06 17:47:43,643 - mindformers[mindformers/core/callback/callback.py:316] - INFO - { Epoch:[  1/  1], step:[ 6372/ 7162], loss: 3.516, per_step_time: 637ms, lr: 8.710855e-06, overflow cond: False, loss_scale: 16384.0
  [pass1] 2026-06-06 17:47:53,858 - mindformers[mindformers/core/callback/callback.py:316] - INFO - { Epoch:[  1/  1], step:[ 6388/ 7162], loss: 3.173, per_step_time: 638ms, lr: 8.5589145e-06, overflow cond: False, loss_scale: 16384.0
  [pass1] 2026-06-06 17:48:04,066 - mindformers[mindformers/core/callback/callback.py:316] - INFO - { Epoch:[  1/  1], step:[ 6404/ 7162], loss: 3.292, per_step_time: 636ms, lr: 8.406977e-06, overflow cond: False, loss_scale: 16384.0
  [pass1] 2026-06-06 17:48:11,723 - mindformers[mindformers/core/callback/callback.py:316] - INFO - { Epoch:[  1/  1], step:[ 6416/ 7162], loss: 3.145, per_step_time: 636ms, lr: 8.293024e-06, overflow cond: False, loss_scale: 16384.0
  [pass1] 2026-06-06 17:48:21,930 - mindformers[mindformers/core/callback/callback.py:316] - INFO - { Epoch:[  1/  1], step:[ 6432/ 7162], loss: 3.264, per_step_time: 637ms, lr: 8.141086e-06, overflow cond: False, loss_scale: 16384.0
  [pass1] 2026-06-06 17:48:32,133 - mindformers[mindformers/core/callback/callback.py:316] - INFO - { Epoch:[  1/  1], step:[ 6448/ 7162], loss: 2.771, per_step_time: 636ms, lr: 7.989146e-06, overflow cond: False, loss_scale: 16384.0
  [pass1] 2026-06-06 17:48:42,347 - mindformers[mindformers/core/callback/callback.py:316] - INFO - { Epoch:[  1/  1], step:[ 6464/ 7162], loss: 3.134, per_step_time: 636ms, lr: 7.8372095e-06, overflow cond: False, loss_scale: 16384.0
  [pass1] 2026-06-06 17:48:52,551 - mindformers[mindformers/core/callback/callback.py:316] - INFO - { Epoch:[  1/  1], step:[ 6480/ 7162], loss: 3.150, per_step_time: 636ms, lr: 7.685273e-06, overflow cond: False, loss_scale: 16384.0
  [pass1] 2026-06-06 17:49:02,758 - mindformers[mindformers/core/callback/callback.py:316] - INFO - { Epoch:[  1/  1], step:[ 6496/ 7162], loss: 2.955, per_step_time: 636ms, lr: 7.5333323e-06, overflow cond: False, loss_scale: 16384.0
  [pass1] 2026-06-06 17:49:05,309 - mindformers[mindformers/core/callback/callback.py:316] - INFO - { Epoch:[  1/  1], step:[ 6500/ 7162], loss: 3.285, per_step_time: 636ms, lr: 7.4953496e-06, overflow cond: False, loss_scale: 16384.0
  [pass1] 2026-06-06 17:50:45,098 - mindformers[mindformers/core/callback/callback.py:316] - INFO - { Epoch:[  1/  1], step:[ 6512/ 7162], loss: 3.097, per_step_time: 636ms, lr: 7.3813967e-06, overflow cond: False, loss_scale: 16384.0
  [pass1] 2026-06-06 17:50:55,304 - mindformers[mindformers/core/callback/callback.py:316] - INFO - { Epoch:[  1/  1], step:[ 6528/ 7162], loss: 3.289, per_step_time: 638ms, lr: 7.229456e-06, overflow cond: False, loss_scale: 16384.0
  [pass1] 2026-06-06 17:51:05,508 - mindformers[mindformers/core/callback/callback.py:316] - INFO - { Epoch:[  1/  1], step:[ 6544/ 7162], loss: 3.065, per_step_time: 636ms, lr: 7.0775186e-06, overflow cond: False, loss_scale: 16384.0
  [pass1] 2026-06-06 17:51:13,423 - mindformers[mindformers/core/callback/callback.py:316] - INFO - { Epoch:[  1/  1], step:[ 6556/ 7162], loss: 3.283, per_step_time: 636ms, lr: 6.963565e-06, overflow cond: False, loss_scale: 16384.0
  [pass1] 2026-06-06 17:51:23,622 - mindformers[mindformers/core/callback/callback.py:316] - INFO - { Epoch:[  1/  1], step:[ 6572/ 7162], loss: 3.207, per_step_time: 636ms, lr: 6.8116283e-06, overflow cond: False, loss_scale: 16384.0
  [pass1] 2026-06-06 17:51:33,822 - mindformers[mindformers/core/callback/callback.py:316] - INFO - { Epoch:[  1/  1], step:[ 6588/ 7162], loss: 3.450, per_step_time: 636ms, lr: 6.6596895e-06, overflow cond: False, loss_scale: 16384.0
  [pass1] 2026-06-06 17:51:44,023 - mindformers[mindformers/core/callback/callback.py:316] - INFO - { Epoch:[  1/  1], step:[ 6604/ 7162], loss: 2.972, per_step_time: 636ms, lr: 6.507752e-06, overflow cond: False, loss_scale: 16384.0
  [pass1] 2026-06-06 17:51:54,227 - mindformers[mindformers/core/callback/callback.py:316] - INFO - { Epoch:[  1/  1], step:[ 6620/ 7162], loss: 3.047, per_step_time: 636ms, lr: 6.355815e-06, overflow cond: False, loss_scale: 16384.0
  [pass1] 2026-06-06 17:52:04,435 - mindformers[mindformers/core/callback/callback.py:316] - INFO - { Epoch:[  1/  1], step:[ 6636/ 7162], loss: 3.121, per_step_time: 637ms, lr: 6.2038744e-06, overflow cond: False, loss_scale: 16384.0
  [pass1] 2026-06-06 17:52:14,645 - mindformers[mindformers/core/callback/callback.py:316] - INFO - { Epoch:[  1/  1], step:[ 6652/ 7162], loss: 3.128, per_step_time: 637ms, lr: 6.0519374e-06, overflow cond: False, loss_scale: 16384.0
  [pass1] 2026-06-06 17:52:24,857 - mindformers[mindformers/core/callback/callback.py:316] - INFO - { Epoch:[  1/  1], step:[ 6668/ 7162], loss: 3.176, per_step_time: 637ms, lr: 5.900001e-06, overflow cond: False, loss_scale: 16384.0
  [pass1] 2026-06-06 17:52:35,062 - mindformers[mindformers/core/callback/callback.py:316] - INFO - { Epoch:[  1/  1], step:[ 6684/ 7162], loss: 3.087, per_step_time: 636ms, lr: 5.748062e-06, overflow cond: False, loss_scale: 16384.0
  [pass1] 2026-06-06 17:52:45,272 - mindformers[mindformers/core/callback/callback.py:316] - INFO - { Epoch:[  1/  1], step:[ 6700/ 7162], loss: 3.052, per_step_time: 637ms, lr: 5.5961236e-06, overflow cond: False, loss_scale: 16384.0
  [pass1] 2026-06-06 17:52:55,482 - mindformers[mindformers/core/callback/callback.py:316] - INFO - { Epoch:[  1/  1], step:[ 6716/ 7162], loss: 3.066, per_step_time: 636ms, lr: 5.444184e-06, overflow cond: False, loss_scale: 16384.0
  [pass1] 2026-06-06 17:53:05,693 - mindformers[mindformers/core/callback/callback.py:316] - INFO - { Epoch:[  1/  1], step:[ 6732/ 7162], loss: 2.963, per_step_time: 636ms, lr: 5.292248e-06, overflow cond: False, loss_scale: 16384.0
  [pass1] 2026-06-06 17:53:15,900 - mindformers[mindformers/core/callback/callback.py:316] - INFO - { Epoch:[  1/  1], step:[ 6748/ 7162], loss: 3.156, per_step_time: 636ms, lr: 5.140311e-06, overflow cond: False, loss_scale: 16384.0
  [pass1] 2026-06-06 17:53:26,126 - mindformers[mindformers/core/callback/callback.py:316] - INFO - { Epoch:[  1/  1], step:[ 6764/ 7162], loss: 3.198, per_step_time: 637ms, lr: 4.9883706e-06, overflow cond: False, loss_scale: 16384.0
  [pass1] 2026-06-06 17:53:36,333 - mindformers[mindformers/core/callback/callback.py:316] - INFO - { Epoch:[  1/  1], step:[ 6780/ 7162], loss: 3.250, per_step_time: 637ms, lr: 4.836434e-06, overflow cond: False, loss_scale: 16384.0
  [pass1] 2026-06-06 17:53:46,537 - mindformers[mindformers/core/callback/callback.py:316] - INFO - { Epoch:[  1/  1], step:[ 6796/ 7162], loss: 3.208, per_step_time: 637ms, lr: 4.6844966e-06, overflow cond: False, loss_scale: 16384.0
  [pass1] 2026-06-06 17:53:56,745 - mindformers[mindformers/core/callback/callback.py:316] - INFO - { Epoch:[  1/  1], step:[ 6812/ 7162], loss: 2.936, per_step_time: 636ms, lr: 4.5325573e-06, overflow cond: False, loss_scale: 16384.0
  [pass1] 2026-06-06 17:54:06,952 - mindformers[mindformers/core/callback/callback.py:316] - INFO - { Epoch:[  1/  1], step:[ 6828/ 7162], loss: 2.885, per_step_time: 636ms, lr: 4.380621e-06, overflow cond: False, loss_scale: 16384.0
  [pass1] 2026-06-06 17:54:17,162 - mindformers[mindformers/core/callback/callback.py:316] - INFO - { Epoch:[  1/  1], step:[ 6844/ 7162], loss: 3.013, per_step_time: 636ms, lr: 4.228681e-06, overflow cond: False, loss_scale: 16384.0
  [pass1] 2026-06-06 17:54:27,372 - mindformers[mindformers/core/callback/callback.py:316] - INFO - { Epoch:[  1/  1], step:[ 6860/ 7162], loss: 2.975, per_step_time: 637ms, lr: 4.076744e-06, overflow cond: False, loss_scale: 16384.0
  [pass1] 2026-06-06 17:54:35,033 - mindformers[mindformers/core/callback/callback.py:316] - INFO - { Epoch:[  1/  1], step:[ 6872/ 7162], loss: 2.847, per_step_time: 637ms, lr: 3.9627894e-06, overflow cond: False, loss_scale: 16384.0
  [pass1] 2026-06-06 17:54:45,264 - mindformers[mindformers/core/callback/callback.py:316] - INFO - { Epoch:[  1/  1], step:[ 6888/ 7162], loss: 3.419, per_step_time: 637ms, lr: 3.8108526e-06, overflow cond: False, loss_scale: 16384.0
  [pass1] 2026-06-06 17:54:55,472 - mindformers[mindformers/core/callback/callback.py:316] - INFO - { Epoch:[  1/  1], step:[ 6904/ 7162], loss: 3.077, per_step_time: 637ms, lr: 3.658916e-06, overflow cond: False, loss_scale: 16384.0
  [pass1] 2026-06-06 17:55:05,685 - mindformers[mindformers/core/callback/callback.py:316] - INFO - { Epoch:[  1/  1], step:[ 6920/ 7162], loss: 3.095, per_step_time: 638ms, lr: 3.5069763e-06, overflow cond: False, loss_scale: 16384.0
  [pass1] 2026-06-06 17:55:15,895 - mindformers[mindformers/core/callback/callback.py:316] - INFO - { Epoch:[  1/  1], step:[ 6936/ 7162], loss: 3.194, per_step_time: 636ms, lr: 3.3550396e-06, overflow cond: False, loss_scale: 16384.0
  [pass1] 2026-06-06 17:55:26,102 - mindformers[mindformers/core/callback/callback.py:316] - INFO - { Epoch:[  1/  1], step:[ 6952/ 7162], loss: 2.824, per_step_time: 636ms, lr: 3.2030996e-06, overflow cond: False, loss_scale: 16384.0
  [pass1] 2026-06-06 17:55:36,308 - mindformers[mindformers/core/callback/callback.py:316] - INFO - { Epoch:[  1/  1], step:[ 6968/ 7162], loss: 3.184, per_step_time: 636ms, lr: 3.0511628e-06, overflow cond: False, loss_scale: 16384.0
  [pass1] 2026-06-06 17:55:46,511 - mindformers[mindformers/core/callback/callback.py:316] - INFO - { Epoch:[  1/  1], step:[ 6984/ 7162], loss: 2.872, per_step_time: 636ms, lr: 2.8992256e-06, overflow cond: False, loss_scale: 16384.0
  [pass1] 2026-06-06 17:55:56,717 - mindformers[mindformers/core/callback/callback.py:316] - INFO - { Epoch:[  1/  1], step:[ 7000/ 7162], loss: 3.205, per_step_time: 636ms, lr: 2.7472859e-06, overflow cond: False, loss_scale: 16384.0
  [pass1] 2026-06-06 17:57:37,914 - mindformers[mindformers/core/callback/callback.py:316] - INFO - { Epoch:[  1/  1], step:[ 7016/ 7162], loss: 3.374, per_step_time: 636ms, lr: 2.595349e-06, overflow cond: False, loss_scale: 16384.0
  [pass1] 2026-06-06 17:57:48,122 - mindformers[mindformers/core/callback/callback.py:316] - INFO - { Epoch:[  1/  1], step:[ 7032/ 7162], loss: 3.056, per_step_time: 637ms, lr: 2.443412e-06, overflow cond: False, loss_scale: 16384.0
  [pass1] 2026-06-06 17:57:58,330 - mindformers[mindformers/core/callback/callback.py:316] - INFO - { Epoch:[  1/  1], step:[ 7048/ 7162], loss: 2.944, per_step_time: 636ms, lr: 2.2914724e-06, overflow cond: False, loss_scale: 16384.0
  [pass1] 2026-06-06 17:58:08,676 - mindformers[mindformers/core/callback/callback.py:316] - INFO - { Epoch:[  1/  1], step:[ 7064/ 7162], loss: 2.910, per_step_time: 630ms, lr: 2.1395354e-06, overflow cond: False, loss_scale: 32768.0
  [pass1] 2026-06-06 17:58:18,769 - mindformers[mindformers/core/callback/callback.py:316] - INFO - { Epoch:[  1/  1], step:[ 7080/ 7162], loss: 2.762, per_step_time: 629ms, lr: 1.9875956e-06, overflow cond: False, loss_scale: 32768.0
  [pass1] 2026-06-06 17:58:29,053 - mindformers[mindformers/core/callback/callback.py:316] - INFO - { Epoch:[  1/  1], step:[ 7096/ 7162], loss: 3.055, per_step_time: 629ms, lr: 1.8356585e-06, overflow cond: False, loss_scale: 32768.0
  [pass1] 2026-06-06 17:58:39,143 - mindformers[mindformers/core/callback/callback.py:316] - INFO - { Epoch:[  1/  1], step:[ 7112/ 7162], loss: 3.000, per_step_time: 629ms, lr: 1.6837216e-06, overflow cond: False, loss_scale: 32768.0
  [pass1] 2026-06-06 17:58:49,233 - mindformers[mindformers/core/callback/callback.py:316] - INFO - { Epoch:[  1/  1], step:[ 7128/ 7162], loss: 3.166, per_step_time: 629ms, lr: 1.5317821e-06, overflow cond: False, loss_scale: 32768.0
  [pass1] 2026-06-06 17:58:59,331 - mindformers[mindformers/core/callback/callback.py:316] - INFO - { Epoch:[  1/  1], step:[ 7144/ 7162], loss: 3.138, per_step_time: 630ms, lr: 1.3798452e-06, overflow cond: False, loss_scale: 32768.0
  [pass1] 2026-06-06 17:59:09,428 - mindformers[mindformers/core/callback/callback.py:316] - INFO - { Epoch:[  1/  1], step:[ 7160/ 7162], loss: 2.653, per_step_time: 630ms, lr: 1.2279082e-06, overflow cond: False, loss_scale: 32768.0
scripts/collect_glm6b_full.sh: line 83: [: 0
0: integer expression expected
scripts/collect_glm6b_full.sh: line 83: [: 0
0: integer expression expected
scripts/collect_glm6b_full.sh: line 83: [: 0
0: integer expression expected
scripts/collect_glm6b_full.sh: line 83: [: 0
0: integer expression expected
scripts/collect_glm6b_full.sh: line 83: [: 0
0: integer expression expected
scripts/collect_glm6b_full.sh: line 83: [: 0
0: integer expression expected
scripts/collect_glm6b_full.sh: line 83: [: 0
0: integer expression expected
scripts/collect_glm6b_full.sh: line 83: [: 0
0: integer expression expected
scripts/collect_glm6b_full.sh: line 83: [: 0
0: integer expression expected
scripts/collect_glm6b_full.sh: line 83: [: 0
0: integer expression expected
scripts/collect_glm6b_full.sh: line 83: [: 0
0: integer expression expected
scripts/collect_glm6b_full.sh: line 83: [: 0
0: integer expression expected
scripts/collect_glm6b_full.sh: line 83: [: 0
0: integer expression expected
scripts/collect_glm6b_full.sh: line 83: [: 0
0: integer expression expected
scripts/collect_glm6b_full.sh: line 83: [: 0
0: integer expression expected
scripts/collect_glm6b_full.sh: line 83: [: 0
0: integer expression expected
scripts/collect_glm6b_full.sh: line 83: [: 0
0: integer expression expected
scripts/collect_glm6b_full.sh: line 83: [: 0
0: integer expression expected
scripts/collect_glm6b_full.sh: line 83: [: 0
0: integer expression expected
scripts/collect_glm6b_full.sh: line 83: [: 0
0: integer expression expected
scripts/collect_glm6b_full.sh: line 83: [: 0
0: integer expression expected
scripts/collect_glm6b_full.sh: line 83: [: 0
0: integer expression expected
scripts/collect_glm6b_full.sh: line 83: [: 0
0: integer expression expected
scripts/collect_glm6b_full.sh: line 83: [: 0
0: integer expression expected
scripts/collect_glm6b_full.sh: line 83: [: 0
0: integer expression expected
scripts/collect_glm6b_full.sh: line 83: [: 0
0: integer expression expected
scripts/collect_glm6b_full.sh: line 83: [: 0
0: integer expression expected
scripts/collect_glm6b_full.sh: line 83: [: 0
0: integer expression expected
scripts/collect_glm6b_full.sh: line 83: [: 0
0: integer expression expected
scripts/collect_glm6b_full.sh: line 83: [: 0
0: integer expression expected
scripts/collect_glm6b_full.sh: line 83: [: 0
0: integer expression expected
scripts/collect_glm6b_full.sh: line 83: [: 0
0: integer expression expected
scripts/collect_glm6b_full.sh: line 83: [: 0
0: integer expression expected
scripts/collect_glm6b_full.sh: line 83: [: 0
0: integer expression expected
scripts/collect_glm6b_full.sh: line 83: [: 0
0: integer expression expected
scripts/collect_glm6b_full.sh: line 83: [: 0
0: integer expression expected
scripts/collect_glm6b_full.sh: line 83: [: 0
0: integer expression expected
scripts/collect_glm6b_full.sh: line 83: [: 0
0: integer expression expected
scripts/collect_glm6b_full.sh: line 83: [: 0
0: integer expression expected
scripts/collect_glm6b_full.sh: line 83: [: 0
0: integer expression expected
scripts/collect_glm6b_full.sh: line 83: [: 0
0: integer expression expected
scripts/collect_glm6b_full.sh: line 83: [: 0
0: integer expression expected
scripts/collect_glm6b_full.sh: line 83: [: 0
0: integer expression expected
scripts/collect_glm6b_full.sh: line 83: [: 0
0: integer expression expected
scripts/collect_glm6b_full.sh: line 83: [: 0
0: integer expression expected
scripts/collect_glm6b_full.sh: line 83: [: 0
0: integer expression expected
scripts/collect_glm6b_full.sh: line 83: [: 0
0: integer expression expected
scripts/collect_glm6b_full.sh: line 83: [: 0
0: integer expression expected
scripts/collect_glm6b_full.sh: line 83: [: 0
0: integer expression expected
scripts/collect_glm6b_full.sh: line 83: [: 0
0: integer expression expected
scripts/collect_glm6b_full.sh: line 83: [: 0
0: integer expression expected
scripts/collect_glm6b_full.sh: line 83: [: 0
0: integer expression expected
scripts/collect_glm6b_full.sh: line 83: [: 0
0: integer expression expected
scripts/collect_glm6b_full.sh: line 83: [: 0
0: integer expression expected
scripts/collect_glm6b_full.sh: line 83: [: 0
0: integer expression expected
scripts/collect_glm6b_full.sh: line 83: [: 0
0: integer expression expected
scripts/collect_glm6b_full.sh: line 83: [: 0
0: integer expression expected
scripts/collect_glm6b_full.sh: line 83: [: 0
0: integer expression expected
scripts/collect_glm6b_full.sh: line 83: [: 0
0: integer expression expected
scripts/collect_glm6b_full.sh: line 83: [: 0
0: integer expression expected
scripts/collect_glm6b_full.sh: line 83: [: 0
0: integer expression expected
scripts/collect_glm6b_full.sh: line 83: [: 0
0: integer expression expected
scripts/collect_glm6b_full.sh: line 83: [: 0
0: integer expression expected
scripts/collect_glm6b_full.sh: line 83: [: 0
0: integer expression expected
scripts/collect_glm6b_full.sh: line 83: [: 0
0: integer expression expected
scripts/collect_glm6b_full.sh: line 83: [: 0
0: integer expression expected
scripts/collect_glm6b_full.sh: line 83: [: 0
0: integer expression expected
scripts/collect_glm6b_full.sh: line 83: [: 0
0: integer expression expected
scripts/collect_glm6b_full.sh: line 83: [: 0
0: integer expression expected
scripts/collect_glm6b_full.sh: line 83: [: 0
0: integer expression expected
scripts/collect_glm6b_full.sh: line 83: [: 0
0: integer expression expected
scripts/collect_glm6b_full.sh: line 83: [: 0
0: integer expression expected
scripts/collect_glm6b_full.sh: line 83: [: 0
0: integer expression expected
scripts/collect_glm6b_full.sh: line 83: [: 0
0: integer expression expected
scripts/collect_glm6b_full.sh: line 83: [: 0
0: integer expression expected
scripts/collect_glm6b_full.sh: line 83: [: 0
0: integer expression expected
scripts/collect_glm6b_full.sh: line 83: [: 0
0: integer expression expected
scripts/collect_glm6b_full.sh: line 83: [: 0
0: integer expression expected
scripts/collect_glm6b_full.sh: line 83: [: 0
0: integer expression expected
scripts/collect_glm6b_full.sh: line 83: [: 0
0: integer expression expected
scripts/collect_glm6b_full.sh: line 83: [: 0
0: integer expression expected
scripts/collect_glm6b_full.sh: line 83: [: 0
0: integer expression expected
scripts/collect_glm6b_full.sh: line 83: [: 0
0: integer expression expected
scripts/collect_glm6b_full.sh: line 83: [: 0
0: integer expression expected
scripts/collect_glm6b_full.sh: line 83: [: 0
0: integer expression expected
scripts/collect_glm6b_full.sh: line 83: [: 0
0: integer expression expected
scripts/collect_glm6b_full.sh: line 83: [: 0
0: integer expression expected
scripts/collect_glm6b_full.sh: line 83: [: 0
0: integer expression expected
scripts/collect_glm6b_full.sh: line 83: [: 0
0: integer expression expected
scripts/collect_glm6b_full.sh: line 83: [: 0
0: integer expression expected
scripts/collect_glm6b_full.sh: line 83: [: 0
0: integer expression expected
scripts/collect_glm6b_full.sh: line 83: [: 0
0: integer expression expected
scripts/collect_glm6b_full.sh: line 83: [: 0
0: integer expression expected
scripts/collect_glm6b_full.sh: line 83: [: 0
0: integer expression expected
scripts/collect_glm6b_full.sh: line 83: [: 0
0: integer expression expected
scripts/collect_glm6b_full.sh: line 83: [: 0
0: integer expression expected
scripts/collect_glm6b_full.sh: line 83: [: 0
0: integer expression expected
scripts/collect_glm6b_full.sh: line 83: [: 0
0: integer expression expected
scripts/collect_glm6b_full.sh: line 83: [: 0
0: integer expression expected
scripts/collect_glm6b_full.sh: line 83: [: 0
0: integer expression expected
scripts/collect_glm6b_full.sh: line 83: [: 0
0: integer expression expected
scripts/collect_glm6b_full.sh: line 83: [: 0
0: integer expression expected
scripts/collect_glm6b_full.sh: line 83: [: 0
0: integer expression expected
scripts/collect_glm6b_full.sh: line 83: [: 0
0: integer expression expected
scripts/collect_glm6b_full.sh: line 83: [: 0
0: integer expression expected
scripts/collect_glm6b_full.sh: line 83: [: 0
0: integer expression expected
scripts/collect_glm6b_full.sh: line 83: [: 0
0: integer expression expected
scripts/collect_glm6b_full.sh: line 83: [: 0
0: integer expression expected
scripts/collect_glm6b_full.sh: line 83: [: 0
0: integer expression expected
scripts/collect_glm6b_full.sh: line 83: [: 0
0: integer expression expected
scripts/collect_glm6b_full.sh: line 83: [: 0
0: integer expression expected
scripts/collect_glm6b_full.sh: line 83: [: 0
0: integer expression expected
scripts/collect_glm6b_full.sh: line 83: [: 0
0: integer expression expected
scripts/collect_glm6b_full.sh: line 83: [: 0
0: integer expression expected
scripts/collect_glm6b_full.sh: line 83: [: 0
0: integer expression expected
scripts/collect_glm6b_full.sh: line 83: [: 0
0: integer expression expected
scripts/collect_glm6b_full.sh: line 83: [: 0
0: integer expression expected
scripts/collect_glm6b_full.sh: line 83: [: 0
0: integer expression expected
scripts/collect_glm6b_full.sh: line 83: [: 0
0: integer expression expected
scripts/collect_glm6b_full.sh: line 83: [: 0
0: integer expression expected
scripts/collect_glm6b_full.sh: line 83: [: 0
0: integer expression expected
scripts/collect_glm6b_full.sh: line 83: [: 0
0: integer expression expected
scripts/collect_glm6b_full.sh: line 83: [: 0
0: integer expression expected
scripts/collect_glm6b_full.sh: line 83: [: 0
0: integer expression expected
scripts/collect_glm6b_full.sh: line 83: [: 0
0: integer expression expected
scripts/collect_glm6b_full.sh: line 83: [: 0
0: integer expression expected
scripts/collect_glm6b_full.sh: line 83: [: 0
0: integer expression expected
scripts/collect_glm6b_full.sh: line 83: [: 0
0: integer expression expected
scripts/collect_glm6b_full.sh: line 83: [: 0
0: integer expression expected
scripts/collect_glm6b_full.sh: line 83: [: 0
0: integer expression expected
scripts/collect_glm6b_full.sh: line 83: [: 0
0: integer expression expected
scripts/collect_glm6b_full.sh: line 83: [: 0
0: integer expression expected
scripts/collect_glm6b_full.sh: line 83: [: 0
0: integer expression expected
scripts/collect_glm6b_full.sh: line 83: [: 0
0: integer expression expected
scripts/collect_glm6b_full.sh: line 83: [: 0
0: integer expression expected
scripts/collect_glm6b_full.sh: line 83: [: 0
0: integer expression expected
scripts/collect_glm6b_full.sh: line 83: [: 0
0: integer expression expected
scripts/collect_glm6b_full.sh: line 83: [: 0
0: integer expression expected
scripts/collect_glm6b_full.sh: line 83: [: 0
0: integer expression expected
scripts/collect_glm6b_full.sh: line 83: [: 0
0: integer expression expected
scripts/collect_glm6b_full.sh: line 83: [: 0
0: integer expression expected
scripts/collect_glm6b_full.sh: line 83: [: 0
0: integer expression expected
scripts/collect_glm6b_full.sh: line 83: [: 0
0: integer expression expected
scripts/collect_glm6b_full.sh: line 83: [: 0
0: integer expression expected
scripts/collect_glm6b_full.sh: line 83: [: 0
0: integer expression expected
scripts/collect_glm6b_full.sh: line 83: [: 0
0: integer expression expected
scripts/collect_glm6b_full.sh: line 83: [: 0
0: integer expression expected
scripts/collect_glm6b_full.sh: line 83: [: 0
0: integer expression expected
scripts/collect_glm6b_full.sh: line 83: [: 0
0: integer expression expected
scripts/collect_glm6b_full.sh: line 83: [: 0
0: integer expression expected
scripts/collect_glm6b_full.sh: line 83: [: 0
0: integer expression expected
scripts/collect_glm6b_full.sh: line 83: [: 0
0: integer expression expected
scripts/collect_glm6b_full.sh: line 83: [: 0
0: integer expression expected
scripts/collect_glm6b_full.sh: line 83: [: 0
0: integer expression expected
scripts/collect_glm6b_full.sh: line 83: [: 0
0: integer expression expected
scripts/collect_glm6b_full.sh: line 83: [: 0
0: integer expression expected
scripts/collect_glm6b_full.sh: line 83: [: 0
0: integer expression expected
scripts/collect_glm6b_full.sh: line 83: [: 0
0: integer expression expected
scripts/collect_glm6b_full.sh: line 83: [: 0
0: integer expression expected
scripts/collect_glm6b_full.sh: line 83: [: 0
0: integer expression expected
scripts/collect_glm6b_full.sh: line 83: [: 0
0: integer expression expected
scripts/collect_glm6b_full.sh: line 83: [: 0
0: integer expression expected
scripts/collect_glm6b_full.sh: line 83: [: 0
0: integer expression expected
scripts/collect_glm6b_full.sh: line 83: [: 0
0: integer expression expected
scripts/collect_glm6b_full.sh: line 83: [: 0
0: integer expression expected
scripts/collect_glm6b_full.sh: line 83: [: 0
0: integer expression expected
scripts/collect_glm6b_full.sh: line 83: [: 0
0: integer expression expected
scripts/collect_glm6b_full.sh: line 83: [: 0
0: integer expression expected
scripts/collect_glm6b_full.sh: line 83: [: 0
0: integer expression expected
scripts/collect_glm6b_full.sh: line 83: [: 0
0: integer expression expected
scripts/collect_glm6b_full.sh: line 83: [: 0
0: integer expression expected
scripts/collect_glm6b_full.sh: line 83: [: 0
0: integer expression expected
scripts/collect_glm6b_full.sh: line 83: [: 0
0: integer expression expected
scripts/collect_glm6b_full.sh: line 83: [: 0
0: integer expression expected
scripts/collect_glm6b_full.sh: line 83: [: 0
0: integer expression expected
scripts/collect_glm6b_full.sh: line 83: [: 0
0: integer expression expected
scripts/collect_glm6b_full.sh: line 83: [: 0
0: integer expression expected
scripts/collect_glm6b_full.sh: line 83: [: 0
0: integer expression expected
scripts/collect_glm6b_full.sh: line 83: [: 0
0: integer expression expected
scripts/collect_glm6b_full.sh: line 83: [: 0
0: integer expression expected
scripts/collect_glm6b_full.sh: line 83: [: 0
0: integer expression expected
scripts/collect_glm6b_full.sh: line 83: [: 0
0: integer expression expected
scripts/collect_glm6b_full.sh: line 83: [: 0
0: integer expression expected
scripts/collect_glm6b_full.sh: line 83: [: 0
0: integer expression expected
scripts/collect_glm6b_full.sh: line 83: [: 0
0: integer expression expected
scripts/collect_glm6b_full.sh: line 83: [: 0
0: integer expression expected
scripts/collect_glm6b_full.sh: line 83: [: 0
0: integer expression expected
scripts/collect_glm6b_full.sh: line 83: [: 0
0: integer expression expected
scripts/collect_glm6b_full.sh: line 83: [: 0
0: integer expression expected
scripts/collect_glm6b_full.sh: line 83: [: 0
0: integer expression expected
scripts/collect_glm6b_full.sh: line 83: [: 0
0: integer expression expected
scripts/collect_glm6b_full.sh: line 83: [: 0
0: integer expression expected
scripts/collect_glm6b_full.sh: line 83: [: 0
0: integer expression expected
scripts/collect_glm6b_full.sh: line 83: [: 0
0: integer expression expected
scripts/collect_glm6b_full.sh: line 83: [: 0
0: integer expression expected
scripts/collect_glm6b_full.sh: line 83: [: 0
0: integer expression expected
scripts/collect_glm6b_full.sh: line 83: [: 0
0: integer expression expected
scripts/collect_glm6b_full.sh: line 83: [: 0
0: integer expression expected
scripts/collect_glm6b_full.sh: line 83: [: 0
0: integer expression expected
scripts/collect_glm6b_full.sh: line 83: [: 0
0: integer expression expected
scripts/collect_glm6b_full.sh: line 83: [: 0
0: integer expression expected
scripts/collect_glm6b_full.sh: line 83: [: 0
0: integer expression expected
scripts/collect_glm6b_full.sh: line 83: [: 0
0: integer expression expected
scripts/collect_glm6b_full.sh: line 83: [: 0
0: integer expression expected
scripts/collect_glm6b_full.sh: line 83: [: 0
0: integer expression expected
scripts/collect_glm6b_full.sh: line 83: [: 0
0: integer expression expected
scripts/collect_glm6b_full.sh: line 83: [: 0
0: integer expression expected
scripts/collect_glm6b_full.sh: line 83: [: 0
0: integer expression expected
scripts/collect_glm6b_full.sh: line 83: [: 0
0: integer expression expected
scripts/collect_glm6b_full.sh: line 83: [: 0
0: integer expression expected
scripts/collect_glm6b_full.sh: line 83: [: 0
0: integer expression expected
scripts/collect_glm6b_full.sh: line 83: [: 0
0: integer expression expected
scripts/collect_glm6b_full.sh: line 83: [: 0
0: integer expression expected
scripts/collect_glm6b_full.sh: line 83: [: 0
0: integer expression expected
scripts/collect_glm6b_full.sh: line 83: [: 0
0: integer expression expected
scripts/collect_glm6b_full.sh: line 83: [: 0
0: integer expression expected
scripts/collect_glm6b_full.sh: line 83: [: 0
0: integer expression expected
scripts/collect_glm6b_full.sh: line 83: [: 0
0: integer expression expected
scripts/collect_glm6b_full.sh: line 83: [: 0
0: integer expression expected
scripts/collect_glm6b_full.sh: line 83: [: 0
0: integer expression expected
scripts/collect_glm6b_full.sh: line 83: [: 0
0: integer expression expected
scripts/collect_glm6b_full.sh: line 83: [: 0
0: integer expression expected
scripts/collect_glm6b_full.sh: line 83: [: 0
0: integer expression expected
scripts/collect_glm6b_full.sh: line 83: [: 0
0: integer expression expected
scripts/collect_glm6b_full.sh: line 83: [: 0
0: integer expression expected
scripts/collect_glm6b_full.sh: line 83: [: 0
0: integer expression expected
scripts/collect_glm6b_full.sh: line 83: [: 0
0: integer expression expected
scripts/collect_glm6b_full.sh: line 83: [: 0
0: integer expression expected
scripts/collect_glm6b_full.sh: line 83: [: 0
0: integer expression expected
scripts/collect_glm6b_full.sh: line 83: [: 0
0: integer expression expected
scripts/collect_glm6b_full.sh: line 83: [: 0
0: integer expression expected
scripts/collect_glm6b_full.sh: line 83: [: 0
0: integer expression expected
scripts/collect_glm6b_full.sh: line 83: [: 0
0: integer expression expected
scripts/collect_glm6b_full.sh: line 83: [: 0
0: integer expression expected
scripts/collect_glm6b_full.sh: line 83: [: 0
0: integer expression expected
scripts/collect_glm6b_full.sh: line 83: [: 0
0: integer expression expected
scripts/collect_glm6b_full.sh: line 83: [: 0
0: integer expression expected
scripts/collect_glm6b_full.sh: line 83: [: 0
0: integer expression expected
scripts/collect_glm6b_full.sh: line 83: [: 0
0: integer expression expected
scripts/collect_glm6b_full.sh: line 83: [: 0
0: integer expression expected
scripts/collect_glm6b_full.sh: line 83: [: 0
0: integer expression expected
scripts/collect_glm6b_full.sh: line 83: [: 0
0: integer expression expected
scripts/collect_glm6b_full.sh: line 83: [: 0
0: integer expression expected
scripts/collect_glm6b_full.sh: line 83: [: 0
0: integer expression expected
scripts/collect_glm6b_full.sh: line 83: [: 0
0: integer expression expected
scripts/collect_glm6b_full.sh: line 83: [: 0
0: integer expression expected
scripts/collect_glm6b_full.sh: line 83: [: 0
0: integer expression expected
scripts/collect_glm6b_full.sh: line 83: [: 0
0: integer expression expected
scripts/collect_glm6b_full.sh: line 83: [: 0
0: integer expression expected
scripts/collect_glm6b_full.sh: line 83: [: 0
0: integer expression expected
scripts/collect_glm6b_full.sh: line 83: [: 0
0: integer expression expected
scripts/collect_glm6b_full.sh: line 83: [: 0
0: integer expression expected
scripts/collect_glm6b_full.sh: line 83: [: 0
0: integer expression expected
scripts/collect_glm6b_full.sh: line 83: [: 0
0: integer expression expected
scripts/collect_glm6b_full.sh: line 83: [: 0
0: integer expression expected
scripts/collect_glm6b_full.sh: line 83: [: 0
0: integer expression expected
scripts/collect_glm6b_full.sh: line 83: [: 0
0: integer expression expected
scripts/collect_glm6b_full.sh: line 83: [: 0
0: integer expression expected
scripts/collect_glm6b_full.sh: line 83: [: 0
0: integer expression expected
scripts/collect_glm6b_full.sh: line 83: [: 0
0: integer expression expected
scripts/collect_glm6b_full.sh: line 83: [: 0
0: integer expression expected
scripts/collect_glm6b_full.sh: line 83: [: 0
0: integer expression expected
scripts/collect_glm6b_full.sh: line 83: [: 0
0: integer expression expected
scripts/collect_glm6b_full.sh: line 83: [: 0
0: integer expression expected
scripts/collect_glm6b_full.sh: line 83: [: 0
0: integer expression expected
scripts/collect_glm6b_full.sh: line 83: [: 0
0: integer expression expected
scripts/collect_glm6b_full.sh: line 83: [: 0
0: integer expression expected
scripts/collect_glm6b_full.sh: line 83: [: 0
0: integer expression expected
scripts/collect_glm6b_full.sh: line 83: [: 0
0: integer expression expected
scripts/collect_glm6b_full.sh: line 83: [: 0
0: integer expression expected
scripts/collect_glm6b_full.sh: line 83: [: 0
0: integer expression expected
scripts/collect_glm6b_full.sh: line 83: [: 0
0: integer expression expected
scripts/collect_glm6b_full.sh: line 83: [: 0
0: integer expression expected
scripts/collect_glm6b_full.sh: line 83: [: 0
0: integer expression expected
scripts/collect_glm6b_full.sh: line 83: [: 0
0: integer expression expected
scripts/collect_glm6b_full.sh: line 83: [: 0
0: integer expression expected
scripts/collect_glm6b_full.sh: line 83: [: 0
0: integer expression expected
scripts/collect_glm6b_full.sh: line 83: [: 0
0: integer expression expected
scripts/collect_glm6b_full.sh: line 83: [: 0
0: integer expression expected
scripts/collect_glm6b_full.sh: line 83: [: 0
0: integer expression expected
scripts/collect_glm6b_full.sh: line 83: [: 0
0: integer expression expected
scripts/collect_glm6b_full.sh: line 83: [: 0
0: integer expression expected
scripts/collect_glm6b_full.sh: line 83: [: 0
0: integer expression expected
scripts/collect_glm6b_full.sh: line 83: [: 0
0: integer expression expected
scripts/collect_glm6b_full.sh: line 83: [: 0
0: integer expression expected
scripts/collect_glm6b_full.sh: line 83: [: 0
0: integer expression expected
scripts/collect_glm6b_full.sh: line 83: [: 0
0: integer expression expected
scripts/collect_glm6b_full.sh: line 83: [: 0
0: integer expression expected
scripts/collect_glm6b_full.sh: line 83: [: 0
0: integer expression expected
scripts/collect_glm6b_full.sh: line 83: [: 0
0: integer expression expected
scripts/collect_glm6b_full.sh: line 83: [: 0
0: integer expression expected
scripts/collect_glm6b_full.sh: line 83: [: 0
0: integer expression expected
scripts/collect_glm6b_full.sh: line 83: [: 0
0: integer expression expected
scripts/collect_glm6b_full.sh: line 83: [: 0
0: integer expression expected
scripts/collect_glm6b_full.sh: line 83: [: 0
0: integer expression expected
scripts/collect_glm6b_full.sh: line 83: [: 0
0: integer expression expected
scripts/collect_glm6b_full.sh: line 83: [: 0
0: integer expression expected
scripts/collect_glm6b_full.sh: line 83: [: 0
0: integer expression expected
scripts/collect_glm6b_full.sh: line 83: [: 0
0: integer expression expected
scripts/collect_glm6b_full.sh: line 83: [: 0
0: integer expression expected
scripts/collect_glm6b_full.sh: line 83: [: 0
0: integer expression expected
scripts/collect_glm6b_full.sh: line 83: [: 0
0: integer expression expected
scripts/collect_glm6b_full.sh: line 83: [: 0
0: integer expression expected
scripts/collect_glm6b_full.sh: line 83: [: 0
0: integer expression expected
scripts/collect_glm6b_full.sh: line 83: [: 0
0: integer expression expected
scripts/collect_glm6b_full.sh: line 83: [: 0
0: integer expression expected
scripts/collect_glm6b_full.sh: line 83: [: 0
0: integer expression expected
scripts/collect_glm6b_full.sh: line 83: [: 0
0: integer expression expected
scripts/collect_glm6b_full.sh: line 83: [: 0
0: integer expression expected
scripts/collect_glm6b_full.sh: line 83: [: 0
0: integer expression expected
scripts/collect_glm6b_full.sh: line 83: [: 0
0: integer expression expected
scripts/collect_glm6b_full.sh: line 83: [: 0
0: integer expression expected
scripts/collect_glm6b_full.sh: line 83: [: 0
0: integer expression expected
scripts/collect_glm6b_full.sh: line 83: [: 0
0: integer expression expected
scripts/collect_glm6b_full.sh: line 83: [: 0
0: integer expression expected
scripts/collect_glm6b_full.sh: line 83: [: 0
0: integer expression expected
scripts/collect_glm6b_full.sh: line 83: [: 0
0: integer expression expected
scripts/collect_glm6b_full.sh: line 83: [: 0
0: integer expression expected
scripts/collect_glm6b_full.sh: line 83: [: 0
0: integer expression expected
scripts/collect_glm6b_full.sh: line 83: [: 0
0: integer expression expected
scripts/collect_glm6b_full.sh: line 83: [: 0
0: integer expression expected
scripts/collect_glm6b_full.sh: line 83: [: 0
0: integer expression expected
scripts/collect_glm6b_full.sh: line 83: [: 0
0: integer expression expected
scripts/collect_glm6b_full.sh: line 83: [: 0
0: integer expression expected
scripts/collect_glm6b_full.sh: line 83: [: 0
0: integer expression expected
scripts/collect_glm6b_full.sh: line 83: [: 0
0: integer expression expected
scripts/collect_glm6b_full.sh: line 83: [: 0
0: integer expression expected
scripts/collect_glm6b_full.sh: line 83: [: 0
0: integer expression expected
scripts/collect_glm6b_full.sh: line 83: [: 0
0: integer expression expected
scripts/collect_glm6b_full.sh: line 83: [: 0
0: integer expression expected
scripts/collect_glm6b_full.sh: line 83: [: 0
0: integer expression expected
scripts/collect_glm6b_full.sh: line 83: [: 0
0: integer expression expected
scripts/collect_glm6b_full.sh: line 83: [: 0
0: integer expression expected
scripts/collect_glm6b_full.sh: line 83: [: 0
0: integer expression expected
scripts/collect_glm6b_full.sh: line 83: [: 0
0: integer expression expected
scripts/collect_glm6b_full.sh: line 83: [: 0
0: integer expression expected
scripts/collect_glm6b_full.sh: line 83: [: 0
0: integer expression expected
scripts/collect_glm6b_full.sh: line 83: [: 0
0: integer expression expected
scripts/collect_glm6b_full.sh: line 83: [: 0
0: integer expression expected
scripts/collect_glm6b_full.sh: line 83: [: 0
0: integer expression expected
scripts/collect_glm6b_full.sh: line 83: [: 0
0: integer expression expected
scripts/collect_glm6b_full.sh: line 83: [: 0
0: integer expression expected
scripts/collect_glm6b_full.sh: line 83: [: 0
0: integer expression expected
scripts/collect_glm6b_full.sh: line 83: [: 0
0: integer expression expected
scripts/collect_glm6b_full.sh: line 83: [: 0
0: integer expression expected
scripts/collect_glm6b_full.sh: line 83: [: 0
0: integer expression expected
scripts/collect_glm6b_full.sh: line 83: [: 0
0: integer expression expected
scripts/collect_glm6b_full.sh: line 83: [: 0
0: integer expression expected
scripts/collect_glm6b_full.sh: line 83: [: 0
0: integer expression expected
scripts/collect_glm6b_full.sh: line 83: [: 0
0: integer expression expected
scripts/collect_glm6b_full.sh: line 83: [: 0
0: integer expression expected
scripts/collect_glm6b_full.sh: line 83: [: 0
0: integer expression expected
scripts/collect_glm6b_full.sh: line 83: [: 0
0: integer expression expected
scripts/collect_glm6b_full.sh: line 83: [: 0
0: integer expression expected
scripts/collect_glm6b_full.sh: line 83: [: 0
0: integer expression expected
scripts/collect_glm6b_full.sh: line 83: [: 0
0: integer expression expected
scripts/collect_glm6b_full.sh: line 83: [: 0
0: integer expression expected
scripts/collect_glm6b_full.sh: line 83: [: 0
0: integer expression expected
scripts/collect_glm6b_full.sh: line 83: [: 0
0: integer expression expected
scripts/collect_glm6b_full.sh: line 83: [: 0
0: integer expression expected
scripts/collect_glm6b_full.sh: line 83: [: 0
0: integer expression expected
scripts/collect_glm6b_full.sh: line 83: [: 0
0: integer expression expected
scripts/collect_glm6b_full.sh: line 83: [: 0
0: integer expression expected
scripts/collect_glm6b_full.sh: line 83: [: 0
0: integer expression expected
scripts/collect_glm6b_full.sh: line 83: [: 0
0: integer expression expected
scripts/collect_glm6b_full.sh: line 83: [: 0
0: integer expression expected
scripts/collect_glm6b_full.sh: line 83: [: 0
0: integer expression expected
scripts/collect_glm6b_full.sh: line 83: [: 0
0: integer expression expected
scripts/collect_glm6b_full.sh: line 83: [: 0
0: integer expression expected
scripts/collect_glm6b_full.sh: line 83: [: 0
0: integer expression expected
scripts/collect_glm6b_full.sh: line 83: [: 0
0: integer expression expected
scripts/collect_glm6b_full.sh: line 83: [: 0
0: integer expression expected
scripts/collect_glm6b_full.sh: line 83: [: 0
0: integer expression expected
scripts/collect_glm6b_full.sh: line 83: [: 0
0: integer expression expected
scripts/collect_glm6b_full.sh: line 83: [: 0
0: integer expression expected
scripts/collect_glm6b_full.sh: line 83: [: 0
0: integer expression expected
scripts/collect_glm6b_full.sh: line 83: [: 0
0: integer expression expected
scripts/collect_glm6b_full.sh: line 83: [: 0
0: integer expression expected
scripts/collect_glm6b_full.sh: line 83: [: 0
0: integer expression expected
scripts/collect_glm6b_full.sh: line 83: [: 0
0: integer expression expected
scripts/collect_glm6b_full.sh: line 83: [: 0
0: integer expression expected
scripts/collect_glm6b_full.sh: line 83: [: 0
0: integer expression expected
scripts/collect_glm6b_full.sh: line 83: [: 0
0: integer expression expected
scripts/collect_glm6b_full.sh: line 83: [: 0
0: integer expression expected
scripts/collect_glm6b_full.sh: line 83: [: 0
0: integer expression expected
scripts/collect_glm6b_full.sh: line 83: [: 0
0: integer expression expected
scripts/collect_glm6b_full.sh: line 83: [: 0
0: integer expression expected
scripts/collect_glm6b_full.sh: line 83: [: 0
0: integer expression expected
scripts/collect_glm6b_full.sh: line 83: [: 0
0: integer expression expected
scripts/collect_glm6b_full.sh: line 83: [: 0
0: integer expression expected
scripts/collect_glm6b_full.sh: line 83: [: 0
0: integer expression expected
scripts/collect_glm6b_full.sh: line 83: [: 0
0: integer expression expected
scripts/collect_glm6b_full.sh: line 83: [: 0
0: integer expression expected
scripts/collect_glm6b_full.sh: line 83: [: 0
0: integer expression expected
scripts/collect_glm6b_full.sh: line 83: [: 0
0: integer expression expected
scripts/collect_glm6b_full.sh: line 83: [: 0
0: integer expression expected
scripts/collect_glm6b_full.sh: line 83: [: 0
0: integer expression expected
scripts/collect_glm6b_full.sh: line 83: [: 0
0: integer expression expected
scripts/collect_glm6b_full.sh: line 83: [: 0
0: integer expression expected
scripts/collect_glm6b_full.sh: line 83: [: 0
0: integer expression expected
scripts/collect_glm6b_full.sh: line 83: [: 0
0: integer expression expected
scripts/collect_glm6b_full.sh: line 83: [: 0
0: integer expression expected
scripts/collect_glm6b_full.sh: line 83: [: 0
0: integer expression expected
scripts/collect_glm6b_full.sh: line 83: [: 0
0: integer expression expected
scripts/collect_glm6b_full.sh: line 83: [: 0
0: integer expression expected
scripts/collect_glm6b_full.sh: line 83: [: 0
0: integer expression expected
scripts/collect_glm6b_full.sh: line 83: [: 0
0: integer expression expected
scripts/collect_glm6b_full.sh: line 83: [: 0
0: integer expression expected
scripts/collect_glm6b_full.sh: line 83: [: 0
0: integer expression expected
scripts/collect_glm6b_full.sh: line 83: [: 0
0: integer expression expected
scripts/collect_glm6b_full.sh: line 83: [: 0
0: integer expression expected
scripts/collect_glm6b_full.sh: line 83: [: 0
0: integer expression expected
scripts/collect_glm6b_full.sh: line 83: [: 0
0: integer expression expected
scripts/collect_glm6b_full.sh: line 83: [: 0
0: integer expression expected
scripts/collect_glm6b_full.sh: line 83: [: 0
0: integer expression expected
scripts/collect_glm6b_full.sh: line 83: [: 0
0: integer expression expected
scripts/collect_glm6b_full.sh: line 83: [: 0
0: integer expression expected
scripts/collect_glm6b_full.sh: line 83: [: 0
0: integer expression expected
scripts/collect_glm6b_full.sh: line 83: [: 0
0: integer expression expected
scripts/collect_glm6b_full.sh: line 83: [: 0
0: integer expression expected
scripts/collect_glm6b_full.sh: line 83: [: 0
0: integer expression expected
scripts/collect_glm6b_full.sh: line 83: [: 0
0: integer expression expected
scripts/collect_glm6b_full.sh: line 83: [: 0
0: integer expression expected
scripts/collect_glm6b_full.sh: line 83: [: 0
0: integer expression expected
scripts/collect_glm6b_full.sh: line 83: [: 0
0: integer expression expected
scripts/collect_glm6b_full.sh: line 83: [: 0
0: integer expression expected
scripts/collect_glm6b_full.sh: line 83: [: 0
0: integer expression expected
scripts/collect_glm6b_full.sh: line 83: [: 0
0: integer expression expected
scripts/collect_glm6b_full.sh: line 83: [: 0
0: integer expression expected
scripts/collect_glm6b_full.sh: line 83: [: 0
0: integer expression expected
scripts/collect_glm6b_full.sh: line 83: [: 0
0: integer expression expected
scripts/collect_glm6b_full.sh: line 83: [: 0
0: integer expression expected
scripts/collect_glm6b_full.sh: line 83: [: 0
0: integer expression expected
scripts/collect_glm6b_full.sh: line 83: [: 0
0: integer expression expected
scripts/collect_glm6b_full.sh: line 83: [: 0
0: integer expression expected
scripts/collect_glm6b_full.sh: line 83: [: 0
0: integer expression expected
scripts/collect_glm6b_full.sh: line 83: [: 0
0: integer expression expected
scripts/collect_glm6b_full.sh: line 83: [: 0
0: integer expression expected
scripts/collect_glm6b_full.sh: line 83: [: 0
0: integer expression expected
scripts/collect_glm6b_full.sh: line 83: [: 0
0: integer expression expected
scripts/collect_glm6b_full.sh: line 83: [: 0
0: integer expression expected
scripts/collect_glm6b_full.sh: line 83: [: 0
0: integer expression expected
scripts/collect_glm6b_full.sh: line 83: [: 0
0: integer expression expected
scripts/collect_glm6b_full.sh: line 83: [: 0
0: integer expression expected
scripts/collect_glm6b_full.sh: line 83: [: 0
0: integer expression expected
scripts/collect_glm6b_full.sh: line 83: [: 0
0: integer expression expected
scripts/collect_glm6b_full.sh: line 83: [: 0
0: integer expression expected
scripts/collect_glm6b_full.sh: line 83: [: 0
0: integer expression expected
scripts/collect_glm6b_full.sh: line 83: [: 0
0: integer expression expected
scripts/collect_glm6b_full.sh: line 83: [: 0
0: integer expression expected
scripts/collect_glm6b_full.sh: line 83: [: 0
0: integer expression expected
scripts/collect_glm6b_full.sh: line 83: [: 0
0: integer expression expected
scripts/collect_glm6b_full.sh: line 83: [: 0
0: integer expression expected
scripts/collect_glm6b_full.sh: line 83: [: 0
0: integer expression expected
scripts/collect_glm6b_full.sh: line 83: [: 0
0: integer expression expected
scripts/collect_glm6b_full.sh: line 83: [: 0
0: integer expression expected
scripts/collect_glm6b_full.sh: line 83: [: 0
0: integer expression expected
scripts/collect_glm6b_full.sh: line 83: [: 0
0: integer expression expected
scripts/collect_glm6b_full.sh: line 83: [: 0
0: integer expression expected
scripts/collect_glm6b_full.sh: line 83: [: 0
0: integer expression expected
scripts/collect_glm6b_full.sh: line 83: [: 0
0: integer expression expected
scripts/collect_glm6b_full.sh: line 83: [: 0
0: integer expression expected
scripts/collect_glm6b_full.sh: line 83: [: 0
0: integer expression expected
scripts/collect_glm6b_full.sh: line 83: [: 0
0: integer expression expected
scripts/collect_glm6b_full.sh: line 83: [: 0
0: integer expression expected
scripts/collect_glm6b_full.sh: line 83: [: 0
0: integer expression expected
scripts/collect_glm6b_full.sh: line 83: [: 0
0: integer expression expected
scripts/collect_glm6b_full.sh: line 83: [: 0
0: integer expression expected
scripts/collect_glm6b_full.sh: line 83: [: 0
0: integer expression expected
scripts/collect_glm6b_full.sh: line 83: [: 0
0: integer expression expected
scripts/collect_glm6b_full.sh: line 83: [: 0
0: integer expression expected
scripts/collect_glm6b_full.sh: line 83: [: 0
0: integer expression expected
scripts/collect_glm6b_full.sh: line 83: [: 0
0: integer expression expected
scripts/collect_glm6b_full.sh: line 83: [: 0
0: integer expression expected
scripts/collect_glm6b_full.sh: line 83: [: 0
0: integer expression expected
scripts/collect_glm6b_full.sh: line 83: [: 0
0: integer expression expected
scripts/collect_glm6b_full.sh: line 83: [: 0
0: integer expression expected
scripts/collect_glm6b_full.sh: line 83: [: 0
0: integer expression expected
scripts/collect_glm6b_full.sh: line 83: [: 0
0: integer expression expected
scripts/collect_glm6b_full.sh: line 83: [: 0
0: integer expression expected
scripts/collect_glm6b_full.sh: line 83: [: 0
0: integer expression expected
scripts/collect_glm6b_full.sh: line 83: [: 0
0: integer expression expected
scripts/collect_glm6b_full.sh: line 83: [: 0
0: integer expression expected
scripts/collect_glm6b_full.sh: line 83: [: 0
0: integer expression expected
scripts/collect_glm6b_full.sh: line 83: [: 0
0: integer expression expected
scripts/collect_glm6b_full.sh: line 83: [: 0
0: integer expression expected
scripts/collect_glm6b_full.sh: line 83: [: 0
0: integer expression expected
scripts/collect_glm6b_full.sh: line 83: [: 0
0: integer expression expected
scripts/collect_glm6b_full.sh: line 83: [: 0
0: integer expression expected
scripts/collect_glm6b_full.sh: line 83: [: 0
0: integer expression expected
scripts/collect_glm6b_full.sh: line 83: [: 0
0: integer expression expected
scripts/collect_glm6b_full.sh: line 83: [: 0
0: integer expression expected
scripts/collect_glm6b_full.sh: line 83: [: 0
0: integer expression expected
scripts/collect_glm6b_full.sh: line 83: [: 0
0: integer expression expected
scripts/collect_glm6b_full.sh: line 83: [: 0
0: integer expression expected
scripts/collect_glm6b_full.sh: line 83: [: 0
0: integer expression expected
scripts/collect_glm6b_full.sh: line 83: [: 0
0: integer expression expected
scripts/collect_glm6b_full.sh: line 83: [: 0
0: integer expression expected
scripts/collect_glm6b_full.sh: line 83: [: 0
0: integer expression expected
scripts/collect_glm6b_full.sh: line 83: [: 0
0: integer expression expected
scripts/collect_glm6b_full.sh: line 83: [: 0
0: integer expression expected
scripts/collect_glm6b_full.sh: line 83: [: 0
0: integer expression expected
scripts/collect_glm6b_full.sh: line 83: [: 0
0: integer expression expected
scripts/collect_glm6b_full.sh: line 83: [: 0
0: integer expression expected
scripts/collect_glm6b_full.sh: line 83: [: 0
0: integer expression expected
scripts/collect_glm6b_full.sh: line 83: [: 0
0: integer expression expected
scripts/collect_glm6b_full.sh: line 83: [: 0
0: integer expression expected
scripts/collect_glm6b_full.sh: line 83: [: 0
0: integer expression expected
scripts/collect_glm6b_full.sh: line 83: [: 0
0: integer expression expected
scripts/collect_glm6b_full.sh: line 83: [: 0
0: integer expression expected
scripts/collect_glm6b_full.sh: line 83: [: 0
0: integer expression expected
scripts/collect_glm6b_full.sh: line 83: [: 0
0: integer expression expected
scripts/collect_glm6b_full.sh: line 83: [: 0
0: integer expression expected
scripts/collect_glm6b_full.sh: line 83: [: 0
0: integer expression expected
scripts/collect_glm6b_full.sh: line 83: [: 0
0: integer expression expected
scripts/collect_glm6b_full.sh: line 83: [: 0
0: integer expression expected
scripts/collect_glm6b_full.sh: line 83: [: 0
0: integer expression expected
scripts/collect_glm6b_full.sh: line 83: [: 0
0: integer expression expected
scripts/collect_glm6b_full.sh: line 83: [: 0
0: integer expression expected
scripts/collect_glm6b_full.sh: line 83: [: 0
0: integer expression expected
scripts/collect_glm6b_full.sh: line 83: [: 0
0: integer expression expected
scripts/collect_glm6b_full.sh: line 83: [: 0
0: integer expression expected
scripts/collect_glm6b_full.sh: line 83: [: 0
0: integer expression expected
scripts/collect_glm6b_full.sh: line 83: [: 0
0: integer expression expected
scripts/collect_glm6b_full.sh: line 83: [: 0
0: integer expression expected
scripts/collect_glm6b_full.sh: line 83: [: 0
0: integer expression expected
scripts/collect_glm6b_full.sh: line 83: [: 0
0: integer expression expected
scripts/collect_glm6b_full.sh: line 83: [: 0
0: integer expression expected
scripts/collect_glm6b_full.sh: line 83: [: 0
0: integer expression expected
scripts/collect_glm6b_full.sh: line 83: [: 0
0: integer expression expected
scripts/collect_glm6b_full.sh: line 83: [: 0
0: integer expression expected
scripts/collect_glm6b_full.sh: line 83: [: 0
0: integer expression expected
scripts/collect_glm6b_full.sh: line 83: [: 0
0: integer expression expected
scripts/collect_glm6b_full.sh: line 83: [: 0
0: integer expression expected
scripts/collect_glm6b_full.sh: line 83: [: 0
0: integer expression expected
scripts/collect_glm6b_full.sh: line 83: [: 0
0: integer expression expected
scripts/collect_glm6b_full.sh: line 83: [: 0
0: integer expression expected
scripts/collect_glm6b_full.sh: line 83: [: 0
0: integer expression expected
scripts/collect_glm6b_full.sh: line 83: [: 0
0: integer expression expected
scripts/collect_glm6b_full.sh: line 83: [: 0
0: integer expression expected
scripts/collect_glm6b_full.sh: line 83: [: 0
0: integer expression expected
scripts/collect_glm6b_full.sh: line 83: [: 0
0: integer expression expected
scripts/collect_glm6b_full.sh: line 83: [: 0
0: integer expression expected
scripts/collect_glm6b_full.sh: line 83: [: 0
0: integer expression expected
scripts/collect_glm6b_full.sh: line 83: [: 0
0: integer expression expected
scripts/collect_glm6b_full.sh: line 83: [: 0
0: integer expression expected
scripts/collect_glm6b_full.sh: line 83: [: 0
0: integer expression expected
scripts/collect_glm6b_full.sh: line 83: [: 0
0: integer expression expected
scripts/collect_glm6b_full.sh: line 83: [: 0
0: integer expression expected
scripts/collect_glm6b_full.sh: line 83: [: 0
0: integer expression expected
scripts/collect_glm6b_full.sh: line 83: [: 0
0: integer expression expected
scripts/collect_glm6b_full.sh: line 83: [: 0
0: integer expression expected
scripts/collect_glm6b_full.sh: line 83: [: 0
0: integer expression expected
scripts/collect_glm6b_full.sh: line 83: [: 0
0: integer expression expected
scripts/collect_glm6b_full.sh: line 83: [: 0
0: integer expression expected
scripts/collect_glm6b_full.sh: line 83: [: 0
0: integer expression expected
scripts/collect_glm6b_full.sh: line 83: [: 0
0: integer expression expected
scripts/collect_glm6b_full.sh: line 83: [: 0
0: integer expression expected
scripts/collect_glm6b_full.sh: line 83: [: 0
0: integer expression expected
scripts/collect_glm6b_full.sh: line 83: [: 0
0: integer expression expected
scripts/collect_glm6b_full.sh: line 83: [: 0
0: integer expression expected
scripts/collect_glm6b_full.sh: line 83: [: 0
0: integer expression expected
scripts/collect_glm6b_full.sh: line 83: [: 0
0: integer expression expected
scripts/collect_glm6b_full.sh: line 83: [: 0
0: integer expression expected
scripts/collect_glm6b_full.sh: line 83: [: 0
0: integer expression expected
scripts/collect_glm6b_full.sh: line 83: [: 0
0: integer expression expected
scripts/collect_glm6b_full.sh: line 83: [: 0
0: integer expression expected
scripts/collect_glm6b_full.sh: line 83: [: 0
0: integer expression expected
scripts/collect_glm6b_full.sh: line 83: [: 0
0: integer expression expected
scripts/collect_glm6b_full.sh: line 83: [: 0
0: integer expression expected
scripts/collect_glm6b_full.sh: line 83: [: 0
0: integer expression expected
scripts/collect_glm6b_full.sh: line 83: [: 0
0: integer expression expected
scripts/collect_glm6b_full.sh: line 83: [: 0
0: integer expression expected
scripts/collect_glm6b_full.sh: line 83: [: 0
0: integer expression expected
scripts/collect_glm6b_full.sh: line 83: [: 0
0: integer expression expected
scripts/collect_glm6b_full.sh: line 83: [: 0
0: integer expression expected
scripts/collect_glm6b_full.sh: line 83: [: 0
0: integer expression expected
scripts/collect_glm6b_full.sh: line 83: [: 0
0: integer expression expected
scripts/collect_glm6b_full.sh: line 83: [: 0
0: integer expression expected
scripts/collect_glm6b_full.sh: line 83: [: 0
0: integer expression expected
scripts/collect_glm6b_full.sh: line 83: [: 0
0: integer expression expected
scripts/collect_glm6b_full.sh: line 83: [: 0
0: integer expression expected
scripts/collect_glm6b_full.sh: line 83: [: 0
0: integer expression expected
scripts/collect_glm6b_full.sh: line 83: [: 0
0: integer expression expected
scripts/collect_glm6b_full.sh: line 83: [: 0
0: integer expression expected
scripts/collect_glm6b_full.sh: line 83: [: 0
0: integer expression expected
scripts/collect_glm6b_full.sh: line 83: [: 0
0: integer expression expected
scripts/collect_glm6b_full.sh: line 83: [: 0
0: integer expression expected
scripts/collect_glm6b_full.sh: line 83: [: 0
0: integer expression expected
scripts/collect_glm6b_full.sh: line 83: [: 0
0: integer expression expected
scripts/collect_glm6b_full.sh: line 83: [: 0
0: integer expression expected
scripts/collect_glm6b_full.sh: line 83: [: 0
0: integer expression expected
scripts/collect_glm6b_full.sh: line 83: [: 0
0: integer expression expected
scripts/collect_glm6b_full.sh: line 83: [: 0
0: integer expression expected
scripts/collect_glm6b_full.sh: line 83: [: 0
0: integer expression expected
scripts/collect_glm6b_full.sh: line 83: [: 0
0: integer expression expected
scripts/collect_glm6b_full.sh: line 83: [: 0
0: integer expression expected
scripts/collect_glm6b_full.sh: line 83: [: 0
0: integer expression expected
scripts/collect_glm6b_full.sh: line 83: [: 0
0: integer expression expected
scripts/collect_glm6b_full.sh: line 83: [: 0
0: integer expression expected
scripts/collect_glm6b_full.sh: line 83: [: 0
0: integer expression expected
scripts/collect_glm6b_full.sh: line 83: [: 0
0: integer expression expected
scripts/collect_glm6b_full.sh: line 83: [: 0
0: integer expression expected
scripts/collect_glm6b_full.sh: line 83: [: 0
0: integer expression expected
scripts/collect_glm6b_full.sh: line 83: [: 0
0: integer expression expected
scripts/collect_glm6b_full.sh: line 83: [: 0
0: integer expression expected
scripts/collect_glm6b_full.sh: line 83: [: 0
0: integer expression expected
scripts/collect_glm6b_full.sh: line 83: [: 0
0: integer expression expected
scripts/collect_glm6b_full.sh: line 83: [: 0
0: integer expression expected
scripts/collect_glm6b_full.sh: line 83: [: 0
0: integer expression expected
scripts/collect_glm6b_full.sh: line 83: [: 0
0: integer expression expected
scripts/collect_glm6b_full.sh: line 83: [: 0
0: integer expression expected
scripts/collect_glm6b_full.sh: line 83: [: 0
0: integer expression expected
scripts/collect_glm6b_full.sh: line 83: [: 0
0: integer expression expected
scripts/collect_glm6b_full.sh: line 83: [: 0
0: integer expression expected
scripts/collect_glm6b_full.sh: line 83: [: 0
0: integer expression expected
scripts/collect_glm6b_full.sh: line 83: [: 0
0: integer expression expected
scripts/collect_glm6b_full.sh: line 83: [: 0
0: integer expression expected
scripts/collect_glm6b_full.sh: line 83: [: 0
0: integer expression expected
scripts/collect_glm6b_full.sh: line 83: [: 0
0: integer expression expected
scripts/collect_glm6b_full.sh: line 83: [: 0
0: integer expression expected
scripts/collect_glm6b_full.sh: line 83: [: 0
0: integer expression expected
scripts/collect_glm6b_full.sh: line 83: [: 0
0: integer expression expected
scripts/collect_glm6b_full.sh: line 83: [: 0
0: integer expression expected
scripts/collect_glm6b_full.sh: line 83: [: 0
0: integer expression expected
scripts/collect_glm6b_full.sh: line 83: [: 0
0: integer expression expected
scripts/collect_glm6b_full.sh: line 83: [: 0
0: integer expression expected
scripts/collect_glm6b_full.sh: line 83: [: 0
0: integer expression expected
scripts/collect_glm6b_full.sh: line 83: [: 0
0: integer expression expected
scripts/collect_glm6b_full.sh: line 83: [: 0
0: integer expression expected
scripts/collect_glm6b_full.sh: line 83: [: 0
0: integer expression expected
scripts/collect_glm6b_full.sh: line 83: [: 0
0: integer expression expected
scripts/collect_glm6b_full.sh: line 83: [: 0
0: integer expression expected
scripts/collect_glm6b_full.sh: line 83: [: 0
0: integer expression expected
scripts/collect_glm6b_full.sh: line 83: [: 0
0: integer expression expected
scripts/collect_glm6b_full.sh: line 83: [: 0
0: integer expression expected
scripts/collect_glm6b_full.sh: line 83: [: 0
0: integer expression expected
scripts/collect_glm6b_full.sh: line 83: [: 0
0: integer expression expected
scripts/collect_glm6b_full.sh: line 83: [: 0
0: integer expression expected
scripts/collect_glm6b_full.sh: line 83: [: 0
0: integer expression expected
scripts/collect_glm6b_full.sh: line 83: [: 0
0: integer expression expected
scripts/collect_glm6b_full.sh: line 83: [: 0
0: integer expression expected
scripts/collect_glm6b_full.sh: line 83: [: 0
0: integer expression expected
scripts/collect_glm6b_full.sh: line 83: [: 0
0: integer expression expected
scripts/collect_glm6b_full.sh: line 83: [: 0
0: integer expression expected
scripts/collect_glm6b_full.sh: line 83: [: 0
0: integer expression expected
scripts/collect_glm6b_full.sh: line 83: [: 0
0: integer expression expected
scripts/collect_glm6b_full.sh: line 83: [: 0
0: integer expression expected
scripts/collect_glm6b_full.sh: line 83: [: 0
0: integer expression expected
scripts/collect_glm6b_full.sh: line 83: [: 0
0: integer expression expected
scripts/collect_glm6b_full.sh: line 83: [: 0
0: integer expression expected
scripts/collect_glm6b_full.sh: line 83: [: 0
0: integer expression expected
scripts/collect_glm6b_full.sh: line 83: [: 0
0: integer expression expected
scripts/collect_glm6b_full.sh: line 83: [: 0
0: integer expression expected
scripts/collect_glm6b_full.sh: line 83: [: 0
0: integer expression expected
scripts/collect_glm6b_full.sh: line 83: [: 0
0: integer expression expected
scripts/collect_glm6b_full.sh: line 83: [: 0
0: integer expression expected
scripts/collect_glm6b_full.sh: line 83: [: 0
0: integer expression expected
scripts/collect_glm6b_full.sh: line 83: [: 0
0: integer expression expected
scripts/collect_glm6b_full.sh: line 83: [: 0
0: integer expression expected
scripts/collect_glm6b_full.sh: line 83: [: 0
0: integer expression expected
scripts/collect_glm6b_full.sh: line 83: [: 0
0: integer expression expected
scripts/collect_glm6b_full.sh: line 83: [: 0
0: integer expression expected
scripts/collect_glm6b_full.sh: line 83: [: 0
0: integer expression expected
scripts/collect_glm6b_full.sh: line 83: [: 0
0: integer expression expected
scripts/collect_glm6b_full.sh: line 83: [: 0
0: integer expression expected
scripts/collect_glm6b_full.sh: line 83: [: 0
0: integer expression expected
scripts/collect_glm6b_full.sh: line 83: [: 0
0: integer expression expected
scripts/collect_glm6b_full.sh: line 83: [: 0
0: integer expression expected
scripts/collect_glm6b_full.sh: line 83: [: 0
0: integer expression expected
scripts/collect_glm6b_full.sh: line 83: [: 0
0: integer expression expected
scripts/collect_glm6b_full.sh: line 83: [: 0
0: integer expression expected
scripts/collect_glm6b_full.sh: line 83: [: 0
0: integer expression expected
scripts/collect_glm6b_full.sh: line 83: [: 0
0: integer expression expected
scripts/collect_glm6b_full.sh: line 83: [: 0
0: integer expression expected
scripts/collect_glm6b_full.sh: line 83: [: 0
0: integer expression expected
scripts/collect_glm6b_full.sh: line 83: [: 0
0: integer expression expected
scripts/collect_glm6b_full.sh: line 83: [: 0
0: integer expression expected
scripts/collect_glm6b_full.sh: line 83: [: 0
0: integer expression expected
scripts/collect_glm6b_full.sh: line 83: [: 0
0: integer expression expected
scripts/collect_glm6b_full.sh: line 83: [: 0
0: integer expression expected
scripts/collect_glm6b_full.sh: line 83: [: 0
0: integer expression expected
scripts/collect_glm6b_full.sh: line 83: [: 0
0: integer expression expected
scripts/collect_glm6b_full.sh: line 83: [: 0
0: integer expression expected
scripts/collect_glm6b_full.sh: line 83: [: 0
0: integer expression expected
scripts/collect_glm6b_full.sh: line 83: [: 0
0: integer expression expected
scripts/collect_glm6b_full.sh: line 83: [: 0
0: integer expression expected
scripts/collect_glm6b_full.sh: line 83: [: 0
0: integer expression expected
scripts/collect_glm6b_full.sh: line 83: [: 0
0: integer expression expected
scripts/collect_glm6b_full.sh: line 83: [: 0
0: integer expression expected
scripts/collect_glm6b_full.sh: line 83: [: 0
0: integer expression expected
scripts/collect_glm6b_full.sh: line 83: [: 0
0: integer expression expected
scripts/collect_glm6b_full.sh: line 83: [: 0
0: integer expression expected
scripts/collect_glm6b_full.sh: line 83: [: 0
0: integer expression expected
scripts/collect_glm6b_full.sh: line 83: [: 0
0: integer expression expected
scripts/collect_glm6b_full.sh: line 83: [: 0
0: integer expression expected
scripts/collect_glm6b_full.sh: line 83: [: 0
0: integer expression expected
scripts/collect_glm6b_full.sh: line 83: [: 0
0: integer expression expected
scripts/collect_glm6b_full.sh: line 83: [: 0
0: integer expression expected
scripts/collect_glm6b_full.sh: line 83: [: 0
0: integer expression expected
scripts/collect_glm6b_full.sh: line 83: [: 0
0: integer expression expected
scripts/collect_glm6b_full.sh: line 83: [: 0
0: integer expression expected
scripts/collect_glm6b_full.sh: line 83: [: 0
0: integer expression expected
scripts/collect_glm6b_full.sh: line 83: [: 0
0: integer expression expected
scripts/collect_glm6b_full.sh: line 83: [: 0
0: integer expression expected
scripts/collect_glm6b_full.sh: line 83: [: 0
0: integer expression expected
scripts/collect_glm6b_full.sh: line 83: [: 0
0: integer expression expected
scripts/collect_glm6b_full.sh: line 83: [: 0
0: integer expression expected
scripts/collect_glm6b_full.sh: line 83: [: 0
0: integer expression expected
scripts/collect_glm6b_full.sh: line 83: [: 0
0: integer expression expected
scripts/collect_glm6b_full.sh: line 83: [: 0
0: integer expression expected
scripts/collect_glm6b_full.sh: line 83: [: 0
0: integer expression expected
scripts/collect_glm6b_full.sh: line 83: [: 0
0: integer expression expected
scripts/collect_glm6b_full.sh: line 83: [: 0
0: integer expression expected
scripts/collect_glm6b_full.sh: line 83: [: 0
0: integer expression expected
scripts/collect_glm6b_full.sh: line 83: [: 0
0: integer expression expected
scripts/collect_glm6b_full.sh: line 83: [: 0
0: integer expression expected
scripts/collect_glm6b_full.sh: line 83: [: 0
0: integer expression expected
scripts/collect_glm6b_full.sh: line 83: [: 0
0: integer expression expected
scripts/collect_glm6b_full.sh: line 83: [: 0
0: integer expression expected
scripts/collect_glm6b_full.sh: line 83: [: 0
0: integer expression expected
scripts/collect_glm6b_full.sh: line 83: [: 0
0: integer expression expected
scripts/collect_glm6b_full.sh: line 83: [: 0
0: integer expression expected
scripts/collect_glm6b_full.sh: line 83: [: 0
0: integer expression expected
scripts/collect_glm6b_full.sh: line 83: [: 0
0: integer expression expected
scripts/collect_glm6b_full.sh: line 83: [: 0
0: integer expression expected
scripts/collect_glm6b_full.sh: line 83: [: 0
0: integer expression expected
scripts/collect_glm6b_full.sh: line 83: [: 0
0: integer expression expected
scripts/collect_glm6b_full.sh: line 83: [: 0
0: integer expression expected
scripts/collect_glm6b_full.sh: line 83: [: 0
0: integer expression expected
scripts/collect_glm6b_full.sh: line 83: [: 0
0: integer expression expected
scripts/collect_glm6b_full.sh: line 83: [: 0
0: integer expression expected
scripts/collect_glm6b_full.sh: line 83: [: 0
0: integer expression expected
scripts/collect_glm6b_full.sh: line 83: [: 0
0: integer expression expected
scripts/collect_glm6b_full.sh: line 83: [: 0
0: integer expression expected
scripts/collect_glm6b_full.sh: line 83: [: 0
0: integer expression expected
scripts/collect_glm6b_full.sh: line 83: [: 0
0: integer expression expected
scripts/collect_glm6b_full.sh: line 83: [: 0
0: integer expression expected
scripts/collect_glm6b_full.sh: line 83: [: 0
0: integer expression expected
scripts/collect_glm6b_full.sh: line 83: [: 0
0: integer expression expected
scripts/collect_glm6b_full.sh: line 83: [: 0
0: integer expression expected
scripts/collect_glm6b_full.sh: line 83: [: 0
0: integer expression expected
scripts/collect_glm6b_full.sh: line 83: [: 0
0: integer expression expected
scripts/collect_glm6b_full.sh: line 83: [: 0
0: integer expression expected
scripts/collect_glm6b_full.sh: line 83: [: 0
0: integer expression expected
scripts/collect_glm6b_full.sh: line 83: [: 0
0: integer expression expected
scripts/collect_glm6b_full.sh: line 83: [: 0
0: integer expression expected
scripts/collect_glm6b_full.sh: line 83: [: 0
0: integer expression expected
scripts/collect_glm6b_full.sh: line 83: [: 0
0: integer expression expected
scripts/collect_glm6b_full.sh: line 83: [: 0
0: integer expression expected
scripts/collect_glm6b_full.sh: line 83: [: 0
0: integer expression expected
scripts/collect_glm6b_full.sh: line 83: [: 0
0: integer expression expected
scripts/collect_glm6b_full.sh: line 83: [: 0
0: integer expression expected
scripts/collect_glm6b_full.sh: line 83: [: 0
0: integer expression expected
scripts/collect_glm6b_full.sh: line 83: [: 0
0: integer expression expected
scripts/collect_glm6b_full.sh: line 83: [: 0
0: integer expression expected
scripts/collect_glm6b_full.sh: line 83: [: 0
0: integer expression expected
scripts/collect_glm6b_full.sh: line 83: [: 0
0: integer expression expected
scripts/collect_glm6b_full.sh: line 83: [: 0
0: integer expression expected
scripts/collect_glm6b_full.sh: line 83: [: 0
0: integer expression expected
scripts/collect_glm6b_full.sh: line 83: [: 0
0: integer expression expected
scripts/collect_glm6b_full.sh: line 83: [: 0
0: integer expression expected
scripts/collect_glm6b_full.sh: line 83: [: 0
0: integer expression expected
scripts/collect_glm6b_full.sh: line 83: [: 0
0: integer expression expected
scripts/collect_glm6b_full.sh: line 83: [: 0
0: integer expression expected
scripts/collect_glm6b_full.sh: line 83: [: 0
0: integer expression expected
scripts/collect_glm6b_full.sh: line 83: [: 0
0: integer expression expected
scripts/collect_glm6b_full.sh: line 83: [: 0
0: integer expression expected
scripts/collect_glm6b_full.sh: line 83: [: 0
0: integer expression expected
scripts/collect_glm6b_full.sh: line 83: [: 0
0: integer expression expected
scripts/collect_glm6b_full.sh: line 83: [: 0
0: integer expression expected
scripts/collect_glm6b_full.sh: line 83: [: 0
0: integer expression expected
scripts/collect_glm6b_full.sh: line 83: [: 0
0: integer expression expected
scripts/collect_glm6b_full.sh: line 83: [: 0
0: integer expression expected
scripts/collect_glm6b_full.sh: line 83: [: 0
0: integer expression expected
scripts/collect_glm6b_full.sh: line 83: [: 0
0: integer expression expected
scripts/collect_glm6b_full.sh: line 83: [: 0
0: integer expression expected
scripts/collect_glm6b_full.sh: line 83: [: 0
0: integer expression expected
scripts/collect_glm6b_full.sh: line 83: [: 0
0: integer expression expected
scripts/collect_glm6b_full.sh: line 83: [: 0
0: integer expression expected
scripts/collect_glm6b_full.sh: line 83: [: 0
0: integer expression expected
scripts/collect_glm6b_full.sh: line 83: [: 0
0: integer expression expected
scripts/collect_glm6b_full.sh: line 83: [: 0
0: integer expression expected
scripts/collect_glm6b_full.sh: line 83: [: 0
0: integer expression expected
scripts/collect_glm6b_full.sh: line 83: [: 0
0: integer expression expected
scripts/collect_glm6b_full.sh: line 83: [: 0
0: integer expression expected
scripts/collect_glm6b_full.sh: line 83: [: 0
0: integer expression expected
scripts/collect_glm6b_full.sh: line 83: [: 0
0: integer expression expected
scripts/collect_glm6b_full.sh: line 83: [: 0
0: integer expression expected
scripts/collect_glm6b_full.sh: line 83: [: 0
0: integer expression expected
scripts/collect_glm6b_full.sh: line 83: [: 0
0: integer expression expected
scripts/collect_glm6b_full.sh: line 83: [: 0
0: integer expression expected
scripts/collect_glm6b_full.sh: line 83: [: 0
0: integer expression expected
scripts/collect_glm6b_full.sh: line 83: [: 0
0: integer expression expected
scripts/collect_glm6b_full.sh: line 83: [: 0
0: integer expression expected
scripts/collect_glm6b_full.sh: line 83: [: 0
0: integer expression expected
scripts/collect_glm6b_full.sh: line 83: [: 0
0: integer expression expected
scripts/collect_glm6b_full.sh: line 83: [: 0
0: integer expression expected
scripts/collect_glm6b_full.sh: line 83: [: 0
0: integer expression expected
scripts/collect_glm6b_full.sh: line 83: [: 0
0: integer expression expected
scripts/collect_glm6b_full.sh: line 83: [: 0
0: integer expression expected
scripts/collect_glm6b_full.sh: line 83: [: 0
0: integer expression expected
scripts/collect_glm6b_full.sh: line 83: [: 0
0: integer expression expected
scripts/collect_glm6b_full.sh: line 83: [: 0
0: integer expression expected
scripts/collect_glm6b_full.sh: line 83: [: 0
0: integer expression expected
scripts/collect_glm6b_full.sh: line 83: [: 0
0: integer expression expected
scripts/collect_glm6b_full.sh: line 83: [: 0
0: integer expression expected
scripts/collect_glm6b_full.sh: line 83: [: 0
0: integer expression expected
scripts/collect_glm6b_full.sh: line 83: [: 0
0: integer expression expected
scripts/collect_glm6b_full.sh: line 83: [: 0
0: integer expression expected
scripts/collect_glm6b_full.sh: line 83: [: 0
0: integer expression expected
scripts/collect_glm6b_full.sh: line 83: [: 0
0: integer expression expected
scripts/collect_glm6b_full.sh: line 83: [: 0
0: integer expression expected
scripts/collect_glm6b_full.sh: line 83: [: 0
0: integer expression expected
scripts/collect_glm6b_full.sh: line 83: [: 0
0: integer expression expected
scripts/collect_glm6b_full.sh: line 83: [: 0
0: integer expression expected
scripts/collect_glm6b_full.sh: line 83: [: 0
0: integer expression expected
scripts/collect_glm6b_full.sh: line 83: [: 0
0: integer expression expected
scripts/collect_glm6b_full.sh: line 83: [: 0
0: integer expression expected
scripts/collect_glm6b_full.sh: line 83: [: 0
0: integer expression expected
scripts/collect_glm6b_full.sh: line 83: [: 0
0: integer expression expected
scripts/collect_glm6b_full.sh: line 83: [: 0
0: integer expression expected
scripts/collect_glm6b_full.sh: line 83: [: 0
0: integer expression expected
scripts/collect_glm6b_full.sh: line 83: [: 0
0: integer expression expected
scripts/collect_glm6b_full.sh: line 83: [: 0
0: integer expression expected
scripts/collect_glm6b_full.sh: line 83: [: 0
0: integer expression expected
scripts/collect_glm6b_full.sh: line 83: [: 0
0: integer expression expected
scripts/collect_glm6b_full.sh: line 83: [: 0
0: integer expression expected
scripts/collect_glm6b_full.sh: line 83: [: 0
0: integer expression expected
scripts/collect_glm6b_full.sh: line 83: [: 0
0: integer expression expected
scripts/collect_glm6b_full.sh: line 83: [: 0
0: integer expression expected
scripts/collect_glm6b_full.sh: line 83: [: 0
0: integer expression expected
scripts/collect_glm6b_full.sh: line 83: [: 0
0: integer expression expected
scripts/collect_glm6b_full.sh: line 83: [: 0
0: integer expression expected
scripts/collect_glm6b_full.sh: line 83: [: 0
0: integer expression expected
scripts/collect_glm6b_full.sh: line 83: [: 0
0: integer expression expected
scripts/collect_glm6b_full.sh: line 83: [: 0
0: integer expression expected
scripts/collect_glm6b_full.sh: line 83: [: 0
0: integer expression expected
scripts/collect_glm6b_full.sh: line 83: [: 0
0: integer expression expected
scripts/collect_glm6b_full.sh: line 83: [: 0
0: integer expression expected
scripts/collect_glm6b_full.sh: line 83: [: 0
0: integer expression expected
scripts/collect_glm6b_full.sh: line 83: [: 0
0: integer expression expected
scripts/collect_glm6b_full.sh: line 83: [: 0
0: integer expression expected
scripts/collect_glm6b_full.sh: line 83: [: 0
0: integer expression expected
scripts/collect_glm6b_full.sh: line 83: [: 0
0: integer expression expected
scripts/collect_glm6b_full.sh: line 83: [: 0
0: integer expression expected
scripts/collect_glm6b_full.sh: line 83: [: 0
0: integer expression expected
scripts/collect_glm6b_full.sh: line 83: [: 0
0: integer expression expected
scripts/collect_glm6b_full.sh: line 83: [: 0
0: integer expression expected
scripts/collect_glm6b_full.sh: line 83: [: 0
0: integer expression expected
scripts/collect_glm6b_full.sh: line 83: [: 0
0: integer expression expected
scripts/collect_glm6b_full.sh: line 83: [: 0
0: integer expression expected
scripts/collect_glm6b_full.sh: line 83: [: 0
0: integer expression expected
scripts/collect_glm6b_full.sh: line 83: [: 0
0: integer expression expected
scripts/collect_glm6b_full.sh: line 83: [: 0
0: integer expression expected
scripts/collect_glm6b_full.sh: line 83: [: 0
0: integer expression expected
scripts/collect_glm6b_full.sh: line 83: [: 0
0: integer expression expected
scripts/collect_glm6b_full.sh: line 83: [: 0
0: integer expression expected
scripts/collect_glm6b_full.sh: line 83: [: 0
0: integer expression expected
scripts/collect_glm6b_full.sh: line 83: [: 0
0: integer expression expected
scripts/collect_glm6b_full.sh: line 83: [: 0
0: integer expression expected
scripts/collect_glm6b_full.sh: line 83: [: 0
0: integer expression expected
scripts/collect_glm6b_full.sh: line 83: [: 0
0: integer expression expected
scripts/collect_glm6b_full.sh: line 83: [: 0
0: integer expression expected
scripts/collect_glm6b_full.sh: line 83: [: 0
0: integer expression expected
scripts/collect_glm6b_full.sh: line 83: [: 0
0: integer expression expected
scripts/collect_glm6b_full.sh: line 83: [: 0
0: integer expression expected
scripts/collect_glm6b_full.sh: line 83: [: 0
0: integer expression expected
scripts/collect_glm6b_full.sh: line 83: [: 0
0: integer expression expected
scripts/collect_glm6b_full.sh: line 83: [: 0
0: integer expression expected
scripts/collect_glm6b_full.sh: line 83: [: 0
0: integer expression expected
scripts/collect_glm6b_full.sh: line 83: [: 0
0: integer expression expected
scripts/collect_glm6b_full.sh: line 83: [: 0
0: integer expression expected
scripts/collect_glm6b_full.sh: line 83: [: 0
0: integer expression expected
scripts/collect_glm6b_full.sh: line 83: [: 0
0: integer expression expected
scripts/collect_glm6b_full.sh: line 83: [: 0
0: integer expression expected
scripts/collect_glm6b_full.sh: line 83: [: 0
0: integer expression expected
scripts/collect_glm6b_full.sh: line 83: [: 0
0: integer expression expected
scripts/collect_glm6b_full.sh: line 83: [: 0
0: integer expression expected
scripts/collect_glm6b_full.sh: line 83: [: 0
0: integer expression expected
scripts/collect_glm6b_full.sh: line 83: [: 0
0: integer expression expected
scripts/collect_glm6b_full.sh: line 83: [: 0
0: integer expression expected
scripts/collect_glm6b_full.sh: line 83: [: 0
0: integer expression expected
scripts/collect_glm6b_full.sh: line 83: [: 0
0: integer expression expected
scripts/collect_glm6b_full.sh: line 83: [: 0
0: integer expression expected
scripts/collect_glm6b_full.sh: line 83: [: 0
0: integer expression expected
scripts/collect_glm6b_full.sh: line 83: [: 0
0: integer expression expected
scripts/collect_glm6b_full.sh: line 83: [: 0
0: integer expression expected
scripts/collect_glm6b_full.sh: line 83: [: 0
0: integer expression expected
scripts/collect_glm6b_full.sh: line 83: [: 0
0: integer expression expected
scripts/collect_glm6b_full.sh: line 83: [: 0
0: integer expression expected
scripts/collect_glm6b_full.sh: line 83: [: 0
0: integer expression expected
scripts/collect_glm6b_full.sh: line 83: [: 0
0: integer expression expected
scripts/collect_glm6b_full.sh: line 83: [: 0
0: integer expression expected
scripts/collect_glm6b_full.sh: line 83: [: 0
0: integer expression expected
scripts/collect_glm6b_full.sh: line 83: [: 0
0: integer expression expected
scripts/collect_glm6b_full.sh: line 83: [: 0
0: integer expression expected
scripts/collect_glm6b_full.sh: line 83: [: 0
0: integer expression expected
scripts/collect_glm6b_full.sh: line 83: [: 0
0: integer expression expected
scripts/collect_glm6b_full.sh: line 83: [: 0
0: integer expression expected
scripts/collect_glm6b_full.sh: line 83: [: 0
0: integer expression expected
scripts/collect_glm6b_full.sh: line 83: [: 0
0: integer expression expected
scripts/collect_glm6b_full.sh: line 83: [: 0
0: integer expression expected
scripts/collect_glm6b_full.sh: line 83: [: 0
0: integer expression expected
scripts/collect_glm6b_full.sh: line 83: [: 0
0: integer expression expected
scripts/collect_glm6b_full.sh: line 83: [: 0
0: integer expression expected
scripts/collect_glm6b_full.sh: line 83: [: 0
0: integer expression expected
scripts/collect_glm6b_full.sh: line 83: [: 0
0: integer expression expected
scripts/collect_glm6b_full.sh: line 83: [: 0
0: integer expression expected
scripts/collect_glm6b_full.sh: line 83: [: 0
0: integer expression expected
scripts/collect_glm6b_full.sh: line 83: [: 0
0: integer expression expected
scripts/collect_glm6b_full.sh: line 83: [: 0
0: integer expression expected
scripts/collect_glm6b_full.sh: line 83: [: 0
0: integer expression expected
scripts/collect_glm6b_full.sh: line 83: [: 0
0: integer expression expected
scripts/collect_glm6b_full.sh: line 83: [: 0
0: integer expression expected
scripts/collect_glm6b_full.sh: line 83: [: 0
0: integer expression expected
scripts/collect_glm6b_full.sh: line 83: [: 0
0: integer expression expected
scripts/collect_glm6b_full.sh: line 83: [: 0
0: integer expression expected
scripts/collect_glm6b_full.sh: line 83: [: 0
0: integer expression expected
scripts/collect_glm6b_full.sh: line 83: [: 0
0: integer expression expected
scripts/collect_glm6b_full.sh: line 83: [: 0
0: integer expression expected
scripts/collect_glm6b_full.sh: line 83: [: 0
0: integer expression expected
scripts/collect_glm6b_full.sh: line 83: [: 0
0: integer expression expected
scripts/collect_glm6b_full.sh: line 83: [: 0
0: integer expression expected
scripts/collect_glm6b_full.sh: line 83: [: 0
0: integer expression expected
scripts/collect_glm6b_full.sh: line 83: [: 0
0: integer expression expected
scripts/collect_glm6b_full.sh: line 83: [: 0
0: integer expression expected
scripts/collect_glm6b_full.sh: line 83: [: 0
0: integer expression expected
scripts/collect_glm6b_full.sh: line 83: [: 0
0: integer expression expected
scripts/collect_glm6b_full.sh: line 83: [: 0
0: integer expression expected
scripts/collect_glm6b_full.sh: line 83: [: 0
0: integer expression expected
scripts/collect_glm6b_full.sh: line 83: [: 0
0: integer expression expected
scripts/collect_glm6b_full.sh: line 83: [: 0
0: integer expression expected
scripts/collect_glm6b_full.sh: line 83: [: 0
0: integer expression expected
scripts/collect_glm6b_full.sh: line 83: [: 0
0: integer expression expected
scripts/collect_glm6b_full.sh: line 83: [: 0
0: integer expression expected
scripts/collect_glm6b_full.sh: line 83: [: 0
0: integer expression expected
scripts/collect_glm6b_full.sh: line 83: [: 0
0: integer expression expected
scripts/collect_glm6b_full.sh: line 83: [: 0
0: integer expression expected
scripts/collect_glm6b_full.sh: line 83: [: 0
0: integer expression expected
scripts/collect_glm6b_full.sh: line 83: [: 0
0: integer expression expected
scripts/collect_glm6b_full.sh: line 83: [: 0
0: integer expression expected
scripts/collect_glm6b_full.sh: line 83: [: 0
0: integer expression expected
scripts/collect_glm6b_full.sh: line 83: [: 0
0: integer expression expected
scripts/collect_glm6b_full.sh: line 83: [: 0
0: integer expression expected
scripts/collect_glm6b_full.sh: line 83: [: 0
0: integer expression expected
scripts/collect_glm6b_full.sh: line 83: [: 0
0: integer expression expected
scripts/collect_glm6b_full.sh: line 83: [: 0
0: integer expression expected
scripts/collect_glm6b_full.sh: line 83: [: 0
0: integer expression expected
scripts/collect_glm6b_full.sh: line 83: [: 0
0: integer expression expected
scripts/collect_glm6b_full.sh: line 83: [: 0
0: integer expression expected
scripts/collect_glm6b_full.sh: line 83: [: 0
0: integer expression expected
scripts/collect_glm6b_full.sh: line 83: [: 0
0: integer expression expected
scripts/collect_glm6b_full.sh: line 83: [: 0
0: integer expression expected
scripts/collect_glm6b_full.sh: line 83: [: 0
0: integer expression expected
scripts/collect_glm6b_full.sh: line 83: [: 0
0: integer expression expected
scripts/collect_glm6b_full.sh: line 83: [: 0
0: integer expression expected
scripts/collect_glm6b_full.sh: line 83: [: 0
0: integer expression expected
scripts/collect_glm6b_full.sh: line 83: [: 0
0: integer expression expected
scripts/collect_glm6b_full.sh: line 83: [: 0
0: integer expression expected
scripts/collect_glm6b_full.sh: line 83: [: 0
0: integer expression expected
scripts/collect_glm6b_full.sh: line 83: [: 0
0: integer expression expected
scripts/collect_glm6b_full.sh: line 83: [: 0
0: integer expression expected
scripts/collect_glm6b_full.sh: line 83: [: 0
0: integer expression expected
scripts/collect_glm6b_full.sh: line 83: [: 0
0: integer expression expected
scripts/collect_glm6b_full.sh: line 83: [: 0
0: integer expression expected
scripts/collect_glm6b_full.sh: line 83: [: 0
0: integer expression expected
scripts/collect_glm6b_full.sh: line 83: [: 0
0: integer expression expected
scripts/collect_glm6b_full.sh: line 83: [: 0
0: integer expression expected
scripts/collect_glm6b_full.sh: line 83: [: 0
0: integer expression expected
scripts/collect_glm6b_full.sh: line 83: [: 0
0: integer expression expected
scripts/collect_glm6b_full.sh: line 83: [: 0
0: integer expression expected
scripts/collect_glm6b_full.sh: line 83: [: 0
0: integer expression expected
scripts/collect_glm6b_full.sh: line 83: [: 0
0: integer expression expected
scripts/collect_glm6b_full.sh: line 83: [: 0
0: integer expression expected
scripts/collect_glm6b_full.sh: line 83: [: 0
0: integer expression expected
scripts/collect_glm6b_full.sh: line 83: [: 0
0: integer expression expected
scripts/collect_glm6b_full.sh: line 83: [: 0
0: integer expression expected
scripts/collect_glm6b_full.sh: line 83: [: 0
0: integer expression expected
scripts/collect_glm6b_full.sh: line 83: [: 0
0: integer expression expected
scripts/collect_glm6b_full.sh: line 83: [: 0
0: integer expression expected
scripts/collect_glm6b_full.sh: line 83: [: 0
0: integer expression expected
scripts/collect_glm6b_full.sh: line 83: [: 0
0: integer expression expected
scripts/collect_glm6b_full.sh: line 83: [: 0
0: integer expression expected
scripts/collect_glm6b_full.sh: line 83: [: 0
0: integer expression expected
scripts/collect_glm6b_full.sh: line 83: [: 0
0: integer expression expected
scripts/collect_glm6b_full.sh: line 83: [: 0
0: integer expression expected
scripts/collect_glm6b_full.sh: line 83: [: 0
0: integer expression expected
scripts/collect_glm6b_full.sh: line 83: [: 0
0: integer expression expected
scripts/collect_glm6b_full.sh: line 83: [: 0
0: integer expression expected
scripts/collect_glm6b_full.sh: line 83: [: 0
0: integer expression expected
scripts/collect_glm6b_full.sh: line 83: [: 0
0: integer expression expected
scripts/collect_glm6b_full.sh: line 83: [: 0
0: integer expression expected
scripts/collect_glm6b_full.sh: line 83: [: 0
0: integer expression expected
scripts/collect_glm6b_full.sh: line 83: [: 0
0: integer expression expected
scripts/collect_glm6b_full.sh: line 83: [: 0
0: integer expression expected
scripts/collect_glm6b_full.sh: line 83: [: 0
0: integer expression expected
scripts/collect_glm6b_full.sh: line 83: [: 0
0: integer expression expected
scripts/collect_glm6b_full.sh: line 83: [: 0
0: integer expression expected
scripts/collect_glm6b_full.sh: line 83: [: 0
0: integer expression expected
scripts/collect_glm6b_full.sh: line 83: [: 0
0: integer expression expected
scripts/collect_glm6b_full.sh: line 83: [: 0
0: integer expression expected
scripts/collect_glm6b_full.sh: line 83: [: 0
0: integer expression expected
scripts/collect_glm6b_full.sh: line 83: [: 0
0: integer expression expected
scripts/collect_glm6b_full.sh: line 83: [: 0
0: integer expression expected
scripts/collect_glm6b_full.sh: line 83: [: 0
0: integer expression expected
scripts/collect_glm6b_full.sh: line 83: [: 0
0: integer expression expected
scripts/collect_glm6b_full.sh: line 83: [: 0
0: integer expression expected
scripts/collect_glm6b_full.sh: line 83: [: 0
0: integer expression expected
scripts/collect_glm6b_full.sh: line 83: [: 0
0: integer expression expected
scripts/collect_glm6b_full.sh: line 83: [: 0
0: integer expression expected
scripts/collect_glm6b_full.sh: line 83: [: 0
0: integer expression expected
scripts/collect_glm6b_full.sh: line 83: [: 0
0: integer expression expected
scripts/collect_glm6b_full.sh: line 83: [: 0
0: integer expression expected
scripts/collect_glm6b_full.sh: line 83: [: 0
0: integer expression expected
scripts/collect_glm6b_full.sh: line 83: [: 0
0: integer expression expected
scripts/collect_glm6b_full.sh: line 83: [: 0
0: integer expression expected
scripts/collect_glm6b_full.sh: line 83: [: 0
0: integer expression expected
scripts/collect_glm6b_full.sh: line 83: [: 0
0: integer expression expected
scripts/collect_glm6b_full.sh: line 83: [: 0
0: integer expression expected
scripts/collect_glm6b_full.sh: line 83: [: 0
0: integer expression expected
scripts/collect_glm6b_full.sh: line 83: [: 0
0: integer expression expected
scripts/collect_glm6b_full.sh: line 83: [: 0
0: integer expression expected
scripts/collect_glm6b_full.sh: line 83: [: 0
0: integer expression expected
scripts/collect_glm6b_full.sh: line 83: [: 0
0: integer expression expected
scripts/collect_glm6b_full.sh: line 83: [: 0
0: integer expression expected
scripts/collect_glm6b_full.sh: line 83: [: 0
0: integer expression expected
scripts/collect_glm6b_full.sh: line 83: [: 0
0: integer expression expected
scripts/collect_glm6b_full.sh: line 83: [: 0
0: integer expression expected
scripts/collect_glm6b_full.sh: line 83: [: 0
0: integer expression expected
scripts/collect_glm6b_full.sh: line 83: [: 0
0: integer expression expected
scripts/collect_glm6b_full.sh: line 83: [: 0
0: integer expression expected
scripts/collect_glm6b_full.sh: line 83: [: 0
0: integer expression expected
scripts/collect_glm6b_full.sh: line 83: [: 0
0: integer expression expected
scripts/collect_glm6b_full.sh: line 83: [: 0
0: integer expression expected
scripts/collect_glm6b_full.sh: line 83: [: 0
0: integer expression expected
scripts/collect_glm6b_full.sh: line 83: [: 0
0: integer expression expected
scripts/collect_glm6b_full.sh: line 83: [: 0
0: integer expression expected
scripts/collect_glm6b_full.sh: line 83: [: 0
0: integer expression expected
scripts/collect_glm6b_full.sh: line 83: [: 0
0: integer expression expected
scripts/collect_glm6b_full.sh: line 83: [: 0
0: integer expression expected
scripts/collect_glm6b_full.sh: line 83: [: 0
0: integer expression expected
scripts/collect_glm6b_full.sh: line 83: [: 0
0: integer expression expected
scripts/collect_glm6b_full.sh: line 83: [: 0
0: integer expression expected
scripts/collect_glm6b_full.sh: line 83: [: 0
0: integer expression expected
scripts/collect_glm6b_full.sh: line 83: [: 0
0: integer expression expected
scripts/collect_glm6b_full.sh: line 83: [: 0
0: integer expression expected
scripts/collect_glm6b_full.sh: line 83: [: 0
0: integer expression expected
scripts/collect_glm6b_full.sh: line 83: [: 0
0: integer expression expected
scripts/collect_glm6b_full.sh: line 83: [: 0
0: integer expression expected
scripts/collect_glm6b_full.sh: line 83: [: 0
0: integer expression expected
scripts/collect_glm6b_full.sh: line 83: [: 0
0: integer expression expected
scripts/collect_glm6b_full.sh: line 83: [: 0
0: integer expression expected
scripts/collect_glm6b_full.sh: line 83: [: 0
0: integer expression expected
scripts/collect_glm6b_full.sh: line 83: [: 0
0: integer expression expected
scripts/collect_glm6b_full.sh: line 83: [: 0
0: integer expression expected
scripts/collect_glm6b_full.sh: line 83: [: 0
0: integer expression expected
scripts/collect_glm6b_full.sh: line 83: [: 0
0: integer expression expected
scripts/collect_glm6b_full.sh: line 83: [: 0
0: integer expression expected
scripts/collect_glm6b_full.sh: line 83: [: 0
0: integer expression expected
scripts/collect_glm6b_full.sh: line 83: [: 0
0: integer expression expected
scripts/collect_glm6b_full.sh: line 83: [: 0
0: integer expression expected
scripts/collect_glm6b_full.sh: line 83: [: 0
0: integer expression expected
scripts/collect_glm6b_full.sh: line 83: [: 0
0: integer expression expected
scripts/collect_glm6b_full.sh: line 83: [: 0
0: integer expression expected
scripts/collect_glm6b_full.sh: line 83: [: 0
0: integer expression expected
scripts/collect_glm6b_full.sh: line 83: [: 0
0: integer expression expected
scripts/collect_glm6b_full.sh: line 83: [: 0
0: integer expression expected
scripts/collect_glm6b_full.sh: line 83: [: 0
0: integer expression expected
scripts/collect_glm6b_full.sh: line 83: [: 0
0: integer expression expected
scripts/collect_glm6b_full.sh: line 83: [: 0
0: integer expression expected
scripts/collect_glm6b_full.sh: line 83: [: 0
0: integer expression expected
scripts/collect_glm6b_full.sh: line 83: [: 0
0: integer expression expected
scripts/collect_glm6b_full.sh: line 83: [: 0
0: integer expression expected
scripts/collect_glm6b_full.sh: line 83: [: 0
0: integer expression expected
scripts/collect_glm6b_full.sh: line 83: [: 0
0: integer expression expected
scripts/collect_glm6b_full.sh: line 83: [: 0
0: integer expression expected
scripts/collect_glm6b_full.sh: line 83: [: 0
0: integer expression expected
scripts/collect_glm6b_full.sh: line 83: [: 0
0: integer expression expected
scripts/collect_glm6b_full.sh: line 83: [: 0
0: integer expression expected
scripts/collect_glm6b_full.sh: line 83: [: 0
0: integer expression expected
scripts/collect_glm6b_full.sh: line 83: [: 0
0: integer expression expected
scripts/collect_glm6b_full.sh: line 83: [: 0
0: integer expression expected
scripts/collect_glm6b_full.sh: line 83: [: 0
0: integer expression expected
scripts/collect_glm6b_full.sh: line 83: [: 0
0: integer expression expected
scripts/collect_glm6b_full.sh: line 83: [: 0
0: integer expression expected
scripts/collect_glm6b_full.sh: line 83: [: 0
0: integer expression expected
scripts/collect_glm6b_full.sh: line 83: [: 0
0: integer expression expected
scripts/collect_glm6b_full.sh: line 83: [: 0
0: integer expression expected
scripts/collect_glm6b_full.sh: line 83: [: 0
0: integer expression expected
scripts/collect_glm6b_full.sh: line 83: [: 0
0: integer expression expected
scripts/collect_glm6b_full.sh: line 83: [: 0
0: integer expression expected
scripts/collect_glm6b_full.sh: line 83: [: 0
0: integer expression expected
scripts/collect_glm6b_full.sh: line 83: [: 0
0: integer expression expected
scripts/collect_glm6b_full.sh: line 83: [: 0
0: integer expression expected
scripts/collect_glm6b_full.sh: line 83: [: 0
0: integer expression expected
scripts/collect_glm6b_full.sh: line 83: [: 0
0: integer expression expected
scripts/collect_glm6b_full.sh: line 83: [: 0
0: integer expression expected
scripts/collect_glm6b_full.sh: line 83: [: 0
0: integer expression expected
scripts/collect_glm6b_full.sh: line 83: [: 0
0: integer expression expected
scripts/collect_glm6b_full.sh: line 83: [: 0
0: integer expression expected
scripts/collect_glm6b_full.sh: line 83: [: 0
0: integer expression expected
scripts/collect_glm6b_full.sh: line 83: [: 0
0: integer expression expected
scripts/collect_glm6b_full.sh: line 83: [: 0
0: integer expression expected
scripts/collect_glm6b_full.sh: line 83: [: 0
0: integer expression expected
scripts/collect_glm6b_full.sh: line 83: [: 0
0: integer expression expected
scripts/collect_glm6b_full.sh: line 83: [: 0
0: integer expression expected
scripts/collect_glm6b_full.sh: line 83: [: 0
0: integer expression expected
scripts/collect_glm6b_full.sh: line 83: [: 0
0: integer expression expected
scripts/collect_glm6b_full.sh: line 83: [: 0
0: integer expression expected
scripts/collect_glm6b_full.sh: line 83: [: 0
0: integer expression expected
scripts/collect_glm6b_full.sh: line 83: [: 0
0: integer expression expected
scripts/collect_glm6b_full.sh: line 83: [: 0
0: integer expression expected
scripts/collect_glm6b_full.sh: line 83: [: 0
0: integer expression expected
scripts/collect_glm6b_full.sh: line 83: [: 0
0: integer expression expected
scripts/collect_glm6b_full.sh: line 83: [: 0
0: integer expression expected
scripts/collect_glm6b_full.sh: line 83: [: 0
0: integer expression expected
scripts/collect_glm6b_full.sh: line 83: [: 0
0: integer expression expected
scripts/collect_glm6b_full.sh: line 83: [: 0
0: integer expression expected
scripts/collect_glm6b_full.sh: line 83: [: 0
0: integer expression expected
scripts/collect_glm6b_full.sh: line 83: [: 0
0: integer expression expected
scripts/collect_glm6b_full.sh: line 83: [: 0
0: integer expression expected
scripts/collect_glm6b_full.sh: line 83: [: 0
0: integer expression expected
scripts/collect_glm6b_full.sh: line 83: [: 0
0: integer expression expected
scripts/collect_glm6b_full.sh: line 83: [: 0
0: integer expression expected
scripts/collect_glm6b_full.sh: line 83: [: 0
0: integer expression expected
scripts/collect_glm6b_full.sh: line 83: [: 0
0: integer expression expected
scripts/collect_glm6b_full.sh: line 83: [: 0
0: integer expression expected
scripts/collect_glm6b_full.sh: line 83: [: 0
0: integer expression expected
scripts/collect_glm6b_full.sh: line 83: [: 0
0: integer expression expected
scripts/collect_glm6b_full.sh: line 83: [: 0
0: integer expression expected
scripts/collect_glm6b_full.sh: line 83: [: 0
0: integer expression expected
scripts/collect_glm6b_full.sh: line 83: [: 0
0: integer expression expected
scripts/collect_glm6b_full.sh: line 83: [: 0
0: integer expression expected
scripts/collect_glm6b_full.sh: line 83: [: 0
0: integer expression expected
scripts/collect_glm6b_full.sh: line 83: [: 0
0: integer expression expected
scripts/collect_glm6b_full.sh: line 83: [: 0
0: integer expression expected
scripts/collect_glm6b_full.sh: line 83: [: 0
0: integer expression expected
scripts/collect_glm6b_full.sh: line 83: [: 0
0: integer expression expected
scripts/collect_glm6b_full.sh: line 83: [: 0
0: integer expression expected
scripts/collect_glm6b_full.sh: line 83: [: 0
0: integer expression expected
scripts/collect_glm6b_full.sh: line 83: [: 0
0: integer expression expected
scripts/collect_glm6b_full.sh: line 83: [: 0
0: integer expression expected
scripts/collect_glm6b_full.sh: line 83: [: 0
0: integer expression expected
scripts/collect_glm6b_full.sh: line 83: [: 0
0: integer expression expected
scripts/collect_glm6b_full.sh: line 83: [: 0
0: integer expression expected
scripts/collect_glm6b_full.sh: line 83: [: 0
0: integer expression expected
scripts/collect_glm6b_full.sh: line 83: [: 0
0: integer expression expected
scripts/collect_glm6b_full.sh: line 83: [: 0
0: integer expression expected
scripts/collect_glm6b_full.sh: line 83: [: 0
0: integer expression expected
scripts/collect_glm6b_full.sh: line 83: [: 0
0: integer expression expected
scripts/collect_glm6b_full.sh: line 83: [: 0
0: integer expression expected
scripts/collect_glm6b_full.sh: line 83: [: 0
0: integer expression expected
scripts/collect_glm6b_full.sh: line 83: [: 0
0: integer expression expected
scripts/collect_glm6b_full.sh: line 83: [: 0
0: integer expression expected
scripts/collect_glm6b_full.sh: line 83: [: 0
0: integer expression expected
scripts/collect_glm6b_full.sh: line 83: [: 0
0: integer expression expected
scripts/collect_glm6b_full.sh: line 83: [: 0
0: integer expression expected
scripts/collect_glm6b_full.sh: line 83: [: 0
0: integer expression expected
scripts/collect_glm6b_full.sh: line 83: [: 0
0: integer expression expected
scripts/collect_glm6b_full.sh: line 83: [: 0
0: integer expression expected
scripts/collect_glm6b_full.sh: line 83: [: 0
0: integer expression expected
scripts/collect_glm6b_full.sh: line 83: [: 0
0: integer expression expected
scripts/collect_glm6b_full.sh: line 83: [: 0
0: integer expression expected
scripts/collect_glm6b_full.sh: line 83: [: 0
0: integer expression expected
scripts/collect_glm6b_full.sh: line 83: [: 0
0: integer expression expected
scripts/collect_glm6b_full.sh: line 83: [: 0
0: integer expression expected
scripts/collect_glm6b_full.sh: line 83: [: 0
0: integer expression expected
scripts/collect_glm6b_full.sh: line 83: [: 0
0: integer expression expected
scripts/collect_glm6b_full.sh: line 83: [: 0
0: integer expression expected
scripts/collect_glm6b_full.sh: line 83: [: 0
0: integer expression expected
scripts/collect_glm6b_full.sh: line 83: [: 0
0: integer expression expected
scripts/collect_glm6b_full.sh: line 83: [: 0
0: integer expression expected
scripts/collect_glm6b_full.sh: line 83: [: 0
0: integer expression expected
scripts/collect_glm6b_full.sh: line 83: [: 0
0: integer expression expected
scripts/collect_glm6b_full.sh: line 83: [: 0
0: integer expression expected
scripts/collect_glm6b_full.sh: line 83: [: 0
0: integer expression expected
scripts/collect_glm6b_full.sh: line 83: [: 0
0: integer expression expected
scripts/collect_glm6b_full.sh: line 83: [: 0
0: integer expression expected
scripts/collect_glm6b_full.sh: line 83: [: 0
0: integer expression expected
scripts/collect_glm6b_full.sh: line 83: [: 0
0: integer expression expected
scripts/collect_glm6b_full.sh: line 83: [: 0
0: integer expression expected
scripts/collect_glm6b_full.sh: line 83: [: 0
0: integer expression expected
scripts/collect_glm6b_full.sh: line 83: [: 0
0: integer expression expected
scripts/collect_glm6b_full.sh: line 83: [: 0
0: integer expression expected
scripts/collect_glm6b_full.sh: line 83: [: 0
0: integer expression expected
scripts/collect_glm6b_full.sh: line 83: [: 0
0: integer expression expected
scripts/collect_glm6b_full.sh: line 83: [: 0
0: integer expression expected
scripts/collect_glm6b_full.sh: line 83: [: 0
0: integer expression expected
scripts/collect_glm6b_full.sh: line 83: [: 0
0: integer expression expected
scripts/collect_glm6b_full.sh: line 83: [: 0
0: integer expression expected
scripts/collect_glm6b_full.sh: line 83: [: 0
0: integer expression expected
scripts/collect_glm6b_full.sh: line 83: [: 0
0: integer expression expected
scripts/collect_glm6b_full.sh: line 83: [: 0
0: integer expression expected
scripts/collect_glm6b_full.sh: line 83: [: 0
0: integer expression expected
scripts/collect_glm6b_full.sh: line 83: [: 0
0: integer expression expected
scripts/collect_glm6b_full.sh: line 83: [: 0
0: integer expression expected
scripts/collect_glm6b_full.sh: line 83: [: 0
0: integer expression expected
scripts/collect_glm6b_full.sh: line 83: [: 0
0: integer expression expected
scripts/collect_glm6b_full.sh: line 83: [: 0
0: integer expression expected
scripts/collect_glm6b_full.sh: line 83: [: 0
0: integer expression expected
scripts/collect_glm6b_full.sh: line 83: [: 0
0: integer expression expected
scripts/collect_glm6b_full.sh: line 83: [: 0
0: integer expression expected
scripts/collect_glm6b_full.sh: line 83: [: 0
0: integer expression expected
scripts/collect_glm6b_full.sh: line 83: [: 0
0: integer expression expected
scripts/collect_glm6b_full.sh: line 83: [: 0
0: integer expression expected
scripts/collect_glm6b_full.sh: line 83: [: 0
0: integer expression expected
scripts/collect_glm6b_full.sh: line 83: [: 0
0: integer expression expected
scripts/collect_glm6b_full.sh: line 83: [: 0
0: integer expression expected
scripts/collect_glm6b_full.sh: line 83: [: 0
0: integer expression expected
scripts/collect_glm6b_full.sh: line 83: [: 0
0: integer expression expected
scripts/collect_glm6b_full.sh: line 83: [: 0
0: integer expression expected
scripts/collect_glm6b_full.sh: line 83: [: 0
0: integer expression expected
scripts/collect_glm6b_full.sh: line 83: [: 0
0: integer expression expected
scripts/collect_glm6b_full.sh: line 83: [: 0
0: integer expression expected
scripts/collect_glm6b_full.sh: line 83: [: 0
0: integer expression expected
scripts/collect_glm6b_full.sh: line 83: [: 0
0: integer expression expected
scripts/collect_glm6b_full.sh: line 83: [: 0
0: integer expression expected
scripts/collect_glm6b_full.sh: line 83: [: 0
0: integer expression expected
scripts/collect_glm6b_full.sh: line 83: [: 0
0: integer expression expected
scripts/collect_glm6b_full.sh: line 83: [: 0
0: integer expression expected
scripts/collect_glm6b_full.sh: line 83: [: 0
0: integer expression expected
scripts/collect_glm6b_full.sh: line 83: [: 0
0: integer expression expected
scripts/collect_glm6b_full.sh: line 83: [: 0
0: integer expression expected
scripts/collect_glm6b_full.sh: line 83: [: 0
0: integer expression expected
scripts/collect_glm6b_full.sh: line 83: [: 0
0: integer expression expected
scripts/collect_glm6b_full.sh: line 83: [: 0
0: integer expression expected
scripts/collect_glm6b_full.sh: line 83: [: 0
0: integer expression expected
scripts/collect_glm6b_full.sh: line 83: [: 0
0: integer expression expected
scripts/collect_glm6b_full.sh: line 83: [: 0
0: integer expression expected
scripts/collect_glm6b_full.sh: line 83: [: 0
0: integer expression expected
scripts/collect_glm6b_full.sh: line 83: [: 0
0: integer expression expected
scripts/collect_glm6b_full.sh: line 83: [: 0
0: integer expression expected
scripts/collect_glm6b_full.sh: line 83: [: 0
0: integer expression expected
scripts/collect_glm6b_full.sh: line 83: [: 0
0: integer expression expected
scripts/collect_glm6b_full.sh: line 83: [: 0
0: integer expression expected
scripts/collect_glm6b_full.sh: line 83: [: 0
0: integer expression expected
scripts/collect_glm6b_full.sh: line 83: [: 0
0: integer expression expected
scripts/collect_glm6b_full.sh: line 83: [: 0
0: integer expression expected
scripts/collect_glm6b_full.sh: line 83: [: 0
0: integer expression expected
scripts/collect_glm6b_full.sh: line 83: [: 0
0: integer expression expected
scripts/collect_glm6b_full.sh: line 83: [: 0
0: integer expression expected
scripts/collect_glm6b_full.sh: line 83: [: 0
0: integer expression expected
scripts/collect_glm6b_full.sh: line 83: [: 0
0: integer expression expected
scripts/collect_glm6b_full.sh: line 83: [: 0
0: integer expression expected
scripts/collect_glm6b_full.sh: line 83: [: 0
0: integer expression expected
scripts/collect_glm6b_full.sh: line 83: [: 0
0: integer expression expected
scripts/collect_glm6b_full.sh: line 83: [: 0
0: integer expression expected
scripts/collect_glm6b_full.sh: line 83: [: 0
0: integer expression expected
scripts/collect_glm6b_full.sh: line 83: [: 0
0: integer expression expected
scripts/collect_glm6b_full.sh: line 83: [: 0
0: integer expression expected
scripts/collect_glm6b_full.sh: line 83: [: 0
0: integer expression expected
scripts/collect_glm6b_full.sh: line 83: [: 0
0: integer expression expected
scripts/collect_glm6b_full.sh: line 83: [: 0
0: integer expression expected
scripts/collect_glm6b_full.sh: line 83: [: 0
0: integer expression expected
scripts/collect_glm6b_full.sh: line 83: [: 0
0: integer expression expected
scripts/collect_glm6b_full.sh: line 83: [: 0
0: integer expression expected
scripts/collect_glm6b_full.sh: line 83: [: 0
0: integer expression expected
scripts/collect_glm6b_full.sh: line 83: [: 0
0: integer expression expected
scripts/collect_glm6b_full.sh: line 83: [: 0
0: integer expression expected
scripts/collect_glm6b_full.sh: line 83: [: 0
0: integer expression expected
scripts/collect_glm6b_full.sh: line 83: [: 0
0: integer expression expected
scripts/collect_glm6b_full.sh: line 83: [: 0
0: integer expression expected
scripts/collect_glm6b_full.sh: line 83: [: 0
0: integer expression expected
scripts/collect_glm6b_full.sh: line 83: [: 0
0: integer expression expected
scripts/collect_glm6b_full.sh: line 83: [: 0
0: integer expression expected
scripts/collect_glm6b_full.sh: line 83: [: 0
0: integer expression expected
scripts/collect_glm6b_full.sh: line 83: [: 0
0: integer expression expected
scripts/collect_glm6b_full.sh: line 83: [: 0
0: integer expression expected
scripts/collect_glm6b_full.sh: line 83: [: 0
0: integer expression expected
scripts/collect_glm6b_full.sh: line 83: [: 0
0: integer expression expected
scripts/collect_glm6b_full.sh: line 83: [: 0
0: integer expression expected
scripts/collect_glm6b_full.sh: line 83: [: 0
0: integer expression expected
scripts/collect_glm6b_full.sh: line 83: [: 0
0: integer expression expected
scripts/collect_glm6b_full.sh: line 83: [: 0
0: integer expression expected
scripts/collect_glm6b_full.sh: line 83: [: 0
0: integer expression expected
scripts/collect_glm6b_full.sh: line 83: [: 0
0: integer expression expected
scripts/collect_glm6b_full.sh: line 83: [: 0
0: integer expression expected
scripts/collect_glm6b_full.sh: line 83: [: 0
0: integer expression expected
scripts/collect_glm6b_full.sh: line 83: [: 0
0: integer expression expected
scripts/collect_glm6b_full.sh: line 83: [: 0
0: integer expression expected
scripts/collect_glm6b_full.sh: line 83: [: 0
0: integer expression expected
scripts/collect_glm6b_full.sh: line 83: [: 0
0: integer expression expected
scripts/collect_glm6b_full.sh: line 83: [: 0
0: integer expression expected
scripts/collect_glm6b_full.sh: line 83: [: 0
0: integer expression expected
scripts/collect_glm6b_full.sh: line 83: [: 0
0: integer expression expected
scripts/collect_glm6b_full.sh: line 83: [: 0
0: integer expression expected
scripts/collect_glm6b_full.sh: line 83: [: 0
0: integer expression expected
scripts/collect_glm6b_full.sh: line 83: [: 0
0: integer expression expected
scripts/collect_glm6b_full.sh: line 83: [: 0
0: integer expression expected
scripts/collect_glm6b_full.sh: line 83: [: 0
0: integer expression expected
scripts/collect_glm6b_full.sh: line 83: [: 0
0: integer expression expected
scripts/collect_glm6b_full.sh: line 83: [: 0
0: integer expression expected
scripts/collect_glm6b_full.sh: line 83: [: 0
0: integer expression expected
scripts/collect_glm6b_full.sh: line 83: [: 0
0: integer expression expected
scripts/collect_glm6b_full.sh: line 83: [: 0
0: integer expression expected
scripts/collect_glm6b_full.sh: line 83: [: 0
0: integer expression expected
scripts/collect_glm6b_full.sh: line 83: [: 0
0: integer expression expected
scripts/collect_glm6b_full.sh: line 83: [: 0
0: integer expression expected
scripts/collect_glm6b_full.sh: line 83: [: 0
0: integer expression expected
scripts/collect_glm6b_full.sh: line 83: [: 0
0: integer expression expected
scripts/collect_glm6b_full.sh: line 83: [: 0
0: integer expression expected
scripts/collect_glm6b_full.sh: line 83: [: 0
0: integer expression expected
scripts/collect_glm6b_full.sh: line 83: [: 0
0: integer expression expected
scripts/collect_glm6b_full.sh: line 83: [: 0
0: integer expression expected
scripts/collect_glm6b_full.sh: line 83: [: 0
0: integer expression expected
scripts/collect_glm6b_full.sh: line 83: [: 0
0: integer expression expected
scripts/collect_glm6b_full.sh: line 83: [: 0
0: integer expression expected
scripts/collect_glm6b_full.sh: line 83: [: 0
0: integer expression expected
scripts/collect_glm6b_full.sh: line 83: [: 0
0: integer expression expected
scripts/collect_glm6b_full.sh: line 83: [: 0
0: integer expression expected
scripts/collect_glm6b_full.sh: line 83: [: 0
0: integer expression expected
scripts/collect_glm6b_full.sh: line 83: [: 0
0: integer expression expected
scripts/collect_glm6b_full.sh: line 83: [: 0
0: integer expression expected
scripts/collect_glm6b_full.sh: line 83: [: 0
0: integer expression expected
scripts/collect_glm6b_full.sh: line 83: [: 0
0: integer expression expected
scripts/collect_glm6b_full.sh: line 83: [: 0
0: integer expression expected
scripts/collect_glm6b_full.sh: line 83: [: 0
0: integer expression expected
scripts/collect_glm6b_full.sh: line 83: [: 0
0: integer expression expected
scripts/collect_glm6b_full.sh: line 83: [: 0
0: integer expression expected
scripts/collect_glm6b_full.sh: line 83: [: 0
0: integer expression expected
scripts/collect_glm6b_full.sh: line 83: [: 0
0: integer expression expected
scripts/collect_glm6b_full.sh: line 83: [: 0
0: integer expression expected
scripts/collect_glm6b_full.sh: line 83: [: 0
0: integer expression expected
scripts/collect_glm6b_full.sh: line 83: [: 0
0: integer expression expected
scripts/collect_glm6b_full.sh: line 83: [: 0
0: integer expression expected
scripts/collect_glm6b_full.sh: line 83: [: 0
0: integer expression expected
scripts/collect_glm6b_full.sh: line 83: [: 0
0: integer expression expected
scripts/collect_glm6b_full.sh: line 83: [: 0
0: integer expression expected
scripts/collect_glm6b_full.sh: line 83: [: 0
0: integer expression expected
scripts/collect_glm6b_full.sh: line 83: [: 0
0: integer expression expected
scripts/collect_glm6b_full.sh: line 83: [: 0
0: integer expression expected
scripts/collect_glm6b_full.sh: line 83: [: 0
0: integer expression expected
scripts/collect_glm6b_full.sh: line 83: [: 0
0: integer expression expected
scripts/collect_glm6b_full.sh: line 83: [: 0
0: integer expression expected
scripts/collect_glm6b_full.sh: line 83: [: 0
0: integer expression expected
scripts/collect_glm6b_full.sh: line 83: [: 0
0: integer expression expected
scripts/collect_glm6b_full.sh: line 83: [: 0
0: integer expression expected
scripts/collect_glm6b_full.sh: line 83: [: 0
0: integer expression expected
scripts/collect_glm6b_full.sh: line 83: [: 0
0: integer expression expected
scripts/collect_glm6b_full.sh: line 83: [: 0
0: integer expression expected
scripts/collect_glm6b_full.sh: line 83: [: 0
0: integer expression expected
scripts/collect_glm6b_full.sh: line 83: [: 0
0: integer expression expected
scripts/collect_glm6b_full.sh: line 83: [: 0
0: integer expression expected
scripts/collect_glm6b_full.sh: line 83: [: 0
0: integer expression expected
scripts/collect_glm6b_full.sh: line 83: [: 0
0: integer expression expected
scripts/collect_glm6b_full.sh: line 83: [: 0
0: integer expression expected
scripts/collect_glm6b_full.sh: line 83: [: 0
0: integer expression expected
scripts/collect_glm6b_full.sh: line 83: [: 0
0: integer expression expected
scripts/collect_glm6b_full.sh: line 83: [: 0
0: integer expression expected
scripts/collect_glm6b_full.sh: line 83: [: 0
0: integer expression expected
scripts/collect_glm6b_full.sh: line 83: [: 0
0: integer expression expected
scripts/collect_glm6b_full.sh: line 83: [: 0
0: integer expression expected
scripts/collect_glm6b_full.sh: line 83: [: 0
0: integer expression expected
scripts/collect_glm6b_full.sh: line 83: [: 0
0: integer expression expected
scripts/collect_glm6b_full.sh: line 83: [: 0
0: integer expression expected
scripts/collect_glm6b_full.sh: line 83: [: 0
0: integer expression expected
scripts/collect_glm6b_full.sh: line 83: [: 0
0: integer expression expected
scripts/collect_glm6b_full.sh: line 83: [: 0
0: integer expression expected
scripts/collect_glm6b_full.sh: line 83: [: 0
0: integer expression expected
scripts/collect_glm6b_full.sh: line 83: [: 0
0: integer expression expected
scripts/collect_glm6b_full.sh: line 83: [: 0
0: integer expression expected
scripts/collect_glm6b_full.sh: line 83: [: 0
0: integer expression expected
scripts/collect_glm6b_full.sh: line 83: [: 0
0: integer expression expected
scripts/collect_glm6b_full.sh: line 83: [: 0
0: integer expression expected
scripts/collect_glm6b_full.sh: line 83: [: 0
0: integer expression expected
scripts/collect_glm6b_full.sh: line 83: [: 0
0: integer expression expected
scripts/collect_glm6b_full.sh: line 83: [: 0
0: integer expression expected
scripts/collect_glm6b_full.sh: line 83: [: 0
0: integer expression expected
scripts/collect_glm6b_full.sh: line 83: [: 0
0: integer expression expected
scripts/collect_glm6b_full.sh: line 83: [: 0
0: integer expression expected
scripts/collect_glm6b_full.sh: line 83: [: 0
0: integer expression expected
scripts/collect_glm6b_full.sh: line 83: [: 0
0: integer expression expected
scripts/collect_glm6b_full.sh: line 83: [: 0
0: integer expression expected
scripts/collect_glm6b_full.sh: line 83: [: 0
0: integer expression expected
scripts/collect_glm6b_full.sh: line 83: [: 0
0: integer expression expected
scripts/collect_glm6b_full.sh: line 83: [: 0
0: integer expression expected
scripts/collect_glm6b_full.sh: line 83: [: 0
0: integer expression expected
scripts/collect_glm6b_full.sh: line 83: [: 0
0: integer expression expected
scripts/collect_glm6b_full.sh: line 83: [: 0
0: integer expression expected
scripts/collect_glm6b_full.sh: line 83: [: 0
0: integer expression expected
scripts/collect_glm6b_full.sh: line 83: [: 0
0: integer expression expected
scripts/collect_glm6b_full.sh: line 83: [: 0
0: integer expression expected
scripts/collect_glm6b_full.sh: line 83: [: 0
0: integer expression expected
scripts/collect_glm6b_full.sh: line 83: [: 0
0: integer expression expected
scripts/collect_glm6b_full.sh: line 83: [: 0
0: integer expression expected
scripts/collect_glm6b_full.sh: line 83: [: 0
0: integer expression expected
scripts/collect_glm6b_full.sh: line 83: [: 0
0: integer expression expected
scripts/collect_glm6b_full.sh: line 83: [: 0
0: integer expression expected
scripts/collect_glm6b_full.sh: line 83: [: 0
0: integer expression expected
scripts/collect_glm6b_full.sh: line 83: [: 0
0: integer expression expected
scripts/collect_glm6b_full.sh: line 83: [: 0
0: integer expression expected
scripts/collect_glm6b_full.sh: line 83: [: 0
0: integer expression expected
scripts/collect_glm6b_full.sh: line 83: [: 0
0: integer expression expected
scripts/collect_glm6b_full.sh: line 83: [: 0
0: integer expression expected
scripts/collect_glm6b_full.sh: line 83: [: 0
0: integer expression expected
scripts/collect_glm6b_full.sh: line 83: [: 0
0: integer expression expected
scripts/collect_glm6b_full.sh: line 83: [: 0
0: integer expression expected
scripts/collect_glm6b_full.sh: line 83: [: 0
0: integer expression expected
scripts/collect_glm6b_full.sh: line 83: [: 0
0: integer expression expected
scripts/collect_glm6b_full.sh: line 83: [: 0
0: integer expression expected
scripts/collect_glm6b_full.sh: line 83: [: 0
0: integer expression expected
scripts/collect_glm6b_full.sh: line 83: [: 0
0: integer expression expected
scripts/collect_glm6b_full.sh: line 83: [: 0
0: integer expression expected
scripts/collect_glm6b_full.sh: line 83: [: 0
0: integer expression expected
scripts/collect_glm6b_full.sh: line 83: [: 0
0: integer expression expected
scripts/collect_glm6b_full.sh: line 83: [: 0
0: integer expression expected
scripts/collect_glm6b_full.sh: line 83: [: 0
0: integer expression expected
scripts/collect_glm6b_full.sh: line 83: [: 0
0: integer expression expected
scripts/collect_glm6b_full.sh: line 83: [: 0
0: integer expression expected
scripts/collect_glm6b_full.sh: line 83: [: 0
0: integer expression expected
scripts/collect_glm6b_full.sh: line 83: [: 0
0: integer expression expected
scripts/collect_glm6b_full.sh: line 83: [: 0
0: integer expression expected
scripts/collect_glm6b_full.sh: line 83: [: 0
0: integer expression expected
scripts/collect_glm6b_full.sh: line 83: [: 0
0: integer expression expected
scripts/collect_glm6b_full.sh: line 83: [: 0
0: integer expression expected
scripts/collect_glm6b_full.sh: line 83: [: 0
0: integer expression expected
scripts/collect_glm6b_full.sh: line 83: [: 0
0: integer expression expected
scripts/collect_glm6b_full.sh: line 83: [: 0
0: integer expression expected
scripts/collect_glm6b_full.sh: line 83: [: 0
0: integer expression expected
scripts/collect_glm6b_full.sh: line 83: [: 0
0: integer expression expected
scripts/collect_glm6b_full.sh: line 83: [: 0
0: integer expression expected
scripts/collect_glm6b_full.sh: line 83: [: 0
0: integer expression expected
scripts/collect_glm6b_full.sh: line 83: [: 0
0: integer expression expected
scripts/collect_glm6b_full.sh: line 83: [: 0
0: integer expression expected
scripts/collect_glm6b_full.sh: line 83: [: 0
0: integer expression expected
scripts/collect_glm6b_full.sh: line 83: [: 0
0: integer expression expected
scripts/collect_glm6b_full.sh: line 83: [: 0
0: integer expression expected
scripts/collect_glm6b_full.sh: line 83: [: 0
0: integer expression expected
scripts/collect_glm6b_full.sh: line 83: [: 0
0: integer expression expected
scripts/collect_glm6b_full.sh: line 83: [: 0
0: integer expression expected
scripts/collect_glm6b_full.sh: line 83: [: 0
0: integer expression expected
scripts/collect_glm6b_full.sh: line 83: [: 0
0: integer expression expected
scripts/collect_glm6b_full.sh: line 83: [: 0
0: integer expression expected
scripts/collect_glm6b_full.sh: line 83: [: 0
0: integer expression expected
scripts/collect_glm6b_full.sh: line 83: [: 0
0: integer expression expected
scripts/collect_glm6b_full.sh: line 83: [: 0
0: integer expression expected
scripts/collect_glm6b_full.sh: line 83: [: 0
0: integer expression expected
scripts/collect_glm6b_full.sh: line 83: [: 0
0: integer expression expected
scripts/collect_glm6b_full.sh: line 83: [: 0
0: integer expression expected
scripts/collect_glm6b_full.sh: line 83: [: 0
0: integer expression expected
scripts/collect_glm6b_full.sh: line 83: [: 0
0: integer expression expected
scripts/collect_glm6b_full.sh: line 83: [: 0
0: integer expression expected
scripts/collect_glm6b_full.sh: line 83: [: 0
0: integer expression expected
scripts/collect_glm6b_full.sh: line 83: [: 0
0: integer expression expected
scripts/collect_glm6b_full.sh: line 83: [: 0
0: integer expression expected
scripts/collect_glm6b_full.sh: line 83: [: 0
0: integer expression expected
scripts/collect_glm6b_full.sh: line 83: [: 0
0: integer expression expected
scripts/collect_glm6b_full.sh: line 83: [: 0
0: integer expression expected
scripts/collect_glm6b_full.sh: line 83: [: 0
0: integer expression expected
scripts/collect_glm6b_full.sh: line 83: [: 0
0: integer expression expected
scripts/collect_glm6b_full.sh: line 83: [: 0
0: integer expression expected
scripts/collect_glm6b_full.sh: line 83: [: 0
0: integer expression expected
scripts/collect_glm6b_full.sh: line 83: [: 0
0: integer expression expected
scripts/collect_glm6b_full.sh: line 83: [: 0
0: integer expression expected
scripts/collect_glm6b_full.sh: line 83: [: 0
0: integer expression expected
scripts/collect_glm6b_full.sh: line 83: [: 0
0: integer expression expected
scripts/collect_glm6b_full.sh: line 83: [: 0
0: integer expression expected
scripts/collect_glm6b_full.sh: line 83: [: 0
0: integer expression expected
scripts/collect_glm6b_full.sh: line 83: [: 0
0: integer expression expected
scripts/collect_glm6b_full.sh: line 83: [: 0
0: integer expression expected
scripts/collect_glm6b_full.sh: line 83: [: 0
0: integer expression expected
scripts/collect_glm6b_full.sh: line 83: [: 0
0: integer expression expected
scripts/collect_glm6b_full.sh: line 83: [: 0
0: integer expression expected
scripts/collect_glm6b_full.sh: line 83: [: 0
0: integer expression expected
scripts/collect_glm6b_full.sh: line 83: [: 0
0: integer expression expected
scripts/collect_glm6b_full.sh: line 83: [: 0
0: integer expression expected
scripts/collect_glm6b_full.sh: line 83: [: 0
0: integer expression expected
scripts/collect_glm6b_full.sh: line 83: [: 0
0: integer expression expected
scripts/collect_glm6b_full.sh: line 83: [: 0
0: integer expression expected
scripts/collect_glm6b_full.sh: line 83: [: 0
0: integer expression expected
scripts/collect_glm6b_full.sh: line 83: [: 0
0: integer expression expected
scripts/collect_glm6b_full.sh: line 83: [: 0
0: integer expression expected
scripts/collect_glm6b_full.sh: line 83: [: 0
0: integer expression expected
scripts/collect_glm6b_full.sh: line 83: [: 0
0: integer expression expected
scripts/collect_glm6b_full.sh: line 83: [: 0
0: integer expression expected
scripts/collect_glm6b_full.sh: line 83: [: 0
0: integer expression expected
scripts/collect_glm6b_full.sh: line 83: [: 0
0: integer expression expected
scripts/collect_glm6b_full.sh: line 83: [: 0
0: integer expression expected
scripts/collect_glm6b_full.sh: line 83: [: 0
0: integer expression expected
scripts/collect_glm6b_full.sh: line 83: [: 0
0: integer expression expected
scripts/collect_glm6b_full.sh: line 83: [: 0
0: integer expression expected
scripts/collect_glm6b_full.sh: line 83: [: 0
0: integer expression expected
scripts/collect_glm6b_full.sh: line 83: [: 0
0: integer expression expected
scripts/collect_glm6b_full.sh: line 83: [: 0
0: integer expression expected
scripts/collect_glm6b_full.sh: line 83: [: 0
0: integer expression expected
scripts/collect_glm6b_full.sh: line 83: [: 0
0: integer expression expected
scripts/collect_glm6b_full.sh: line 83: [: 0
0: integer expression expected
scripts/collect_glm6b_full.sh: line 83: [: 0
0: integer expression expected
scripts/collect_glm6b_full.sh: line 83: [: 0
0: integer expression expected
scripts/collect_glm6b_full.sh: line 83: [: 0
0: integer expression expected
scripts/collect_glm6b_full.sh: line 83: [: 0
0: integer expression expected
scripts/collect_glm6b_full.sh: line 83: [: 0
0: integer expression expected
scripts/collect_glm6b_full.sh: line 83: [: 0
0: integer expression expected
scripts/collect_glm6b_full.sh: line 83: [: 0
0: integer expression expected
scripts/collect_glm6b_full.sh: line 83: [: 0
0: integer expression expected
scripts/collect_glm6b_full.sh: line 83: [: 0
0: integer expression expected
scripts/collect_glm6b_full.sh: line 83: [: 0
0: integer expression expected
scripts/collect_glm6b_full.sh: line 83: [: 0
0: integer expression expected
scripts/collect_glm6b_full.sh: line 83: [: 0
0: integer expression expected
scripts/collect_glm6b_full.sh: line 83: [: 0
0: integer expression expected
scripts/collect_glm6b_full.sh: line 83: [: 0
0: integer expression expected
scripts/collect_glm6b_full.sh: line 83: [: 0
0: integer expression expected
scripts/collect_glm6b_full.sh: line 83: [: 0
0: integer expression expected
scripts/collect_glm6b_full.sh: line 83: [: 0
0: integer expression expected
scripts/collect_glm6b_full.sh: line 83: [: 0
0: integer expression expected
scripts/collect_glm6b_full.sh: line 83: [: 0
0: integer expression expected
scripts/collect_glm6b_full.sh: line 83: [: 0
0: integer expression expected
scripts/collect_glm6b_full.sh: line 83: [: 0
0: integer expression expected
scripts/collect_glm6b_full.sh: line 83: [: 0
0: integer expression expected
scripts/collect_glm6b_full.sh: line 83: [: 0
0: integer expression expected
scripts/collect_glm6b_full.sh: line 83: [: 0
0: integer expression expected
scripts/collect_glm6b_full.sh: line 83: [: 0
0: integer expression expected
scripts/collect_glm6b_full.sh: line 83: [: 0
0: integer expression expected
scripts/collect_glm6b_full.sh: line 83: [: 0
0: integer expression expected
scripts/collect_glm6b_full.sh: line 83: [: 0
0: integer expression expected
scripts/collect_glm6b_full.sh: line 83: [: 0
0: integer expression expected
scripts/collect_glm6b_full.sh: line 83: [: 0
0: integer expression expected
scripts/collect_glm6b_full.sh: line 83: [: 0
0: integer expression expected
scripts/collect_glm6b_full.sh: line 83: [: 0
0: integer expression expected
scripts/collect_glm6b_full.sh: line 83: [: 0
0: integer expression expected
scripts/collect_glm6b_full.sh: line 83: [: 0
0: integer expression expected
scripts/collect_glm6b_full.sh: line 83: [: 0
0: integer expression expected
scripts/collect_glm6b_full.sh: line 83: [: 0
0: integer expression expected
scripts/collect_glm6b_full.sh: line 83: [: 0
0: integer expression expected
scripts/collect_glm6b_full.sh: line 83: [: 0
0: integer expression expected
scripts/collect_glm6b_full.sh: line 83: [: 0
0: integer expression expected
scripts/collect_glm6b_full.sh: line 83: [: 0
0: integer expression expected
scripts/collect_glm6b_full.sh: line 83: [: 0
0: integer expression expected
scripts/collect_glm6b_full.sh: line 83: [: 0
0: integer expression expected
scripts/collect_glm6b_full.sh: line 83: [: 0
0: integer expression expected
scripts/collect_glm6b_full.sh: line 83: [: 0
0: integer expression expected
scripts/collect_glm6b_full.sh: line 83: [: 0
0: integer expression expected
scripts/collect_glm6b_full.sh: line 83: [: 0
0: integer expression expected
scripts/collect_glm6b_full.sh: line 83: [: 0
0: integer expression expected
scripts/collect_glm6b_full.sh: line 83: [: 0
0: integer expression expected
scripts/collect_glm6b_full.sh: line 83: [: 0
0: integer expression expected
scripts/collect_glm6b_full.sh: line 83: [: 0
0: integer expression expected
scripts/collect_glm6b_full.sh: line 83: [: 0
0: integer expression expected
scripts/collect_glm6b_full.sh: line 83: [: 0
0: integer expression expected
scripts/collect_glm6b_full.sh: line 83: [: 0
0: integer expression expected
scripts/collect_glm6b_full.sh: line 83: [: 0
0: integer expression expected
scripts/collect_glm6b_full.sh: line 83: [: 0
0: integer expression expected
scripts/collect_glm6b_full.sh: line 83: [: 0
0: integer expression expected
scripts/collect_glm6b_full.sh: line 83: [: 0
0: integer expression expected
scripts/collect_glm6b_full.sh: line 83: [: 0
0: integer expression expected
scripts/collect_glm6b_full.sh: line 83: [: 0
0: integer expression expected
scripts/collect_glm6b_full.sh: line 83: [: 0
0: integer expression expected
scripts/collect_glm6b_full.sh: line 83: [: 0
0: integer expression expected
scripts/collect_glm6b_full.sh: line 83: [: 0
0: integer expression expected
scripts/collect_glm6b_full.sh: line 83: [: 0
0: integer expression expected
scripts/collect_glm6b_full.sh: line 83: [: 0
0: integer expression expected
scripts/collect_glm6b_full.sh: line 83: [: 0
0: integer expression expected
scripts/collect_glm6b_full.sh: line 83: [: 0
0: integer expression expected
scripts/collect_glm6b_full.sh: line 83: [: 0
0: integer expression expected
scripts/collect_glm6b_full.sh: line 83: [: 0
0: integer expression expected
scripts/collect_glm6b_full.sh: line 83: [: 0
0: integer expression expected
scripts/collect_glm6b_full.sh: line 83: [: 0
0: integer expression expected
scripts/collect_glm6b_full.sh: line 83: [: 0
0: integer expression expected
scripts/collect_glm6b_full.sh: line 83: [: 0
0: integer expression expected
scripts/collect_glm6b_full.sh: line 83: [: 0
0: integer expression expected
scripts/collect_glm6b_full.sh: line 83: [: 0
0: integer expression expected
scripts/collect_glm6b_full.sh: line 83: [: 0
0: integer expression expected
scripts/collect_glm6b_full.sh: line 83: [: 0
0: integer expression expected
scripts/collect_glm6b_full.sh: line 83: [: 0
0: integer expression expected
scripts/collect_glm6b_full.sh: line 83: [: 0
0: integer expression expected
scripts/collect_glm6b_full.sh: line 83: [: 0
0: integer expression expected
scripts/collect_glm6b_full.sh: line 83: [: 0
0: integer expression expected
scripts/collect_glm6b_full.sh: line 83: [: 0
0: integer expression expected
scripts/collect_glm6b_full.sh: line 83: [: 0
0: integer expression expected
scripts/collect_glm6b_full.sh: line 83: [: 0
0: integer expression expected
scripts/collect_glm6b_full.sh: line 83: [: 0
0: integer expression expected
scripts/collect_glm6b_full.sh: line 83: [: 0
0: integer expression expected
scripts/collect_glm6b_full.sh: line 83: [: 0
0: integer expression expected
scripts/collect_glm6b_full.sh: line 83: [: 0
0: integer expression expected
scripts/collect_glm6b_full.sh: line 83: [: 0
0: integer expression expected
scripts/collect_glm6b_full.sh: line 83: [: 0
0: integer expression expected
scripts/collect_glm6b_full.sh: line 83: [: 0
0: integer expression expected
scripts/collect_glm6b_full.sh: line 83: [: 0
0: integer expression expected
scripts/collect_glm6b_full.sh: line 83: [: 0
0: integer expression expected
scripts/collect_glm6b_full.sh: line 83: [: 0
0: integer expression expected
scripts/collect_glm6b_full.sh: line 83: [: 0
0: integer expression expected
scripts/collect_glm6b_full.sh: line 83: [: 0
0: integer expression expected
scripts/collect_glm6b_full.sh: line 83: [: 0
0: integer expression expected
scripts/collect_glm6b_full.sh: line 83: [: 0
0: integer expression expected
scripts/collect_glm6b_full.sh: line 83: [: 0
0: integer expression expected
scripts/collect_glm6b_full.sh: line 83: [: 0
0: integer expression expected
scripts/collect_glm6b_full.sh: line 83: [: 0
0: integer expression expected
scripts/collect_glm6b_full.sh: line 83: [: 0
0: integer expression expected
scripts/collect_glm6b_full.sh: line 83: [: 0
0: integer expression expected
scripts/collect_glm6b_full.sh: line 83: [: 0
0: integer expression expected
scripts/collect_glm6b_full.sh: line 83: [: 0
0: integer expression expected
scripts/collect_glm6b_full.sh: line 83: [: 0
0: integer expression expected
scripts/collect_glm6b_full.sh: line 83: [: 0
0: integer expression expected
scripts/collect_glm6b_full.sh: line 83: [: 0
0: integer expression expected
scripts/collect_glm6b_full.sh: line 83: [: 0
0: integer expression expected
scripts/collect_glm6b_full.sh: line 83: [: 0
0: integer expression expected
scripts/collect_glm6b_full.sh: line 83: [: 0
0: integer expression expected
scripts/collect_glm6b_full.sh: line 83: [: 0
0: integer expression expected
scripts/collect_glm6b_full.sh: line 83: [: 0
0: integer expression expected
scripts/collect_glm6b_full.sh: line 83: [: 0
0: integer expression expected
scripts/collect_glm6b_full.sh: line 83: [: 0
0: integer expression expected
scripts/collect_glm6b_full.sh: line 83: [: 0
0: integer expression expected
scripts/collect_glm6b_full.sh: line 83: [: 0
0: integer expression expected
scripts/collect_glm6b_full.sh: line 83: [: 0
0: integer expression expected
scripts/collect_glm6b_full.sh: line 83: [: 0
0: integer expression expected
scripts/collect_glm6b_full.sh: line 83: [: 0
0: integer expression expected
scripts/collect_glm6b_full.sh: line 83: [: 0
0: integer expression expected
scripts/collect_glm6b_full.sh: line 83: [: 0
0: integer expression expected
scripts/collect_glm6b_full.sh: line 83: [: 0
0: integer expression expected
scripts/collect_glm6b_full.sh: line 83: [: 0
0: integer expression expected
scripts/collect_glm6b_full.sh: line 83: [: 0
0: integer expression expected
scripts/collect_glm6b_full.sh: line 83: [: 0
0: integer expression expected
scripts/collect_glm6b_full.sh: line 83: [: 0
0: integer expression expected
scripts/collect_glm6b_full.sh: line 83: [: 0
0: integer expression expected
scripts/collect_glm6b_full.sh: line 83: [: 0
0: integer expression expected
scripts/collect_glm6b_full.sh: line 83: [: 0
0: integer expression expected
scripts/collect_glm6b_full.sh: line 83: [: 0
0: integer expression expected
scripts/collect_glm6b_full.sh: line 83: [: 0
0: integer expression expected
scripts/collect_glm6b_full.sh: line 83: [: 0
0: integer expression expected
scripts/collect_glm6b_full.sh: line 83: [: 0
0: integer expression expected
scripts/collect_glm6b_full.sh: line 83: [: 0
0: integer expression expected
scripts/collect_glm6b_full.sh: line 83: [: 0
0: integer expression expected
scripts/collect_glm6b_full.sh: line 83: [: 0
0: integer expression expected
scripts/collect_glm6b_full.sh: line 83: [: 0
0: integer expression expected
scripts/collect_glm6b_full.sh: line 83: [: 0
0: integer expression expected
scripts/collect_glm6b_full.sh: line 83: [: 0
0: integer expression expected
scripts/collect_glm6b_full.sh: line 83: [: 0
0: integer expression expected
scripts/collect_glm6b_full.sh: line 83: [: 0
0: integer expression expected
scripts/collect_glm6b_full.sh: line 83: [: 0
0: integer expression expected
scripts/collect_glm6b_full.sh: line 83: [: 0
0: integer expression expected
scripts/collect_glm6b_full.sh: line 83: [: 0
0: integer expression expected
scripts/collect_glm6b_full.sh: line 83: [: 0
0: integer expression expected
scripts/collect_glm6b_full.sh: line 83: [: 0
0: integer expression expected
scripts/collect_glm6b_full.sh: line 83: [: 0
0: integer expression expected
scripts/collect_glm6b_full.sh: line 83: [: 0
0: integer expression expected
scripts/collect_glm6b_full.sh: line 83: [: 0
0: integer expression expected
scripts/collect_glm6b_full.sh: line 83: [: 0
0: integer expression expected
scripts/collect_glm6b_full.sh: line 83: [: 0
0: integer expression expected
scripts/collect_glm6b_full.sh: line 83: [: 0
0: integer expression expected
scripts/collect_glm6b_full.sh: line 83: [: 0
0: integer expression expected
scripts/collect_glm6b_full.sh: line 83: [: 0
0: integer expression expected
scripts/collect_glm6b_full.sh: line 83: [: 0
0: integer expression expected
scripts/collect_glm6b_full.sh: line 83: [: 0
0: integer expression expected
scripts/collect_glm6b_full.sh: line 83: [: 0
0: integer expression expected
scripts/collect_glm6b_full.sh: line 83: [: 0
0: integer expression expected
scripts/collect_glm6b_full.sh: line 83: [: 0
0: integer expression expected
scripts/collect_glm6b_full.sh: line 83: [: 0
0: integer expression expected
scripts/collect_glm6b_full.sh: line 83: [: 0
0: integer expression expected
scripts/collect_glm6b_full.sh: line 83: [: 0
0: integer expression expected
scripts/collect_glm6b_full.sh: line 83: [: 0
0: integer expression expected
scripts/collect_glm6b_full.sh: line 83: [: 0
0: integer expression expected
scripts/collect_glm6b_full.sh: line 83: [: 0
0: integer expression expected
scripts/collect_glm6b_full.sh: line 83: [: 0
0: integer expression expected
scripts/collect_glm6b_full.sh: line 83: [: 0
0: integer expression expected
scripts/collect_glm6b_full.sh: line 83: [: 0
0: integer expression expected
scripts/collect_glm6b_full.sh: line 83: [: 0
0: integer expression expected
scripts/collect_glm6b_full.sh: line 83: [: 0
0: integer expression expected
scripts/collect_glm6b_full.sh: line 83: [: 0
0: integer expression expected
scripts/collect_glm6b_full.sh: line 83: [: 0
0: integer expression expected
scripts/collect_glm6b_full.sh: line 83: [: 0
0: integer expression expected
scripts/collect_glm6b_full.sh: line 83: [: 0
0: integer expression expected
scripts/collect_glm6b_full.sh: line 83: [: 0
0: integer expression expected
scripts/collect_glm6b_full.sh: line 83: [: 0
0: integer expression expected
scripts/collect_glm6b_full.sh: line 83: [: 0
0: integer expression expected
scripts/collect_glm6b_full.sh: line 83: [: 0
0: integer expression expected
scripts/collect_glm6b_full.sh: line 83: [: 0
0: integer expression expected
scripts/collect_glm6b_full.sh: line 83: [: 0
0: integer expression expected
scripts/collect_glm6b_full.sh: line 83: [: 0
0: integer expression expected
scripts/collect_glm6b_full.sh: line 83: [: 0
0: integer expression expected
scripts/collect_glm6b_full.sh: line 83: [: 0
0: integer expression expected
scripts/collect_glm6b_full.sh: line 83: [: 0
0: integer expression expected
scripts/collect_glm6b_full.sh: line 83: [: 0
0: integer expression expected
scripts/collect_glm6b_full.sh: line 83: [: 0
0: integer expression expected
scripts/collect_glm6b_full.sh: line 83: [: 0
0: integer expression expected
scripts/collect_glm6b_full.sh: line 83: [: 0
0: integer expression expected
scripts/collect_glm6b_full.sh: line 83: [: 0
0: integer expression expected
scripts/collect_glm6b_full.sh: line 83: [: 0
0: integer expression expected
scripts/collect_glm6b_full.sh: line 83: [: 0
0: integer expression expected
scripts/collect_glm6b_full.sh: line 83: [: 0
0: integer expression expected
scripts/collect_glm6b_full.sh: line 83: [: 0
0: integer expression expected
scripts/collect_glm6b_full.sh: line 83: [: 0
0: integer expression expected
scripts/collect_glm6b_full.sh: line 83: [: 0
0: integer expression expected
scripts/collect_glm6b_full.sh: line 83: [: 0
0: integer expression expected
scripts/collect_glm6b_full.sh: line 83: [: 0
0: integer expression expected
scripts/collect_glm6b_full.sh: line 83: [: 0
0: integer expression expected
scripts/collect_glm6b_full.sh: line 83: [: 0
0: integer expression expected
scripts/collect_glm6b_full.sh: line 83: [: 0
0: integer expression expected
scripts/collect_glm6b_full.sh: line 83: [: 0
0: integer expression expected
scripts/collect_glm6b_full.sh: line 83: [: 0
0: integer expression expected
scripts/collect_glm6b_full.sh: line 83: [: 0
0: integer expression expected
scripts/collect_glm6b_full.sh: line 83: [: 0
0: integer expression expected
scripts/collect_glm6b_full.sh: line 83: [: 0
0: integer expression expected
scripts/collect_glm6b_full.sh: line 83: [: 0
0: integer expression expected
scripts/collect_glm6b_full.sh: line 83: [: 0
0: integer expression expected
scripts/collect_glm6b_full.sh: line 83: [: 0
0: integer expression expected
scripts/collect_glm6b_full.sh: line 83: [: 0
0: integer expression expected
scripts/collect_glm6b_full.sh: line 83: [: 0
0: integer expression expected
scripts/collect_glm6b_full.sh: line 83: [: 0
0: integer expression expected
scripts/collect_glm6b_full.sh: line 83: [: 0
0: integer expression expected
scripts/collect_glm6b_full.sh: line 83: [: 0
0: integer expression expected
scripts/collect_glm6b_full.sh: line 83: [: 0
0: integer expression expected
scripts/collect_glm6b_full.sh: line 83: [: 0
0: integer expression expected
scripts/collect_glm6b_full.sh: line 83: [: 0
0: integer expression expected
scripts/collect_glm6b_full.sh: line 83: [: 0
0: integer expression expected
scripts/collect_glm6b_full.sh: line 83: [: 0
0: integer expression expected
scripts/collect_glm6b_full.sh: line 83: [: 0
0: integer expression expected
scripts/collect_glm6b_full.sh: line 83: [: 0
0: integer expression expected
scripts/collect_glm6b_full.sh: line 83: [: 0
0: integer expression expected
scripts/collect_glm6b_full.sh: line 83: [: 0
0: integer expression expected
scripts/collect_glm6b_full.sh: line 83: [: 0
0: integer expression expected
scripts/collect_glm6b_full.sh: line 83: [: 0
0: integer expression expected
scripts/collect_glm6b_full.sh: line 83: [: 0
0: integer expression expected
scripts/collect_glm6b_full.sh: line 83: [: 0
0: integer expression expected
scripts/collect_glm6b_full.sh: line 83: [: 0
0: integer expression expected
scripts/collect_glm6b_full.sh: line 83: [: 0
0: integer expression expected
scripts/collect_glm6b_full.sh: line 83: [: 0
0: integer expression expected
scripts/collect_glm6b_full.sh: line 83: [: 0
0: integer expression expected
scripts/collect_glm6b_full.sh: line 83: [: 0
0: integer expression expected
scripts/collect_glm6b_full.sh: line 83: [: 0
0: integer expression expected
scripts/collect_glm6b_full.sh: line 83: [: 0
0: integer expression expected
scripts/collect_glm6b_full.sh: line 83: [: 0
0: integer expression expected
scripts/collect_glm6b_full.sh: line 83: [: 0
0: integer expression expected
scripts/collect_glm6b_full.sh: line 83: [: 0
0: integer expression expected
scripts/collect_glm6b_full.sh: line 83: [: 0
0: integer expression expected
scripts/collect_glm6b_full.sh: line 83: [: 0
0: integer expression expected
scripts/collect_glm6b_full.sh: line 83: [: 0
0: integer expression expected
scripts/collect_glm6b_full.sh: line 83: [: 0
0: integer expression expected
scripts/collect_glm6b_full.sh: line 83: [: 0
0: integer expression expected
scripts/collect_glm6b_full.sh: line 83: [: 0
0: integer expression expected
scripts/collect_glm6b_full.sh: line 83: [: 0
0: integer expression expected
scripts/collect_glm6b_full.sh: line 83: [: 0
0: integer expression expected
scripts/collect_glm6b_full.sh: line 83: [: 0
0: integer expression expected
scripts/collect_glm6b_full.sh: line 83: [: 0
0: integer expression expected
scripts/collect_glm6b_full.sh: line 83: [: 0
0: integer expression expected
scripts/collect_glm6b_full.sh: line 83: [: 0
0: integer expression expected
scripts/collect_glm6b_full.sh: line 83: [: 0
0: integer expression expected
scripts/collect_glm6b_full.sh: line 83: [: 0
0: integer expression expected
scripts/collect_glm6b_full.sh: line 83: [: 0
0: integer expression expected
scripts/collect_glm6b_full.sh: line 83: [: 0
0: integer expression expected
scripts/collect_glm6b_full.sh: line 83: [: 0
0: integer expression expected
scripts/collect_glm6b_full.sh: line 83: [: 0
0: integer expression expected
scripts/collect_glm6b_full.sh: line 83: [: 0
0: integer expression expected
scripts/collect_glm6b_full.sh: line 83: [: 0
0: integer expression expected
scripts/collect_glm6b_full.sh: line 83: [: 0
0: integer expression expected
scripts/collect_glm6b_full.sh: line 83: [: 0
0: integer expression expected
scripts/collect_glm6b_full.sh: line 83: [: 0
0: integer expression expected
scripts/collect_glm6b_full.sh: line 83: [: 0
0: integer expression expected
scripts/collect_glm6b_full.sh: line 83: [: 0
0: integer expression expected
scripts/collect_glm6b_full.sh: line 83: [: 0
0: integer expression expected
scripts/collect_glm6b_full.sh: line 83: [: 0
0: integer expression expected
scripts/collect_glm6b_full.sh: line 83: [: 0
0: integer expression expected
scripts/collect_glm6b_full.sh: line 83: [: 0
0: integer expression expected
scripts/collect_glm6b_full.sh: line 83: [: 0
0: integer expression expected
scripts/collect_glm6b_full.sh: line 83: [: 0
0: integer expression expected
scripts/collect_glm6b_full.sh: line 83: [: 0
0: integer expression expected
scripts/collect_glm6b_full.sh: line 83: [: 0
0: integer expression expected
scripts/collect_glm6b_full.sh: line 83: [: 0
0: integer expression expected
scripts/collect_glm6b_full.sh: line 83: [: 0
0: integer expression expected
scripts/collect_glm6b_full.sh: line 83: [: 0
0: integer expression expected
scripts/collect_glm6b_full.sh: line 83: [: 0
0: integer expression expected
scripts/collect_glm6b_full.sh: line 83: [: 0
0: integer expression expected
scripts/collect_glm6b_full.sh: line 83: [: 0
0: integer expression expected
scripts/collect_glm6b_full.sh: line 83: [: 0
0: integer expression expected
scripts/collect_glm6b_full.sh: line 83: [: 0
0: integer expression expected
scripts/collect_glm6b_full.sh: line 83: [: 0
0: integer expression expected
scripts/collect_glm6b_full.sh: line 83: [: 0
0: integer expression expected
scripts/collect_glm6b_full.sh: line 83: [: 0
0: integer expression expected
scripts/collect_glm6b_full.sh: line 83: [: 0
0: integer expression expected
scripts/collect_glm6b_full.sh: line 83: [: 0
0: integer expression expected
scripts/collect_glm6b_full.sh: line 83: [: 0
0: integer expression expected
scripts/collect_glm6b_full.sh: line 83: [: 0
0: integer expression expected
scripts/collect_glm6b_full.sh: line 83: [: 0
0: integer expression expected
scripts/collect_glm6b_full.sh: line 83: [: 0
0: integer expression expected
scripts/collect_glm6b_full.sh: line 83: [: 0
0: integer expression expected
scripts/collect_glm6b_full.sh: line 83: [: 0
0: integer expression expected
scripts/collect_glm6b_full.sh: line 83: [: 0
0: integer expression expected
scripts/collect_glm6b_full.sh: line 83: [: 0
0: integer expression expected
scripts/collect_glm6b_full.sh: line 83: [: 0
0: integer expression expected
scripts/collect_glm6b_full.sh: line 83: [: 0
0: integer expression expected
scripts/collect_glm6b_full.sh: line 83: [: 0
0: integer expression expected
scripts/collect_glm6b_full.sh: line 83: [: 0
0: integer expression expected
scripts/collect_glm6b_full.sh: line 83: [: 0
0: integer expression expected
scripts/collect_glm6b_full.sh: line 83: [: 0
0: integer expression expected
scripts/collect_glm6b_full.sh: line 83: [: 0
0: integer expression expected
scripts/collect_glm6b_full.sh: line 83: [: 0
0: integer expression expected
scripts/collect_glm6b_full.sh: line 83: [: 0
0: integer expression expected
scripts/collect_glm6b_full.sh: line 83: [: 0
0: integer expression expected
scripts/collect_glm6b_full.sh: line 83: [: 0
0: integer expression expected
scripts/collect_glm6b_full.sh: line 83: [: 0
0: integer expression expected
scripts/collect_glm6b_full.sh: line 83: [: 0
0: integer expression expected
scripts/collect_glm6b_full.sh: line 83: [: 0
0: integer expression expected
scripts/collect_glm6b_full.sh: line 83: [: 0
0: integer expression expected
scripts/collect_glm6b_full.sh: line 83: [: 0
0: integer expression expected
scripts/collect_glm6b_full.sh: line 83: [: 0
0: integer expression expected
scripts/collect_glm6b_full.sh: line 83: [: 0
0: integer expression expected
scripts/collect_glm6b_full.sh: line 83: [: 0
0: integer expression expected
scripts/collect_glm6b_full.sh: line 83: [: 0
0: integer expression expected
scripts/collect_glm6b_full.sh: line 83: [: 0
0: integer expression expected
scripts/collect_glm6b_full.sh: line 83: [: 0
0: integer expression expected
scripts/collect_glm6b_full.sh: line 83: [: 0
0: integer expression expected
scripts/collect_glm6b_full.sh: line 83: [: 0
0: integer expression expected
scripts/collect_glm6b_full.sh: line 83: [: 0
0: integer expression expected
scripts/collect_glm6b_full.sh: line 83: [: 0
0: integer expression expected
scripts/collect_glm6b_full.sh: line 83: [: 0
0: integer expression expected
scripts/collect_glm6b_full.sh: line 83: [: 0
0: integer expression expected
scripts/collect_glm6b_full.sh: line 83: [: 0
0: integer expression expected
scripts/collect_glm6b_full.sh: line 83: [: 0
0: integer expression expected
scripts/collect_glm6b_full.sh: line 83: [: 0
0: integer expression expected
scripts/collect_glm6b_full.sh: line 83: [: 0
0: integer expression expected
scripts/collect_glm6b_full.sh: line 83: [: 0
0: integer expression expected
scripts/collect_glm6b_full.sh: line 83: [: 0
0: integer expression expected
scripts/collect_glm6b_full.sh: line 83: [: 0
0: integer expression expected
scripts/collect_glm6b_full.sh: line 83: [: 0
0: integer expression expected
scripts/collect_glm6b_full.sh: line 83: [: 0
0: integer expression expected
scripts/collect_glm6b_full.sh: line 83: [: 0
0: integer expression expected
scripts/collect_glm6b_full.sh: line 83: [: 0
0: integer expression expected
scripts/collect_glm6b_full.sh: line 83: [: 0
0: integer expression expected
scripts/collect_glm6b_full.sh: line 83: [: 0
0: integer expression expected
scripts/collect_glm6b_full.sh: line 83: [: 0
0: integer expression expected
scripts/collect_glm6b_full.sh: line 83: [: 0
0: integer expression expected
scripts/collect_glm6b_full.sh: line 83: [: 0
0: integer expression expected
scripts/collect_glm6b_full.sh: line 83: [: 0
0: integer expression expected
scripts/collect_glm6b_full.sh: line 83: [: 0
0: integer expression expected
scripts/collect_glm6b_full.sh: line 83: [: 0
0: integer expression expected
scripts/collect_glm6b_full.sh: line 83: [: 0
0: integer expression expected
scripts/collect_glm6b_full.sh: line 83: [: 0
0: integer expression expected
scripts/collect_glm6b_full.sh: line 83: [: 0
0: integer expression expected
scripts/collect_glm6b_full.sh: line 83: [: 0
0: integer expression expected
scripts/collect_glm6b_full.sh: line 83: [: 0
0: integer expression expected
scripts/collect_glm6b_full.sh: line 83: [: 0
0: integer expression expected
scripts/collect_glm6b_full.sh: line 83: [: 0
0: integer expression expected
scripts/collect_glm6b_full.sh: line 83: [: 0
0: integer expression expected
scripts/collect_glm6b_full.sh: line 83: [: 0
0: integer expression expected
scripts/collect_glm6b_full.sh: line 83: [: 0
0: integer expression expected
scripts/collect_glm6b_full.sh: line 83: [: 0
0: integer expression expected
scripts/collect_glm6b_full.sh: line 83: [: 0
0: integer expression expected
scripts/collect_glm6b_full.sh: line 83: [: 0
0: integer expression expected
scripts/collect_glm6b_full.sh: line 83: [: 0
0: integer expression expected
scripts/collect_glm6b_full.sh: line 83: [: 0
0: integer expression expected
scripts/collect_glm6b_full.sh: line 83: [: 0
0: integer expression expected
scripts/collect_glm6b_full.sh: line 83: [: 0
0: integer expression expected
scripts/collect_glm6b_full.sh: line 83: [: 0
0: integer expression expected
scripts/collect_glm6b_full.sh: line 83: [: 0
0: integer expression expected
scripts/collect_glm6b_full.sh: line 83: [: 0
0: integer expression expected
scripts/collect_glm6b_full.sh: line 83: [: 0
0: integer expression expected
scripts/collect_glm6b_full.sh: line 83: [: 0
0: integer expression expected
scripts/collect_glm6b_full.sh: line 83: [: 0
0: integer expression expected
scripts/collect_glm6b_full.sh: line 83: [: 0
0: integer expression expected
scripts/collect_glm6b_full.sh: line 83: [: 0
0: integer expression expected
scripts/collect_glm6b_full.sh: line 83: [: 0
0: integer expression expected
scripts/collect_glm6b_full.sh: line 83: [: 0
0: integer expression expected
scripts/collect_glm6b_full.sh: line 83: [: 0
0: integer expression expected
scripts/collect_glm6b_full.sh: line 83: [: 0
0: integer expression expected
scripts/collect_glm6b_full.sh: line 83: [: 0
0: integer expression expected
scripts/collect_glm6b_full.sh: line 83: [: 0
0: integer expression expected
scripts/collect_glm6b_full.sh: line 83: [: 0
0: integer expression expected
scripts/collect_glm6b_full.sh: line 83: [: 0
0: integer expression expected
scripts/collect_glm6b_full.sh: line 83: [: 0
0: integer expression expected
scripts/collect_glm6b_full.sh: line 83: [: 0
0: integer expression expected
scripts/collect_glm6b_full.sh: line 83: [: 0
0: integer expression expected
scripts/collect_glm6b_full.sh: line 83: [: 0
0: integer expression expected
scripts/collect_glm6b_full.sh: line 83: [: 0
0: integer expression expected
scripts/collect_glm6b_full.sh: line 83: [: 0
0: integer expression expected
scripts/collect_glm6b_full.sh: line 83: [: 0
0: integer expression expected
scripts/collect_glm6b_full.sh: line 83: [: 0
0: integer expression expected
scripts/collect_glm6b_full.sh: line 83: [: 0
0: integer expression expected
scripts/collect_glm6b_full.sh: line 83: [: 0
0: integer expression expected
scripts/collect_glm6b_full.sh: line 83: [: 0
0: integer expression expected
scripts/collect_glm6b_full.sh: line 83: [: 0
0: integer expression expected
scripts/collect_glm6b_full.sh: line 83: [: 0
0: integer expression expected
scripts/collect_glm6b_full.sh: line 83: [: 0
0: integer expression expected
scripts/collect_glm6b_full.sh: line 83: [: 0
0: integer expression expected
scripts/collect_glm6b_full.sh: line 83: [: 0
0: integer expression expected
scripts/collect_glm6b_full.sh: line 83: [: 0
0: integer expression expected
scripts/collect_glm6b_full.sh: line 83: [: 0
0: integer expression expected
scripts/collect_glm6b_full.sh: line 83: [: 0
0: integer expression expected
scripts/collect_glm6b_full.sh: line 83: [: 0
0: integer expression expected
scripts/collect_glm6b_full.sh: line 83: [: 0
0: integer expression expected
scripts/collect_glm6b_full.sh: line 83: [: 0
0: integer expression expected
scripts/collect_glm6b_full.sh: line 83: [: 0
0: integer expression expected
scripts/collect_glm6b_full.sh: line 83: [: 0
0: integer expression expected
scripts/collect_glm6b_full.sh: line 83: [: 0
0: integer expression expected
scripts/collect_glm6b_full.sh: line 83: [: 0
0: integer expression expected
scripts/collect_glm6b_full.sh: line 83: [: 0
0: integer expression expected
scripts/collect_glm6b_full.sh: line 83: [: 0
0: integer expression expected
scripts/collect_glm6b_full.sh: line 83: [: 0
0: integer expression expected
scripts/collect_glm6b_full.sh: line 83: [: 0
0: integer expression expected
scripts/collect_glm6b_full.sh: line 83: [: 0
0: integer expression expected
scripts/collect_glm6b_full.sh: line 83: [: 0
0: integer expression expected
scripts/collect_glm6b_full.sh: line 83: [: 0
0: integer expression expected
scripts/collect_glm6b_full.sh: line 83: [: 0
0: integer expression expected
scripts/collect_glm6b_full.sh: line 83: [: 0
0: integer expression expected
scripts/collect_glm6b_full.sh: line 83: [: 0
0: integer expression expected
scripts/collect_glm6b_full.sh: line 83: [: 0
0: integer expression expected
scripts/collect_glm6b_full.sh: line 83: [: 0
0: integer expression expected
scripts/collect_glm6b_full.sh: line 83: [: 0
0: integer expression expected
scripts/collect_glm6b_full.sh: line 83: [: 0
0: integer expression expected
scripts/collect_glm6b_full.sh: line 83: [: 0
0: integer expression expected
scripts/collect_glm6b_full.sh: line 83: [: 0
0: integer expression expected
scripts/collect_glm6b_full.sh: line 83: [: 0
0: integer expression expected
scripts/collect_glm6b_full.sh: line 83: [: 0
0: integer expression expected
scripts/collect_glm6b_full.sh: line 83: [: 0
0: integer expression expected
scripts/collect_glm6b_full.sh: line 83: [: 0
0: integer expression expected
scripts/collect_glm6b_full.sh: line 83: [: 0
0: integer expression expected
scripts/collect_glm6b_full.sh: line 83: [: 0
0: integer expression expected
scripts/collect_glm6b_full.sh: line 83: [: 0
0: integer expression expected
scripts/collect_glm6b_full.sh: line 83: [: 0
0: integer expression expected
scripts/collect_glm6b_full.sh: line 83: [: 0
0: integer expression expected
scripts/collect_glm6b_full.sh: line 83: [: 0
0: integer expression expected
scripts/collect_glm6b_full.sh: line 83: [: 0
0: integer expression expected
scripts/collect_glm6b_full.sh: line 83: [: 0
0: integer expression expected
scripts/collect_glm6b_full.sh: line 83: [: 0
0: integer expression expected
scripts/collect_glm6b_full.sh: line 83: [: 0
0: integer expression expected
scripts/collect_glm6b_full.sh: line 83: [: 0
0: integer expression expected
scripts/collect_glm6b_full.sh: line 83: [: 0
0: integer expression expected
scripts/collect_glm6b_full.sh: line 83: [: 0
0: integer expression expected
scripts/collect_glm6b_full.sh: line 83: [: 0
0: integer expression expected
scripts/collect_glm6b_full.sh: line 83: [: 0
0: integer expression expected
scripts/collect_glm6b_full.sh: line 83: [: 0
0: integer expression expected
scripts/collect_glm6b_full.sh: line 83: [: 0
0: integer expression expected
scripts/collect_glm6b_full.sh: line 83: [: 0
0: integer expression expected
scripts/collect_glm6b_full.sh: line 83: [: 0
0: integer expression expected
scripts/collect_glm6b_full.sh: line 83: [: 0
0: integer expression expected
scripts/collect_glm6b_full.sh: line 83: [: 0
0: integer expression expected
scripts/collect_glm6b_full.sh: line 83: [: 0
0: integer expression expected
scripts/collect_glm6b_full.sh: line 83: [: 0
0: integer expression expected
scripts/collect_glm6b_full.sh: line 83: [: 0
0: integer expression expected
scripts/collect_glm6b_full.sh: line 83: [: 0
0: integer expression expected
scripts/collect_glm6b_full.sh: line 83: [: 0
0: integer expression expected
scripts/collect_glm6b_full.sh: line 83: [: 0
0: integer expression expected
scripts/collect_glm6b_full.sh: line 83: [: 0
0: integer expression expected
scripts/collect_glm6b_full.sh: line 83: [: 0
0: integer expression expected
scripts/collect_glm6b_full.sh: line 83: [: 0
0: integer expression expected
scripts/collect_glm6b_full.sh: line 83: [: 0
0: integer expression expected
scripts/collect_glm6b_full.sh: line 83: [: 0
0: integer expression expected
scripts/collect_glm6b_full.sh: line 83: [: 0
0: integer expression expected
scripts/collect_glm6b_full.sh: line 83: [: 0
0: integer expression expected
scripts/collect_glm6b_full.sh: line 83: [: 0
0: integer expression expected
scripts/collect_glm6b_full.sh: line 83: [: 0
0: integer expression expected
scripts/collect_glm6b_full.sh: line 83: [: 0
0: integer expression expected
scripts/collect_glm6b_full.sh: line 83: [: 0
0: integer expression expected
scripts/collect_glm6b_full.sh: line 83: [: 0
0: integer expression expected
scripts/collect_glm6b_full.sh: line 83: [: 0
0: integer expression expected
scripts/collect_glm6b_full.sh: line 83: [: 0
0: integer expression expected
scripts/collect_glm6b_full.sh: line 83: [: 0
0: integer expression expected
scripts/collect_glm6b_full.sh: line 83: [: 0
0: integer expression expected
scripts/collect_glm6b_full.sh: line 83: [: 0
0: integer expression expected
scripts/collect_glm6b_full.sh: line 83: [: 0
0: integer expression expected
scripts/collect_glm6b_full.sh: line 83: [: 0
0: integer expression expected
scripts/collect_glm6b_full.sh: line 83: [: 0
0: integer expression expected
scripts/collect_glm6b_full.sh: line 83: [: 0
0: integer expression expected
scripts/collect_glm6b_full.sh: line 83: [: 0
0: integer expression expected
scripts/collect_glm6b_full.sh: line 83: [: 0
0: integer expression expected
scripts/collect_glm6b_full.sh: line 83: [: 0
0: integer expression expected
scripts/collect_glm6b_full.sh: line 83: [: 0
0: integer expression expected
scripts/collect_glm6b_full.sh: line 83: [: 0
0: integer expression expected
scripts/collect_glm6b_full.sh: line 83: [: 0
0: integer expression expected
scripts/collect_glm6b_full.sh: line 83: [: 0
0: integer expression expected
scripts/collect_glm6b_full.sh: line 83: [: 0
0: integer expression expected
scripts/collect_glm6b_full.sh: line 83: [: 0
0: integer expression expected
scripts/collect_glm6b_full.sh: line 83: [: 0
0: integer expression expected
scripts/collect_glm6b_full.sh: line 83: [: 0
0: integer expression expected
scripts/collect_glm6b_full.sh: line 83: [: 0
0: integer expression expected
scripts/collect_glm6b_full.sh: line 83: [: 0
0: integer expression expected
scripts/collect_glm6b_full.sh: line 83: [: 0
0: integer expression expected
scripts/collect_glm6b_full.sh: line 83: [: 0
0: integer expression expected
scripts/collect_glm6b_full.sh: line 83: [: 0
0: integer expression expected
scripts/collect_glm6b_full.sh: line 83: [: 0
0: integer expression expected
scripts/collect_glm6b_full.sh: line 83: [: 0
0: integer expression expected
scripts/collect_glm6b_full.sh: line 83: [: 0
0: integer expression expected
scripts/collect_glm6b_full.sh: line 83: [: 0
0: integer expression expected
scripts/collect_glm6b_full.sh: line 83: [: 0
0: integer expression expected
scripts/collect_glm6b_full.sh: line 83: [: 0
0: integer expression expected
scripts/collect_glm6b_full.sh: line 83: [: 0
0: integer expression expected
scripts/collect_glm6b_full.sh: line 83: [: 0
0: integer expression expected
scripts/collect_glm6b_full.sh: line 83: [: 0
0: integer expression expected
scripts/collect_glm6b_full.sh: line 83: [: 0
0: integer expression expected
scripts/collect_glm6b_full.sh: line 83: [: 0
0: integer expression expected
scripts/collect_glm6b_full.sh: line 83: [: 0
0: integer expression expected
scripts/collect_glm6b_full.sh: line 83: [: 0
0: integer expression expected
scripts/collect_glm6b_full.sh: line 83: [: 0
0: integer expression expected
scripts/collect_glm6b_full.sh: line 83: [: 0
0: integer expression expected
scripts/collect_glm6b_full.sh: line 83: [: 0
0: integer expression expected
scripts/collect_glm6b_full.sh: line 83: [: 0
0: integer expression expected
scripts/collect_glm6b_full.sh: line 83: [: 0
0: integer expression expected
scripts/collect_glm6b_full.sh: line 83: [: 0
0: integer expression expected
scripts/collect_glm6b_full.sh: line 83: [: 0
0: integer expression expected
scripts/collect_glm6b_full.sh: line 83: [: 0
0: integer expression expected
scripts/collect_glm6b_full.sh: line 83: [: 0
0: integer expression expected
scripts/collect_glm6b_full.sh: line 83: [: 0
0: integer expression expected
scripts/collect_glm6b_full.sh: line 83: [: 0
0: integer expression expected
scripts/collect_glm6b_full.sh: line 83: [: 0
0: integer expression expected
scripts/collect_glm6b_full.sh: line 83: [: 0
0: integer expression expected
scripts/collect_glm6b_full.sh: line 83: [: 0
0: integer expression expected
scripts/collect_glm6b_full.sh: line 83: [: 0
0: integer expression expected
scripts/collect_glm6b_full.sh: line 83: [: 0
0: integer expression expected
scripts/collect_glm6b_full.sh: line 83: [: 0
0: integer expression expected
scripts/collect_glm6b_full.sh: line 83: [: 0
0: integer expression expected
scripts/collect_glm6b_full.sh: line 83: [: 0
0: integer expression expected
scripts/collect_glm6b_full.sh: line 83: [: 0
0: integer expression expected
scripts/collect_glm6b_full.sh: line 83: [: 0
0: integer expression expected
scripts/collect_glm6b_full.sh: line 83: [: 0
0: integer expression expected
scripts/collect_glm6b_full.sh: line 83: [: 0
0: integer expression expected
scripts/collect_glm6b_full.sh: line 83: [: 0
0: integer expression expected
scripts/collect_glm6b_full.sh: line 83: [: 0
0: integer expression expected
scripts/collect_glm6b_full.sh: line 83: [: 0
0: integer expression expected
scripts/collect_glm6b_full.sh: line 83: [: 0
0: integer expression expected
scripts/collect_glm6b_full.sh: line 83: [: 0
0: integer expression expected
scripts/collect_glm6b_full.sh: line 83: [: 0
0: integer expression expected
scripts/collect_glm6b_full.sh: line 83: [: 0
0: integer expression expected
scripts/collect_glm6b_full.sh: line 83: [: 0
0: integer expression expected
scripts/collect_glm6b_full.sh: line 83: [: 0
0: integer expression expected
scripts/collect_glm6b_full.sh: line 83: [: 0
0: integer expression expected
scripts/collect_glm6b_full.sh: line 83: [: 0
0: integer expression expected
scripts/collect_glm6b_full.sh: line 83: [: 0
0: integer expression expected
scripts/collect_glm6b_full.sh: line 83: [: 0
0: integer expression expected
scripts/collect_glm6b_full.sh: line 83: [: 0
0: integer expression expected
scripts/collect_glm6b_full.sh: line 83: [: 0
0: integer expression expected
scripts/collect_glm6b_full.sh: line 83: [: 0
0: integer expression expected
scripts/collect_glm6b_full.sh: line 83: [: 0
0: integer expression expected
scripts/collect_glm6b_full.sh: line 83: [: 0
0: integer expression expected
scripts/collect_glm6b_full.sh: line 83: [: 0
0: integer expression expected
scripts/collect_glm6b_full.sh: line 83: [: 0
0: integer expression expected
scripts/collect_glm6b_full.sh: line 83: [: 0
0: integer expression expected
scripts/collect_glm6b_full.sh: line 83: [: 0
0: integer expression expected
scripts/collect_glm6b_full.sh: line 83: [: 0
0: integer expression expected
scripts/collect_glm6b_full.sh: line 83: [: 0
0: integer expression expected
scripts/collect_glm6b_full.sh: line 83: [: 0
0: integer expression expected
scripts/collect_glm6b_full.sh: line 83: [: 0
0: integer expression expected
scripts/collect_glm6b_full.sh: line 83: [: 0
0: integer expression expected
scripts/collect_glm6b_full.sh: line 83: [: 0
0: integer expression expected
scripts/collect_glm6b_full.sh: line 83: [: 0
0: integer expression expected
scripts/collect_glm6b_full.sh: line 83: [: 0
0: integer expression expected
scripts/collect_glm6b_full.sh: line 83: [: 0
0: integer expression expected
scripts/collect_glm6b_full.sh: line 83: [: 0
0: integer expression expected
scripts/collect_glm6b_full.sh: line 83: [: 0
0: integer expression expected
scripts/collect_glm6b_full.sh: line 83: [: 0
0: integer expression expected
scripts/collect_glm6b_full.sh: line 83: [: 0
0: integer expression expected
scripts/collect_glm6b_full.sh: line 83: [: 0
0: integer expression expected
scripts/collect_glm6b_full.sh: line 83: [: 0
0: integer expression expected
scripts/collect_glm6b_full.sh: line 83: [: 0
0: integer expression expected
scripts/collect_glm6b_full.sh: line 83: [: 0
0: integer expression expected
scripts/collect_glm6b_full.sh: line 83: [: 0
0: integer expression expected
scripts/collect_glm6b_full.sh: line 83: [: 0
0: integer expression expected
scripts/collect_glm6b_full.sh: line 83: [: 0
0: integer expression expected
scripts/collect_glm6b_full.sh: line 83: [: 0
0: integer expression expected
scripts/collect_glm6b_full.sh: line 83: [: 0
0: integer expression expected
scripts/collect_glm6b_full.sh: line 83: [: 0
0: integer expression expected
scripts/collect_glm6b_full.sh: line 83: [: 0
0: integer expression expected
scripts/collect_glm6b_full.sh: line 83: [: 0
0: integer expression expected
scripts/collect_glm6b_full.sh: line 83: [: 0
0: integer expression expected
scripts/collect_glm6b_full.sh: line 83: [: 0
0: integer expression expected
scripts/collect_glm6b_full.sh: line 83: [: 0
0: integer expression expected
scripts/collect_glm6b_full.sh: line 83: [: 0
0: integer expression expected
scripts/collect_glm6b_full.sh: line 83: [: 0
0: integer expression expected
scripts/collect_glm6b_full.sh: line 83: [: 0
0: integer expression expected
scripts/collect_glm6b_full.sh: line 83: [: 0
0: integer expression expected
scripts/collect_glm6b_full.sh: line 83: [: 0
0: integer expression expected
scripts/collect_glm6b_full.sh: line 83: [: 0
0: integer expression expected
scripts/collect_glm6b_full.sh: line 83: [: 0
0: integer expression expected
scripts/collect_glm6b_full.sh: line 83: [: 0
0: integer expression expected
scripts/collect_glm6b_full.sh: line 83: [: 0
0: integer expression expected
scripts/collect_glm6b_full.sh: line 83: [: 0
0: integer expression expected
scripts/collect_glm6b_full.sh: line 83: [: 0
0: integer expression expected
scripts/collect_glm6b_full.sh: line 83: [: 0
0: integer expression expected
scripts/collect_glm6b_full.sh: line 83: [: 0
0: integer expression expected
scripts/collect_glm6b_full.sh: line 83: [: 0
0: integer expression expected
scripts/collect_glm6b_full.sh: line 83: [: 0
0: integer expression expected
scripts/collect_glm6b_full.sh: line 83: [: 0
0: integer expression expected
scripts/collect_glm6b_full.sh: line 83: [: 0
0: integer expression expected
scripts/collect_glm6b_full.sh: line 83: [: 0
0: integer expression expected
scripts/collect_glm6b_full.sh: line 83: [: 0
0: integer expression expected
scripts/collect_glm6b_full.sh: line 83: [: 0
0: integer expression expected
scripts/collect_glm6b_full.sh: line 83: [: 0
0: integer expression expected
scripts/collect_glm6b_full.sh: line 83: [: 0
0: integer expression expected
scripts/collect_glm6b_full.sh: line 83: [: 0
0: integer expression expected
scripts/collect_glm6b_full.sh: line 83: [: 0
0: integer expression expected
scripts/collect_glm6b_full.sh: line 83: [: 0
0: integer expression expected
scripts/collect_glm6b_full.sh: line 83: [: 0
0: integer expression expected
scripts/collect_glm6b_full.sh: line 83: [: 0
0: integer expression expected
scripts/collect_glm6b_full.sh: line 83: [: 0
0: integer expression expected
scripts/collect_glm6b_full.sh: line 83: [: 0
0: integer expression expected
scripts/collect_glm6b_full.sh: line 83: [: 0
0: integer expression expected
scripts/collect_glm6b_full.sh: line 83: [: 0
0: integer expression expected
scripts/collect_glm6b_full.sh: line 83: [: 0
0: integer expression expected
scripts/collect_glm6b_full.sh: line 83: [: 0
0: integer expression expected
scripts/collect_glm6b_full.sh: line 83: [: 0
0: integer expression expected
scripts/collect_glm6b_full.sh: line 83: [: 0
0: integer expression expected
scripts/collect_glm6b_full.sh: line 83: [: 0
0: integer expression expected
scripts/collect_glm6b_full.sh: line 83: [: 0
0: integer expression expected
scripts/collect_glm6b_full.sh: line 83: [: 0
0: integer expression expected
scripts/collect_glm6b_full.sh: line 83: [: 0
0: integer expression expected
scripts/collect_glm6b_full.sh: line 83: [: 0
0: integer expression expected
scripts/collect_glm6b_full.sh: line 83: [: 0
0: integer expression expected
scripts/collect_glm6b_full.sh: line 83: [: 0
0: integer expression expected
scripts/collect_glm6b_full.sh: line 83: [: 0
0: integer expression expected
scripts/collect_glm6b_full.sh: line 83: [: 0
0: integer expression expected
scripts/collect_glm6b_full.sh: line 83: [: 0
0: integer expression expected
scripts/collect_glm6b_full.sh: line 83: [: 0
0: integer expression expected
scripts/collect_glm6b_full.sh: line 83: [: 0
0: integer expression expected
scripts/collect_glm6b_full.sh: line 83: [: 0
0: integer expression expected
scripts/collect_glm6b_full.sh: line 83: [: 0
0: integer expression expected
scripts/collect_glm6b_full.sh: line 83: [: 0
0: integer expression expected
scripts/collect_glm6b_full.sh: line 83: [: 0
0: integer expression expected
scripts/collect_glm6b_full.sh: line 83: [: 0
0: integer expression expected
scripts/collect_glm6b_full.sh: line 83: [: 0
0: integer expression expected
scripts/collect_glm6b_full.sh: line 83: [: 0
0: integer expression expected
scripts/collect_glm6b_full.sh: line 83: [: 0
0: integer expression expected
scripts/collect_glm6b_full.sh: line 83: [: 0
0: integer expression expected
scripts/collect_glm6b_full.sh: line 83: [: 0
0: integer expression expected
scripts/collect_glm6b_full.sh: line 83: [: 0
0: integer expression expected
scripts/collect_glm6b_full.sh: line 83: [: 0
0: integer expression expected
scripts/collect_glm6b_full.sh: line 83: [: 0
0: integer expression expected
scripts/collect_glm6b_full.sh: line 83: [: 0
0: integer expression expected
scripts/collect_glm6b_full.sh: line 83: [: 0
0: integer expression expected
scripts/collect_glm6b_full.sh: line 83: [: 0
0: integer expression expected
scripts/collect_glm6b_full.sh: line 83: [: 0
0: integer expression expected
scripts/collect_glm6b_full.sh: line 83: [: 0
0: integer expression expected
scripts/collect_glm6b_full.sh: line 83: [: 0
0: integer expression expected
scripts/collect_glm6b_full.sh: line 83: [: 0
0: integer expression expected
scripts/collect_glm6b_full.sh: line 83: [: 0
0: integer expression expected
scripts/collect_glm6b_full.sh: line 83: [: 0
0: integer expression expected
scripts/collect_glm6b_full.sh: line 83: [: 0
0: integer expression expected
scripts/collect_glm6b_full.sh: line 83: [: 0
0: integer expression expected
scripts/collect_glm6b_full.sh: line 83: [: 0
0: integer expression expected
scripts/collect_glm6b_full.sh: line 83: [: 0
0: integer expression expected
scripts/collect_glm6b_full.sh: line 83: [: 0
0: integer expression expected
scripts/collect_glm6b_full.sh: line 83: [: 0
0: integer expression expected
scripts/collect_glm6b_full.sh: line 83: [: 0
0: integer expression expected
scripts/collect_glm6b_full.sh: line 83: [: 0
0: integer expression expected
scripts/collect_glm6b_full.sh: line 83: [: 0
0: integer expression expected
scripts/collect_glm6b_full.sh: line 83: [: 0
0: integer expression expected
scripts/collect_glm6b_full.sh: line 83: [: 0
0: integer expression expected
scripts/collect_glm6b_full.sh: line 83: [: 0
0: integer expression expected
scripts/collect_glm6b_full.sh: line 83: [: 0
0: integer expression expected
scripts/collect_glm6b_full.sh: line 83: [: 0
0: integer expression expected
scripts/collect_glm6b_full.sh: line 83: [: 0
0: integer expression expected
scripts/collect_glm6b_full.sh: line 83: [: 0
0: integer expression expected
scripts/collect_glm6b_full.sh: line 83: [: 0
0: integer expression expected
scripts/collect_glm6b_full.sh: line 83: [: 0
0: integer expression expected
scripts/collect_glm6b_full.sh: line 83: [: 0
0: integer expression expected
scripts/collect_glm6b_full.sh: line 83: [: 0
0: integer expression expected
scripts/collect_glm6b_full.sh: line 83: [: 0
0: integer expression expected
scripts/collect_glm6b_full.sh: line 83: [: 0
0: integer expression expected
scripts/collect_glm6b_full.sh: line 83: [: 0
0: integer expression expected
scripts/collect_glm6b_full.sh: line 83: [: 0
0: integer expression expected
scripts/collect_glm6b_full.sh: line 83: [: 0
0: integer expression expected
scripts/collect_glm6b_full.sh: line 83: [: 0
0: integer expression expected
scripts/collect_glm6b_full.sh: line 83: [: 0
0: integer expression expected
scripts/collect_glm6b_full.sh: line 83: [: 0
0: integer expression expected
scripts/collect_glm6b_full.sh: line 83: [: 0
0: integer expression expected
scripts/collect_glm6b_full.sh: line 83: [: 0
0: integer expression expected
scripts/collect_glm6b_full.sh: line 83: [: 0
0: integer expression expected
scripts/collect_glm6b_full.sh: line 83: [: 0
0: integer expression expected
scripts/collect_glm6b_full.sh: line 83: [: 0
0: integer expression expected
scripts/collect_glm6b_full.sh: line 83: [: 0
0: integer expression expected
scripts/collect_glm6b_full.sh: line 83: [: 0
0: integer expression expected
scripts/collect_glm6b_full.sh: line 83: [: 0
0: integer expression expected
scripts/collect_glm6b_full.sh: line 83: [: 0
0: integer expression expected
scripts/collect_glm6b_full.sh: line 83: [: 0
0: integer expression expected
scripts/collect_glm6b_full.sh: line 83: [: 0
0: integer expression expected
scripts/collect_glm6b_full.sh: line 83: [: 0
0: integer expression expected
scripts/collect_glm6b_full.sh: line 83: [: 0
0: integer expression expected
scripts/collect_glm6b_full.sh: line 83: [: 0
0: integer expression expected
scripts/collect_glm6b_full.sh: line 83: [: 0
0: integer expression expected
scripts/collect_glm6b_full.sh: line 83: [: 0
0: integer expression expected
scripts/collect_glm6b_full.sh: line 83: [: 0
0: integer expression expected
scripts/collect_glm6b_full.sh: line 83: [: 0
0: integer expression expected
scripts/collect_glm6b_full.sh: line 83: [: 0
0: integer expression expected
scripts/collect_glm6b_full.sh: line 83: [: 0
0: integer expression expected
scripts/collect_glm6b_full.sh: line 83: [: 0
0: integer expression expected
scripts/collect_glm6b_full.sh: line 83: [: 0
0: integer expression expected
scripts/collect_glm6b_full.sh: line 83: [: 0
0: integer expression expected
scripts/collect_glm6b_full.sh: line 83: [: 0
0: integer expression expected
scripts/collect_glm6b_full.sh: line 83: [: 0
0: integer expression expected
scripts/collect_glm6b_full.sh: line 83: [: 0
0: integer expression expected
scripts/collect_glm6b_full.sh: line 83: [: 0
0: integer expression expected
scripts/collect_glm6b_full.sh: line 83: [: 0
0: integer expression expected
scripts/collect_glm6b_full.sh: line 83: [: 0
0: integer expression expected
scripts/collect_glm6b_full.sh: line 83: [: 0
0: integer expression expected
scripts/collect_glm6b_full.sh: line 83: [: 0
0: integer expression expected
scripts/collect_glm6b_full.sh: line 83: [: 0
0: integer expression expected
scripts/collect_glm6b_full.sh: line 83: [: 0
0: integer expression expected
scripts/collect_glm6b_full.sh: line 83: [: 0
0: integer expression expected
scripts/collect_glm6b_full.sh: line 83: [: 0
0: integer expression expected
scripts/collect_glm6b_full.sh: line 83: [: 0
0: integer expression expected
scripts/collect_glm6b_full.sh: line 83: [: 0
0: integer expression expected
scripts/collect_glm6b_full.sh: line 83: [: 0
0: integer expression expected
scripts/collect_glm6b_full.sh: line 83: [: 0
0: integer expression expected
scripts/collect_glm6b_full.sh: line 83: [: 0
0: integer expression expected
scripts/collect_glm6b_full.sh: line 83: [: 0
0: integer expression expected
scripts/collect_glm6b_full.sh: line 83: [: 0
0: integer expression expected
scripts/collect_glm6b_full.sh: line 83: [: 0
0: integer expression expected
scripts/collect_glm6b_full.sh: line 83: [: 0
0: integer expression expected
scripts/collect_glm6b_full.sh: line 83: [: 0
0: integer expression expected
scripts/collect_glm6b_full.sh: line 83: [: 0
0: integer expression expected
scripts/collect_glm6b_full.sh: line 83: [: 0
0: integer expression expected
scripts/collect_glm6b_full.sh: line 83: [: 0
0: integer expression expected
scripts/collect_glm6b_full.sh: line 83: [: 0
0: integer expression expected
scripts/collect_glm6b_full.sh: line 83: [: 0
0: integer expression expected
scripts/collect_glm6b_full.sh: line 83: [: 0
0: integer expression expected
scripts/collect_glm6b_full.sh: line 83: [: 0
0: integer expression expected
scripts/collect_glm6b_full.sh: line 83: [: 0
0: integer expression expected
scripts/collect_glm6b_full.sh: line 83: [: 0
0: integer expression expected
scripts/collect_glm6b_full.sh: line 83: [: 0
0: integer expression expected
scripts/collect_glm6b_full.sh: line 83: [: 0
0: integer expression expected
scripts/collect_glm6b_full.sh: line 83: [: 0
0: integer expression expected
scripts/collect_glm6b_full.sh: line 83: [: 0
0: integer expression expected
scripts/collect_glm6b_full.sh: line 83: [: 0
0: integer expression expected
scripts/collect_glm6b_full.sh: line 83: [: 0
0: integer expression expected
scripts/collect_glm6b_full.sh: line 83: [: 0
0: integer expression expected
scripts/collect_glm6b_full.sh: line 83: [: 0
0: integer expression expected
scripts/collect_glm6b_full.sh: line 83: [: 0
0: integer expression expected
scripts/collect_glm6b_full.sh: line 83: [: 0
0: integer expression expected
scripts/collect_glm6b_full.sh: line 83: [: 0
0: integer expression expected
scripts/collect_glm6b_full.sh: line 83: [: 0
0: integer expression expected
scripts/collect_glm6b_full.sh: line 83: [: 0
0: integer expression expected
scripts/collect_glm6b_full.sh: line 83: [: 0
0: integer expression expected
scripts/collect_glm6b_full.sh: line 83: [: 0
0: integer expression expected
scripts/collect_glm6b_full.sh: line 83: [: 0
0: integer expression expected
scripts/collect_glm6b_full.sh: line 83: [: 0
0: integer expression expected
scripts/collect_glm6b_full.sh: line 83: [: 0
0: integer expression expected
scripts/collect_glm6b_full.sh: line 83: [: 0
0: integer expression expected
scripts/collect_glm6b_full.sh: line 83: [: 0
0: integer expression expected
scripts/collect_glm6b_full.sh: line 83: [: 0
0: integer expression expected
scripts/collect_glm6b_full.sh: line 83: [: 0
0: integer expression expected
scripts/collect_glm6b_full.sh: line 83: [: 0
0: integer expression expected
scripts/collect_glm6b_full.sh: line 83: [: 0
0: integer expression expected
scripts/collect_glm6b_full.sh: line 83: [: 0
0: integer expression expected
scripts/collect_glm6b_full.sh: line 83: [: 0
0: integer expression expected
scripts/collect_glm6b_full.sh: line 83: [: 0
0: integer expression expected
scripts/collect_glm6b_full.sh: line 83: [: 0
0: integer expression expected
scripts/collect_glm6b_full.sh: line 83: [: 0
0: integer expression expected
scripts/collect_glm6b_full.sh: line 83: [: 0
0: integer expression expected
scripts/collect_glm6b_full.sh: line 83: [: 0
0: integer expression expected
scripts/collect_glm6b_full.sh: line 83: [: 0
0: integer expression expected
scripts/collect_glm6b_full.sh: line 83: [: 0
0: integer expression expected
scripts/collect_glm6b_full.sh: line 83: [: 0
0: integer expression expected
scripts/collect_glm6b_full.sh: line 83: [: 0
0: integer expression expected
scripts/collect_glm6b_full.sh: line 83: [: 0
0: integer expression expected
scripts/collect_glm6b_full.sh: line 83: [: 0
0: integer expression expected
scripts/collect_glm6b_full.sh: line 83: [: 0
0: integer expression expected
scripts/collect_glm6b_full.sh: line 83: [: 0
0: integer expression expected
scripts/collect_glm6b_full.sh: line 83: [: 0
0: integer expression expected
scripts/collect_glm6b_full.sh: line 83: [: 0
0: integer expression expected
scripts/collect_glm6b_full.sh: line 83: [: 0
0: integer expression expected
scripts/collect_glm6b_full.sh: line 83: [: 0
0: integer expression expected
scripts/collect_glm6b_full.sh: line 83: [: 0
0: integer expression expected
scripts/collect_glm6b_full.sh: line 83: [: 0
0: integer expression expected
scripts/collect_glm6b_full.sh: line 83: [: 0
0: integer expression expected
scripts/collect_glm6b_full.sh: line 83: [: 0
0: integer expression expected
scripts/collect_glm6b_full.sh: line 83: [: 0
0: integer expression expected
scripts/collect_glm6b_full.sh: line 83: [: 0
0: integer expression expected
scripts/collect_glm6b_full.sh: line 83: [: 0
0: integer expression expected
scripts/collect_glm6b_full.sh: line 83: [: 0
0: integer expression expected
scripts/collect_glm6b_full.sh: line 83: [: 0
0: integer expression expected
scripts/collect_glm6b_full.sh: line 83: [: 0
0: integer expression expected
scripts/collect_glm6b_full.sh: line 83: [: 0
0: integer expression expected
scripts/collect_glm6b_full.sh: line 83: [: 0
0: integer expression expected
scripts/collect_glm6b_full.sh: line 83: [: 0
0: integer expression expected
scripts/collect_glm6b_full.sh: line 83: [: 0
0: integer expression expected
scripts/collect_glm6b_full.sh: line 83: [: 0
0: integer expression expected
scripts/collect_glm6b_full.sh: line 83: [: 0
0: integer expression expected
scripts/collect_glm6b_full.sh: line 83: [: 0
0: integer expression expected
scripts/collect_glm6b_full.sh: line 83: [: 0
0: integer expression expected
scripts/collect_glm6b_full.sh: line 83: [: 0
0: integer expression expected
scripts/collect_glm6b_full.sh: line 83: [: 0
0: integer expression expected
scripts/collect_glm6b_full.sh: line 83: [: 0
0: integer expression expected
scripts/collect_glm6b_full.sh: line 83: [: 0
0: integer expression expected
scripts/collect_glm6b_full.sh: line 83: [: 0
0: integer expression expected
scripts/collect_glm6b_full.sh: line 83: [: 0
0: integer expression expected
scripts/collect_glm6b_full.sh: line 83: [: 0
0: integer expression expected
scripts/collect_glm6b_full.sh: line 83: [: 0
0: integer expression expected
scripts/collect_glm6b_full.sh: line 83: [: 0
0: integer expression expected
scripts/collect_glm6b_full.sh: line 83: [: 0
0: integer expression expected
scripts/collect_glm6b_full.sh: line 83: [: 0
0: integer expression expected
scripts/collect_glm6b_full.sh: line 83: [: 0
0: integer expression expected
scripts/collect_glm6b_full.sh: line 83: [: 0
0: integer expression expected
scripts/collect_glm6b_full.sh: line 83: [: 0
0: integer expression expected
scripts/collect_glm6b_full.sh: line 83: [: 0
0: integer expression expected
scripts/collect_glm6b_full.sh: line 83: [: 0
0: integer expression expected
scripts/collect_glm6b_full.sh: line 83: [: 0
0: integer expression expected
scripts/collect_glm6b_full.sh: line 83: [: 0
0: integer expression expected
scripts/collect_glm6b_full.sh: line 83: [: 0
0: integer expression expected
scripts/collect_glm6b_full.sh: line 83: [: 0
0: integer expression expected
scripts/collect_glm6b_full.sh: line 83: [: 0
0: integer expression expected
scripts/collect_glm6b_full.sh: line 83: [: 0
0: integer expression expected
scripts/collect_glm6b_full.sh: line 83: [: 0
0: integer expression expected
scripts/collect_glm6b_full.sh: line 83: [: 0
0: integer expression expected
scripts/collect_glm6b_full.sh: line 83: [: 0
0: integer expression expected
scripts/collect_glm6b_full.sh: line 83: [: 0
0: integer expression expected
scripts/collect_glm6b_full.sh: line 83: [: 0
0: integer expression expected
scripts/collect_glm6b_full.sh: line 83: [: 0
0: integer expression expected
scripts/collect_glm6b_full.sh: line 83: [: 0
0: integer expression expected
scripts/collect_glm6b_full.sh: line 83: [: 0
0: integer expression expected
scripts/collect_glm6b_full.sh: line 83: [: 0
0: integer expression expected
scripts/collect_glm6b_full.sh: line 83: [: 0
0: integer expression expected
scripts/collect_glm6b_full.sh: line 83: [: 0
0: integer expression expected
scripts/collect_glm6b_full.sh: line 83: [: 0
0: integer expression expected
scripts/collect_glm6b_full.sh: line 83: [: 0
0: integer expression expected
scripts/collect_glm6b_full.sh: line 83: [: 0
0: integer expression expected
scripts/collect_glm6b_full.sh: line 83: [: 0
0: integer expression expected
scripts/collect_glm6b_full.sh: line 83: [: 0
0: integer expression expected
scripts/collect_glm6b_full.sh: line 83: [: 0
0: integer expression expected
scripts/collect_glm6b_full.sh: line 83: [: 0
0: integer expression expected
scripts/collect_glm6b_full.sh: line 83: [: 0
0: integer expression expected
scripts/collect_glm6b_full.sh: line 83: [: 0
0: integer expression expected
scripts/collect_glm6b_full.sh: line 83: [: 0
0: integer expression expected
scripts/collect_glm6b_full.sh: line 83: [: 0
0: integer expression expected
scripts/collect_glm6b_full.sh: line 83: [: 0
0: integer expression expected
scripts/collect_glm6b_full.sh: line 83: [: 0
0: integer expression expected
scripts/collect_glm6b_full.sh: line 83: [: 0
0: integer expression expected
scripts/collect_glm6b_full.sh: line 83: [: 0
0: integer expression expected
scripts/collect_glm6b_full.sh: line 83: [: 0
0: integer expression expected
scripts/collect_glm6b_full.sh: line 83: [: 0
0: integer expression expected
scripts/collect_glm6b_full.sh: line 83: [: 0
0: integer expression expected
scripts/collect_glm6b_full.sh: line 83: [: 0
0: integer expression expected
scripts/collect_glm6b_full.sh: line 83: [: 0
0: integer expression expected
scripts/collect_glm6b_full.sh: line 83: [: 0
0: integer expression expected
scripts/collect_glm6b_full.sh: line 83: [: 0
0: integer expression expected
scripts/collect_glm6b_full.sh: line 83: [: 0
0: integer expression expected
scripts/collect_glm6b_full.sh: line 83: [: 0
0: integer expression expected
scripts/collect_glm6b_full.sh: line 83: [: 0
0: integer expression expected
scripts/collect_glm6b_full.sh: line 83: [: 0
0: integer expression expected
scripts/collect_glm6b_full.sh: line 83: [: 0
0: integer expression expected
scripts/collect_glm6b_full.sh: line 83: [: 0
0: integer expression expected
scripts/collect_glm6b_full.sh: line 83: [: 0
0: integer expression expected
scripts/collect_glm6b_full.sh: line 83: [: 0
0: integer expression expected
scripts/collect_glm6b_full.sh: line 83: [: 0
0: integer expression expected
scripts/collect_glm6b_full.sh: line 83: [: 0
0: integer expression expected
scripts/collect_glm6b_full.sh: line 83: [: 0
0: integer expression expected
scripts/collect_glm6b_full.sh: line 83: [: 0
0: integer expression expected
scripts/collect_glm6b_full.sh: line 83: [: 0
0: integer expression expected
scripts/collect_glm6b_full.sh: line 83: [: 0
0: integer expression expected
scripts/collect_glm6b_full.sh: line 83: [: 0
0: integer expression expected
scripts/collect_glm6b_full.sh: line 83: [: 0
0: integer expression expected
scripts/collect_glm6b_full.sh: line 83: [: 0
0: integer expression expected
scripts/collect_glm6b_full.sh: line 83: [: 0
0: integer expression expected
scripts/collect_glm6b_full.sh: line 83: [: 0
0: integer expression expected
scripts/collect_glm6b_full.sh: line 83: [: 0
0: integer expression expected
scripts/collect_glm6b_full.sh: line 83: [: 0
0: integer expression expected
scripts/collect_glm6b_full.sh: line 83: [: 0
0: integer expression expected
scripts/collect_glm6b_full.sh: line 83: [: 0
0: integer expression expected
scripts/collect_glm6b_full.sh: line 83: [: 0
0: integer expression expected
scripts/collect_glm6b_full.sh: line 83: [: 0
0: integer expression expected
scripts/collect_glm6b_full.sh: line 83: [: 0
0: integer expression expected
scripts/collect_glm6b_full.sh: line 83: [: 0
0: integer expression expected
scripts/collect_glm6b_full.sh: line 83: [: 0
0: integer expression expected
scripts/collect_glm6b_full.sh: line 83: [: 0
0: integer expression expected
scripts/collect_glm6b_full.sh: line 83: [: 0
0: integer expression expected
scripts/collect_glm6b_full.sh: line 83: [: 0
0: integer expression expected
scripts/collect_glm6b_full.sh: line 83: [: 0
0: integer expression expected
scripts/collect_glm6b_full.sh: line 83: [: 0
0: integer expression expected
scripts/collect_glm6b_full.sh: line 83: [: 0
0: integer expression expected
scripts/collect_glm6b_full.sh: line 83: [: 0
0: integer expression expected
scripts/collect_glm6b_full.sh: line 83: [: 0
0: integer expression expected
scripts/collect_glm6b_full.sh: line 83: [: 0
0: integer expression expected
scripts/collect_glm6b_full.sh: line 83: [: 0
0: integer expression expected
scripts/collect_glm6b_full.sh: line 83: [: 0
0: integer expression expected
scripts/collect_glm6b_full.sh: line 83: [: 0
0: integer expression expected
scripts/collect_glm6b_full.sh: line 83: [: 0
0: integer expression expected
scripts/collect_glm6b_full.sh: line 83: [: 0
0: integer expression expected
scripts/collect_glm6b_full.sh: line 83: [: 0
0: integer expression expected
scripts/collect_glm6b_full.sh: line 83: [: 0
0: integer expression expected
scripts/collect_glm6b_full.sh: line 83: [: 0
0: integer expression expected
scripts/collect_glm6b_full.sh: line 83: [: 0
0: integer expression expected
scripts/collect_glm6b_full.sh: line 83: [: 0
0: integer expression expected
scripts/collect_glm6b_full.sh: line 83: [: 0
0: integer expression expected
scripts/collect_glm6b_full.sh: line 83: [: 0
0: integer expression expected
scripts/collect_glm6b_full.sh: line 83: [: 0
0: integer expression expected
scripts/collect_glm6b_full.sh: line 83: [: 0
0: integer expression expected
scripts/collect_glm6b_full.sh: line 83: [: 0
0: integer expression expected
scripts/collect_glm6b_full.sh: line 83: [: 0
0: integer expression expected
scripts/collect_glm6b_full.sh: line 83: [: 0
0: integer expression expected
scripts/collect_glm6b_full.sh: line 83: [: 0
0: integer expression expected
scripts/collect_glm6b_full.sh: line 83: [: 0
0: integer expression expected
scripts/collect_glm6b_full.sh: line 83: [: 0
0: integer expression expected
scripts/collect_glm6b_full.sh: line 83: [: 0
0: integer expression expected
scripts/collect_glm6b_full.sh: line 83: [: 0
0: integer expression expected
scripts/collect_glm6b_full.sh: line 83: [: 0
0: integer expression expected
scripts/collect_glm6b_full.sh: line 83: [: 0
0: integer expression expected
scripts/collect_glm6b_full.sh: line 83: [: 0
0: integer expression expected
scripts/collect_glm6b_full.sh: line 83: [: 0
0: integer expression expected
scripts/collect_glm6b_full.sh: line 83: [: 0
0: integer expression expected
scripts/collect_glm6b_full.sh: line 83: [: 0
0: integer expression expected
scripts/collect_glm6b_full.sh: line 83: [: 0
0: integer expression expected
scripts/collect_glm6b_full.sh: line 83: [: 0
0: integer expression expected
scripts/collect_glm6b_full.sh: line 83: [: 0
0: integer expression expected
scripts/collect_glm6b_full.sh: line 83: [: 0
0: integer expression expected
scripts/collect_glm6b_full.sh: line 83: [: 0
0: integer expression expected
scripts/collect_glm6b_full.sh: line 83: [: 0
0: integer expression expected
scripts/collect_glm6b_full.sh: line 83: [: 0
0: integer expression expected
scripts/collect_glm6b_full.sh: line 83: [: 0
0: integer expression expected
scripts/collect_glm6b_full.sh: line 83: [: 0
0: integer expression expected
scripts/collect_glm6b_full.sh: line 83: [: 0
0: integer expression expected
scripts/collect_glm6b_full.sh: line 83: [: 0
0: integer expression expected
scripts/collect_glm6b_full.sh: line 83: [: 0
0: integer expression expected
scripts/collect_glm6b_full.sh: line 83: [: 0
0: integer expression expected
scripts/collect_glm6b_full.sh: line 83: [: 0
0: integer expression expected
scripts/collect_glm6b_full.sh: line 83: [: 0
0: integer expression expected
scripts/collect_glm6b_full.sh: line 83: [: 0
0: integer expression expected
scripts/collect_glm6b_full.sh: line 83: [: 0
0: integer expression expected
scripts/collect_glm6b_full.sh: line 83: [: 0
0: integer expression expected
scripts/collect_glm6b_full.sh: line 83: [: 0
0: integer expression expected
scripts/collect_glm6b_full.sh: line 83: [: 0
0: integer expression expected
scripts/collect_glm6b_full.sh: line 83: [: 0
0: integer expression expected
scripts/collect_glm6b_full.sh: line 83: [: 0
0: integer expression expected
scripts/collect_glm6b_full.sh: line 83: [: 0
0: integer expression expected
scripts/collect_glm6b_full.sh: line 83: [: 0
0: integer expression expected
scripts/collect_glm6b_full.sh: line 83: [: 0
0: integer expression expected
scripts/collect_glm6b_full.sh: line 83: [: 0
0: integer expression expected
scripts/collect_glm6b_full.sh: line 83: [: 0
0: integer expression expected
scripts/collect_glm6b_full.sh: line 83: [: 0
0: integer expression expected
scripts/collect_glm6b_full.sh: line 83: [: 0
0: integer expression expected
scripts/collect_glm6b_full.sh: line 83: [: 0
0: integer expression expected
scripts/collect_glm6b_full.sh: line 83: [: 0
0: integer expression expected
scripts/collect_glm6b_full.sh: line 83: [: 0
0: integer expression expected
scripts/collect_glm6b_full.sh: line 83: [: 0
0: integer expression expected
scripts/collect_glm6b_full.sh: line 83: [: 0
0: integer expression expected
scripts/collect_glm6b_full.sh: line 83: [: 0
0: integer expression expected
scripts/collect_glm6b_full.sh: line 83: [: 0
0: integer expression expected
scripts/collect_glm6b_full.sh: line 83: [: 0
0: integer expression expected
scripts/collect_glm6b_full.sh: line 83: [: 0
0: integer expression expected
scripts/collect_glm6b_full.sh: line 83: [: 0
0: integer expression expected
scripts/collect_glm6b_full.sh: line 83: [: 0
0: integer expression expected
scripts/collect_glm6b_full.sh: line 83: [: 0
0: integer expression expected
scripts/collect_glm6b_full.sh: line 83: [: 0
0: integer expression expected
scripts/collect_glm6b_full.sh: line 83: [: 0
0: integer expression expected
scripts/collect_glm6b_full.sh: line 83: [: 0
0: integer expression expected
scripts/collect_glm6b_full.sh: line 83: [: 0
0: integer expression expected
scripts/collect_glm6b_full.sh: line 83: [: 0
0: integer expression expected
scripts/collect_glm6b_full.sh: line 83: [: 0
0: integer expression expected
scripts/collect_glm6b_full.sh: line 83: [: 0
0: integer expression expected
scripts/collect_glm6b_full.sh: line 83: [: 0
0: integer expression expected
scripts/collect_glm6b_full.sh: line 83: [: 0
0: integer expression expected
scripts/collect_glm6b_full.sh: line 83: [: 0
0: integer expression expected
scripts/collect_glm6b_full.sh: line 83: [: 0
0: integer expression expected
scripts/collect_glm6b_full.sh: line 83: [: 0
0: integer expression expected
scripts/collect_glm6b_full.sh: line 83: [: 0
0: integer expression expected
scripts/collect_glm6b_full.sh: line 83: [: 0
0: integer expression expected
scripts/collect_glm6b_full.sh: line 83: [: 0
0: integer expression expected
scripts/collect_glm6b_full.sh: line 83: [: 0
0: integer expression expected
scripts/collect_glm6b_full.sh: line 83: [: 0
0: integer expression expected
scripts/collect_glm6b_full.sh: line 83: [: 0
0: integer expression expected
scripts/collect_glm6b_full.sh: line 83: [: 0
0: integer expression expected
scripts/collect_glm6b_full.sh: line 83: [: 0
0: integer expression expected
scripts/collect_glm6b_full.sh: line 83: [: 0
0: integer expression expected
scripts/collect_glm6b_full.sh: line 83: [: 0
0: integer expression expected
scripts/collect_glm6b_full.sh: line 83: [: 0
0: integer expression expected
scripts/collect_glm6b_full.sh: line 83: [: 0
0: integer expression expected
scripts/collect_glm6b_full.sh: line 83: [: 0
0: integer expression expected
scripts/collect_glm6b_full.sh: line 83: [: 0
0: integer expression expected
scripts/collect_glm6b_full.sh: line 83: [: 0
0: integer expression expected
scripts/collect_glm6b_full.sh: line 83: [: 0
0: integer expression expected
scripts/collect_glm6b_full.sh: line 83: [: 0
0: integer expression expected
scripts/collect_glm6b_full.sh: line 83: [: 0
0: integer expression expected
scripts/collect_glm6b_full.sh: line 83: [: 0
0: integer expression expected
scripts/collect_glm6b_full.sh: line 83: [: 0
0: integer expression expected
scripts/collect_glm6b_full.sh: line 83: [: 0
0: integer expression expected
scripts/collect_glm6b_full.sh: line 83: [: 0
0: integer expression expected
scripts/collect_glm6b_full.sh: line 83: [: 0
0: integer expression expected
scripts/collect_glm6b_full.sh: line 83: [: 0
0: integer expression expected
scripts/collect_glm6b_full.sh: line 83: [: 0
0: integer expression expected
scripts/collect_glm6b_full.sh: line 83: [: 0
0: integer expression expected
scripts/collect_glm6b_full.sh: line 83: [: 0
0: integer expression expected
scripts/collect_glm6b_full.sh: line 83: [: 0
0: integer expression expected
scripts/collect_glm6b_full.sh: line 83: [: 0
0: integer expression expected
scripts/collect_glm6b_full.sh: line 83: [: 0
0: integer expression expected
scripts/collect_glm6b_full.sh: line 83: [: 0
0: integer expression expected
scripts/collect_glm6b_full.sh: line 83: [: 0
0: integer expression expected
scripts/collect_glm6b_full.sh: line 83: [: 0
0: integer expression expected
scripts/collect_glm6b_full.sh: line 83: [: 0
0: integer expression expected
scripts/collect_glm6b_full.sh: line 83: [: 0
0: integer expression expected
scripts/collect_glm6b_full.sh: line 83: [: 0
0: integer expression expected
scripts/collect_glm6b_full.sh: line 83: [: 0
0: integer expression expected
scripts/collect_glm6b_full.sh: line 83: [: 0
0: integer expression expected
scripts/collect_glm6b_full.sh: line 83: [: 0
0: integer expression expected
scripts/collect_glm6b_full.sh: line 83: [: 0
0: integer expression expected
scripts/collect_glm6b_full.sh: line 83: [: 0
0: integer expression expected
scripts/collect_glm6b_full.sh: line 83: [: 0
0: integer expression expected
scripts/collect_glm6b_full.sh: line 83: [: 0
0: integer expression expected
scripts/collect_glm6b_full.sh: line 83: [: 0
0: integer expression expected
scripts/collect_glm6b_full.sh: line 83: [: 0
0: integer expression expected
scripts/collect_glm6b_full.sh: line 83: [: 0
0: integer expression expected
scripts/collect_glm6b_full.sh: line 83: [: 0
0: integer expression expected
scripts/collect_glm6b_full.sh: line 83: [: 0
0: integer expression expected
scripts/collect_glm6b_full.sh: line 83: [: 0
0: integer expression expected
scripts/collect_glm6b_full.sh: line 83: [: 0
0: integer expression expected
scripts/collect_glm6b_full.sh: line 83: [: 0
0: integer expression expected
scripts/collect_glm6b_full.sh: line 83: [: 0
0: integer expression expected
scripts/collect_glm6b_full.sh: line 83: [: 0
0: integer expression expected
scripts/collect_glm6b_full.sh: line 83: [: 0
0: integer expression expected
scripts/collect_glm6b_full.sh: line 83: [: 0
0: integer expression expected
scripts/collect_glm6b_full.sh: line 83: [: 0
0: integer expression expected
scripts/collect_glm6b_full.sh: line 83: [: 0
0: integer expression expected
scripts/collect_glm6b_full.sh: line 83: [: 0
0: integer expression expected
scripts/collect_glm6b_full.sh: line 83: [: 0
0: integer expression expected
scripts/collect_glm6b_full.sh: line 83: [: 0
0: integer expression expected
scripts/collect_glm6b_full.sh: line 83: [: 0
0: integer expression expected
scripts/collect_glm6b_full.sh: line 83: [: 0
0: integer expression expected
scripts/collect_glm6b_full.sh: line 83: [: 0
0: integer expression expected
scripts/collect_glm6b_full.sh: line 83: [: 0
0: integer expression expected
scripts/collect_glm6b_full.sh: line 83: [: 0
0: integer expression expected
scripts/collect_glm6b_full.sh: line 83: [: 0
0: integer expression expected
scripts/collect_glm6b_full.sh: line 83: [: 0
0: integer expression expected
scripts/collect_glm6b_full.sh: line 83: [: 0
0: integer expression expected
scripts/collect_glm6b_full.sh: line 83: [: 0
0: integer expression expected
scripts/collect_glm6b_full.sh: line 83: [: 0
0: integer expression expected
scripts/collect_glm6b_full.sh: line 83: [: 0
0: integer expression expected
scripts/collect_glm6b_full.sh: line 83: [: 0
0: integer expression expected
scripts/collect_glm6b_full.sh: line 83: [: 0
0: integer expression expected
scripts/collect_glm6b_full.sh: line 83: [: 0
0: integer expression expected
scripts/collect_glm6b_full.sh: line 83: [: 0
0: integer expression expected
scripts/collect_glm6b_full.sh: line 83: [: 0
0: integer expression expected
scripts/collect_glm6b_full.sh: line 83: [: 0
0: integer expression expected
scripts/collect_glm6b_full.sh: line 83: [: 0
0: integer expression expected
scripts/collect_glm6b_full.sh: line 83: [: 0
0: integer expression expected
scripts/collect_glm6b_full.sh: line 83: [: 0
0: integer expression expected
scripts/collect_glm6b_full.sh: line 83: [: 0
0: integer expression expected
scripts/collect_glm6b_full.sh: line 83: [: 0
0: integer expression expected
scripts/collect_glm6b_full.sh: line 83: [: 0
0: integer expression expected
scripts/collect_glm6b_full.sh: line 83: [: 0
0: integer expression expected
scripts/collect_glm6b_full.sh: line 83: [: 0
0: integer expression expected
scripts/collect_glm6b_full.sh: line 83: [: 0
0: integer expression expected
scripts/collect_glm6b_full.sh: line 83: [: 0
0: integer expression expected
scripts/collect_glm6b_full.sh: line 83: [: 0
0: integer expression expected
scripts/collect_glm6b_full.sh: line 83: [: 0
0: integer expression expected
scripts/collect_glm6b_full.sh: line 83: [: 0
0: integer expression expected
scripts/collect_glm6b_full.sh: line 83: [: 0
0: integer expression expected
scripts/collect_glm6b_full.sh: line 83: [: 0
0: integer expression expected
scripts/collect_glm6b_full.sh: line 83: [: 0
0: integer expression expected
scripts/collect_glm6b_full.sh: line 83: [: 0
0: integer expression expected
scripts/collect_glm6b_full.sh: line 83: [: 0
0: integer expression expected
scripts/collect_glm6b_full.sh: line 83: [: 0
0: integer expression expected
scripts/collect_glm6b_full.sh: line 83: [: 0
0: integer expression expected
scripts/collect_glm6b_full.sh: line 83: [: 0
0: integer expression expected
scripts/collect_glm6b_full.sh: line 83: [: 0
0: integer expression expected
scripts/collect_glm6b_full.sh: line 83: [: 0
0: integer expression expected
scripts/collect_glm6b_full.sh: line 83: [: 0
0: integer expression expected
scripts/collect_glm6b_full.sh: line 83: [: 0
0: integer expression expected
scripts/collect_glm6b_full.sh: line 83: [: 0
0: integer expression expected
scripts/collect_glm6b_full.sh: line 83: [: 0
0: integer expression expected
scripts/collect_glm6b_full.sh: line 83: [: 0
0: integer expression expected
scripts/collect_glm6b_full.sh: line 83: [: 0
0: integer expression expected
scripts/collect_glm6b_full.sh: line 83: [: 0
0: integer expression expected
scripts/collect_glm6b_full.sh: line 83: [: 0
0: integer expression expected
scripts/collect_glm6b_full.sh: line 83: [: 0
0: integer expression expected
scripts/collect_glm6b_full.sh: line 83: [: 0
0: integer expression expected
scripts/collect_glm6b_full.sh: line 83: [: 0
0: integer expression expected
scripts/collect_glm6b_full.sh: line 83: [: 0
0: integer expression expected
scripts/collect_glm6b_full.sh: line 83: [: 0
0: integer expression expected
scripts/collect_glm6b_full.sh: line 83: [: 0
0: integer expression expected
scripts/collect_glm6b_full.sh: line 83: [: 0
0: integer expression expected
scripts/collect_glm6b_full.sh: line 83: [: 0
0: integer expression expected
scripts/collect_glm6b_full.sh: line 83: [: 0
0: integer expression expected
scripts/collect_glm6b_full.sh: line 83: [: 0
0: integer expression expected
scripts/collect_glm6b_full.sh: line 83: [: 0
0: integer expression expected
scripts/collect_glm6b_full.sh: line 83: [: 0
0: integer expression expected
scripts/collect_glm6b_full.sh: line 83: [: 0
0: integer expression expected
scripts/collect_glm6b_full.sh: line 83: [: 0
0: integer expression expected
scripts/collect_glm6b_full.sh: line 83: [: 0
0: integer expression expected
scripts/collect_glm6b_full.sh: line 83: [: 0
0: integer expression expected
scripts/collect_glm6b_full.sh: line 83: [: 0
0: integer expression expected
scripts/collect_glm6b_full.sh: line 83: [: 0
0: integer expression expected
scripts/collect_glm6b_full.sh: line 83: [: 0
0: integer expression expected
scripts/collect_glm6b_full.sh: line 83: [: 0
0: integer expression expected
scripts/collect_glm6b_full.sh: line 83: [: 0
0: integer expression expected
scripts/collect_glm6b_full.sh: line 83: [: 0
0: integer expression expected
scripts/collect_glm6b_full.sh: line 83: [: 0
0: integer expression expected
scripts/collect_glm6b_full.sh: line 83: [: 0
0: integer expression expected
scripts/collect_glm6b_full.sh: line 83: [: 0
0: integer expression expected
scripts/collect_glm6b_full.sh: line 83: [: 0
0: integer expression expected
scripts/collect_glm6b_full.sh: line 83: [: 0
0: integer expression expected
scripts/collect_glm6b_full.sh: line 83: [: 0
0: integer expression expected
scripts/collect_glm6b_full.sh: line 83: [: 0
0: integer expression expected
scripts/collect_glm6b_full.sh: line 83: [: 0
0: integer expression expected
scripts/collect_glm6b_full.sh: line 83: [: 0
0: integer expression expected
scripts/collect_glm6b_full.sh: line 83: [: 0
0: integer expression expected
scripts/collect_glm6b_full.sh: line 83: [: 0
0: integer expression expected
scripts/collect_glm6b_full.sh: line 83: [: 0
0: integer expression expected
scripts/collect_glm6b_full.sh: line 83: [: 0
0: integer expression expected
scripts/collect_glm6b_full.sh: line 83: [: 0
0: integer expression expected
scripts/collect_glm6b_full.sh: line 83: [: 0
0: integer expression expected
scripts/collect_glm6b_full.sh: line 83: [: 0
0: integer expression expected
scripts/collect_glm6b_full.sh: line 83: [: 0
0: integer expression expected
scripts/collect_glm6b_full.sh: line 83: [: 0
0: integer expression expected
scripts/collect_glm6b_full.sh: line 83: [: 0
0: integer expression expected
scripts/collect_glm6b_full.sh: line 83: [: 0
0: integer expression expected
scripts/collect_glm6b_full.sh: line 83: [: 0
0: integer expression expected
scripts/collect_glm6b_full.sh: line 83: [: 0
0: integer expression expected
scripts/collect_glm6b_full.sh: line 83: [: 0
0: integer expression expected
scripts/collect_glm6b_full.sh: line 83: [: 0
0: integer expression expected
scripts/collect_glm6b_full.sh: line 83: [: 0
0: integer expression expected
scripts/collect_glm6b_full.sh: line 83: [: 0
0: integer expression expected
scripts/collect_glm6b_full.sh: line 83: [: 0
0: integer expression expected
scripts/collect_glm6b_full.sh: line 83: [: 0
0: integer expression expected
scripts/collect_glm6b_full.sh: line 83: [: 0
0: integer expression expected
scripts/collect_glm6b_full.sh: line 83: [: 0
0: integer expression expected
scripts/collect_glm6b_full.sh: line 83: [: 0
0: integer expression expected
scripts/collect_glm6b_full.sh: line 83: [: 0
0: integer expression expected
scripts/collect_glm6b_full.sh: line 83: [: 0
0: integer expression expected
scripts/collect_glm6b_full.sh: line 83: [: 0
0: integer expression expected
scripts/collect_glm6b_full.sh: line 83: [: 0
0: integer expression expected
scripts/collect_glm6b_full.sh: line 83: [: 0
0: integer expression expected
scripts/collect_glm6b_full.sh: line 83: [: 0
0: integer expression expected
scripts/collect_glm6b_full.sh: line 83: [: 0
0: integer expression expected
scripts/collect_glm6b_full.sh: line 83: [: 0
0: integer expression expected
scripts/collect_glm6b_full.sh: line 83: [: 0
0: integer expression expected
scripts/collect_glm6b_full.sh: line 83: [: 0
0: integer expression expected
scripts/collect_glm6b_full.sh: line 83: [: 0
0: integer expression expected
scripts/collect_glm6b_full.sh: line 83: [: 0
0: integer expression expected
scripts/collect_glm6b_full.sh: line 83: [: 0
0: integer expression expected
scripts/collect_glm6b_full.sh: line 83: [: 0
0: integer expression expected
scripts/collect_glm6b_full.sh: line 83: [: 0
0: integer expression expected
scripts/collect_glm6b_full.sh: line 83: [: 0
0: integer expression expected
scripts/collect_glm6b_full.sh: line 83: [: 0
0: integer expression expected
scripts/collect_glm6b_full.sh: line 83: [: 0
0: integer expression expected
scripts/collect_glm6b_full.sh: line 83: [: 0
0: integer expression expected
scripts/collect_glm6b_full.sh: line 83: [: 0
0: integer expression expected
scripts/collect_glm6b_full.sh: line 83: [: 0
0: integer expression expected
scripts/collect_glm6b_full.sh: line 83: [: 0
0: integer expression expected
scripts/collect_glm6b_full.sh: line 83: [: 0
0: integer expression expected
scripts/collect_glm6b_full.sh: line 83: [: 0
0: integer expression expected
scripts/collect_glm6b_full.sh: line 83: [: 0
0: integer expression expected
scripts/collect_glm6b_full.sh: line 83: [: 0
0: integer expression expected
scripts/collect_glm6b_full.sh: line 83: [: 0
0: integer expression expected
scripts/collect_glm6b_full.sh: line 83: [: 0
0: integer expression expected
scripts/collect_glm6b_full.sh: line 83: [: 0
0: integer expression expected
scripts/collect_glm6b_full.sh: line 83: [: 0
0: integer expression expected
scripts/collect_glm6b_full.sh: line 83: [: 0
0: integer expression expected
scripts/collect_glm6b_full.sh: line 83: [: 0
0: integer expression expected
scripts/collect_glm6b_full.sh: line 83: [: 0
0: integer expression expected
scripts/collect_glm6b_full.sh: line 83: [: 0
0: integer expression expected
scripts/collect_glm6b_full.sh: line 83: [: 0
0: integer expression expected
scripts/collect_glm6b_full.sh: line 83: [: 0
0: integer expression expected
scripts/collect_glm6b_full.sh: line 83: [: 0
0: integer expression expected
scripts/collect_glm6b_full.sh: line 83: [: 0
0: integer expression expected
scripts/collect_glm6b_full.sh: line 83: [: 0
0: integer expression expected
scripts/collect_glm6b_full.sh: line 83: [: 0
0: integer expression expected
scripts/collect_glm6b_full.sh: line 83: [: 0
0: integer expression expected
scripts/collect_glm6b_full.sh: line 83: [: 0
0: integer expression expected
scripts/collect_glm6b_full.sh: line 83: [: 0
0: integer expression expected
scripts/collect_glm6b_full.sh: line 83: [: 0
0: integer expression expected
scripts/collect_glm6b_full.sh: line 83: [: 0
0: integer expression expected
scripts/collect_glm6b_full.sh: line 83: [: 0
0: integer expression expected
scripts/collect_glm6b_full.sh: line 83: [: 0
0: integer expression expected
scripts/collect_glm6b_full.sh: line 83: [: 0
0: integer expression expected
scripts/collect_glm6b_full.sh: line 83: [: 0
0: integer expression expected
scripts/collect_glm6b_full.sh: line 83: [: 0
0: integer expression expected
scripts/collect_glm6b_full.sh: line 83: [: 0
0: integer expression expected
scripts/collect_glm6b_full.sh: line 83: [: 0
0: integer expression expected
scripts/collect_glm6b_full.sh: line 83: [: 0
0: integer expression expected
scripts/collect_glm6b_full.sh: line 83: [: 0
0: integer expression expected
scripts/collect_glm6b_full.sh: line 83: [: 0
0: integer expression expected
scripts/collect_glm6b_full.sh: line 83: [: 0
0: integer expression expected
scripts/collect_glm6b_full.sh: line 83: [: 0
0: integer expression expected
scripts/collect_glm6b_full.sh: line 83: [: 0
0: integer expression expected
scripts/collect_glm6b_full.sh: line 83: [: 0
0: integer expression expected
scripts/collect_glm6b_full.sh: line 83: [: 0
0: integer expression expected
scripts/collect_glm6b_full.sh: line 83: [: 0
0: integer expression expected
scripts/collect_glm6b_full.sh: line 83: [: 0
0: integer expression expected
scripts/collect_glm6b_full.sh: line 83: [: 0
0: integer expression expected
scripts/collect_glm6b_full.sh: line 83: [: 0
0: integer expression expected
scripts/collect_glm6b_full.sh: line 83: [: 0
0: integer expression expected
scripts/collect_glm6b_full.sh: line 83: [: 0
0: integer expression expected
scripts/collect_glm6b_full.sh: line 83: [: 0
0: integer expression expected
scripts/collect_glm6b_full.sh: line 83: [: 0
0: integer expression expected
scripts/collect_glm6b_full.sh: line 83: [: 0
0: integer expression expected
scripts/collect_glm6b_full.sh: line 83: [: 0
0: integer expression expected
scripts/collect_glm6b_full.sh: line 83: [: 0
0: integer expression expected
scripts/collect_glm6b_full.sh: line 83: [: 0
0: integer expression expected
scripts/collect_glm6b_full.sh: line 83: [: 0
0: integer expression expected
scripts/collect_glm6b_full.sh: line 83: [: 0
0: integer expression expected
scripts/collect_glm6b_full.sh: line 83: [: 0
0: integer expression expected
scripts/collect_glm6b_full.sh: line 83: [: 0
0: integer expression expected
scripts/collect_glm6b_full.sh: line 83: [: 0
0: integer expression expected
scripts/collect_glm6b_full.sh: line 83: [: 0
0: integer expression expected
scripts/collect_glm6b_full.sh: line 83: [: 0
0: integer expression expected
scripts/collect_glm6b_full.sh: line 83: [: 0
0: integer expression expected
scripts/collect_glm6b_full.sh: line 83: [: 0
0: integer expression expected
scripts/collect_glm6b_full.sh: line 83: [: 0
0: integer expression expected
scripts/collect_glm6b_full.sh: line 83: [: 0
0: integer expression expected
scripts/collect_glm6b_full.sh: line 83: [: 0
0: integer expression expected
scripts/collect_glm6b_full.sh: line 83: [: 0
0: integer expression expected
scripts/collect_glm6b_full.sh: line 83: [: 0
0: integer expression expected
scripts/collect_glm6b_full.sh: line 83: [: 0
0: integer expression expected
scripts/collect_glm6b_full.sh: line 83: [: 0
0: integer expression expected
scripts/collect_glm6b_full.sh: line 83: [: 0
0: integer expression expected
scripts/collect_glm6b_full.sh: line 83: [: 0
0: integer expression expected
scripts/collect_glm6b_full.sh: line 83: [: 0
0: integer expression expected
scripts/collect_glm6b_full.sh: line 83: [: 0
0: integer expression expected
scripts/collect_glm6b_full.sh: line 83: [: 0
0: integer expression expected
scripts/collect_glm6b_full.sh: line 83: [: 0
0: integer expression expected
scripts/collect_glm6b_full.sh: line 83: [: 0
0: integer expression expected
scripts/collect_glm6b_full.sh: line 83: [: 0
0: integer expression expected
scripts/collect_glm6b_full.sh: line 83: [: 0
0: integer expression expected
scripts/collect_glm6b_full.sh: line 83: [: 0
0: integer expression expected
scripts/collect_glm6b_full.sh: line 83: [: 0
0: integer expression expected
scripts/collect_glm6b_full.sh: line 83: [: 0
0: integer expression expected
scripts/collect_glm6b_full.sh: line 83: [: 0
0: integer expression expected
scripts/collect_glm6b_full.sh: line 83: [: 0
0: integer expression expected
scripts/collect_glm6b_full.sh: line 83: [: 0
0: integer expression expected
scripts/collect_glm6b_full.sh: line 83: [: 0
0: integer expression expected
scripts/collect_glm6b_full.sh: line 83: [: 0
0: integer expression expected
scripts/collect_glm6b_full.sh: line 83: [: 0
0: integer expression expected
scripts/collect_glm6b_full.sh: line 83: [: 0
0: integer expression expected
scripts/collect_glm6b_full.sh: line 83: [: 0
0: integer expression expected
scripts/collect_glm6b_full.sh: line 83: [: 0
0: integer expression expected
scripts/collect_glm6b_full.sh: line 83: [: 0
0: integer expression expected
scripts/collect_glm6b_full.sh: line 83: [: 0
0: integer expression expected
scripts/collect_glm6b_full.sh: line 83: [: 0
0: integer expression expected
scripts/collect_glm6b_full.sh: line 83: [: 0
0: integer expression expected
scripts/collect_glm6b_full.sh: line 83: [: 0
0: integer expression expected
scripts/collect_glm6b_full.sh: line 83: [: 0
0: integer expression expected
scripts/collect_glm6b_full.sh: line 83: [: 0
0: integer expression expected
scripts/collect_glm6b_full.sh: line 83: [: 0
0: integer expression expected
scripts/collect_glm6b_full.sh: line 83: [: 0
0: integer expression expected
scripts/collect_glm6b_full.sh: line 83: [: 0
0: integer expression expected
scripts/collect_glm6b_full.sh: line 83: [: 0
0: integer expression expected
scripts/collect_glm6b_full.sh: line 83: [: 0
0: integer expression expected
scripts/collect_glm6b_full.sh: line 83: [: 0
0: integer expression expected
scripts/collect_glm6b_full.sh: line 83: [: 0
0: integer expression expected
scripts/collect_glm6b_full.sh: line 83: [: 0
0: integer expression expected
scripts/collect_glm6b_full.sh: line 83: [: 0
0: integer expression expected
scripts/collect_glm6b_full.sh: line 83: [: 0
0: integer expression expected
scripts/collect_glm6b_full.sh: line 83: [: 0
0: integer expression expected
scripts/collect_glm6b_full.sh: line 83: [: 0
0: integer expression expected
scripts/collect_glm6b_full.sh: line 83: [: 0
0: integer expression expected
scripts/collect_glm6b_full.sh: line 83: [: 0
0: integer expression expected
scripts/collect_glm6b_full.sh: line 83: [: 0
0: integer expression expected
scripts/collect_glm6b_full.sh: line 83: [: 0
0: integer expression expected
scripts/collect_glm6b_full.sh: line 83: [: 0
0: integer expression expected
scripts/collect_glm6b_full.sh: line 83: [: 0
0: integer expression expected
scripts/collect_glm6b_full.sh: line 83: [: 0
0: integer expression expected
scripts/collect_glm6b_full.sh: line 83: [: 0
0: integer expression expected
scripts/collect_glm6b_full.sh: line 83: [: 0
0: integer expression expected
scripts/collect_glm6b_full.sh: line 83: [: 0
0: integer expression expected
scripts/collect_glm6b_full.sh: line 83: [: 0
0: integer expression expected
scripts/collect_glm6b_full.sh: line 83: [: 0
0: integer expression expected
scripts/collect_glm6b_full.sh: line 83: [: 0
0: integer expression expected
scripts/collect_glm6b_full.sh: line 83: [: 0
0: integer expression expected
scripts/collect_glm6b_full.sh: line 83: [: 0
0: integer expression expected
scripts/collect_glm6b_full.sh: line 83: [: 0
0: integer expression expected
scripts/collect_glm6b_full.sh: line 83: [: 0
0: integer expression expected
scripts/collect_glm6b_full.sh: line 83: [: 0
0: integer expression expected
scripts/collect_glm6b_full.sh: line 83: [: 0
0: integer expression expected
scripts/collect_glm6b_full.sh: line 83: [: 0
0: integer expression expected
scripts/collect_glm6b_full.sh: line 83: [: 0
0: integer expression expected
scripts/collect_glm6b_full.sh: line 83: [: 0
0: integer expression expected
scripts/collect_glm6b_full.sh: line 83: [: 0
0: integer expression expected
scripts/collect_glm6b_full.sh: line 83: [: 0
0: integer expression expected
scripts/collect_glm6b_full.sh: line 83: [: 0
0: integer expression expected
scripts/collect_glm6b_full.sh: line 83: [: 0
0: integer expression expected
scripts/collect_glm6b_full.sh: line 83: [: 0
0: integer expression expected
scripts/collect_glm6b_full.sh: line 83: [: 0
0: integer expression expected
scripts/collect_glm6b_full.sh: line 83: [: 0
0: integer expression expected
scripts/collect_glm6b_full.sh: line 83: [: 0
0: integer expression expected
scripts/collect_glm6b_full.sh: line 83: [: 0
0: integer expression expected
scripts/collect_glm6b_full.sh: line 83: [: 0
0: integer expression expected
scripts/collect_glm6b_full.sh: line 83: [: 0
0: integer expression expected
scripts/collect_glm6b_full.sh: line 83: [: 0
0: integer expression expected
scripts/collect_glm6b_full.sh: line 83: [: 0
0: integer expression expected
scripts/collect_glm6b_full.sh: line 83: [: 0
0: integer expression expected
scripts/collect_glm6b_full.sh: line 83: [: 0
0: integer expression expected
scripts/collect_glm6b_full.sh: line 83: [: 0
0: integer expression expected
scripts/collect_glm6b_full.sh: line 83: [: 0
0: integer expression expected
scripts/collect_glm6b_full.sh: line 83: [: 0
0: integer expression expected
scripts/collect_glm6b_full.sh: line 83: [: 0
0: integer expression expected
scripts/collect_glm6b_full.sh: line 83: [: 0
0: integer expression expected
scripts/collect_glm6b_full.sh: line 83: [: 0
0: integer expression expected
scripts/collect_glm6b_full.sh: line 83: [: 0
0: integer expression expected
scripts/collect_glm6b_full.sh: line 83: [: 0
0: integer expression expected
scripts/collect_glm6b_full.sh: line 83: [: 0
0: integer expression expected
scripts/collect_glm6b_full.sh: line 83: [: 0
0: integer expression expected
scripts/collect_glm6b_full.sh: line 83: [: 0
0: integer expression expected
scripts/collect_glm6b_full.sh: line 83: [: 0
0: integer expression expected
scripts/collect_glm6b_full.sh: line 83: [: 0
0: integer expression expected
scripts/collect_glm6b_full.sh: line 83: [: 0
0: integer expression expected
scripts/collect_glm6b_full.sh: line 83: [: 0
0: integer expression expected
scripts/collect_glm6b_full.sh: line 83: [: 0
0: integer expression expected
scripts/collect_glm6b_full.sh: line 83: [: 0
0: integer expression expected
scripts/collect_glm6b_full.sh: line 83: [: 0
0: integer expression expected
scripts/collect_glm6b_full.sh: line 83: [: 0
0: integer expression expected
scripts/collect_glm6b_full.sh: line 83: [: 0
0: integer expression expected
scripts/collect_glm6b_full.sh: line 83: [: 0
0: integer expression expected
scripts/collect_glm6b_full.sh: line 83: [: 0
0: integer expression expected
scripts/collect_glm6b_full.sh: line 83: [: 0
0: integer expression expected
scripts/collect_glm6b_full.sh: line 83: [: 0
0: integer expression expected
scripts/collect_glm6b_full.sh: line 83: [: 0
0: integer expression expected
scripts/collect_glm6b_full.sh: line 83: [: 0
0: integer expression expected
scripts/collect_glm6b_full.sh: line 83: [: 0
0: integer expression expected
scripts/collect_glm6b_full.sh: line 83: [: 0
0: integer expression expected
scripts/collect_glm6b_full.sh: line 83: [: 0
0: integer expression expected
scripts/collect_glm6b_full.sh: line 83: [: 0
0: integer expression expected
scripts/collect_glm6b_full.sh: line 83: [: 0
0: integer expression expected
scripts/collect_glm6b_full.sh: line 83: [: 0
0: integer expression expected
scripts/collect_glm6b_full.sh: line 83: [: 0
0: integer expression expected
scripts/collect_glm6b_full.sh: line 83: [: 0
0: integer expression expected
scripts/collect_glm6b_full.sh: line 83: [: 0
0: integer expression expected
scripts/collect_glm6b_full.sh: line 83: [: 0
0: integer expression expected
scripts/collect_glm6b_full.sh: line 83: [: 0
0: integer expression expected
scripts/collect_glm6b_full.sh: line 83: [: 0
0: integer expression expected
scripts/collect_glm6b_full.sh: line 83: [: 0
0: integer expression expected
scripts/collect_glm6b_full.sh: line 83: [: 0
0: integer expression expected
scripts/collect_glm6b_full.sh: line 83: [: 0
0: integer expression expected
scripts/collect_glm6b_full.sh: line 83: [: 0
0: integer expression expected
scripts/collect_glm6b_full.sh: line 83: [: 0
0: integer expression expected
scripts/collect_glm6b_full.sh: line 83: [: 0
0: integer expression expected
scripts/collect_glm6b_full.sh: line 83: [: 0
0: integer expression expected
scripts/collect_glm6b_full.sh: line 83: [: 0
0: integer expression expected
scripts/collect_glm6b_full.sh: line 83: [: 0
0: integer expression expected
scripts/collect_glm6b_full.sh: line 83: [: 0
0: integer expression expected
scripts/collect_glm6b_full.sh: line 83: [: 0
0: integer expression expected
scripts/collect_glm6b_full.sh: line 83: [: 0
0: integer expression expected
scripts/collect_glm6b_full.sh: line 83: [: 0
0: integer expression expected
scripts/collect_glm6b_full.sh: line 83: [: 0
0: integer expression expected
scripts/collect_glm6b_full.sh: line 83: [: 0
0: integer expression expected
scripts/collect_glm6b_full.sh: line 83: [: 0
0: integer expression expected
scripts/collect_glm6b_full.sh: line 83: [: 0
0: integer expression expected
scripts/collect_glm6b_full.sh: line 83: [: 0
0: integer expression expected
scripts/collect_glm6b_full.sh: line 83: [: 0
0: integer expression expected
scripts/collect_glm6b_full.sh: line 83: [: 0
0: integer expression expected
scripts/collect_glm6b_full.sh: line 83: [: 0
0: integer expression expected
scripts/collect_glm6b_full.sh: line 83: [: 0
0: integer expression expected
scripts/collect_glm6b_full.sh: line 83: [: 0
0: integer expression expected
scripts/collect_glm6b_full.sh: line 83: [: 0
0: integer expression expected
scripts/collect_glm6b_full.sh: line 83: [: 0
0: integer expression expected
scripts/collect_glm6b_full.sh: line 83: [: 0
0: integer expression expected
scripts/collect_glm6b_full.sh: line 83: [: 0
0: integer expression expected
scripts/collect_glm6b_full.sh: line 83: [: 0
0: integer expression expected
scripts/collect_glm6b_full.sh: line 83: [: 0
0: integer expression expected
scripts/collect_glm6b_full.sh: line 83: [: 0
0: integer expression expected
scripts/collect_glm6b_full.sh: line 83: [: 0
0: integer expression expected
scripts/collect_glm6b_full.sh: line 83: [: 0
0: integer expression expected
scripts/collect_glm6b_full.sh: line 83: [: 0
0: integer expression expected
scripts/collect_glm6b_full.sh: line 83: [: 0
0: integer expression expected
scripts/collect_glm6b_full.sh: line 83: [: 0
0: integer expression expected
scripts/collect_glm6b_full.sh: line 83: [: 0
0: integer expression expected
scripts/collect_glm6b_full.sh: line 83: [: 0
0: integer expression expected
scripts/collect_glm6b_full.sh: line 83: [: 0
0: integer expression expected
scripts/collect_glm6b_full.sh: line 83: [: 0
0: integer expression expected
scripts/collect_glm6b_full.sh: line 83: [: 0
0: integer expression expected
scripts/collect_glm6b_full.sh: line 83: [: 0
0: integer expression expected
scripts/collect_glm6b_full.sh: line 83: [: 0
0: integer expression expected
scripts/collect_glm6b_full.sh: line 83: [: 0
0: integer expression expected
scripts/collect_glm6b_full.sh: line 83: [: 0
0: integer expression expected
scripts/collect_glm6b_full.sh: line 83: [: 0
0: integer expression expected
scripts/collect_glm6b_full.sh: line 83: [: 0
0: integer expression expected
scripts/collect_glm6b_full.sh: line 83: [: 0
0: integer expression expected
scripts/collect_glm6b_full.sh: line 83: [: 0
0: integer expression expected
scripts/collect_glm6b_full.sh: line 83: [: 0
0: integer expression expected
scripts/collect_glm6b_full.sh: line 83: [: 0
0: integer expression expected
scripts/collect_glm6b_full.sh: line 83: [: 0
0: integer expression expected
scripts/collect_glm6b_full.sh: line 83: [: 0
0: integer expression expected
scripts/collect_glm6b_full.sh: line 83: [: 0
0: integer expression expected
scripts/collect_glm6b_full.sh: line 83: [: 0
0: integer expression expected
scripts/collect_glm6b_full.sh: line 83: [: 0
0: integer expression expected
scripts/collect_glm6b_full.sh: line 83: [: 0
0: integer expression expected
scripts/collect_glm6b_full.sh: line 83: [: 0
0: integer expression expected
scripts/collect_glm6b_full.sh: line 83: [: 0
0: integer expression expected
scripts/collect_glm6b_full.sh: line 83: [: 0
0: integer expression expected
scripts/collect_glm6b_full.sh: line 83: [: 0
0: integer expression expected
scripts/collect_glm6b_full.sh: line 83: [: 0
0: integer expression expected
scripts/collect_glm6b_full.sh: line 83: [: 0
0: integer expression expected
scripts/collect_glm6b_full.sh: line 83: [: 0
0: integer expression expected
scripts/collect_glm6b_full.sh: line 83: [: 0
0: integer expression expected
scripts/collect_glm6b_full.sh: line 83: [: 0
0: integer expression expected
scripts/collect_glm6b_full.sh: line 83: [: 0
0: integer expression expected
scripts/collect_glm6b_full.sh: line 83: [: 0
0: integer expression expected
scripts/collect_glm6b_full.sh: line 83: [: 0
0: integer expression expected
scripts/collect_glm6b_full.sh: line 83: [: 0
0: integer expression expected
scripts/collect_glm6b_full.sh: line 83: [: 0
0: integer expression expected
scripts/collect_glm6b_full.sh: line 83: [: 0
0: integer expression expected
scripts/collect_glm6b_full.sh: line 83: [: 0
0: integer expression expected
scripts/collect_glm6b_full.sh: line 83: [: 0
0: integer expression expected
scripts/collect_glm6b_full.sh: line 83: [: 0
0: integer expression expected
scripts/collect_glm6b_full.sh: line 83: [: 0
0: integer expression expected
scripts/collect_glm6b_full.sh: line 83: [: 0
0: integer expression expected
scripts/collect_glm6b_full.sh: line 83: [: 0
0: integer expression expected
scripts/collect_glm6b_full.sh: line 83: [: 0
0: integer expression expected
scripts/collect_glm6b_full.sh: line 83: [: 0
0: integer expression expected
scripts/collect_glm6b_full.sh: line 83: [: 0
0: integer expression expected
scripts/collect_glm6b_full.sh: line 83: [: 0
0: integer expression expected
scripts/collect_glm6b_full.sh: line 83: [: 0
0: integer expression expected
scripts/collect_glm6b_full.sh: line 83: [: 0
0: integer expression expected
scripts/collect_glm6b_full.sh: line 83: [: 0
0: integer expression expected
scripts/collect_glm6b_full.sh: line 83: [: 0
0: integer expression expected
scripts/collect_glm6b_full.sh: line 83: [: 0
0: integer expression expected
scripts/collect_glm6b_full.sh: line 83: [: 0
0: integer expression expected
scripts/collect_glm6b_full.sh: line 83: [: 0
0: integer expression expected
scripts/collect_glm6b_full.sh: line 83: [: 0
0: integer expression expected
scripts/collect_glm6b_full.sh: line 83: [: 0
0: integer expression expected
scripts/collect_glm6b_full.sh: line 83: [: 0
0: integer expression expected
scripts/collect_glm6b_full.sh: line 83: [: 0
0: integer expression expected
scripts/collect_glm6b_full.sh: line 83: [: 0
0: integer expression expected
scripts/collect_glm6b_full.sh: line 83: [: 0
0: integer expression expected
scripts/collect_glm6b_full.sh: line 83: [: 0
0: integer expression expected
scripts/collect_glm6b_full.sh: line 83: [: 0
0: integer expression expected
scripts/collect_glm6b_full.sh: line 83: [: 0
0: integer expression expected
scripts/collect_glm6b_full.sh: line 83: [: 0
0: integer expression expected
scripts/collect_glm6b_full.sh: line 83: [: 0
0: integer expression expected
scripts/collect_glm6b_full.sh: line 83: [: 0
0: integer expression expected
scripts/collect_glm6b_full.sh: line 83: [: 0
0: integer expression expected
scripts/collect_glm6b_full.sh: line 83: [: 0
0: integer expression expected
scripts/collect_glm6b_full.sh: line 83: [: 0
0: integer expression expected
scripts/collect_glm6b_full.sh: line 83: [: 0
0: integer expression expected
scripts/collect_glm6b_full.sh: line 83: [: 0
0: integer expression expected
scripts/collect_glm6b_full.sh: line 83: [: 0
0: integer expression expected
scripts/collect_glm6b_full.sh: line 83: [: 0
0: integer expression expected
scripts/collect_glm6b_full.sh: line 83: [: 0
0: integer expression expected
scripts/collect_glm6b_full.sh: line 83: [: 0
0: integer expression expected
scripts/collect_glm6b_full.sh: line 83: [: 0
0: integer expression expected
scripts/collect_glm6b_full.sh: line 83: [: 0
0: integer expression expected
scripts/collect_glm6b_full.sh: line 83: [: 0
0: integer expression expected
scripts/collect_glm6b_full.sh: line 83: [: 0
0: integer expression expected
scripts/collect_glm6b_full.sh: line 83: [: 0
0: integer expression expected
scripts/collect_glm6b_full.sh: line 83: [: 0
0: integer expression expected
scripts/collect_glm6b_full.sh: line 83: [: 0
0: integer expression expected
scripts/collect_glm6b_full.sh: line 83: [: 0
0: integer expression expected
scripts/collect_glm6b_full.sh: line 83: [: 0
0: integer expression expected
scripts/collect_glm6b_full.sh: line 83: [: 0
0: integer expression expected
scripts/collect_glm6b_full.sh: line 83: [: 0
0: integer expression expected
scripts/collect_glm6b_full.sh: line 83: [: 0
0: integer expression expected
scripts/collect_glm6b_full.sh: line 83: [: 0
0: integer expression expected
scripts/collect_glm6b_full.sh: line 83: [: 0
0: integer expression expected
scripts/collect_glm6b_full.sh: line 83: [: 0
0: integer expression expected
scripts/collect_glm6b_full.sh: line 83: [: 0
0: integer expression expected
scripts/collect_glm6b_full.sh: line 83: [: 0
0: integer expression expected
scripts/collect_glm6b_full.sh: line 83: [: 0
0: integer expression expected
scripts/collect_glm6b_full.sh: line 83: [: 0
0: integer expression expected
scripts/collect_glm6b_full.sh: line 83: [: 0
0: integer expression expected
scripts/collect_glm6b_full.sh: line 83: [: 0
0: integer expression expected
scripts/collect_glm6b_full.sh: line 83: [: 0
0: integer expression expected
scripts/collect_glm6b_full.sh: line 83: [: 0
0: integer expression expected
scripts/collect_glm6b_full.sh: line 83: [: 0
0: integer expression expected
scripts/collect_glm6b_full.sh: line 83: [: 0
0: integer expression expected
scripts/collect_glm6b_full.sh: line 83: [: 0
0: integer expression expected
scripts/collect_glm6b_full.sh: line 83: [: 0
0: integer expression expected
scripts/collect_glm6b_full.sh: line 83: [: 0
0: integer expression expected
scripts/collect_glm6b_full.sh: line 83: [: 0
0: integer expression expected
scripts/collect_glm6b_full.sh: line 83: [: 0
0: integer expression expected
scripts/collect_glm6b_full.sh: line 83: [: 0
0: integer expression expected
scripts/collect_glm6b_full.sh: line 83: [: 0
0: integer expression expected
scripts/collect_glm6b_full.sh: line 83: [: 0
0: integer expression expected
scripts/collect_glm6b_full.sh: line 83: [: 0
0: integer expression expected
scripts/collect_glm6b_full.sh: line 83: [: 0
0: integer expression expected
scripts/collect_glm6b_full.sh: line 83: [: 0
0: integer expression expected
scripts/collect_glm6b_full.sh: line 83: [: 0
0: integer expression expected
scripts/collect_glm6b_full.sh: line 83: [: 0
0: integer expression expected
scripts/collect_glm6b_full.sh: line 83: [: 0
0: integer expression expected
scripts/collect_glm6b_full.sh: line 83: [: 0
0: integer expression expected
scripts/collect_glm6b_full.sh: line 83: [: 0
0: integer expression expected
scripts/collect_glm6b_full.sh: line 83: [: 0
0: integer expression expected
scripts/collect_glm6b_full.sh: line 83: [: 0
0: integer expression expected
scripts/collect_glm6b_full.sh: line 83: [: 0
0: integer expression expected
scripts/collect_glm6b_full.sh: line 83: [: 0
0: integer expression expected
scripts/collect_glm6b_full.sh: line 83: [: 0
0: integer expression expected
scripts/collect_glm6b_full.sh: line 83: [: 0
0: integer expression expected
scripts/collect_glm6b_full.sh: line 83: [: 0
0: integer expression expected
scripts/collect_glm6b_full.sh: line 83: [: 0
0: integer expression expected
scripts/collect_glm6b_full.sh: line 83: [: 0
0: integer expression expected
scripts/collect_glm6b_full.sh: line 83: [: 0
0: integer expression expected
scripts/collect_glm6b_full.sh: line 83: [: 0
0: integer expression expected
scripts/collect_glm6b_full.sh: line 83: [: 0
0: integer expression expected
scripts/collect_glm6b_full.sh: line 83: [: 0
0: integer expression expected
scripts/collect_glm6b_full.sh: line 83: [: 0
0: integer expression expected
scripts/collect_glm6b_full.sh: line 83: [: 0
0: integer expression expected
scripts/collect_glm6b_full.sh: line 83: [: 0
0: integer expression expected
scripts/collect_glm6b_full.sh: line 83: [: 0
0: integer expression expected
scripts/collect_glm6b_full.sh: line 83: [: 0
0: integer expression expected
scripts/collect_glm6b_full.sh: line 83: [: 0
0: integer expression expected
scripts/collect_glm6b_full.sh: line 83: [: 0
0: integer expression expected
scripts/collect_glm6b_full.sh: line 83: [: 0
0: integer expression expected
scripts/collect_glm6b_full.sh: line 83: [: 0
0: integer expression expected
scripts/collect_glm6b_full.sh: line 83: [: 0
0: integer expression expected
scripts/collect_glm6b_full.sh: line 83: [: 0
0: integer expression expected
scripts/collect_glm6b_full.sh: line 83: [: 0
0: integer expression expected
scripts/collect_glm6b_full.sh: line 83: [: 0
0: integer expression expected
scripts/collect_glm6b_full.sh: line 83: [: 0
0: integer expression expected
scripts/collect_glm6b_full.sh: line 83: [: 0
0: integer expression expected
scripts/collect_glm6b_full.sh: line 83: [: 0
0: integer expression expected
scripts/collect_glm6b_full.sh: line 83: [: 0
0: integer expression expected
scripts/collect_glm6b_full.sh: line 83: [: 0
0: integer expression expected
scripts/collect_glm6b_full.sh: line 83: [: 0
0: integer expression expected
scripts/collect_glm6b_full.sh: line 83: [: 0
0: integer expression expected
scripts/collect_glm6b_full.sh: line 83: [: 0
0: integer expression expected
scripts/collect_glm6b_full.sh: line 83: [: 0
0: integer expression expected
scripts/collect_glm6b_full.sh: line 83: [: 0
0: integer expression expected
scripts/collect_glm6b_full.sh: line 83: [: 0
0: integer expression expected
scripts/collect_glm6b_full.sh: line 83: [: 0
0: integer expression expected
scripts/collect_glm6b_full.sh: line 83: [: 0
0: integer expression expected
scripts/collect_glm6b_full.sh: line 83: [: 0
0: integer expression expected
scripts/collect_glm6b_full.sh: line 83: [: 0
0: integer expression expected
scripts/collect_glm6b_full.sh: line 83: [: 0
0: integer expression expected
scripts/collect_glm6b_full.sh: line 83: [: 0
0: integer expression expected
scripts/collect_glm6b_full.sh: line 83: [: 0
0: integer expression expected
scripts/collect_glm6b_full.sh: line 83: [: 0
0: integer expression expected
scripts/collect_glm6b_full.sh: line 83: [: 0
0: integer expression expected
scripts/collect_glm6b_full.sh: line 83: [: 0
0: integer expression expected
scripts/collect_glm6b_full.sh: line 83: [: 0
0: integer expression expected
scripts/collect_glm6b_full.sh: line 83: [: 0
0: integer expression expected
scripts/collect_glm6b_full.sh: line 83: [: 0
0: integer expression expected
scripts/collect_glm6b_full.sh: line 83: [: 0
0: integer expression expected
scripts/collect_glm6b_full.sh: line 83: [: 0
0: integer expression expected
scripts/collect_glm6b_full.sh: line 83: [: 0
0: integer expression expected
scripts/collect_glm6b_full.sh: line 83: [: 0
0: integer expression expected
scripts/collect_glm6b_full.sh: line 83: [: 0
0: integer expression expected
scripts/collect_glm6b_full.sh: line 83: [: 0
0: integer expression expected
scripts/collect_glm6b_full.sh: line 83: [: 0
0: integer expression expected
scripts/collect_glm6b_full.sh: line 83: [: 0
0: integer expression expected
scripts/collect_glm6b_full.sh: line 83: [: 0
0: integer expression expected
scripts/collect_glm6b_full.sh: line 83: [: 0
0: integer expression expected
scripts/collect_glm6b_full.sh: line 83: [: 0
0: integer expression expected
scripts/collect_glm6b_full.sh: line 83: [: 0
0: integer expression expected
scripts/collect_glm6b_full.sh: line 83: [: 0
0: integer expression expected
scripts/collect_glm6b_full.sh: line 83: [: 0
0: integer expression expected
scripts/collect_glm6b_full.sh: line 83: [: 0
0: integer expression expected
scripts/collect_glm6b_full.sh: line 83: [: 0
0: integer expression expected
scripts/collect_glm6b_full.sh: line 83: [: 0
0: integer expression expected
scripts/collect_glm6b_full.sh: line 83: [: 0
0: integer expression expected
scripts/collect_glm6b_full.sh: line 83: [: 0
0: integer expression expected
scripts/collect_glm6b_full.sh: line 83: [: 0
0: integer expression expected
scripts/collect_glm6b_full.sh: line 83: [: 0
0: integer expression expected
scripts/collect_glm6b_full.sh: line 83: [: 0
0: integer expression expected
scripts/collect_glm6b_full.sh: line 83: [: 0
0: integer expression expected
scripts/collect_glm6b_full.sh: line 83: [: 0
0: integer expression expected
scripts/collect_glm6b_full.sh: line 83: [: 0
0: integer expression expected
scripts/collect_glm6b_full.sh: line 83: [: 0
0: integer expression expected
scripts/collect_glm6b_full.sh: line 83: [: 0
0: integer expression expected
scripts/collect_glm6b_full.sh: line 83: [: 0
0: integer expression expected
scripts/collect_glm6b_full.sh: line 83: [: 0
0: integer expression expected
scripts/collect_glm6b_full.sh: line 83: [: 0
0: integer expression expected
scripts/collect_glm6b_full.sh: line 83: [: 0
0: integer expression expected
scripts/collect_glm6b_full.sh: line 83: [: 0
0: integer expression expected
scripts/collect_glm6b_full.sh: line 83: [: 0
0: integer expression expected
scripts/collect_glm6b_full.sh: line 83: [: 0
0: integer expression expected
scripts/collect_glm6b_full.sh: line 83: [: 0
0: integer expression expected
scripts/collect_glm6b_full.sh: line 83: [: 0
0: integer expression expected
scripts/collect_glm6b_full.sh: line 83: [: 0
0: integer expression expected
scripts/collect_glm6b_full.sh: line 83: [: 0
0: integer expression expected
scripts/collect_glm6b_full.sh: line 83: [: 0
0: integer expression expected
scripts/collect_glm6b_full.sh: line 83: [: 0
0: integer expression expected
scripts/collect_glm6b_full.sh: line 83: [: 0
0: integer expression expected
scripts/collect_glm6b_full.sh: line 83: [: 0
0: integer expression expected
scripts/collect_glm6b_full.sh: line 83: [: 0
0: integer expression expected
scripts/collect_glm6b_full.sh: line 83: [: 0
0: integer expression expected
scripts/collect_glm6b_full.sh: line 83: [: 0
0: integer expression expected
scripts/collect_glm6b_full.sh: line 83: [: 0
0: integer expression expected
scripts/collect_glm6b_full.sh: line 83: [: 0
0: integer expression expected
scripts/collect_glm6b_full.sh: line 83: [: 0
0: integer expression expected
scripts/collect_glm6b_full.sh: line 83: [: 0
0: integer expression expected
scripts/collect_glm6b_full.sh: line 83: [: 0
0: integer expression expected
scripts/collect_glm6b_full.sh: line 83: [: 0
0: integer expression expected
scripts/collect_glm6b_full.sh: line 83: [: 0
0: integer expression expected
scripts/collect_glm6b_full.sh: line 83: [: 0
0: integer expression expected
scripts/collect_glm6b_full.sh: line 83: [: 0
0: integer expression expected
scripts/collect_glm6b_full.sh: line 83: [: 0
0: integer expression expected
scripts/collect_glm6b_full.sh: line 83: [: 0
0: integer expression expected
scripts/collect_glm6b_full.sh: line 83: [: 0
0: integer expression expected
scripts/collect_glm6b_full.sh: line 83: [: 0
0: integer expression expected
scripts/collect_glm6b_full.sh: line 83: [: 0
0: integer expression expected
scripts/collect_glm6b_full.sh: line 83: [: 0
0: integer expression expected
scripts/collect_glm6b_full.sh: line 83: [: 0
0: integer expression expected
scripts/collect_glm6b_full.sh: line 83: [: 0
0: integer expression expected
scripts/collect_glm6b_full.sh: line 83: [: 0
0: integer expression expected
scripts/collect_glm6b_full.sh: line 83: [: 0
0: integer expression expected
scripts/collect_glm6b_full.sh: line 83: [: 0
0: integer expression expected
scripts/collect_glm6b_full.sh: line 83: [: 0
0: integer expression expected
scripts/collect_glm6b_full.sh: line 83: [: 0
0: integer expression expected
scripts/collect_glm6b_full.sh: line 83: [: 0
0: integer expression expected
scripts/collect_glm6b_full.sh: line 83: [: 0
0: integer expression expected
scripts/collect_glm6b_full.sh: line 83: [: 0
0: integer expression expected
scripts/collect_glm6b_full.sh: line 83: [: 0
0: integer expression expected
scripts/collect_glm6b_full.sh: line 83: [: 0
0: integer expression expected
scripts/collect_glm6b_full.sh: line 83: [: 0
0: integer expression expected
scripts/collect_glm6b_full.sh: line 83: [: 0
0: integer expression expected
scripts/collect_glm6b_full.sh: line 83: [: 0
0: integer expression expected
scripts/collect_glm6b_full.sh: line 83: [: 0
0: integer expression expected
scripts/collect_glm6b_full.sh: line 83: [: 0
0: integer expression expected
scripts/collect_glm6b_full.sh: line 83: [: 0
0: integer expression expected
scripts/collect_glm6b_full.sh: line 83: [: 0
0: integer expression expected
scripts/collect_glm6b_full.sh: line 83: [: 0
0: integer expression expected
scripts/collect_glm6b_full.sh: line 83: [: 0
0: integer expression expected
scripts/collect_glm6b_full.sh: line 83: [: 0
0: integer expression expected
scripts/collect_glm6b_full.sh: line 83: [: 0
0: integer expression expected
scripts/collect_glm6b_full.sh: line 83: [: 0
0: integer expression expected
scripts/collect_glm6b_full.sh: line 83: [: 0
0: integer expression expected
scripts/collect_glm6b_full.sh: line 83: [: 0
0: integer expression expected
scripts/collect_glm6b_full.sh: line 83: [: 0
0: integer expression expected
scripts/collect_glm6b_full.sh: line 83: [: 0
0: integer expression expected
scripts/collect_glm6b_full.sh: line 83: [: 0
0: integer expression expected
scripts/collect_glm6b_full.sh: line 83: [: 0
0: integer expression expected
scripts/collect_glm6b_full.sh: line 83: [: 0
0: integer expression expected
scripts/collect_glm6b_full.sh: line 83: [: 0
0: integer expression expected
scripts/collect_glm6b_full.sh: line 83: [: 0
0: integer expression expected
scripts/collect_glm6b_full.sh: line 83: [: 0
0: integer expression expected
scripts/collect_glm6b_full.sh: line 83: [: 0
0: integer expression expected
scripts/collect_glm6b_full.sh: line 83: [: 0
0: integer expression expected
scripts/collect_glm6b_full.sh: line 83: [: 0
0: integer expression expected
scripts/collect_glm6b_full.sh: line 83: [: 0
0: integer expression expected
scripts/collect_glm6b_full.sh: line 83: [: 0
0: integer expression expected
scripts/collect_glm6b_full.sh: line 83: [: 0
0: integer expression expected
scripts/collect_glm6b_full.sh: line 83: [: 0
0: integer expression expected
scripts/collect_glm6b_full.sh: line 83: [: 0
0: integer expression expected
scripts/collect_glm6b_full.sh: line 83: [: 0
0: integer expression expected
scripts/collect_glm6b_full.sh: line 83: [: 0
0: integer expression expected
scripts/collect_glm6b_full.sh: line 83: [: 0
0: integer expression expected
scripts/collect_glm6b_full.sh: line 83: [: 0
0: integer expression expected
scripts/collect_glm6b_full.sh: line 83: [: 0
0: integer expression expected
scripts/collect_glm6b_full.sh: line 83: [: 0
0: integer expression expected
scripts/collect_glm6b_full.sh: line 83: [: 0
0: integer expression expected
scripts/collect_glm6b_full.sh: line 83: [: 0
0: integer expression expected
scripts/collect_glm6b_full.sh: line 83: [: 0
0: integer expression expected
scripts/collect_glm6b_full.sh: line 83: [: 0
0: integer expression expected
scripts/collect_glm6b_full.sh: line 83: [: 0
0: integer expression expected
scripts/collect_glm6b_full.sh: line 83: [: 0
0: integer expression expected
scripts/collect_glm6b_full.sh: line 83: [: 0
0: integer expression expected
scripts/collect_glm6b_full.sh: line 83: [: 0
0: integer expression expected
scripts/collect_glm6b_full.sh: line 83: [: 0
0: integer expression expected
scripts/collect_glm6b_full.sh: line 83: [: 0
0: integer expression expected
scripts/collect_glm6b_full.sh: line 83: [: 0
0: integer expression expected
scripts/collect_glm6b_full.sh: line 83: [: 0
0: integer expression expected
scripts/collect_glm6b_full.sh: line 83: [: 0
0: integer expression expected
scripts/collect_glm6b_full.sh: line 83: [: 0
0: integer expression expected
scripts/collect_glm6b_full.sh: line 83: [: 0
0: integer expression expected
scripts/collect_glm6b_full.sh: line 83: [: 0
0: integer expression expected
scripts/collect_glm6b_full.sh: line 83: [: 0
0: integer expression expected
scripts/collect_glm6b_full.sh: line 83: [: 0
0: integer expression expected
scripts/collect_glm6b_full.sh: line 83: [: 0
0: integer expression expected
scripts/collect_glm6b_full.sh: line 83: [: 0
0: integer expression expected
scripts/collect_glm6b_full.sh: line 83: [: 0
0: integer expression expected
scripts/collect_glm6b_full.sh: line 83: [: 0
0: integer expression expected
scripts/collect_glm6b_full.sh: line 83: [: 0
0: integer expression expected
scripts/collect_glm6b_full.sh: line 83: [: 0
0: integer expression expected
scripts/collect_glm6b_full.sh: line 83: [: 0
0: integer expression expected
scripts/collect_glm6b_full.sh: line 83: [: 0
0: integer expression expected
scripts/collect_glm6b_full.sh: line 83: [: 0
0: integer expression expected
scripts/collect_glm6b_full.sh: line 83: [: 0
0: integer expression expected
scripts/collect_glm6b_full.sh: line 83: [: 0
0: integer expression expected
scripts/collect_glm6b_full.sh: line 83: [: 0
0: integer expression expected
scripts/collect_glm6b_full.sh: line 83: [: 0
0: integer expression expected
scripts/collect_glm6b_full.sh: line 83: [: 0
0: integer expression expected
scripts/collect_glm6b_full.sh: line 83: [: 0
0: integer expression expected
scripts/collect_glm6b_full.sh: line 83: [: 0
0: integer expression expected
scripts/collect_glm6b_full.sh: line 83: [: 0
0: integer expression expected
scripts/collect_glm6b_full.sh: line 83: [: 0
0: integer expression expected
scripts/collect_glm6b_full.sh: line 83: [: 0
0: integer expression expected
scripts/collect_glm6b_full.sh: line 83: [: 0
0: integer expression expected
scripts/collect_glm6b_full.sh: line 83: [: 0
0: integer expression expected
scripts/collect_glm6b_full.sh: line 83: [: 0
0: integer expression expected
scripts/collect_glm6b_full.sh: line 83: [: 0
0: integer expression expected
scripts/collect_glm6b_full.sh: line 83: [: 0
0: integer expression expected
scripts/collect_glm6b_full.sh: line 83: [: 0
0: integer expression expected
scripts/collect_glm6b_full.sh: line 83: [: 0
0: integer expression expected
scripts/collect_glm6b_full.sh: line 83: [: 0
0: integer expression expected
scripts/collect_glm6b_full.sh: line 83: [: 0
0: integer expression expected
scripts/collect_glm6b_full.sh: line 83: [: 0
0: integer expression expected
scripts/collect_glm6b_full.sh: line 83: [: 0
0: integer expression expected
scripts/collect_glm6b_full.sh: line 83: [: 0
0: integer expression expected
scripts/collect_glm6b_full.sh: line 83: [: 0
0: integer expression expected
scripts/collect_glm6b_full.sh: line 83: [: 0
0: integer expression expected
scripts/collect_glm6b_full.sh: line 83: [: 0
0: integer expression expected
scripts/collect_glm6b_full.sh: line 83: [: 0
0: integer expression expected
scripts/collect_glm6b_full.sh: line 83: [: 0
0: integer expression expected
scripts/collect_glm6b_full.sh: line 83: [: 0
0: integer expression expected
scripts/collect_glm6b_full.sh: line 83: [: 0
0: integer expression expected
scripts/collect_glm6b_full.sh: line 83: [: 0
0: integer expression expected
scripts/collect_glm6b_full.sh: line 83: [: 0
0: integer expression expected
scripts/collect_glm6b_full.sh: line 83: [: 0
0: integer expression expected
scripts/collect_glm6b_full.sh: line 83: [: 0
0: integer expression expected
scripts/collect_glm6b_full.sh: line 83: [: 0
0: integer expression expected
scripts/collect_glm6b_full.sh: line 83: [: 0
0: integer expression expected
scripts/collect_glm6b_full.sh: line 83: [: 0
0: integer expression expected
scripts/collect_glm6b_full.sh: line 83: [: 0
0: integer expression expected
scripts/collect_glm6b_full.sh: line 83: [: 0
0: integer expression expected
scripts/collect_glm6b_full.sh: line 83: [: 0
0: integer expression expected
scripts/collect_glm6b_full.sh: line 83: [: 0
0: integer expression expected
scripts/collect_glm6b_full.sh: line 83: [: 0
0: integer expression expected
scripts/collect_glm6b_full.sh: line 83: [: 0
0: integer expression expected
scripts/collect_glm6b_full.sh: line 83: [: 0
0: integer expression expected
scripts/collect_glm6b_full.sh: line 83: [: 0
0: integer expression expected
scripts/collect_glm6b_full.sh: line 83: [: 0
0: integer expression expected
scripts/collect_glm6b_full.sh: line 83: [: 0
0: integer expression expected
scripts/collect_glm6b_full.sh: line 83: [: 0
0: integer expression expected
scripts/collect_glm6b_full.sh: line 83: [: 0
0: integer expression expected
scripts/collect_glm6b_full.sh: line 83: [: 0
0: integer expression expected
scripts/collect_glm6b_full.sh: line 83: [: 0
0: integer expression expected
scripts/collect_glm6b_full.sh: line 83: [: 0
0: integer expression expected
scripts/collect_glm6b_full.sh: line 83: [: 0
0: integer expression expected
scripts/collect_glm6b_full.sh: line 83: [: 0
0: integer expression expected
scripts/collect_glm6b_full.sh: line 83: [: 0
0: integer expression expected
scripts/collect_glm6b_full.sh: line 83: [: 0
0: integer expression expected
scripts/collect_glm6b_full.sh: line 83: [: 0
0: integer expression expected
scripts/collect_glm6b_full.sh: line 83: [: 0
0: integer expression expected
scripts/collect_glm6b_full.sh: line 83: [: 0
0: integer expression expected
scripts/collect_glm6b_full.sh: line 83: [: 0
0: integer expression expected
scripts/collect_glm6b_full.sh: line 83: [: 0
0: integer expression expected
scripts/collect_glm6b_full.sh: line 83: [: 0
0: integer expression expected
scripts/collect_glm6b_full.sh: line 83: [: 0
0: integer expression expected
scripts/collect_glm6b_full.sh: line 83: [: 0
0: integer expression expected
scripts/collect_glm6b_full.sh: line 83: [: 0
0: integer expression expected
scripts/collect_glm6b_full.sh: line 83: [: 0
0: integer expression expected
scripts/collect_glm6b_full.sh: line 83: [: 0
0: integer expression expected
scripts/collect_glm6b_full.sh: line 83: [: 0
0: integer expression expected
scripts/collect_glm6b_full.sh: line 83: [: 0
0: integer expression expected
scripts/collect_glm6b_full.sh: line 83: [: 0
0: integer expression expected
scripts/collect_glm6b_full.sh: line 83: [: 0
0: integer expression expected
scripts/collect_glm6b_full.sh: line 83: [: 0
0: integer expression expected
scripts/collect_glm6b_full.sh: line 83: [: 0
0: integer expression expected
scripts/collect_glm6b_full.sh: line 83: [: 0
0: integer expression expected
scripts/collect_glm6b_full.sh: line 83: [: 0
0: integer expression expected
scripts/collect_glm6b_full.sh: line 83: [: 0
0: integer expression expected
scripts/collect_glm6b_full.sh: line 83: [: 0
0: integer expression expected
scripts/collect_glm6b_full.sh: line 83: [: 0
0: integer expression expected
scripts/collect_glm6b_full.sh: line 83: [: 0
0: integer expression expected
scripts/collect_glm6b_full.sh: line 83: [: 0
0: integer expression expected
scripts/collect_glm6b_full.sh: line 83: [: 0
0: integer expression expected
scripts/collect_glm6b_full.sh: line 83: [: 0
0: integer expression expected
scripts/collect_glm6b_full.sh: line 83: [: 0
0: integer expression expected
scripts/collect_glm6b_full.sh: line 83: [: 0
0: integer expression expected
scripts/collect_glm6b_full.sh: line 83: [: 0
0: integer expression expected
scripts/collect_glm6b_full.sh: line 83: [: 0
0: integer expression expected
scripts/collect_glm6b_full.sh: line 83: [: 0
0: integer expression expected
scripts/collect_glm6b_full.sh: line 83: [: 0
0: integer expression expected
scripts/collect_glm6b_full.sh: line 83: [: 0
0: integer expression expected
scripts/collect_glm6b_full.sh: line 83: [: 0
0: integer expression expected
scripts/collect_glm6b_full.sh: line 83: [: 0
0: integer expression expected
scripts/collect_glm6b_full.sh: line 83: [: 0
0: integer expression expected
scripts/collect_glm6b_full.sh: line 83: [: 0
0: integer expression expected
scripts/collect_glm6b_full.sh: line 83: [: 0
0: integer expression expected
scripts/collect_glm6b_full.sh: line 83: [: 0
0: integer expression expected
scripts/collect_glm6b_full.sh: line 83: [: 0
0: integer expression expected
scripts/collect_glm6b_full.sh: line 83: [: 0
0: integer expression expected
scripts/collect_glm6b_full.sh: line 83: [: 0
0: integer expression expected
scripts/collect_glm6b_full.sh: line 83: [: 0
0: integer expression expected
scripts/collect_glm6b_full.sh: line 83: [: 0
0: integer expression expected
scripts/collect_glm6b_full.sh: line 83: [: 0
0: integer expression expected
scripts/collect_glm6b_full.sh: line 83: [: 0
0: integer expression expected
scripts/collect_glm6b_full.sh: line 83: [: 0
0: integer expression expected
scripts/collect_glm6b_full.sh: line 83: [: 0
0: integer expression expected
scripts/collect_glm6b_full.sh: line 83: [: 0
0: integer expression expected
scripts/collect_glm6b_full.sh: line 83: [: 0
0: integer expression expected
scripts/collect_glm6b_full.sh: line 83: [: 0
0: integer expression expected
scripts/collect_glm6b_full.sh: line 83: [: 0
0: integer expression expected
scripts/collect_glm6b_full.sh: line 83: [: 0
0: integer expression expected
scripts/collect_glm6b_full.sh: line 83: [: 0
0: integer expression expected
scripts/collect_glm6b_full.sh: line 83: [: 0
0: integer expression expected
scripts/collect_glm6b_full.sh: line 83: [: 0
0: integer expression expected
scripts/collect_glm6b_full.sh: line 83: [: 0
0: integer expression expected
scripts/collect_glm6b_full.sh: line 83: [: 0
0: integer expression expected
scripts/collect_glm6b_full.sh: line 83: [: 0
0: integer expression expected
scripts/collect_glm6b_full.sh: line 83: [: 0
0: integer expression expected
scripts/collect_glm6b_full.sh: line 83: [: 0
0: integer expression expected
scripts/collect_glm6b_full.sh: line 83: [: 0
0: integer expression expected
scripts/collect_glm6b_full.sh: line 83: [: 0
0: integer expression expected
scripts/collect_glm6b_full.sh: line 83: [: 0
0: integer expression expected
scripts/collect_glm6b_full.sh: line 83: [: 0
0: integer expression expected
scripts/collect_glm6b_full.sh: line 83: [: 0
0: integer expression expected
scripts/collect_glm6b_full.sh: line 83: [: 0
0: integer expression expected
scripts/collect_glm6b_full.sh: line 83: [: 0
0: integer expression expected
scripts/collect_glm6b_full.sh: line 83: [: 0
0: integer expression expected
scripts/collect_glm6b_full.sh: line 83: [: 0
0: integer expression expected
scripts/collect_glm6b_full.sh: line 83: [: 0
0: integer expression expected
scripts/collect_glm6b_full.sh: line 83: [: 0
0: integer expression expected
scripts/collect_glm6b_full.sh: line 83: [: 0
0: integer expression expected
scripts/collect_glm6b_full.sh: line 83: [: 0
0: integer expression expected
scripts/collect_glm6b_full.sh: line 83: [: 0
0: integer expression expected
scripts/collect_glm6b_full.sh: line 83: [: 0
0: integer expression expected
scripts/collect_glm6b_full.sh: line 83: [: 0
0: integer expression expected
scripts/collect_glm6b_full.sh: line 83: [: 0
0: integer expression expected
scripts/collect_glm6b_full.sh: line 83: [: 0
0: integer expression expected
scripts/collect_glm6b_full.sh: line 83: [: 0
0: integer expression expected
scripts/collect_glm6b_full.sh: line 83: [: 0
0: integer expression expected
scripts/collect_glm6b_full.sh: line 83: [: 0
0: integer expression expected
scripts/collect_glm6b_full.sh: line 83: [: 0
0: integer expression expected
scripts/collect_glm6b_full.sh: line 83: [: 0
0: integer expression expected
scripts/collect_glm6b_full.sh: line 83: [: 0
0: integer expression expected
scripts/collect_glm6b_full.sh: line 83: [: 0
0: integer expression expected
scripts/collect_glm6b_full.sh: line 83: [: 0
0: integer expression expected
scripts/collect_glm6b_full.sh: line 83: [: 0
0: integer expression expected
scripts/collect_glm6b_full.sh: line 83: [: 0
0: integer expression expected
scripts/collect_glm6b_full.sh: line 83: [: 0
0: integer expression expected
scripts/collect_glm6b_full.sh: line 83: [: 0
0: integer expression expected
scripts/collect_glm6b_full.sh: line 83: [: 0
0: integer expression expected
scripts/collect_glm6b_full.sh: line 83: [: 0
0: integer expression expected
scripts/collect_glm6b_full.sh: line 83: [: 0
0: integer expression expected
scripts/collect_glm6b_full.sh: line 83: [: 0
0: integer expression expected
scripts/collect_glm6b_full.sh: line 83: [: 0
0: integer expression expected
scripts/collect_glm6b_full.sh: line 83: [: 0
0: integer expression expected
scripts/collect_glm6b_full.sh: line 83: [: 0
0: integer expression expected
scripts/collect_glm6b_full.sh: line 83: [: 0
0: integer expression expected
scripts/collect_glm6b_full.sh: line 83: [: 0
0: integer expression expected
scripts/collect_glm6b_full.sh: line 83: [: 0
0: integer expression expected
scripts/collect_glm6b_full.sh: line 83: [: 0
0: integer expression expected
scripts/collect_glm6b_full.sh: line 83: [: 0
0: integer expression expected
scripts/collect_glm6b_full.sh: line 83: [: 0
0: integer expression expected
scripts/collect_glm6b_full.sh: line 83: [: 0
0: integer expression expected
scripts/collect_glm6b_full.sh: line 83: [: 0
0: integer expression expected
scripts/collect_glm6b_full.sh: line 83: [: 0
0: integer expression expected
scripts/collect_glm6b_full.sh: line 83: [: 0
0: integer expression expected
scripts/collect_glm6b_full.sh: line 83: [: 0
0: integer expression expected
scripts/collect_glm6b_full.sh: line 83: [: 0
0: integer expression expected
scripts/collect_glm6b_full.sh: line 83: [: 0
0: integer expression expected
scripts/collect_glm6b_full.sh: line 83: [: 0
0: integer expression expected
scripts/collect_glm6b_full.sh: line 83: [: 0
0: integer expression expected
scripts/collect_glm6b_full.sh: line 83: [: 0
0: integer expression expected
scripts/collect_glm6b_full.sh: line 83: [: 0
0: integer expression expected
scripts/collect_glm6b_full.sh: line 83: [: 0
0: integer expression expected
scripts/collect_glm6b_full.sh: line 83: [: 0
0: integer expression expected
scripts/collect_glm6b_full.sh: line 83: [: 0
0: integer expression expected
scripts/collect_glm6b_full.sh: line 83: [: 0
0: integer expression expected
scripts/collect_glm6b_full.sh: line 83: [: 0
0: integer expression expected
scripts/collect_glm6b_full.sh: line 83: [: 0
0: integer expression expected
scripts/collect_glm6b_full.sh: line 83: [: 0
0: integer expression expected
scripts/collect_glm6b_full.sh: line 83: [: 0
0: integer expression expected
scripts/collect_glm6b_full.sh: line 83: [: 0
0: integer expression expected
scripts/collect_glm6b_full.sh: line 83: [: 0
0: integer expression expected
scripts/collect_glm6b_full.sh: line 83: [: 0
0: integer expression expected
scripts/collect_glm6b_full.sh: line 83: [: 0
0: integer expression expected
scripts/collect_glm6b_full.sh: line 83: [: 0
0: integer expression expected
scripts/collect_glm6b_full.sh: line 83: [: 0
0: integer expression expected
scripts/collect_glm6b_full.sh: line 83: [: 0
0: integer expression expected
scripts/collect_glm6b_full.sh: line 83: [: 0
0: integer expression expected
scripts/collect_glm6b_full.sh: line 83: [: 0
0: integer expression expected
scripts/collect_glm6b_full.sh: line 83: [: 0
0: integer expression expected
scripts/collect_glm6b_full.sh: line 83: [: 0
0: integer expression expected
scripts/collect_glm6b_full.sh: line 83: [: 0
0: integer expression expected
scripts/collect_glm6b_full.sh: line 83: [: 0
0: integer expression expected
scripts/collect_glm6b_full.sh: line 83: [: 0
0: integer expression expected
scripts/collect_glm6b_full.sh: line 83: [: 0
0: integer expression expected
scripts/collect_glm6b_full.sh: line 83: [: 0
0: integer expression expected
scripts/collect_glm6b_full.sh: line 83: [: 0
0: integer expression expected
scripts/collect_glm6b_full.sh: line 83: [: 0
0: integer expression expected
scripts/collect_glm6b_full.sh: line 83: [: 0
0: integer expression expected
scripts/collect_glm6b_full.sh: line 83: [: 0
0: integer expression expected
scripts/collect_glm6b_full.sh: line 83: [: 0
0: integer expression expected
scripts/collect_glm6b_full.sh: line 83: [: 0
0: integer expression expected
scripts/collect_glm6b_full.sh: line 83: [: 0
0: integer expression expected
scripts/collect_glm6b_full.sh: line 83: [: 0
0: integer expression expected
scripts/collect_glm6b_full.sh: line 83: [: 0
0: integer expression expected
scripts/collect_glm6b_full.sh: line 83: [: 0
0: integer expression expected
scripts/collect_glm6b_full.sh: line 83: [: 0
0: integer expression expected
scripts/collect_glm6b_full.sh: line 83: [: 0
0: integer expression expected
scripts/collect_glm6b_full.sh: line 83: [: 0
0: integer expression expected
scripts/collect_glm6b_full.sh: line 83: [: 0
0: integer expression expected
scripts/collect_glm6b_full.sh: line 83: [: 0
0: integer expression expected
scripts/collect_glm6b_full.sh: line 83: [: 0
0: integer expression expected
scripts/collect_glm6b_full.sh: line 83: [: 0
0: integer expression expected
scripts/collect_glm6b_full.sh: line 83: [: 0
0: integer expression expected
scripts/collect_glm6b_full.sh: line 83: [: 0
0: integer expression expected
scripts/collect_glm6b_full.sh: line 83: [: 0
0: integer expression expected
scripts/collect_glm6b_full.sh: line 83: [: 0
0: integer expression expected
scripts/collect_glm6b_full.sh: line 83: [: 0
0: integer expression expected
scripts/collect_glm6b_full.sh: line 83: [: 0
0: integer expression expected
scripts/collect_glm6b_full.sh: line 83: [: 0
0: integer expression expected
scripts/collect_glm6b_full.sh: line 83: [: 0
0: integer expression expected
scripts/collect_glm6b_full.sh: line 83: [: 0
0: integer expression expected
scripts/collect_glm6b_full.sh: line 83: [: 0
0: integer expression expected
scripts/collect_glm6b_full.sh: line 83: [: 0
0: integer expression expected
scripts/collect_glm6b_full.sh: line 83: [: 0
0: integer expression expected
scripts/collect_glm6b_full.sh: line 83: [: 0
0: integer expression expected
scripts/collect_glm6b_full.sh: line 83: [: 0
0: integer expression expected
scripts/collect_glm6b_full.sh: line 83: [: 0
0: integer expression expected
scripts/collect_glm6b_full.sh: line 83: [: 0
0: integer expression expected
scripts/collect_glm6b_full.sh: line 83: [: 0
0: integer expression expected
scripts/collect_glm6b_full.sh: line 83: [: 0
0: integer expression expected
scripts/collect_glm6b_full.sh: line 83: [: 0
0: integer expression expected
scripts/collect_glm6b_full.sh: line 83: [: 0
0: integer expression expected
scripts/collect_glm6b_full.sh: line 83: [: 0
0: integer expression expected
scripts/collect_glm6b_full.sh: line 83: [: 0
0: integer expression expected
scripts/collect_glm6b_full.sh: line 83: [: 0
0: integer expression expected
scripts/collect_glm6b_full.sh: line 83: [: 0
0: integer expression expected
scripts/collect_glm6b_full.sh: line 83: [: 0
0: integer expression expected
scripts/collect_glm6b_full.sh: line 83: [: 0
0: integer expression expected
scripts/collect_glm6b_full.sh: line 83: [: 0
0: integer expression expected
scripts/collect_glm6b_full.sh: line 83: [: 0
0: integer expression expected
scripts/collect_glm6b_full.sh: line 83: [: 0
0: integer expression expected
scripts/collect_glm6b_full.sh: line 83: [: 0
0: integer expression expected
scripts/collect_glm6b_full.sh: line 83: [: 0
0: integer expression expected
scripts/collect_glm6b_full.sh: line 83: [: 0
0: integer expression expected
scripts/collect_glm6b_full.sh: line 83: [: 0
0: integer expression expected
scripts/collect_glm6b_full.sh: line 83: [: 0
0: integer expression expected
scripts/collect_glm6b_full.sh: line 83: [: 0
0: integer expression expected
scripts/collect_glm6b_full.sh: line 83: [: 0
0: integer expression expected
scripts/collect_glm6b_full.sh: line 83: [: 0
0: integer expression expected
scripts/collect_glm6b_full.sh: line 83: [: 0
0: integer expression expected
scripts/collect_glm6b_full.sh: line 83: [: 0
0: integer expression expected
scripts/collect_glm6b_full.sh: line 83: [: 0
0: integer expression expected
scripts/collect_glm6b_full.sh: line 83: [: 0
0: integer expression expected
scripts/collect_glm6b_full.sh: line 83: [: 0
0: integer expression expected
scripts/collect_glm6b_full.sh: line 83: [: 0
0: integer expression expected
scripts/collect_glm6b_full.sh: line 83: [: 0
0: integer expression expected
scripts/collect_glm6b_full.sh: line 83: [: 0
0: integer expression expected
scripts/collect_glm6b_full.sh: line 83: [: 0
0: integer expression expected
scripts/collect_glm6b_full.sh: line 83: [: 0
0: integer expression expected
scripts/collect_glm6b_full.sh: line 83: [: 0
0: integer expression expected
scripts/collect_glm6b_full.sh: line 83: [: 0
0: integer expression expected
scripts/collect_glm6b_full.sh: line 83: [: 0
0: integer expression expected
scripts/collect_glm6b_full.sh: line 83: [: 0
0: integer expression expected
scripts/collect_glm6b_full.sh: line 83: [: 0
0: integer expression expected
scripts/collect_glm6b_full.sh: line 83: [: 0
0: integer expression expected
scripts/collect_glm6b_full.sh: line 83: [: 0
0: integer expression expected
scripts/collect_glm6b_full.sh: line 83: [: 0
0: integer expression expected
scripts/collect_glm6b_full.sh: line 83: [: 0
0: integer expression expected
scripts/collect_glm6b_full.sh: line 83: [: 0
0: integer expression expected
scripts/collect_glm6b_full.sh: line 83: [: 0
0: integer expression expected
scripts/collect_glm6b_full.sh: line 83: [: 0
0: integer expression expected
scripts/collect_glm6b_full.sh: line 83: [: 0
0: integer expression expected
scripts/collect_glm6b_full.sh: line 83: [: 0
0: integer expression expected
scripts/collect_glm6b_full.sh: line 83: [: 0
0: integer expression expected
scripts/collect_glm6b_full.sh: line 83: [: 0
0: integer expression expected
scripts/collect_glm6b_full.sh: line 83: [: 0
0: integer expression expected
scripts/collect_glm6b_full.sh: line 83: [: 0
0: integer expression expected
scripts/collect_glm6b_full.sh: line 83: [: 0
0: integer expression expected
scripts/collect_glm6b_full.sh: line 83: [: 0
0: integer expression expected
scripts/collect_glm6b_full.sh: line 83: [: 0
0: integer expression expected
scripts/collect_glm6b_full.sh: line 83: [: 0
0: integer expression expected
scripts/collect_glm6b_full.sh: line 83: [: 0
0: integer expression expected
scripts/collect_glm6b_full.sh: line 83: [: 0
0: integer expression expected
scripts/collect_glm6b_full.sh: line 83: [: 0
0: integer expression expected
scripts/collect_glm6b_full.sh: line 83: [: 0
0: integer expression expected
scripts/collect_glm6b_full.sh: line 83: [: 0
0: integer expression expected
scripts/collect_glm6b_full.sh: line 83: [: 0
0: integer expression expected
scripts/collect_glm6b_full.sh: line 83: [: 0
0: integer expression expected
scripts/collect_glm6b_full.sh: line 83: [: 0
0: integer expression expected
scripts/collect_glm6b_full.sh: line 83: [: 0
0: integer expression expected
scripts/collect_glm6b_full.sh: line 83: [: 0
0: integer expression expected
scripts/collect_glm6b_full.sh: line 83: [: 0
0: integer expression expected
scripts/collect_glm6b_full.sh: line 83: [: 0
0: integer expression expected
scripts/collect_glm6b_full.sh: line 83: [: 0
0: integer expression expected
scripts/collect_glm6b_full.sh: line 83: [: 0
0: integer expression expected
scripts/collect_glm6b_full.sh: line 83: [: 0
0: integer expression expected
scripts/collect_glm6b_full.sh: line 83: [: 0
0: integer expression expected
scripts/collect_glm6b_full.sh: line 83: [: 0
0: integer expression expected
scripts/collect_glm6b_full.sh: line 83: [: 0
0: integer expression expected
scripts/collect_glm6b_full.sh: line 83: [: 0
0: integer expression expected
scripts/collect_glm6b_full.sh: line 83: [: 0
0: integer expression expected
scripts/collect_glm6b_full.sh: line 83: [: 0
0: integer expression expected
scripts/collect_glm6b_full.sh: line 83: [: 0
0: integer expression expected
scripts/collect_glm6b_full.sh: line 83: [: 0
0: integer expression expected
scripts/collect_glm6b_full.sh: line 83: [: 0
0: integer expression expected
scripts/collect_glm6b_full.sh: line 83: [: 0
0: integer expression expected
scripts/collect_glm6b_full.sh: line 83: [: 0
0: integer expression expected
scripts/collect_glm6b_full.sh: line 83: [: 0
0: integer expression expected
scripts/collect_glm6b_full.sh: line 83: [: 0
0: integer expression expected
scripts/collect_glm6b_full.sh: line 83: [: 0
0: integer expression expected
scripts/collect_glm6b_full.sh: line 83: [: 0
0: integer expression expected
scripts/collect_glm6b_full.sh: line 83: [: 0
0: integer expression expected
scripts/collect_glm6b_full.sh: line 83: [: 0
0: integer expression expected
scripts/collect_glm6b_full.sh: line 83: [: 0
0: integer expression expected
scripts/collect_glm6b_full.sh: line 83: [: 0
0: integer expression expected
scripts/collect_glm6b_full.sh: line 83: [: 0
0: integer expression expected
scripts/collect_glm6b_full.sh: line 83: [: 0
0: integer expression expected
scripts/collect_glm6b_full.sh: line 83: [: 0
0: integer expression expected
scripts/collect_glm6b_full.sh: line 83: [: 0
0: integer expression expected
scripts/collect_glm6b_full.sh: line 83: [: 0
0: integer expression expected
scripts/collect_glm6b_full.sh: line 83: [: 0
0: integer expression expected
scripts/collect_glm6b_full.sh: line 83: [: 0
0: integer expression expected
scripts/collect_glm6b_full.sh: line 83: [: 0
0: integer expression expected
scripts/collect_glm6b_full.sh: line 83: [: 0
0: integer expression expected
scripts/collect_glm6b_full.sh: line 83: [: 0
0: integer expression expected
scripts/collect_glm6b_full.sh: line 83: [: 0
0: integer expression expected
scripts/collect_glm6b_full.sh: line 83: [: 0
0: integer expression expected
scripts/collect_glm6b_full.sh: line 83: [: 0
0: integer expression expected
scripts/collect_glm6b_full.sh: line 83: [: 0
0: integer expression expected
scripts/collect_glm6b_full.sh: line 83: [: 0
0: integer expression expected
scripts/collect_glm6b_full.sh: line 83: [: 0
0: integer expression expected
scripts/collect_glm6b_full.sh: line 83: [: 0
0: integer expression expected
scripts/collect_glm6b_full.sh: line 83: [: 0
0: integer expression expected
scripts/collect_glm6b_full.sh: line 83: [: 0
0: integer expression expected
scripts/collect_glm6b_full.sh: line 83: [: 0
0: integer expression expected
scripts/collect_glm6b_full.sh: line 83: [: 0
0: integer expression expected
scripts/collect_glm6b_full.sh: line 83: [: 0
0: integer expression expected
scripts/collect_glm6b_full.sh: line 83: [: 0
0: integer expression expected
scripts/collect_glm6b_full.sh: line 83: [: 0
0: integer expression expected
scripts/collect_glm6b_full.sh: line 83: [: 0
0: integer expression expected
scripts/collect_glm6b_full.sh: line 83: [: 0
0: integer expression expected
scripts/collect_glm6b_full.sh: line 83: [: 0
0: integer expression expected
scripts/collect_glm6b_full.sh: line 83: [: 0
0: integer expression expected
scripts/collect_glm6b_full.sh: line 83: [: 0
0: integer expression expected
scripts/collect_glm6b_full.sh: line 83: [: 0
0: integer expression expected
scripts/collect_glm6b_full.sh: line 83: [: 0
0: integer expression expected
scripts/collect_glm6b_full.sh: line 83: [: 0
0: integer expression expected
scripts/collect_glm6b_full.sh: line 83: [: 0
0: integer expression expected
scripts/collect_glm6b_full.sh: line 83: [: 0
0: integer expression expected
scripts/collect_glm6b_full.sh: line 83: [: 0
0: integer expression expected
scripts/collect_glm6b_full.sh: line 83: [: 0
0: integer expression expected
scripts/collect_glm6b_full.sh: line 83: [: 0
0: integer expression expected
scripts/collect_glm6b_full.sh: line 83: [: 0
0: integer expression expected
scripts/collect_glm6b_full.sh: line 83: [: 0
0: integer expression expected
scripts/collect_glm6b_full.sh: line 83: [: 0
0: integer expression expected
scripts/collect_glm6b_full.sh: line 83: [: 0
0: integer expression expected
scripts/collect_glm6b_full.sh: line 83: [: 0
0: integer expression expected
scripts/collect_glm6b_full.sh: line 83: [: 0
0: integer expression expected
scripts/collect_glm6b_full.sh: line 83: [: 0
0: integer expression expected
scripts/collect_glm6b_full.sh: line 83: [: 0
0: integer expression expected
scripts/collect_glm6b_full.sh: line 83: [: 0
0: integer expression expected
scripts/collect_glm6b_full.sh: line 83: [: 0
0: integer expression expected
scripts/collect_glm6b_full.sh: line 83: [: 0
0: integer expression expected
scripts/collect_glm6b_full.sh: line 83: [: 0
0: integer expression expected
scripts/collect_glm6b_full.sh: line 83: [: 0
0: integer expression expected
scripts/collect_glm6b_full.sh: line 83: [: 0
0: integer expression expected
scripts/collect_glm6b_full.sh: line 83: [: 0
0: integer expression expected
scripts/collect_glm6b_full.sh: line 83: [: 0
0: integer expression expected
scripts/collect_glm6b_full.sh: line 83: [: 0
0: integer expression expected
scripts/collect_glm6b_full.sh: line 83: [: 0
0: integer expression expected
scripts/collect_glm6b_full.sh: line 83: [: 0
0: integer expression expected
scripts/collect_glm6b_full.sh: line 83: [: 0
0: integer expression expected
scripts/collect_glm6b_full.sh: line 83: [: 0
0: integer expression expected
scripts/collect_glm6b_full.sh: line 83: [: 0
0: integer expression expected
scripts/collect_glm6b_full.sh: line 83: [: 0
0: integer expression expected
scripts/collect_glm6b_full.sh: line 83: [: 0
0: integer expression expected
scripts/collect_glm6b_full.sh: line 83: [: 0
0: integer expression expected
scripts/collect_glm6b_full.sh: line 83: [: 0
0: integer expression expected
scripts/collect_glm6b_full.sh: line 83: [: 0
0: integer expression expected
scripts/collect_glm6b_full.sh: line 83: [: 0
0: integer expression expected
scripts/collect_glm6b_full.sh: line 83: [: 0
0: integer expression expected
scripts/collect_glm6b_full.sh: line 83: [: 0
0: integer expression expected
scripts/collect_glm6b_full.sh: line 83: [: 0
0: integer expression expected
scripts/collect_glm6b_full.sh: line 83: [: 0
0: integer expression expected
scripts/collect_glm6b_full.sh: line 83: [: 0
0: integer expression expected
scripts/collect_glm6b_full.sh: line 83: [: 0
0: integer expression expected
scripts/collect_glm6b_full.sh: line 83: [: 0
0: integer expression expected
scripts/collect_glm6b_full.sh: line 83: [: 0
0: integer expression expected
scripts/collect_glm6b_full.sh: line 83: [: 0
0: integer expression expected
scripts/collect_glm6b_full.sh: line 83: [: 0
0: integer expression expected
scripts/collect_glm6b_full.sh: line 83: [: 0
0: integer expression expected
scripts/collect_glm6b_full.sh: line 83: [: 0
0: integer expression expected
scripts/collect_glm6b_full.sh: line 83: [: 0
0: integer expression expected
scripts/collect_glm6b_full.sh: line 83: [: 0
0: integer expression expected
scripts/collect_glm6b_full.sh: line 83: [: 0
0: integer expression expected
scripts/collect_glm6b_full.sh: line 83: [: 0
0: integer expression expected
scripts/collect_glm6b_full.sh: line 83: [: 0
0: integer expression expected
scripts/collect_glm6b_full.sh: line 83: [: 0
0: integer expression expected
scripts/collect_glm6b_full.sh: line 83: [: 0
0: integer expression expected
scripts/collect_glm6b_full.sh: line 83: [: 0
0: integer expression expected
scripts/collect_glm6b_full.sh: line 83: [: 0
0: integer expression expected
scripts/collect_glm6b_full.sh: line 83: [: 0
0: integer expression expected
scripts/collect_glm6b_full.sh: line 83: [: 0
0: integer expression expected
scripts/collect_glm6b_full.sh: line 83: [: 0
0: integer expression expected
scripts/collect_glm6b_full.sh: line 83: [: 0
0: integer expression expected
scripts/collect_glm6b_full.sh: line 83: [: 0
0: integer expression expected
scripts/collect_glm6b_full.sh: line 83: [: 0
0: integer expression expected
scripts/collect_glm6b_full.sh: line 83: [: 0
0: integer expression expected
scripts/collect_glm6b_full.sh: line 83: [: 0
0: integer expression expected
scripts/collect_glm6b_full.sh: line 83: [: 0
0: integer expression expected
scripts/collect_glm6b_full.sh: line 83: [: 0
0: integer expression expected
scripts/collect_glm6b_full.sh: line 83: [: 0
0: integer expression expected
scripts/collect_glm6b_full.sh: line 83: [: 0
0: integer expression expected
scripts/collect_glm6b_full.sh: line 83: [: 0
0: integer expression expected
scripts/collect_glm6b_full.sh: line 83: [: 0
0: integer expression expected
scripts/collect_glm6b_full.sh: line 83: [: 0
0: integer expression expected
scripts/collect_glm6b_full.sh: line 83: [: 0
0: integer expression expected
scripts/collect_glm6b_full.sh: line 83: [: 0
0: integer expression expected
scripts/collect_glm6b_full.sh: line 83: [: 0
0: integer expression expected
scripts/collect_glm6b_full.sh: line 83: [: 0
0: integer expression expected
scripts/collect_glm6b_full.sh: line 83: [: 0
0: integer expression expected
scripts/collect_glm6b_full.sh: line 83: [: 0
0: integer expression expected
scripts/collect_glm6b_full.sh: line 83: [: 0
0: integer expression expected
scripts/collect_glm6b_full.sh: line 83: [: 0
0: integer expression expected
scripts/collect_glm6b_full.sh: line 83: [: 0
0: integer expression expected
scripts/collect_glm6b_full.sh: line 83: [: 0
0: integer expression expected
scripts/collect_glm6b_full.sh: line 83: [: 0
0: integer expression expected
scripts/collect_glm6b_full.sh: line 83: [: 0
0: integer expression expected
scripts/collect_glm6b_full.sh: line 83: [: 0
0: integer expression expected
scripts/collect_glm6b_full.sh: line 83: [: 0
0: integer expression expected
scripts/collect_glm6b_full.sh: line 83: [: 0
0: integer expression expected
scripts/collect_glm6b_full.sh: line 83: [: 0
0: integer expression expected
scripts/collect_glm6b_full.sh: line 83: [: 0
0: integer expression expected
scripts/collect_glm6b_full.sh: line 83: [: 0
0: integer expression expected
scripts/collect_glm6b_full.sh: line 83: [: 0
0: integer expression expected
scripts/collect_glm6b_full.sh: line 83: [: 0
0: integer expression expected
scripts/collect_glm6b_full.sh: line 83: [: 0
0: integer expression expected
scripts/collect_glm6b_full.sh: line 83: [: 0
0: integer expression expected
scripts/collect_glm6b_full.sh: line 83: [: 0
0: integer expression expected
scripts/collect_glm6b_full.sh: line 83: [: 0
0: integer expression expected
scripts/collect_glm6b_full.sh: line 83: [: 0
0: integer expression expected
scripts/collect_glm6b_full.sh: line 83: [: 0
0: integer expression expected
scripts/collect_glm6b_full.sh: line 83: [: 0
0: integer expression expected
scripts/collect_glm6b_full.sh: line 83: [: 0
0: integer expression expected
scripts/collect_glm6b_full.sh: line 83: [: 0
0: integer expression expected
scripts/collect_glm6b_full.sh: line 83: [: 0
0: integer expression expected
scripts/collect_glm6b_full.sh: line 83: [: 0
0: integer expression expected
scripts/collect_glm6b_full.sh: line 83: [: 0
0: integer expression expected
scripts/collect_glm6b_full.sh: line 83: [: 0
0: integer expression expected
scripts/collect_glm6b_full.sh: line 83: [: 0
0: integer expression expected
scripts/collect_glm6b_full.sh: line 83: [: 0
0: integer expression expected
scripts/collect_glm6b_full.sh: line 83: [: 0
0: integer expression expected
scripts/collect_glm6b_full.sh: line 83: [: 0
0: integer expression expected
scripts/collect_glm6b_full.sh: line 83: [: 0
0: integer expression expected
scripts/collect_glm6b_full.sh: line 83: [: 0
0: integer expression expected
scripts/collect_glm6b_full.sh: line 83: [: 0
0: integer expression expected
scripts/collect_glm6b_full.sh: line 83: [: 0
0: integer expression expected
scripts/collect_glm6b_full.sh: line 83: [: 0
0: integer expression expected
scripts/collect_glm6b_full.sh: line 83: [: 0
0: integer expression expected
scripts/collect_glm6b_full.sh: line 83: [: 0
0: integer expression expected
scripts/collect_glm6b_full.sh: line 83: [: 0
0: integer expression expected
scripts/collect_glm6b_full.sh: line 83: [: 0
0: integer expression expected
scripts/collect_glm6b_full.sh: line 83: [: 0
0: integer expression expected
scripts/collect_glm6b_full.sh: line 83: [: 0
0: integer expression expected
scripts/collect_glm6b_full.sh: line 83: [: 0
0: integer expression expected
scripts/collect_glm6b_full.sh: line 83: [: 0
0: integer expression expected
scripts/collect_glm6b_full.sh: line 83: [: 0
0: integer expression expected
scripts/collect_glm6b_full.sh: line 83: [: 0
0: integer expression expected
scripts/collect_glm6b_full.sh: line 83: [: 0
0: integer expression expected
scripts/collect_glm6b_full.sh: line 83: [: 0
0: integer expression expected
scripts/collect_glm6b_full.sh: line 83: [: 0
0: integer expression expected
scripts/collect_glm6b_full.sh: line 83: [: 0
0: integer expression expected
scripts/collect_glm6b_full.sh: line 83: [: 0
0: integer expression expected
scripts/collect_glm6b_full.sh: line 83: [: 0
0: integer expression expected
scripts/collect_glm6b_full.sh: line 83: [: 0
0: integer expression expected
scripts/collect_glm6b_full.sh: line 83: [: 0
0: integer expression expected
scripts/collect_glm6b_full.sh: line 83: [: 0
0: integer expression expected
scripts/collect_glm6b_full.sh: line 83: [: 0
0: integer expression expected
scripts/collect_glm6b_full.sh: line 83: [: 0
0: integer expression expected
scripts/collect_glm6b_full.sh: line 83: [: 0
0: integer expression expected
scripts/collect_glm6b_full.sh: line 83: [: 0
0: integer expression expected
scripts/collect_glm6b_full.sh: line 83: [: 0
0: integer expression expected
scripts/collect_glm6b_full.sh: line 83: [: 0
0: integer expression expected
scripts/collect_glm6b_full.sh: line 83: [: 0
0: integer expression expected
scripts/collect_glm6b_full.sh: line 83: [: 0
0: integer expression expected
scripts/collect_glm6b_full.sh: line 83: [: 0
0: integer expression expected
scripts/collect_glm6b_full.sh: line 83: [: 0
0: integer expression expected
scripts/collect_glm6b_full.sh: line 83: [: 0
0: integer expression expected
scripts/collect_glm6b_full.sh: line 83: [: 0
0: integer expression expected
scripts/collect_glm6b_full.sh: line 83: [: 0
0: integer expression expected
scripts/collect_glm6b_full.sh: line 83: [: 0
0: integer expression expected
scripts/collect_glm6b_full.sh: line 83: [: 0
0: integer expression expected
scripts/collect_glm6b_full.sh: line 83: [: 0
0: integer expression expected
scripts/collect_glm6b_full.sh: line 83: [: 0
0: integer expression expected
scripts/collect_glm6b_full.sh: line 83: [: 0
0: integer expression expected
scripts/collect_glm6b_full.sh: line 83: [: 0
0: integer expression expected
scripts/collect_glm6b_full.sh: line 83: [: 0
0: integer expression expected
scripts/collect_glm6b_full.sh: line 83: [: 0
0: integer expression expected
scripts/collect_glm6b_full.sh: line 83: [: 0
0: integer expression expected
scripts/collect_glm6b_full.sh: line 83: [: 0
0: integer expression expected
scripts/collect_glm6b_full.sh: line 83: [: 0
0: integer expression expected
scripts/collect_glm6b_full.sh: line 83: [: 0
0: integer expression expected
scripts/collect_glm6b_full.sh: line 83: [: 0
0: integer expression expected
scripts/collect_glm6b_full.sh: line 83: [: 0
0: integer expression expected
scripts/collect_glm6b_full.sh: line 83: [: 0
0: integer expression expected
scripts/collect_glm6b_full.sh: line 83: [: 0
0: integer expression expected
scripts/collect_glm6b_full.sh: line 83: [: 0
0: integer expression expected
scripts/collect_glm6b_full.sh: line 83: [: 0
0: integer expression expected
scripts/collect_glm6b_full.sh: line 83: [: 0
0: integer expression expected
scripts/collect_glm6b_full.sh: line 83: [: 0
0: integer expression expected
scripts/collect_glm6b_full.sh: line 83: [: 0
0: integer expression expected
scripts/collect_glm6b_full.sh: line 83: [: 0
0: integer expression expected
scripts/collect_glm6b_full.sh: line 83: [: 0
0: integer expression expected
scripts/collect_glm6b_full.sh: line 83: [: 0
0: integer expression expected
scripts/collect_glm6b_full.sh: line 83: [: 0
0: integer expression expected
scripts/collect_glm6b_full.sh: line 83: [: 0
0: integer expression expected
scripts/collect_glm6b_full.sh: line 83: [: 0
0: integer expression expected
scripts/collect_glm6b_full.sh: line 83: [: 0
0: integer expression expected
scripts/collect_glm6b_full.sh: line 83: [: 0
0: integer expression expected
scripts/collect_glm6b_full.sh: line 83: [: 0
0: integer expression expected
scripts/collect_glm6b_full.sh: line 83: [: 0
0: integer expression expected
scripts/collect_glm6b_full.sh: line 83: [: 0
0: integer expression expected
scripts/collect_glm6b_full.sh: line 83: [: 0
0: integer expression expected
scripts/collect_glm6b_full.sh: line 83: [: 0
0: integer expression expected
scripts/collect_glm6b_full.sh: line 83: [: 0
0: integer expression expected
scripts/collect_glm6b_full.sh: line 83: [: 0
0: integer expression expected
scripts/collect_glm6b_full.sh: line 83: [: 0
0: integer expression expected
scripts/collect_glm6b_full.sh: line 83: [: 0
0: integer expression expected
scripts/collect_glm6b_full.sh: line 83: [: 0
0: integer expression expected
scripts/collect_glm6b_full.sh: line 83: [: 0
0: integer expression expected
scripts/collect_glm6b_full.sh: line 83: [: 0
0: integer expression expected
scripts/collect_glm6b_full.sh: line 83: [: 0
0: integer expression expected
scripts/collect_glm6b_full.sh: line 83: [: 0
0: integer expression expected
scripts/collect_glm6b_full.sh: line 83: [: 0
0: integer expression expected
scripts/collect_glm6b_full.sh: line 83: [: 0
0: integer expression expected
scripts/collect_glm6b_full.sh: line 83: [: 0
0: integer expression expected
scripts/collect_glm6b_full.sh: line 83: [: 0
0: integer expression expected
scripts/collect_glm6b_full.sh: line 83: [: 0
0: integer expression expected
scripts/collect_glm6b_full.sh: line 83: [: 0
0: integer expression expected
scripts/collect_glm6b_full.sh: line 83: [: 0
0: integer expression expected
scripts/collect_glm6b_full.sh: line 83: [: 0
0: integer expression expected
scripts/collect_glm6b_full.sh: line 83: [: 0
0: integer expression expected
scripts/collect_glm6b_full.sh: line 83: [: 0
0: integer expression expected
scripts/collect_glm6b_full.sh: line 83: [: 0
0: integer expression expected
scripts/collect_glm6b_full.sh: line 83: [: 0
0: integer expression expected
scripts/collect_glm6b_full.sh: line 83: [: 0
0: integer expression expected
scripts/collect_glm6b_full.sh: line 83: [: 0
0: integer expression expected
scripts/collect_glm6b_full.sh: line 83: [: 0
0: integer expression expected
scripts/collect_glm6b_full.sh: line 83: [: 0
0: integer expression expected
scripts/collect_glm6b_full.sh: line 83: [: 0
0: integer expression expected
scripts/collect_glm6b_full.sh: line 83: [: 0
0: integer expression expected
scripts/collect_glm6b_full.sh: line 83: [: 0
0: integer expression expected
scripts/collect_glm6b_full.sh: line 83: [: 0
0: integer expression expected
scripts/collect_glm6b_full.sh: line 83: [: 0
0: integer expression expected
scripts/collect_glm6b_full.sh: line 83: [: 0
0: integer expression expected
scripts/collect_glm6b_full.sh: line 83: [: 0
0: integer expression expected
scripts/collect_glm6b_full.sh: line 83: [: 0
0: integer expression expected
scripts/collect_glm6b_full.sh: line 83: [: 0
0: integer expression expected
scripts/collect_glm6b_full.sh: line 83: [: 0
0: integer expression expected
scripts/collect_glm6b_full.sh: line 83: [: 0
0: integer expression expected
scripts/collect_glm6b_full.sh: line 83: [: 0
0: integer expression expected
scripts/collect_glm6b_full.sh: line 83: [: 0
0: integer expression expected
scripts/collect_glm6b_full.sh: line 83: [: 0
0: integer expression expected
scripts/collect_glm6b_full.sh: line 83: [: 0
0: integer expression expected
scripts/collect_glm6b_full.sh: line 83: [: 0
0: integer expression expected
scripts/collect_glm6b_full.sh: line 83: [: 0
0: integer expression expected
scripts/collect_glm6b_full.sh: line 83: [: 0
0: integer expression expected
scripts/collect_glm6b_full.sh: line 83: [: 0
0: integer expression expected
scripts/collect_glm6b_full.sh: line 83: [: 0
0: integer expression expected
scripts/collect_glm6b_full.sh: line 83: [: 0
0: integer expression expected
scripts/collect_glm6b_full.sh: line 83: [: 0
0: integer expression expected
scripts/collect_glm6b_full.sh: line 83: [: 0
0: integer expression expected
scripts/collect_glm6b_full.sh: line 83: [: 0
0: integer expression expected
scripts/collect_glm6b_full.sh: line 83: [: 0
0: integer expression expected
scripts/collect_glm6b_full.sh: line 83: [: 0
0: integer expression expected
scripts/collect_glm6b_full.sh: line 83: [: 0
0: integer expression expected
scripts/collect_glm6b_full.sh: line 83: [: 0
0: integer expression expected
scripts/collect_glm6b_full.sh: line 83: [: 0
0: integer expression expected
scripts/collect_glm6b_full.sh: line 83: [: 0
0: integer expression expected
scripts/collect_glm6b_full.sh: line 83: [: 0
0: integer expression expected
scripts/collect_glm6b_full.sh: line 83: [: 0
0: integer expression expected
scripts/collect_glm6b_full.sh: line 83: [: 0
0: integer expression expected
scripts/collect_glm6b_full.sh: line 83: [: 0
0: integer expression expected
scripts/collect_glm6b_full.sh: line 83: [: 0
0: integer expression expected
scripts/collect_glm6b_full.sh: line 83: [: 0
0: integer expression expected
scripts/collect_glm6b_full.sh: line 83: [: 0
0: integer expression expected
scripts/collect_glm6b_full.sh: line 83: [: 0
0: integer expression expected
scripts/collect_glm6b_full.sh: line 83: [: 0
0: integer expression expected
scripts/collect_glm6b_full.sh: line 83: [: 0
0: integer expression expected
scripts/collect_glm6b_full.sh: line 83: [: 0
0: integer expression expected
scripts/collect_glm6b_full.sh: line 83: [: 0
0: integer expression expected
scripts/collect_glm6b_full.sh: line 83: [: 0
0: integer expression expected
scripts/collect_glm6b_full.sh: line 83: [: 0
0: integer expression expected
scripts/collect_glm6b_full.sh: line 83: [: 0
0: integer expression expected
scripts/collect_glm6b_full.sh: line 83: [: 0
0: integer expression expected
scripts/collect_glm6b_full.sh: line 83: [: 0
0: integer expression expected
scripts/collect_glm6b_full.sh: line 83: [: 0
0: integer expression expected
scripts/collect_glm6b_full.sh: line 83: [: 0
0: integer expression expected
scripts/collect_glm6b_full.sh: line 83: [: 0
0: integer expression expected
scripts/collect_glm6b_full.sh: line 83: [: 0
0: integer expression expected
scripts/collect_glm6b_full.sh: line 83: [: 0
0: integer expression expected
scripts/collect_glm6b_full.sh: line 83: [: 0
0: integer expression expected
scripts/collect_glm6b_full.sh: line 83: [: 0
0: integer expression expected
scripts/collect_glm6b_full.sh: line 83: [: 0
0: integer expression expected
scripts/collect_glm6b_full.sh: line 83: [: 0
0: integer expression expected
scripts/collect_glm6b_full.sh: line 83: [: 0
0: integer expression expected
scripts/collect_glm6b_full.sh: line 83: [: 0
0: integer expression expected
scripts/collect_glm6b_full.sh: line 83: [: 0
0: integer expression expected
scripts/collect_glm6b_full.sh: line 83: [: 0
0: integer expression expected
scripts/collect_glm6b_full.sh: line 83: [: 0
0: integer expression expected
scripts/collect_glm6b_full.sh: line 83: [: 0
0: integer expression expected
scripts/collect_glm6b_full.sh: line 83: [: 0
0: integer expression expected
scripts/collect_glm6b_full.sh: line 83: [: 0
0: integer expression expected
scripts/collect_glm6b_full.sh: line 83: [: 0
0: integer expression expected
scripts/collect_glm6b_full.sh: line 83: [: 0
0: integer expression expected
scripts/collect_glm6b_full.sh: line 83: [: 0
0: integer expression expected
scripts/collect_glm6b_full.sh: line 83: [: 0
0: integer expression expected
scripts/collect_glm6b_full.sh: line 83: [: 0
0: integer expression expected
scripts/collect_glm6b_full.sh: line 83: [: 0
0: integer expression expected
scripts/collect_glm6b_full.sh: line 83: [: 0
0: integer expression expected
scripts/collect_glm6b_full.sh: line 83: [: 0
0: integer expression expected
scripts/collect_glm6b_full.sh: line 83: [: 0
0: integer expression expected
scripts/collect_glm6b_full.sh: line 83: [: 0
0: integer expression expected
scripts/collect_glm6b_full.sh: line 83: [: 0
0: integer expression expected
scripts/collect_glm6b_full.sh: line 83: [: 0
0: integer expression expected
scripts/collect_glm6b_full.sh: line 83: [: 0
0: integer expression expected
scripts/collect_glm6b_full.sh: line 83: [: 0
0: integer expression expected
scripts/collect_glm6b_full.sh: line 83: [: 0
0: integer expression expected
scripts/collect_glm6b_full.sh: line 83: [: 0
0: integer expression expected
scripts/collect_glm6b_full.sh: line 83: [: 0
0: integer expression expected
scripts/collect_glm6b_full.sh: line 83: [: 0
0: integer expression expected
scripts/collect_glm6b_full.sh: line 83: [: 0
0: integer expression expected
scripts/collect_glm6b_full.sh: line 83: [: 0
0: integer expression expected
scripts/collect_glm6b_full.sh: line 83: [: 0
0: integer expression expected
scripts/collect_glm6b_full.sh: line 83: [: 0
0: integer expression expected
scripts/collect_glm6b_full.sh: line 83: [: 0
0: integer expression expected
scripts/collect_glm6b_full.sh: line 83: [: 0
0: integer expression expected
scripts/collect_glm6b_full.sh: line 83: [: 0
0: integer expression expected
scripts/collect_glm6b_full.sh: line 83: [: 0
0: integer expression expected
scripts/collect_glm6b_full.sh: line 83: [: 0
0: integer expression expected
scripts/collect_glm6b_full.sh: line 83: [: 0
0: integer expression expected
scripts/collect_glm6b_full.sh: line 83: [: 0
0: integer expression expected
scripts/collect_glm6b_full.sh: line 83: [: 0
0: integer expression expected
scripts/collect_glm6b_full.sh: line 83: [: 0
0: integer expression expected
scripts/collect_glm6b_full.sh: line 83: [: 0
0: integer expression expected
scripts/collect_glm6b_full.sh: line 83: [: 0
0: integer expression expected
scripts/collect_glm6b_full.sh: line 83: [: 0
0: integer expression expected
scripts/collect_glm6b_full.sh: line 83: [: 0
0: integer expression expected
scripts/collect_glm6b_full.sh: line 83: [: 0
0: integer expression expected
scripts/collect_glm6b_full.sh: line 83: [: 0
0: integer expression expected
scripts/collect_glm6b_full.sh: line 83: [: 0
0: integer expression expected
scripts/collect_glm6b_full.sh: line 83: [: 0
0: integer expression expected
scripts/collect_glm6b_full.sh: line 83: [: 0
0: integer expression expected
scripts/collect_glm6b_full.sh: line 83: [: 0
0: integer expression expected
scripts/collect_glm6b_full.sh: line 83: [: 0
0: integer expression expected
scripts/collect_glm6b_full.sh: line 83: [: 0
0: integer expression expected
scripts/collect_glm6b_full.sh: line 83: [: 0
0: integer expression expected
scripts/collect_glm6b_full.sh: line 83: [: 0
0: integer expression expected
scripts/collect_glm6b_full.sh: line 83: [: 0
0: integer expression expected
scripts/collect_glm6b_full.sh: line 83: [: 0
0: integer expression expected
scripts/collect_glm6b_full.sh: line 83: [: 0
0: integer expression expected
scripts/collect_glm6b_full.sh: line 83: [: 0
0: integer expression expected
scripts/collect_glm6b_full.sh: line 83: [: 0
0: integer expression expected
scripts/collect_glm6b_full.sh: line 83: [: 0
0: integer expression expected
scripts/collect_glm6b_full.sh: line 83: [: 0
0: integer expression expected
scripts/collect_glm6b_full.sh: line 83: [: 0
0: integer expression expected
scripts/collect_glm6b_full.sh: line 83: [: 0
0: integer expression expected
scripts/collect_glm6b_full.sh: line 83: [: 0
0: integer expression expected
scripts/collect_glm6b_full.sh: line 83: [: 0
0: integer expression expected
scripts/collect_glm6b_full.sh: line 83: [: 0
0: integer expression expected
scripts/collect_glm6b_full.sh: line 83: [: 0
0: integer expression expected
scripts/collect_glm6b_full.sh: line 83: [: 0
0: integer expression expected
scripts/collect_glm6b_full.sh: line 83: [: 0
0: integer expression expected
scripts/collect_glm6b_full.sh: line 83: [: 0
0: integer expression expected
scripts/collect_glm6b_full.sh: line 83: [: 0
0: integer expression expected
scripts/collect_glm6b_full.sh: line 83: [: 0
0: integer expression expected
scripts/collect_glm6b_full.sh: line 83: [: 0
0: integer expression expected
scripts/collect_glm6b_full.sh: line 83: [: 0
0: integer expression expected
scripts/collect_glm6b_full.sh: line 83: [: 0
0: integer expression expected
scripts/collect_glm6b_full.sh: line 83: [: 0
0: integer expression expected
scripts/collect_glm6b_full.sh: line 83: [: 0
0: integer expression expected
scripts/collect_glm6b_full.sh: line 83: [: 0
0: integer expression expected
scripts/collect_glm6b_full.sh: line 83: [: 0
0: integer expression expected
scripts/collect_glm6b_full.sh: line 83: [: 0
0: integer expression expected
scripts/collect_glm6b_full.sh: line 83: [: 0
0: integer expression expected
scripts/collect_glm6b_full.sh: line 83: [: 0
0: integer expression expected
scripts/collect_glm6b_full.sh: line 83: [: 0
0: integer expression expected
scripts/collect_glm6b_full.sh: line 83: [: 0
0: integer expression expected
scripts/collect_glm6b_full.sh: line 83: [: 0
0: integer expression expected
scripts/collect_glm6b_full.sh: line 83: [: 0
0: integer expression expected
scripts/collect_glm6b_full.sh: line 83: [: 0
0: integer expression expected
scripts/collect_glm6b_full.sh: line 83: [: 0
0: integer expression expected
scripts/collect_glm6b_full.sh: line 83: [: 0
0: integer expression expected
scripts/collect_glm6b_full.sh: line 83: [: 0
0: integer expression expected
scripts/collect_glm6b_full.sh: line 83: [: 0
0: integer expression expected
scripts/collect_glm6b_full.sh: line 83: [: 0
0: integer expression expected
scripts/collect_glm6b_full.sh: line 83: [: 0
0: integer expression expected
scripts/collect_glm6b_full.sh: line 83: [: 0
0: integer expression expected
scripts/collect_glm6b_full.sh: line 83: [: 0
0: integer expression expected
scripts/collect_glm6b_full.sh: line 83: [: 0
0: integer expression expected
scripts/collect_glm6b_full.sh: line 83: [: 0
0: integer expression expected
scripts/collect_glm6b_full.sh: line 83: [: 0
0: integer expression expected
scripts/collect_glm6b_full.sh: line 83: [: 0
0: integer expression expected
scripts/collect_glm6b_full.sh: line 83: [: 0
0: integer expression expected
scripts/collect_glm6b_full.sh: line 83: [: 0
0: integer expression expected
scripts/collect_glm6b_full.sh: line 83: [: 0
0: integer expression expected
scripts/collect_glm6b_full.sh: line 83: [: 0
0: integer expression expected
scripts/collect_glm6b_full.sh: line 83: [: 0
0: integer expression expected
scripts/collect_glm6b_full.sh: line 83: [: 0
0: integer expression expected
scripts/collect_glm6b_full.sh: line 83: [: 0
0: integer expression expected
scripts/collect_glm6b_full.sh: line 83: [: 0
0: integer expression expected
scripts/collect_glm6b_full.sh: line 83: [: 0
0: integer expression expected
scripts/collect_glm6b_full.sh: line 83: [: 0
0: integer expression expected
scripts/collect_glm6b_full.sh: line 83: [: 0
0: integer expression expected
scripts/collect_glm6b_full.sh: line 83: [: 0
0: integer expression expected
scripts/collect_glm6b_full.sh: line 83: [: 0
0: integer expression expected
scripts/collect_glm6b_full.sh: line 83: [: 0
0: integer expression expected
scripts/collect_glm6b_full.sh: line 83: [: 0
0: integer expression expected
scripts/collect_glm6b_full.sh: line 83: [: 0
0: integer expression expected
scripts/collect_glm6b_full.sh: line 83: [: 0
0: integer expression expected
scripts/collect_glm6b_full.sh: line 83: [: 0
0: integer expression expected
scripts/collect_glm6b_full.sh: line 83: [: 0
0: integer expression expected
scripts/collect_glm6b_full.sh: line 83: [: 0
0: integer expression expected
scripts/collect_glm6b_full.sh: line 83: [: 0
0: integer expression expected
scripts/collect_glm6b_full.sh: line 83: [: 0
0: integer expression expected
scripts/collect_glm6b_full.sh: line 83: [: 0
0: integer expression expected
scripts/collect_glm6b_full.sh: line 83: [: 0
0: integer expression expected
scripts/collect_glm6b_full.sh: line 83: [: 0
0: integer expression expected
scripts/collect_glm6b_full.sh: line 83: [: 0
0: integer expression expected
scripts/collect_glm6b_full.sh: line 83: [: 0
0: integer expression expected
scripts/collect_glm6b_full.sh: line 83: [: 0
0: integer expression expected
scripts/collect_glm6b_full.sh: line 83: [: 0
0: integer expression expected
scripts/collect_glm6b_full.sh: line 83: [: 0
0: integer expression expected
scripts/collect_glm6b_full.sh: line 83: [: 0
0: integer expression expected
scripts/collect_glm6b_full.sh: line 83: [: 0
0: integer expression expected
scripts/collect_glm6b_full.sh: line 83: [: 0
0: integer expression expected
scripts/collect_glm6b_full.sh: line 83: [: 0
0: integer expression expected
scripts/collect_glm6b_full.sh: line 83: [: 0
0: integer expression expected
scripts/collect_glm6b_full.sh: line 83: [: 0
0: integer expression expected
scripts/collect_glm6b_full.sh: line 83: [: 0
0: integer expression expected
scripts/collect_glm6b_full.sh: line 83: [: 0
0: integer expression expected
scripts/collect_glm6b_full.sh: line 83: [: 0
0: integer expression expected
scripts/collect_glm6b_full.sh: line 83: [: 0
0: integer expression expected
scripts/collect_glm6b_full.sh: line 83: [: 0
0: integer expression expected
scripts/collect_glm6b_full.sh: line 83: [: 0
0: integer expression expected
scripts/collect_glm6b_full.sh: line 83: [: 0
0: integer expression expected
scripts/collect_glm6b_full.sh: line 83: [: 0
0: integer expression expected
scripts/collect_glm6b_full.sh: line 83: [: 0
0: integer expression expected
scripts/collect_glm6b_full.sh: line 83: [: 0
0: integer expression expected
scripts/collect_glm6b_full.sh: line 83: [: 0
0: integer expression expected
scripts/collect_glm6b_full.sh: line 83: [: 0
0: integer expression expected
scripts/collect_glm6b_full.sh: line 83: [: 0
0: integer expression expected
scripts/collect_glm6b_full.sh: line 83: [: 0
0: integer expression expected
scripts/collect_glm6b_full.sh: line 83: [: 0
0: integer expression expected
scripts/collect_glm6b_full.sh: line 83: [: 0
0: integer expression expected
scripts/collect_glm6b_full.sh: line 83: [: 0
0: integer expression expected
scripts/collect_glm6b_full.sh: line 83: [: 0
0: integer expression expected
scripts/collect_glm6b_full.sh: line 83: [: 0
0: integer expression expected
scripts/collect_glm6b_full.sh: line 83: [: 0
0: integer expression expected
scripts/collect_glm6b_full.sh: line 83: [: 0
0: integer expression expected
scripts/collect_glm6b_full.sh: line 83: [: 0
0: integer expression expected
scripts/collect_glm6b_full.sh: line 83: [: 0
0: integer expression expected
scripts/collect_glm6b_full.sh: line 83: [: 0
0: integer expression expected
scripts/collect_glm6b_full.sh: line 83: [: 0
0: integer expression expected
scripts/collect_glm6b_full.sh: line 83: [: 0
0: integer expression expected
scripts/collect_glm6b_full.sh: line 83: [: 0
0: integer expression expected
scripts/collect_glm6b_full.sh: line 83: [: 0
0: integer expression expected
scripts/collect_glm6b_full.sh: line 83: [: 0
0: integer expression expected
scripts/collect_glm6b_full.sh: line 83: [: 0
0: integer expression expected
scripts/collect_glm6b_full.sh: line 83: [: 0
0: integer expression expected
scripts/collect_glm6b_full.sh: line 83: [: 0
0: integer expression expected
scripts/collect_glm6b_full.sh: line 83: [: 0
0: integer expression expected
scripts/collect_glm6b_full.sh: line 83: [: 0
0: integer expression expected
scripts/collect_glm6b_full.sh: line 83: [: 0
0: integer expression expected
scripts/collect_glm6b_full.sh: line 83: [: 0
0: integer expression expected
scripts/collect_glm6b_full.sh: line 83: [: 0
0: integer expression expected
scripts/collect_glm6b_full.sh: line 83: [: 0
0: integer expression expected
scripts/collect_glm6b_full.sh: line 83: [: 0
0: integer expression expected
scripts/collect_glm6b_full.sh: line 83: [: 0
0: integer expression expected
scripts/collect_glm6b_full.sh: line 83: [: 0
0: integer expression expected
scripts/collect_glm6b_full.sh: line 83: [: 0
0: integer expression expected
scripts/collect_glm6b_full.sh: line 83: [: 0
0: integer expression expected
scripts/collect_glm6b_full.sh: line 83: [: 0
0: integer expression expected
scripts/collect_glm6b_full.sh: line 83: [: 0
0: integer expression expected
scripts/collect_glm6b_full.sh: line 83: [: 0
0: integer expression expected
scripts/collect_glm6b_full.sh: line 83: [: 0
0: integer expression expected
scripts/collect_glm6b_full.sh: line 83: [: 0
0: integer expression expected
scripts/collect_glm6b_full.sh: line 83: [: 0
0: integer expression expected
scripts/collect_glm6b_full.sh: line 83: [: 0
0: integer expression expected
scripts/collect_glm6b_full.sh: line 83: [: 0
0: integer expression expected
scripts/collect_glm6b_full.sh: line 83: [: 0
0: integer expression expected
scripts/collect_glm6b_full.sh: line 83: [: 0
0: integer expression expected
scripts/collect_glm6b_full.sh: line 83: [: 0
0: integer expression expected
scripts/collect_glm6b_full.sh: line 83: [: 0
0: integer expression expected
scripts/collect_glm6b_full.sh: line 83: [: 0
0: integer expression expected
scripts/collect_glm6b_full.sh: line 83: [: 0
0: integer expression expected
scripts/collect_glm6b_full.sh: line 83: [: 0
0: integer expression expected
scripts/collect_glm6b_full.sh: line 83: [: 0
0: integer expression expected
scripts/collect_glm6b_full.sh: line 83: [: 0
0: integer expression expected
scripts/collect_glm6b_full.sh: line 83: [: 0
0: integer expression expected
scripts/collect_glm6b_full.sh: line 83: [: 0
0: integer expression expected
scripts/collect_glm6b_full.sh: line 83: [: 0
0: integer expression expected
scripts/collect_glm6b_full.sh: line 83: [: 0
0: integer expression expected
scripts/collect_glm6b_full.sh: line 83: [: 0
0: integer expression expected
scripts/collect_glm6b_full.sh: line 83: [: 0
0: integer expression expected
scripts/collect_glm6b_full.sh: line 83: [: 0
0: integer expression expected
scripts/collect_glm6b_full.sh: line 83: [: 0
0: integer expression expected
scripts/collect_glm6b_full.sh: line 83: [: 0
0: integer expression expected
scripts/collect_glm6b_full.sh: line 83: [: 0
0: integer expression expected
scripts/collect_glm6b_full.sh: line 83: [: 0
0: integer expression expected
scripts/collect_glm6b_full.sh: line 83: [: 0
0: integer expression expected
scripts/collect_glm6b_full.sh: line 83: [: 0
0: integer expression expected
scripts/collect_glm6b_full.sh: line 83: [: 0
0: integer expression expected
scripts/collect_glm6b_full.sh: line 83: [: 0
0: integer expression expected
scripts/collect_glm6b_full.sh: line 83: [: 0
0: integer expression expected
scripts/collect_glm6b_full.sh: line 83: [: 0
0: integer expression expected
scripts/collect_glm6b_full.sh: line 83: [: 0
0: integer expression expected
scripts/collect_glm6b_full.sh: line 83: [: 0
0: integer expression expected
scripts/collect_glm6b_full.sh: line 83: [: 0
0: integer expression expected
scripts/collect_glm6b_full.sh: line 83: [: 0
0: integer expression expected
scripts/collect_glm6b_full.sh: line 83: [: 0
0: integer expression expected
scripts/collect_glm6b_full.sh: line 83: [: 0
0: integer expression expected
scripts/collect_glm6b_full.sh: line 83: [: 0
0: integer expression expected
scripts/collect_glm6b_full.sh: line 83: [: 0
0: integer expression expected
scripts/collect_glm6b_full.sh: line 83: [: 0
0: integer expression expected
scripts/collect_glm6b_full.sh: line 83: [: 0
0: integer expression expected
scripts/collect_glm6b_full.sh: line 83: [: 0
0: integer expression expected
scripts/collect_glm6b_full.sh: line 83: [: 0
0: integer expression expected
scripts/collect_glm6b_full.sh: line 83: [: 0
0: integer expression expected
scripts/collect_glm6b_full.sh: line 83: [: 0
0: integer expression expected
scripts/collect_glm6b_full.sh: line 83: [: 0
0: integer expression expected
scripts/collect_glm6b_full.sh: line 83: [: 0
0: integer expression expected
scripts/collect_glm6b_full.sh: line 83: [: 0
0: integer expression expected
scripts/collect_glm6b_full.sh: line 83: [: 0
0: integer expression expected
scripts/collect_glm6b_full.sh: line 83: [: 0
0: integer expression expected
scripts/collect_glm6b_full.sh: line 83: [: 0
0: integer expression expected
scripts/collect_glm6b_full.sh: line 83: [: 0
0: integer expression expected
scripts/collect_glm6b_full.sh: line 83: [: 0
0: integer expression expected
scripts/collect_glm6b_full.sh: line 83: [: 0
0: integer expression expected
scripts/collect_glm6b_full.sh: line 83: [: 0
0: integer expression expected
scripts/collect_glm6b_full.sh: line 83: [: 0
0: integer expression expected
scripts/collect_glm6b_full.sh: line 83: [: 0
0: integer expression expected
scripts/collect_glm6b_full.sh: line 83: [: 0
0: integer expression expected
scripts/collect_glm6b_full.sh: line 83: [: 0
0: integer expression expected
scripts/collect_glm6b_full.sh: line 83: [: 0
0: integer expression expected
scripts/collect_glm6b_full.sh: line 83: [: 0
0: integer expression expected
scripts/collect_glm6b_full.sh: line 83: [: 0
0: integer expression expected
scripts/collect_glm6b_full.sh: line 83: [: 0
0: integer expression expected
scripts/collect_glm6b_full.sh: line 83: [: 0
0: integer expression expected
scripts/collect_glm6b_full.sh: line 83: [: 0
0: integer expression expected
scripts/collect_glm6b_full.sh: line 83: [: 0
0: integer expression expected
scripts/collect_glm6b_full.sh: line 83: [: 0
0: integer expression expected
scripts/collect_glm6b_full.sh: line 83: [: 0
0: integer expression expected
scripts/collect_glm6b_full.sh: line 83: [: 0
0: integer expression expected
scripts/collect_glm6b_full.sh: line 83: [: 0
0: integer expression expected
scripts/collect_glm6b_full.sh: line 83: [: 0
0: integer expression expected
scripts/collect_glm6b_full.sh: line 83: [: 0
0: integer expression expected
scripts/collect_glm6b_full.sh: line 83: [: 0
0: integer expression expected
scripts/collect_glm6b_full.sh: line 83: [: 0
0: integer expression expected
scripts/collect_glm6b_full.sh: line 83: [: 0
0: integer expression expected
scripts/collect_glm6b_full.sh: line 83: [: 0
0: integer expression expected
scripts/collect_glm6b_full.sh: line 83: [: 0
0: integer expression expected
scripts/collect_glm6b_full.sh: line 83: [: 0
0: integer expression expected
scripts/collect_glm6b_full.sh: line 83: [: 0
0: integer expression expected
scripts/collect_glm6b_full.sh: line 83: [: 0
0: integer expression expected
scripts/collect_glm6b_full.sh: line 83: [: 0
0: integer expression expected
scripts/collect_glm6b_full.sh: line 83: [: 0
0: integer expression expected
scripts/collect_glm6b_full.sh: line 83: [: 0
0: integer expression expected
scripts/collect_glm6b_full.sh: line 83: [: 0
0: integer expression expected
scripts/collect_glm6b_full.sh: line 83: [: 0
0: integer expression expected
scripts/collect_glm6b_full.sh: line 83: [: 0
0: integer expression expected
scripts/collect_glm6b_full.sh: line 83: [: 0
0: integer expression expected
scripts/collect_glm6b_full.sh: line 83: [: 0
0: integer expression expected
scripts/collect_glm6b_full.sh: line 83: [: 0
0: integer expression expected
scripts/collect_glm6b_full.sh: line 83: [: 0
0: integer expression expected
scripts/collect_glm6b_full.sh: line 83: [: 0
0: integer expression expected
scripts/collect_glm6b_full.sh: line 83: [: 0
0: integer expression expected
scripts/collect_glm6b_full.sh: line 83: [: 0
0: integer expression expected
scripts/collect_glm6b_full.sh: line 83: [: 0
0: integer expression expected
scripts/collect_glm6b_full.sh: line 83: [: 0
0: integer expression expected
scripts/collect_glm6b_full.sh: line 83: [: 0
0: integer expression expected
scripts/collect_glm6b_full.sh: line 83: [: 0
0: integer expression expected
scripts/collect_glm6b_full.sh: line 83: [: 0
0: integer expression expected
scripts/collect_glm6b_full.sh: line 83: [: 0
0: integer expression expected
scripts/collect_glm6b_full.sh: line 83: [: 0
0: integer expression expected
scripts/collect_glm6b_full.sh: line 83: [: 0
0: integer expression expected
scripts/collect_glm6b_full.sh: line 83: [: 0
0: integer expression expected
scripts/collect_glm6b_full.sh: line 83: [: 0
0: integer expression expected
scripts/collect_glm6b_full.sh: line 83: [: 0
0: integer expression expected
scripts/collect_glm6b_full.sh: line 83: [: 0
0: integer expression expected
scripts/collect_glm6b_full.sh: line 83: [: 0
0: integer expression expected
scripts/collect_glm6b_full.sh: line 83: [: 0
0: integer expression expected
scripts/collect_glm6b_full.sh: line 83: [: 0
0: integer expression expected
scripts/collect_glm6b_full.sh: line 83: [: 0
0: integer expression expected
scripts/collect_glm6b_full.sh: line 83: [: 0
0: integer expression expected
scripts/collect_glm6b_full.sh: line 83: [: 0
0: integer expression expected
scripts/collect_glm6b_full.sh: line 83: [: 0
0: integer expression expected
scripts/collect_glm6b_full.sh: line 83: [: 0
0: integer expression expected
scripts/collect_glm6b_full.sh: line 83: [: 0
0: integer expression expected
scripts/collect_glm6b_full.sh: line 83: [: 0
0: integer expression expected
scripts/collect_glm6b_full.sh: line 83: [: 0
0: integer expression expected
scripts/collect_glm6b_full.sh: line 83: [: 0
0: integer expression expected
scripts/collect_glm6b_full.sh: line 83: [: 0
0: integer expression expected
scripts/collect_glm6b_full.sh: line 83: [: 0
0: integer expression expected
scripts/collect_glm6b_full.sh: line 83: [: 0
0: integer expression expected
scripts/collect_glm6b_full.sh: line 83: [: 0
0: integer expression expected
scripts/collect_glm6b_full.sh: line 83: [: 0
0: integer expression expected
scripts/collect_glm6b_full.sh: line 83: [: 0
0: integer expression expected
scripts/collect_glm6b_full.sh: line 83: [: 0
0: integer expression expected
scripts/collect_glm6b_full.sh: line 83: [: 0
0: integer expression expected
scripts/collect_glm6b_full.sh: line 83: [: 0
0: integer expression expected
scripts/collect_glm6b_full.sh: line 83: [: 0
0: integer expression expected
scripts/collect_glm6b_full.sh: line 83: [: 0
0: integer expression expected
scripts/collect_glm6b_full.sh: line 83: [: 0
0: integer expression expected
scripts/collect_glm6b_full.sh: line 83: [: 0
0: integer expression expected
scripts/collect_glm6b_full.sh: line 83: [: 0
0: integer expression expected
scripts/collect_glm6b_full.sh: line 83: [: 0
0: integer expression expected
scripts/collect_glm6b_full.sh: line 83: [: 0
0: integer expression expected
scripts/collect_glm6b_full.sh: line 83: [: 0
0: integer expression expected
scripts/collect_glm6b_full.sh: line 83: [: 0
0: integer expression expected
scripts/collect_glm6b_full.sh: line 83: [: 0
0: integer expression expected
scripts/collect_glm6b_full.sh: line 83: [: 0
0: integer expression expected
scripts/collect_glm6b_full.sh: line 83: [: 0
0: integer expression expected
scripts/collect_glm6b_full.sh: line 83: [: 0
0: integer expression expected
scripts/collect_glm6b_full.sh: line 83: [: 0
0: integer expression expected
scripts/collect_glm6b_full.sh: line 83: [: 0
0: integer expression expected
scripts/collect_glm6b_full.sh: line 83: [: 0
0: integer expression expected
scripts/collect_glm6b_full.sh: line 83: [: 0
0: integer expression expected
scripts/collect_glm6b_full.sh: line 83: [: 0
0: integer expression expected
scripts/collect_glm6b_full.sh: line 83: [: 0
0: integer expression expected
scripts/collect_glm6b_full.sh: line 83: [: 0
0: integer expression expected
scripts/collect_glm6b_full.sh: line 83: [: 0
0: integer expression expected
scripts/collect_glm6b_full.sh: line 83: [: 0
0: integer expression expected
scripts/collect_glm6b_full.sh: line 83: [: 0
0: integer expression expected
scripts/collect_glm6b_full.sh: line 83: [: 0
0: integer expression expected
scripts/collect_glm6b_full.sh: line 83: [: 0
0: integer expression expected
scripts/collect_glm6b_full.sh: line 83: [: 0
0: integer expression expected
scripts/collect_glm6b_full.sh: line 83: [: 0
0: integer expression expected
scripts/collect_glm6b_full.sh: line 83: [: 0
0: integer expression expected
scripts/collect_glm6b_full.sh: line 83: [: 0
0: integer expression expected
scripts/collect_glm6b_full.sh: line 83: [: 0
0: integer expression expected
scripts/collect_glm6b_full.sh: line 83: [: 0
0: integer expression expected
scripts/collect_glm6b_full.sh: line 83: [: 0
0: integer expression expected
scripts/collect_glm6b_full.sh: line 83: [: 0
0: integer expression expected
scripts/collect_glm6b_full.sh: line 83: [: 0
0: integer expression expected
scripts/collect_glm6b_full.sh: line 83: [: 0
0: integer expression expected
scripts/collect_glm6b_full.sh: line 83: [: 0
0: integer expression expected
scripts/collect_glm6b_full.sh: line 83: [: 0
0: integer expression expected
scripts/collect_glm6b_full.sh: line 83: [: 0
0: integer expression expected
scripts/collect_glm6b_full.sh: line 83: [: 0
0: integer expression expected
scripts/collect_glm6b_full.sh: line 83: [: 0
0: integer expression expected
scripts/collect_glm6b_full.sh: line 83: [: 0
0: integer expression expected
scripts/collect_glm6b_full.sh: line 83: [: 0
0: integer expression expected
scripts/collect_glm6b_full.sh: line 83: [: 0
0: integer expression expected
scripts/collect_glm6b_full.sh: line 83: [: 0
0: integer expression expected
scripts/collect_glm6b_full.sh: line 83: [: 0
0: integer expression expected
scripts/collect_glm6b_full.sh: line 83: [: 0
0: integer expression expected
scripts/collect_glm6b_full.sh: line 83: [: 0
0: integer expression expected
scripts/collect_glm6b_full.sh: line 83: [: 0
0: integer expression expected
scripts/collect_glm6b_full.sh: line 83: [: 0
0: integer expression expected
scripts/collect_glm6b_full.sh: line 83: [: 0
0: integer expression expected
scripts/collect_glm6b_full.sh: line 83: [: 0
0: integer expression expected
scripts/collect_glm6b_full.sh: line 83: [: 0
0: integer expression expected
scripts/collect_glm6b_full.sh: line 83: [: 0
0: integer expression expected
scripts/collect_glm6b_full.sh: line 83: [: 0
0: integer expression expected
scripts/collect_glm6b_full.sh: line 83: [: 0
0: integer expression expected
scripts/collect_glm6b_full.sh: line 83: [: 0
0: integer expression expected
scripts/collect_glm6b_full.sh: line 83: [: 0
0: integer expression expected
scripts/collect_glm6b_full.sh: line 83: [: 0
0: integer expression expected
scripts/collect_glm6b_full.sh: line 83: [: 0
0: integer expression expected
scripts/collect_glm6b_full.sh: line 83: [: 0
0: integer expression expected
scripts/collect_glm6b_full.sh: line 83: [: 0
0: integer expression expected
scripts/collect_glm6b_full.sh: line 83: [: 0
0: integer expression expected
scripts/collect_glm6b_full.sh: line 83: [: 0
0: integer expression expected
scripts/collect_glm6b_full.sh: line 83: [: 0
0: integer expression expected
scripts/collect_glm6b_full.sh: line 83: [: 0
0: integer expression expected
scripts/collect_glm6b_full.sh: line 83: [: 0
0: integer expression expected
scripts/collect_glm6b_full.sh: line 83: [: 0
0: integer expression expected
scripts/collect_glm6b_full.sh: line 83: [: 0
0: integer expression expected
scripts/collect_glm6b_full.sh: line 83: [: 0
0: integer expression expected
scripts/collect_glm6b_full.sh: line 83: [: 0
0: integer expression expected
scripts/collect_glm6b_full.sh: line 83: [: 0
0: integer expression expected
scripts/collect_glm6b_full.sh: line 83: [: 0
0: integer expression expected
scripts/collect_glm6b_full.sh: line 83: [: 0
0: integer expression expected
scripts/collect_glm6b_full.sh: line 83: [: 0
0: integer expression expected
scripts/collect_glm6b_full.sh: line 83: [: 0
0: integer expression expected
scripts/collect_glm6b_full.sh: line 83: [: 0
0: integer expression expected
scripts/collect_glm6b_full.sh: line 83: [: 0
0: integer expression expected
scripts/collect_glm6b_full.sh: line 83: [: 0
0: integer expression expected
scripts/collect_glm6b_full.sh: line 83: [: 0
0: integer expression expected
scripts/collect_glm6b_full.sh: line 83: [: 0
0: integer expression expected
scripts/collect_glm6b_full.sh: line 83: [: 0
0: integer expression expected
scripts/collect_glm6b_full.sh: line 83: [: 0
0: integer expression expected
scripts/collect_glm6b_full.sh: line 83: [: 0
0: integer expression expected
scripts/collect_glm6b_full.sh: line 83: [: 0
0: integer expression expected
scripts/collect_glm6b_full.sh: line 83: [: 0
0: integer expression expected
scripts/collect_glm6b_full.sh: line 83: [: 0
0: integer expression expected
scripts/collect_glm6b_full.sh: line 83: [: 0
0: integer expression expected
scripts/collect_glm6b_full.sh: line 83: [: 0
0: integer expression expected
scripts/collect_glm6b_full.sh: line 83: [: 0
0: integer expression expected
scripts/collect_glm6b_full.sh: line 83: [: 0
0: integer expression expected
scripts/collect_glm6b_full.sh: line 83: [: 0
0: integer expression expected
scripts/collect_glm6b_full.sh: line 83: [: 0
0: integer expression expected
scripts/collect_glm6b_full.sh: line 83: [: 0
0: integer expression expected
scripts/collect_glm6b_full.sh: line 83: [: 0
0: integer expression expected
scripts/collect_glm6b_full.sh: line 83: [: 0
0: integer expression expected
scripts/collect_glm6b_full.sh: line 83: [: 0
0: integer expression expected
scripts/collect_glm6b_full.sh: line 83: [: 0
0: integer expression expected
scripts/collect_glm6b_full.sh: line 83: [: 0
0: integer expression expected
scripts/collect_glm6b_full.sh: line 83: [: 0
0: integer expression expected
scripts/collect_glm6b_full.sh: line 83: [: 0
0: integer expression expected
scripts/collect_glm6b_full.sh: line 83: [: 0
0: integer expression expected
scripts/collect_glm6b_full.sh: line 83: [: 0
0: integer expression expected
scripts/collect_glm6b_full.sh: line 83: [: 0
0: integer expression expected
scripts/collect_glm6b_full.sh: line 83: [: 0
0: integer expression expected
scripts/collect_glm6b_full.sh: line 83: [: 0
0: integer expression expected
scripts/collect_glm6b_full.sh: line 83: [: 0
0: integer expression expected
scripts/collect_glm6b_full.sh: line 83: [: 0
0: integer expression expected
scripts/collect_glm6b_full.sh: line 83: [: 0
0: integer expression expected
scripts/collect_glm6b_full.sh: line 83: [: 0
0: integer expression expected
scripts/collect_glm6b_full.sh: line 83: [: 0
0: integer expression expected
scripts/collect_glm6b_full.sh: line 83: [: 0
0: integer expression expected
scripts/collect_glm6b_full.sh: line 83: [: 0
0: integer expression expected
scripts/collect_glm6b_full.sh: line 83: [: 0
0: integer expression expected
scripts/collect_glm6b_full.sh: line 83: [: 0
0: integer expression expected
scripts/collect_glm6b_full.sh: line 83: [: 0
0: integer expression expected
scripts/collect_glm6b_full.sh: line 83: [: 0
0: integer expression expected
scripts/collect_glm6b_full.sh: line 83: [: 0
0: integer expression expected
scripts/collect_glm6b_full.sh: line 83: [: 0
0: integer expression expected
scripts/collect_glm6b_full.sh: line 83: [: 0
0: integer expression expected
scripts/collect_glm6b_full.sh: line 83: [: 0
0: integer expression expected
scripts/collect_glm6b_full.sh: line 83: [: 0
0: integer expression expected
scripts/collect_glm6b_full.sh: line 83: [: 0
0: integer expression expected
scripts/collect_glm6b_full.sh: line 83: [: 0
0: integer expression expected
scripts/collect_glm6b_full.sh: line 83: [: 0
0: integer expression expected
scripts/collect_glm6b_full.sh: line 83: [: 0
0: integer expression expected
scripts/collect_glm6b_full.sh: line 83: [: 0
0: integer expression expected
scripts/collect_glm6b_full.sh: line 83: [: 0
0: integer expression expected
scripts/collect_glm6b_full.sh: line 83: [: 0
0: integer expression expected
scripts/collect_glm6b_full.sh: line 83: [: 0
0: integer expression expected
scripts/collect_glm6b_full.sh: line 83: [: 0
0: integer expression expected
scripts/collect_glm6b_full.sh: line 83: [: 0
0: integer expression expected
scripts/collect_glm6b_full.sh: line 83: [: 0
0: integer expression expected
scripts/collect_glm6b_full.sh: line 83: [: 0
0: integer expression expected
scripts/collect_glm6b_full.sh: line 83: [: 0
0: integer expression expected
scripts/collect_glm6b_full.sh: line 83: [: 0
0: integer expression expected
scripts/collect_glm6b_full.sh: line 83: [: 0
0: integer expression expected
scripts/collect_glm6b_full.sh: line 83: [: 0
0: integer expression expected
scripts/collect_glm6b_full.sh: line 83: [: 0
0: integer expression expected
scripts/collect_glm6b_full.sh: line 83: [: 0
0: integer expression expected
scripts/collect_glm6b_full.sh: line 83: [: 0
0: integer expression expected
scripts/collect_glm6b_full.sh: line 83: [: 0
0: integer expression expected
scripts/collect_glm6b_full.sh: line 83: [: 0
0: integer expression expected
scripts/collect_glm6b_full.sh: line 83: [: 0
0: integer expression expected
scripts/collect_glm6b_full.sh: line 83: [: 0
0: integer expression expected
scripts/collect_glm6b_full.sh: line 83: [: 0
0: integer expression expected
scripts/collect_glm6b_full.sh: line 83: [: 0
0: integer expression expected
scripts/collect_glm6b_full.sh: line 83: [: 0
0: integer expression expected
scripts/collect_glm6b_full.sh: line 83: [: 0
0: integer expression expected
scripts/collect_glm6b_full.sh: line 83: [: 0
0: integer expression expected
scripts/collect_glm6b_full.sh: line 83: [: 0
0: integer expression expected
scripts/collect_glm6b_full.sh: line 83: [: 0
0: integer expression expected
scripts/collect_glm6b_full.sh: line 83: [: 0
0: integer expression expected
scripts/collect_glm6b_full.sh: line 83: [: 0
0: integer expression expected
scripts/collect_glm6b_full.sh: line 83: [: 0
0: integer expression expected
scripts/collect_glm6b_full.sh: line 83: [: 0
0: integer expression expected
scripts/collect_glm6b_full.sh: line 83: [: 0
0: integer expression expected
scripts/collect_glm6b_full.sh: line 83: [: 0
0: integer expression expected
scripts/collect_glm6b_full.sh: line 83: [: 0
0: integer expression expected
scripts/collect_glm6b_full.sh: line 83: [: 0
0: integer expression expected
scripts/collect_glm6b_full.sh: line 83: [: 0
0: integer expression expected
scripts/collect_glm6b_full.sh: line 83: [: 0
0: integer expression expected
scripts/collect_glm6b_full.sh: line 83: [: 0
0: integer expression expected
scripts/collect_glm6b_full.sh: line 83: [: 0
0: integer expression expected
scripts/collect_glm6b_full.sh: line 83: [: 0
0: integer expression expected
scripts/collect_glm6b_full.sh: line 83: [: 0
0: integer expression expected
scripts/collect_glm6b_full.sh: line 83: [: 0
0: integer expression expected
scripts/collect_glm6b_full.sh: line 83: [: 0
0: integer expression expected
scripts/collect_glm6b_full.sh: line 83: [: 0
0: integer expression expected
scripts/collect_glm6b_full.sh: line 83: [: 0
0: integer expression expected
scripts/collect_glm6b_full.sh: line 83: [: 0
0: integer expression expected
scripts/collect_glm6b_full.sh: line 83: [: 0
0: integer expression expected
scripts/collect_glm6b_full.sh: line 83: [: 0
0: integer expression expected
scripts/collect_glm6b_full.sh: line 83: [: 0
0: integer expression expected
scripts/collect_glm6b_full.sh: line 83: [: 0
0: integer expression expected
scripts/collect_glm6b_full.sh: line 83: [: 0
0: integer expression expected
scripts/collect_glm6b_full.sh: line 83: [: 0
0: integer expression expected
scripts/collect_glm6b_full.sh: line 83: [: 0
0: integer expression expected
scripts/collect_glm6b_full.sh: line 83: [: 0
0: integer expression expected
scripts/collect_glm6b_full.sh: line 83: [: 0
0: integer expression expected
scripts/collect_glm6b_full.sh: line 83: [: 0
0: integer expression expected
scripts/collect_glm6b_full.sh: line 83: [: 0
0: integer expression expected
scripts/collect_glm6b_full.sh: line 83: [: 0
0: integer expression expected
scripts/collect_glm6b_full.sh: line 83: [: 0
0: integer expression expected
scripts/collect_glm6b_full.sh: line 83: [: 0
0: integer expression expected
scripts/collect_glm6b_full.sh: line 83: [: 0
0: integer expression expected
scripts/collect_glm6b_full.sh: line 83: [: 0
0: integer expression expected
scripts/collect_glm6b_full.sh: line 83: [: 0
0: integer expression expected
scripts/collect_glm6b_full.sh: line 83: [: 0
0: integer expression expected
scripts/collect_glm6b_full.sh: line 83: [: 0
0: integer expression expected
scripts/collect_glm6b_full.sh: line 83: [: 0
0: integer expression expected
scripts/collect_glm6b_full.sh: line 83: [: 0
0: integer expression expected
scripts/collect_glm6b_full.sh: line 83: [: 0
0: integer expression expected
scripts/collect_glm6b_full.sh: line 83: [: 0
0: integer expression expected
scripts/collect_glm6b_full.sh: line 83: [: 0
0: integer expression expected
scripts/collect_glm6b_full.sh: line 83: [: 0
0: integer expression expected
scripts/collect_glm6b_full.sh: line 83: [: 0
0: integer expression expected
scripts/collect_glm6b_full.sh: line 83: [: 0
0: integer expression expected
scripts/collect_glm6b_full.sh: line 83: [: 0
0: integer expression expected
scripts/collect_glm6b_full.sh: line 83: [: 0
0: integer expression expected
scripts/collect_glm6b_full.sh: line 83: [: 0
0: integer expression expected
scripts/collect_glm6b_full.sh: line 83: [: 0
0: integer expression expected
scripts/collect_glm6b_full.sh: line 83: [: 0
0: integer expression expected
scripts/collect_glm6b_full.sh: line 83: [: 0
0: integer expression expected
scripts/collect_glm6b_full.sh: line 83: [: 0
0: integer expression expected
scripts/collect_glm6b_full.sh: line 83: [: 0
0: integer expression expected
scripts/collect_glm6b_full.sh: line 83: [: 0
0: integer expression expected
scripts/collect_glm6b_full.sh: line 83: [: 0
0: integer expression expected
scripts/collect_glm6b_full.sh: line 83: [: 0
0: integer expression expected
scripts/collect_glm6b_full.sh: line 83: [: 0
0: integer expression expected
scripts/collect_glm6b_full.sh: line 83: [: 0
0: integer expression expected
scripts/collect_glm6b_full.sh: line 83: [: 0
0: integer expression expected
scripts/collect_glm6b_full.sh: line 83: [: 0
0: integer expression expected
scripts/collect_glm6b_full.sh: line 83: [: 0
0: integer expression expected
scripts/collect_glm6b_full.sh: line 83: [: 0
0: integer expression expected
scripts/collect_glm6b_full.sh: line 83: [: 0
0: integer expression expected
scripts/collect_glm6b_full.sh: line 83: [: 0
0: integer expression expected
scripts/collect_glm6b_full.sh: line 83: [: 0
0: integer expression expected
scripts/collect_glm6b_full.sh: line 83: [: 0
0: integer expression expected
scripts/collect_glm6b_full.sh: line 83: [: 0
0: integer expression expected
scripts/collect_glm6b_full.sh: line 83: [: 0
0: integer expression expected
scripts/collect_glm6b_full.sh: line 83: [: 0
0: integer expression expected
scripts/collect_glm6b_full.sh: line 83: [: 0
0: integer expression expected
scripts/collect_glm6b_full.sh: line 83: [: 0
0: integer expression expected
scripts/collect_glm6b_full.sh: line 83: [: 0
0: integer expression expected
scripts/collect_glm6b_full.sh: line 83: [: 0
0: integer expression expected
scripts/collect_glm6b_full.sh: line 83: [: 0
0: integer expression expected
scripts/collect_glm6b_full.sh: line 83: [: 0
0: integer expression expected
scripts/collect_glm6b_full.sh: line 83: [: 0
0: integer expression expected
scripts/collect_glm6b_full.sh: line 83: [: 0
0: integer expression expected
scripts/collect_glm6b_full.sh: line 83: [: 0
0: integer expression expected
scripts/collect_glm6b_full.sh: line 83: [: 0
0: integer expression expected
scripts/collect_glm6b_full.sh: line 83: [: 0
0: integer expression expected
scripts/collect_glm6b_full.sh: line 83: [: 0
0: integer expression expected
scripts/collect_glm6b_full.sh: line 83: [: 0
0: integer expression expected
scripts/collect_glm6b_full.sh: line 83: [: 0
0: integer expression expected
scripts/collect_glm6b_full.sh: line 83: [: 0
0: integer expression expected
scripts/collect_glm6b_full.sh: line 83: [: 0
0: integer expression expected
scripts/collect_glm6b_full.sh: line 83: [: 0
0: integer expression expected
scripts/collect_glm6b_full.sh: line 83: [: 0
0: integer expression expected
scripts/collect_glm6b_full.sh: line 83: [: 0
0: integer expression expected
scripts/collect_glm6b_full.sh: line 83: [: 0
0: integer expression expected
scripts/collect_glm6b_full.sh: line 83: [: 0
0: integer expression expected
scripts/collect_glm6b_full.sh: line 83: [: 0
0: integer expression expected
scripts/collect_glm6b_full.sh: line 83: [: 0
0: integer expression expected
scripts/collect_glm6b_full.sh: line 83: [: 0
0: integer expression expected
scripts/collect_glm6b_full.sh: line 83: [: 0
0: integer expression expected
scripts/collect_glm6b_full.sh: line 83: [: 0
0: integer expression expected
scripts/collect_glm6b_full.sh: line 83: [: 0
0: integer expression expected
scripts/collect_glm6b_full.sh: line 83: [: 0
0: integer expression expected
scripts/collect_glm6b_full.sh: line 83: [: 0
0: integer expression expected
scripts/collect_glm6b_full.sh: line 83: [: 0
0: integer expression expected
scripts/collect_glm6b_full.sh: line 83: [: 0
0: integer expression expected
scripts/collect_glm6b_full.sh: line 83: [: 0
0: integer expression expected
scripts/collect_glm6b_full.sh: line 83: [: 0
0: integer expression expected
scripts/collect_glm6b_full.sh: line 83: [: 0
0: integer expression expected
scripts/collect_glm6b_full.sh: line 83: [: 0
0: integer expression expected
scripts/collect_glm6b_full.sh: line 83: [: 0
0: integer expression expected
scripts/collect_glm6b_full.sh: line 83: [: 0
0: integer expression expected
scripts/collect_glm6b_full.sh: line 83: [: 0
0: integer expression expected
scripts/collect_glm6b_full.sh: line 83: [: 0
0: integer expression expected
scripts/collect_glm6b_full.sh: line 83: [: 0
0: integer expression expected
scripts/collect_glm6b_full.sh: line 83: [: 0
0: integer expression expected
scripts/collect_glm6b_full.sh: line 83: [: 0
0: integer expression expected
scripts/collect_glm6b_full.sh: line 83: [: 0
0: integer expression expected
scripts/collect_glm6b_full.sh: line 83: [: 0
0: integer expression expected
scripts/collect_glm6b_full.sh: line 83: [: 0
0: integer expression expected
scripts/collect_glm6b_full.sh: line 83: [: 0
0: integer expression expected
scripts/collect_glm6b_full.sh: line 83: [: 0
0: integer expression expected
scripts/collect_glm6b_full.sh: line 83: [: 0
0: integer expression expected
scripts/collect_glm6b_full.sh: line 83: [: 0
0: integer expression expected
scripts/collect_glm6b_full.sh: line 83: [: 0
0: integer expression expected
scripts/collect_glm6b_full.sh: line 83: [: 0
0: integer expression expected
scripts/collect_glm6b_full.sh: line 83: [: 0
0: integer expression expected
scripts/collect_glm6b_full.sh: line 83: [: 0
0: integer expression expected
scripts/collect_glm6b_full.sh: line 83: [: 0
0: integer expression expected
scripts/collect_glm6b_full.sh: line 83: [: 0
0: integer expression expected
scripts/collect_glm6b_full.sh: line 83: [: 0
0: integer expression expected
scripts/collect_glm6b_full.sh: line 83: [: 0
0: integer expression expected
scripts/collect_glm6b_full.sh: line 83: [: 0
0: integer expression expected
scripts/collect_glm6b_full.sh: line 83: [: 0
0: integer expression expected
scripts/collect_glm6b_full.sh: line 83: [: 0
0: integer expression expected
scripts/collect_glm6b_full.sh: line 83: [: 0
0: integer expression expected
scripts/collect_glm6b_full.sh: line 83: [: 0
0: integer expression expected
scripts/collect_glm6b_full.sh: line 83: [: 0
0: integer expression expected
scripts/collect_glm6b_full.sh: line 83: [: 0
0: integer expression expected
scripts/collect_glm6b_full.sh: line 83: [: 0
0: integer expression expected
scripts/collect_glm6b_full.sh: line 83: [: 0
0: integer expression expected
scripts/collect_glm6b_full.sh: line 83: [: 0
0: integer expression expected
scripts/collect_glm6b_full.sh: line 83: [: 0
0: integer expression expected
scripts/collect_glm6b_full.sh: line 83: [: 0
0: integer expression expected
scripts/collect_glm6b_full.sh: line 83: [: 0
0: integer expression expected
scripts/collect_glm6b_full.sh: line 83: [: 0
0: integer expression expected
scripts/collect_glm6b_full.sh: line 83: [: 0
0: integer expression expected
scripts/collect_glm6b_full.sh: line 83: [: 0
0: integer expression expected
scripts/collect_glm6b_full.sh: line 83: [: 0
0: integer expression expected
scripts/collect_glm6b_full.sh: line 83: [: 0
0: integer expression expected
scripts/collect_glm6b_full.sh: line 83: [: 0
0: integer expression expected
scripts/collect_glm6b_full.sh: line 83: [: 0
0: integer expression expected
scripts/collect_glm6b_full.sh: line 83: [: 0
0: integer expression expected
scripts/collect_glm6b_full.sh: line 83: [: 0
0: integer expression expected
scripts/collect_glm6b_full.sh: line 83: [: 0
0: integer expression expected
scripts/collect_glm6b_full.sh: line 83: [: 0
0: integer expression expected
scripts/collect_glm6b_full.sh: line 83: [: 0
0: integer expression expected
scripts/collect_glm6b_full.sh: line 83: [: 0
0: integer expression expected
scripts/collect_glm6b_full.sh: line 83: [: 0
0: integer expression expected
scripts/collect_glm6b_full.sh: line 83: [: 0
0: integer expression expected
scripts/collect_glm6b_full.sh: line 83: [: 0
0: integer expression expected
scripts/collect_glm6b_full.sh: line 83: [: 0
0: integer expression expected
scripts/collect_glm6b_full.sh: line 83: [: 0
0: integer expression expected
scripts/collect_glm6b_full.sh: line 83: [: 0
0: integer expression expected
scripts/collect_glm6b_full.sh: line 83: [: 0
0: integer expression expected
scripts/collect_glm6b_full.sh: line 83: [: 0
0: integer expression expected
scripts/collect_glm6b_full.sh: line 83: [: 0
0: integer expression expected
scripts/collect_glm6b_full.sh: line 83: [: 0
0: integer expression expected
scripts/collect_glm6b_full.sh: line 83: [: 0
0: integer expression expected
scripts/collect_glm6b_full.sh: line 83: [: 0
0: integer expression expected
scripts/collect_glm6b_full.sh: line 83: [: 0
0: integer expression expected
scripts/collect_glm6b_full.sh: line 83: [: 0
0: integer expression expected
scripts/collect_glm6b_full.sh: line 83: [: 0
0: integer expression expected
scripts/collect_glm6b_full.sh: line 83: [: 0
0: integer expression expected
scripts/collect_glm6b_full.sh: line 83: [: 0
0: integer expression expected
scripts/collect_glm6b_full.sh: line 83: [: 0
0: integer expression expected
scripts/collect_glm6b_full.sh: line 83: [: 0
0: integer expression expected
scripts/collect_glm6b_full.sh: line 83: [: 0
0: integer expression expected
scripts/collect_glm6b_full.sh: line 83: [: 0
0: integer expression expected
scripts/collect_glm6b_full.sh: line 83: [: 0
0: integer expression expected
scripts/collect_glm6b_full.sh: line 83: [: 0
0: integer expression expected
scripts/collect_glm6b_full.sh: line 83: [: 0
0: integer expression expected
scripts/collect_glm6b_full.sh: line 83: [: 0
0: integer expression expected
scripts/collect_glm6b_full.sh: line 83: [: 0
0: integer expression expected
scripts/collect_glm6b_full.sh: line 83: [: 0
0: integer expression expected
scripts/collect_glm6b_full.sh: line 83: [: 0
0: integer expression expected
scripts/collect_glm6b_full.sh: line 83: [: 0
0: integer expression expected
scripts/collect_glm6b_full.sh: line 83: [: 0
0: integer expression expected
scripts/collect_glm6b_full.sh: line 83: [: 0
0: integer expression expected
scripts/collect_glm6b_full.sh: line 83: [: 0
0: integer expression expected
scripts/collect_glm6b_full.sh: line 83: [: 0
0: integer expression expected
scripts/collect_glm6b_full.sh: line 83: [: 0
0: integer expression expected
scripts/collect_glm6b_full.sh: line 83: [: 0
0: integer expression expected
scripts/collect_glm6b_full.sh: line 83: [: 0
0: integer expression expected
scripts/collect_glm6b_full.sh: line 83: [: 0
0: integer expression expected
scripts/collect_glm6b_full.sh: line 83: [: 0
0: integer expression expected
scripts/collect_glm6b_full.sh: line 83: [: 0
0: integer expression expected
scripts/collect_glm6b_full.sh: line 83: [: 0
0: integer expression expected
scripts/collect_glm6b_full.sh: line 83: [: 0
0: integer expression expected
scripts/collect_glm6b_full.sh: line 83: [: 0
0: integer expression expected
scripts/collect_glm6b_full.sh: line 83: [: 0
0: integer expression expected
scripts/collect_glm6b_full.sh: line 83: [: 0
0: integer expression expected
scripts/collect_glm6b_full.sh: line 83: [: 0
0: integer expression expected
scripts/collect_glm6b_full.sh: line 83: [: 0
0: integer expression expected
scripts/collect_glm6b_full.sh: line 83: [: 0
0: integer expression expected
scripts/collect_glm6b_full.sh: line 83: [: 0
0: integer expression expected
scripts/collect_glm6b_full.sh: line 83: [: 0
0: integer expression expected
scripts/collect_glm6b_full.sh: line 83: [: 0
0: integer expression expected
scripts/collect_glm6b_full.sh: line 83: [: 0
0: integer expression expected
scripts/collect_glm6b_full.sh: line 83: [: 0
0: integer expression expected
scripts/collect_glm6b_full.sh: line 83: [: 0
0: integer expression expected
scripts/collect_glm6b_full.sh: line 83: [: 0
0: integer expression expected
scripts/collect_glm6b_full.sh: line 83: [: 0
0: integer expression expected
scripts/collect_glm6b_full.sh: line 83: [: 0
0: integer expression expected
scripts/collect_glm6b_full.sh: line 83: [: 0
0: integer expression expected
scripts/collect_glm6b_full.sh: line 83: [: 0
0: integer expression expected
scripts/collect_glm6b_full.sh: line 83: [: 0
0: integer expression expected
scripts/collect_glm6b_full.sh: line 83: [: 0
0: integer expression expected
scripts/collect_glm6b_full.sh: line 83: [: 0
0: integer expression expected
scripts/collect_glm6b_full.sh: line 83: [: 0
0: integer expression expected
scripts/collect_glm6b_full.sh: line 83: [: 0
0: integer expression expected
scripts/collect_glm6b_full.sh: line 83: [: 0
0: integer expression expected
scripts/collect_glm6b_full.sh: line 83: [: 0
0: integer expression expected
scripts/collect_glm6b_full.sh: line 83: [: 0
0: integer expression expected
scripts/collect_glm6b_full.sh: line 83: [: 0
0: integer expression expected
scripts/collect_glm6b_full.sh: line 83: [: 0
0: integer expression expected
scripts/collect_glm6b_full.sh: line 83: [: 0
0: integer expression expected
scripts/collect_glm6b_full.sh: line 83: [: 0
0: integer expression expected
scripts/collect_glm6b_full.sh: line 83: [: 0
0: integer expression expected
scripts/collect_glm6b_full.sh: line 83: [: 0
0: integer expression expected
scripts/collect_glm6b_full.sh: line 83: [: 0
0: integer expression expected
scripts/collect_glm6b_full.sh: line 83: [: 0
0: integer expression expected
scripts/collect_glm6b_full.sh: line 83: [: 0
0: integer expression expected
scripts/collect_glm6b_full.sh: line 83: [: 0
0: integer expression expected
scripts/collect_glm6b_full.sh: line 83: [: 0
0: integer expression expected
scripts/collect_glm6b_full.sh: line 83: [: 0
0: integer expression expected
scripts/collect_glm6b_full.sh: line 83: [: 0
0: integer expression expected
scripts/collect_glm6b_full.sh: line 83: [: 0
0: integer expression expected
scripts/collect_glm6b_full.sh: line 83: [: 0
0: integer expression expected
scripts/collect_glm6b_full.sh: line 83: [: 0
0: integer expression expected
scripts/collect_glm6b_full.sh: line 83: [: 0
0: integer expression expected
scripts/collect_glm6b_full.sh: line 83: [: 0
0: integer expression expected
scripts/collect_glm6b_full.sh: line 83: [: 0
0: integer expression expected
scripts/collect_glm6b_full.sh: line 83: [: 0
0: integer expression expected
scripts/collect_glm6b_full.sh: line 83: [: 0
0: integer expression expected
scripts/collect_glm6b_full.sh: line 83: [: 0
0: integer expression expected
scripts/collect_glm6b_full.sh: line 83: [: 0
0: integer expression expected
scripts/collect_glm6b_full.sh: line 83: [: 0
0: integer expression expected
scripts/collect_glm6b_full.sh: line 83: [: 0
0: integer expression expected
scripts/collect_glm6b_full.sh: line 83: [: 0
0: integer expression expected
scripts/collect_glm6b_full.sh: line 83: [: 0
0: integer expression expected
scripts/collect_glm6b_full.sh: line 83: [: 0
0: integer expression expected
scripts/collect_glm6b_full.sh: line 83: [: 0
0: integer expression expected
scripts/collect_glm6b_full.sh: line 83: [: 0
0: integer expression expected
scripts/collect_glm6b_full.sh: line 83: [: 0
0: integer expression expected
scripts/collect_glm6b_full.sh: line 83: [: 0
0: integer expression expected
scripts/collect_glm6b_full.sh: line 83: [: 0
0: integer expression expected
scripts/collect_glm6b_full.sh: line 83: [: 0
0: integer expression expected
scripts/collect_glm6b_full.sh: line 83: [: 0
0: integer expression expected
scripts/collect_glm6b_full.sh: line 83: [: 0
0: integer expression expected
scripts/collect_glm6b_full.sh: line 83: [: 0
0: integer expression expected
scripts/collect_glm6b_full.sh: line 83: [: 0
0: integer expression expected
scripts/collect_glm6b_full.sh: line 83: [: 0
0: integer expression expected
scripts/collect_glm6b_full.sh: line 83: [: 0
0: integer expression expected
scripts/collect_glm6b_full.sh: line 83: [: 0
0: integer expression expected
scripts/collect_glm6b_full.sh: line 83: [: 0
0: integer expression expected
scripts/collect_glm6b_full.sh: line 83: [: 0
0: integer expression expected
scripts/collect_glm6b_full.sh: line 83: [: 0
0: integer expression expected
scripts/collect_glm6b_full.sh: line 83: [: 0
0: integer expression expected
scripts/collect_glm6b_full.sh: line 83: [: 0
0: integer expression expected
scripts/collect_glm6b_full.sh: line 83: [: 0
0: integer expression expected
scripts/collect_glm6b_full.sh: line 83: [: 0
0: integer expression expected
scripts/collect_glm6b_full.sh: line 83: [: 0
0: integer expression expected
scripts/collect_glm6b_full.sh: line 83: [: 0
0: integer expression expected
scripts/collect_glm6b_full.sh: line 83: [: 0
0: integer expression expected
scripts/collect_glm6b_full.sh: line 83: [: 0
0: integer expression expected
scripts/collect_glm6b_full.sh: line 83: [: 0
0: integer expression expected
scripts/collect_glm6b_full.sh: line 83: [: 0
0: integer expression expected
scripts/collect_glm6b_full.sh: line 83: [: 0
0: integer expression expected
scripts/collect_glm6b_full.sh: line 83: [: 0
0: integer expression expected
scripts/collect_glm6b_full.sh: line 83: [: 0
0: integer expression expected
scripts/collect_glm6b_full.sh: line 83: [: 0
0: integer expression expected
scripts/collect_glm6b_full.sh: line 83: [: 0
0: integer expression expected
scripts/collect_glm6b_full.sh: line 83: [: 0
0: integer expression expected
scripts/collect_glm6b_full.sh: line 83: [: 0
0: integer expression expected
scripts/collect_glm6b_full.sh: line 83: [: 0
0: integer expression expected
scripts/collect_glm6b_full.sh: line 83: [: 0
0: integer expression expected
scripts/collect_glm6b_full.sh: line 83: [: 0
0: integer expression expected
scripts/collect_glm6b_full.sh: line 83: [: 0
0: integer expression expected
scripts/collect_glm6b_full.sh: line 83: [: 0
0: integer expression expected
scripts/collect_glm6b_full.sh: line 83: [: 0
0: integer expression expected
scripts/collect_glm6b_full.sh: line 83: [: 0
0: integer expression expected
scripts/collect_glm6b_full.sh: line 83: [: 0
0: integer expression expected
scripts/collect_glm6b_full.sh: line 83: [: 0
0: integer expression expected
scripts/collect_glm6b_full.sh: line 83: [: 0
0: integer expression expected
scripts/collect_glm6b_full.sh: line 83: [: 0
0: integer expression expected
scripts/collect_glm6b_full.sh: line 83: [: 0
0: integer expression expected
scripts/collect_glm6b_full.sh: line 83: [: 0
0: integer expression expected
scripts/collect_glm6b_full.sh: line 83: [: 0
0: integer expression expected
scripts/collect_glm6b_full.sh: line 83: [: 0
0: integer expression expected
scripts/collect_glm6b_full.sh: line 83: [: 0
0: integer expression expected
scripts/collect_glm6b_full.sh: line 83: [: 0
0: integer expression expected
scripts/collect_glm6b_full.sh: line 83: [: 0
0: integer expression expected
scripts/collect_glm6b_full.sh: line 83: [: 0
0: integer expression expected
scripts/collect_glm6b_full.sh: line 83: [: 0
0: integer expression expected
scripts/collect_glm6b_full.sh: line 83: [: 0
0: integer expression expected
scripts/collect_glm6b_full.sh: line 83: [: 0
0: integer expression expected
scripts/collect_glm6b_full.sh: line 83: [: 0
0: integer expression expected
scripts/collect_glm6b_full.sh: line 83: [: 0
0: integer expression expected
scripts/collect_glm6b_full.sh: line 83: [: 0
0: integer expression expected
scripts/collect_glm6b_full.sh: line 83: [: 0
0: integer expression expected
scripts/collect_glm6b_full.sh: line 83: [: 0
0: integer expression expected
scripts/collect_glm6b_full.sh: line 83: [: 0
0: integer expression expected
scripts/collect_glm6b_full.sh: line 83: [: 0
0: integer expression expected
scripts/collect_glm6b_full.sh: line 83: [: 0
0: integer expression expected
scripts/collect_glm6b_full.sh: line 83: [: 0
0: integer expression expected
scripts/collect_glm6b_full.sh: line 83: [: 0
0: integer expression expected
scripts/collect_glm6b_full.sh: line 83: [: 0
0: integer expression expected
scripts/collect_glm6b_full.sh: line 83: [: 0
0: integer expression expected
scripts/collect_glm6b_full.sh: line 83: [: 0
0: integer expression expected
scripts/collect_glm6b_full.sh: line 83: [: 0
0: integer expression expected
scripts/collect_glm6b_full.sh: line 83: [: 0
0: integer expression expected
scripts/collect_glm6b_full.sh: line 83: [: 0
0: integer expression expected
scripts/collect_glm6b_full.sh: line 83: [: 0
0: integer expression expected
scripts/collect_glm6b_full.sh: line 83: [: 0
0: integer expression expected
scripts/collect_glm6b_full.sh: line 83: [: 0
0: integer expression expected
scripts/collect_glm6b_full.sh: line 83: [: 0
0: integer expression expected
scripts/collect_glm6b_full.sh: line 83: [: 0
0: integer expression expected
scripts/collect_glm6b_full.sh: line 83: [: 0
0: integer expression expected
scripts/collect_glm6b_full.sh: line 83: [: 0
0: integer expression expected
scripts/collect_glm6b_full.sh: line 83: [: 0
0: integer expression expected
scripts/collect_glm6b_full.sh: line 83: [: 0
0: integer expression expected
scripts/collect_glm6b_full.sh: line 83: [: 0
0: integer expression expected
scripts/collect_glm6b_full.sh: line 83: [: 0
0: integer expression expected
scripts/collect_glm6b_full.sh: line 83: [: 0
0: integer expression expected
scripts/collect_glm6b_full.sh: line 83: [: 0
0: integer expression expected
scripts/collect_glm6b_full.sh: line 83: [: 0
0: integer expression expected
scripts/collect_glm6b_full.sh: line 83: [: 0
0: integer expression expected
scripts/collect_glm6b_full.sh: line 83: [: 0
0: integer expression expected
scripts/collect_glm6b_full.sh: line 83: [: 0
0: integer expression expected
scripts/collect_glm6b_full.sh: line 83: [: 0
0: integer expression expected
scripts/collect_glm6b_full.sh: line 83: [: 0
0: integer expression expected
scripts/collect_glm6b_full.sh: line 83: [: 0
0: integer expression expected
scripts/collect_glm6b_full.sh: line 83: [: 0
0: integer expression expected
scripts/collect_glm6b_full.sh: line 83: [: 0
0: integer expression expected
scripts/collect_glm6b_full.sh: line 83: [: 0
0: integer expression expected
scripts/collect_glm6b_full.sh: line 83: [: 0
0: integer expression expected
scripts/collect_glm6b_full.sh: line 83: [: 0
0: integer expression expected
scripts/collect_glm6b_full.sh: line 83: [: 0
0: integer expression expected
scripts/collect_glm6b_full.sh: line 83: [: 0
0: integer expression expected
scripts/collect_glm6b_full.sh: line 83: [: 0
0: integer expression expected
scripts/collect_glm6b_full.sh: line 83: [: 0
0: integer expression expected
scripts/collect_glm6b_full.sh: line 83: [: 0
0: integer expression expected
scripts/collect_glm6b_full.sh: line 83: [: 0
0: integer expression expected
scripts/collect_glm6b_full.sh: line 83: [: 0
0: integer expression expected
scripts/collect_glm6b_full.sh: line 83: [: 0
0: integer expression expected
scripts/collect_glm6b_full.sh: line 83: [: 0
0: integer expression expected
scripts/collect_glm6b_full.sh: line 83: [: 0
0: integer expression expected
scripts/collect_glm6b_full.sh: line 83: [: 0
0: integer expression expected
scripts/collect_glm6b_full.sh: line 83: [: 0
0: integer expression expected
scripts/collect_glm6b_full.sh: line 83: [: 0
0: integer expression expected
scripts/collect_glm6b_full.sh: line 83: [: 0
0: integer expression expected
scripts/collect_glm6b_full.sh: line 83: [: 0
0: integer expression expected
scripts/collect_glm6b_full.sh: line 83: [: 0
0: integer expression expected
scripts/collect_glm6b_full.sh: line 83: [: 0
0: integer expression expected
scripts/collect_glm6b_full.sh: line 83: [: 0
0: integer expression expected
scripts/collect_glm6b_full.sh: line 83: [: 0
0: integer expression expected
scripts/collect_glm6b_full.sh: line 83: [: 0
0: integer expression expected
scripts/collect_glm6b_full.sh: line 83: [: 0
0: integer expression expected
scripts/collect_glm6b_full.sh: line 83: [: 0
0: integer expression expected
scripts/collect_glm6b_full.sh: line 83: [: 0
0: integer expression expected
scripts/collect_glm6b_full.sh: line 83: [: 0
0: integer expression expected
scripts/collect_glm6b_full.sh: line 83: [: 0
0: integer expression expected
scripts/collect_glm6b_full.sh: line 83: [: 0
0: integer expression expected
scripts/collect_glm6b_full.sh: line 83: [: 0
0: integer expression expected
scripts/collect_glm6b_full.sh: line 83: [: 0
0: integer expression expected
scripts/collect_glm6b_full.sh: line 83: [: 0
0: integer expression expected
scripts/collect_glm6b_full.sh: line 83: [: 0
0: integer expression expected
scripts/collect_glm6b_full.sh: line 83: [: 0
0: integer expression expected
scripts/collect_glm6b_full.sh: line 83: [: 0
0: integer expression expected
scripts/collect_glm6b_full.sh: line 83: [: 0
0: integer expression expected
scripts/collect_glm6b_full.sh: line 83: [: 0
0: integer expression expected
scripts/collect_glm6b_full.sh: line 83: [: 0
0: integer expression expected
scripts/collect_glm6b_full.sh: line 83: [: 0
0: integer expression expected
scripts/collect_glm6b_full.sh: line 83: [: 0
0: integer expression expected
scripts/collect_glm6b_full.sh: line 83: [: 0
0: integer expression expected
scripts/collect_glm6b_full.sh: line 83: [: 0
0: integer expression expected
scripts/collect_glm6b_full.sh: line 83: [: 0
0: integer expression expected
scripts/collect_glm6b_full.sh: line 83: [: 0
0: integer expression expected
scripts/collect_glm6b_full.sh: line 83: [: 0
0: integer expression expected
scripts/collect_glm6b_full.sh: line 83: [: 0
0: integer expression expected
scripts/collect_glm6b_full.sh: line 83: [: 0
0: integer expression expected
scripts/collect_glm6b_full.sh: line 83: [: 0
0: integer expression expected
scripts/collect_glm6b_full.sh: line 83: [: 0
0: integer expression expected
scripts/collect_glm6b_full.sh: line 83: [: 0
0: integer expression expected
scripts/collect_glm6b_full.sh: line 83: [: 0
0: integer expression expected
scripts/collect_glm6b_full.sh: line 83: [: 0
0: integer expression expected
scripts/collect_glm6b_full.sh: line 83: [: 0
0: integer expression expected
scripts/collect_glm6b_full.sh: line 83: [: 0
0: integer expression expected
scripts/collect_glm6b_full.sh: line 83: [: 0
0: integer expression expected
scripts/collect_glm6b_full.sh: line 83: [: 0
0: integer expression expected
scripts/collect_glm6b_full.sh: line 83: [: 0
0: integer expression expected
scripts/collect_glm6b_full.sh: line 83: [: 0
0: integer expression expected
scripts/collect_glm6b_full.sh: line 83: [: 0
0: integer expression expected
scripts/collect_glm6b_full.sh: line 83: [: 0
0: integer expression expected
scripts/collect_glm6b_full.sh: line 83: [: 0
0: integer expression expected
scripts/collect_glm6b_full.sh: line 83: [: 0
0: integer expression expected
scripts/collect_glm6b_full.sh: line 83: [: 0
0: integer expression expected
scripts/collect_glm6b_full.sh: line 83: [: 0
0: integer expression expected
scripts/collect_glm6b_full.sh: line 83: [: 0
0: integer expression expected
scripts/collect_glm6b_full.sh: line 83: [: 0
0: integer expression expected
scripts/collect_glm6b_full.sh: line 83: [: 0
0: integer expression expected
scripts/collect_glm6b_full.sh: line 83: [: 0
0: integer expression expected
scripts/collect_glm6b_full.sh: line 83: [: 0
0: integer expression expected
scripts/collect_glm6b_full.sh: line 83: [: 0
0: integer expression expected
scripts/collect_glm6b_full.sh: line 83: [: 0
0: integer expression expected
scripts/collect_glm6b_full.sh: line 83: [: 0
0: integer expression expected
scripts/collect_glm6b_full.sh: line 83: [: 0
0: integer expression expected
scripts/collect_glm6b_full.sh: line 83: [: 0
0: integer expression expected
scripts/collect_glm6b_full.sh: line 83: [: 0
0: integer expression expected
scripts/collect_glm6b_full.sh: line 83: [: 0
0: integer expression expected
scripts/collect_glm6b_full.sh: line 83: [: 0
0: integer expression expected
scripts/collect_glm6b_full.sh: line 83: [: 0
0: integer expression expected
scripts/collect_glm6b_full.sh: line 83: [: 0
0: integer expression expected
scripts/collect_glm6b_full.sh: line 83: [: 0
0: integer expression expected
scripts/collect_glm6b_full.sh: line 83: [: 0
0: integer expression expected
scripts/collect_glm6b_full.sh: line 83: [: 0
0: integer expression expected
scripts/collect_glm6b_full.sh: line 83: [: 0
0: integer expression expected
scripts/collect_glm6b_full.sh: line 83: [: 0
0: integer expression expected
scripts/collect_glm6b_full.sh: line 83: [: 0
0: integer expression expected
scripts/collect_glm6b_full.sh: line 83: [: 0
0: integer expression expected
scripts/collect_glm6b_full.sh: line 83: [: 0
0: integer expression expected
scripts/collect_glm6b_full.sh: line 83: [: 0
0: integer expression expected
scripts/collect_glm6b_full.sh: line 83: [: 0
0: integer expression expected
scripts/collect_glm6b_full.sh: line 83: [: 0
0: integer expression expected
scripts/collect_glm6b_full.sh: line 83: [: 0
0: integer expression expected
scripts/collect_glm6b_full.sh: line 83: [: 0
0: integer expression expected
scripts/collect_glm6b_full.sh: line 83: [: 0
0: integer expression expected
scripts/collect_glm6b_full.sh: line 83: [: 0
0: integer expression expected
scripts/collect_glm6b_full.sh: line 83: [: 0
0: integer expression expected
scripts/collect_glm6b_full.sh: line 83: [: 0
0: integer expression expected
scripts/collect_glm6b_full.sh: line 83: [: 0
0: integer expression expected
scripts/collect_glm6b_full.sh: line 83: [: 0
0: integer expression expected
scripts/collect_glm6b_full.sh: line 83: [: 0
0: integer expression expected
scripts/collect_glm6b_full.sh: line 83: [: 0
0: integer expression expected
scripts/collect_glm6b_full.sh: line 83: [: 0
0: integer expression expected
scripts/collect_glm6b_full.sh: line 83: [: 0
0: integer expression expected
scripts/collect_glm6b_full.sh: line 83: [: 0
0: integer expression expected
scripts/collect_glm6b_full.sh: line 83: [: 0
0: integer expression expected
scripts/collect_glm6b_full.sh: line 83: [: 0
0: integer expression expected
scripts/collect_glm6b_full.sh: line 83: [: 0
0: integer expression expected
scripts/collect_glm6b_full.sh: line 83: [: 0
0: integer expression expected
scripts/collect_glm6b_full.sh: line 83: [: 0
0: integer expression expected
scripts/collect_glm6b_full.sh: line 83: [: 0
0: integer expression expected
scripts/collect_glm6b_full.sh: line 83: [: 0
0: integer expression expected
scripts/collect_glm6b_full.sh: line 83: [: 0
0: integer expression expected
scripts/collect_glm6b_full.sh: line 83: [: 0
0: integer expression expected
scripts/collect_glm6b_full.sh: line 83: [: 0
0: integer expression expected
scripts/collect_glm6b_full.sh: line 83: [: 0
0: integer expression expected
scripts/collect_glm6b_full.sh: line 83: [: 0
0: integer expression expected
scripts/collect_glm6b_full.sh: line 83: [: 0
0: integer expression expected
scripts/collect_glm6b_full.sh: line 83: [: 0
0: integer expression expected
scripts/collect_glm6b_full.sh: line 83: [: 0
0: integer expression expected
scripts/collect_glm6b_full.sh: line 83: [: 0
0: integer expression expected
scripts/collect_glm6b_full.sh: line 83: [: 0
0: integer expression expected
scripts/collect_glm6b_full.sh: line 83: [: 0
0: integer expression expected
scripts/collect_glm6b_full.sh: line 83: [: 0
0: integer expression expected
scripts/collect_glm6b_full.sh: line 83: [: 0
0: integer expression expected
scripts/collect_glm6b_full.sh: line 83: [: 0
0: integer expression expected
scripts/collect_glm6b_full.sh: line 83: [: 0
0: integer expression expected
scripts/collect_glm6b_full.sh: line 83: [: 0
0: integer expression expected
scripts/collect_glm6b_full.sh: line 83: [: 0
0: integer expression expected
scripts/collect_glm6b_full.sh: line 83: [: 0
0: integer expression expected
scripts/collect_glm6b_full.sh: line 83: [: 0
0: integer expression expected
scripts/collect_glm6b_full.sh: line 83: [: 0
0: integer expression expected
scripts/collect_glm6b_full.sh: line 83: [: 0
0: integer expression expected
scripts/collect_glm6b_full.sh: line 83: [: 0
0: integer expression expected
scripts/collect_glm6b_full.sh: line 83: [: 0
0: integer expression expected
scripts/collect_glm6b_full.sh: line 83: [: 0
0: integer expression expected
scripts/collect_glm6b_full.sh: line 83: [: 0
0: integer expression expected
scripts/collect_glm6b_full.sh: line 83: [: 0
0: integer expression expected
scripts/collect_glm6b_full.sh: line 83: [: 0
0: integer expression expected
scripts/collect_glm6b_full.sh: line 83: [: 0
0: integer expression expected
scripts/collect_glm6b_full.sh: line 83: [: 0
0: integer expression expected
scripts/collect_glm6b_full.sh: line 83: [: 0
0: integer expression expected
scripts/collect_glm6b_full.sh: line 83: [: 0
0: integer expression expected
scripts/collect_glm6b_full.sh: line 83: [: 0
0: integer expression expected
scripts/collect_glm6b_full.sh: line 83: [: 0
0: integer expression expected
scripts/collect_glm6b_full.sh: line 83: [: 0
0: integer expression expected
scripts/collect_glm6b_full.sh: line 83: [: 0
0: integer expression expected
scripts/collect_glm6b_full.sh: line 83: [: 0
0: integer expression expected
scripts/collect_glm6b_full.sh: line 83: [: 0
0: integer expression expected
scripts/collect_glm6b_full.sh: line 83: [: 0
0: integer expression expected
scripts/collect_glm6b_full.sh: line 83: [: 0
0: integer expression expected
scripts/collect_glm6b_full.sh: line 83: [: 0
0: integer expression expected
scripts/collect_glm6b_full.sh: line 83: [: 0
0: integer expression expected
scripts/collect_glm6b_full.sh: line 83: [: 0
0: integer expression expected
scripts/collect_glm6b_full.sh: line 83: [: 0
0: integer expression expected
scripts/collect_glm6b_full.sh: line 83: [: 0
0: integer expression expected
scripts/collect_glm6b_full.sh: line 83: [: 0
0: integer expression expected
scripts/collect_glm6b_full.sh: line 83: [: 0
0: integer expression expected
scripts/collect_glm6b_full.sh: line 83: [: 0
0: integer expression expected
scripts/collect_glm6b_full.sh: line 83: [: 0
0: integer expression expected
scripts/collect_glm6b_full.sh: line 83: [: 0
0: integer expression expected
scripts/collect_glm6b_full.sh: line 83: [: 0
0: integer expression expected
scripts/collect_glm6b_full.sh: line 83: [: 0
0: integer expression expected
scripts/collect_glm6b_full.sh: line 83: [: 0
0: integer expression expected
scripts/collect_glm6b_full.sh: line 83: [: 0
0: integer expression expected
scripts/collect_glm6b_full.sh: line 83: [: 0
0: integer expression expected
scripts/collect_glm6b_full.sh: line 83: [: 0
0: integer expression expected
scripts/collect_glm6b_full.sh: line 83: [: 0
0: integer expression expected
scripts/collect_glm6b_full.sh: line 83: [: 0
0: integer expression expected
scripts/collect_glm6b_full.sh: line 83: [: 0
0: integer expression expected
scripts/collect_glm6b_full.sh: line 83: [: 0
0: integer expression expected
scripts/collect_glm6b_full.sh: line 83: [: 0
0: integer expression expected
scripts/collect_glm6b_full.sh: line 83: [: 0
0: integer expression expected
scripts/collect_glm6b_full.sh: line 83: [: 0
0: integer expression expected
scripts/collect_glm6b_full.sh: line 83: [: 0
0: integer expression expected
scripts/collect_glm6b_full.sh: line 83: [: 0
0: integer expression expected
scripts/collect_glm6b_full.sh: line 83: [: 0
0: integer expression expected
scripts/collect_glm6b_full.sh: line 83: [: 0
0: integer expression expected
scripts/collect_glm6b_full.sh: line 83: [: 0
0: integer expression expected
scripts/collect_glm6b_full.sh: line 83: [: 0
0: integer expression expected
scripts/collect_glm6b_full.sh: line 83: [: 0
0: integer expression expected
scripts/collect_glm6b_full.sh: line 83: [: 0
0: integer expression expected
scripts/collect_glm6b_full.sh: line 83: [: 0
0: integer expression expected
scripts/collect_glm6b_full.sh: line 83: [: 0
0: integer expression expected
scripts/collect_glm6b_full.sh: line 83: [: 0
0: integer expression expected
scripts/collect_glm6b_full.sh: line 83: [: 0
0: integer expression expected
scripts/collect_glm6b_full.sh: line 83: [: 0
0: integer expression expected
scripts/collect_glm6b_full.sh: line 83: [: 0
0: integer expression expected
scripts/collect_glm6b_full.sh: line 83: [: 0
0: integer expression expected
scripts/collect_glm6b_full.sh: line 83: [: 0
0: integer expression expected
scripts/collect_glm6b_full.sh: line 83: [: 0
0: integer expression expected
scripts/collect_glm6b_full.sh: line 83: [: 0
0: integer expression expected
scripts/collect_glm6b_full.sh: line 83: [: 0
0: integer expression expected
scripts/collect_glm6b_full.sh: line 83: [: 0
0: integer expression expected
scripts/collect_glm6b_full.sh: line 83: [: 0
0: integer expression expected
scripts/collect_glm6b_full.sh: line 83: [: 0
0: integer expression expected
scripts/collect_glm6b_full.sh: line 83: [: 0
0: integer expression expected
scripts/collect_glm6b_full.sh: line 83: [: 0
0: integer expression expected
scripts/collect_glm6b_full.sh: line 83: [: 0
0: integer expression expected
scripts/collect_glm6b_full.sh: line 83: [: 0
0: integer expression expected
scripts/collect_glm6b_full.sh: line 83: [: 0
0: integer expression expected
scripts/collect_glm6b_full.sh: line 83: [: 0
0: integer expression expected
scripts/collect_glm6b_full.sh: line 83: [: 0
0: integer expression expected
scripts/collect_glm6b_full.sh: line 83: [: 0
0: integer expression expected
scripts/collect_glm6b_full.sh: line 83: [: 0
0: integer expression expected
scripts/collect_glm6b_full.sh: line 83: [: 0
0: integer expression expected
scripts/collect_glm6b_full.sh: line 83: [: 0
0: integer expression expected
scripts/collect_glm6b_full.sh: line 83: [: 0
0: integer expression expected
scripts/collect_glm6b_full.sh: line 83: [: 0
0: integer expression expected
scripts/collect_glm6b_full.sh: line 83: [: 0
0: integer expression expected
scripts/collect_glm6b_full.sh: line 83: [: 0
0: integer expression expected
scripts/collect_glm6b_full.sh: line 83: [: 0
0: integer expression expected
scripts/collect_glm6b_full.sh: line 83: [: 0
0: integer expression expected
scripts/collect_glm6b_full.sh: line 83: [: 0
0: integer expression expected
scripts/collect_glm6b_full.sh: line 83: [: 0
0: integer expression expected
scripts/collect_glm6b_full.sh: line 83: [: 0
0: integer expression expected
scripts/collect_glm6b_full.sh: line 83: [: 0
0: integer expression expected
scripts/collect_glm6b_full.sh: line 83: [: 0
0: integer expression expected
scripts/collect_glm6b_full.sh: line 83: [: 0
0: integer expression expected
scripts/collect_glm6b_full.sh: line 83: [: 0
0: integer expression expected
scripts/collect_glm6b_full.sh: line 83: [: 0
0: integer expression expected
scripts/collect_glm6b_full.sh: line 83: [: 0
0: integer expression expected
scripts/collect_glm6b_full.sh: line 83: [: 0
0: integer expression expected
scripts/collect_glm6b_full.sh: line 83: [: 0
0: integer expression expected
scripts/collect_glm6b_full.sh: line 83: [: 0
0: integer expression expected
scripts/collect_glm6b_full.sh: line 83: [: 0
0: integer expression expected
scripts/collect_glm6b_full.sh: line 83: [: 0
0: integer expression expected
scripts/collect_glm6b_full.sh: line 83: [: 0
0: integer expression expected
scripts/collect_glm6b_full.sh: line 83: [: 0
0: integer expression expected
scripts/collect_glm6b_full.sh: line 83: [: 0
0: integer expression expected
scripts/collect_glm6b_full.sh: line 83: [: 0
0: integer expression expected
scripts/collect_glm6b_full.sh: line 83: [: 0
0: integer expression expected
scripts/collect_glm6b_full.sh: line 83: [: 0
0: integer expression expected
scripts/collect_glm6b_full.sh: line 83: [: 0
0: integer expression expected
scripts/collect_glm6b_full.sh: line 83: [: 0
0: integer expression expected
scripts/collect_glm6b_full.sh: line 83: [: 0
0: integer expression expected
scripts/collect_glm6b_full.sh: line 83: [: 0
0: integer expression expected
scripts/collect_glm6b_full.sh: line 83: [: 0
0: integer expression expected
scripts/collect_glm6b_full.sh: line 83: [: 0
0: integer expression expected
scripts/collect_glm6b_full.sh: line 83: [: 0
0: integer expression expected
scripts/collect_glm6b_full.sh: line 83: [: 0
0: integer expression expected
scripts/collect_glm6b_full.sh: line 83: [: 0
0: integer expression expected
scripts/collect_glm6b_full.sh: line 83: [: 0
0: integer expression expected
scripts/collect_glm6b_full.sh: line 83: [: 0
0: integer expression expected
scripts/collect_glm6b_full.sh: line 83: [: 0
0: integer expression expected
scripts/collect_glm6b_full.sh: line 83: [: 0
0: integer expression expected
scripts/collect_glm6b_full.sh: line 83: [: 0
0: integer expression expected
scripts/collect_glm6b_full.sh: line 83: [: 0
0: integer expression expected
scripts/collect_glm6b_full.sh: line 83: [: 0
0: integer expression expected
scripts/collect_glm6b_full.sh: line 83: [: 0
0: integer expression expected
scripts/collect_glm6b_full.sh: line 83: [: 0
0: integer expression expected
scripts/collect_glm6b_full.sh: line 83: [: 0
0: integer expression expected
scripts/collect_glm6b_full.sh: line 83: [: 0
0: integer expression expected
scripts/collect_glm6b_full.sh: line 83: [: 0
0: integer expression expected
scripts/collect_glm6b_full.sh: line 83: [: 0
0: integer expression expected
scripts/collect_glm6b_full.sh: line 83: [: 0
0: integer expression expected
scripts/collect_glm6b_full.sh: line 83: [: 0
0: integer expression expected
scripts/collect_glm6b_full.sh: line 83: [: 0
0: integer expression expected
scripts/collect_glm6b_full.sh: line 83: [: 0
0: integer expression expected
scripts/collect_glm6b_full.sh: line 83: [: 0
0: integer expression expected
scripts/collect_glm6b_full.sh: line 83: [: 0
0: integer expression expected
scripts/collect_glm6b_full.sh: line 83: [: 0
0: integer expression expected
scripts/collect_glm6b_full.sh: line 83: [: 0
0: integer expression expected
scripts/collect_glm6b_full.sh: line 83: [: 0
0: integer expression expected
scripts/collect_glm6b_full.sh: line 83: [: 0
0: integer expression expected
scripts/collect_glm6b_full.sh: line 83: [: 0
0: integer expression expected
scripts/collect_glm6b_full.sh: line 83: [: 0
0: integer expression expected
scripts/collect_glm6b_full.sh: line 83: [: 0
0: integer expression expected
scripts/collect_glm6b_full.sh: line 83: [: 0
0: integer expression expected
scripts/collect_glm6b_full.sh: line 83: [: 0
0: integer expression expected
scripts/collect_glm6b_full.sh: line 83: [: 0
0: integer expression expected
scripts/collect_glm6b_full.sh: line 83: [: 0
0: integer expression expected
scripts/collect_glm6b_full.sh: line 83: [: 0
0: integer expression expected
scripts/collect_glm6b_full.sh: line 83: [: 0
0: integer expression expected
scripts/collect_glm6b_full.sh: line 83: [: 0
0: integer expression expected
scripts/collect_glm6b_full.sh: line 83: [: 0
0: integer expression expected
scripts/collect_glm6b_full.sh: line 83: [: 0
0: integer expression expected
scripts/collect_glm6b_full.sh: line 83: [: 0
0: integer expression expected
scripts/collect_glm6b_full.sh: line 83: [: 0
0: integer expression expected
scripts/collect_glm6b_full.sh: line 83: [: 0
0: integer expression expected
scripts/collect_glm6b_full.sh: line 83: [: 0
0: integer expression expected
scripts/collect_glm6b_full.sh: line 83: [: 0
0: integer expression expected
scripts/collect_glm6b_full.sh: line 83: [: 0
0: integer expression expected
scripts/collect_glm6b_full.sh: line 83: [: 0
0: integer expression expected
scripts/collect_glm6b_full.sh: line 83: [: 0
0: integer expression expected
scripts/collect_glm6b_full.sh: line 83: [: 0
0: integer expression expected
scripts/collect_glm6b_full.sh: line 83: [: 0
0: integer expression expected
scripts/collect_glm6b_full.sh: line 83: [: 0
0: integer expression expected
scripts/collect_glm6b_full.sh: line 83: [: 0
0: integer expression expected
scripts/collect_glm6b_full.sh: line 83: [: 0
0: integer expression expected
scripts/collect_glm6b_full.sh: line 83: [: 0
0: integer expression expected
scripts/collect_glm6b_full.sh: line 83: [: 0
0: integer expression expected
scripts/collect_glm6b_full.sh: line 83: [: 0
0: integer expression expected
scripts/collect_glm6b_full.sh: line 83: [: 0
0: integer expression expected
scripts/collect_glm6b_full.sh: line 83: [: 0
0: integer expression expected
scripts/collect_glm6b_full.sh: line 83: [: 0
0: integer expression expected
scripts/collect_glm6b_full.sh: line 83: [: 0
0: integer expression expected
scripts/collect_glm6b_full.sh: line 83: [: 0
0: integer expression expected
scripts/collect_glm6b_full.sh: line 83: [: 0
0: integer expression expected
scripts/collect_glm6b_full.sh: line 83: [: 0
0: integer expression expected
scripts/collect_glm6b_full.sh: line 83: [: 0
0: integer expression expected
scripts/collect_glm6b_full.sh: line 83: [: 0
0: integer expression expected
scripts/collect_glm6b_full.sh: line 83: [: 0
0: integer expression expected
scripts/collect_glm6b_full.sh: line 83: [: 0
0: integer expression expected
scripts/collect_glm6b_full.sh: line 83: [: 0
0: integer expression expected
scripts/collect_glm6b_full.sh: line 83: [: 0
0: integer expression expected
scripts/collect_glm6b_full.sh: line 83: [: 0
0: integer expression expected
scripts/collect_glm6b_full.sh: line 83: [: 0
0: integer expression expected
scripts/collect_glm6b_full.sh: line 83: [: 0
0: integer expression expected
scripts/collect_glm6b_full.sh: line 83: [: 0
0: integer expression expected
scripts/collect_glm6b_full.sh: line 83: [: 0
0: integer expression expected
scripts/collect_glm6b_full.sh: line 83: [: 0
0: integer expression expected
scripts/collect_glm6b_full.sh: line 83: [: 0
0: integer expression expected
scripts/collect_glm6b_full.sh: line 83: [: 0
0: integer expression expected
scripts/collect_glm6b_full.sh: line 83: [: 0
0: integer expression expected
scripts/collect_glm6b_full.sh: line 83: [: 0
0: integer expression expected
scripts/collect_glm6b_full.sh: line 83: [: 0
0: integer expression expected
scripts/collect_glm6b_full.sh: line 83: [: 0
0: integer expression expected
scripts/collect_glm6b_full.sh: line 83: [: 0
0: integer expression expected
scripts/collect_glm6b_full.sh: line 83: [: 0
0: integer expression expected
scripts/collect_glm6b_full.sh: line 83: [: 0
0: integer expression expected
scripts/collect_glm6b_full.sh: line 83: [: 0
0: integer expression expected
scripts/collect_glm6b_full.sh: line 83: [: 0
0: integer expression expected
scripts/collect_glm6b_full.sh: line 83: [: 0
0: integer expression expected
scripts/collect_glm6b_full.sh: line 83: [: 0
0: integer expression expected
scripts/collect_glm6b_full.sh: line 83: [: 0
0: integer expression expected
scripts/collect_glm6b_full.sh: line 83: [: 0
0: integer expression expected
scripts/collect_glm6b_full.sh: line 83: [: 0
0: integer expression expected
scripts/collect_glm6b_full.sh: line 83: [: 0
0: integer expression expected
scripts/collect_glm6b_full.sh: line 83: [: 0
0: integer expression expected
scripts/collect_glm6b_full.sh: line 83: [: 0
0: integer expression expected
scripts/collect_glm6b_full.sh: line 83: [: 0
0: integer expression expected
scripts/collect_glm6b_full.sh: line 83: [: 0
0: integer expression expected
scripts/collect_glm6b_full.sh: line 83: [: 0
0: integer expression expected
scripts/collect_glm6b_full.sh: line 83: [: 0
0: integer expression expected
scripts/collect_glm6b_full.sh: line 83: [: 0
0: integer expression expected
scripts/collect_glm6b_full.sh: line 83: [: 0
0: integer expression expected
scripts/collect_glm6b_full.sh: line 83: [: 0
0: integer expression expected
scripts/collect_glm6b_full.sh: line 83: [: 0
0: integer expression expected
scripts/collect_glm6b_full.sh: line 83: [: 0
0: integer expression expected
scripts/collect_glm6b_full.sh: line 83: [: 0
0: integer expression expected
scripts/collect_glm6b_full.sh: line 83: [: 0
0: integer expression expected
scripts/collect_glm6b_full.sh: line 83: [: 0
0: integer expression expected
scripts/collect_glm6b_full.sh: line 83: [: 0
0: integer expression expected
scripts/collect_glm6b_full.sh: line 83: [: 0
0: integer expression expected
scripts/collect_glm6b_full.sh: line 83: [: 0
0: integer expression expected
scripts/collect_glm6b_full.sh: line 83: [: 0
0: integer expression expected
scripts/collect_glm6b_full.sh: line 83: [: 0
0: integer expression expected
scripts/collect_glm6b_full.sh: line 83: [: 0
0: integer expression expected
scripts/collect_glm6b_full.sh: line 83: [: 0
0: integer expression expected
scripts/collect_glm6b_full.sh: line 83: [: 0
0: integer expression expected
scripts/collect_glm6b_full.sh: line 83: [: 0
0: integer expression expected
scripts/collect_glm6b_full.sh: line 83: [: 0
0: integer expression expected
scripts/collect_glm6b_full.sh: line 83: [: 0
0: integer expression expected
scripts/collect_glm6b_full.sh: line 83: [: 0
0: integer expression expected
scripts/collect_glm6b_full.sh: line 83: [: 0
0: integer expression expected
scripts/collect_glm6b_full.sh: line 83: [: 0
0: integer expression expected
scripts/collect_glm6b_full.sh: line 83: [: 0
0: integer expression expected
scripts/collect_glm6b_full.sh: line 83: [: 0
0: integer expression expected
scripts/collect_glm6b_full.sh: line 83: [: 0
0: integer expression expected
scripts/collect_glm6b_full.sh: line 83: [: 0
0: integer expression expected
scripts/collect_glm6b_full.sh: line 83: [: 0
0: integer expression expected
scripts/collect_glm6b_full.sh: line 83: [: 0
0: integer expression expected
scripts/collect_glm6b_full.sh: line 83: [: 0
0: integer expression expected
scripts/collect_glm6b_full.sh: line 83: [: 0
0: integer expression expected
scripts/collect_glm6b_full.sh: line 83: [: 0
0: integer expression expected
scripts/collect_glm6b_full.sh: line 83: [: 0
0: integer expression expected
scripts/collect_glm6b_full.sh: line 83: [: 0
0: integer expression expected
scripts/collect_glm6b_full.sh: line 83: [: 0
0: integer expression expected
scripts/collect_glm6b_full.sh: line 83: [: 0
0: integer expression expected
scripts/collect_glm6b_full.sh: line 83: [: 0
0: integer expression expected
scripts/collect_glm6b_full.sh: line 83: [: 0
0: integer expression expected
scripts/collect_glm6b_full.sh: line 83: [: 0
0: integer expression expected
scripts/collect_glm6b_full.sh: line 83: [: 0
0: integer expression expected
scripts/collect_glm6b_full.sh: line 83: [: 0
0: integer expression expected
scripts/collect_glm6b_full.sh: line 83: [: 0
0: integer expression expected
scripts/collect_glm6b_full.sh: line 83: [: 0
0: integer expression expected
scripts/collect_glm6b_full.sh: line 83: [: 0
0: integer expression expected
scripts/collect_glm6b_full.sh: line 83: [: 0
0: integer expression expected
scripts/collect_glm6b_full.sh: line 83: [: 0
0: integer expression expected
scripts/collect_glm6b_full.sh: line 83: [: 0
0: integer expression expected
scripts/collect_glm6b_full.sh: line 83: [: 0
0: integer expression expected
scripts/collect_glm6b_full.sh: line 83: [: 0
0: integer expression expected
scripts/collect_glm6b_full.sh: line 83: [: 0
0: integer expression expected
scripts/collect_glm6b_full.sh: line 83: [: 0
0: integer expression expected
scripts/collect_glm6b_full.sh: line 83: [: 0
0: integer expression expected
scripts/collect_glm6b_full.sh: line 83: [: 0
0: integer expression expected
scripts/collect_glm6b_full.sh: line 83: [: 0
0: integer expression expected
scripts/collect_glm6b_full.sh: line 83: [: 0
0: integer expression expected
scripts/collect_glm6b_full.sh: line 83: [: 0
0: integer expression expected
scripts/collect_glm6b_full.sh: line 83: [: 0
0: integer expression expected
scripts/collect_glm6b_full.sh: line 83: [: 0
0: integer expression expected
scripts/collect_glm6b_full.sh: line 83: [: 0
0: integer expression expected
scripts/collect_glm6b_full.sh: line 83: [: 0
0: integer expression expected
scripts/collect_glm6b_full.sh: line 83: [: 0
0: integer expression expected
scripts/collect_glm6b_full.sh: line 83: [: 0
0: integer expression expected
scripts/collect_glm6b_full.sh: line 83: [: 0
0: integer expression expected
scripts/collect_glm6b_full.sh: line 83: [: 0
0: integer expression expected
scripts/collect_glm6b_full.sh: line 83: [: 0
0: integer expression expected
scripts/collect_glm6b_full.sh: line 83: [: 0
0: integer expression expected
scripts/collect_glm6b_full.sh: line 83: [: 0
0: integer expression expected
scripts/collect_glm6b_full.sh: line 83: [: 0
0: integer expression expected
scripts/collect_glm6b_full.sh: line 83: [: 0
0: integer expression expected
scripts/collect_glm6b_full.sh: line 83: [: 0
0: integer expression expected
scripts/collect_glm6b_full.sh: line 83: [: 0
0: integer expression expected
scripts/collect_glm6b_full.sh: line 83: [: 0
0: integer expression expected
scripts/collect_glm6b_full.sh: line 83: [: 0
0: integer expression expected
scripts/collect_glm6b_full.sh: line 83: [: 0
0: integer expression expected
scripts/collect_glm6b_full.sh: line 83: [: 0
0: integer expression expected
scripts/collect_glm6b_full.sh: line 83: [: 0
0: integer expression expected
scripts/collect_glm6b_full.sh: line 83: [: 0
0: integer expression expected
scripts/collect_glm6b_full.sh: line 83: [: 0
0: integer expression expected
scripts/collect_glm6b_full.sh: line 83: [: 0
0: integer expression expected
scripts/collect_glm6b_full.sh: line 83: [: 0
0: integer expression expected
scripts/collect_glm6b_full.sh: line 83: [: 0
0: integer expression expected
scripts/collect_glm6b_full.sh: line 83: [: 0
0: integer expression expected
scripts/collect_glm6b_full.sh: line 83: [: 0
0: integer expression expected
scripts/collect_glm6b_full.sh: line 83: [: 0
0: integer expression expected
scripts/collect_glm6b_full.sh: line 83: [: 0
0: integer expression expected
scripts/collect_glm6b_full.sh: line 83: [: 0
0: integer expression expected
scripts/collect_glm6b_full.sh: line 83: [: 0
0: integer expression expected
scripts/collect_glm6b_full.sh: line 83: [: 0
0: integer expression expected
scripts/collect_glm6b_full.sh: line 83: [: 0
0: integer expression expected
scripts/collect_glm6b_full.sh: line 83: [: 0
0: integer expression expected
scripts/collect_glm6b_full.sh: line 83: [: 0
0: integer expression expected
scripts/collect_glm6b_full.sh: line 83: [: 0
0: integer expression expected
scripts/collect_glm6b_full.sh: line 83: [: 0
0: integer expression expected
scripts/collect_glm6b_full.sh: line 83: [: 0
0: integer expression expected
scripts/collect_glm6b_full.sh: line 83: [: 0
0: integer expression expected
scripts/collect_glm6b_full.sh: line 83: [: 0
0: integer expression expected
scripts/collect_glm6b_full.sh: line 83: [: 0
0: integer expression expected
scripts/collect_glm6b_full.sh: line 83: [: 0
0: integer expression expected
scripts/collect_glm6b_full.sh: line 83: [: 0
0: integer expression expected
scripts/collect_glm6b_full.sh: line 83: [: 0
0: integer expression expected
scripts/collect_glm6b_full.sh: line 83: [: 0
0: integer expression expected
scripts/collect_glm6b_full.sh: line 83: [: 0
0: integer expression expected
scripts/collect_glm6b_full.sh: line 83: [: 0
0: integer expression expected
scripts/collect_glm6b_full.sh: line 83: [: 0
0: integer expression expected
scripts/collect_glm6b_full.sh: line 83: [: 0
0: integer expression expected
scripts/collect_glm6b_full.sh: line 83: [: 0
0: integer expression expected
scripts/collect_glm6b_full.sh: line 83: [: 0
0: integer expression expected
scripts/collect_glm6b_full.sh: line 83: [: 0
0: integer expression expected
scripts/collect_glm6b_full.sh: line 83: [: 0
0: integer expression expected
scripts/collect_glm6b_full.sh: line 83: [: 0
0: integer expression expected
scripts/collect_glm6b_full.sh: line 83: [: 0
0: integer expression expected
scripts/collect_glm6b_full.sh: line 83: [: 0
0: integer expression expected
scripts/collect_glm6b_full.sh: line 83: [: 0
0: integer expression expected
scripts/collect_glm6b_full.sh: line 83: [: 0
0: integer expression expected
scripts/collect_glm6b_full.sh: line 83: [: 0
0: integer expression expected
scripts/collect_glm6b_full.sh: line 83: [: 0
0: integer expression expected
scripts/collect_glm6b_full.sh: line 83: [: 0
0: integer expression expected
scripts/collect_glm6b_full.sh: line 83: [: 0
0: integer expression expected
scripts/collect_glm6b_full.sh: line 83: [: 0
0: integer expression expected
scripts/collect_glm6b_full.sh: line 83: [: 0
0: integer expression expected
scripts/collect_glm6b_full.sh: line 83: [: 0
0: integer expression expected
scripts/collect_glm6b_full.sh: line 83: [: 0
0: integer expression expected
scripts/collect_glm6b_full.sh: line 83: [: 0
0: integer expression expected
scripts/collect_glm6b_full.sh: line 83: [: 0
0: integer expression expected
scripts/collect_glm6b_full.sh: line 83: [: 0
0: integer expression expected
scripts/collect_glm6b_full.sh: line 83: [: 0
0: integer expression expected
scripts/collect_glm6b_full.sh: line 83: [: 0
0: integer expression expected
scripts/collect_glm6b_full.sh: line 83: [: 0
0: integer expression expected
scripts/collect_glm6b_full.sh: line 83: [: 0
0: integer expression expected
scripts/collect_glm6b_full.sh: line 83: [: 0
0: integer expression expected
scripts/collect_glm6b_full.sh: line 83: [: 0
0: integer expression expected
scripts/collect_glm6b_full.sh: line 83: [: 0
0: integer expression expected
scripts/collect_glm6b_full.sh: line 83: [: 0
0: integer expression expected
scripts/collect_glm6b_full.sh: line 83: [: 0
0: integer expression expected
scripts/collect_glm6b_full.sh: line 83: [: 0
0: integer expression expected
scripts/collect_glm6b_full.sh: line 83: [: 0
0: integer expression expected
scripts/collect_glm6b_full.sh: line 83: [: 0
0: integer expression expected
scripts/collect_glm6b_full.sh: line 83: [: 0
0: integer expression expected
scripts/collect_glm6b_full.sh: line 83: [: 0
0: integer expression expected
scripts/collect_glm6b_full.sh: line 83: [: 0
0: integer expression expected
scripts/collect_glm6b_full.sh: line 83: [: 0
0: integer expression expected
scripts/collect_glm6b_full.sh: line 83: [: 0
0: integer expression expected
scripts/collect_glm6b_full.sh: line 83: [: 0
0: integer expression expected
scripts/collect_glm6b_full.sh: line 83: [: 0
0: integer expression expected
scripts/collect_glm6b_full.sh: line 83: [: 0
0: integer expression expected
scripts/collect_glm6b_full.sh: line 83: [: 0
0: integer expression expected
scripts/collect_glm6b_full.sh: line 83: [: 0
0: integer expression expected
scripts/collect_glm6b_full.sh: line 83: [: 0
0: integer expression expected
scripts/collect_glm6b_full.sh: line 83: [: 0
0: integer expression expected
scripts/collect_glm6b_full.sh: line 83: [: 0
0: integer expression expected
scripts/collect_glm6b_full.sh: line 83: [: 0
0: integer expression expected
scripts/collect_glm6b_full.sh: line 83: [: 0
0: integer expression expected
scripts/collect_glm6b_full.sh: line 83: [: 0
0: integer expression expected
scripts/collect_glm6b_full.sh: line 83: [: 0
0: integer expression expected
scripts/collect_glm6b_full.sh: line 83: [: 0
0: integer expression expected
scripts/collect_glm6b_full.sh: line 83: [: 0
0: integer expression expected
scripts/collect_glm6b_full.sh: line 83: [: 0
0: integer expression expected
scripts/collect_glm6b_full.sh: line 83: [: 0
0: integer expression expected
scripts/collect_glm6b_full.sh: line 83: [: 0
0: integer expression expected
scripts/collect_glm6b_full.sh: line 83: [: 0
0: integer expression expected
scripts/collect_glm6b_full.sh: line 83: [: 0
0: integer expression expected
scripts/collect_glm6b_full.sh: line 83: [: 0
0: integer expression expected
scripts/collect_glm6b_full.sh: line 83: [: 0
0: integer expression expected
scripts/collect_glm6b_full.sh: line 83: [: 0
0: integer expression expected
scripts/collect_glm6b_full.sh: line 83: [: 0
0: integer expression expected
scripts/collect_glm6b_full.sh: line 83: [: 0
0: integer expression expected
scripts/collect_glm6b_full.sh: line 83: [: 0
0: integer expression expected
scripts/collect_glm6b_full.sh: line 83: [: 0
0: integer expression expected
scripts/collect_glm6b_full.sh: line 83: [: 0
0: integer expression expected
scripts/collect_glm6b_full.sh: line 83: [: 0
0: integer expression expected
scripts/collect_glm6b_full.sh: line 83: [: 0
0: integer expression expected
scripts/collect_glm6b_full.sh: line 83: [: 0
0: integer expression expected
scripts/collect_glm6b_full.sh: line 83: [: 0
0: integer expression expected
scripts/collect_glm6b_full.sh: line 83: [: 0
0: integer expression expected
scripts/collect_glm6b_full.sh: line 83: [: 0
0: integer expression expected
scripts/collect_glm6b_full.sh: line 83: [: 0
0: integer expression expected
scripts/collect_glm6b_full.sh: line 83: [: 0
0: integer expression expected
scripts/collect_glm6b_full.sh: line 83: [: 0
0: integer expression expected
scripts/collect_glm6b_full.sh: line 83: [: 0
0: integer expression expected
scripts/collect_glm6b_full.sh: line 83: [: 0
0: integer expression expected
scripts/collect_glm6b_full.sh: line 83: [: 0
0: integer expression expected
scripts/collect_glm6b_full.sh: line 83: [: 0
0: integer expression expected
scripts/collect_glm6b_full.sh: line 83: [: 0
0: integer expression expected
scripts/collect_glm6b_full.sh: line 83: [: 0
0: integer expression expected
scripts/collect_glm6b_full.sh: line 83: [: 0
0: integer expression expected
scripts/collect_glm6b_full.sh: line 83: [: 0
0: integer expression expected
scripts/collect_glm6b_full.sh: line 83: [: 0
0: integer expression expected
scripts/collect_glm6b_full.sh: line 83: [: 0
0: integer expression expected
scripts/collect_glm6b_full.sh: line 83: [: 0
0: integer expression expected
scripts/collect_glm6b_full.sh: line 83: [: 0
0: integer expression expected
scripts/collect_glm6b_full.sh: line 83: [: 0
0: integer expression expected
scripts/collect_glm6b_full.sh: line 83: [: 0
0: integer expression expected
scripts/collect_glm6b_full.sh: line 83: [: 0
0: integer expression expected
scripts/collect_glm6b_full.sh: line 83: [: 0
0: integer expression expected
scripts/collect_glm6b_full.sh: line 83: [: 0
0: integer expression expected
scripts/collect_glm6b_full.sh: line 83: [: 0
0: integer expression expected
scripts/collect_glm6b_full.sh: line 83: [: 0
0: integer expression expected
scripts/collect_glm6b_full.sh: line 83: [: 0
0: integer expression expected
scripts/collect_glm6b_full.sh: line 83: [: 0
0: integer expression expected
scripts/collect_glm6b_full.sh: line 83: [: 0
0: integer expression expected
scripts/collect_glm6b_full.sh: line 83: [: 0
0: integer expression expected
scripts/collect_glm6b_full.sh: line 83: [: 0
0: integer expression expected
scripts/collect_glm6b_full.sh: line 83: [: 0
0: integer expression expected
scripts/collect_glm6b_full.sh: line 83: [: 0
0: integer expression expected
scripts/collect_glm6b_full.sh: line 83: [: 0
0: integer expression expected
scripts/collect_glm6b_full.sh: line 83: [: 0
0: integer expression expected
scripts/collect_glm6b_full.sh: line 83: [: 0
0: integer expression expected
scripts/collect_glm6b_full.sh: line 83: [: 0
0: integer expression expected
scripts/collect_glm6b_full.sh: line 83: [: 0
0: integer expression expected
scripts/collect_glm6b_full.sh: line 83: [: 0
0: integer expression expected
scripts/collect_glm6b_full.sh: line 83: [: 0
0: integer expression expected
scripts/collect_glm6b_full.sh: line 83: [: 0
0: integer expression expected
scripts/collect_glm6b_full.sh: line 83: [: 0
0: integer expression expected
scripts/collect_glm6b_full.sh: line 83: [: 0
0: integer expression expected
scripts/collect_glm6b_full.sh: line 83: [: 0
0: integer expression expected
scripts/collect_glm6b_full.sh: line 83: [: 0
0: integer expression expected
scripts/collect_glm6b_full.sh: line 83: [: 0
0: integer expression expected
scripts/collect_glm6b_full.sh: line 83: [: 0
0: integer expression expected
scripts/collect_glm6b_full.sh: line 83: [: 0
0: integer expression expected
scripts/collect_glm6b_full.sh: line 83: [: 0
0: integer expression expected
scripts/collect_glm6b_full.sh: line 83: [: 0
0: integer expression expected
scripts/collect_glm6b_full.sh: line 83: [: 0
0: integer expression expected
scripts/collect_glm6b_full.sh: line 83: [: 0
0: integer expression expected
scripts/collect_glm6b_full.sh: line 83: [: 0
0: integer expression expected
scripts/collect_glm6b_full.sh: line 83: [: 0
0: integer expression expected
scripts/collect_glm6b_full.sh: line 83: [: 0
0: integer expression expected
scripts/collect_glm6b_full.sh: line 83: [: 0
0: integer expression expected
scripts/collect_glm6b_full.sh: line 83: [: 0
0: integer expression expected
scripts/collect_glm6b_full.sh: line 83: [: 0
0: integer expression expected
scripts/collect_glm6b_full.sh: line 83: [: 0
0: integer expression expected
scripts/collect_glm6b_full.sh: line 83: [: 0
0: integer expression expected
scripts/collect_glm6b_full.sh: line 83: [: 0
0: integer expression expected
scripts/collect_glm6b_full.sh: line 83: [: 0
0: integer expression expected
scripts/collect_glm6b_full.sh: line 83: [: 0
0: integer expression expected
scripts/collect_glm6b_full.sh: line 83: [: 0
0: integer expression expected
scripts/collect_glm6b_full.sh: line 83: [: 0
0: integer expression expected
scripts/collect_glm6b_full.sh: line 83: [: 0
0: integer expression expected
scripts/collect_glm6b_full.sh: line 83: [: 0
0: integer expression expected
scripts/collect_glm6b_full.sh: line 83: [: 0
0: integer expression expected
scripts/collect_glm6b_full.sh: line 83: [: 0
0: integer expression expected
scripts/collect_glm6b_full.sh: line 83: [: 0
0: integer expression expected
scripts/collect_glm6b_full.sh: line 83: [: 0
0: integer expression expected
scripts/collect_glm6b_full.sh: line 83: [: 0
0: integer expression expected
scripts/collect_glm6b_full.sh: line 83: [: 0
0: integer expression expected
scripts/collect_glm6b_full.sh: line 83: [: 0
0: integer expression expected
scripts/collect_glm6b_full.sh: line 83: [: 0
0: integer expression expected
scripts/collect_glm6b_full.sh: line 83: [: 0
0: integer expression expected
scripts/collect_glm6b_full.sh: line 83: [: 0
0: integer expression expected
scripts/collect_glm6b_full.sh: line 83: [: 0
0: integer expression expected
scripts/collect_glm6b_full.sh: line 83: [: 0
0: integer expression expected
scripts/collect_glm6b_full.sh: line 83: [: 0
0: integer expression expected
scripts/collect_glm6b_full.sh: line 83: [: 0
0: integer expression expected
scripts/collect_glm6b_full.sh: line 83: [: 0
0: integer expression expected
scripts/collect_glm6b_full.sh: line 83: [: 0
0: integer expression expected
scripts/collect_glm6b_full.sh: line 83: [: 0
0: integer expression expected
scripts/collect_glm6b_full.sh: line 83: [: 0
0: integer expression expected
scripts/collect_glm6b_full.sh: line 83: [: 0
0: integer expression expected
scripts/collect_glm6b_full.sh: line 83: [: 0
0: integer expression expected
scripts/collect_glm6b_full.sh: line 83: [: 0
0: integer expression expected
scripts/collect_glm6b_full.sh: line 83: [: 0
0: integer expression expected
scripts/collect_glm6b_full.sh: line 83: [: 0
0: integer expression expected
scripts/collect_glm6b_full.sh: line 83: [: 0
0: integer expression expected
scripts/collect_glm6b_full.sh: line 83: [: 0
0: integer expression expected
scripts/collect_glm6b_full.sh: line 83: [: 0
0: integer expression expected
scripts/collect_glm6b_full.sh: line 83: [: 0
0: integer expression expected
scripts/collect_glm6b_full.sh: line 83: [: 0
0: integer expression expected
scripts/collect_glm6b_full.sh: line 83: [: 0
0: integer expression expected
scripts/collect_glm6b_full.sh: line 83: [: 0
0: integer expression expected
scripts/collect_glm6b_full.sh: line 83: [: 0
0: integer expression expected
scripts/collect_glm6b_full.sh: line 83: [: 0
0: integer expression expected
scripts/collect_glm6b_full.sh: line 83: [: 0
0: integer expression expected
scripts/collect_glm6b_full.sh: line 83: [: 0
0: integer expression expected
scripts/collect_glm6b_full.sh: line 83: [: 0
0: integer expression expected
scripts/collect_glm6b_full.sh: line 83: [: 0
0: integer expression expected
scripts/collect_glm6b_full.sh: line 83: [: 0
0: integer expression expected
scripts/collect_glm6b_full.sh: line 83: [: 0
0: integer expression expected
scripts/collect_glm6b_full.sh: line 83: [: 0
0: integer expression expected
scripts/collect_glm6b_full.sh: line 83: [: 0
0: integer expression expected
scripts/collect_glm6b_full.sh: line 83: [: 0
0: integer expression expected
scripts/collect_glm6b_full.sh: line 83: [: 0
0: integer expression expected
scripts/collect_glm6b_full.sh: line 83: [: 0
0: integer expression expected
scripts/collect_glm6b_full.sh: line 83: [: 0
0: integer expression expected
scripts/collect_glm6b_full.sh: line 83: [: 0
0: integer expression expected
scripts/collect_glm6b_full.sh: line 83: [: 0
0: integer expression expected
scripts/collect_glm6b_full.sh: line 83: [: 0
0: integer expression expected
scripts/collect_glm6b_full.sh: line 83: [: 0
0: integer expression expected
scripts/collect_glm6b_full.sh: line 83: [: 0
0: integer expression expected
scripts/collect_glm6b_full.sh: line 83: [: 0
0: integer expression expected
scripts/collect_glm6b_full.sh: line 83: [: 0
0: integer expression expected
scripts/collect_glm6b_full.sh: line 83: [: 0
0: integer expression expected
scripts/collect_glm6b_full.sh: line 83: [: 0
0: integer expression expected
scripts/collect_glm6b_full.sh: line 83: [: 0
0: integer expression expected
scripts/collect_glm6b_full.sh: line 83: [: 0
0: integer expression expected
scripts/collect_glm6b_full.sh: line 83: [: 0
0: integer expression expected
scripts/collect_glm6b_full.sh: line 83: [: 0
0: integer expression expected
scripts/collect_glm6b_full.sh: line 83: [: 0
0: integer expression expected
scripts/collect_glm6b_full.sh: line 83: [: 0
0: integer expression expected
scripts/collect_glm6b_full.sh: line 83: [: 0
0: integer expression expected
scripts/collect_glm6b_full.sh: line 83: [: 0
0: integer expression expected
scripts/collect_glm6b_full.sh: line 83: [: 0
0: integer expression expected
scripts/collect_glm6b_full.sh: line 83: [: 0
0: integer expression expected
scripts/collect_glm6b_full.sh: line 83: [: 0
0: integer expression expected
scripts/collect_glm6b_full.sh: line 83: [: 0
0: integer expression expected
scripts/collect_glm6b_full.sh: line 83: [: 0
0: integer expression expected
scripts/collect_glm6b_full.sh: line 83: [: 0
0: integer expression expected
scripts/collect_glm6b_full.sh: line 83: [: 0
0: integer expression expected
scripts/collect_glm6b_full.sh: line 83: [: 0
0: integer expression expected
scripts/collect_glm6b_full.sh: line 83: [: 0
0: integer expression expected
scripts/collect_glm6b_full.sh: line 83: [: 0
0: integer expression expected
scripts/collect_glm6b_full.sh: line 83: [: 0
0: integer expression expected
scripts/collect_glm6b_full.sh: line 83: [: 0
0: integer expression expected
scripts/collect_glm6b_full.sh: line 83: [: 0
0: integer expression expected
scripts/collect_glm6b_full.sh: line 83: [: 0
0: integer expression expected
scripts/collect_glm6b_full.sh: line 83: [: 0
0: integer expression expected
scripts/collect_glm6b_full.sh: line 83: [: 0
0: integer expression expected
scripts/collect_glm6b_full.sh: line 83: [: 0
0: integer expression expected
scripts/collect_glm6b_full.sh: line 83: [: 0
0: integer expression expected
scripts/collect_glm6b_full.sh: line 83: [: 0
0: integer expression expected
scripts/collect_glm6b_full.sh: line 83: [: 0
0: integer expression expected
scripts/collect_glm6b_full.sh: line 83: [: 0
0: integer expression expected
scripts/collect_glm6b_full.sh: line 83: [: 0
0: integer expression expected
scripts/collect_glm6b_full.sh: line 83: [: 0
0: integer expression expected
scripts/collect_glm6b_full.sh: line 83: [: 0
0: integer expression expected
scripts/collect_glm6b_full.sh: line 83: [: 0
0: integer expression expected
scripts/collect_glm6b_full.sh: line 83: [: 0
0: integer expression expected
scripts/collect_glm6b_full.sh: line 83: [: 0
0: integer expression expected
scripts/collect_glm6b_full.sh: line 83: [: 0
0: integer expression expected
scripts/collect_glm6b_full.sh: line 83: [: 0
0: integer expression expected
scripts/collect_glm6b_full.sh: line 83: [: 0
0: integer expression expected
scripts/collect_glm6b_full.sh: line 83: [: 0
0: integer expression expected
scripts/collect_glm6b_full.sh: line 83: [: 0
0: integer expression expected
scripts/collect_glm6b_full.sh: line 83: [: 0
0: integer expression expected
scripts/collect_glm6b_full.sh: line 83: [: 0
0: integer expression expected
scripts/collect_glm6b_full.sh: line 83: [: 0
0: integer expression expected
scripts/collect_glm6b_full.sh: line 83: [: 0
0: integer expression expected
scripts/collect_glm6b_full.sh: line 83: [: 0
0: integer expression expected
scripts/collect_glm6b_full.sh: line 83: [: 0
0: integer expression expected
scripts/collect_glm6b_full.sh: line 83: [: 0
0: integer expression expected
scripts/collect_glm6b_full.sh: line 83: [: 0
0: integer expression expected
scripts/collect_glm6b_full.sh: line 83: [: 0
0: integer expression expected
scripts/collect_glm6b_full.sh: line 83: [: 0
0: integer expression expected
scripts/collect_glm6b_full.sh: line 83: [: 0
0: integer expression expected
scripts/collect_glm6b_full.sh: line 83: [: 0
0: integer expression expected
scripts/collect_glm6b_full.sh: line 83: [: 0
0: integer expression expected
scripts/collect_glm6b_full.sh: line 83: [: 0
0: integer expression expected
scripts/collect_glm6b_full.sh: line 83: [: 0
0: integer expression expected
scripts/collect_glm6b_full.sh: line 83: [: 0
0: integer expression expected
scripts/collect_glm6b_full.sh: line 83: [: 0
0: integer expression expected
scripts/collect_glm6b_full.sh: line 83: [: 0
0: integer expression expected
scripts/collect_glm6b_full.sh: line 83: [: 0
0: integer expression expected
scripts/collect_glm6b_full.sh: line 83: [: 0
0: integer expression expected
scripts/collect_glm6b_full.sh: line 83: [: 0
0: integer expression expected
scripts/collect_glm6b_full.sh: line 83: [: 0
0: integer expression expected
scripts/collect_glm6b_full.sh: line 83: [: 0
0: integer expression expected
scripts/collect_glm6b_full.sh: line 83: [: 0
0: integer expression expected
scripts/collect_glm6b_full.sh: line 83: [: 0
0: integer expression expected
scripts/collect_glm6b_full.sh: line 83: [: 0
0: integer expression expected
scripts/collect_glm6b_full.sh: line 83: [: 0
0: integer expression expected
scripts/collect_glm6b_full.sh: line 83: [: 0
0: integer expression expected
scripts/collect_glm6b_full.sh: line 83: [: 0
0: integer expression expected
scripts/collect_glm6b_full.sh: line 83: [: 0
0: integer expression expected
scripts/collect_glm6b_full.sh: line 83: [: 0
0: integer expression expected
scripts/collect_glm6b_full.sh: line 83: [: 0
0: integer expression expected
scripts/collect_glm6b_full.sh: line 83: [: 0
0: integer expression expected
scripts/collect_glm6b_full.sh: line 83: [: 0
0: integer expression expected
scripts/collect_glm6b_full.sh: line 83: [: 0
0: integer expression expected
scripts/collect_glm6b_full.sh: line 83: [: 0
0: integer expression expected
scripts/collect_glm6b_full.sh: line 83: [: 0
0: integer expression expected
scripts/collect_glm6b_full.sh: line 83: [: 0
0: integer expression expected
scripts/collect_glm6b_full.sh: line 83: [: 0
0: integer expression expected
scripts/collect_glm6b_full.sh: line 83: [: 0
0: integer expression expected
scripts/collect_glm6b_full.sh: line 83: [: 0
0: integer expression expected
scripts/collect_glm6b_full.sh: line 83: [: 0
0: integer expression expected
scripts/collect_glm6b_full.sh: line 83: [: 0
0: integer expression expected
scripts/collect_glm6b_full.sh: line 83: [: 0
0: integer expression expected
scripts/collect_glm6b_full.sh: line 83: [: 0
0: integer expression expected
scripts/collect_glm6b_full.sh: line 83: [: 0
0: integer expression expected
scripts/collect_glm6b_full.sh: line 83: [: 0
0: integer expression expected
scripts/collect_glm6b_full.sh: line 83: [: 0
0: integer expression expected
scripts/collect_glm6b_full.sh: line 83: [: 0
0: integer expression expected
scripts/collect_glm6b_full.sh: line 83: [: 0
0: integer expression expected
scripts/collect_glm6b_full.sh: line 83: [: 0
0: integer expression expected
scripts/collect_glm6b_full.sh: line 83: [: 0
0: integer expression expected
scripts/collect_glm6b_full.sh: line 83: [: 0
0: integer expression expected
scripts/collect_glm6b_full.sh: line 83: [: 0
0: integer expression expected
scripts/collect_glm6b_full.sh: line 83: [: 0
0: integer expression expected
scripts/collect_glm6b_full.sh: line 83: [: 0
0: integer expression expected
scripts/collect_glm6b_full.sh: line 83: [: 0
0: integer expression expected
scripts/collect_glm6b_full.sh: line 83: [: 0
0: integer expression expected
scripts/collect_glm6b_full.sh: line 83: [: 0
0: integer expression expected
scripts/collect_glm6b_full.sh: line 83: [: 0
0: integer expression expected
scripts/collect_glm6b_full.sh: line 83: [: 0
0: integer expression expected
scripts/collect_glm6b_full.sh: line 83: [: 0
0: integer expression expected
scripts/collect_glm6b_full.sh: line 83: [: 0
0: integer expression expected
scripts/collect_glm6b_full.sh: line 83: [: 0
0: integer expression expected
scripts/collect_glm6b_full.sh: line 83: [: 0
0: integer expression expected
scripts/collect_glm6b_full.sh: line 83: [: 0
0: integer expression expected
scripts/collect_glm6b_full.sh: line 83: [: 0
0: integer expression expected
scripts/collect_glm6b_full.sh: line 83: [: 0
0: integer expression expected
scripts/collect_glm6b_full.sh: line 83: [: 0
0: integer expression expected
scripts/collect_glm6b_full.sh: line 83: [: 0
0: integer expression expected
scripts/collect_glm6b_full.sh: line 83: [: 0
0: integer expression expected
scripts/collect_glm6b_full.sh: line 83: [: 0
0: integer expression expected
scripts/collect_glm6b_full.sh: line 83: [: 0
0: integer expression expected
scripts/collect_glm6b_full.sh: line 83: [: 0
0: integer expression expected
scripts/collect_glm6b_full.sh: line 83: [: 0
0: integer expression expected
scripts/collect_glm6b_full.sh: line 83: [: 0
0: integer expression expected
scripts/collect_glm6b_full.sh: line 83: [: 0
0: integer expression expected
scripts/collect_glm6b_full.sh: line 83: [: 0
0: integer expression expected
scripts/collect_glm6b_full.sh: line 83: [: 0
0: integer expression expected
scripts/collect_glm6b_full.sh: line 83: [: 0
0: integer expression expected
scripts/collect_glm6b_full.sh: line 83: [: 0
0: integer expression expected
scripts/collect_glm6b_full.sh: line 83: [: 0
0: integer expression expected
scripts/collect_glm6b_full.sh: line 83: [: 0
0: integer expression expected
scripts/collect_glm6b_full.sh: line 83: [: 0
0: integer expression expected
scripts/collect_glm6b_full.sh: line 83: [: 0
0: integer expression expected
scripts/collect_glm6b_full.sh: line 83: [: 0
0: integer expression expected
scripts/collect_glm6b_full.sh: line 83: [: 0
0: integer expression expected
scripts/collect_glm6b_full.sh: line 83: [: 0
0: integer expression expected
scripts/collect_glm6b_full.sh: line 83: [: 0
0: integer expression expected
scripts/collect_glm6b_full.sh: line 83: [: 0
0: integer expression expected
scripts/collect_glm6b_full.sh: line 83: [: 0
0: integer expression expected
scripts/collect_glm6b_full.sh: line 83: [: 0
0: integer expression expected
scripts/collect_glm6b_full.sh: line 83: [: 0
0: integer expression expected
scripts/collect_glm6b_full.sh: line 83: [: 0
0: integer expression expected
scripts/collect_glm6b_full.sh: line 83: [: 0
0: integer expression expected
scripts/collect_glm6b_full.sh: line 83: [: 0
0: integer expression expected
scripts/collect_glm6b_full.sh: line 83: [: 0
0: integer expression expected
scripts/collect_glm6b_full.sh: line 83: [: 0
0: integer expression expected
scripts/collect_glm6b_full.sh: line 83: [: 0
0: integer expression expected
scripts/collect_glm6b_full.sh: line 83: [: 0
0: integer expression expected
scripts/collect_glm6b_full.sh: line 83: [: 0
0: integer expression expected
scripts/collect_glm6b_full.sh: line 83: [: 0
0: integer expression expected
scripts/collect_glm6b_full.sh: line 83: [: 0
0: integer expression expected
scripts/collect_glm6b_full.sh: line 83: [: 0
0: integer expression expected
scripts/collect_glm6b_full.sh: line 83: [: 0
0: integer expression expected
scripts/collect_glm6b_full.sh: line 83: [: 0
0: integer expression expected
scripts/collect_glm6b_full.sh: line 83: [: 0
0: integer expression expected
scripts/collect_glm6b_full.sh: line 83: [: 0
0: integer expression expected
scripts/collect_glm6b_full.sh: line 83: [: 0
0: integer expression expected
scripts/collect_glm6b_full.sh: line 83: [: 0
0: integer expression expected
scripts/collect_glm6b_full.sh: line 83: [: 0
0: integer expression expected
scripts/collect_glm6b_full.sh: line 83: [: 0
0: integer expression expected
scripts/collect_glm6b_full.sh: line 83: [: 0
0: integer expression expected
scripts/collect_glm6b_full.sh: line 83: [: 0
0: integer expression expected
scripts/collect_glm6b_full.sh: line 83: [: 0
0: integer expression expected
scripts/collect_glm6b_full.sh: line 83: [: 0
0: integer expression expected
scripts/collect_glm6b_full.sh: line 83: [: 0
0: integer expression expected
scripts/collect_glm6b_full.sh: line 83: [: 0
0: integer expression expected
scripts/collect_glm6b_full.sh: line 83: [: 0
0: integer expression expected
scripts/collect_glm6b_full.sh: line 83: [: 0
0: integer expression expected
scripts/collect_glm6b_full.sh: line 83: [: 0
0: integer expression expected
scripts/collect_glm6b_full.sh: line 83: [: 0
0: integer expression expected
scripts/collect_glm6b_full.sh: line 83: [: 0
0: integer expression expected
scripts/collect_glm6b_full.sh: line 83: [: 0
0: integer expression expected
scripts/collect_glm6b_full.sh: line 83: [: 0
0: integer expression expected
scripts/collect_glm6b_full.sh: line 83: [: 0
0: integer expression expected
scripts/collect_glm6b_full.sh: line 83: [: 0
0: integer expression expected
scripts/collect_glm6b_full.sh: line 83: [: 0
0: integer expression expected
scripts/collect_glm6b_full.sh: line 83: [: 0
0: integer expression expected
scripts/collect_glm6b_full.sh: line 83: [: 0
0: integer expression expected
scripts/collect_glm6b_full.sh: line 83: [: 0
0: integer expression expected
scripts/collect_glm6b_full.sh: line 83: [: 0
0: integer expression expected
scripts/collect_glm6b_full.sh: line 83: [: 0
0: integer expression expected
scripts/collect_glm6b_full.sh: line 83: [: 0
0: integer expression expected
scripts/collect_glm6b_full.sh: line 83: [: 0
0: integer expression expected
scripts/collect_glm6b_full.sh: line 83: [: 0
0: integer expression expected
scripts/collect_glm6b_full.sh: line 83: [: 0
0: integer expression expected
scripts/collect_glm6b_full.sh: line 83: [: 0
0: integer expression expected
scripts/collect_glm6b_full.sh: line 83: [: 0
0: integer expression expected
scripts/collect_glm6b_full.sh: line 83: [: 0
0: integer expression expected
scripts/collect_glm6b_full.sh: line 83: [: 0
0: integer expression expected
scripts/collect_glm6b_full.sh: line 83: [: 0
0: integer expression expected
scripts/collect_glm6b_full.sh: line 83: [: 0
0: integer expression expected
scripts/collect_glm6b_full.sh: line 83: [: 0
0: integer expression expected
scripts/collect_glm6b_full.sh: line 83: [: 0
0: integer expression expected
scripts/collect_glm6b_full.sh: line 83: [: 0
0: integer expression expected
scripts/collect_glm6b_full.sh: line 83: [: 0
0: integer expression expected
scripts/collect_glm6b_full.sh: line 83: [: 0
0: integer expression expected
scripts/collect_glm6b_full.sh: line 83: [: 0
0: integer expression expected
scripts/collect_glm6b_full.sh: line 83: [: 0
0: integer expression expected
scripts/collect_glm6b_full.sh: line 83: [: 0
0: integer expression expected
scripts/collect_glm6b_full.sh: line 83: [: 0
0: integer expression expected
scripts/collect_glm6b_full.sh: line 83: [: 0
0: integer expression expected
scripts/collect_glm6b_full.sh: line 83: [: 0
0: integer expression expected
scripts/collect_glm6b_full.sh: line 83: [: 0
0: integer expression expected
scripts/collect_glm6b_full.sh: line 83: [: 0
0: integer expression expected
scripts/collect_glm6b_full.sh: line 83: [: 0
0: integer expression expected
scripts/collect_glm6b_full.sh: line 83: [: 0
0: integer expression expected
scripts/collect_glm6b_full.sh: line 83: [: 0
0: integer expression expected
scripts/collect_glm6b_full.sh: line 83: [: 0
0: integer expression expected
scripts/collect_glm6b_full.sh: line 83: [: 0
0: integer expression expected
scripts/collect_glm6b_full.sh: line 83: [: 0
0: integer expression expected
scripts/collect_glm6b_full.sh: line 83: [: 0
0: integer expression expected
scripts/collect_glm6b_full.sh: line 83: [: 0
0: integer expression expected
scripts/collect_glm6b_full.sh: line 83: [: 0
0: integer expression expected
scripts/collect_glm6b_full.sh: line 83: [: 0
0: integer expression expected
scripts/collect_glm6b_full.sh: line 83: [: 0
0: integer expression expected
scripts/collect_glm6b_full.sh: line 83: [: 0
0: integer expression expected
scripts/collect_glm6b_full.sh: line 83: [: 0
0: integer expression expected
scripts/collect_glm6b_full.sh: line 83: [: 0
0: integer expression expected
scripts/collect_glm6b_full.sh: line 83: [: 0
0: integer expression expected
scripts/collect_glm6b_full.sh: line 83: [: 0
0: integer expression expected
scripts/collect_glm6b_full.sh: line 83: [: 0
0: integer expression expected
scripts/collect_glm6b_full.sh: line 83: [: 0
0: integer expression expected
scripts/collect_glm6b_full.sh: line 83: [: 0
0: integer expression expected
scripts/collect_glm6b_full.sh: line 83: [: 0
0: integer expression expected
scripts/collect_glm6b_full.sh: line 83: [: 0
0: integer expression expected
scripts/collect_glm6b_full.sh: line 83: [: 0
0: integer expression expected
scripts/collect_glm6b_full.sh: line 83: [: 0
0: integer expression expected
scripts/collect_glm6b_full.sh: line 83: [: 0
0: integer expression expected
scripts/collect_glm6b_full.sh: line 83: [: 0
0: integer expression expected
scripts/collect_glm6b_full.sh: line 83: [: 0
0: integer expression expected
scripts/collect_glm6b_full.sh: line 83: [: 0
0: integer expression expected
scripts/collect_glm6b_full.sh: line 83: [: 0
0: integer expression expected
scripts/collect_glm6b_full.sh: line 83: [: 0
0: integer expression expected
scripts/collect_glm6b_full.sh: line 83: [: 0
0: integer expression expected
scripts/collect_glm6b_full.sh: line 83: [: 0
0: integer expression expected
scripts/collect_glm6b_full.sh: line 83: [: 0
0: integer expression expected
scripts/collect_glm6b_full.sh: line 83: [: 0
0: integer expression expected
scripts/collect_glm6b_full.sh: line 83: [: 0
0: integer expression expected
scripts/collect_glm6b_full.sh: line 83: [: 0
0: integer expression expected
scripts/collect_glm6b_full.sh: line 83: [: 0
0: integer expression expected
scripts/collect_glm6b_full.sh: line 83: [: 0
0: integer expression expected
scripts/collect_glm6b_full.sh: line 83: [: 0
0: integer expression expected
scripts/collect_glm6b_full.sh: line 83: [: 0
0: integer expression expected
scripts/collect_glm6b_full.sh: line 83: [: 0
0: integer expression expected
scripts/collect_glm6b_full.sh: line 83: [: 0
0: integer expression expected
scripts/collect_glm6b_full.sh: line 83: [: 0
0: integer expression expected
scripts/collect_glm6b_full.sh: line 83: [: 0
0: integer expression expected
scripts/collect_glm6b_full.sh: line 83: [: 0
0: integer expression expected
scripts/collect_glm6b_full.sh: line 83: [: 0
0: integer expression expected
scripts/collect_glm6b_full.sh: line 83: [: 0
0: integer expression expected
scripts/collect_glm6b_full.sh: line 83: [: 0
0: integer expression expected
scripts/collect_glm6b_full.sh: line 83: [: 0
0: integer expression expected
scripts/collect_glm6b_full.sh: line 83: [: 0
0: integer expression expected
scripts/collect_glm6b_full.sh: line 83: [: 0
0: integer expression expected
scripts/collect_glm6b_full.sh: line 83: [: 0
0: integer expression expected
scripts/collect_glm6b_full.sh: line 83: [: 0
0: integer expression expected
scripts/collect_glm6b_full.sh: line 83: [: 0
0: integer expression expected
scripts/collect_glm6b_full.sh: line 83: [: 0
0: integer expression expected
scripts/collect_glm6b_full.sh: line 83: [: 0
0: integer expression expected
scripts/collect_glm6b_full.sh: line 83: [: 0
0: integer expression expected
scripts/collect_glm6b_full.sh: line 83: [: 0
0: integer expression expected
scripts/collect_glm6b_full.sh: line 83: [: 0
0: integer expression expected
scripts/collect_glm6b_full.sh: line 83: [: 0
0: integer expression expected
scripts/collect_glm6b_full.sh: line 83: [: 0
0: integer expression expected
scripts/collect_glm6b_full.sh: line 83: [: 0
0: integer expression expected
scripts/collect_glm6b_full.sh: line 83: [: 0
0: integer expression expected
scripts/collect_glm6b_full.sh: line 83: [: 0
0: integer expression expected
scripts/collect_glm6b_full.sh: line 83: [: 0
0: integer expression expected
scripts/collect_glm6b_full.sh: line 83: [: 0
0: integer expression expected
scripts/collect_glm6b_full.sh: line 83: [: 0
0: integer expression expected
scripts/collect_glm6b_full.sh: line 83: [: 0
0: integer expression expected
scripts/collect_glm6b_full.sh: line 83: [: 0
0: integer expression expected
scripts/collect_glm6b_full.sh: line 83: [: 0
0: integer expression expected
scripts/collect_glm6b_full.sh: line 83: [: 0
0: integer expression expected
scripts/collect_glm6b_full.sh: line 83: [: 0
0: integer expression expected
scripts/collect_glm6b_full.sh: line 83: [: 0
0: integer expression expected
scripts/collect_glm6b_full.sh: line 83: [: 0
0: integer expression expected
scripts/collect_glm6b_full.sh: line 83: [: 0
0: integer expression expected
scripts/collect_glm6b_full.sh: line 83: [: 0
0: integer expression expected
scripts/collect_glm6b_full.sh: line 83: [: 0
0: integer expression expected
scripts/collect_glm6b_full.sh: line 83: [: 0
0: integer expression expected
scripts/collect_glm6b_full.sh: line 83: [: 0
0: integer expression expected
scripts/collect_glm6b_full.sh: line 83: [: 0
0: integer expression expected
scripts/collect_glm6b_full.sh: line 83: [: 0
0: integer expression expected
scripts/collect_glm6b_full.sh: line 83: [: 0
0: integer expression expected
scripts/collect_glm6b_full.sh: line 83: [: 0
0: integer expression expected
scripts/collect_glm6b_full.sh: line 83: [: 0
0: integer expression expected
scripts/collect_glm6b_full.sh: line 83: [: 0
0: integer expression expected
scripts/collect_glm6b_full.sh: line 83: [: 0
0: integer expression expected
scripts/collect_glm6b_full.sh: line 83: [: 0
0: integer expression expected
scripts/collect_glm6b_full.sh: line 83: [: 0
0: integer expression expected
scripts/collect_glm6b_full.sh: line 83: [: 0
0: integer expression expected
scripts/collect_glm6b_full.sh: line 83: [: 0
0: integer expression expected
scripts/collect_glm6b_full.sh: line 83: [: 0
0: integer expression expected
scripts/collect_glm6b_full.sh: line 83: [: 0
0: integer expression expected
scripts/collect_glm6b_full.sh: line 83: [: 0
0: integer expression expected
scripts/collect_glm6b_full.sh: line 83: [: 0
0: integer expression expected
scripts/collect_glm6b_full.sh: line 83: [: 0
0: integer expression expected
scripts/collect_glm6b_full.sh: line 83: [: 0
0: integer expression expected
scripts/collect_glm6b_full.sh: line 83: [: 0
0: integer expression expected
scripts/collect_glm6b_full.sh: line 83: [: 0
0: integer expression expected
scripts/collect_glm6b_full.sh: line 83: [: 0
0: integer expression expected
scripts/collect_glm6b_full.sh: line 83: [: 0
0: integer expression expected
scripts/collect_glm6b_full.sh: line 83: [: 0
0: integer expression expected
scripts/collect_glm6b_full.sh: line 83: [: 0
0: integer expression expected
scripts/collect_glm6b_full.sh: line 83: [: 0
0: integer expression expected
scripts/collect_glm6b_full.sh: line 83: [: 0
0: integer expression expected
scripts/collect_glm6b_full.sh: line 83: [: 0
0: integer expression expected
scripts/collect_glm6b_full.sh: line 83: [: 0
0: integer expression expected
scripts/collect_glm6b_full.sh: line 83: [: 0
0: integer expression expected
scripts/collect_glm6b_full.sh: line 83: [: 0
0: integer expression expected
scripts/collect_glm6b_full.sh: line 83: [: 0
0: integer expression expected
scripts/collect_glm6b_full.sh: line 83: [: 0
0: integer expression expected
scripts/collect_glm6b_full.sh: line 83: [: 0
0: integer expression expected
scripts/collect_glm6b_full.sh: line 83: [: 0
0: integer expression expected
scripts/collect_glm6b_full.sh: line 83: [: 0
0: integer expression expected
scripts/collect_glm6b_full.sh: line 83: [: 0
0: integer expression expected
scripts/collect_glm6b_full.sh: line 83: [: 0
0: integer expression expected
scripts/collect_glm6b_full.sh: line 83: [: 0
0: integer expression expected
scripts/collect_glm6b_full.sh: line 83: [: 0
0: integer expression expected
scripts/collect_glm6b_full.sh: line 83: [: 0
0: integer expression expected
scripts/collect_glm6b_full.sh: line 83: [: 0
0: integer expression expected
scripts/collect_glm6b_full.sh: line 83: [: 0
0: integer expression expected
scripts/collect_glm6b_full.sh: line 83: [: 0
0: integer expression expected
scripts/collect_glm6b_full.sh: line 83: [: 0
0: integer expression expected
scripts/collect_glm6b_full.sh: line 83: [: 0
0: integer expression expected
scripts/collect_glm6b_full.sh: line 83: [: 0
0: integer expression expected
scripts/collect_glm6b_full.sh: line 83: [: 0
0: integer expression expected
scripts/collect_glm6b_full.sh: line 83: [: 0
0: integer expression expected
scripts/collect_glm6b_full.sh: line 83: [: 0
0: integer expression expected
scripts/collect_glm6b_full.sh: line 83: [: 0
0: integer expression expected
scripts/collect_glm6b_full.sh: line 83: [: 0
0: integer expression expected
scripts/collect_glm6b_full.sh: line 83: [: 0
0: integer expression expected
scripts/collect_glm6b_full.sh: line 83: [: 0
0: integer expression expected
scripts/collect_glm6b_full.sh: line 83: [: 0
0: integer expression expected
scripts/collect_glm6b_full.sh: line 83: [: 0
0: integer expression expected
scripts/collect_glm6b_full.sh: line 83: [: 0
0: integer expression expected
scripts/collect_glm6b_full.sh: line 83: [: 0
0: integer expression expected
scripts/collect_glm6b_full.sh: line 83: [: 0
0: integer expression expected
scripts/collect_glm6b_full.sh: line 83: [: 0
0: integer expression expected
scripts/collect_glm6b_full.sh: line 83: [: 0
0: integer expression expected
scripts/collect_glm6b_full.sh: line 83: [: 0
0: integer expression expected
scripts/collect_glm6b_full.sh: line 83: [: 0
0: integer expression expected
scripts/collect_glm6b_full.sh: line 83: [: 0
0: integer expression expected
scripts/collect_glm6b_full.sh: line 83: [: 0
0: integer expression expected
scripts/collect_glm6b_full.sh: line 83: [: 0
0: integer expression expected
scripts/collect_glm6b_full.sh: line 83: [: 0
0: integer expression expected
scripts/collect_glm6b_full.sh: line 83: [: 0
0: integer expression expected
scripts/collect_glm6b_full.sh: line 83: [: 0
0: integer expression expected
scripts/collect_glm6b_full.sh: line 83: [: 0
0: integer expression expected
scripts/collect_glm6b_full.sh: line 83: [: 0
0: integer expression expected
scripts/collect_glm6b_full.sh: line 83: [: 0
0: integer expression expected
scripts/collect_glm6b_full.sh: line 83: [: 0
0: integer expression expected
scripts/collect_glm6b_full.sh: line 83: [: 0
0: integer expression expected
scripts/collect_glm6b_full.sh: line 83: [: 0
0: integer expression expected
scripts/collect_glm6b_full.sh: line 83: [: 0
0: integer expression expected
scripts/collect_glm6b_full.sh: line 83: [: 0
0: integer expression expected
scripts/collect_glm6b_full.sh: line 83: [: 0
0: integer expression expected
scripts/collect_glm6b_full.sh: line 83: [: 0
0: integer expression expected
scripts/collect_glm6b_full.sh: line 83: [: 0
0: integer expression expected
scripts/collect_glm6b_full.sh: line 83: [: 0
0: integer expression expected
scripts/collect_glm6b_full.sh: line 83: [: 0
0: integer expression expected
scripts/collect_glm6b_full.sh: line 83: [: 0
0: integer expression expected
scripts/collect_glm6b_full.sh: line 83: [: 0
0: integer expression expected
scripts/collect_glm6b_full.sh: line 83: [: 0
0: integer expression expected
scripts/collect_glm6b_full.sh: line 83: [: 0
0: integer expression expected
scripts/collect_glm6b_full.sh: line 83: [: 0
0: integer expression expected
scripts/collect_glm6b_full.sh: line 83: [: 0
0: integer expression expected
scripts/collect_glm6b_full.sh: line 83: [: 0
0: integer expression expected
scripts/collect_glm6b_full.sh: line 83: [: 0
0: integer expression expected
scripts/collect_glm6b_full.sh: line 83: [: 0
0: integer expression expected
scripts/collect_glm6b_full.sh: line 83: [: 0
0: integer expression expected
scripts/collect_glm6b_full.sh: line 83: [: 0
0: integer expression expected
scripts/collect_glm6b_full.sh: line 83: [: 0
0: integer expression expected
scripts/collect_glm6b_full.sh: line 83: [: 0
0: integer expression expected
scripts/collect_glm6b_full.sh: line 83: [: 0
0: integer expression expected
scripts/collect_glm6b_full.sh: line 83: [: 0
0: integer expression expected
scripts/collect_glm6b_full.sh: line 83: [: 0
0: integer expression expected
scripts/collect_glm6b_full.sh: line 83: [: 0
0: integer expression expected
scripts/collect_glm6b_full.sh: line 83: [: 0
0: integer expression expected
scripts/collect_glm6b_full.sh: line 83: [: 0
0: integer expression expected
scripts/collect_glm6b_full.sh: line 83: [: 0
0: integer expression expected
scripts/collect_glm6b_full.sh: line 83: [: 0
0: integer expression expected
scripts/collect_glm6b_full.sh: line 83: [: 0
0: integer expression expected
scripts/collect_glm6b_full.sh: line 83: [: 0
0: integer expression expected
scripts/collect_glm6b_full.sh: line 83: [: 0
0: integer expression expected
scripts/collect_glm6b_full.sh: line 83: [: 0
0: integer expression expected
scripts/collect_glm6b_full.sh: line 83: [: 0
0: integer expression expected
scripts/collect_glm6b_full.sh: line 83: [: 0
0: integer expression expected
scripts/collect_glm6b_full.sh: line 83: [: 0
0: integer expression expected
scripts/collect_glm6b_full.sh: line 83: [: 0
0: integer expression expected
scripts/collect_glm6b_full.sh: line 83: [: 0
0: integer expression expected
scripts/collect_glm6b_full.sh: line 83: [: 0
0: integer expression expected
scripts/collect_glm6b_full.sh: line 83: [: 0
0: integer expression expected
scripts/collect_glm6b_full.sh: line 83: [: 0
0: integer expression expected
scripts/collect_glm6b_full.sh: line 83: [: 0
0: integer expression expected
scripts/collect_glm6b_full.sh: line 83: [: 0
0: integer expression expected
scripts/collect_glm6b_full.sh: line 83: [: 0
0: integer expression expected
scripts/collect_glm6b_full.sh: line 83: [: 0
0: integer expression expected
scripts/collect_glm6b_full.sh: line 83: [: 0
0: integer expression expected
scripts/collect_glm6b_full.sh: line 83: [: 0
0: integer expression expected
scripts/collect_glm6b_full.sh: line 83: [: 0
0: integer expression expected
scripts/collect_glm6b_full.sh: line 83: [: 0
0: integer expression expected
scripts/collect_glm6b_full.sh: line 83: [: 0
0: integer expression expected
scripts/collect_glm6b_full.sh: line 83: [: 0
0: integer expression expected
scripts/collect_glm6b_full.sh: line 83: [: 0
0: integer expression expected
scripts/collect_glm6b_full.sh: line 83: [: 0
0: integer expression expected
scripts/collect_glm6b_full.sh: line 83: [: 0
0: integer expression expected
scripts/collect_glm6b_full.sh: line 83: [: 0
0: integer expression expected
scripts/collect_glm6b_full.sh: line 83: [: 0
0: integer expression expected
scripts/collect_glm6b_full.sh: line 83: [: 0
0: integer expression expected
scripts/collect_glm6b_full.sh: line 83: [: 0
0: integer expression expected
scripts/collect_glm6b_full.sh: line 83: [: 0
0: integer expression expected
scripts/collect_glm6b_full.sh: line 83: [: 0
0: integer expression expected
scripts/collect_glm6b_full.sh: line 83: [: 0
0: integer expression expected
scripts/collect_glm6b_full.sh: line 83: [: 0
0: integer expression expected
scripts/collect_glm6b_full.sh: line 83: [: 0
0: integer expression expected
scripts/collect_glm6b_full.sh: line 83: [: 0
0: integer expression expected
scripts/collect_glm6b_full.sh: line 83: [: 0
0: integer expression expected
scripts/collect_glm6b_full.sh: line 83: [: 0
0: integer expression expected
scripts/collect_glm6b_full.sh: line 83: [: 0
0: integer expression expected
scripts/collect_glm6b_full.sh: line 83: [: 0
0: integer expression expected
scripts/collect_glm6b_full.sh: line 83: [: 0
0: integer expression expected
scripts/collect_glm6b_full.sh: line 83: [: 0
0: integer expression expected
scripts/collect_glm6b_full.sh: line 83: [: 0
0: integer expression expected
scripts/collect_glm6b_full.sh: line 83: [: 0
0: integer expression expected
scripts/collect_glm6b_full.sh: line 83: [: 0
0: integer expression expected
scripts/collect_glm6b_full.sh: line 83: [: 0
0: integer expression expected
scripts/collect_glm6b_full.sh: line 83: [: 0
0: integer expression expected
scripts/collect_glm6b_full.sh: line 83: [: 0
0: integer expression expected
scripts/collect_glm6b_full.sh: line 83: [: 0
0: integer expression expected
scripts/collect_glm6b_full.sh: line 83: [: 0
0: integer expression expected
scripts/collect_glm6b_full.sh: line 83: [: 0
0: integer expression expected
scripts/collect_glm6b_full.sh: line 83: [: 0
0: integer expression expected
scripts/collect_glm6b_full.sh: line 83: [: 0
0: integer expression expected
scripts/collect_glm6b_full.sh: line 83: [: 0
0: integer expression expected
scripts/collect_glm6b_full.sh: line 83: [: 0
0: integer expression expected
scripts/collect_glm6b_full.sh: line 83: [: 0
0: integer expression expected
scripts/collect_glm6b_full.sh: line 83: [: 0
0: integer expression expected
scripts/collect_glm6b_full.sh: line 83: [: 0
0: integer expression expected
scripts/collect_glm6b_full.sh: line 83: [: 0
0: integer expression expected
scripts/collect_glm6b_full.sh: line 83: [: 0
0: integer expression expected
scripts/collect_glm6b_full.sh: line 83: [: 0
0: integer expression expected
scripts/collect_glm6b_full.sh: line 83: [: 0
0: integer expression expected
scripts/collect_glm6b_full.sh: line 83: [: 0
0: integer expression expected
scripts/collect_glm6b_full.sh: line 83: [: 0
0: integer expression expected
scripts/collect_glm6b_full.sh: line 83: [: 0
0: integer expression expected
scripts/collect_glm6b_full.sh: line 83: [: 0
0: integer expression expected
scripts/collect_glm6b_full.sh: line 83: [: 0
0: integer expression expected
scripts/collect_glm6b_full.sh: line 83: [: 0
0: integer expression expected
scripts/collect_glm6b_full.sh: line 83: [: 0
0: integer expression expected
scripts/collect_glm6b_full.sh: line 83: [: 0
0: integer expression expected
scripts/collect_glm6b_full.sh: line 83: [: 0
0: integer expression expected
scripts/collect_glm6b_full.sh: line 83: [: 0
0: integer expression expected
scripts/collect_glm6b_full.sh: line 83: [: 0
0: integer expression expected
scripts/collect_glm6b_full.sh: line 83: [: 0
0: integer expression expected
scripts/collect_glm6b_full.sh: line 83: [: 0
0: integer expression expected
scripts/collect_glm6b_full.sh: line 83: [: 0
0: integer expression expected
scripts/collect_glm6b_full.sh: line 83: [: 0
0: integer expression expected
scripts/collect_glm6b_full.sh: line 83: [: 0
0: integer expression expected
scripts/collect_glm6b_full.sh: line 83: [: 0
0: integer expression expected
scripts/collect_glm6b_full.sh: line 83: [: 0
0: integer expression expected
scripts/collect_glm6b_full.sh: line 83: [: 0
0: integer expression expected
scripts/collect_glm6b_full.sh: line 83: [: 0
0: integer expression expected
scripts/collect_glm6b_full.sh: line 83: [: 0
0: integer expression expected
scripts/collect_glm6b_full.sh: line 83: [: 0
0: integer expression expected
scripts/collect_glm6b_full.sh: line 83: [: 0
0: integer expression expected
scripts/collect_glm6b_full.sh: line 83: [: 0
0: integer expression expected
scripts/collect_glm6b_full.sh: line 83: [: 0
0: integer expression expected
scripts/collect_glm6b_full.sh: line 83: [: 0
0: integer expression expected
scripts/collect_glm6b_full.sh: line 83: [: 0
0: integer expression expected
scripts/collect_glm6b_full.sh: line 83: [: 0
0: integer expression expected
scripts/collect_glm6b_full.sh: line 83: [: 0
0: integer expression expected
scripts/collect_glm6b_full.sh: line 83: [: 0
0: integer expression expected
scripts/collect_glm6b_full.sh: line 83: [: 0
0: integer expression expected
scripts/collect_glm6b_full.sh: line 83: [: 0
0: integer expression expected
scripts/collect_glm6b_full.sh: line 83: [: 0
0: integer expression expected
scripts/collect_glm6b_full.sh: line 83: [: 0
0: integer expression expected
scripts/collect_glm6b_full.sh: line 83: [: 0
0: integer expression expected
scripts/collect_glm6b_full.sh: line 83: [: 0
0: integer expression expected
scripts/collect_glm6b_full.sh: line 83: [: 0
0: integer expression expected
scripts/collect_glm6b_full.sh: line 83: [: 0
0: integer expression expected
scripts/collect_glm6b_full.sh: line 83: [: 0
0: integer expression expected
scripts/collect_glm6b_full.sh: line 83: [: 0
0: integer expression expected
scripts/collect_glm6b_full.sh: line 83: [: 0
0: integer expression expected
scripts/collect_glm6b_full.sh: line 83: [: 0
0: integer expression expected
scripts/collect_glm6b_full.sh: line 83: [: 0
0: integer expression expected
scripts/collect_glm6b_full.sh: line 83: [: 0
0: integer expression expected
scripts/collect_glm6b_full.sh: line 83: [: 0
0: integer expression expected
scripts/collect_glm6b_full.sh: line 83: [: 0
0: integer expression expected
scripts/collect_glm6b_full.sh: line 83: [: 0
0: integer expression expected
scripts/collect_glm6b_full.sh: line 83: [: 0
0: integer expression expected
scripts/collect_glm6b_full.sh: line 83: [: 0
0: integer expression expected
scripts/collect_glm6b_full.sh: line 83: [: 0
0: integer expression expected
scripts/collect_glm6b_full.sh: line 83: [: 0
0: integer expression expected
scripts/collect_glm6b_full.sh: line 83: [: 0
0: integer expression expected
scripts/collect_glm6b_full.sh: line 83: [: 0
0: integer expression expected
scripts/collect_glm6b_full.sh: line 83: [: 0
0: integer expression expected
scripts/collect_glm6b_full.sh: line 83: [: 0
0: integer expression expected
scripts/collect_glm6b_full.sh: line 83: [: 0
0: integer expression expected
scripts/collect_glm6b_full.sh: line 83: [: 0
0: integer expression expected
scripts/collect_glm6b_full.sh: line 83: [: 0
0: integer expression expected
scripts/collect_glm6b_full.sh: line 83: [: 0
0: integer expression expected
scripts/collect_glm6b_full.sh: line 83: [: 0
0: integer expression expected
scripts/collect_glm6b_full.sh: line 83: [: 0
0: integer expression expected
scripts/collect_glm6b_full.sh: line 83: [: 0
0: integer expression expected
scripts/collect_glm6b_full.sh: line 83: [: 0
0: integer expression expected
scripts/collect_glm6b_full.sh: line 83: [: 0
0: integer expression expected
scripts/collect_glm6b_full.sh: line 83: [: 0
0: integer expression expected
scripts/collect_glm6b_full.sh: line 83: [: 0
0: integer expression expected
scripts/collect_glm6b_full.sh: line 83: [: 0
0: integer expression expected
scripts/collect_glm6b_full.sh: line 83: [: 0
0: integer expression expected
scripts/collect_glm6b_full.sh: line 83: [: 0
0: integer expression expected
scripts/collect_glm6b_full.sh: line 83: [: 0
0: integer expression expected
scripts/collect_glm6b_full.sh: line 83: [: 0
0: integer expression expected
scripts/collect_glm6b_full.sh: line 83: [: 0
0: integer expression expected
scripts/collect_glm6b_full.sh: line 83: [: 0
0: integer expression expected
scripts/collect_glm6b_full.sh: line 83: [: 0
0: integer expression expected
scripts/collect_glm6b_full.sh: line 83: [: 0
0: integer expression expected
scripts/collect_glm6b_full.sh: line 83: [: 0
0: integer expression expected
scripts/collect_glm6b_full.sh: line 83: [: 0
0: integer expression expected
scripts/collect_glm6b_full.sh: line 83: [: 0
0: integer expression expected
scripts/collect_glm6b_full.sh: line 83: [: 0
0: integer expression expected
scripts/collect_glm6b_full.sh: line 83: [: 0
0: integer expression expected
scripts/collect_glm6b_full.sh: line 83: [: 0
0: integer expression expected
scripts/collect_glm6b_full.sh: line 83: [: 0
0: integer expression expected
scripts/collect_glm6b_full.sh: line 83: [: 0
0: integer expression expected
scripts/collect_glm6b_full.sh: line 83: [: 0
0: integer expression expected
scripts/collect_glm6b_full.sh: line 83: [: 0
0: integer expression expected
scripts/collect_glm6b_full.sh: line 83: [: 0
0: integer expression expected
scripts/collect_glm6b_full.sh: line 83: [: 0
0: integer expression expected
scripts/collect_glm6b_full.sh: line 83: [: 0
0: integer expression expected
scripts/collect_glm6b_full.sh: line 83: [: 0
0: integer expression expected
scripts/collect_glm6b_full.sh: line 83: [: 0
0: integer expression expected
scripts/collect_glm6b_full.sh: line 83: [: 0
0: integer expression expected
scripts/collect_glm6b_full.sh: line 83: [: 0
0: integer expression expected
scripts/collect_glm6b_full.sh: line 83: [: 0
0: integer expression expected
scripts/collect_glm6b_full.sh: line 83: [: 0
0: integer expression expected
scripts/collect_glm6b_full.sh: line 83: [: 0
0: integer expression expected
scripts/collect_glm6b_full.sh: line 83: [: 0
0: integer expression expected
scripts/collect_glm6b_full.sh: line 83: [: 0
0: integer expression expected
scripts/collect_glm6b_full.sh: line 83: [: 0
0: integer expression expected
scripts/collect_glm6b_full.sh: line 83: [: 0
0: integer expression expected
scripts/collect_glm6b_full.sh: line 83: [: 0
0: integer expression expected
scripts/collect_glm6b_full.sh: line 83: [: 0
0: integer expression expected
scripts/collect_glm6b_full.sh: line 83: [: 0
0: integer expression expected
scripts/collect_glm6b_full.sh: line 83: [: 0
0: integer expression expected
scripts/collect_glm6b_full.sh: line 83: [: 0
0: integer expression expected
scripts/collect_glm6b_full.sh: line 83: [: 0
0: integer expression expected
scripts/collect_glm6b_full.sh: line 83: [: 0
0: integer expression expected
scripts/collect_glm6b_full.sh: line 83: [: 0
0: integer expression expected
scripts/collect_glm6b_full.sh: line 83: [: 0
0: integer expression expected
scripts/collect_glm6b_full.sh: line 83: [: 0
0: integer expression expected
scripts/collect_glm6b_full.sh: line 83: [: 0
0: integer expression expected
scripts/collect_glm6b_full.sh: line 83: [: 0
0: integer expression expected
scripts/collect_glm6b_full.sh: line 83: [: 0
0: integer expression expected
scripts/collect_glm6b_full.sh: line 83: [: 0
0: integer expression expected
scripts/collect_glm6b_full.sh: line 83: [: 0
0: integer expression expected
scripts/collect_glm6b_full.sh: line 83: [: 0
0: integer expression expected
scripts/collect_glm6b_full.sh: line 83: [: 0
0: integer expression expected
scripts/collect_glm6b_full.sh: line 83: [: 0
0: integer expression expected
scripts/collect_glm6b_full.sh: line 83: [: 0
0: integer expression expected
scripts/collect_glm6b_full.sh: line 83: [: 0
0: integer expression expected
scripts/collect_glm6b_full.sh: line 83: [: 0
0: integer expression expected
scripts/collect_glm6b_full.sh: line 83: [: 0
0: integer expression expected
scripts/collect_glm6b_full.sh: line 83: [: 0
0: integer expression expected
scripts/collect_glm6b_full.sh: line 83: [: 0
0: integer expression expected
scripts/collect_glm6b_full.sh: line 83: [: 0
0: integer expression expected
scripts/collect_glm6b_full.sh: line 83: [: 0
0: integer expression expected
scripts/collect_glm6b_full.sh: line 83: [: 0
0: integer expression expected
scripts/collect_glm6b_full.sh: line 83: [: 0
0: integer expression expected
scripts/collect_glm6b_full.sh: line 83: [: 0
0: integer expression expected
scripts/collect_glm6b_full.sh: line 83: [: 0
0: integer expression expected
scripts/collect_glm6b_full.sh: line 83: [: 0
0: integer expression expected
scripts/collect_glm6b_full.sh: line 83: [: 0
0: integer expression expected
scripts/collect_glm6b_full.sh: line 83: [: 0
0: integer expression expected
scripts/collect_glm6b_full.sh: line 83: [: 0
0: integer expression expected
scripts/collect_glm6b_full.sh: line 83: [: 0
0: integer expression expected
scripts/collect_glm6b_full.sh: line 83: [: 0
0: integer expression expected
scripts/collect_glm6b_full.sh: line 83: [: 0
0: integer expression expected
scripts/collect_glm6b_full.sh: line 83: [: 0
0: integer expression expected
scripts/collect_glm6b_full.sh: line 83: [: 0
0: integer expression expected
scripts/collect_glm6b_full.sh: line 83: [: 0
0: integer expression expected
scripts/collect_glm6b_full.sh: line 83: [: 0
0: integer expression expected
scripts/collect_glm6b_full.sh: line 83: [: 0
0: integer expression expected
scripts/collect_glm6b_full.sh: line 83: [: 0
0: integer expression expected
scripts/collect_glm6b_full.sh: line 83: [: 0
0: integer expression expected
scripts/collect_glm6b_full.sh: line 83: [: 0
0: integer expression expected
scripts/collect_glm6b_full.sh: line 83: [: 0
0: integer expression expected
scripts/collect_glm6b_full.sh: line 83: [: 0
0: integer expression expected
scripts/collect_glm6b_full.sh: line 83: [: 0
0: integer expression expected
scripts/collect_glm6b_full.sh: line 83: [: 0
0: integer expression expected
scripts/collect_glm6b_full.sh: line 83: [: 0
0: integer expression expected
scripts/collect_glm6b_full.sh: line 83: [: 0
0: integer expression expected
scripts/collect_glm6b_full.sh: line 83: [: 0
0: integer expression expected
scripts/collect_glm6b_full.sh: line 83: [: 0
0: integer expression expected
scripts/collect_glm6b_full.sh: line 83: [: 0
0: integer expression expected
scripts/collect_glm6b_full.sh: line 83: [: 0
0: integer expression expected
scripts/collect_glm6b_full.sh: line 83: [: 0
0: integer expression expected
scripts/collect_glm6b_full.sh: line 83: [: 0
0: integer expression expected
scripts/collect_glm6b_full.sh: line 83: [: 0
0: integer expression expected
scripts/collect_glm6b_full.sh: line 83: [: 0
0: integer expression expected
scripts/collect_glm6b_full.sh: line 83: [: 0
0: integer expression expected
scripts/collect_glm6b_full.sh: line 83: [: 0
0: integer expression expected
scripts/collect_glm6b_full.sh: line 83: [: 0
0: integer expression expected
scripts/collect_glm6b_full.sh: line 83: [: 0
0: integer expression expected
scripts/collect_glm6b_full.sh: line 83: [: 0
0: integer expression expected
scripts/collect_glm6b_full.sh: line 83: [: 0
0: integer expression expected
scripts/collect_glm6b_full.sh: line 83: [: 0
0: integer expression expected
scripts/collect_glm6b_full.sh: line 83: [: 0
0: integer expression expected
scripts/collect_glm6b_full.sh: line 83: [: 0
0: integer expression expected
scripts/collect_glm6b_full.sh: line 83: [: 0
0: integer expression expected
scripts/collect_glm6b_full.sh: line 83: [: 0
0: integer expression expected
scripts/collect_glm6b_full.sh: line 83: [: 0
0: integer expression expected
scripts/collect_glm6b_full.sh: line 83: [: 0
0: integer expression expected
scripts/collect_glm6b_full.sh: line 83: [: 0
0: integer expression expected
scripts/collect_glm6b_full.sh: line 83: [: 0
0: integer expression expected
scripts/collect_glm6b_full.sh: line 83: [: 0
0: integer expression expected
scripts/collect_glm6b_full.sh: line 83: [: 0
0: integer expression expected
scripts/collect_glm6b_full.sh: line 83: [: 0
0: integer expression expected
scripts/collect_glm6b_full.sh: line 83: [: 0
0: integer expression expected
scripts/collect_glm6b_full.sh: line 83: [: 0
0: integer expression expected
scripts/collect_glm6b_full.sh: line 83: [: 0
0: integer expression expected
scripts/collect_glm6b_full.sh: line 83: [: 0
0: integer expression expected
scripts/collect_glm6b_full.sh: line 83: [: 0
0: integer expression expected
scripts/collect_glm6b_full.sh: line 83: [: 0
0: integer expression expected
scripts/collect_glm6b_full.sh: line 83: [: 0
0: integer expression expected
scripts/collect_glm6b_full.sh: line 83: [: 0
0: integer expression expected
scripts/collect_glm6b_full.sh: line 83: [: 0
0: integer expression expected
scripts/collect_glm6b_full.sh: line 83: [: 0
0: integer expression expected
scripts/collect_glm6b_full.sh: line 83: [: 0
0: integer expression expected
scripts/collect_glm6b_full.sh: line 83: [: 0
0: integer expression expected
scripts/collect_glm6b_full.sh: line 83: [: 0
0: integer expression expected
scripts/collect_glm6b_full.sh: line 83: [: 0
0: integer expression expected
scripts/collect_glm6b_full.sh: line 83: [: 0
0: integer expression expected
scripts/collect_glm6b_full.sh: line 83: [: 0
0: integer expression expected
scripts/collect_glm6b_full.sh: line 83: [: 0
0: integer expression expected
scripts/collect_glm6b_full.sh: line 83: [: 0
0: integer expression expected
scripts/collect_glm6b_full.sh: line 83: [: 0
0: integer expression expected
scripts/collect_glm6b_full.sh: line 83: [: 0
0: integer expression expected
scripts/collect_glm6b_full.sh: line 83: [: 0
0: integer expression expected
scripts/collect_glm6b_full.sh: line 83: [: 0
0: integer expression expected
scripts/collect_glm6b_full.sh: line 83: [: 0
0: integer expression expected
scripts/collect_glm6b_full.sh: line 83: [: 0
0: integer expression expected
scripts/collect_glm6b_full.sh: line 83: [: 0
0: integer expression expected
scripts/collect_glm6b_full.sh: line 83: [: 0
0: integer expression expected
scripts/collect_glm6b_full.sh: line 83: [: 0
0: integer expression expected
scripts/collect_glm6b_full.sh: line 83: [: 0
0: integer expression expected
scripts/collect_glm6b_full.sh: line 83: [: 0
0: integer expression expected
scripts/collect_glm6b_full.sh: line 83: [: 0
0: integer expression expected
scripts/collect_glm6b_full.sh: line 83: [: 0
0: integer expression expected
scripts/collect_glm6b_full.sh: line 83: [: 0
0: integer expression expected
scripts/collect_glm6b_full.sh: line 83: [: 0
0: integer expression expected
scripts/collect_glm6b_full.sh: line 83: [: 0
0: integer expression expected
scripts/collect_glm6b_full.sh: line 83: [: 0
0: integer expression expected
scripts/collect_glm6b_full.sh: line 83: [: 0
0: integer expression expected
scripts/collect_glm6b_full.sh: line 83: [: 0
0: integer expression expected
scripts/collect_glm6b_full.sh: line 83: [: 0
0: integer expression expected
scripts/collect_glm6b_full.sh: line 83: [: 0
0: integer expression expected
scripts/collect_glm6b_full.sh: line 83: [: 0
0: integer expression expected
scripts/collect_glm6b_full.sh: line 83: [: 0
0: integer expression expected
scripts/collect_glm6b_full.sh: line 83: [: 0
0: integer expression expected
scripts/collect_glm6b_full.sh: line 83: [: 0
0: integer expression expected
scripts/collect_glm6b_full.sh: line 83: [: 0
0: integer expression expected
scripts/collect_glm6b_full.sh: line 83: [: 0
0: integer expression expected
scripts/collect_glm6b_full.sh: line 83: [: 0
0: integer expression expected
scripts/collect_glm6b_full.sh: line 83: [: 0
0: integer expression expected
scripts/collect_glm6b_full.sh: line 83: [: 0
0: integer expression expected
scripts/collect_glm6b_full.sh: line 83: [: 0
0: integer expression expected
scripts/collect_glm6b_full.sh: line 83: [: 0
0: integer expression expected
scripts/collect_glm6b_full.sh: line 83: [: 0
0: integer expression expected
scripts/collect_glm6b_full.sh: line 83: [: 0
0: integer expression expected
scripts/collect_glm6b_full.sh: line 83: [: 0
0: integer expression expected
scripts/collect_glm6b_full.sh: line 83: [: 0
0: integer expression expected
scripts/collect_glm6b_full.sh: line 83: [: 0
0: integer expression expected
scripts/collect_glm6b_full.sh: line 83: [: 0
0: integer expression expected
scripts/collect_glm6b_full.sh: line 83: [: 0
0: integer expression expected
scripts/collect_glm6b_full.sh: line 83: [: 0
0: integer expression expected
scripts/collect_glm6b_full.sh: line 83: [: 0
0: integer expression expected
scripts/collect_glm6b_full.sh: line 83: [: 0
0: integer expression expected
scripts/collect_glm6b_full.sh: line 83: [: 0
0: integer expression expected
scripts/collect_glm6b_full.sh: line 83: [: 0
0: integer expression expected
scripts/collect_glm6b_full.sh: line 83: [: 0
0: integer expression expected
scripts/collect_glm6b_full.sh: line 83: [: 0
0: integer expression expected
scripts/collect_glm6b_full.sh: line 83: [: 0
0: integer expression expected
scripts/collect_glm6b_full.sh: line 83: [: 0
0: integer expression expected
scripts/collect_glm6b_full.sh: line 83: [: 0
0: integer expression expected
scripts/collect_glm6b_full.sh: line 83: [: 0
0: integer expression expected
scripts/collect_glm6b_full.sh: line 83: [: 0
0: integer expression expected
scripts/collect_glm6b_full.sh: line 83: [: 0
0: integer expression expected
scripts/collect_glm6b_full.sh: line 83: [: 0
0: integer expression expected
scripts/collect_glm6b_full.sh: line 83: [: 0
0: integer expression expected
scripts/collect_glm6b_full.sh: line 83: [: 0
0: integer expression expected
scripts/collect_glm6b_full.sh: line 83: [: 0
0: integer expression expected
scripts/collect_glm6b_full.sh: line 83: [: 0
0: integer expression expected
scripts/collect_glm6b_full.sh: line 83: [: 0
0: integer expression expected
scripts/collect_glm6b_full.sh: line 83: [: 0
0: integer expression expected
scripts/collect_glm6b_full.sh: line 83: [: 0
0: integer expression expected
scripts/collect_glm6b_full.sh: line 83: [: 0
0: integer expression expected
scripts/collect_glm6b_full.sh: line 83: [: 0
0: integer expression expected
scripts/collect_glm6b_full.sh: line 83: [: 0
0: integer expression expected
scripts/collect_glm6b_full.sh: line 83: [: 0
0: integer expression expected
scripts/collect_glm6b_full.sh: line 83: [: 0
0: integer expression expected
scripts/collect_glm6b_full.sh: line 83: [: 0
0: integer expression expected
scripts/collect_glm6b_full.sh: line 83: [: 0
0: integer expression expected
scripts/collect_glm6b_full.sh: line 83: [: 0
0: integer expression expected
scripts/collect_glm6b_full.sh: line 83: [: 0
0: integer expression expected
scripts/collect_glm6b_full.sh: line 83: [: 0
0: integer expression expected
scripts/collect_glm6b_full.sh: line 83: [: 0
0: integer expression expected
scripts/collect_glm6b_full.sh: line 83: [: 0
0: integer expression expected
scripts/collect_glm6b_full.sh: line 83: [: 0
0: integer expression expected
scripts/collect_glm6b_full.sh: line 83: [: 0
0: integer expression expected
scripts/collect_glm6b_full.sh: line 83: [: 0
0: integer expression expected
scripts/collect_glm6b_full.sh: line 83: [: 0
0: integer expression expected
scripts/collect_glm6b_full.sh: line 83: [: 0
0: integer expression expected
scripts/collect_glm6b_full.sh: line 83: [: 0
0: integer expression expected
scripts/collect_glm6b_full.sh: line 83: [: 0
0: integer expression expected
scripts/collect_glm6b_full.sh: line 83: [: 0
0: integer expression expected
scripts/collect_glm6b_full.sh: line 83: [: 0
0: integer expression expected
scripts/collect_glm6b_full.sh: line 83: [: 0
0: integer expression expected
scripts/collect_glm6b_full.sh: line 83: [: 0
0: integer expression expected
scripts/collect_glm6b_full.sh: line 83: [: 0
0: integer expression expected
scripts/collect_glm6b_full.sh: line 83: [: 0
0: integer expression expected
scripts/collect_glm6b_full.sh: line 83: [: 0
0: integer expression expected
scripts/collect_glm6b_full.sh: line 83: [: 0
0: integer expression expected
scripts/collect_glm6b_full.sh: line 83: [: 0
0: integer expression expected
scripts/collect_glm6b_full.sh: line 83: [: 0
0: integer expression expected
scripts/collect_glm6b_full.sh: line 83: [: 0
0: integer expression expected
scripts/collect_glm6b_full.sh: line 83: [: 0
0: integer expression expected
scripts/collect_glm6b_full.sh: line 83: [: 0
0: integer expression expected
scripts/collect_glm6b_full.sh: line 83: [: 0
0: integer expression expected
scripts/collect_glm6b_full.sh: line 83: [: 0
0: integer expression expected
scripts/collect_glm6b_full.sh: line 83: [: 0
0: integer expression expected
scripts/collect_glm6b_full.sh: line 83: [: 0
0: integer expression expected
scripts/collect_glm6b_full.sh: line 83: [: 0
0: integer expression expected
scripts/collect_glm6b_full.sh: line 83: [: 0
0: integer expression expected
scripts/collect_glm6b_full.sh: line 83: [: 0
0: integer expression expected
scripts/collect_glm6b_full.sh: line 83: [: 0
0: integer expression expected
scripts/collect_glm6b_full.sh: line 83: [: 0
0: integer expression expected
scripts/collect_glm6b_full.sh: line 83: [: 0
0: integer expression expected
scripts/collect_glm6b_full.sh: line 83: [: 0
0: integer expression expected
scripts/collect_glm6b_full.sh: line 83: [: 0
0: integer expression expected
scripts/collect_glm6b_full.sh: line 83: [: 0
0: integer expression expected
scripts/collect_glm6b_full.sh: line 83: [: 0
0: integer expression expected
scripts/collect_glm6b_full.sh: line 83: [: 0
0: integer expression expected
scripts/collect_glm6b_full.sh: line 83: [: 0
0: integer expression expected
scripts/collect_glm6b_full.sh: line 83: [: 0
0: integer expression expected
scripts/collect_glm6b_full.sh: line 83: [: 0
0: integer expression expected
scripts/collect_glm6b_full.sh: line 83: [: 0
0: integer expression expected
scripts/collect_glm6b_full.sh: line 83: [: 0
0: integer expression expected
scripts/collect_glm6b_full.sh: line 83: [: 0
0: integer expression expected
scripts/collect_glm6b_full.sh: line 83: [: 0
0: integer expression expected
scripts/collect_glm6b_full.sh: line 83: [: 0
0: integer expression expected
scripts/collect_glm6b_full.sh: line 83: [: 0
0: integer expression expected
scripts/collect_glm6b_full.sh: line 83: [: 0
0: integer expression expected
scripts/collect_glm6b_full.sh: line 83: [: 0
0: integer expression expected
scripts/collect_glm6b_full.sh: line 83: [: 0
0: integer expression expected
scripts/collect_glm6b_full.sh: line 83: [: 0
0: integer expression expected
scripts/collect_glm6b_full.sh: line 83: [: 0
0: integer expression expected
scripts/collect_glm6b_full.sh: line 83: [: 0
0: integer expression expected
scripts/collect_glm6b_full.sh: line 83: [: 0
0: integer expression expected
scripts/collect_glm6b_full.sh: line 83: [: 0
0: integer expression expected
scripts/collect_glm6b_full.sh: line 83: [: 0
0: integer expression expected
scripts/collect_glm6b_full.sh: line 83: [: 0
0: integer expression expected
scripts/collect_glm6b_full.sh: line 83: [: 0
0: integer expression expected
scripts/collect_glm6b_full.sh: line 83: [: 0
0: integer expression expected
scripts/collect_glm6b_full.sh: line 83: [: 0
0: integer expression expected
scripts/collect_glm6b_full.sh: line 83: [: 0
0: integer expression expected
scripts/collect_glm6b_full.sh: line 83: [: 0
0: integer expression expected
scripts/collect_glm6b_full.sh: line 83: [: 0
0: integer expression expected
scripts/collect_glm6b_full.sh: line 83: [: 0
0: integer expression expected
scripts/collect_glm6b_full.sh: line 83: [: 0
0: integer expression expected
scripts/collect_glm6b_full.sh: line 83: [: 0
0: integer expression expected
scripts/collect_glm6b_full.sh: line 83: [: 0
0: integer expression expected
scripts/collect_glm6b_full.sh: line 83: [: 0
0: integer expression expected
scripts/collect_glm6b_full.sh: line 83: [: 0
0: integer expression expected
scripts/collect_glm6b_full.sh: line 83: [: 0
0: integer expression expected
scripts/collect_glm6b_full.sh: line 83: [: 0
0: integer expression expected
scripts/collect_glm6b_full.sh: line 83: [: 0
0: integer expression expected
scripts/collect_glm6b_full.sh: line 83: [: 0
0: integer expression expected
scripts/collect_glm6b_full.sh: line 83: [: 0
0: integer expression expected
scripts/collect_glm6b_full.sh: line 83: [: 0
0: integer expression expected
scripts/collect_glm6b_full.sh: line 83: [: 0
0: integer expression expected
scripts/collect_glm6b_full.sh: line 83: [: 0
0: integer expression expected
scripts/collect_glm6b_full.sh: line 83: [: 0
0: integer expression expected
scripts/collect_glm6b_full.sh: line 83: [: 0
0: integer expression expected
scripts/collect_glm6b_full.sh: line 83: [: 0
0: integer expression expected
scripts/collect_glm6b_full.sh: line 83: [: 0
0: integer expression expected
scripts/collect_glm6b_full.sh: line 83: [: 0
0: integer expression expected
scripts/collect_glm6b_full.sh: line 83: [: 0
0: integer expression expected
scripts/collect_glm6b_full.sh: line 83: [: 0
0: integer expression expected
scripts/collect_glm6b_full.sh: line 83: [: 0
0: integer expression expected
scripts/collect_glm6b_full.sh: line 83: [: 0
0: integer expression expected
scripts/collect_glm6b_full.sh: line 83: [: 0
0: integer expression expected
scripts/collect_glm6b_full.sh: line 83: [: 0
0: integer expression expected
scripts/collect_glm6b_full.sh: line 83: [: 0
0: integer expression expected
scripts/collect_glm6b_full.sh: line 83: [: 0
0: integer expression expected
scripts/collect_glm6b_full.sh: line 83: [: 0
0: integer expression expected
scripts/collect_glm6b_full.sh: line 83: [: 0
0: integer expression expected
scripts/collect_glm6b_full.sh: line 83: [: 0
0: integer expression expected
scripts/collect_glm6b_full.sh: line 83: [: 0
0: integer expression expected
scripts/collect_glm6b_full.sh: line 83: [: 0
0: integer expression expected
scripts/collect_glm6b_full.sh: line 83: [: 0
0: integer expression expected
scripts/collect_glm6b_full.sh: line 83: [: 0
0: integer expression expected
scripts/collect_glm6b_full.sh: line 83: [: 0
0: integer expression expected
scripts/collect_glm6b_full.sh: line 83: [: 0
0: integer expression expected
scripts/collect_glm6b_full.sh: line 83: [: 0
0: integer expression expected
scripts/collect_glm6b_full.sh: line 83: [: 0
0: integer expression expected
scripts/collect_glm6b_full.sh: line 83: [: 0
0: integer expression expected
scripts/collect_glm6b_full.sh: line 83: [: 0
0: integer expression expected
scripts/collect_glm6b_full.sh: line 83: [: 0
0: integer expression expected
scripts/collect_glm6b_full.sh: line 83: [: 0
0: integer expression expected
scripts/collect_glm6b_full.sh: line 83: [: 0
0: integer expression expected
scripts/collect_glm6b_full.sh: line 83: [: 0
0: integer expression expected
scripts/collect_glm6b_full.sh: line 83: [: 0
0: integer expression expected
scripts/collect_glm6b_full.sh: line 83: [: 0
0: integer expression expected
scripts/collect_glm6b_full.sh: line 83: [: 0
0: integer expression expected
scripts/collect_glm6b_full.sh: line 83: [: 0
0: integer expression expected
scripts/collect_glm6b_full.sh: line 83: [: 0
0: integer expression expected
scripts/collect_glm6b_full.sh: line 83: [: 0
0: integer expression expected
scripts/collect_glm6b_full.sh: line 83: [: 0
0: integer expression expected
scripts/collect_glm6b_full.sh: line 83: [: 0
0: integer expression expected
scripts/collect_glm6b_full.sh: line 83: [: 0
0: integer expression expected
scripts/collect_glm6b_full.sh: line 83: [: 0
0: integer expression expected
scripts/collect_glm6b_full.sh: line 83: [: 0
0: integer expression expected
scripts/collect_glm6b_full.sh: line 83: [: 0
0: integer expression expected
scripts/collect_glm6b_full.sh: line 83: [: 0
0: integer expression expected
scripts/collect_glm6b_full.sh: line 83: [: 0
0: integer expression expected
scripts/collect_glm6b_full.sh: line 83: [: 0
0: integer expression expected
scripts/collect_glm6b_full.sh: line 83: [: 0
0: integer expression expected
scripts/collect_glm6b_full.sh: line 83: [: 0
0: integer expression expected
scripts/collect_glm6b_full.sh: line 83: [: 0
0: integer expression expected
scripts/collect_glm6b_full.sh: line 83: [: 0
0: integer expression expected
scripts/collect_glm6b_full.sh: line 83: [: 0
0: integer expression expected
scripts/collect_glm6b_full.sh: line 83: [: 0
0: integer expression expected
scripts/collect_glm6b_full.sh: line 83: [: 0
0: integer expression expected
scripts/collect_glm6b_full.sh: line 83: [: 0
0: integer expression expected
scripts/collect_glm6b_full.sh: line 83: [: 0
0: integer expression expected
scripts/collect_glm6b_full.sh: line 83: [: 0
0: integer expression expected
scripts/collect_glm6b_full.sh: line 83: [: 0
0: integer expression expected
scripts/collect_glm6b_full.sh: line 83: [: 0
0: integer expression expected
scripts/collect_glm6b_full.sh: line 83: [: 0
0: integer expression expected
scripts/collect_glm6b_full.sh: line 83: [: 0
0: integer expression expected
scripts/collect_glm6b_full.sh: line 83: [: 0
0: integer expression expected
scripts/collect_glm6b_full.sh: line 83: [: 0
0: integer expression expected
scripts/collect_glm6b_full.sh: line 83: [: 0
0: integer expression expected
scripts/collect_glm6b_full.sh: line 83: [: 0
0: integer expression expected
scripts/collect_glm6b_full.sh: line 83: [: 0
0: integer expression expected
scripts/collect_glm6b_full.sh: line 83: [: 0
0: integer expression expected
scripts/collect_glm6b_full.sh: line 83: [: 0
0: integer expression expected
scripts/collect_glm6b_full.sh: line 83: [: 0
0: integer expression expected
scripts/collect_glm6b_full.sh: line 83: [: 0
0: integer expression expected
scripts/collect_glm6b_full.sh: line 83: [: 0
0: integer expression expected
scripts/collect_glm6b_full.sh: line 83: [: 0
0: integer expression expected
scripts/collect_glm6b_full.sh: line 83: [: 0
0: integer expression expected
scripts/collect_glm6b_full.sh: line 83: [: 0
0: integer expression expected
scripts/collect_glm6b_full.sh: line 83: [: 0
0: integer expression expected
scripts/collect_glm6b_full.sh: line 83: [: 0
0: integer expression expected
scripts/collect_glm6b_full.sh: line 83: [: 0
0: integer expression expected
scripts/collect_glm6b_full.sh: line 83: [: 0
0: integer expression expected
scripts/collect_glm6b_full.sh: line 83: [: 0
0: integer expression expected
scripts/collect_glm6b_full.sh: line 83: [: 0
0: integer expression expected
scripts/collect_glm6b_full.sh: line 83: [: 0
0: integer expression expected
scripts/collect_glm6b_full.sh: line 83: [: 0
0: integer expression expected
scripts/collect_glm6b_full.sh: line 83: [: 0
0: integer expression expected
scripts/collect_glm6b_full.sh: line 83: [: 0
0: integer expression expected
scripts/collect_glm6b_full.sh: line 83: [: 0
0: integer expression expected
scripts/collect_glm6b_full.sh: line 83: [: 0
0: integer expression expected
scripts/collect_glm6b_full.sh: line 83: [: 0
0: integer expression expected
scripts/collect_glm6b_full.sh: line 83: [: 0
0: integer expression expected
scripts/collect_glm6b_full.sh: line 83: [: 0
0: integer expression expected
