[Fri Jun 12 16:14:58 CST 2026] 等待 20 分钟建立基线...
[Fri Jun 12 16:14:58 CST 2026] === 第1次注入: 极限竞争 (1ms, 10min, BOTH) ===
✓ ProbeExecutor 初始化成功 (设备 0)
  Buffer 大小: 128 MB (probe_bandwidth 固定)
  间隔: 1 ms
  方向: BOTH

============================================================
带宽竞争注入器启动 (基于 ProbeExecutor)
  按 Ctrl+C 停止
============================================================
  [0.4s] 50 copies, 6.25 GB, avg 15.58 GB/s
  [0.8s] 100 copies, 12.50 GB, avg 14.81 GB/s
  [1.2s] 150 copies, 18.75 GB, avg 15.24 GB/s
  [1.7s] 200 copies, 25.00 GB, avg 15.05 GB/s
  [2.0s] 250 copies, 31.25 GB, avg 15.29 GB/s
  [2.5s] 300 copies, 37.50 GB, avg 15.19 GB/s
  [2.9s] 350 copies, 43.75 GB, avg 15.17 GB/s
  [3.3s] 400 copies, 50.00 GB, avg 15.06 GB/s
  [3.7s] 450 copies, 56.25 GB, avg 15.20 GB/s
  [4.1s] 500 copies, 62.50 GB, avg 15.11 GB/s
  [4.5s] 550 copies, 68.75 GB, avg 15.25 GB/s
  [4.9s] 600 copies, 75.00 GB, avg 15.18 GB/s
  [5.3s] 650 copies, 81.25 GB, avg 15.28 GB/s
  [5.7s] 700 copies, 87.50 GB, avg 15.22 GB/s
  [6.2s] 750 copies, 93.75 GB, avg 15.24 GB/s
  [6.6s] 800 copies, 100.00 GB, avg 15.24 GB/s
  [7.0s] 850 copies, 106.25 GB, avg 15.28 GB/s
  [7.4s] 900 copies, 112.50 GB, avg 15.25 GB/s
  [7.8s] 950 copies, 118.75 GB, avg 15.24 GB/s
  [8.2s] 1000 copies, 125.00 GB, avg 15.22 GB/s
  [8.6s] 1050 copies, 131.25 GB, avg 15.18 GB/s
  [9.0s] 1100 copies, 137.50 GB, avg 15.23 GB/s
  [9.4s] 1150 copies, 143.75 GB, avg 15.24 GB/s
  [9.9s] 1200 copies, 150.00 GB, avg 15.22 GB/s
  [10.3s] 1250 copies, 156.25 GB, avg 15.21 GB/s
  [10.7s] 1300 copies, 162.50 GB, avg 15.25 GB/s
  [11.1s] 1350 copies, 168.75 GB, avg 15.24 GB/s
  [11.5s] 1400 copies, 175.00 GB, avg 15.27 GB/s
  [11.9s] 1450 copies, 181.25 GB, avg 15.23 GB/s
  [12.3s] 1500 copies, 187.50 GB, avg 15.26 GB/s
  [12.7s] 1550 copies, 193.75 GB, avg 15.24 GB/s
  [13.1s] 1600 copies, 200.00 GB, avg 15.28 GB/s
  [13.5s] 1650 copies, 206.25 GB, avg 15.26 GB/s
  [13.9s] 1700 copies, 212.50 GB, avg 15.29 GB/s
  [14.3s] 1750 copies, 218.75 GB, avg 15.27 GB/s
  [14.7s] 1800 copies, 225.00 GB, avg 15.28 GB/s
  [15.1s] 1850 copies, 231.25 GB, avg 15.26 GB/s
  [15.5s] 1900 copies, 237.50 GB, avg 15.29 GB/s
  [15.9s] 1950 copies, 243.75 GB, avg 15.28 GB/s
  [16.3s] 2000 copies, 250.00 GB, avg 15.31 GB/s
  [16.8s] 2050 copies, 256.25 GB, avg 15.29 GB/s
  [17.1s] 2100 copies, 262.50 GB, avg 15.32 GB/s
  [17.6s] 2150 copies, 268.75 GB, avg 15.30 GB/s
  [18.0s] 2200 copies, 275.00 GB, avg 15.31 GB/s
  [18.4s] 2250 copies, 281.25 GB, avg 15.30 GB/s
  [18.8s] 2300 copies, 287.50 GB, avg 15.32 GB/s
  [19.2s] 2350 copies, 293.75 GB, avg 15.31 GB/s
  [19.6s] 2400 copies, 300.00 GB, avg 15.33 GB/s
  [20.0s] 2450 copies, 306.25 GB, avg 15.32 GB/s
  [20.4s] 2500 copies, 312.50 GB, avg 15.33 GB/s
  [20.8s] 2550 copies, 318.75 GB, avg 15.33 GB/s
  [21.2s] 2600 copies, 325.00 GB, avg 15.32 GB/s
  [21.6s] 2650 copies, 331.25 GB, avg 15.33 GB/s
  [22.0s] 2700 copies, 337.50 GB, avg 15.33 GB/s
  [22.4s] 2750 copies, 343.75 GB, avg 15.34 GB/s
  [22.8s] 2800 copies, 350.00 GB, avg 15.33 GB/s
  [23.3s] 2850 copies, 356.25 GB, avg 15.32 GB/s
  [23.7s] 2900 copies, 362.50 GB, avg 15.31 GB/s
  [24.1s] 2950 copies, 368.75 GB, avg 15.33 GB/s
  [24.5s] 3000 copies, 375.00 GB, avg 15.31 GB/s
  [24.9s] 3050 copies, 381.25 GB, avg 15.32 GB/s
  [25.3s] 3100 copies, 387.50 GB, avg 15.31 GB/s
  [25.7s] 3150 copies, 393.75 GB, avg 15.32 GB/s
  [26.1s] 3200 copies, 400.00 GB, avg 15.31 GB/s
  [26.5s] 3250 copies, 406.25 GB, avg 15.33 GB/s
  [26.9s] 3300 copies, 412.50 GB, avg 15.32 GB/s
  [27.3s] 3350 copies, 418.75 GB, avg 15.33 GB/s
  [27.7s] 3400 copies, 425.00 GB, avg 15.32 GB/s
  [28.1s] 3450 copies, 431.25 GB, avg 15.33 GB/s
  [28.6s] 3500 copies, 437.50 GB, avg 15.32 GB/s
  [29.0s] 3550 copies, 443.75 GB, avg 15.33 GB/s
  [29.4s] 3600 copies, 450.00 GB, avg 15.32 GB/s
  [29.8s] 3650 copies, 456.25 GB, avg 15.31 GB/s
  [30.2s] 3700 copies, 462.50 GB, avg 15.32 GB/s
  [30.6s] 3750 copies, 468.75 GB, avg 15.31 GB/s
  [31.0s] 3800 copies, 475.00 GB, avg 15.33 GB/s
  [31.4s] 3850 copies, 481.25 GB, avg 15.32 GB/s
  [31.8s] 3900 copies, 487.50 GB, avg 15.32 GB/s
  [32.2s] 3950 copies, 493.75 GB, avg 15.32 GB/s
  [32.6s] 4000 copies, 500.00 GB, avg 15.33 GB/s
  [33.1s] 4050 copies, 506.25 GB, avg 15.32 GB/s
  [33.4s] 4100 copies, 512.50 GB, avg 15.33 GB/s
  [33.9s] 4150 copies, 518.75 GB, avg 15.32 GB/s
  [34.2s] 4200 copies, 525.00 GB, avg 15.33 GB/s
  [34.7s] 4250 copies, 531.25 GB, avg 15.32 GB/s
  [35.1s] 4300 copies, 537.50 GB, avg 15.32 GB/s
  [35.5s] 4350 copies, 543.75 GB, avg 15.31 GB/s
  [35.9s] 4400 copies, 550.00 GB, avg 15.33 GB/s
  [36.3s] 4450 copies, 556.25 GB, avg 15.32 GB/s
  [36.7s] 4500 copies, 562.50 GB, avg 15.33 GB/s
  [37.1s] 4550 copies, 568.75 GB, avg 15.32 GB/s
  [37.5s] 4600 copies, 575.00 GB, avg 15.33 GB/s
  [37.9s] 4650 copies, 581.25 GB, avg 15.33 GB/s
  [38.4s] 4700 copies, 587.50 GB, avg 15.32 GB/s
  [38.7s] 4750 copies, 593.75 GB, avg 15.32 GB/s
  [39.2s] 4800 copies, 600.00 GB, avg 15.32 GB/s
  [39.6s] 4850 copies, 606.25 GB, avg 15.33 GB/s
  [40.0s] 4900 copies, 612.50 GB, avg 15.32 GB/s
  [40.4s] 4950 copies, 618.75 GB, avg 15.33 GB/s
  [40.8s] 5000 copies, 625.00 GB, avg 15.33 GB/s
  [41.2s] 5050 copies, 631.25 GB, avg 15.34 GB/s
  [41.6s] 5100 copies, 637.50 GB, avg 15.32 GB/s
  [42.0s] 5150 copies, 643.75 GB, avg 15.33 GB/s
  [42.4s] 5200 copies, 650.00 GB, avg 15.33 GB/s
  [42.8s] 5250 copies, 656.25 GB, avg 15.34 GB/s
  [43.2s] 5300 copies, 662.50 GB, avg 15.33 GB/s
  [43.6s] 5350 copies, 668.75 GB, avg 15.34 GB/s
  [44.0s] 5400 copies, 675.00 GB, avg 15.33 GB/s
  [44.4s] 5450 copies, 681.25 GB, avg 15.34 GB/s
  [44.8s] 5500 copies, 687.50 GB, avg 15.33 GB/s
  [45.2s] 5550 copies, 693.75 GB, avg 15.34 GB/s
  [45.6s] 5600 copies, 700.00 GB, avg 15.34 GB/s
  [46.0s] 5650 copies, 706.25 GB, avg 15.35 GB/s
  [46.4s] 5700 copies, 712.50 GB, avg 15.34 GB/s
  [46.8s] 5750 copies, 718.75 GB, avg 15.35 GB/s
  [47.2s] 5800 copies, 725.00 GB, avg 15.34 GB/s
  [47.7s] 5850 copies, 731.25 GB, avg 15.34 GB/s
  [48.1s] 5900 copies, 737.50 GB, avg 15.34 GB/s
  [48.5s] 5950 copies, 743.75 GB, avg 15.35 GB/s
  [48.9s] 6000 copies, 750.00 GB, avg 15.34 GB/s
  [49.3s] 6050 copies, 756.25 GB, avg 15.35 GB/s
  [49.7s] 6100 copies, 762.50 GB, avg 15.35 GB/s
  [50.1s] 6150 copies, 768.75 GB, avg 15.34 GB/s
  [50.5s] 6200 copies, 775.00 GB, avg 15.35 GB/s
  [50.9s] 6250 copies, 781.25 GB, avg 15.34 GB/s
  [51.3s] 6300 copies, 787.50 GB, avg 15.35 GB/s
  [51.7s] 6350 copies, 793.75 GB, avg 15.34 GB/s
  [52.1s] 6400 copies, 800.00 GB, avg 15.35 GB/s
  [52.5s] 6450 copies, 806.25 GB, avg 15.34 GB/s
  [52.9s] 6500 copies, 812.50 GB, avg 15.35 GB/s
  [53.4s] 6550 copies, 818.75 GB, avg 15.34 GB/s
  [53.7s] 6600 copies, 825.00 GB, avg 15.35 GB/s
  [54.2s] 6650 copies, 831.25 GB, avg 15.33 GB/s
  [54.6s] 6700 copies, 837.50 GB, avg 15.34 GB/s
  [55.0s] 6750 copies, 843.75 GB, avg 15.34 GB/s
  [55.4s] 6800 copies, 850.00 GB, avg 15.34 GB/s
  [55.8s] 6850 copies, 856.25 GB, avg 15.34 GB/s
  [56.2s] 6900 copies, 862.50 GB, avg 15.34 GB/s
  [56.6s] 6950 copies, 868.75 GB, avg 15.34 GB/s
  [57.1s] 7000 copies, 875.00 GB, avg 15.34 GB/s
  [57.5s] 7050 copies, 881.25 GB, avg 15.34 GB/s
  [57.9s] 7100 copies, 887.50 GB, avg 15.33 GB/s
  [58.3s] 7150 copies, 893.75 GB, avg 15.34 GB/s
  [58.7s] 7200 copies, 900.00 GB, avg 15.33 GB/s
  [59.1s] 7250 copies, 906.25 GB, avg 15.34 GB/s
  [59.5s] 7300 copies, 912.50 GB, avg 15.33 GB/s
  [59.9s] 7350 copies, 918.75 GB, avg 15.33 GB/s
  [60.3s] 7400 copies, 925.00 GB, avg 15.33 GB/s
  [60.7s] 7450 copies, 931.25 GB, avg 15.34 GB/s
  [61.2s] 7500 copies, 937.50 GB, avg 15.33 GB/s
  [61.6s] 7550 copies, 943.75 GB, avg 15.33 GB/s
  [62.0s] 7600 copies, 950.00 GB, avg 15.33 GB/s
  [62.4s] 7650 copies, 956.25 GB, avg 15.33 GB/s
  [62.8s] 7700 copies, 962.50 GB, avg 15.32 GB/s
  [63.2s] 7750 copies, 968.75 GB, avg 15.33 GB/s
  [63.6s] 7800 copies, 975.00 GB, avg 15.32 GB/s
  [64.0s] 7850 copies, 981.25 GB, avg 15.32 GB/s
  [64.4s] 7900 copies, 987.50 GB, avg 15.32 GB/s
  [64.9s] 7950 copies, 993.75 GB, avg 15.31 GB/s
  [65.3s] 8000 copies, 1000.00 GB, avg 15.32 GB/s
  [65.7s] 8050 copies, 1006.25 GB, avg 15.32 GB/s
  [66.1s] 8100 copies, 1012.50 GB, avg 15.32 GB/s
  [66.5s] 8150 copies, 1018.75 GB, avg 15.32 GB/s
  [66.9s] 8200 copies, 1025.00 GB, avg 15.33 GB/s
  [67.3s] 8250 copies, 1031.25 GB, avg 15.32 GB/s
  [67.7s] 8300 copies, 1037.50 GB, avg 15.32 GB/s
  [68.2s] 8350 copies, 1043.75 GB, avg 15.31 GB/s
  [68.5s] 8400 copies, 1050.00 GB, avg 15.32 GB/s
  [69.0s] 8450 copies, 1056.25 GB, avg 15.31 GB/s
  [69.4s] 8500 copies, 1062.50 GB, avg 15.32 GB/s
  [69.8s] 8550 copies, 1068.75 GB, avg 15.31 GB/s
  [70.2s] 8600 copies, 1075.00 GB, avg 15.31 GB/s
  [70.6s] 8650 copies, 1081.25 GB, avg 15.31 GB/s
  [71.0s] 8700 copies, 1087.50 GB, avg 15.31 GB/s
  [71.4s] 8750 copies, 1093.75 GB, avg 15.31 GB/s
  [71.8s] 8800 copies, 1100.00 GB, avg 15.31 GB/s
  [72.3s] 8850 copies, 1106.25 GB, avg 15.31 GB/s
  [72.7s] 8900 copies, 1112.50 GB, avg 15.31 GB/s
  [73.1s] 8950 copies, 1118.75 GB, avg 15.30 GB/s
  [73.5s] 9000 copies, 1125.00 GB, avg 15.30 GB/s
  [73.9s] 9050 copies, 1131.25 GB, avg 15.31 GB/s
  [74.3s] 9100 copies, 1137.50 GB, avg 15.30 GB/s
  [74.7s] 9150 copies, 1143.75 GB, avg 15.31 GB/s
  [75.1s] 9200 copies, 1150.00 GB, avg 15.31 GB/s
  [75.5s] 9250 copies, 1156.25 GB, avg 15.31 GB/s
  [75.9s] 9300 copies, 1162.50 GB, avg 15.31 GB/s
  [76.4s] 9350 copies, 1168.75 GB, avg 15.31 GB/s
  [76.8s] 9400 copies, 1175.00 GB, avg 15.30 GB/s
  [77.2s] 9450 copies, 1181.25 GB, avg 15.31 GB/s
  [77.6s] 9500 copies, 1187.50 GB, avg 15.31 GB/s
  [78.0s] 9550 copies, 1193.75 GB, avg 15.31 GB/s
  [78.4s] 9600 copies, 1200.00 GB, avg 15.31 GB/s
  [78.8s] 9650 copies, 1206.25 GB, avg 15.31 GB/s
  [79.2s] 9700 copies, 1212.50 GB, avg 15.31 GB/s
  [79.6s] 9750 copies, 1218.75 GB, avg 15.31 GB/s
  [80.0s] 9800 copies, 1225.00 GB, avg 15.31 GB/s
  [80.4s] 9850 copies, 1231.25 GB, avg 15.31 GB/s
  [80.8s] 9900 copies, 1237.50 GB, avg 15.31 GB/s
  [81.2s] 9950 copies, 1243.75 GB, avg 15.31 GB/s
  [81.6s] 10000 copies, 1250.00 GB, avg 15.31 GB/s
  [82.0s] 10050 copies, 1256.25 GB, avg 15.31 GB/s
  [82.4s] 10100 copies, 1262.50 GB, avg 15.32 GB/s
  [82.9s] 10150 copies, 1268.75 GB, avg 15.31 GB/s
  [83.3s] 10200 copies, 1275.00 GB, avg 15.31 GB/s
  [83.7s] 10250 copies, 1281.25 GB, avg 15.31 GB/s
  [84.1s] 10300 copies, 1287.50 GB, avg 15.32 GB/s
  [84.5s] 10350 copies, 1293.75 GB, avg 15.31 GB/s
  [84.9s] 10400 copies, 1300.00 GB, avg 15.31 GB/s
  [85.3s] 10450 copies, 1306.25 GB, avg 15.31 GB/s
  [85.7s] 10500 copies, 1312.50 GB, avg 15.31 GB/s
  [86.1s] 10550 copies, 1318.75 GB, avg 15.31 GB/s
  [86.5s] 10600 copies, 1325.00 GB, avg 15.32 GB/s
  [86.9s] 10650 copies, 1331.25 GB, avg 15.31 GB/s
  [87.3s] 10700 copies, 1337.50 GB, avg 15.32 GB/s
  [87.7s] 10750 copies, 1343.75 GB, avg 15.31 GB/s
  [88.2s] 10800 copies, 1350.00 GB, avg 15.31 GB/s
  [88.6s] 10850 copies, 1356.25 GB, avg 15.31 GB/s
  [89.0s] 10900 copies, 1362.50 GB, avg 15.31 GB/s
  [89.4s] 10950 copies, 1368.75 GB, avg 15.31 GB/s
  [89.8s] 11000 copies, 1375.00 GB, avg 15.31 GB/s
  [90.2s] 11050 copies, 1381.25 GB, avg 15.31 GB/s
  [90.6s] 11100 copies, 1387.50 GB, avg 15.31 GB/s
  [91.0s] 11150 copies, 1393.75 GB, avg 15.31 GB/s
  [91.5s] 11200 copies, 1400.00 GB, avg 15.31 GB/s
  [91.9s] 11250 copies, 1406.25 GB, avg 15.31 GB/s
  [92.3s] 11300 copies, 1412.50 GB, avg 15.31 GB/s
  [92.7s] 11350 copies, 1418.75 GB, avg 15.31 GB/s
  [93.1s] 11400 copies, 1425.00 GB, avg 15.31 GB/s
  [93.5s] 11450 copies, 1431.25 GB, avg 15.31 GB/s
  [93.9s] 11500 copies, 1437.50 GB, avg 15.30 GB/s
  [94.3s] 11550 copies, 1443.75 GB, avg 15.31 GB/s
  [94.7s] 11600 copies, 1450.00 GB, avg 15.31 GB/s
  [95.1s] 11650 copies, 1456.25 GB, avg 15.31 GB/s
  [95.5s] 11700 copies, 1462.50 GB, avg 15.31 GB/s
  [95.9s] 11750 copies, 1468.75 GB, avg 15.31 GB/s
  [96.3s] 11800 copies, 1475.00 GB, avg 15.31 GB/s
  [96.8s] 11850 copies, 1481.25 GB, avg 15.30 GB/s
  [97.2s] 11900 copies, 1487.50 GB, avg 15.31 GB/s
  [97.6s] 11950 copies, 1493.75 GB, avg 15.31 GB/s
  [98.0s] 12000 copies, 1500.00 GB, avg 15.31 GB/s
  [98.4s] 12050 copies, 1506.25 GB, avg 15.31 GB/s
  [98.8s] 12100 copies, 1512.50 GB, avg 15.31 GB/s
  [99.2s] 12150 copies, 1518.75 GB, avg 15.31 GB/s
  [99.6s] 12200 copies, 1525.00 GB, avg 15.31 GB/s
  [100.1s] 12250 copies, 1531.25 GB, avg 15.30 GB/s
  [100.4s] 12300 copies, 1537.50 GB, avg 15.31 GB/s
  [100.9s] 12350 copies, 1543.75 GB, avg 15.30 GB/s
  [101.3s] 12400 copies, 1550.00 GB, avg 15.31 GB/s
  [101.7s] 12450 copies, 1556.25 GB, avg 15.30 GB/s
  [102.1s] 12500 copies, 1562.50 GB, avg 15.31 GB/s
  [102.5s] 12550 copies, 1568.75 GB, avg 15.30 GB/s
  [102.9s] 12600 copies, 1575.00 GB, avg 15.31 GB/s
  [103.3s] 12650 copies, 1581.25 GB, avg 15.31 GB/s
  [103.7s] 12700 copies, 1587.50 GB, avg 15.31 GB/s
  [104.1s] 12750 copies, 1593.75 GB, avg 15.31 GB/s
  [104.5s] 12800 copies, 1600.00 GB, avg 15.31 GB/s
  [105.0s] 12850 copies, 1606.25 GB, avg 15.30 GB/s
  [105.4s] 12900 copies, 1612.50 GB, avg 15.30 GB/s
  [105.8s] 12950 copies, 1618.75 GB, avg 15.31 GB/s
  [106.2s] 13000 copies, 1625.00 GB, avg 15.30 GB/s
  [106.6s] 13050 copies, 1631.25 GB, avg 15.31 GB/s
  [107.0s] 13100 copies, 1637.50 GB, avg 15.31 GB/s
  [107.4s] 13150 copies, 1643.75 GB, avg 15.31 GB/s
  [107.8s] 13200 copies, 1650.00 GB, avg 15.31 GB/s
  [108.2s] 13250 copies, 1656.25 GB, avg 15.31 GB/s
  [108.6s] 13300 copies, 1662.50 GB, avg 15.30 GB/s
  [109.0s] 13350 copies, 1668.75 GB, avg 15.31 GB/s
  [109.5s] 13400 copies, 1675.00 GB, avg 15.30 GB/s
  [109.8s] 13450 copies, 1681.25 GB, avg 15.31 GB/s
  [110.3s] 13500 copies, 1687.50 GB, avg 15.30 GB/s
  [110.6s] 13550 copies, 1693.75 GB, avg 15.31 GB/s
  [111.1s] 13600 copies, 1700.00 GB, avg 15.31 GB/s
  [111.5s] 13650 copies, 1706.25 GB, avg 15.31 GB/s
  [111.9s] 13700 copies, 1712.50 GB, avg 15.31 GB/s
  [112.3s] 13750 copies, 1718.75 GB, avg 15.31 GB/s
  [112.7s] 13800 copies, 1725.00 GB, avg 15.31 GB/s
  [113.1s] 13850 copies, 1731.25 GB, avg 15.31 GB/s
  [113.5s] 13900 copies, 1737.50 GB, avg 15.31 GB/s
  [113.9s] 13950 copies, 1743.75 GB, avg 15.31 GB/s
  [114.3s] 14000 copies, 1750.00 GB, avg 15.31 GB/s
  [114.8s] 14050 copies, 1756.25 GB, avg 15.30 GB/s
  [115.1s] 14100 copies, 1762.50 GB, avg 15.31 GB/s
  [115.6s] 14150 copies, 1768.75 GB, avg 15.31 GB/s
  [115.9s] 14200 copies, 1775.00 GB, avg 15.31 GB/s
  [116.4s] 14250 copies, 1781.25 GB, avg 15.31 GB/s
  [116.8s] 14300 copies, 1787.50 GB, avg 15.31 GB/s
  [117.2s] 14350 copies, 1793.75 GB, avg 15.31 GB/s
  [117.6s] 14400 copies, 1800.00 GB, avg 15.31 GB/s
  [118.0s] 14450 copies, 1806.25 GB, avg 15.31 GB/s
  [118.4s] 14500 copies, 1812.50 GB, avg 15.31 GB/s
  [118.8s] 14550 copies, 1818.75 GB, avg 15.31 GB/s
  [119.2s] 14600 copies, 1825.00 GB, avg 15.31 GB/s
  [119.6s] 14650 copies, 1831.25 GB, avg 15.31 GB/s
  [120.0s] 14700 copies, 1837.50 GB, avg 15.31 GB/s
  [120.5s] 14750 copies, 1843.75 GB, avg 15.31 GB/s
  [120.8s] 14800 copies, 1850.00 GB, avg 15.31 GB/s
  [121.3s] 14850 copies, 1856.25 GB, avg 15.31 GB/s
  [121.7s] 14900 copies, 1862.50 GB, avg 15.31 GB/s
  [122.1s] 14950 copies, 1868.75 GB, avg 15.31 GB/s
  [122.4s] 15000 copies, 1875.00 GB, avg 15.31 GB/s
  [122.9s] 15050 copies, 1881.25 GB, avg 15.31 GB/s
  [123.3s] 15100 copies, 1887.50 GB, avg 15.31 GB/s
  [123.7s] 15150 copies, 1893.75 GB, avg 15.31 GB/s
  [124.1s] 15200 copies, 1900.00 GB, avg 15.31 GB/s
  [124.5s] 15250 copies, 1906.25 GB, avg 15.31 GB/s
  [124.9s] 15300 copies, 1912.50 GB, avg 15.31 GB/s
  [125.3s] 15350 copies, 1918.75 GB, avg 15.31 GB/s
  [125.7s] 15400 copies, 1925.00 GB, avg 15.31 GB/s
  [126.1s] 15450 copies, 1931.25 GB, avg 15.31 GB/s
  [126.6s] 15500 copies, 1937.50 GB, avg 15.31 GB/s
  [127.0s] 15550 copies, 1943.75 GB, avg 15.31 GB/s
  [127.4s] 15600 copies, 1950.00 GB, avg 15.30 GB/s
  [127.8s] 15650 copies, 1956.25 GB, avg 15.31 GB/s
  [128.2s] 15700 copies, 1962.50 GB, avg 15.31 GB/s
  [128.6s] 15750 copies, 1968.75 GB, avg 15.31 GB/s
  [129.0s] 15800 copies, 1975.00 GB, avg 15.31 GB/s
  [129.4s] 15850 copies, 1981.25 GB, avg 15.31 GB/s
  [129.9s] 15900 copies, 1987.50 GB, avg 15.31 GB/s
  [130.3s] 15950 copies, 1993.75 GB, avg 15.30 GB/s
  [130.7s] 16000 copies, 2000.00 GB, avg 15.30 GB/s
  [131.1s] 16050 copies, 2006.25 GB, avg 15.30 GB/s
  [131.5s] 16100 copies, 2012.50 GB, avg 15.30 GB/s
  [131.9s] 16150 copies, 2018.75 GB, avg 15.30 GB/s
  [132.3s] 16200 copies, 2025.00 GB, avg 15.30 GB/s
  [132.8s] 16250 copies, 2031.25 GB, avg 15.30 GB/s
  [133.1s] 16300 copies, 2037.50 GB, avg 15.30 GB/s
  [133.6s] 16350 copies, 2043.75 GB, avg 15.30 GB/s
  [134.0s] 16400 copies, 2050.00 GB, avg 15.30 GB/s
  [134.4s] 16450 copies, 2056.25 GB, avg 15.30 GB/s
  [134.8s] 16500 copies, 2062.50 GB, avg 15.30 GB/s
  [135.2s] 16550 copies, 2068.75 GB, avg 15.30 GB/s
  [135.6s] 16600 copies, 2075.00 GB, avg 15.30 GB/s
  [136.0s] 16650 copies, 2081.25 GB, avg 15.30 GB/s
  [136.4s] 16700 copies, 2087.50 GB, avg 15.31 GB/s
  [136.8s] 16750 copies, 2093.75 GB, avg 15.30 GB/s
  [137.2s] 16800 copies, 2100.00 GB, avg 15.30 GB/s
  [137.6s] 16850 copies, 2106.25 GB, avg 15.30 GB/s
  [138.1s] 16900 copies, 2112.50 GB, avg 15.30 GB/s
  [138.5s] 16950 copies, 2118.75 GB, avg 15.30 GB/s
  [138.9s] 17000 copies, 2125.00 GB, avg 15.30 GB/s
  [139.3s] 17050 copies, 2131.25 GB, avg 15.30 GB/s
  [139.7s] 17100 copies, 2137.50 GB, avg 15.30 GB/s
  [140.1s] 17150 copies, 2143.75 GB, avg 15.30 GB/s
  [140.5s] 17200 copies, 2150.00 GB, avg 15.30 GB/s
  [140.9s] 17250 copies, 2156.25 GB, avg 15.30 GB/s
  [141.3s] 17300 copies, 2162.50 GB, avg 15.30 GB/s
  [141.7s] 17350 copies, 2168.75 GB, avg 15.30 GB/s
  [142.2s] 17400 copies, 2175.00 GB, avg 15.30 GB/s
  [142.5s] 17450 copies, 2181.25 GB, avg 15.30 GB/s
  [143.0s] 17500 copies, 2187.50 GB, avg 15.30 GB/s
  [143.4s] 17550 copies, 2193.75 GB, avg 15.30 GB/s
  [143.8s] 17600 copies, 2200.00 GB, avg 15.30 GB/s
  [144.2s] 17650 copies, 2206.25 GB, avg 15.30 GB/s
  [144.6s] 17700 copies, 2212.50 GB, avg 15.30 GB/s
  [145.0s] 17750 copies, 2218.75 GB, avg 15.30 GB/s
  [145.4s] 17800 copies, 2225.00 GB, avg 15.30 GB/s
  [145.8s] 17850 copies, 2231.25 GB, avg 15.31 GB/s
  [146.2s] 17900 copies, 2237.50 GB, avg 15.30 GB/s
  [146.6s] 17950 copies, 2243.75 GB, avg 15.30 GB/s
  [147.0s] 18000 copies, 2250.00 GB, avg 15.30 GB/s
  [147.4s] 18050 copies, 2256.25 GB, avg 15.30 GB/s
  [147.8s] 18100 copies, 2262.50 GB, avg 15.30 GB/s
  [148.3s] 18150 copies, 2268.75 GB, avg 15.30 GB/s
  [148.6s] 18200 copies, 2275.00 GB, avg 15.31 GB/s
  [149.1s] 18250 copies, 2281.25 GB, avg 15.30 GB/s
  [149.5s] 18300 copies, 2287.50 GB, avg 15.30 GB/s
  [149.9s] 18350 copies, 2293.75 GB, avg 15.30 GB/s
  [150.3s] 18400 copies, 2300.00 GB, avg 15.30 GB/s
  [150.7s] 18450 copies, 2306.25 GB, avg 15.30 GB/s
  [151.1s] 18500 copies, 2312.50 GB, avg 15.30 GB/s
  [151.5s] 18550 copies, 2318.75 GB, avg 15.30 GB/s
  [151.9s] 18600 copies, 2325.00 GB, avg 15.30 GB/s
  [152.4s] 18650 copies, 2331.25 GB, avg 15.30 GB/s
  [152.8s] 18700 copies, 2337.50 GB, avg 15.30 GB/s
  [153.2s] 18750 copies, 2343.75 GB, avg 15.30 GB/s
  [153.6s] 18800 copies, 2350.00 GB, avg 15.30 GB/s
  [154.0s] 18850 copies, 2356.25 GB, avg 15.30 GB/s
  [154.4s] 18900 copies, 2362.50 GB, avg 15.30 GB/s
  [154.8s] 18950 copies, 2368.75 GB, avg 15.30 GB/s
  [155.3s] 19000 copies, 2375.00 GB, avg 15.30 GB/s
  [155.7s] 19050 copies, 2381.25 GB, avg 15.30 GB/s
  [156.1s] 19100 copies, 2387.50 GB, avg 15.30 GB/s
  [156.5s] 19150 copies, 2393.75 GB, avg 15.30 GB/s
  [156.9s] 19200 copies, 2400.00 GB, avg 15.30 GB/s
  [157.3s] 19250 copies, 2406.25 GB, avg 15.30 GB/s
  [157.7s] 19300 copies, 2412.50 GB, avg 15.30 GB/s
  [158.1s] 19350 copies, 2418.75 GB, avg 15.30 GB/s
  [158.5s] 19400 copies, 2425.00 GB, avg 15.30 GB/s
  [158.9s] 19450 copies, 2431.25 GB, avg 15.30 GB/s
  [159.4s] 19500 copies, 2437.50 GB, avg 15.30 GB/s
  [159.7s] 19550 copies, 2443.75 GB, avg 15.30 GB/s
  [160.2s] 19600 copies, 2450.00 GB, avg 15.30 GB/s
  [160.6s] 19650 copies, 2456.25 GB, avg 15.30 GB/s
  [161.0s] 19700 copies, 2462.50 GB, avg 15.30 GB/s
  [161.4s] 19750 copies, 2468.75 GB, avg 15.30 GB/s
  [161.8s] 19800 copies, 2475.00 GB, avg 15.30 GB/s
  [162.2s] 19850 copies, 2481.25 GB, avg 15.30 GB/s
  [162.6s] 19900 copies, 2487.50 GB, avg 15.30 GB/s
  [163.0s] 19950 copies, 2493.75 GB, avg 15.30 GB/s
  [163.4s] 20000 copies, 2500.00 GB, avg 15.30 GB/s
  [163.9s] 20050 copies, 2506.25 GB, avg 15.30 GB/s
  [164.2s] 20100 copies, 2512.50 GB, avg 15.30 GB/s
  [164.7s] 20150 copies, 2518.75 GB, avg 15.29 GB/s
  [165.1s] 20200 copies, 2525.00 GB, avg 15.30 GB/s
  [165.5s] 20250 copies, 2531.25 GB, avg 15.30 GB/s
  [165.9s] 20300 copies, 2537.50 GB, avg 15.30 GB/s
  [166.3s] 20350 copies, 2543.75 GB, avg 15.30 GB/s
  [166.7s] 20400 copies, 2550.00 GB, avg 15.29 GB/s
  [167.2s] 20450 copies, 2556.25 GB, avg 15.29 GB/s
  [167.5s] 20500 copies, 2562.50 GB, avg 15.30 GB/s
  [168.0s] 20550 copies, 2568.75 GB, avg 15.29 GB/s
  [168.3s] 20600 copies, 2575.00 GB, avg 15.30 GB/s
  [168.8s] 20650 copies, 2581.25 GB, avg 15.30 GB/s
  [169.1s] 20700 copies, 2587.50 GB, avg 15.30 GB/s
  [169.6s] 20750 copies, 2593.75 GB, avg 15.30 GB/s
  [170.0s] 20800 copies, 2600.00 GB, avg 15.30 GB/s
  [170.4s] 20850 copies, 2606.25 GB, avg 15.30 GB/s
  [170.8s] 20900 copies, 2612.50 GB, avg 15.30 GB/s
  [171.2s] 20950 copies, 2618.75 GB, avg 15.30 GB/s
  [171.6s] 21000 copies, 2625.00 GB, avg 15.30 GB/s
  [172.0s] 21050 copies, 2631.25 GB, avg 15.30 GB/s
  [172.4s] 21100 copies, 2637.50 GB, avg 15.30 GB/s
  [172.8s] 21150 copies, 2643.75 GB, avg 15.30 GB/s
  [173.2s] 21200 copies, 2650.00 GB, avg 15.30 GB/s
  [173.6s] 21250 copies, 2656.25 GB, avg 15.30 GB/s
  [174.1s] 21300 copies, 2662.50 GB, avg 15.29 GB/s
  [174.5s] 21350 copies, 2668.75 GB, avg 15.30 GB/s
  [174.9s] 21400 copies, 2675.00 GB, avg 15.30 GB/s
  [175.3s] 21450 copies, 2681.25 GB, avg 15.30 GB/s
  [175.7s] 21500 copies, 2687.50 GB, avg 15.29 GB/s
  [176.1s] 21550 copies, 2693.75 GB, avg 15.30 GB/s
  [176.5s] 21600 copies, 2700.00 GB, avg 15.29 GB/s
  [176.9s] 21650 copies, 2706.25 GB, avg 15.30 GB/s
  [177.3s] 21700 copies, 2712.50 GB, avg 15.29 GB/s
  [177.7s] 21750 copies, 2718.75 GB, avg 15.30 GB/s
  [178.1s] 21800 copies, 2725.00 GB, avg 15.30 GB/s
  [178.6s] 21850 copies, 2731.25 GB, avg 15.29 GB/s
  [179.0s] 21900 copies, 2737.50 GB, avg 15.29 GB/s
  [179.4s] 21950 copies, 2743.75 GB, avg 15.29 GB/s
  [179.8s] 22000 copies, 2750.00 GB, avg 15.30 GB/s
  [180.2s] 22050 copies, 2756.25 GB, avg 15.29 GB/s
  [180.6s] 22100 copies, 2762.50 GB, avg 15.30 GB/s
  [181.0s] 22150 copies, 2768.75 GB, avg 15.30 GB/s
  [181.4s] 22200 copies, 2775.00 GB, avg 15.30 GB/s
  [181.9s] 22250 copies, 2781.25 GB, avg 15.29 GB/s
  [182.2s] 22300 copies, 2787.50 GB, avg 15.30 GB/s
  [182.7s] 22350 copies, 2793.75 GB, avg 15.29 GB/s
  [183.1s] 22400 copies, 2800.00 GB, avg 15.30 GB/s
  [183.5s] 22450 copies, 2806.25 GB, avg 15.29 GB/s
  [183.9s] 22500 copies, 2812.50 GB, avg 15.29 GB/s
  [184.3s] 22550 copies, 2818.75 GB, avg 15.29 GB/s
  [184.7s] 22600 copies, 2825.00 GB, avg 15.29 GB/s
  [185.1s] 22650 copies, 2831.25 GB, avg 15.29 GB/s
  [185.5s] 22700 copies, 2837.50 GB, avg 15.30 GB/s
  [185.9s] 22750 copies, 2843.75 GB, avg 15.29 GB/s
  [186.3s] 22800 copies, 2850.00 GB, avg 15.30 GB/s
  [186.7s] 22850 copies, 2856.25 GB, avg 15.30 GB/s
  [187.2s] 22900 copies, 2862.50 GB, avg 15.29 GB/s
  [187.6s] 22950 copies, 2868.75 GB, avg 15.30 GB/s
  [188.0s] 23000 copies, 2875.00 GB, avg 15.29 GB/s
  [188.4s] 23050 copies, 2881.25 GB, avg 15.30 GB/s
  [188.8s] 23100 copies, 2887.50 GB, avg 15.29 GB/s
  [189.2s] 23150 copies, 2893.75 GB, avg 15.30 GB/s
  [189.6s] 23200 copies, 2900.00 GB, avg 15.30 GB/s
  [190.0s] 23250 copies, 2906.25 GB, avg 15.30 GB/s
  [190.4s] 23300 copies, 2912.50 GB, avg 15.29 GB/s
  [190.8s] 23350 copies, 2918.75 GB, avg 15.30 GB/s
  [191.3s] 23400 copies, 2925.00 GB, avg 15.29 GB/s
  [191.6s] 23450 copies, 2931.25 GB, avg 15.30 GB/s
  [192.1s] 23500 copies, 2937.50 GB, avg 15.29 GB/s
  [192.5s] 23550 copies, 2943.75 GB, avg 15.30 GB/s
  [192.9s] 23600 copies, 2950.00 GB, avg 15.29 GB/s
  [193.3s] 23650 copies, 2956.25 GB, avg 15.30 GB/s
  [193.7s] 23700 copies, 2962.50 GB, avg 15.30 GB/s
  [194.1s] 23750 copies, 2968.75 GB, avg 15.30 GB/s
  [194.5s] 23800 copies, 2975.00 GB, avg 15.30 GB/s
  [194.9s] 23850 copies, 2981.25 GB, avg 15.30 GB/s
  [195.3s] 23900 copies, 2987.50 GB, avg 15.30 GB/s
  [195.7s] 23950 copies, 2993.75 GB, avg 15.30 GB/s
  [196.1s] 24000 copies, 3000.00 GB, avg 15.30 GB/s
  [196.5s] 24050 copies, 3006.25 GB, avg 15.30 GB/s
  [196.9s] 24100 copies, 3012.50 GB, avg 15.30 GB/s
  [197.3s] 24150 copies, 3018.75 GB, avg 15.30 GB/s
  [197.7s] 24200 copies, 3025.00 GB, avg 15.30 GB/s
  [198.2s] 24250 copies, 3031.25 GB, avg 15.30 GB/s
  [198.6s] 24300 copies, 3037.50 GB, avg 15.30 GB/s
  [199.0s] 24350 copies, 3043.75 GB, avg 15.30 GB/s
  [199.4s] 24400 copies, 3050.00 GB, avg 15.30 GB/s
  [199.8s] 24450 copies, 3056.25 GB, avg 15.30 GB/s
  [200.2s] 24500 copies, 3062.50 GB, avg 15.30 GB/s
  [200.6s] 24550 copies, 3068.75 GB, avg 15.30 GB/s
  [201.0s] 24600 copies, 3075.00 GB, avg 15.30 GB/s
  [201.4s] 24650 copies, 3081.25 GB, avg 15.30 GB/s
  [201.8s] 24700 copies, 3087.50 GB, avg 15.30 GB/s
  [202.2s] 24750 copies, 3093.75 GB, avg 15.30 GB/s
  [202.7s] 24800 copies, 3100.00 GB, avg 15.30 GB/s
  [203.1s] 24850 copies, 3106.25 GB, avg 15.30 GB/s
  [203.5s] 24900 copies, 3112.50 GB, avg 15.30 GB/s
  [203.9s] 24950 copies, 3118.75 GB, avg 15.30 GB/s
  [204.3s] 25000 copies, 3125.00 GB, avg 15.30 GB/s
  [204.7s] 25050 copies, 3131.25 GB, avg 15.30 GB/s
  [205.1s] 25100 copies, 3137.50 GB, avg 15.29 GB/s
  [205.5s] 25150 copies, 3143.75 GB, avg 15.30 GB/s
  [206.0s] 25200 copies, 3150.00 GB, avg 15.29 GB/s
  [206.3s] 25250 copies, 3156.25 GB, avg 15.30 GB/s
  [206.8s] 25300 copies, 3162.50 GB, avg 15.30 GB/s
  [207.1s] 25350 copies, 3168.75 GB, avg 15.30 GB/s
  [207.6s] 25400 copies, 3175.00 GB, avg 15.30 GB/s
  [208.0s] 25450 copies, 3181.25 GB, avg 15.30 GB/s
  [208.4s] 25500 copies, 3187.50 GB, avg 15.29 GB/s
  [208.8s] 25550 copies, 3193.75 GB, avg 15.30 GB/s
  [209.2s] 25600 copies, 3200.00 GB, avg 15.30 GB/s
  [209.6s] 25650 copies, 3206.25 GB, avg 15.30 GB/s
  [210.0s] 25700 copies, 3212.50 GB, avg 15.30 GB/s
  [210.4s] 25750 copies, 3218.75 GB, avg 15.29 GB/s
  [210.9s] 25800 copies, 3225.00 GB, avg 15.29 GB/s
  [211.3s] 25850 copies, 3231.25 GB, avg 15.29 GB/s
  [211.7s] 25900 copies, 3237.50 GB, avg 15.29 GB/s
  [212.1s] 25950 copies, 3243.75 GB, avg 15.29 GB/s
  [212.5s] 26000 copies, 3250.00 GB, avg 15.30 GB/s
  [212.9s] 26050 copies, 3256.25 GB, avg 15.29 GB/s
  [213.3s] 26100 copies, 3262.50 GB, avg 15.30 GB/s
  [213.7s] 26150 copies, 3268.75 GB, avg 15.29 GB/s
  [214.1s] 26200 copies, 3275.00 GB, avg 15.30 GB/s
  [214.6s] 26250 copies, 3281.25 GB, avg 15.29 GB/s
  [214.9s] 26300 copies, 3287.50 GB, avg 15.30 GB/s
  [215.4s] 26350 copies, 3293.75 GB, avg 15.29 GB/s
  [215.7s] 26400 copies, 3300.00 GB, avg 15.30 GB/s
  [216.2s] 26450 copies, 3306.25 GB, avg 15.29 GB/s
  [216.6s] 26500 copies, 3312.50 GB, avg 15.29 GB/s
  [217.0s] 26550 copies, 3318.75 GB, avg 15.29 GB/s
  [217.4s] 26600 copies, 3325.00 GB, avg 15.30 GB/s
  [217.8s] 26650 copies, 3331.25 GB, avg 15.29 GB/s
  [218.2s] 26700 copies, 3337.50 GB, avg 15.30 GB/s
  [218.6s] 26750 copies, 3343.75 GB, avg 15.29 GB/s
  [219.1s] 26800 copies, 3350.00 GB, avg 15.29 GB/s
  [219.5s] 26850 copies, 3356.25 GB, avg 15.29 GB/s
  [219.9s] 26900 copies, 3362.50 GB, avg 15.29 GB/s
  [220.3s] 26950 copies, 3368.75 GB, avg 15.29 GB/s
  [220.7s] 27000 copies, 3375.00 GB, avg 15.29 GB/s
  [221.1s] 27050 copies, 3381.25 GB, avg 15.29 GB/s
  [221.5s] 27100 copies, 3387.50 GB, avg 15.29 GB/s
  [221.9s] 27150 copies, 3393.75 GB, avg 15.29 GB/s
  [222.4s] 27200 copies, 3400.00 GB, avg 15.29 GB/s
  [222.7s] 27250 copies, 3406.25 GB, avg 15.29 GB/s
  [223.2s] 27300 copies, 3412.50 GB, avg 15.29 GB/s
  [223.6s] 27350 copies, 3418.75 GB, avg 15.29 GB/s
  [224.0s] 27400 copies, 3425.00 GB, avg 15.29 GB/s
  [224.4s] 27450 copies, 3431.25 GB, avg 15.29 GB/s
  [224.8s] 27500 copies, 3437.50 GB, avg 15.29 GB/s
  [225.2s] 27550 copies, 3443.75 GB, avg 15.29 GB/s
  [225.6s] 27600 copies, 3450.00 GB, avg 15.29 GB/s
  [226.0s] 27650 copies, 3456.25 GB, avg 15.29 GB/s
  [226.4s] 27700 copies, 3462.50 GB, avg 15.29 GB/s
  [226.8s] 27750 copies, 3468.75 GB, avg 15.29 GB/s
  [227.2s] 27800 copies, 3475.00 GB, avg 15.29 GB/s
  [227.7s] 27850 copies, 3481.25 GB, avg 15.29 GB/s
  [228.1s] 27900 copies, 3487.50 GB, avg 15.29 GB/s
  [228.5s] 27950 copies, 3493.75 GB, avg 15.29 GB/s
  [228.9s] 28000 copies, 3500.00 GB, avg 15.29 GB/s
  [229.3s] 28050 copies, 3506.25 GB, avg 15.29 GB/s
  [229.7s] 28100 copies, 3512.50 GB, avg 15.29 GB/s
  [230.1s] 28150 copies, 3518.75 GB, avg 15.29 GB/s
  [230.5s] 28200 copies, 3525.00 GB, avg 15.29 GB/s
  [231.0s] 28250 copies, 3531.25 GB, avg 15.29 GB/s
  [231.3s] 28300 copies, 3537.50 GB, avg 15.29 GB/s
  [231.8s] 28350 copies, 3543.75 GB, avg 15.29 GB/s
  [232.2s] 28400 copies, 3550.00 GB, avg 15.29 GB/s
  [232.6s] 28450 copies, 3556.25 GB, avg 15.29 GB/s
  [233.0s] 28500 copies, 3562.50 GB, avg 15.29 GB/s
  [233.4s] 28550 copies, 3568.75 GB, avg 15.29 GB/s
  [233.8s] 28600 copies, 3575.00 GB, avg 15.29 GB/s
  [234.2s] 28650 copies, 3581.25 GB, avg 15.29 GB/s
  [234.6s] 28700 copies, 3587.50 GB, avg 15.29 GB/s
  [235.0s] 28750 copies, 3593.75 GB, avg 15.29 GB/s
  [235.4s] 28800 copies, 3600.00 GB, avg 15.29 GB/s
  [235.8s] 28850 copies, 3606.25 GB, avg 15.29 GB/s
  [236.3s] 28900 copies, 3612.50 GB, avg 15.29 GB/s
  [236.6s] 28950 copies, 3618.75 GB, avg 15.29 GB/s
  [237.1s] 29000 copies, 3625.00 GB, avg 15.29 GB/s
  [237.4s] 29050 copies, 3631.25 GB, avg 15.29 GB/s
  [237.9s] 29100 copies, 3637.50 GB, avg 15.29 GB/s
  [238.2s] 29150 copies, 3643.75 GB, avg 15.29 GB/s
  [238.7s] 29200 copies, 3650.00 GB, avg 15.29 GB/s
  [239.1s] 29250 copies, 3656.25 GB, avg 15.29 GB/s
  [239.5s] 29300 copies, 3662.50 GB, avg 15.29 GB/s
  [239.9s] 29350 copies, 3668.75 GB, avg 15.30 GB/s
  [240.3s] 29400 copies, 3675.00 GB, avg 15.29 GB/s
  [240.7s] 29450 copies, 3681.25 GB, avg 15.30 GB/s
  [241.1s] 29500 copies, 3687.50 GB, avg 15.29 GB/s
  [241.5s] 29550 copies, 3693.75 GB, avg 15.30 GB/s
  [241.9s] 29600 copies, 3700.00 GB, avg 15.30 GB/s
  [242.3s] 29650 copies, 3706.25 GB, avg 15.30 GB/s
  [242.7s] 29700 copies, 3712.50 GB, avg 15.30 GB/s
  [243.1s] 29750 copies, 3718.75 GB, avg 15.30 GB/s
  [243.5s] 29800 copies, 3725.00 GB, avg 15.30 GB/s
  [243.9s] 29850 copies, 3731.25 GB, avg 15.30 GB/s
  [244.3s] 29900 copies, 3737.50 GB, avg 15.30 GB/s
  [244.7s] 29950 copies, 3743.75 GB, avg 15.30 GB/s
  [245.1s] 30000 copies, 3750.00 GB, avg 15.30 GB/s
  [245.5s] 30050 copies, 3756.25 GB, avg 15.30 GB/s
  [245.9s] 30100 copies, 3762.50 GB, avg 15.30 GB/s
  [246.4s] 30150 copies, 3768.75 GB, avg 15.30 GB/s
  [246.8s] 30200 copies, 3775.00 GB, avg 15.30 GB/s
  [247.2s] 30250 copies, 3781.25 GB, avg 15.30 GB/s
  [247.6s] 30300 copies, 3787.50 GB, avg 15.30 GB/s
  [248.0s] 30350 copies, 3793.75 GB, avg 15.30 GB/s
  [248.4s] 30400 copies, 3800.00 GB, avg 15.30 GB/s
  [248.8s] 30450 copies, 3806.25 GB, avg 15.30 GB/s
  [249.2s] 30500 copies, 3812.50 GB, avg 15.30 GB/s
  [249.6s] 30550 copies, 3818.75 GB, avg 15.30 GB/s
  [250.0s] 30600 copies, 3825.00 GB, avg 15.30 GB/s
  [250.4s] 30650 copies, 3831.25 GB, avg 15.30 GB/s
  [250.8s] 30700 copies, 3837.50 GB, avg 15.30 GB/s
  [251.2s] 30750 copies, 3843.75 GB, avg 15.30 GB/s
  [251.6s] 30800 copies, 3850.00 GB, avg 15.30 GB/s
  [252.0s] 30850 copies, 3856.25 GB, avg 15.30 GB/s
  [252.4s] 30900 copies, 3862.50 GB, avg 15.30 GB/s
  [252.8s] 30950 copies, 3868.75 GB, avg 15.30 GB/s
  [253.2s] 31000 copies, 3875.00 GB, avg 15.30 GB/s
  [253.6s] 31050 copies, 3881.25 GB, avg 15.30 GB/s
  [254.0s] 31100 copies, 3887.50 GB, avg 15.30 GB/s
  [254.4s] 31150 copies, 3893.75 GB, avg 15.30 GB/s
  [254.8s] 31200 copies, 3900.00 GB, avg 15.30 GB/s
  [255.2s] 31250 copies, 3906.25 GB, avg 15.30 GB/s
  [255.6s] 31300 copies, 3912.50 GB, avg 15.31 GB/s
  [256.1s] 31350 copies, 3918.75 GB, avg 15.30 GB/s
  [256.4s] 31400 copies, 3925.00 GB, avg 15.31 GB/s
  [256.9s] 31450 copies, 3931.25 GB, avg 15.30 GB/s
  [257.3s] 31500 copies, 3937.50 GB, avg 15.31 GB/s
  [257.7s] 31550 copies, 3943.75 GB, avg 15.30 GB/s
  [258.1s] 31600 copies, 3950.00 GB, avg 15.30 GB/s
  [258.5s] 31650 copies, 3956.25 GB, avg 15.30 GB/s
  [258.9s] 31700 copies, 3962.50 GB, avg 15.30 GB/s
  [259.3s] 31750 copies, 3968.75 GB, avg 15.30 GB/s
  [259.7s] 31800 copies, 3975.00 GB, avg 15.30 GB/s
  [260.1s] 31850 copies, 3981.25 GB, avg 15.30 GB/s
  [260.6s] 31900 copies, 3987.50 GB, avg 15.30 GB/s
  [260.9s] 31950 copies, 3993.75 GB, avg 15.31 GB/s
  [261.4s] 32000 copies, 4000.00 GB, avg 15.30 GB/s
  [261.8s] 32050 copies, 4006.25 GB, avg 15.30 GB/s
  [262.2s] 32100 copies, 4012.50 GB, avg 15.30 GB/s
  [262.6s] 32150 copies, 4018.75 GB, avg 15.30 GB/s
  [263.0s] 32200 copies, 4025.00 GB, avg 15.30 GB/s
  [263.4s] 32250 copies, 4031.25 GB, avg 15.31 GB/s
  [263.8s] 32300 copies, 4037.50 GB, avg 15.30 GB/s
  [264.2s] 32350 copies, 4043.75 GB, avg 15.31 GB/s
  [264.6s] 32400 copies, 4050.00 GB, avg 15.30 GB/s
  [265.0s] 32450 copies, 4056.25 GB, avg 15.31 GB/s
  [265.4s] 32500 copies, 4062.50 GB, avg 15.30 GB/s
  [265.8s] 32550 copies, 4068.75 GB, avg 15.31 GB/s
  [266.2s] 32600 copies, 4075.00 GB, avg 15.31 GB/s
  [266.6s] 32650 copies, 4081.25 GB, avg 15.31 GB/s
  [267.0s] 32700 copies, 4087.50 GB, avg 15.31 GB/s
  [267.4s] 32750 copies, 4093.75 GB, avg 15.31 GB/s
  [267.9s] 32800 copies, 4100.00 GB, avg 15.31 GB/s
  [268.2s] 32850 copies, 4106.25 GB, avg 15.31 GB/s
  [268.7s] 32900 copies, 4112.50 GB, avg 15.31 GB/s
  [269.0s] 32950 copies, 4118.75 GB, avg 15.31 GB/s
  [269.5s] 33000 copies, 4125.00 GB, avg 15.31 GB/s
  [269.8s] 33050 copies, 4131.25 GB, avg 15.31 GB/s
  [270.3s] 33100 copies, 4137.50 GB, avg 15.31 GB/s
  [270.7s] 33150 copies, 4143.75 GB, avg 15.31 GB/s
  [271.1s] 33200 copies, 4150.00 GB, avg 15.31 GB/s
  [271.5s] 33250 copies, 4156.25 GB, avg 15.31 GB/s
  [271.9s] 33300 copies, 4162.50 GB, avg 15.31 GB/s
  [272.3s] 33350 copies, 4168.75 GB, avg 15.31 GB/s
  [272.7s] 33400 copies, 4175.00 GB, avg 15.31 GB/s
  [273.1s] 33450 copies, 4181.25 GB, avg 15.31 GB/s
  [273.5s] 33500 copies, 4187.50 GB, avg 15.31 GB/s
  [273.9s] 33550 copies, 4193.75 GB, avg 15.31 GB/s
  [274.3s] 33600 copies, 4200.00 GB, avg 15.31 GB/s
  [274.7s] 33650 copies, 4206.25 GB, avg 15.31 GB/s
  [275.1s] 33700 copies, 4212.50 GB, avg 15.31 GB/s
  [275.5s] 33750 copies, 4218.75 GB, avg 15.31 GB/s
  [275.9s] 33800 copies, 4225.00 GB, avg 15.31 GB/s
  [276.3s] 33850 copies, 4231.25 GB, avg 15.31 GB/s
  [276.7s] 33900 copies, 4237.50 GB, avg 15.31 GB/s
  [277.1s] 33950 copies, 4243.75 GB, avg 15.31 GB/s
  [277.5s] 34000 copies, 4250.00 GB, avg 15.31 GB/s
  [277.9s] 34050 copies, 4256.25 GB, avg 15.31 GB/s
  [278.3s] 34100 copies, 4262.50 GB, avg 15.31 GB/s
  [278.7s] 34150 copies, 4268.75 GB, avg 15.31 GB/s
  [279.1s] 34200 copies, 4275.00 GB, avg 15.32 GB/s
  [279.6s] 34250 copies, 4281.25 GB, avg 15.31 GB/s
  [280.0s] 34300 copies, 4287.50 GB, avg 15.31 GB/s
  [280.4s] 34350 copies, 4293.75 GB, avg 15.31 GB/s
  [280.8s] 34400 copies, 4300.00 GB, avg 15.31 GB/s
  [281.2s] 34450 copies, 4306.25 GB, avg 15.31 GB/s
  [281.6s] 34500 copies, 4312.50 GB, avg 15.32 GB/s
  [282.0s] 34550 copies, 4318.75 GB, avg 15.32 GB/s
  [282.4s] 34600 copies, 4325.00 GB, avg 15.32 GB/s
  [282.8s] 34650 copies, 4331.25 GB, avg 15.31 GB/s
  [283.2s] 34700 copies, 4337.50 GB, avg 15.31 GB/s
  [283.6s] 34750 copies, 4343.75 GB, avg 15.31 GB/s
  [284.0s] 34800 copies, 4350.00 GB, avg 15.31 GB/s
  [284.4s] 34850 copies, 4356.25 GB, avg 15.32 GB/s
  [284.9s] 34900 copies, 4362.50 GB, avg 15.31 GB/s
  [285.3s] 34950 copies, 4368.75 GB, avg 15.31 GB/s
  [285.7s] 35000 copies, 4375.00 GB, avg 15.31 GB/s
  [286.1s] 35050 copies, 4381.25 GB, avg 15.31 GB/s
  [286.5s] 35100 copies, 4387.50 GB, avg 15.31 GB/s
  [286.9s] 35150 copies, 4393.75 GB, avg 15.32 GB/s
  [287.3s] 35200 copies, 4400.00 GB, avg 15.31 GB/s
  [287.7s] 35250 copies, 4406.25 GB, avg 15.31 GB/s
  [288.1s] 35300 copies, 4412.50 GB, avg 15.31 GB/s
  [288.6s] 35350 copies, 4418.75 GB, avg 15.31 GB/s
  [289.0s] 35400 copies, 4425.00 GB, avg 15.31 GB/s
  [289.4s] 35450 copies, 4431.25 GB, avg 15.31 GB/s
  [289.7s] 35500 copies, 4437.50 GB, avg 15.32 GB/s
  [290.1s] 35550 copies, 4443.75 GB, avg 15.32 GB/s
  [290.4s] 35600 copies, 4450.00 GB, avg 15.32 GB/s
  [290.8s] 35650 copies, 4456.25 GB, avg 15.32 GB/s
  [291.2s] 35700 copies, 4462.50 GB, avg 15.33 GB/s
  [291.5s] 35750 copies, 4468.75 GB, avg 15.33 GB/s
  [291.8s] 35800 copies, 4475.00 GB, avg 15.33 GB/s
  [292.2s] 35850 copies, 4481.25 GB, avg 15.34 GB/s
  [292.5s] 35900 copies, 4487.50 GB, avg 15.34 GB/s
  [292.9s] 35950 copies, 4493.75 GB, avg 15.34 GB/s
  [293.2s] 36000 copies, 4500.00 GB, avg 15.35 GB/s
  [293.6s] 36050 copies, 4506.25 GB, avg 15.35 GB/s
  [293.9s] 36100 copies, 4512.50 GB, avg 15.35 GB/s
  [294.2s] 36150 copies, 4518.75 GB, avg 15.36 GB/s
  [294.6s] 36200 copies, 4525.00 GB, avg 15.36 GB/s
  [294.9s] 36250 copies, 4531.25 GB, avg 15.36 GB/s
  [295.3s] 36300 copies, 4537.50 GB, avg 15.37 GB/s
  [295.6s] 36350 copies, 4543.75 GB, avg 15.37 GB/s
  [295.9s] 36400 copies, 4550.00 GB, avg 15.37 GB/s
  [296.4s] 36450 copies, 4556.25 GB, avg 15.37 GB/s
  [296.7s] 36500 copies, 4562.50 GB, avg 15.38 GB/s
  [297.1s] 36550 copies, 4568.75 GB, avg 15.38 GB/s
  [297.4s] 36600 copies, 4575.00 GB, avg 15.38 GB/s
  [297.7s] 36650 copies, 4581.25 GB, avg 15.39 GB/s
  [298.1s] 36700 copies, 4587.50 GB, avg 15.39 GB/s
  [298.4s] 36750 copies, 4593.75 GB, avg 15.39 GB/s
  [298.8s] 36800 copies, 4600.00 GB, avg 15.40 GB/s
  [299.1s] 36850 copies, 4606.25 GB, avg 15.40 GB/s
  [299.4s] 36900 copies, 4612.50 GB, avg 15.40 GB/s
  [299.8s] 36950 copies, 4618.75 GB, avg 15.41 GB/s
  [300.1s] 37000 copies, 4625.00 GB, avg 15.41 GB/s
  [300.5s] 37050 copies, 4631.25 GB, avg 15.41 GB/s
  [300.8s] 37100 copies, 4637.50 GB, avg 15.42 GB/s
  [301.1s] 37150 copies, 4643.75 GB, avg 15.42 GB/s
  [301.5s] 37200 copies, 4650.00 GB, avg 15.42 GB/s
  [301.8s] 37250 copies, 4656.25 GB, avg 15.43 GB/s
  [302.2s] 37300 copies, 4662.50 GB, avg 15.43 GB/s
  [302.5s] 37350 copies, 4668.75 GB, avg 15.43 GB/s
  [302.9s] 37400 copies, 4675.00 GB, avg 15.44 GB/s
  [303.2s] 37450 copies, 4681.25 GB, avg 15.44 GB/s
  [303.5s] 37500 copies, 4687.50 GB, avg 15.44 GB/s
  [303.9s] 37550 copies, 4693.75 GB, avg 15.45 GB/s
  [304.2s] 37600 copies, 4700.00 GB, avg 15.45 GB/s
  [304.6s] 37650 copies, 4706.25 GB, avg 15.45 GB/s
  [304.9s] 37700 copies, 4712.50 GB, avg 15.46 GB/s
  [305.2s] 37750 copies, 4718.75 GB, avg 15.46 GB/s
  [305.6s] 37800 copies, 4725.00 GB, avg 15.46 GB/s
  [305.9s] 37850 copies, 4731.25 GB, avg 15.47 GB/s
  [306.4s] 37900 copies, 4737.50 GB, avg 15.46 GB/s
  [306.8s] 37950 copies, 4743.75 GB, avg 15.46 GB/s
  [307.1s] 38000 copies, 4750.00 GB, avg 15.47 GB/s
  [307.4s] 38050 copies, 4756.25 GB, avg 15.47 GB/s
  [307.8s] 38100 copies, 4762.50 GB, avg 15.47 GB/s
  [308.1s] 38150 copies, 4768.75 GB, avg 15.48 GB/s
  [308.5s] 38200 copies, 4775.00 GB, avg 15.48 GB/s
  [308.8s] 38250 copies, 4781.25 GB, avg 15.48 GB/s
  [309.2s] 38300 copies, 4787.50 GB, avg 15.49 GB/s
  [309.5s] 38350 copies, 4793.75 GB, avg 15.49 GB/s
  [309.8s] 38400 copies, 4800.00 GB, avg 15.49 GB/s
  [310.2s] 38450 copies, 4806.25 GB, avg 15.50 GB/s
  [310.5s] 38500 copies, 4812.50 GB, avg 15.50 GB/s
  [310.9s] 38550 copies, 4818.75 GB, avg 15.50 GB/s
  [311.4s] 38600 copies, 4825.00 GB, avg 15.49 GB/s
  [311.7s] 38650 copies, 4831.25 GB, avg 15.50 GB/s
  [312.1s] 38700 copies, 4837.50 GB, avg 15.50 GB/s
  [312.4s] 38750 copies, 4843.75 GB, avg 15.50 GB/s
  [312.8s] 38800 copies, 4850.00 GB, avg 15.51 GB/s
  [313.1s] 38850 copies, 4856.25 GB, avg 15.51 GB/s
  [313.5s] 38900 copies, 4862.50 GB, avg 15.51 GB/s
  [313.8s] 38950 copies, 4868.75 GB, avg 15.52 GB/s
  [314.1s] 39000 copies, 4875.00 GB, avg 15.52 GB/s
  [314.5s] 39050 copies, 4881.25 GB, avg 15.52 GB/s
  [314.8s] 39100 copies, 4887.50 GB, avg 15.52 GB/s
  [315.2s] 39150 copies, 4893.75 GB, avg 15.53 GB/s
  [315.5s] 39200 copies, 4900.00 GB, avg 15.53 GB/s
  [315.9s] 39250 copies, 4906.25 GB, avg 15.53 GB/s
  [316.2s] 39300 copies, 4912.50 GB, avg 15.54 GB/s
  [316.6s] 39350 copies, 4918.75 GB, avg 15.54 GB/s
  [316.9s] 39400 copies, 4925.00 GB, avg 15.54 GB/s
  [317.2s] 39450 copies, 4931.25 GB, avg 15.54 GB/s
  [317.6s] 39500 copies, 4937.50 GB, avg 15.55 GB/s
  [317.9s] 39550 copies, 4943.75 GB, avg 15.55 GB/s
  [318.3s] 39600 copies, 4950.00 GB, avg 15.55 GB/s
  [318.6s] 39650 copies, 4956.25 GB, avg 15.56 GB/s
  [318.9s] 39700 copies, 4962.50 GB, avg 15.56 GB/s
  [319.3s] 39750 copies, 4968.75 GB, avg 15.56 GB/s
  [319.6s] 39800 copies, 4975.00 GB, avg 15.56 GB/s
  [320.0s] 39850 copies, 4981.25 GB, avg 15.57 GB/s
  [320.3s] 39900 copies, 4987.50 GB, avg 15.57 GB/s
  [320.7s] 39950 copies, 4993.75 GB, avg 15.57 GB/s
  [321.0s] 40000 copies, 5000.00 GB, avg 15.58 GB/s
  [321.4s] 40050 copies, 5006.25 GB, avg 15.58 GB/s
  [321.7s] 40100 copies, 5012.50 GB, avg 15.58 GB/s
  [322.1s] 40150 copies, 5018.75 GB, avg 15.58 GB/s
  [322.4s] 40200 copies, 5025.00 GB, avg 15.58 GB/s
  [322.8s] 40250 copies, 5031.25 GB, avg 15.59 GB/s
  [323.1s] 40300 copies, 5037.50 GB, avg 15.59 GB/s
  [323.5s] 40350 copies, 5043.75 GB, avg 15.59 GB/s
  [323.8s] 40400 copies, 5050.00 GB, avg 15.60 GB/s
  [324.1s] 40450 copies, 5056.25 GB, avg 15.60 GB/s
  [324.5s] 40500 copies, 5062.50 GB, avg 15.60 GB/s
  [324.8s] 40550 copies, 5068.75 GB, avg 15.60 GB/s
  [325.2s] 40600 copies, 5075.00 GB, avg 15.61 GB/s
  [325.5s] 40650 copies, 5081.25 GB, avg 15.61 GB/s
  [325.9s] 40700 copies, 5087.50 GB, avg 15.61 GB/s
  [326.4s] 40750 copies, 5093.75 GB, avg 15.60 GB/s
  [326.8s] 40800 copies, 5100.00 GB, avg 15.61 GB/s
  [327.1s] 40850 copies, 5106.25 GB, avg 15.61 GB/s
  [327.5s] 40900 copies, 5112.50 GB, avg 15.61 GB/s
  [327.8s] 40950 copies, 5118.75 GB, avg 15.61 GB/s
  [328.2s] 41000 copies, 5125.00 GB, avg 15.62 GB/s
  [328.5s] 41050 copies, 5131.25 GB, avg 15.62 GB/s
  [328.8s] 41100 copies, 5137.50 GB, avg 15.62 GB/s
  [329.2s] 41150 copies, 5143.75 GB, avg 15.63 GB/s
  [329.5s] 41200 copies, 5150.00 GB, avg 15.63 GB/s
  [329.9s] 41250 copies, 5156.25 GB, avg 15.63 GB/s
  [330.2s] 41300 copies, 5162.50 GB, avg 15.63 GB/s
  [330.5s] 41350 copies, 5168.75 GB, avg 15.64 GB/s
  [330.9s] 41400 copies, 5175.00 GB, avg 15.64 GB/s
  [331.2s] 41450 copies, 5181.25 GB, avg 15.64 GB/s
  [331.6s] 41500 copies, 5187.50 GB, avg 15.64 GB/s
  [331.9s] 41550 copies, 5193.75 GB, avg 15.65 GB/s
  [332.3s] 41600 copies, 5200.00 GB, avg 15.65 GB/s
  [332.6s] 41650 copies, 5206.25 GB, avg 15.65 GB/s
  [332.9s] 41700 copies, 5212.50 GB, avg 15.66 GB/s
  [333.3s] 41750 copies, 5218.75 GB, avg 15.66 GB/s
  [333.6s] 41800 copies, 5225.00 GB, avg 15.66 GB/s
  [334.0s] 41850 copies, 5231.25 GB, avg 15.66 GB/s
  [334.3s] 41900 copies, 5237.50 GB, avg 15.67 GB/s
  [334.7s] 41950 copies, 5243.75 GB, avg 15.67 GB/s
  [335.0s] 42000 copies, 5250.00 GB, avg 15.67 GB/s
  [335.3s] 42050 copies, 5256.25 GB, avg 15.67 GB/s
  [335.7s] 42100 copies, 5262.50 GB, avg 15.68 GB/s
  [336.0s] 42150 copies, 5268.75 GB, avg 15.68 GB/s
  [336.4s] 42200 copies, 5275.00 GB, avg 15.68 GB/s
  [336.7s] 42250 copies, 5281.25 GB, avg 15.68 GB/s
  [337.0s] 42300 copies, 5287.50 GB, avg 15.69 GB/s
  [337.4s] 42350 copies, 5293.75 GB, avg 15.69 GB/s
  [337.7s] 42400 copies, 5300.00 GB, avg 15.69 GB/s
  [338.1s] 42450 copies, 5306.25 GB, avg 15.69 GB/s
  [338.5s] 42500 copies, 5312.50 GB, avg 15.70 GB/s
  [338.9s] 42550 copies, 5318.75 GB, avg 15.70 GB/s
  [339.3s] 42600 copies, 5325.00 GB, avg 15.70 GB/s
  [339.7s] 42650 copies, 5331.25 GB, avg 15.70 GB/s
  [340.0s] 42700 copies, 5337.50 GB, avg 15.70 GB/s
  [340.4s] 42750 copies, 5343.75 GB, avg 15.70 GB/s
  [340.7s] 42800 copies, 5350.00 GB, avg 15.70 GB/s
  [341.1s] 42850 copies, 5356.25 GB, avg 15.70 GB/s
  [341.4s] 42900 copies, 5362.50 GB, avg 15.71 GB/s
  [341.8s] 42950 copies, 5368.75 GB, avg 15.71 GB/s
  [342.1s] 43000 copies, 5375.00 GB, avg 15.71 GB/s
  [342.5s] 43050 copies, 5381.25 GB, avg 15.71 GB/s
  [342.8s] 43100 copies, 5387.50 GB, avg 15.72 GB/s
  [343.1s] 43150 copies, 5393.75 GB, avg 15.72 GB/s
  [343.5s] 43200 copies, 5400.00 GB, avg 15.72 GB/s
  [343.8s] 43250 copies, 5406.25 GB, avg 15.72 GB/s
  [344.2s] 43300 copies, 5412.50 GB, avg 15.73 GB/s
  [344.5s] 43350 copies, 5418.75 GB, avg 15.73 GB/s
  [344.9s] 43400 copies, 5425.00 GB, avg 15.73 GB/s
  [345.2s] 43450 copies, 5431.25 GB, avg 15.73 GB/s
  [345.5s] 43500 copies, 5437.50 GB, avg 15.74 GB/s
  [345.9s] 43550 copies, 5443.75 GB, avg 15.74 GB/s
  [346.2s] 43600 copies, 5450.00 GB, avg 15.74 GB/s
  [346.6s] 43650 copies, 5456.25 GB, avg 15.74 GB/s
  [346.9s] 43700 copies, 5462.50 GB, avg 15.75 GB/s
  [347.2s] 43750 copies, 5468.75 GB, avg 15.75 GB/s
  [347.6s] 43800 copies, 5475.00 GB, avg 15.75 GB/s
  [347.9s] 43850 copies, 5481.25 GB, avg 15.75 GB/s
  [348.3s] 43900 copies, 5487.50 GB, avg 15.76 GB/s
  [348.6s] 43950 copies, 5493.75 GB, avg 15.76 GB/s
  [349.0s] 44000 copies, 5500.00 GB, avg 15.76 GB/s
  [349.3s] 44050 copies, 5506.25 GB, avg 15.76 GB/s
  [349.6s] 44100 copies, 5512.50 GB, avg 15.77 GB/s
  [350.0s] 44150 copies, 5518.75 GB, avg 15.77 GB/s
  [350.3s] 44200 copies, 5525.00 GB, avg 15.77 GB/s
  [350.7s] 44250 copies, 5531.25 GB, avg 15.77 GB/s
  [351.0s] 44300 copies, 5537.50 GB, avg 15.78 GB/s
  [351.5s] 44350 copies, 5543.75 GB, avg 15.77 GB/s
  [351.9s] 44400 copies, 5550.00 GB, avg 15.77 GB/s
  [352.4s] 44450 copies, 5556.25 GB, avg 15.77 GB/s
  [352.8s] 44500 copies, 5562.50 GB, avg 15.77 GB/s
  [353.2s] 44550 copies, 5568.75 GB, avg 15.76 GB/s
  [353.7s] 44600 copies, 5575.00 GB, avg 15.76 GB/s
  [354.1s] 44650 copies, 5581.25 GB, avg 15.76 GB/s
  [354.6s] 44700 copies, 5587.50 GB, avg 15.76 GB/s
  [355.0s] 44750 copies, 5593.75 GB, avg 15.76 GB/s
  [355.4s] 44800 copies, 5600.00 GB, avg 15.76 GB/s
  [355.9s] 44850 copies, 5606.25 GB, avg 15.75 GB/s
  [356.3s] 44900 copies, 5612.50 GB, avg 15.75 GB/s
  [356.7s] 44950 copies, 5618.75 GB, avg 15.75 GB/s
  [357.2s] 45000 copies, 5625.00 GB, avg 15.75 GB/s
  [357.6s] 45050 copies, 5631.25 GB, avg 15.75 GB/s
  [358.0s] 45100 copies, 5637.50 GB, avg 15.75 GB/s
  [358.5s] 45150 copies, 5643.75 GB, avg 15.74 GB/s
  [358.9s] 45200 copies, 5650.00 GB, avg 15.74 GB/s
  [359.3s] 45250 copies, 5656.25 GB, avg 15.74 GB/s
  [359.7s] 45300 copies, 5662.50 GB, avg 15.74 GB/s
  [360.1s] 45350 copies, 5668.75 GB, avg 15.74 GB/s
  [360.4s] 45400 copies, 5675.00 GB, avg 15.75 GB/s
  [360.8s] 45450 copies, 5681.25 GB, avg 15.75 GB/s
  [361.1s] 45500 copies, 5687.50 GB, avg 15.75 GB/s
  [361.4s] 45550 copies, 5693.75 GB, avg 15.75 GB/s
  [361.8s] 45600 copies, 5700.00 GB, avg 15.76 GB/s
  [362.1s] 45650 copies, 5706.25 GB, avg 15.76 GB/s
  [362.5s] 45700 copies, 5712.50 GB, avg 15.76 GB/s
  [362.8s] 45750 copies, 5718.75 GB, avg 15.76 GB/s
  [363.2s] 45800 copies, 5725.00 GB, avg 15.76 GB/s
  [363.5s] 45850 copies, 5731.25 GB, avg 15.77 GB/s
  [363.8s] 45900 copies, 5737.50 GB, avg 15.77 GB/s
  [364.2s] 45950 copies, 5743.75 GB, avg 15.77 GB/s
  [364.5s] 46000 copies, 5750.00 GB, avg 15.77 GB/s
  [364.9s] 46050 copies, 5756.25 GB, avg 15.78 GB/s
  [365.2s] 46100 copies, 5762.50 GB, avg 15.78 GB/s
  [365.6s] 46150 copies, 5768.75 GB, avg 15.78 GB/s
  [365.9s] 46200 copies, 5775.00 GB, avg 15.78 GB/s
  [366.2s] 46250 copies, 5781.25 GB, avg 15.79 GB/s
  [366.8s] 46300 copies, 5787.50 GB, avg 15.78 GB/s
  [367.1s] 46350 copies, 5793.75 GB, avg 15.78 GB/s
  [367.5s] 46400 copies, 5800.00 GB, avg 15.78 GB/s
  [367.8s] 46450 copies, 5806.25 GB, avg 15.79 GB/s
  [368.1s] 46500 copies, 5812.50 GB, avg 15.79 GB/s
  [368.5s] 46550 copies, 5818.75 GB, avg 15.79 GB/s
  [368.8s] 46600 copies, 5825.00 GB, avg 15.79 GB/s
  [369.2s] 46650 copies, 5831.25 GB, avg 15.80 GB/s
  [369.5s] 46700 copies, 5837.50 GB, avg 15.80 GB/s
  [369.9s] 46750 copies, 5843.75 GB, avg 15.80 GB/s
  [370.2s] 46800 copies, 5850.00 GB, avg 15.80 GB/s
  [370.6s] 46850 copies, 5856.25 GB, avg 15.80 GB/s
  [371.0s] 46900 copies, 5862.50 GB, avg 15.80 GB/s
  [371.4s] 46950 copies, 5868.75 GB, avg 15.80 GB/s
  [371.9s] 47000 copies, 5875.00 GB, avg 15.80 GB/s
  [372.3s] 47050 copies, 5881.25 GB, avg 15.80 GB/s
  [372.7s] 47100 copies, 5887.50 GB, avg 15.80 GB/s
  [373.1s] 47150 copies, 5893.75 GB, avg 15.80 GB/s
  [373.5s] 47200 copies, 5900.00 GB, avg 15.80 GB/s
  [373.9s] 47250 copies, 5906.25 GB, avg 15.80 GB/s
  [374.3s] 47300 copies, 5912.50 GB, avg 15.80 GB/s
  [374.7s] 47350 copies, 5918.75 GB, avg 15.79 GB/s
  [375.1s] 47400 copies, 5925.00 GB, avg 15.80 GB/s
  [375.5s] 47450 copies, 5931.25 GB, avg 15.79 GB/s
  [375.9s] 47500 copies, 5937.50 GB, avg 15.79 GB/s
  [376.4s] 47550 copies, 5943.75 GB, avg 15.79 GB/s
  [376.7s] 47600 copies, 5950.00 GB, avg 15.79 GB/s
  [377.2s] 47650 copies, 5956.25 GB, avg 15.79 GB/s
  [377.5s] 47700 copies, 5962.50 GB, avg 15.79 GB/s
  [378.0s] 47750 copies, 5968.75 GB, avg 15.79 GB/s
  [378.3s] 47800 copies, 5975.00 GB, avg 15.79 GB/s
  [378.8s] 47850 copies, 5981.25 GB, avg 15.79 GB/s
  [379.2s] 47900 copies, 5987.50 GB, avg 15.79 GB/s
  [379.6s] 47950 copies, 5993.75 GB, avg 15.79 GB/s
  [380.0s] 48000 copies, 6000.00 GB, avg 15.79 GB/s
  [380.4s] 48050 copies, 6006.25 GB, avg 15.79 GB/s
  [380.8s] 48100 copies, 6012.50 GB, avg 15.79 GB/s
  [381.2s] 48150 copies, 6018.75 GB, avg 15.79 GB/s
  [381.6s] 48200 copies, 6025.00 GB, avg 15.79 GB/s
  [382.0s] 48250 copies, 6031.25 GB, avg 15.79 GB/s
  [382.4s] 48300 copies, 6037.50 GB, avg 15.79 GB/s
  [382.8s] 48350 copies, 6043.75 GB, avg 15.79 GB/s
  [383.2s] 48400 copies, 6050.00 GB, avg 15.79 GB/s
  [383.7s] 48450 copies, 6056.25 GB, avg 15.79 GB/s
  [384.1s] 48500 copies, 6062.50 GB, avg 15.79 GB/s
  [384.5s] 48550 copies, 6068.75 GB, avg 15.79 GB/s
  [384.9s] 48600 copies, 6075.00 GB, avg 15.78 GB/s
  [385.3s] 48650 copies, 6081.25 GB, avg 15.78 GB/s
  [385.7s] 48700 copies, 6087.50 GB, avg 15.78 GB/s
  [386.1s] 48750 copies, 6093.75 GB, avg 15.78 GB/s
  [386.5s] 48800 copies, 6100.00 GB, avg 15.78 GB/s
  [386.9s] 48850 copies, 6106.25 GB, avg 15.78 GB/s
  [387.3s] 48900 copies, 6112.50 GB, avg 15.78 GB/s
  [387.7s] 48950 copies, 6118.75 GB, avg 15.78 GB/s
  [388.1s] 49000 copies, 6125.00 GB, avg 15.78 GB/s
  [388.5s] 49050 copies, 6131.25 GB, avg 15.78 GB/s
  [389.0s] 49100 copies, 6137.50 GB, avg 15.78 GB/s
  [389.3s] 49150 copies, 6143.75 GB, avg 15.78 GB/s
  [389.8s] 49200 copies, 6150.00 GB, avg 15.78 GB/s
  [390.1s] 49250 copies, 6156.25 GB, avg 15.78 GB/s
  [390.6s] 49300 copies, 6162.50 GB, avg 15.78 GB/s
  [391.0s] 49350 copies, 6168.75 GB, avg 15.78 GB/s
  [391.4s] 49400 copies, 6175.00 GB, avg 15.78 GB/s
  [391.8s] 49450 copies, 6181.25 GB, avg 15.78 GB/s
  [392.2s] 49500 copies, 6187.50 GB, avg 15.77 GB/s
  [392.6s] 49550 copies, 6193.75 GB, avg 15.78 GB/s
  [393.0s] 49600 copies, 6200.00 GB, avg 15.77 GB/s
  [393.4s] 49650 copies, 6206.25 GB, avg 15.77 GB/s
  [393.8s] 49700 copies, 6212.50 GB, avg 15.77 GB/s
  [394.3s] 49750 copies, 6218.75 GB, avg 15.77 GB/s
  [394.7s] 49800 copies, 6225.00 GB, avg 15.77 GB/s
  [395.1s] 49850 copies, 6231.25 GB, avg 15.77 GB/s
  [395.5s] 49900 copies, 6237.50 GB, avg 15.77 GB/s
  [395.9s] 49950 copies, 6243.75 GB, avg 15.77 GB/s
  [396.3s] 50000 copies, 6250.00 GB, avg 15.77 GB/s
  [396.7s] 50050 copies, 6256.25 GB, avg 15.77 GB/s
  [397.1s] 50100 copies, 6262.50 GB, avg 15.77 GB/s
  [397.6s] 50150 copies, 6268.75 GB, avg 15.77 GB/s
  [397.9s] 50200 copies, 6275.00 GB, avg 15.77 GB/s
  [398.4s] 50250 copies, 6281.25 GB, avg 15.77 GB/s
  [398.7s] 50300 copies, 6287.50 GB, avg 15.77 GB/s
  [399.2s] 50350 copies, 6293.75 GB, avg 15.77 GB/s
  [399.6s] 50400 copies, 6300.00 GB, avg 15.77 GB/s
  [400.0s] 50450 copies, 6306.25 GB, avg 15.77 GB/s
  [400.4s] 50500 copies, 6312.50 GB, avg 15.77 GB/s
  [400.8s] 50550 copies, 6318.75 GB, avg 15.76 GB/s
  [401.2s] 50600 copies, 6325.00 GB, avg 15.77 GB/s
  [401.6s] 50650 copies, 6331.25 GB, avg 15.76 GB/s
  [402.0s] 50700 copies, 6337.50 GB, avg 15.76 GB/s
  [402.4s] 50750 copies, 6343.75 GB, avg 15.76 GB/s
  [402.8s] 50800 copies, 6350.00 GB, avg 15.76 GB/s
  [403.2s] 50850 copies, 6356.25 GB, avg 15.76 GB/s
  [403.6s] 50900 copies, 6362.50 GB, avg 15.76 GB/s
  [404.0s] 50950 copies, 6368.75 GB, avg 15.76 GB/s
  [404.4s] 51000 copies, 6375.00 GB, avg 15.76 GB/s
  [404.9s] 51050 copies, 6381.25 GB, avg 15.76 GB/s
  [405.3s] 51100 copies, 6387.50 GB, avg 15.76 GB/s
  [405.7s] 51150 copies, 6393.75 GB, avg 15.76 GB/s
  [406.1s] 51200 copies, 6400.00 GB, avg 15.76 GB/s
  [406.5s] 51250 copies, 6406.25 GB, avg 15.76 GB/s
  [406.9s] 51300 copies, 6412.50 GB, avg 15.76 GB/s
  [407.3s] 51350 copies, 6418.75 GB, avg 15.76 GB/s
  [407.7s] 51400 copies, 6425.00 GB, avg 15.76 GB/s
  [408.1s] 51450 copies, 6431.25 GB, avg 15.76 GB/s
  [408.5s] 51500 copies, 6437.50 GB, avg 15.76 GB/s
  [408.9s] 51550 copies, 6443.75 GB, avg 15.76 GB/s
  [409.3s] 51600 copies, 6450.00 GB, avg 15.76 GB/s
  [409.7s] 51650 copies, 6456.25 GB, avg 15.76 GB/s
  [410.1s] 51700 copies, 6462.50 GB, avg 15.76 GB/s
  [410.5s] 51750 copies, 6468.75 GB, avg 15.76 GB/s
  [410.9s] 51800 copies, 6475.00 GB, avg 15.76 GB/s
  [411.3s] 51850 copies, 6481.25 GB, avg 15.76 GB/s
  [411.8s] 51900 copies, 6487.50 GB, avg 15.76 GB/s
  [412.1s] 51950 copies, 6493.75 GB, avg 15.76 GB/s
  [412.6s] 52000 copies, 6500.00 GB, avg 15.76 GB/s
  [412.9s] 52050 copies, 6506.25 GB, avg 15.76 GB/s
  [413.4s] 52100 copies, 6512.50 GB, avg 15.75 GB/s
  [413.8s] 52150 copies, 6518.75 GB, avg 15.75 GB/s
  [414.2s] 52200 copies, 6525.00 GB, avg 15.75 GB/s
  [414.6s] 52250 copies, 6531.25 GB, avg 15.75 GB/s
  [415.0s] 52300 copies, 6537.50 GB, avg 15.75 GB/s
  [415.4s] 52350 copies, 6543.75 GB, avg 15.75 GB/s
  [415.8s] 52400 copies, 6550.00 GB, avg 15.75 GB/s
  [416.2s] 52450 copies, 6556.25 GB, avg 15.75 GB/s
  [416.6s] 52500 copies, 6562.50 GB, avg 15.75 GB/s
  [417.0s] 52550 copies, 6568.75 GB, avg 15.75 GB/s
  [417.4s] 52600 copies, 6575.00 GB, avg 15.75 GB/s
  [417.9s] 52650 copies, 6581.25 GB, avg 15.75 GB/s
  [418.3s] 52700 copies, 6587.50 GB, avg 15.75 GB/s
  [418.7s] 52750 copies, 6593.75 GB, avg 15.75 GB/s
  [419.1s] 52800 copies, 6600.00 GB, avg 15.75 GB/s
  [419.5s] 52850 copies, 6606.25 GB, avg 15.75 GB/s
  [419.9s] 52900 copies, 6612.50 GB, avg 15.75 GB/s
  [420.3s] 52950 copies, 6618.75 GB, avg 15.75 GB/s
  [420.7s] 53000 copies, 6625.00 GB, avg 15.75 GB/s
  [421.1s] 53050 copies, 6631.25 GB, avg 15.75 GB/s
  [421.5s] 53100 copies, 6637.50 GB, avg 15.75 GB/s
  [421.9s] 53150 copies, 6643.75 GB, avg 15.75 GB/s
  [422.4s] 53200 copies, 6650.00 GB, avg 15.74 GB/s
  [422.8s] 53250 copies, 6656.25 GB, avg 15.74 GB/s
  [423.2s] 53300 copies, 6662.50 GB, avg 15.74 GB/s
  [423.6s] 53350 copies, 6668.75 GB, avg 15.74 GB/s
  [424.0s] 53400 copies, 6675.00 GB, avg 15.74 GB/s
  [424.4s] 53450 copies, 6681.25 GB, avg 15.74 GB/s
  [424.9s] 53500 copies, 6687.50 GB, avg 15.74 GB/s
  [425.3s] 53550 copies, 6693.75 GB, avg 15.74 GB/s
  [425.7s] 53600 copies, 6700.00 GB, avg 15.74 GB/s
  [426.1s] 53650 copies, 6706.25 GB, avg 15.74 GB/s
  [426.5s] 53700 copies, 6712.50 GB, avg 15.74 GB/s
  [427.2s] 53750 copies, 6718.75 GB, avg 15.73 GB/s
  [427.6s] 53800 copies, 6725.00 GB, avg 15.73 GB/s
  [428.0s] 53850 copies, 6731.25 GB, avg 15.73 GB/s
  [428.4s] 53900 copies, 6737.50 GB, avg 15.73 GB/s
  [428.8s] 53950 copies, 6743.75 GB, avg 15.73 GB/s
  [429.2s] 54000 copies, 6750.00 GB, avg 15.73 GB/s
  [429.6s] 54050 copies, 6756.25 GB, avg 15.73 GB/s
  [430.0s] 54100 copies, 6762.50 GB, avg 15.73 GB/s
  [430.4s] 54150 copies, 6768.75 GB, avg 15.73 GB/s
  [430.9s] 54200 copies, 6775.00 GB, avg 15.72 GB/s
  [431.3s] 54250 copies, 6781.25 GB, avg 15.72 GB/s
  [431.7s] 54300 copies, 6787.50 GB, avg 15.72 GB/s
  [432.1s] 54350 copies, 6793.75 GB, avg 15.72 GB/s
  [432.5s] 54400 copies, 6800.00 GB, avg 15.72 GB/s
  [432.9s] 54450 copies, 6806.25 GB, avg 15.72 GB/s
  [433.3s] 54500 copies, 6812.50 GB, avg 15.72 GB/s
  [433.7s] 54550 copies, 6818.75 GB, avg 15.72 GB/s
  [434.1s] 54600 copies, 6825.00 GB, avg 15.72 GB/s
  [434.5s] 54650 copies, 6831.25 GB, avg 15.72 GB/s
  [434.9s] 54700 copies, 6837.50 GB, avg 15.72 GB/s
  [435.3s] 54750 copies, 6843.75 GB, avg 15.72 GB/s
  [435.7s] 54800 copies, 6850.00 GB, avg 15.72 GB/s
  [436.1s] 54850 copies, 6856.25 GB, avg 15.72 GB/s
  [436.5s] 54900 copies, 6862.50 GB, avg 15.72 GB/s
  [437.0s] 54950 copies, 6868.75 GB, avg 15.72 GB/s
  [437.4s] 55000 copies, 6875.00 GB, avg 15.72 GB/s
  [437.8s] 55050 copies, 6881.25 GB, avg 15.72 GB/s
  [438.2s] 55100 copies, 6887.50 GB, avg 15.72 GB/s
  [438.6s] 55150 copies, 6893.75 GB, avg 15.72 GB/s
  [439.0s] 55200 copies, 6900.00 GB, avg 15.72 GB/s
  [439.4s] 55250 copies, 6906.25 GB, avg 15.72 GB/s
  [439.8s] 55300 copies, 6912.50 GB, avg 15.72 GB/s
  [440.2s] 55350 copies, 6918.75 GB, avg 15.72 GB/s
  [440.6s] 55400 copies, 6925.00 GB, avg 15.72 GB/s
  [441.0s] 55450 copies, 6931.25 GB, avg 15.72 GB/s
  [441.4s] 55500 copies, 6937.50 GB, avg 15.72 GB/s
  [441.8s] 55550 copies, 6943.75 GB, avg 15.72 GB/s
  [442.2s] 55600 copies, 6950.00 GB, avg 15.72 GB/s
  [442.6s] 55650 copies, 6956.25 GB, avg 15.72 GB/s
  [443.0s] 55700 copies, 6962.50 GB, avg 15.72 GB/s
  [443.4s] 55750 copies, 6968.75 GB, avg 15.71 GB/s
  [443.8s] 55800 copies, 6975.00 GB, avg 15.72 GB/s
  [444.3s] 55850 copies, 6981.25 GB, avg 15.71 GB/s
  [444.7s] 55900 copies, 6987.50 GB, avg 15.71 GB/s
  [445.1s] 55950 copies, 6993.75 GB, avg 15.71 GB/s
  [445.5s] 56000 copies, 7000.00 GB, avg 15.71 GB/s
  [445.9s] 56050 copies, 7006.25 GB, avg 15.71 GB/s
  [446.3s] 56100 copies, 7012.50 GB, avg 15.71 GB/s
  [446.7s] 56150 copies, 7018.75 GB, avg 15.71 GB/s
  [447.1s] 56200 copies, 7025.00 GB, avg 15.71 GB/s
  [447.5s] 56250 copies, 7031.25 GB, avg 15.71 GB/s
  [447.9s] 56300 copies, 7037.50 GB, avg 15.71 GB/s
  [448.4s] 56350 copies, 7043.75 GB, avg 15.71 GB/s
  [448.8s] 56400 copies, 7050.00 GB, avg 15.71 GB/s
  [449.2s] 56450 copies, 7056.25 GB, avg 15.71 GB/s
  [449.6s] 56500 copies, 7062.50 GB, avg 15.71 GB/s
  [450.0s] 56550 copies, 7068.75 GB, avg 15.71 GB/s
  [450.4s] 56600 copies, 7075.00 GB, avg 15.71 GB/s
  [450.8s] 56650 copies, 7081.25 GB, avg 15.71 GB/s
  [451.2s] 56700 copies, 7087.50 GB, avg 15.71 GB/s
  [451.6s] 56750 copies, 7093.75 GB, avg 15.71 GB/s
  [452.2s] 56800 copies, 7100.00 GB, avg 15.70 GB/s
  [452.6s] 56850 copies, 7106.25 GB, avg 15.70 GB/s
  [453.0s] 56900 copies, 7112.50 GB, avg 15.70 GB/s
  [453.4s] 56950 copies, 7118.75 GB, avg 15.70 GB/s
  [453.8s] 57000 copies, 7125.00 GB, avg 15.70 GB/s
  [454.2s] 57050 copies, 7131.25 GB, avg 15.70 GB/s
  [454.6s] 57100 copies, 7137.50 GB, avg 15.70 GB/s
  [455.0s] 57150 copies, 7143.75 GB, avg 15.70 GB/s
  [455.4s] 57200 copies, 7150.00 GB, avg 15.70 GB/s
  [455.8s] 57250 copies, 7156.25 GB, avg 15.70 GB/s
  [456.2s] 57300 copies, 7162.50 GB, avg 15.70 GB/s
  [456.6s] 57350 copies, 7168.75 GB, avg 15.70 GB/s
  [457.0s] 57400 copies, 7175.00 GB, avg 15.70 GB/s
  [457.4s] 57450 copies, 7181.25 GB, avg 15.70 GB/s
  [457.8s] 57500 copies, 7187.50 GB, avg 15.70 GB/s
  [458.2s] 57550 copies, 7193.75 GB, avg 15.70 GB/s
  [458.6s] 57600 copies, 7200.00 GB, avg 15.70 GB/s
  [459.0s] 57650 copies, 7206.25 GB, avg 15.70 GB/s
  [459.4s] 57700 copies, 7212.50 GB, avg 15.70 GB/s
  [459.8s] 57750 copies, 7218.75 GB, avg 15.70 GB/s
  [460.2s] 57800 copies, 7225.00 GB, avg 15.70 GB/s
  [460.7s] 57850 copies, 7231.25 GB, avg 15.70 GB/s
  [461.1s] 57900 copies, 7237.50 GB, avg 15.70 GB/s
  [461.5s] 57950 copies, 7243.75 GB, avg 15.70 GB/s
  [461.9s] 58000 copies, 7250.00 GB, avg 15.70 GB/s
  [462.3s] 58050 copies, 7256.25 GB, avg 15.70 GB/s
  [462.7s] 58100 copies, 7262.50 GB, avg 15.70 GB/s
  [463.1s] 58150 copies, 7268.75 GB, avg 15.70 GB/s
  [463.5s] 58200 copies, 7275.00 GB, avg 15.70 GB/s
  [463.9s] 58250 copies, 7281.25 GB, avg 15.70 GB/s
  [464.3s] 58300 copies, 7287.50 GB, avg 15.70 GB/s
  [464.7s] 58350 copies, 7293.75 GB, avg 15.70 GB/s
  [465.1s] 58400 copies, 7300.00 GB, avg 15.70 GB/s
  [465.5s] 58450 copies, 7306.25 GB, avg 15.70 GB/s
  [466.1s] 58500 copies, 7312.50 GB, avg 15.69 GB/s
  [466.5s] 58550 copies, 7318.75 GB, avg 15.69 GB/s
  [466.9s] 58600 copies, 7325.00 GB, avg 15.69 GB/s
  [467.3s] 58650 copies, 7331.25 GB, avg 15.69 GB/s
  [467.7s] 58700 copies, 7337.50 GB, avg 15.69 GB/s
  [468.1s] 58750 copies, 7343.75 GB, avg 15.69 GB/s
  [468.5s] 58800 copies, 7350.00 GB, avg 15.69 GB/s
  [468.9s] 58850 copies, 7356.25 GB, avg 15.69 GB/s
  [469.4s] 58900 copies, 7362.50 GB, avg 15.69 GB/s
  [469.7s] 58950 copies, 7368.75 GB, avg 15.69 GB/s
  [470.2s] 59000 copies, 7375.00 GB, avg 15.69 GB/s
  [470.6s] 59050 copies, 7381.25 GB, avg 15.69 GB/s
  [471.1s] 59100 copies, 7387.50 GB, avg 15.68 GB/s
  [471.5s] 59150 copies, 7393.75 GB, avg 15.68 GB/s
  [471.9s] 59200 copies, 7400.00 GB, avg 15.68 GB/s
  [472.3s] 59250 copies, 7406.25 GB, avg 15.68 GB/s
  [472.7s] 59300 copies, 7412.50 GB, avg 15.68 GB/s
  [473.1s] 59350 copies, 7418.75 GB, avg 15.68 GB/s
  [473.5s] 59400 copies, 7425.00 GB, avg 15.68 GB/s
  [473.9s] 59450 copies, 7431.25 GB, avg 15.68 GB/s
  [474.3s] 59500 copies, 7437.50 GB, avg 15.68 GB/s
  [474.8s] 59550 copies, 7443.75 GB, avg 15.68 GB/s
  [475.1s] 59600 copies, 7450.00 GB, avg 15.68 GB/s
  [475.6s] 59650 copies, 7456.25 GB, avg 15.68 GB/s
  [476.1s] 59700 copies, 7462.50 GB, avg 15.67 GB/s
  [476.5s] 59750 copies, 7468.75 GB, avg 15.67 GB/s
  [476.9s] 59800 copies, 7475.00 GB, avg 15.67 GB/s
  [477.3s] 59850 copies, 7481.25 GB, avg 15.67 GB/s
  [477.7s] 59900 copies, 7487.50 GB, avg 15.67 GB/s
  [478.1s] 59950 copies, 7493.75 GB, avg 15.67 GB/s
  [478.6s] 60000 copies, 7500.00 GB, avg 15.67 GB/s
  [478.9s] 60050 copies, 7506.25 GB, avg 15.67 GB/s
  [479.4s] 60100 copies, 7512.50 GB, avg 15.67 GB/s
  [479.8s] 60150 copies, 7518.75 GB, avg 15.67 GB/s
  [480.2s] 60200 copies, 7525.00 GB, avg 15.67 GB/s
  [480.6s] 60250 copies, 7531.25 GB, avg 15.67 GB/s
  [481.0s] 60300 copies, 7537.50 GB, avg 15.67 GB/s
  [481.4s] 60350 copies, 7543.75 GB, avg 15.67 GB/s
  [481.8s] 60400 copies, 7550.00 GB, avg 15.67 GB/s
  [482.2s] 60450 copies, 7556.25 GB, avg 15.67 GB/s
  [482.6s] 60500 copies, 7562.50 GB, avg 15.67 GB/s
  [483.0s] 60550 copies, 7568.75 GB, avg 15.67 GB/s
  [483.4s] 60600 copies, 7575.00 GB, avg 15.67 GB/s
  [483.8s] 60650 copies, 7581.25 GB, avg 15.67 GB/s
  [484.2s] 60700 copies, 7587.50 GB, avg 15.67 GB/s
  [484.6s] 60750 copies, 7593.75 GB, avg 15.67 GB/s
  [485.0s] 60800 copies, 7600.00 GB, avg 15.67 GB/s
  [485.4s] 60850 copies, 7606.25 GB, avg 15.67 GB/s
  [485.8s] 60900 copies, 7612.50 GB, avg 15.67 GB/s
  [486.2s] 60950 copies, 7618.75 GB, avg 15.67 GB/s
  [486.6s] 61000 copies, 7625.00 GB, avg 15.67 GB/s
  [487.0s] 61050 copies, 7631.25 GB, avg 15.67 GB/s
  [487.5s] 61100 copies, 7637.50 GB, avg 15.67 GB/s
  [487.9s] 61150 copies, 7643.75 GB, avg 15.67 GB/s
  [488.3s] 61200 copies, 7650.00 GB, avg 15.67 GB/s
  [488.7s] 61250 copies, 7656.25 GB, avg 15.67 GB/s
  [489.1s] 61300 copies, 7662.50 GB, avg 15.67 GB/s
  [489.5s] 61350 copies, 7668.75 GB, avg 15.67 GB/s
  [489.9s] 61400 copies, 7675.00 GB, avg 15.67 GB/s
  [490.3s] 61450 copies, 7681.25 GB, avg 15.67 GB/s
  [490.7s] 61500 copies, 7687.50 GB, avg 15.67 GB/s
  [491.1s] 61550 copies, 7693.75 GB, avg 15.67 GB/s
  [491.5s] 61600 copies, 7700.00 GB, avg 15.67 GB/s
  [491.9s] 61650 copies, 7706.25 GB, avg 15.67 GB/s
  [492.4s] 61700 copies, 7712.50 GB, avg 15.66 GB/s
  [492.8s] 61750 copies, 7718.75 GB, avg 15.66 GB/s
  [493.2s] 61800 copies, 7725.00 GB, avg 15.66 GB/s
  [493.6s] 61850 copies, 7731.25 GB, avg 15.66 GB/s
  [494.0s] 61900 copies, 7737.50 GB, avg 15.66 GB/s
  [494.4s] 61950 copies, 7743.75 GB, avg 15.66 GB/s
  [494.8s] 62000 copies, 7750.00 GB, avg 15.66 GB/s
  [495.2s] 62050 copies, 7756.25 GB, avg 15.66 GB/s
  [495.6s] 62100 copies, 7762.50 GB, avg 15.66 GB/s
  [496.0s] 62150 copies, 7768.75 GB, avg 15.66 GB/s
  [496.4s] 62200 copies, 7775.00 GB, avg 15.66 GB/s
  [496.8s] 62250 copies, 7781.25 GB, avg 15.66 GB/s
  [497.2s] 62300 copies, 7787.50 GB, avg 15.66 GB/s
  [497.6s] 62350 copies, 7793.75 GB, avg 15.66 GB/s
  [498.0s] 62400 copies, 7800.00 GB, avg 15.66 GB/s
  [498.5s] 62450 copies, 7806.25 GB, avg 15.66 GB/s
  [498.9s] 62500 copies, 7812.50 GB, avg 15.66 GB/s
  [499.3s] 62550 copies, 7818.75 GB, avg 15.66 GB/s
  [499.7s] 62600 copies, 7825.00 GB, avg 15.66 GB/s
  [500.1s] 62650 copies, 7831.25 GB, avg 15.66 GB/s
  [500.5s] 62700 copies, 7837.50 GB, avg 15.66 GB/s
  [500.9s] 62750 copies, 7843.75 GB, avg 15.66 GB/s
  [501.4s] 62800 copies, 7850.00 GB, avg 15.66 GB/s
  [501.7s] 62850 copies, 7856.25 GB, avg 15.66 GB/s
  [502.2s] 62900 copies, 7862.50 GB, avg 15.66 GB/s
  [502.6s] 62950 copies, 7868.75 GB, avg 15.66 GB/s
  [503.0s] 63000 copies, 7875.00 GB, avg 15.66 GB/s
  [503.4s] 63050 copies, 7881.25 GB, avg 15.66 GB/s
  [503.8s] 63100 copies, 7887.50 GB, avg 15.66 GB/s
  [504.2s] 63150 copies, 7893.75 GB, avg 15.66 GB/s
  [504.6s] 63200 copies, 7900.00 GB, avg 15.65 GB/s
  [505.0s] 63250 copies, 7906.25 GB, avg 15.66 GB/s
  [505.5s] 63300 copies, 7912.50 GB, avg 15.65 GB/s
  [505.9s] 63350 copies, 7918.75 GB, avg 15.65 GB/s
  [506.3s] 63400 copies, 7925.00 GB, avg 15.65 GB/s
  [506.7s] 63450 copies, 7931.25 GB, avg 15.65 GB/s
  [507.1s] 63500 copies, 7937.50 GB, avg 15.65 GB/s
  [507.6s] 63550 copies, 7943.75 GB, avg 15.65 GB/s
  [508.0s] 63600 copies, 7950.00 GB, avg 15.65 GB/s
  [508.4s] 63650 copies, 7956.25 GB, avg 15.65 GB/s
  [508.8s] 63700 copies, 7962.50 GB, avg 15.65 GB/s
  [509.2s] 63750 copies, 7968.75 GB, avg 15.65 GB/s
  [509.6s] 63800 copies, 7975.00 GB, avg 15.65 GB/s
  [510.0s] 63850 copies, 7981.25 GB, avg 15.65 GB/s
  [510.4s] 63900 copies, 7987.50 GB, avg 15.65 GB/s
  [510.9s] 63950 copies, 7993.75 GB, avg 15.65 GB/s
  [511.3s] 64000 copies, 8000.00 GB, avg 15.65 GB/s
  [511.7s] 64050 copies, 8006.25 GB, avg 15.65 GB/s
  [512.1s] 64100 copies, 8012.50 GB, avg 15.65 GB/s
  [512.5s] 64150 copies, 8018.75 GB, avg 15.65 GB/s
  [512.9s] 64200 copies, 8025.00 GB, avg 15.65 GB/s
  [513.3s] 64250 copies, 8031.25 GB, avg 15.65 GB/s
  [513.7s] 64300 copies, 8037.50 GB, avg 15.65 GB/s
  [514.1s] 64350 copies, 8043.75 GB, avg 15.65 GB/s
  [514.5s] 64400 copies, 8050.00 GB, avg 15.65 GB/s
  [514.9s] 64450 copies, 8056.25 GB, avg 15.65 GB/s
  [515.4s] 64500 copies, 8062.50 GB, avg 15.64 GB/s
  [515.8s] 64550 copies, 8068.75 GB, avg 15.64 GB/s
  [516.2s] 64600 copies, 8075.00 GB, avg 15.64 GB/s
  [516.6s] 64650 copies, 8081.25 GB, avg 15.64 GB/s
  [517.0s] 64700 copies, 8087.50 GB, avg 15.64 GB/s
  [517.4s] 64750 copies, 8093.75 GB, avg 15.64 GB/s
  [517.8s] 64800 copies, 8100.00 GB, avg 15.64 GB/s
  [518.2s] 64850 copies, 8106.25 GB, avg 15.64 GB/s
  [518.6s] 64900 copies, 8112.50 GB, avg 15.64 GB/s
  [519.1s] 64950 copies, 8118.75 GB, avg 15.64 GB/s
  [519.5s] 65000 copies, 8125.00 GB, avg 15.64 GB/s
  [519.9s] 65050 copies, 8131.25 GB, avg 15.64 GB/s
  [520.3s] 65100 copies, 8137.50 GB, avg 15.64 GB/s
  [520.7s] 65150 copies, 8143.75 GB, avg 15.64 GB/s
  [521.1s] 65200 copies, 8150.00 GB, avg 15.64 GB/s
  [521.5s] 65250 copies, 8156.25 GB, avg 15.64 GB/s
  [521.9s] 65300 copies, 8162.50 GB, avg 15.64 GB/s
  [522.4s] 65350 copies, 8168.75 GB, avg 15.64 GB/s
  [522.7s] 65400 copies, 8175.00 GB, avg 15.64 GB/s
  [523.2s] 65450 copies, 8181.25 GB, avg 15.64 GB/s
  [523.5s] 65500 copies, 8187.50 GB, avg 15.64 GB/s
  [524.0s] 65550 copies, 8193.75 GB, avg 15.64 GB/s
  [524.4s] 65600 copies, 8200.00 GB, avg 15.64 GB/s
  [524.8s] 65650 copies, 8206.25 GB, avg 15.64 GB/s
  [525.2s] 65700 copies, 8212.50 GB, avg 15.64 GB/s
  [525.6s] 65750 copies, 8218.75 GB, avg 15.64 GB/s
  [526.0s] 65800 copies, 8225.00 GB, avg 15.64 GB/s
  [526.4s] 65850 copies, 8231.25 GB, avg 15.64 GB/s
  [526.8s] 65900 copies, 8237.50 GB, avg 15.64 GB/s
  [527.2s] 65950 copies, 8243.75 GB, avg 15.64 GB/s
  [527.6s] 66000 copies, 8250.00 GB, avg 15.64 GB/s
  [528.0s] 66050 copies, 8256.25 GB, avg 15.64 GB/s
  [528.4s] 66100 copies, 8262.50 GB, avg 15.64 GB/s
  [528.8s] 66150 copies, 8268.75 GB, avg 15.64 GB/s
  [529.2s] 66200 copies, 8275.00 GB, avg 15.64 GB/s
  [529.6s] 66250 copies, 8281.25 GB, avg 15.64 GB/s
  [530.0s] 66300 copies, 8287.50 GB, avg 15.64 GB/s
  [530.4s] 66350 copies, 8293.75 GB, avg 15.64 GB/s
  [530.9s] 66400 copies, 8300.00 GB, avg 15.63 GB/s
  [531.3s] 66450 copies, 8306.25 GB, avg 15.64 GB/s
  [531.7s] 66500 copies, 8312.50 GB, avg 15.63 GB/s
  [532.1s] 66550 copies, 8318.75 GB, avg 15.63 GB/s
  [532.5s] 66600 copies, 8325.00 GB, avg 15.63 GB/s
  [532.9s] 66650 copies, 8331.25 GB, avg 15.63 GB/s
  [533.3s] 66700 copies, 8337.50 GB, avg 15.63 GB/s
  [533.7s] 66750 copies, 8343.75 GB, avg 15.63 GB/s
  [534.1s] 66800 copies, 8350.00 GB, avg 15.63 GB/s
  [534.5s] 66850 copies, 8356.25 GB, avg 15.63 GB/s
  [534.9s] 66900 copies, 8362.50 GB, avg 15.63 GB/s
  [535.3s] 66950 copies, 8368.75 GB, avg 15.63 GB/s
  [535.7s] 67000 copies, 8375.00 GB, avg 15.63 GB/s
  [536.1s] 67050 copies, 8381.25 GB, avg 15.63 GB/s
  [536.6s] 67100 copies, 8387.50 GB, avg 15.63 GB/s
  [536.9s] 67150 copies, 8393.75 GB, avg 15.63 GB/s
  [537.4s] 67200 copies, 8400.00 GB, avg 15.63 GB/s
  [537.8s] 67250 copies, 8406.25 GB, avg 15.63 GB/s
  [538.2s] 67300 copies, 8412.50 GB, avg 15.63 GB/s
  [538.6s] 67350 copies, 8418.75 GB, avg 15.63 GB/s
  [539.0s] 67400 copies, 8425.00 GB, avg 15.63 GB/s
  [539.4s] 67450 copies, 8431.25 GB, avg 15.63 GB/s
  [539.8s] 67500 copies, 8437.50 GB, avg 15.63 GB/s
  [540.2s] 67550 copies, 8443.75 GB, avg 15.63 GB/s
  [540.6s] 67600 copies, 8450.00 GB, avg 15.63 GB/s
  [541.0s] 67650 copies, 8456.25 GB, avg 15.63 GB/s
  [541.4s] 67700 copies, 8462.50 GB, avg 15.63 GB/s
  [541.8s] 67750 copies, 8468.75 GB, avg 15.63 GB/s
  [542.2s] 67800 copies, 8475.00 GB, avg 15.63 GB/s
  [542.7s] 67850 copies, 8481.25 GB, avg 15.63 GB/s
  [543.0s] 67900 copies, 8487.50 GB, avg 15.63 GB/s
  [543.5s] 67950 copies, 8493.75 GB, avg 15.63 GB/s
  [543.9s] 68000 copies, 8500.00 GB, avg 15.63 GB/s
  [544.3s] 68050 copies, 8506.25 GB, avg 15.63 GB/s
  [544.7s] 68100 copies, 8512.50 GB, avg 15.63 GB/s
  [545.1s] 68150 copies, 8518.75 GB, avg 15.63 GB/s
  [545.5s] 68200 copies, 8525.00 GB, avg 15.63 GB/s
  [545.9s] 68250 copies, 8531.25 GB, avg 15.63 GB/s
  [546.3s] 68300 copies, 8537.50 GB, avg 15.63 GB/s
  [546.7s] 68350 copies, 8543.75 GB, avg 15.63 GB/s
  [547.1s] 68400 copies, 8550.00 GB, avg 15.63 GB/s
  [547.5s] 68450 copies, 8556.25 GB, avg 15.63 GB/s
  [547.9s] 68500 copies, 8562.50 GB, avg 15.63 GB/s
  [548.3s] 68550 copies, 8568.75 GB, avg 15.63 GB/s
  [548.7s] 68600 copies, 8575.00 GB, avg 15.63 GB/s
  [549.2s] 68650 copies, 8581.25 GB, avg 15.63 GB/s
  [549.5s] 68700 copies, 8587.50 GB, avg 15.63 GB/s
  [550.0s] 68750 copies, 8593.75 GB, avg 15.63 GB/s
  [550.3s] 68800 copies, 8600.00 GB, avg 15.63 GB/s
  [550.8s] 68850 copies, 8606.25 GB, avg 15.63 GB/s
  [551.2s] 68900 copies, 8612.50 GB, avg 15.63 GB/s
  [551.6s] 68950 copies, 8618.75 GB, avg 15.63 GB/s
  [552.0s] 69000 copies, 8625.00 GB, avg 15.63 GB/s
  [552.4s] 69050 copies, 8631.25 GB, avg 15.63 GB/s
  [552.8s] 69100 copies, 8637.50 GB, avg 15.62 GB/s
  [553.2s] 69150 copies, 8643.75 GB, avg 15.63 GB/s
  [553.6s] 69200 copies, 8650.00 GB, avg 15.62 GB/s
  [554.0s] 69250 copies, 8656.25 GB, avg 15.62 GB/s
  [554.4s] 69300 copies, 8662.50 GB, avg 15.62 GB/s
  [554.8s] 69350 copies, 8668.75 GB, avg 15.62 GB/s
  [555.2s] 69400 copies, 8675.00 GB, avg 15.62 GB/s
  [555.6s] 69450 copies, 8681.25 GB, avg 15.62 GB/s
  [556.1s] 69500 copies, 8687.50 GB, avg 15.62 GB/s
  [556.4s] 69550 copies, 8693.75 GB, avg 15.62 GB/s
  [556.9s] 69600 copies, 8700.00 GB, avg 15.62 GB/s
  [557.3s] 69650 copies, 8706.25 GB, avg 15.62 GB/s
  [557.7s] 69700 copies, 8712.50 GB, avg 15.62 GB/s
  [558.1s] 69750 copies, 8718.75 GB, avg 15.62 GB/s
  [558.5s] 69800 copies, 8725.00 GB, avg 15.62 GB/s
  [558.9s] 69850 copies, 8731.25 GB, avg 15.62 GB/s
  [559.3s] 69900 copies, 8737.50 GB, avg 15.62 GB/s
  [559.7s] 69950 copies, 8743.75 GB, avg 15.62 GB/s
  [560.1s] 70000 copies, 8750.00 GB, avg 15.62 GB/s
  [560.5s] 70050 copies, 8756.25 GB, avg 15.62 GB/s
  [560.9s] 70100 copies, 8762.50 GB, avg 15.62 GB/s
  [561.3s] 70150 copies, 8768.75 GB, avg 15.62 GB/s
  [561.7s] 70200 copies, 8775.00 GB, avg 15.62 GB/s
  [562.1s] 70250 copies, 8781.25 GB, avg 15.62 GB/s
  [562.5s] 70300 copies, 8787.50 GB, avg 15.62 GB/s
  [562.9s] 70350 copies, 8793.75 GB, avg 15.62 GB/s
  [563.3s] 70400 copies, 8800.00 GB, avg 15.62 GB/s
  [563.8s] 70450 copies, 8806.25 GB, avg 15.62 GB/s
  [564.2s] 70500 copies, 8812.50 GB, avg 15.62 GB/s
  [564.6s] 70550 copies, 8818.75 GB, avg 15.62 GB/s
  [565.0s] 70600 copies, 8825.00 GB, avg 15.62 GB/s
  [565.4s] 70650 copies, 8831.25 GB, avg 15.62 GB/s
  [565.8s] 70700 copies, 8837.50 GB, avg 15.62 GB/s
  [566.2s] 70750 copies, 8843.75 GB, avg 15.62 GB/s
  [566.6s] 70800 copies, 8850.00 GB, avg 15.62 GB/s
  [567.0s] 70850 copies, 8856.25 GB, avg 15.62 GB/s
  [567.4s] 70900 copies, 8862.50 GB, avg 15.62 GB/s
  [567.8s] 70950 copies, 8868.75 GB, avg 15.62 GB/s
  [568.2s] 71000 copies, 8875.00 GB, avg 15.62 GB/s
  [568.6s] 71050 copies, 8881.25 GB, avg 15.62 GB/s
  [569.0s] 71100 copies, 8887.50 GB, avg 15.62 GB/s
  [569.5s] 71150 copies, 8893.75 GB, avg 15.62 GB/s
  [569.8s] 71200 copies, 8900.00 GB, avg 15.62 GB/s
  [570.3s] 71250 copies, 8906.25 GB, avg 15.62 GB/s
  [570.7s] 71300 copies, 8912.50 GB, avg 15.62 GB/s
  [571.1s] 71350 copies, 8918.75 GB, avg 15.62 GB/s
  [571.5s] 71400 copies, 8925.00 GB, avg 15.62 GB/s
  [571.9s] 71450 copies, 8931.25 GB, avg 15.62 GB/s
  [572.3s] 71500 copies, 8937.50 GB, avg 15.62 GB/s
  [572.7s] 71550 copies, 8943.75 GB, avg 15.62 GB/s
  [573.1s] 71600 copies, 8950.00 GB, avg 15.62 GB/s
  [573.5s] 71650 copies, 8956.25 GB, avg 15.62 GB/s
  [573.9s] 71700 copies, 8962.50 GB, avg 15.62 GB/s
  [574.3s] 71750 copies, 8968.75 GB, avg 15.62 GB/s
  [574.7s] 71800 copies, 8975.00 GB, avg 15.62 GB/s
  [575.1s] 71850 copies, 8981.25 GB, avg 15.62 GB/s
  [575.6s] 71900 copies, 8987.50 GB, avg 15.61 GB/s
  [576.0s] 71950 copies, 8993.75 GB, avg 15.62 GB/s
  [576.4s] 72000 copies, 9000.00 GB, avg 15.61 GB/s
  [576.8s] 72050 copies, 9006.25 GB, avg 15.62 GB/s
  [577.2s] 72100 copies, 9012.50 GB, avg 15.61 GB/s
  [577.6s] 72150 copies, 9018.75 GB, avg 15.61 GB/s
  [578.0s] 72200 copies, 9025.00 GB, avg 15.61 GB/s
  [578.4s] 72250 copies, 9031.25 GB, avg 15.61 GB/s
  [578.8s] 72300 copies, 9037.50 GB, avg 15.61 GB/s
  [579.2s] 72350 copies, 9043.75 GB, avg 15.61 GB/s
  [579.6s] 72400 copies, 9050.00 GB, avg 15.61 GB/s
  [580.0s] 72450 copies, 9056.25 GB, avg 15.61 GB/s
  [580.4s] 72500 copies, 9062.50 GB, avg 15.61 GB/s
  [580.8s] 72550 copies, 9068.75 GB, avg 15.61 GB/s
  [581.2s] 72600 copies, 9075.00 GB, avg 15.61 GB/s
  [581.6s] 72650 copies, 9081.25 GB, avg 15.61 GB/s
  [582.1s] 72700 copies, 9087.50 GB, avg 15.61 GB/s
  [582.4s] 72750 copies, 9093.75 GB, avg 15.61 GB/s
  [582.9s] 72800 copies, 9100.00 GB, avg 15.61 GB/s
  [583.2s] 72850 copies, 9106.25 GB, avg 15.61 GB/s
  [583.7s] 72900 copies, 9112.50 GB, avg 15.61 GB/s
  [584.1s] 72950 copies, 9118.75 GB, avg 15.61 GB/s
  [584.5s] 73000 copies, 9125.00 GB, avg 15.61 GB/s
  [584.9s] 73050 copies, 9131.25 GB, avg 15.61 GB/s
  [585.3s] 73100 copies, 9137.50 GB, avg 15.61 GB/s
  [585.7s] 73150 copies, 9143.75 GB, avg 15.61 GB/s
  [586.1s] 73200 copies, 9150.00 GB, avg 15.61 GB/s
  [586.5s] 73250 copies, 9156.25 GB, avg 15.61 GB/s
  [586.9s] 73300 copies, 9162.50 GB, avg 15.61 GB/s
  [587.3s] 73350 copies, 9168.75 GB, avg 15.61 GB/s
  [587.7s] 73400 copies, 9175.00 GB, avg 15.61 GB/s
  [588.1s] 73450 copies, 9181.25 GB, avg 15.61 GB/s
  [588.5s] 73500 copies, 9187.50 GB, avg 15.61 GB/s
  [588.9s] 73550 copies, 9193.75 GB, avg 15.61 GB/s
  [589.3s] 73600 copies, 9200.00 GB, avg 15.61 GB/s
  [589.7s] 73650 copies, 9206.25 GB, avg 15.61 GB/s
  [590.1s] 73700 copies, 9212.50 GB, avg 15.61 GB/s
  [590.6s] 73750 copies, 9218.75 GB, avg 15.61 GB/s
  [590.9s] 73800 copies, 9225.00 GB, avg 15.61 GB/s
  [591.4s] 73850 copies, 9231.25 GB, avg 15.61 GB/s
  [591.8s] 73900 copies, 9237.50 GB, avg 15.61 GB/s
  [592.2s] 73950 copies, 9243.75 GB, avg 15.61 GB/s
  [592.6s] 74000 copies, 9250.00 GB, avg 15.61 GB/s
  [593.0s] 74050 copies, 9256.25 GB, avg 15.61 GB/s
  [593.4s] 74100 copies, 9262.50 GB, avg 15.61 GB/s
  [593.8s] 74150 copies, 9268.75 GB, avg 15.61 GB/s
  [594.2s] 74200 copies, 9275.00 GB, avg 15.61 GB/s
  [594.6s] 74250 copies, 9281.25 GB, avg 15.61 GB/s
  [595.0s] 74300 copies, 9287.50 GB, avg 15.61 GB/s
  [595.4s] 74350 copies, 9293.75 GB, avg 15.61 GB/s
  [595.8s] 74400 copies, 9300.00 GB, avg 15.61 GB/s
  [596.2s] 74450 copies, 9306.25 GB, avg 15.61 GB/s
  [596.6s] 74500 copies, 9312.50 GB, avg 15.61 GB/s
  [597.0s] 74550 copies, 9318.75 GB, avg 15.61 GB/s
  [597.4s] 74600 copies, 9325.00 GB, avg 15.61 GB/s
  [597.8s] 74650 copies, 9331.25 GB, avg 15.61 GB/s
  [598.2s] 74700 copies, 9337.50 GB, avg 15.61 GB/s
  [598.6s] 74750 copies, 9343.75 GB, avg 15.61 GB/s
  [599.0s] 74800 copies, 9350.00 GB, avg 15.61 GB/s
  [599.4s] 74850 copies, 9356.25 GB, avg 15.61 GB/s
  [599.8s] 74900 copies, 9362.50 GB, avg 15.61 GB/s

已达到持续时间 600 秒，停止注入

============================================================
带宽竞争注入统计
============================================================
  总 memcpy 次数: 74920
  总传输数据: 9365.00 GB
============================================================
✓ ProbeExecutor 已关闭
[Fri Jun 12 16:14:58 CST 2026] 第1次注入结束
[Fri Jun 12 16:14:58 CST 2026] 恢复正常 20 分钟...
[Fri Jun 12 16:14:58 CST 2026] === 第2次注入: 极限竞争 (1ms, 10min, BOTH) ===
✓ ProbeExecutor 初始化成功 (设备 0)
  Buffer 大小: 128 MB (probe_bandwidth 固定)
  间隔: 1 ms
  方向: BOTH

============================================================
带宽竞争注入器启动 (基于 ProbeExecutor)
  按 Ctrl+C 停止
============================================================
  [0.4s] 50 copies, 6.25 GB, avg 14.92 GB/s
  [0.8s] 100 copies, 12.50 GB, avg 15.60 GB/s
  [1.2s] 150 copies, 18.75 GB, avg 15.27 GB/s
  [1.6s] 200 copies, 25.00 GB, avg 15.57 GB/s
  [2.0s] 250 copies, 31.25 GB, avg 15.38 GB/s
  [2.4s] 300 copies, 37.50 GB, avg 15.57 GB/s
  [2.8s] 350 copies, 43.75 GB, avg 15.46 GB/s
  [3.2s] 400 copies, 50.00 GB, avg 15.56 GB/s
  [3.6s] 450 copies, 56.25 GB, avg 15.47 GB/s
  [4.0s] 500 copies, 62.50 GB, avg 15.56 GB/s
  [4.5s] 550 copies, 68.75 GB, avg 15.41 GB/s
  [4.8s] 600 copies, 75.00 GB, avg 15.50 GB/s
  [5.3s] 650 copies, 81.25 GB, avg 15.45 GB/s
  [5.6s] 700 copies, 87.50 GB, avg 15.52 GB/s
  [6.1s] 750 copies, 93.75 GB, avg 15.47 GB/s
  [6.5s] 800 copies, 100.00 GB, avg 15.49 GB/s
  [6.9s] 850 copies, 106.25 GB, avg 15.44 GB/s
  [7.3s] 900 copies, 112.50 GB, avg 15.50 GB/s
  [7.7s] 950 copies, 118.75 GB, avg 15.46 GB/s
  [8.1s] 1000 copies, 125.00 GB, avg 15.51 GB/s
  [8.5s] 1050 copies, 131.25 GB, avg 15.45 GB/s
  [8.9s] 1100 copies, 137.50 GB, avg 15.48 GB/s
  [9.3s] 1150 copies, 143.75 GB, avg 15.47 GB/s
  [9.7s] 1200 copies, 150.00 GB, avg 15.49 GB/s
  [10.1s] 1250 copies, 156.25 GB, avg 15.46 GB/s
  [10.5s] 1300 copies, 162.50 GB, avg 15.47 GB/s
  [10.9s] 1350 copies, 168.75 GB, avg 15.46 GB/s
  [11.3s] 1400 copies, 175.00 GB, avg 15.48 GB/s
  [11.7s] 1450 copies, 181.25 GB, avg 15.47 GB/s
  [12.1s] 1500 copies, 187.50 GB, avg 15.47 GB/s
  [12.5s] 1550 copies, 193.75 GB, avg 15.47 GB/s
  [12.9s] 1600 copies, 200.00 GB, avg 15.48 GB/s
  [13.3s] 1650 copies, 206.25 GB, avg 15.48 GB/s
  [13.7s] 1700 copies, 212.50 GB, avg 15.46 GB/s
  [14.1s] 1750 copies, 218.75 GB, avg 15.47 GB/s
  [14.6s] 1800 copies, 225.00 GB, avg 15.46 GB/s
  [14.9s] 1850 copies, 231.25 GB, avg 15.47 GB/s
  [15.4s] 1900 copies, 237.50 GB, avg 15.46 GB/s
  [15.8s] 1950 copies, 243.75 GB, avg 15.45 GB/s
  [16.2s] 2000 copies, 250.00 GB, avg 15.43 GB/s
  [16.6s] 2050 copies, 256.25 GB, avg 15.45 GB/s
  [17.0s] 2100 copies, 262.50 GB, avg 15.44 GB/s
  [17.4s] 2150 copies, 268.75 GB, avg 15.46 GB/s
  [17.8s] 2200 copies, 275.00 GB, avg 15.44 GB/s
  [18.2s] 2250 copies, 281.25 GB, avg 15.46 GB/s
  [18.6s] 2300 copies, 287.50 GB, avg 15.45 GB/s
  [19.0s] 2350 copies, 293.75 GB, avg 15.45 GB/s
  [19.4s] 2400 copies, 300.00 GB, avg 15.44 GB/s
  [19.8s] 2450 copies, 306.25 GB, avg 15.46 GB/s
  [20.3s] 2500 copies, 312.50 GB, avg 15.43 GB/s
  [20.6s] 2550 copies, 318.75 GB, avg 15.44 GB/s
  [21.1s] 2600 copies, 325.00 GB, avg 15.43 GB/s
  [21.4s] 2650 copies, 331.25 GB, avg 15.45 GB/s
  [21.9s] 2700 copies, 337.50 GB, avg 15.44 GB/s
  [22.3s] 2750 copies, 343.75 GB, avg 15.43 GB/s
  [22.7s] 2800 copies, 350.00 GB, avg 15.42 GB/s
  [23.1s] 2850 copies, 356.25 GB, avg 15.43 GB/s
  [23.5s] 2900 copies, 362.50 GB, avg 15.43 GB/s
  [23.9s] 2950 copies, 368.75 GB, avg 15.43 GB/s
  [24.3s] 3000 copies, 375.00 GB, avg 15.44 GB/s
  [24.7s] 3050 copies, 381.25 GB, avg 15.43 GB/s
  [25.1s] 3100 copies, 387.50 GB, avg 15.44 GB/s
  [25.5s] 3150 copies, 393.75 GB, avg 15.42 GB/s
  [25.9s] 3200 copies, 400.00 GB, avg 15.43 GB/s
  [26.4s] 3250 copies, 406.25 GB, avg 15.41 GB/s
  [26.7s] 3300 copies, 412.50 GB, avg 15.42 GB/s
  [27.2s] 3350 copies, 418.75 GB, avg 15.41 GB/s
  [27.6s] 3400 copies, 425.00 GB, avg 15.42 GB/s
  [28.0s] 3450 copies, 431.25 GB, avg 15.41 GB/s
  [28.4s] 3500 copies, 437.50 GB, avg 15.43 GB/s
  [28.8s] 3550 copies, 443.75 GB, avg 15.41 GB/s
  [29.2s] 3600 copies, 450.00 GB, avg 15.42 GB/s
  [29.6s] 3650 copies, 456.25 GB, avg 15.41 GB/s
  [30.0s] 3700 copies, 462.50 GB, avg 15.43 GB/s
  [30.4s] 3750 copies, 468.75 GB, avg 15.42 GB/s
  [30.8s] 3800 copies, 475.00 GB, avg 15.43 GB/s
  [31.2s] 3850 copies, 481.25 GB, avg 15.42 GB/s
  [31.6s] 3900 copies, 487.50 GB, avg 15.44 GB/s
  [32.0s] 3950 copies, 493.75 GB, avg 15.43 GB/s
  [32.4s] 4000 copies, 500.00 GB, avg 15.44 GB/s
  [32.8s] 4050 copies, 506.25 GB, avg 15.43 GB/s
  [33.2s] 4100 copies, 512.50 GB, avg 15.45 GB/s
  [33.6s] 4150 copies, 518.75 GB, avg 15.43 GB/s
  [34.0s] 4200 copies, 525.00 GB, avg 15.44 GB/s
  [34.4s] 4250 copies, 531.25 GB, avg 15.43 GB/s
  [34.8s] 4300 copies, 537.50 GB, avg 15.43 GB/s
  [35.2s] 4350 copies, 543.75 GB, avg 15.43 GB/s
  [35.6s] 4400 copies, 550.00 GB, avg 15.44 GB/s
  [36.1s] 4450 copies, 556.25 GB, avg 15.43 GB/s
  [36.4s] 4500 copies, 562.50 GB, avg 15.44 GB/s
  [36.9s] 4550 copies, 568.75 GB, avg 15.43 GB/s
  [37.3s] 4600 copies, 575.00 GB, avg 15.43 GB/s
  [37.7s] 4650 copies, 581.25 GB, avg 15.43 GB/s
  [38.1s] 4700 copies, 587.50 GB, avg 15.43 GB/s
  [38.5s] 4750 copies, 593.75 GB, avg 15.44 GB/s
  [38.9s] 4800 copies, 600.00 GB, avg 15.43 GB/s
  [39.3s] 4850 copies, 606.25 GB, avg 15.44 GB/s
  [39.7s] 4900 copies, 612.50 GB, avg 15.43 GB/s
  [40.1s] 4950 copies, 618.75 GB, avg 15.44 GB/s
  [40.5s] 5000 copies, 625.00 GB, avg 15.44 GB/s
  [40.9s] 5050 copies, 631.25 GB, avg 15.45 GB/s
  [41.3s] 5100 copies, 637.50 GB, avg 15.43 GB/s
  [41.7s] 5150 copies, 643.75 GB, avg 15.44 GB/s
  [42.1s] 5200 copies, 650.00 GB, avg 15.43 GB/s
  [42.5s] 5250 copies, 656.25 GB, avg 15.44 GB/s
  [42.9s] 5300 copies, 662.50 GB, avg 15.43 GB/s
  [43.3s] 5350 copies, 668.75 GB, avg 15.44 GB/s
  [43.7s] 5400 copies, 675.00 GB, avg 15.44 GB/s
  [44.1s] 5450 copies, 681.25 GB, avg 15.45 GB/s
  [44.5s] 5500 copies, 687.50 GB, avg 15.44 GB/s
  [44.9s] 5550 copies, 693.75 GB, avg 15.45 GB/s
  [45.3s] 5600 copies, 700.00 GB, avg 15.44 GB/s
  [45.7s] 5650 copies, 706.25 GB, avg 15.45 GB/s
  [46.1s] 5700 copies, 712.50 GB, avg 15.44 GB/s
  [46.5s] 5750 copies, 718.75 GB, avg 15.45 GB/s
  [46.9s] 5800 copies, 725.00 GB, avg 15.44 GB/s
  [47.3s] 5850 copies, 731.25 GB, avg 15.45 GB/s
  [47.8s] 5900 copies, 737.50 GB, avg 15.44 GB/s
  [48.1s] 5950 copies, 743.75 GB, avg 15.45 GB/s
  [48.6s] 6000 copies, 750.00 GB, avg 15.45 GB/s
  [48.9s] 6050 copies, 756.25 GB, avg 15.45 GB/s
  [49.4s] 6100 copies, 762.50 GB, avg 15.45 GB/s
  [49.8s] 6150 copies, 768.75 GB, avg 15.45 GB/s
  [50.2s] 6200 copies, 775.00 GB, avg 15.45 GB/s
  [50.6s] 6250 copies, 781.25 GB, avg 15.45 GB/s
  [51.0s] 6300 copies, 787.50 GB, avg 15.45 GB/s
  [51.4s] 6350 copies, 793.75 GB, avg 15.46 GB/s
  [51.8s] 6400 copies, 800.00 GB, avg 15.45 GB/s
  [52.2s] 6450 copies, 806.25 GB, avg 15.45 GB/s
  [52.6s] 6500 copies, 812.50 GB, avg 15.46 GB/s
  [53.0s] 6550 copies, 818.75 GB, avg 15.45 GB/s
  [53.4s] 6600 copies, 825.00 GB, avg 15.46 GB/s
  [53.8s] 6650 copies, 831.25 GB, avg 15.44 GB/s
  [54.2s] 6700 copies, 837.50 GB, avg 15.45 GB/s
  [54.6s] 6750 copies, 843.75 GB, avg 15.45 GB/s
  [55.0s] 6800 copies, 850.00 GB, avg 15.45 GB/s
  [55.4s] 6850 copies, 856.25 GB, avg 15.45 GB/s
  [55.8s] 6900 copies, 862.50 GB, avg 15.45 GB/s
  [56.2s] 6950 copies, 868.75 GB, avg 15.45 GB/s
  [56.6s] 7000 copies, 875.00 GB, avg 15.46 GB/s
  [57.1s] 7050 copies, 881.25 GB, avg 15.45 GB/s
  [57.4s] 7100 copies, 887.50 GB, avg 15.45 GB/s
  [57.9s] 7150 copies, 893.75 GB, avg 15.45 GB/s
  [58.2s] 7200 copies, 900.00 GB, avg 15.46 GB/s
  [58.7s] 7250 copies, 906.25 GB, avg 15.45 GB/s
  [59.1s] 7300 copies, 912.50 GB, avg 15.45 GB/s
  [59.5s] 7350 copies, 918.75 GB, avg 15.45 GB/s
  [59.9s] 7400 copies, 925.00 GB, avg 15.45 GB/s
  [60.3s] 7450 copies, 931.25 GB, avg 15.44 GB/s
  [60.7s] 7500 copies, 937.50 GB, avg 15.45 GB/s
  [61.1s] 7550 copies, 943.75 GB, avg 15.44 GB/s
  [61.5s] 7600 copies, 950.00 GB, avg 15.45 GB/s
  [61.9s] 7650 copies, 956.25 GB, avg 15.44 GB/s
  [62.3s] 7700 copies, 962.50 GB, avg 15.44 GB/s
  [62.8s] 7750 copies, 968.75 GB, avg 15.44 GB/s
  [63.1s] 7800 copies, 975.00 GB, avg 15.44 GB/s
  [63.6s] 7850 copies, 981.25 GB, avg 15.44 GB/s
  [63.9s] 7900 copies, 987.50 GB, avg 15.44 GB/s
  [64.4s] 7950 copies, 993.75 GB, avg 15.44 GB/s
  [64.8s] 8000 copies, 1000.00 GB, avg 15.44 GB/s
  [65.2s] 8050 copies, 1006.25 GB, avg 15.44 GB/s
  [65.6s] 8100 copies, 1012.50 GB, avg 15.43 GB/s
  [66.0s] 8150 copies, 1018.75 GB, avg 15.44 GB/s
  [66.4s] 8200 copies, 1025.00 GB, avg 15.43 GB/s
  [66.8s] 8250 copies, 1031.25 GB, avg 15.44 GB/s
  [67.2s] 8300 copies, 1037.50 GB, avg 15.43 GB/s
  [67.6s] 8350 copies, 1043.75 GB, avg 15.44 GB/s
  [68.0s] 8400 copies, 1050.00 GB, avg 15.43 GB/s
  [68.4s] 8450 copies, 1056.25 GB, avg 15.43 GB/s
  [68.9s] 8500 copies, 1062.50 GB, avg 15.43 GB/s
  [69.2s] 8550 copies, 1068.75 GB, avg 15.44 GB/s
  [69.7s] 8600 copies, 1075.00 GB, avg 15.43 GB/s
  [70.1s] 8650 copies, 1081.25 GB, avg 15.44 GB/s
  [70.5s] 8700 copies, 1087.50 GB, avg 15.43 GB/s
  [70.9s] 8750 copies, 1093.75 GB, avg 15.43 GB/s
  [71.3s] 8800 copies, 1100.00 GB, avg 15.43 GB/s
  [71.7s] 8850 copies, 1106.25 GB, avg 15.44 GB/s
  [72.1s] 8900 copies, 1112.50 GB, avg 15.43 GB/s
  [72.5s] 8950 copies, 1118.75 GB, avg 15.44 GB/s
  [72.9s] 9000 copies, 1125.00 GB, avg 15.43 GB/s
  [73.3s] 9050 copies, 1131.25 GB, avg 15.44 GB/s
  [73.7s] 9100 copies, 1137.50 GB, avg 15.44 GB/s
  [74.1s] 9150 copies, 1143.75 GB, avg 15.44 GB/s
  [74.5s] 9200 copies, 1150.00 GB, avg 15.44 GB/s
  [74.9s] 9250 copies, 1156.25 GB, avg 15.44 GB/s
  [75.3s] 9300 copies, 1162.50 GB, avg 15.44 GB/s
  [75.7s] 9350 copies, 1168.75 GB, avg 15.44 GB/s
  [76.1s] 9400 copies, 1175.00 GB, avg 15.44 GB/s
  [76.5s] 9450 copies, 1181.25 GB, avg 15.44 GB/s
  [76.9s] 9500 copies, 1187.50 GB, avg 15.44 GB/s
  [77.3s] 9550 copies, 1193.75 GB, avg 15.44 GB/s
  [77.7s] 9600 copies, 1200.00 GB, avg 15.44 GB/s
  [78.1s] 9650 copies, 1206.25 GB, avg 15.44 GB/s
  [78.5s] 9700 copies, 1212.50 GB, avg 15.44 GB/s
  [79.0s] 9750 copies, 1218.75 GB, avg 15.44 GB/s
  [79.3s] 9800 copies, 1225.00 GB, avg 15.44 GB/s
  [79.8s] 9850 copies, 1231.25 GB, avg 15.44 GB/s
  [80.2s] 9900 copies, 1237.50 GB, avg 15.44 GB/s
  [80.6s] 9950 copies, 1243.75 GB, avg 15.44 GB/s
  [81.0s] 10000 copies, 1250.00 GB, avg 15.44 GB/s
  [81.4s] 10050 copies, 1256.25 GB, avg 15.44 GB/s
  [81.8s] 10100 copies, 1262.50 GB, avg 15.44 GB/s
  [82.2s] 10150 copies, 1268.75 GB, avg 15.44 GB/s
  [82.6s] 10200 copies, 1275.00 GB, avg 15.44 GB/s
  [83.0s] 10250 copies, 1281.25 GB, avg 15.44 GB/s
  [83.4s] 10300 copies, 1287.50 GB, avg 15.44 GB/s
  [83.8s] 10350 copies, 1293.75 GB, avg 15.44 GB/s
  [84.2s] 10400 copies, 1300.00 GB, avg 15.44 GB/s
  [84.6s] 10450 copies, 1306.25 GB, avg 15.44 GB/s
  [85.0s] 10500 copies, 1312.50 GB, avg 15.44 GB/s
  [85.4s] 10550 copies, 1318.75 GB, avg 15.44 GB/s
  [85.8s] 10600 copies, 1325.00 GB, avg 15.44 GB/s
  [86.2s] 10650 copies, 1331.25 GB, avg 15.44 GB/s
  [86.6s] 10700 copies, 1337.50 GB, avg 15.44 GB/s
  [87.0s] 10750 copies, 1343.75 GB, avg 15.44 GB/s
  [87.5s] 10800 copies, 1350.00 GB, avg 15.44 GB/s
  [87.9s] 10850 copies, 1356.25 GB, avg 15.43 GB/s
  [88.3s] 10900 copies, 1362.50 GB, avg 15.44 GB/s
  [88.7s] 10950 copies, 1368.75 GB, avg 15.44 GB/s
  [89.1s] 11000 copies, 1375.00 GB, avg 15.44 GB/s
  [89.5s] 11050 copies, 1381.25 GB, avg 15.44 GB/s
  [89.9s] 11100 copies, 1387.50 GB, avg 15.44 GB/s
  [90.3s] 11150 copies, 1393.75 GB, avg 15.44 GB/s
  [90.7s] 11200 copies, 1400.00 GB, avg 15.43 GB/s
  [91.1s] 11250 copies, 1406.25 GB, avg 15.44 GB/s
  [91.5s] 11300 copies, 1412.50 GB, avg 15.44 GB/s
  [91.9s] 11350 copies, 1418.75 GB, avg 15.44 GB/s
  [92.3s] 11400 copies, 1425.00 GB, avg 15.43 GB/s
  [92.7s] 11450 copies, 1431.25 GB, avg 15.43 GB/s
  [93.2s] 11500 copies, 1437.50 GB, avg 15.43 GB/s
  [93.5s] 11550 copies, 1443.75 GB, avg 15.44 GB/s
  [94.0s] 11600 copies, 1450.00 GB, avg 15.43 GB/s
  [94.4s] 11650 copies, 1456.25 GB, avg 15.43 GB/s
  [94.8s] 11700 copies, 1462.50 GB, avg 15.43 GB/s
  [95.2s] 11750 copies, 1468.75 GB, avg 15.43 GB/s
  [95.6s] 11800 copies, 1475.00 GB, avg 15.43 GB/s
  [96.0s] 11850 copies, 1481.25 GB, avg 15.43 GB/s
  [96.4s] 11900 copies, 1487.50 GB, avg 15.43 GB/s
  [96.8s] 11950 copies, 1493.75 GB, avg 15.43 GB/s
  [97.2s] 12000 copies, 1500.00 GB, avg 15.43 GB/s
  [97.6s] 12050 copies, 1506.25 GB, avg 15.43 GB/s
  [98.0s] 12100 copies, 1512.50 GB, avg 15.43 GB/s
  [98.4s] 12150 copies, 1518.75 GB, avg 15.43 GB/s
  [98.8s] 12200 copies, 1525.00 GB, avg 15.43 GB/s
  [99.2s] 12250 copies, 1531.25 GB, avg 15.43 GB/s
  [99.7s] 12300 copies, 1537.50 GB, avg 15.43 GB/s
  [100.0s] 12350 copies, 1543.75 GB, avg 15.43 GB/s
  [100.5s] 12400 copies, 1550.00 GB, avg 15.43 GB/s
  [100.8s] 12450 copies, 1556.25 GB, avg 15.43 GB/s
  [101.3s] 12500 copies, 1562.50 GB, avg 15.43 GB/s
  [101.6s] 12550 copies, 1568.75 GB, avg 15.43 GB/s
  [102.1s] 12600 copies, 1575.00 GB, avg 15.43 GB/s
  [102.5s] 12650 copies, 1581.25 GB, avg 15.42 GB/s
  [102.9s] 12700 copies, 1587.50 GB, avg 15.43 GB/s
  [103.3s] 12750 copies, 1593.75 GB, avg 15.42 GB/s
  [103.7s] 12800 copies, 1600.00 GB, avg 15.43 GB/s
  [104.1s] 12850 copies, 1606.25 GB, avg 15.42 GB/s
  [104.5s] 12900 copies, 1612.50 GB, avg 15.43 GB/s
  [105.0s] 12950 copies, 1618.75 GB, avg 15.42 GB/s
  [105.3s] 13000 copies, 1625.00 GB, avg 15.43 GB/s
  [105.8s] 13050 copies, 1631.25 GB, avg 15.42 GB/s
  [106.1s] 13100 copies, 1637.50 GB, avg 15.43 GB/s
  [106.6s] 13150 copies, 1643.75 GB, avg 15.42 GB/s
  [107.0s] 13200 copies, 1650.00 GB, avg 15.42 GB/s
  [107.4s] 13250 copies, 1656.25 GB, avg 15.42 GB/s
  [107.9s] 13300 copies, 1662.50 GB, avg 15.41 GB/s
  [108.3s] 13350 copies, 1668.75 GB, avg 15.41 GB/s
  [108.7s] 13400 copies, 1675.00 GB, avg 15.41 GB/s
  [109.1s] 13450 copies, 1681.25 GB, avg 15.41 GB/s
  [109.5s] 13500 copies, 1687.50 GB, avg 15.41 GB/s
  [109.9s] 13550 copies, 1693.75 GB, avg 15.41 GB/s
  [110.3s] 13600 copies, 1700.00 GB, avg 15.41 GB/s
  [110.7s] 13650 copies, 1706.25 GB, avg 15.41 GB/s
  [111.1s] 13700 copies, 1712.50 GB, avg 15.41 GB/s
  [111.5s] 13750 copies, 1718.75 GB, avg 15.41 GB/s
  [111.9s] 13800 copies, 1725.00 GB, avg 15.41 GB/s
  [112.3s] 13850 copies, 1731.25 GB, avg 15.41 GB/s
  [112.8s] 13900 copies, 1737.50 GB, avg 15.41 GB/s
  [113.1s] 13950 copies, 1743.75 GB, avg 15.41 GB/s
  [113.6s] 14000 copies, 1750.00 GB, avg 15.41 GB/s
  [114.0s] 14050 copies, 1756.25 GB, avg 15.41 GB/s
  [114.4s] 14100 copies, 1762.50 GB, avg 15.41 GB/s
  [114.8s] 14150 copies, 1768.75 GB, avg 15.41 GB/s
  [115.2s] 14200 copies, 1775.00 GB, avg 15.41 GB/s
  [115.6s] 14250 copies, 1781.25 GB, avg 15.41 GB/s
  [116.0s] 14300 copies, 1787.50 GB, avg 15.41 GB/s
  [116.4s] 14350 copies, 1793.75 GB, avg 15.41 GB/s
  [116.8s] 14400 copies, 1800.00 GB, avg 15.41 GB/s
  [117.2s] 14450 copies, 1806.25 GB, avg 15.41 GB/s
  [117.6s] 14500 copies, 1812.50 GB, avg 15.41 GB/s
  [118.0s] 14550 copies, 1818.75 GB, avg 15.41 GB/s
  [118.4s] 14600 copies, 1825.00 GB, avg 15.42 GB/s
  [118.8s] 14650 copies, 1831.25 GB, avg 15.41 GB/s
  [119.2s] 14700 copies, 1837.50 GB, avg 15.42 GB/s
  [119.6s] 14750 copies, 1843.75 GB, avg 15.42 GB/s
  [120.0s] 14800 copies, 1850.00 GB, avg 15.42 GB/s
  [120.4s] 14850 copies, 1856.25 GB, avg 15.41 GB/s
  [120.8s] 14900 copies, 1862.50 GB, avg 15.41 GB/s
  [121.2s] 14950 copies, 1868.75 GB, avg 15.41 GB/s
  [121.6s] 15000 copies, 1875.00 GB, avg 15.42 GB/s
  [122.0s] 15050 copies, 1881.25 GB, avg 15.41 GB/s
  [122.4s] 15100 copies, 1887.50 GB, avg 15.42 GB/s
  [122.9s] 15150 copies, 1893.75 GB, avg 15.41 GB/s
  [123.2s] 15200 copies, 1900.00 GB, avg 15.42 GB/s
  [123.7s] 15250 copies, 1906.25 GB, avg 15.41 GB/s
  [124.0s] 15300 copies, 1912.50 GB, avg 15.42 GB/s
  [124.5s] 15350 copies, 1918.75 GB, avg 15.42 GB/s
  [124.9s] 15400 copies, 1925.00 GB, avg 15.42 GB/s
  [125.3s] 15450 copies, 1931.25 GB, avg 15.42 GB/s
  [125.7s] 15500 copies, 1937.50 GB, avg 15.42 GB/s
  [126.1s] 15550 copies, 1943.75 GB, avg 15.41 GB/s
  [126.5s] 15600 copies, 1950.00 GB, avg 15.41 GB/s
  [126.9s] 15650 copies, 1956.25 GB, avg 15.41 GB/s
  [127.3s] 15700 copies, 1962.50 GB, avg 15.41 GB/s
  [127.7s] 15750 copies, 1968.75 GB, avg 15.41 GB/s
  [128.1s] 15800 copies, 1975.00 GB, avg 15.41 GB/s
  [128.5s] 15850 copies, 1981.25 GB, avg 15.41 GB/s
  [129.0s] 15900 copies, 1987.50 GB, avg 15.41 GB/s
  [129.4s] 15950 copies, 1993.75 GB, avg 15.41 GB/s
  [129.8s] 16000 copies, 2000.00 GB, avg 15.41 GB/s
  [130.2s] 16050 copies, 2006.25 GB, avg 15.41 GB/s
  [130.6s] 16100 copies, 2012.50 GB, avg 15.41 GB/s
  [131.0s] 16150 copies, 2018.75 GB, avg 15.41 GB/s
  [131.4s] 16200 copies, 2025.00 GB, avg 15.41 GB/s
  [131.8s] 16250 copies, 2031.25 GB, avg 15.41 GB/s
  [132.3s] 16300 copies, 2037.50 GB, avg 15.41 GB/s
  [132.6s] 16350 copies, 2043.75 GB, avg 15.41 GB/s
  [133.1s] 16400 copies, 2050.00 GB, avg 15.41 GB/s
  [133.4s] 16450 copies, 2056.25 GB, avg 15.41 GB/s
  [133.9s] 16500 copies, 2062.50 GB, avg 15.41 GB/s
  [134.2s] 16550 copies, 2068.75 GB, avg 15.41 GB/s
  [134.7s] 16600 copies, 2075.00 GB, avg 15.41 GB/s
  [135.1s] 16650 copies, 2081.25 GB, avg 15.41 GB/s
  [135.5s] 16700 copies, 2087.50 GB, avg 15.41 GB/s
  [135.9s] 16750 copies, 2093.75 GB, avg 15.41 GB/s
  [136.3s] 16800 copies, 2100.00 GB, avg 15.41 GB/s
  [136.7s] 16850 copies, 2106.25 GB, avg 15.41 GB/s
  [137.1s] 16900 copies, 2112.50 GB, avg 15.41 GB/s
  [137.5s] 16950 copies, 2118.75 GB, avg 15.41 GB/s
  [137.9s] 17000 copies, 2125.00 GB, avg 15.41 GB/s
  [138.3s] 17050 copies, 2131.25 GB, avg 15.41 GB/s
  [138.7s] 17100 copies, 2137.50 GB, avg 15.41 GB/s
  [139.1s] 17150 copies, 2143.75 GB, avg 15.41 GB/s
  [139.5s] 17200 copies, 2150.00 GB, avg 15.41 GB/s
  [140.0s] 17250 copies, 2156.25 GB, avg 15.41 GB/s
  [140.4s] 17300 copies, 2162.50 GB, avg 15.41 GB/s
  [140.8s] 17350 copies, 2168.75 GB, avg 15.41 GB/s
  [141.2s] 17400 copies, 2175.00 GB, avg 15.41 GB/s
  [141.6s] 17450 copies, 2181.25 GB, avg 15.41 GB/s
  [142.0s] 17500 copies, 2187.50 GB, avg 15.41 GB/s
  [142.4s] 17550 copies, 2193.75 GB, avg 15.41 GB/s
  [142.8s] 17600 copies, 2200.00 GB, avg 15.41 GB/s
  [143.2s] 17650 copies, 2206.25 GB, avg 15.41 GB/s
  [143.6s] 17700 copies, 2212.50 GB, avg 15.41 GB/s
  [144.0s] 17750 copies, 2218.75 GB, avg 15.41 GB/s
  [144.4s] 17800 copies, 2225.00 GB, avg 15.41 GB/s
  [144.8s] 17850 copies, 2231.25 GB, avg 15.41 GB/s
  [145.2s] 17900 copies, 2237.50 GB, avg 15.41 GB/s
  [145.6s] 17950 copies, 2243.75 GB, avg 15.41 GB/s
  [146.0s] 18000 copies, 2250.00 GB, avg 15.41 GB/s
  [146.4s] 18050 copies, 2256.25 GB, avg 15.41 GB/s
  [146.8s] 18100 copies, 2262.50 GB, avg 15.41 GB/s
  [147.2s] 18150 copies, 2268.75 GB, avg 15.41 GB/s
  [147.6s] 18200 copies, 2275.00 GB, avg 15.41 GB/s
  [148.0s] 18250 copies, 2281.25 GB, avg 15.41 GB/s
  [148.4s] 18300 copies, 2287.50 GB, avg 15.41 GB/s
  [148.9s] 18350 copies, 2293.75 GB, avg 15.41 GB/s
  [149.2s] 18400 copies, 2300.00 GB, avg 15.41 GB/s
  [149.7s] 18450 copies, 2306.25 GB, avg 15.41 GB/s
  [150.0s] 18500 copies, 2312.50 GB, avg 15.41 GB/s
  [150.5s] 18550 copies, 2318.75 GB, avg 15.41 GB/s
  [150.9s] 18600 copies, 2325.00 GB, avg 15.41 GB/s
  [151.3s] 18650 copies, 2331.25 GB, avg 15.41 GB/s
  [151.7s] 18700 copies, 2337.50 GB, avg 15.41 GB/s
  [152.1s] 18750 copies, 2343.75 GB, avg 15.41 GB/s
  [152.5s] 18800 copies, 2350.00 GB, avg 15.41 GB/s
  [152.9s] 18850 copies, 2356.25 GB, avg 15.41 GB/s
  [153.3s] 18900 copies, 2362.50 GB, avg 15.41 GB/s
  [153.7s] 18950 copies, 2368.75 GB, avg 15.41 GB/s
  [154.2s] 19000 copies, 2375.00 GB, avg 15.41 GB/s
  [154.5s] 19050 copies, 2381.25 GB, avg 15.41 GB/s
  [155.0s] 19100 copies, 2387.50 GB, avg 15.41 GB/s
  [155.3s] 19150 copies, 2393.75 GB, avg 15.41 GB/s
  [155.8s] 19200 copies, 2400.00 GB, avg 15.41 GB/s
  [156.2s] 19250 copies, 2406.25 GB, avg 15.41 GB/s
  [156.6s] 19300 copies, 2412.50 GB, avg 15.40 GB/s
  [157.0s] 19350 copies, 2418.75 GB, avg 15.41 GB/s
  [157.4s] 19400 copies, 2425.00 GB, avg 15.41 GB/s
  [157.8s] 19450 copies, 2431.25 GB, avg 15.41 GB/s
  [158.2s] 19500 copies, 2437.50 GB, avg 15.40 GB/s
  [158.6s] 19550 copies, 2443.75 GB, avg 15.41 GB/s
  [159.0s] 19600 copies, 2450.00 GB, avg 15.40 GB/s
  [159.5s] 19650 copies, 2456.25 GB, avg 15.40 GB/s
  [159.9s] 19700 copies, 2462.50 GB, avg 15.40 GB/s
  [160.3s] 19750 copies, 2468.75 GB, avg 15.41 GB/s
  [160.7s] 19800 copies, 2475.00 GB, avg 15.40 GB/s
  [161.1s] 19850 copies, 2481.25 GB, avg 15.41 GB/s
  [161.5s] 19900 copies, 2487.50 GB, avg 15.40 GB/s
  [161.9s] 19950 copies, 2493.75 GB, avg 15.40 GB/s
  [162.3s] 20000 copies, 2500.00 GB, avg 15.40 GB/s
  [162.8s] 20050 copies, 2506.25 GB, avg 15.40 GB/s
  [163.1s] 20100 copies, 2512.50 GB, avg 15.40 GB/s
  [163.6s] 20150 copies, 2518.75 GB, avg 15.40 GB/s
  [163.9s] 20200 copies, 2525.00 GB, avg 15.40 GB/s
  [164.4s] 20250 copies, 2531.25 GB, avg 15.40 GB/s
  [164.8s] 20300 copies, 2537.50 GB, avg 15.40 GB/s
  [165.2s] 20350 copies, 2543.75 GB, avg 15.40 GB/s
  [165.6s] 20400 copies, 2550.00 GB, avg 15.40 GB/s
  [166.0s] 20450 copies, 2556.25 GB, avg 15.40 GB/s
  [166.4s] 20500 copies, 2562.50 GB, avg 15.40 GB/s
  [166.8s] 20550 copies, 2568.75 GB, avg 15.40 GB/s
  [167.2s] 20600 copies, 2575.00 GB, avg 15.40 GB/s
  [167.6s] 20650 copies, 2581.25 GB, avg 15.40 GB/s
  [168.0s] 20700 copies, 2587.50 GB, avg 15.40 GB/s
  [168.5s] 20750 copies, 2593.75 GB, avg 15.40 GB/s
  [168.8s] 20800 copies, 2600.00 GB, avg 15.40 GB/s
  [169.3s] 20850 copies, 2606.25 GB, avg 15.40 GB/s
  [169.6s] 20900 copies, 2612.50 GB, avg 15.40 GB/s
  [170.1s] 20950 copies, 2618.75 GB, avg 15.40 GB/s
  [170.4s] 21000 copies, 2625.00 GB, avg 15.40 GB/s
  [170.9s] 21050 copies, 2631.25 GB, avg 15.40 GB/s
  [171.2s] 21100 copies, 2637.50 GB, avg 15.40 GB/s
  [171.7s] 21150 copies, 2643.75 GB, avg 15.40 GB/s
  [172.0s] 21200 copies, 2650.00 GB, avg 15.40 GB/s
  [172.5s] 21250 copies, 2656.25 GB, avg 15.40 GB/s
  [172.8s] 21300 copies, 2662.50 GB, avg 15.40 GB/s
  [173.3s] 21350 copies, 2668.75 GB, avg 15.40 GB/s
  [173.7s] 21400 copies, 2675.00 GB, avg 15.40 GB/s
  [174.1s] 21450 copies, 2681.25 GB, avg 15.40 GB/s
  [174.5s] 21500 copies, 2687.50 GB, avg 15.40 GB/s
  [174.9s] 21550 copies, 2693.75 GB, avg 15.40 GB/s
  [175.3s] 21600 copies, 2700.00 GB, avg 15.40 GB/s
  [175.7s] 21650 copies, 2706.25 GB, avg 15.40 GB/s
  [176.1s] 21700 copies, 2712.50 GB, avg 15.40 GB/s
  [176.5s] 21750 copies, 2718.75 GB, avg 15.40 GB/s
  [176.9s] 21800 copies, 2725.00 GB, avg 15.40 GB/s
  [177.3s] 21850 copies, 2731.25 GB, avg 15.40 GB/s
  [177.8s] 21900 copies, 2737.50 GB, avg 15.40 GB/s
  [178.1s] 21950 copies, 2743.75 GB, avg 15.40 GB/s
  [178.6s] 22000 copies, 2750.00 GB, avg 15.40 GB/s
  [178.9s] 22050 copies, 2756.25 GB, avg 15.40 GB/s
  [179.4s] 22100 copies, 2762.50 GB, avg 15.40 GB/s
  [179.7s] 22150 copies, 2768.75 GB, avg 15.40 GB/s
  [180.2s] 22200 copies, 2775.00 GB, avg 15.40 GB/s
  [180.6s] 22250 copies, 2781.25 GB, avg 15.40 GB/s
  [181.0s] 22300 copies, 2787.50 GB, avg 15.40 GB/s
  [181.4s] 22350 copies, 2793.75 GB, avg 15.40 GB/s
  [181.8s] 22400 copies, 2800.00 GB, avg 15.40 GB/s
  [182.2s] 22450 copies, 2806.25 GB, avg 15.40 GB/s
  [182.6s] 22500 copies, 2812.50 GB, avg 15.40 GB/s
  [183.0s] 22550 copies, 2818.75 GB, avg 15.40 GB/s
  [183.4s] 22600 copies, 2825.00 GB, avg 15.40 GB/s
  [183.8s] 22650 copies, 2831.25 GB, avg 15.40 GB/s
  [184.2s] 22700 copies, 2837.50 GB, avg 15.40 GB/s
  [184.6s] 22750 copies, 2843.75 GB, avg 15.40 GB/s
  [185.1s] 22800 copies, 2850.00 GB, avg 15.40 GB/s
  [185.5s] 22850 copies, 2856.25 GB, avg 15.40 GB/s
  [185.9s] 22900 copies, 2862.50 GB, avg 15.40 GB/s
  [186.3s] 22950 copies, 2868.75 GB, avg 15.40 GB/s
  [186.7s] 23000 copies, 2875.00 GB, avg 15.40 GB/s
  [187.1s] 23050 copies, 2881.25 GB, avg 15.40 GB/s
  [187.5s] 23100 copies, 2887.50 GB, avg 15.40 GB/s
  [187.9s] 23150 copies, 2893.75 GB, avg 15.40 GB/s
  [188.3s] 23200 copies, 2900.00 GB, avg 15.40 GB/s
  [188.6s] 23250 copies, 2906.25 GB, avg 15.41 GB/s
  [189.0s] 23300 copies, 2912.50 GB, avg 15.41 GB/s
  [189.3s] 23350 copies, 2918.75 GB, avg 15.42 GB/s
  [189.7s] 23400 copies, 2925.00 GB, avg 15.42 GB/s
  [190.0s] 23450 copies, 2931.25 GB, avg 15.42 GB/s
  [190.4s] 23500 copies, 2937.50 GB, avg 15.43 GB/s
  [190.8s] 23550 copies, 2943.75 GB, avg 15.43 GB/s
  [191.1s] 23600 copies, 2950.00 GB, avg 15.43 GB/s
  [191.5s] 23650 copies, 2956.25 GB, avg 15.44 GB/s
  [191.9s] 23700 copies, 2962.50 GB, avg 15.44 GB/s
  [192.3s] 23750 copies, 2968.75 GB, avg 15.44 GB/s
  [192.7s] 23800 copies, 2975.00 GB, avg 15.44 GB/s
  [193.0s] 23850 copies, 2981.25 GB, avg 15.45 GB/s
  [193.4s] 23900 copies, 2987.50 GB, avg 15.45 GB/s
  [193.8s] 23950 copies, 2993.75 GB, avg 15.45 GB/s
  [194.2s] 24000 copies, 3000.00 GB, avg 15.45 GB/s
  [194.5s] 24050 copies, 3006.25 GB, avg 15.45 GB/s
  [194.9s] 24100 copies, 3012.50 GB, avg 15.45 GB/s
  [195.3s] 24150 copies, 3018.75 GB, avg 15.46 GB/s
  [195.7s] 24200 copies, 3025.00 GB, avg 15.46 GB/s
  [196.1s] 24250 copies, 3031.25 GB, avg 15.46 GB/s
  [196.4s] 24300 copies, 3037.50 GB, avg 15.46 GB/s
  [196.8s] 24350 copies, 3043.75 GB, avg 15.47 GB/s
  [197.2s] 24400 copies, 3050.00 GB, avg 15.47 GB/s
  [197.5s] 24450 copies, 3056.25 GB, avg 15.47 GB/s
  [197.9s] 24500 copies, 3062.50 GB, avg 15.47 GB/s
  [198.3s] 24550 copies, 3068.75 GB, avg 15.48 GB/s
  [198.7s] 24600 copies, 3075.00 GB, avg 15.48 GB/s
  [199.0s] 24650 copies, 3081.25 GB, avg 15.48 GB/s
  [199.4s] 24700 copies, 3087.50 GB, avg 15.48 GB/s
  [199.8s] 24750 copies, 3093.75 GB, avg 15.48 GB/s
  [200.2s] 24800 copies, 3100.00 GB, avg 15.49 GB/s
  [200.5s] 24850 copies, 3106.25 GB, avg 15.49 GB/s
  [200.8s] 24900 copies, 3112.50 GB, avg 15.50 GB/s
  [201.2s] 24950 copies, 3118.75 GB, avg 15.50 GB/s
  [201.5s] 25000 copies, 3125.00 GB, avg 15.51 GB/s
  [201.9s] 25050 copies, 3131.25 GB, avg 15.51 GB/s
  [202.2s] 25100 copies, 3137.50 GB, avg 15.51 GB/s
  [202.6s] 25150 copies, 3143.75 GB, avg 15.52 GB/s
  [202.9s] 25200 copies, 3150.00 GB, avg 15.52 GB/s
  [203.3s] 25250 copies, 3156.25 GB, avg 15.53 GB/s
  [203.6s] 25300 copies, 3162.50 GB, avg 15.53 GB/s
  [203.9s] 25350 copies, 3168.75 GB, avg 15.54 GB/s
  [204.3s] 25400 copies, 3175.00 GB, avg 15.54 GB/s
  [204.6s] 25450 copies, 3181.25 GB, avg 15.55 GB/s
  [205.0s] 25500 copies, 3187.50 GB, avg 15.55 GB/s
  [205.3s] 25550 copies, 3193.75 GB, avg 15.56 GB/s
  [205.6s] 25600 copies, 3200.00 GB, avg 15.56 GB/s
  [206.0s] 25650 copies, 3206.25 GB, avg 15.57 GB/s
  [206.3s] 25700 copies, 3212.50 GB, avg 15.57 GB/s
  [206.7s] 25750 copies, 3218.75 GB, avg 15.57 GB/s
  [207.0s] 25800 copies, 3225.00 GB, avg 15.58 GB/s
  [207.4s] 25850 copies, 3231.25 GB, avg 15.58 GB/s
  [207.7s] 25900 copies, 3237.50 GB, avg 15.59 GB/s
  [208.0s] 25950 copies, 3243.75 GB, avg 15.59 GB/s
  [208.4s] 26000 copies, 3250.00 GB, avg 15.60 GB/s
  [208.7s] 26050 copies, 3256.25 GB, avg 15.60 GB/s
  [209.1s] 26100 copies, 3262.50 GB, avg 15.61 GB/s
  [209.5s] 26150 copies, 3268.75 GB, avg 15.60 GB/s
  [209.9s] 26200 copies, 3275.00 GB, avg 15.61 GB/s
  [210.2s] 26250 copies, 3281.25 GB, avg 15.61 GB/s
  [210.5s] 26300 copies, 3287.50 GB, avg 15.61 GB/s
  [210.9s] 26350 copies, 3293.75 GB, avg 15.62 GB/s
  [211.2s] 26400 copies, 3300.00 GB, avg 15.62 GB/s
  [211.6s] 26450 copies, 3306.25 GB, avg 15.63 GB/s
  [211.9s] 26500 copies, 3312.50 GB, avg 15.63 GB/s
  [212.3s] 26550 copies, 3318.75 GB, avg 15.64 GB/s
  [212.6s] 26600 copies, 3325.00 GB, avg 15.64 GB/s
  [212.9s] 26650 copies, 3331.25 GB, avg 15.64 GB/s
  [213.3s] 26700 copies, 3337.50 GB, avg 15.65 GB/s
  [213.6s] 26750 copies, 3343.75 GB, avg 15.65 GB/s
  [214.0s] 26800 copies, 3350.00 GB, avg 15.66 GB/s
  [214.5s] 26850 copies, 3356.25 GB, avg 15.64 GB/s
  [214.9s] 26900 copies, 3362.50 GB, avg 15.65 GB/s
  [215.2s] 26950 copies, 3368.75 GB, avg 15.65 GB/s
  [215.6s] 27000 copies, 3375.00 GB, avg 15.66 GB/s
  [215.9s] 27050 copies, 3381.25 GB, avg 15.66 GB/s
  [216.3s] 27100 copies, 3387.50 GB, avg 15.66 GB/s
  [216.6s] 27150 copies, 3393.75 GB, avg 15.67 GB/s
  [216.9s] 27200 copies, 3400.00 GB, avg 15.67 GB/s
  [217.3s] 27250 copies, 3406.25 GB, avg 15.68 GB/s
  [217.6s] 27300 copies, 3412.50 GB, avg 15.68 GB/s
  [218.0s] 27350 copies, 3418.75 GB, avg 15.68 GB/s
  [218.3s] 27400 copies, 3425.00 GB, avg 15.69 GB/s
  [218.6s] 27450 copies, 3431.25 GB, avg 15.69 GB/s
  [219.0s] 27500 copies, 3437.50 GB, avg 15.70 GB/s
  [219.3s] 27550 copies, 3443.75 GB, avg 15.70 GB/s
  [219.7s] 27600 copies, 3450.00 GB, avg 15.71 GB/s
  [220.0s] 27650 copies, 3456.25 GB, avg 15.71 GB/s
  [220.4s] 27700 copies, 3462.50 GB, avg 15.71 GB/s
  [220.7s] 27750 copies, 3468.75 GB, avg 15.72 GB/s
  [221.0s] 27800 copies, 3475.00 GB, avg 15.72 GB/s
  [221.4s] 27850 copies, 3481.25 GB, avg 15.73 GB/s
  [221.7s] 27900 copies, 3487.50 GB, avg 15.73 GB/s
  [222.1s] 27950 copies, 3493.75 GB, avg 15.73 GB/s
  [222.4s] 28000 copies, 3500.00 GB, avg 15.74 GB/s
  [222.8s] 28050 copies, 3506.25 GB, avg 15.74 GB/s
  [223.1s] 28100 copies, 3512.50 GB, avg 15.74 GB/s
  [223.5s] 28150 copies, 3518.75 GB, avg 15.75 GB/s
  [223.8s] 28200 copies, 3525.00 GB, avg 15.75 GB/s
  [224.1s] 28250 copies, 3531.25 GB, avg 15.75 GB/s
  [224.5s] 28300 copies, 3537.50 GB, avg 15.76 GB/s
  [224.9s] 28350 copies, 3543.75 GB, avg 15.76 GB/s
  [225.2s] 28400 copies, 3550.00 GB, avg 15.76 GB/s
  [225.6s] 28450 copies, 3556.25 GB, avg 15.77 GB/s
  [225.9s] 28500 copies, 3562.50 GB, avg 15.77 GB/s
  [226.2s] 28550 copies, 3568.75 GB, avg 15.77 GB/s
  [226.6s] 28600 copies, 3575.00 GB, avg 15.78 GB/s
  [226.9s] 28650 copies, 3581.25 GB, avg 15.78 GB/s
  [227.3s] 28700 copies, 3587.50 GB, avg 15.78 GB/s
  [227.6s] 28750 copies, 3593.75 GB, avg 15.79 GB/s
  [228.0s] 28800 copies, 3600.00 GB, avg 15.79 GB/s
  [228.3s] 28850 copies, 3606.25 GB, avg 15.79 GB/s
  [228.7s] 28900 copies, 3612.50 GB, avg 15.80 GB/s
  [229.0s] 28950 copies, 3618.75 GB, avg 15.80 GB/s
  [229.4s] 29000 copies, 3625.00 GB, avg 15.80 GB/s
  [229.7s] 29050 copies, 3631.25 GB, avg 15.81 GB/s
  [230.1s] 29100 copies, 3637.50 GB, avg 15.81 GB/s
  [230.4s] 29150 copies, 3643.75 GB, avg 15.82 GB/s
  [230.7s] 29200 copies, 3650.00 GB, avg 15.82 GB/s
  [231.1s] 29250 copies, 3656.25 GB, avg 15.82 GB/s
  [231.4s] 29300 copies, 3662.50 GB, avg 15.83 GB/s
  [231.8s] 29350 copies, 3668.75 GB, avg 15.83 GB/s
  [232.1s] 29400 copies, 3675.00 GB, avg 15.83 GB/s
  [232.5s] 29450 copies, 3681.25 GB, avg 15.84 GB/s
  [232.8s] 29500 copies, 3687.50 GB, avg 15.84 GB/s
  [233.2s] 29550 copies, 3693.75 GB, avg 15.84 GB/s
  [233.5s] 29600 copies, 3700.00 GB, avg 15.85 GB/s
  [233.8s] 29650 copies, 3706.25 GB, avg 15.85 GB/s
  [234.2s] 29700 copies, 3712.50 GB, avg 15.85 GB/s
  [234.6s] 29750 copies, 3718.75 GB, avg 15.85 GB/s
  [235.0s] 29800 copies, 3725.00 GB, avg 15.85 GB/s
  [235.3s] 29850 copies, 3731.25 GB, avg 15.86 GB/s
  [235.7s] 29900 copies, 3737.50 GB, avg 15.86 GB/s
  [236.0s] 29950 copies, 3743.75 GB, avg 15.86 GB/s
  [236.4s] 30000 copies, 3750.00 GB, avg 15.87 GB/s
  [236.7s] 30050 copies, 3756.25 GB, avg 15.87 GB/s
  [237.0s] 30100 copies, 3762.50 GB, avg 15.87 GB/s
  [237.4s] 30150 copies, 3768.75 GB, avg 15.88 GB/s
  [237.7s] 30200 copies, 3775.00 GB, avg 15.88 GB/s
  [238.1s] 30250 copies, 3781.25 GB, avg 15.88 GB/s
  [238.4s] 30300 copies, 3787.50 GB, avg 15.89 GB/s
  [238.8s] 30350 copies, 3793.75 GB, avg 15.89 GB/s
  [239.1s] 30400 copies, 3800.00 GB, avg 15.89 GB/s
  [239.5s] 30450 copies, 3806.25 GB, avg 15.90 GB/s
  [239.8s] 30500 copies, 3812.50 GB, avg 15.90 GB/s
  [240.1s] 30550 copies, 3818.75 GB, avg 15.90 GB/s
  [240.5s] 30600 copies, 3825.00 GB, avg 15.90 GB/s
  [240.8s] 30650 copies, 3831.25 GB, avg 15.91 GB/s
  [241.2s] 30700 copies, 3837.50 GB, avg 15.91 GB/s
  [241.5s] 30750 copies, 3843.75 GB, avg 15.91 GB/s
  [241.9s] 30800 copies, 3850.00 GB, avg 15.92 GB/s
  [242.2s] 30850 copies, 3856.25 GB, avg 15.92 GB/s
  [242.6s] 30900 copies, 3862.50 GB, avg 15.92 GB/s
  [242.9s] 30950 copies, 3868.75 GB, avg 15.93 GB/s
  [243.3s] 31000 copies, 3875.00 GB, avg 15.93 GB/s
  [243.6s] 31050 copies, 3881.25 GB, avg 15.93 GB/s
  [243.9s] 31100 copies, 3887.50 GB, avg 15.94 GB/s
  [244.3s] 31150 copies, 3893.75 GB, avg 15.94 GB/s
  [244.6s] 31200 copies, 3900.00 GB, avg 15.94 GB/s
  [245.0s] 31250 copies, 3906.25 GB, avg 15.94 GB/s
  [245.3s] 31300 copies, 3912.50 GB, avg 15.95 GB/s
  [245.7s] 31350 copies, 3918.75 GB, avg 15.95 GB/s
  [246.0s] 31400 copies, 3925.00 GB, avg 15.95 GB/s
  [246.4s] 31450 copies, 3931.25 GB, avg 15.96 GB/s
  [246.7s] 31500 copies, 3937.50 GB, avg 15.96 GB/s
  [247.1s] 31550 copies, 3943.75 GB, avg 15.96 GB/s
  [247.4s] 31600 copies, 3950.00 GB, avg 15.97 GB/s
  [247.7s] 31650 copies, 3956.25 GB, avg 15.97 GB/s
  [248.1s] 31700 copies, 3962.50 GB, avg 15.97 GB/s
  [248.4s] 31750 copies, 3968.75 GB, avg 15.97 GB/s
  [248.8s] 31800 copies, 3975.00 GB, avg 15.98 GB/s
  [249.1s] 31850 copies, 3981.25 GB, avg 15.98 GB/s
  [249.5s] 31900 copies, 3987.50 GB, avg 15.98 GB/s
  [249.8s] 31950 copies, 3993.75 GB, avg 15.99 GB/s
  [250.2s] 32000 copies, 4000.00 GB, avg 15.99 GB/s
  [250.5s] 32050 copies, 4006.25 GB, avg 15.99 GB/s
  [250.9s] 32100 copies, 4012.50 GB, avg 15.99 GB/s
  [251.2s] 32150 copies, 4018.75 GB, avg 16.00 GB/s
  [251.6s] 32200 copies, 4025.00 GB, avg 16.00 GB/s
  [251.9s] 32250 copies, 4031.25 GB, avg 16.00 GB/s
  [252.3s] 32300 copies, 4037.50 GB, avg 16.01 GB/s
  [252.6s] 32350 copies, 4043.75 GB, avg 16.01 GB/s
  [253.0s] 32400 copies, 4050.00 GB, avg 16.01 GB/s
  [253.3s] 32450 copies, 4056.25 GB, avg 16.01 GB/s
  [253.7s] 32500 copies, 4062.50 GB, avg 16.01 GB/s
  [254.0s] 32550 copies, 4068.75 GB, avg 16.02 GB/s
  [254.4s] 32600 copies, 4075.00 GB, avg 16.02 GB/s
  [254.7s] 32650 copies, 4081.25 GB, avg 16.02 GB/s
  [255.0s] 32700 copies, 4087.50 GB, avg 16.03 GB/s
  [255.4s] 32750 copies, 4093.75 GB, avg 16.03 GB/s
  [255.7s] 32800 copies, 4100.00 GB, avg 16.03 GB/s
  [256.2s] 32850 copies, 4106.25 GB, avg 16.03 GB/s
  [256.6s] 32900 copies, 4112.50 GB, avg 16.03 GB/s
  [257.0s] 32950 copies, 4118.75 GB, avg 16.02 GB/s
  [257.5s] 33000 copies, 4125.00 GB, avg 16.02 GB/s
  [257.9s] 33050 copies, 4131.25 GB, avg 16.02 GB/s
  [258.4s] 33100 copies, 4137.50 GB, avg 16.01 GB/s
  [258.8s] 33150 copies, 4143.75 GB, avg 16.01 GB/s
  [259.3s] 33200 copies, 4150.00 GB, avg 16.01 GB/s
  [259.7s] 33250 copies, 4156.25 GB, avg 16.00 GB/s
  [260.2s] 33300 copies, 4162.50 GB, avg 16.00 GB/s
  [260.6s] 33350 copies, 4168.75 GB, avg 16.00 GB/s
  [261.1s] 33400 copies, 4175.00 GB, avg 15.99 GB/s
  [261.5s] 33450 copies, 4181.25 GB, avg 15.99 GB/s
  [262.0s] 33500 copies, 4187.50 GB, avg 15.98 GB/s
  [262.4s] 33550 copies, 4193.75 GB, avg 15.98 GB/s
  [262.9s] 33600 copies, 4200.00 GB, avg 15.98 GB/s
  [263.3s] 33650 copies, 4206.25 GB, avg 15.98 GB/s
  [263.7s] 33700 copies, 4212.50 GB, avg 15.97 GB/s
  [264.2s] 33750 copies, 4218.75 GB, avg 15.97 GB/s
  [264.6s] 33800 copies, 4225.00 GB, avg 15.97 GB/s
  [265.1s] 33850 copies, 4231.25 GB, avg 15.96 GB/s
  [265.5s] 33900 copies, 4237.50 GB, avg 15.96 GB/s
  [265.9s] 33950 copies, 4243.75 GB, avg 15.96 GB/s
  [266.4s] 34000 copies, 4250.00 GB, avg 15.96 GB/s
  [266.8s] 34050 copies, 4256.25 GB, avg 15.95 GB/s
  [267.2s] 34100 copies, 4262.50 GB, avg 15.95 GB/s
  [267.7s] 34150 copies, 4268.75 GB, avg 15.95 GB/s
  [268.1s] 34200 copies, 4275.00 GB, avg 15.94 GB/s
  [268.6s] 34250 copies, 4281.25 GB, avg 15.94 GB/s
  [269.0s] 34300 copies, 4287.50 GB, avg 15.94 GB/s
  [269.4s] 34350 copies, 4293.75 GB, avg 15.94 GB/s
  [269.9s] 34400 copies, 4300.00 GB, avg 15.93 GB/s
  [270.3s] 34450 copies, 4306.25 GB, avg 15.93 GB/s
  [270.7s] 34500 copies, 4312.50 GB, avg 15.93 GB/s
  [271.2s] 34550 copies, 4318.75 GB, avg 15.93 GB/s
  [271.6s] 34600 copies, 4325.00 GB, avg 15.92 GB/s
  [272.1s] 34650 copies, 4331.25 GB, avg 15.92 GB/s
  [272.5s] 34700 copies, 4337.50 GB, avg 15.92 GB/s
  [272.9s] 34750 copies, 4343.75 GB, avg 15.91 GB/s
  [273.4s] 34800 copies, 4350.00 GB, avg 15.91 GB/s
  [273.8s] 34850 copies, 4356.25 GB, avg 15.91 GB/s
  [274.2s] 34900 copies, 4362.50 GB, avg 15.91 GB/s
  [274.7s] 34950 copies, 4368.75 GB, avg 15.90 GB/s
  [275.1s] 35000 copies, 4375.00 GB, avg 15.90 GB/s
  [275.6s] 35050 copies, 4381.25 GB, avg 15.90 GB/s
  [276.0s] 35100 copies, 4387.50 GB, avg 15.90 GB/s
  [276.3s] 35150 copies, 4393.75 GB, avg 15.90 GB/s
  [276.7s] 35200 copies, 4400.00 GB, avg 15.90 GB/s
  [277.0s] 35250 copies, 4406.25 GB, avg 15.91 GB/s
  [277.4s] 35300 copies, 4412.50 GB, avg 15.91 GB/s
  [278.0s] 35350 copies, 4418.75 GB, avg 15.90 GB/s
  [278.3s] 35400 copies, 4425.00 GB, avg 15.90 GB/s
  [278.7s] 35450 copies, 4431.25 GB, avg 15.90 GB/s
  [279.0s] 35500 copies, 4437.50 GB, avg 15.90 GB/s
  [279.4s] 35550 copies, 4443.75 GB, avg 15.91 GB/s
  [279.7s] 35600 copies, 4450.00 GB, avg 15.91 GB/s
  [280.1s] 35650 copies, 4456.25 GB, avg 15.91 GB/s
  [280.4s] 35700 copies, 4462.50 GB, avg 15.91 GB/s
  [280.8s] 35750 copies, 4468.75 GB, avg 15.92 GB/s
  [281.1s] 35800 copies, 4475.00 GB, avg 15.92 GB/s
  [281.4s] 35850 copies, 4481.25 GB, avg 15.92 GB/s
  [281.8s] 35900 copies, 4487.50 GB, avg 15.92 GB/s
  [282.2s] 35950 copies, 4493.75 GB, avg 15.92 GB/s
  [282.6s] 36000 copies, 4500.00 GB, avg 15.92 GB/s
  [283.0s] 36050 copies, 4506.25 GB, avg 15.92 GB/s
  [283.4s] 36100 copies, 4512.50 GB, avg 15.92 GB/s
  [283.8s] 36150 copies, 4518.75 GB, avg 15.92 GB/s
  [284.2s] 36200 copies, 4525.00 GB, avg 15.92 GB/s
  [284.6s] 36250 copies, 4531.25 GB, avg 15.92 GB/s
  [285.0s] 36300 copies, 4537.50 GB, avg 15.92 GB/s
  [285.4s] 36350 copies, 4543.75 GB, avg 15.92 GB/s
  [285.8s] 36400 copies, 4550.00 GB, avg 15.92 GB/s
  [286.2s] 36450 copies, 4556.25 GB, avg 15.92 GB/s
  [286.6s] 36500 copies, 4562.50 GB, avg 15.92 GB/s
  [287.0s] 36550 copies, 4568.75 GB, avg 15.92 GB/s
  [287.4s] 36600 copies, 4575.00 GB, avg 15.92 GB/s
  [287.8s] 36650 copies, 4581.25 GB, avg 15.92 GB/s
  [288.2s] 36700 copies, 4587.50 GB, avg 15.92 GB/s
  [288.6s] 36750 copies, 4593.75 GB, avg 15.92 GB/s
  [289.0s] 36800 copies, 4600.00 GB, avg 15.91 GB/s
  [289.5s] 36850 copies, 4606.25 GB, avg 15.91 GB/s
  [289.9s] 36900 copies, 4612.50 GB, avg 15.91 GB/s
  [290.3s] 36950 copies, 4618.75 GB, avg 15.91 GB/s
  [290.7s] 37000 copies, 4625.00 GB, avg 15.91 GB/s
  [291.1s] 37050 copies, 4631.25 GB, avg 15.91 GB/s
  [291.5s] 37100 copies, 4637.50 GB, avg 15.91 GB/s
  [291.9s] 37150 copies, 4643.75 GB, avg 15.91 GB/s
  [292.3s] 37200 copies, 4650.00 GB, avg 15.91 GB/s
  [292.7s] 37250 copies, 4656.25 GB, avg 15.91 GB/s
  [293.1s] 37300 copies, 4662.50 GB, avg 15.91 GB/s
  [293.5s] 37350 copies, 4668.75 GB, avg 15.90 GB/s
  [293.9s] 37400 copies, 4675.00 GB, avg 15.91 GB/s
  [294.3s] 37450 copies, 4681.25 GB, avg 15.90 GB/s
  [294.7s] 37500 copies, 4687.50 GB, avg 15.90 GB/s
  [295.2s] 37550 copies, 4693.75 GB, avg 15.90 GB/s
  [295.5s] 37600 copies, 4700.00 GB, avg 15.90 GB/s
  [296.0s] 37650 copies, 4706.25 GB, avg 15.90 GB/s
  [296.4s] 37700 copies, 4712.50 GB, avg 15.90 GB/s
  [296.8s] 37750 copies, 4718.75 GB, avg 15.90 GB/s
  [297.2s] 37800 copies, 4725.00 GB, avg 15.90 GB/s
  [297.6s] 37850 copies, 4731.25 GB, avg 15.90 GB/s
  [298.0s] 37900 copies, 4737.50 GB, avg 15.90 GB/s
  [298.4s] 37950 copies, 4743.75 GB, avg 15.90 GB/s
  [298.8s] 38000 copies, 4750.00 GB, avg 15.90 GB/s
  [299.2s] 38050 copies, 4756.25 GB, avg 15.89 GB/s
  [299.6s] 38100 copies, 4762.50 GB, avg 15.89 GB/s
  [300.0s] 38150 copies, 4768.75 GB, avg 15.89 GB/s
  [300.4s] 38200 copies, 4775.00 GB, avg 15.89 GB/s
  [300.8s] 38250 copies, 4781.25 GB, avg 15.89 GB/s
  [301.3s] 38300 copies, 4787.50 GB, avg 15.89 GB/s
  [301.7s] 38350 copies, 4793.75 GB, avg 15.89 GB/s
  [302.1s] 38400 copies, 4800.00 GB, avg 15.89 GB/s
  [302.5s] 38450 copies, 4806.25 GB, avg 15.89 GB/s
  [302.9s] 38500 copies, 4812.50 GB, avg 15.89 GB/s
  [303.3s] 38550 copies, 4818.75 GB, avg 15.89 GB/s
  [303.7s] 38600 copies, 4825.00 GB, avg 15.89 GB/s
  [304.1s] 38650 copies, 4831.25 GB, avg 15.89 GB/s
  [304.5s] 38700 copies, 4837.50 GB, avg 15.88 GB/s
  [304.9s] 38750 copies, 4843.75 GB, avg 15.89 GB/s
  [305.3s] 38800 copies, 4850.00 GB, avg 15.88 GB/s
  [305.7s] 38850 copies, 4856.25 GB, avg 15.88 GB/s
  [306.1s] 38900 copies, 4862.50 GB, avg 15.88 GB/s
  [306.5s] 38950 copies, 4868.75 GB, avg 15.88 GB/s
  [306.9s] 39000 copies, 4875.00 GB, avg 15.88 GB/s
  [307.4s] 39050 copies, 4881.25 GB, avg 15.88 GB/s
  [307.8s] 39100 copies, 4887.50 GB, avg 15.88 GB/s
  [308.2s] 39150 copies, 4893.75 GB, avg 15.88 GB/s
  [308.6s] 39200 copies, 4900.00 GB, avg 15.88 GB/s
  [309.0s] 39250 copies, 4906.25 GB, avg 15.88 GB/s
  [309.4s] 39300 copies, 4912.50 GB, avg 15.88 GB/s
  [309.8s] 39350 copies, 4918.75 GB, avg 15.88 GB/s
  [310.2s] 39400 copies, 4925.00 GB, avg 15.88 GB/s
  [310.6s] 39450 copies, 4931.25 GB, avg 15.88 GB/s
  [311.0s] 39500 copies, 4937.50 GB, avg 15.87 GB/s
  [311.4s] 39550 copies, 4943.75 GB, avg 15.87 GB/s
  [311.8s] 39600 copies, 4950.00 GB, avg 15.87 GB/s
  [312.2s] 39650 copies, 4956.25 GB, avg 15.87 GB/s
  [312.6s] 39700 copies, 4962.50 GB, avg 15.87 GB/s
  [313.1s] 39750 copies, 4968.75 GB, avg 15.87 GB/s
  [313.4s] 39800 copies, 4975.00 GB, avg 15.87 GB/s
  [313.9s] 39850 copies, 4981.25 GB, avg 15.87 GB/s
  [314.3s] 39900 copies, 4987.50 GB, avg 15.87 GB/s
  [314.7s] 39950 copies, 4993.75 GB, avg 15.87 GB/s
  [315.1s] 40000 copies, 5000.00 GB, avg 15.87 GB/s
  [315.5s] 40050 copies, 5006.25 GB, avg 15.87 GB/s
  [315.9s] 40100 copies, 5012.50 GB, avg 15.87 GB/s
  [316.3s] 40150 copies, 5018.75 GB, avg 15.87 GB/s
  [316.7s] 40200 copies, 5025.00 GB, avg 15.87 GB/s
  [317.1s] 40250 copies, 5031.25 GB, avg 15.87 GB/s
  [317.5s] 40300 copies, 5037.50 GB, avg 15.87 GB/s
  [317.9s] 40350 copies, 5043.75 GB, avg 15.86 GB/s
  [318.3s] 40400 copies, 5050.00 GB, avg 15.87 GB/s
  [318.7s] 40450 copies, 5056.25 GB, avg 15.86 GB/s
  [319.1s] 40500 copies, 5062.50 GB, avg 15.86 GB/s
  [319.5s] 40550 copies, 5068.75 GB, avg 15.86 GB/s
  [319.9s] 40600 copies, 5075.00 GB, avg 15.86 GB/s
  [320.3s] 40650 copies, 5081.25 GB, avg 15.86 GB/s
  [320.7s] 40700 copies, 5087.50 GB, avg 15.86 GB/s
  [321.1s] 40750 copies, 5093.75 GB, avg 15.86 GB/s
  [321.5s] 40800 copies, 5100.00 GB, avg 15.86 GB/s
  [321.9s] 40850 copies, 5106.25 GB, avg 15.86 GB/s
  [322.3s] 40900 copies, 5112.50 GB, avg 15.86 GB/s
  [322.7s] 40950 copies, 5118.75 GB, avg 15.86 GB/s
  [323.1s] 41000 copies, 5125.00 GB, avg 15.86 GB/s
  [323.6s] 41050 copies, 5131.25 GB, avg 15.86 GB/s
  [323.9s] 41100 copies, 5137.50 GB, avg 15.86 GB/s
  [324.4s] 41150 copies, 5143.75 GB, avg 15.86 GB/s
  [324.8s] 41200 copies, 5150.00 GB, avg 15.86 GB/s
  [325.2s] 41250 copies, 5156.25 GB, avg 15.86 GB/s
  [325.6s] 41300 copies, 5162.50 GB, avg 15.86 GB/s
  [326.0s] 41350 copies, 5168.75 GB, avg 15.86 GB/s
  [326.4s] 41400 copies, 5175.00 GB, avg 15.86 GB/s
  [326.8s] 41450 copies, 5181.25 GB, avg 15.86 GB/s
  [327.2s] 41500 copies, 5187.50 GB, avg 15.86 GB/s
  [327.6s] 41550 copies, 5193.75 GB, avg 15.85 GB/s
  [328.0s] 41600 copies, 5200.00 GB, avg 15.85 GB/s
  [328.4s] 41650 copies, 5206.25 GB, avg 15.85 GB/s
  [328.8s] 41700 copies, 5212.50 GB, avg 15.85 GB/s
  [329.2s] 41750 copies, 5218.75 GB, avg 15.85 GB/s
  [329.6s] 41800 copies, 5225.00 GB, avg 15.85 GB/s
  [330.0s] 41850 copies, 5231.25 GB, avg 15.85 GB/s
  [330.4s] 41900 copies, 5237.50 GB, avg 15.85 GB/s
  [330.8s] 41950 copies, 5243.75 GB, avg 15.85 GB/s
  [331.2s] 42000 copies, 5250.00 GB, avg 15.85 GB/s
  [331.6s] 42050 copies, 5256.25 GB, avg 15.85 GB/s
  [332.1s] 42100 copies, 5262.50 GB, avg 15.85 GB/s
  [332.4s] 42150 copies, 5268.75 GB, avg 15.85 GB/s
  [332.9s] 42200 copies, 5275.00 GB, avg 15.85 GB/s
  [333.3s] 42250 copies, 5281.25 GB, avg 15.85 GB/s
  [333.7s] 42300 copies, 5287.50 GB, avg 15.85 GB/s
  [334.1s] 42350 copies, 5293.75 GB, avg 15.85 GB/s
  [334.5s] 42400 copies, 5300.00 GB, avg 15.85 GB/s
  [334.9s] 42450 copies, 5306.25 GB, avg 15.85 GB/s
  [335.3s] 42500 copies, 5312.50 GB, avg 15.84 GB/s
  [335.7s] 42550 copies, 5318.75 GB, avg 15.84 GB/s
  [336.1s] 42600 copies, 5325.00 GB, avg 15.84 GB/s
  [336.5s] 42650 copies, 5331.25 GB, avg 15.84 GB/s
  [336.9s] 42700 copies, 5337.50 GB, avg 15.84 GB/s
  [337.3s] 42750 copies, 5343.75 GB, avg 15.84 GB/s
  [337.7s] 42800 copies, 5350.00 GB, avg 15.84 GB/s
  [338.1s] 42850 copies, 5356.25 GB, avg 15.84 GB/s
  [338.5s] 42900 copies, 5362.50 GB, avg 15.84 GB/s
  [338.8s] 42950 copies, 5368.75 GB, avg 15.84 GB/s
  [339.2s] 43000 copies, 5375.00 GB, avg 15.85 GB/s
  [339.5s] 43050 copies, 5381.25 GB, avg 15.85 GB/s
  [339.9s] 43100 copies, 5387.50 GB, avg 15.85 GB/s
  [340.2s] 43150 copies, 5393.75 GB, avg 15.85 GB/s
  [340.6s] 43200 copies, 5400.00 GB, avg 15.85 GB/s
  [341.0s] 43250 copies, 5406.25 GB, avg 15.85 GB/s
  [341.4s] 43300 copies, 5412.50 GB, avg 15.85 GB/s
  [341.8s] 43350 copies, 5418.75 GB, avg 15.85 GB/s
  [342.2s] 43400 copies, 5425.00 GB, avg 15.85 GB/s
  [342.6s] 43450 copies, 5431.25 GB, avg 15.85 GB/s
  [343.0s] 43500 copies, 5437.50 GB, avg 15.85 GB/s
  [343.4s] 43550 copies, 5443.75 GB, avg 15.85 GB/s
  [343.8s] 43600 copies, 5450.00 GB, avg 15.85 GB/s
  [344.3s] 43650 copies, 5456.25 GB, avg 15.85 GB/s
  [344.6s] 43700 copies, 5462.50 GB, avg 15.85 GB/s
  [345.1s] 43750 copies, 5468.75 GB, avg 15.85 GB/s
  [345.5s] 43800 copies, 5475.00 GB, avg 15.85 GB/s
  [345.9s] 43850 copies, 5481.25 GB, avg 15.85 GB/s
  [346.3s] 43900 copies, 5487.50 GB, avg 15.85 GB/s
  [346.7s] 43950 copies, 5493.75 GB, avg 15.85 GB/s
  [347.1s] 44000 copies, 5500.00 GB, avg 15.85 GB/s
  [347.5s] 44050 copies, 5506.25 GB, avg 15.84 GB/s
  [347.9s] 44100 copies, 5512.50 GB, avg 15.84 GB/s
  [348.3s] 44150 copies, 5518.75 GB, avg 15.84 GB/s
  [348.7s] 44200 copies, 5525.00 GB, avg 15.84 GB/s
  [349.1s] 44250 copies, 5531.25 GB, avg 15.84 GB/s
  [349.5s] 44300 copies, 5537.50 GB, avg 15.84 GB/s
  [350.0s] 44350 copies, 5543.75 GB, avg 15.84 GB/s
  [350.3s] 44400 copies, 5550.00 GB, avg 15.84 GB/s
  [350.8s] 44450 copies, 5556.25 GB, avg 15.84 GB/s
  [351.2s] 44500 copies, 5562.50 GB, avg 15.84 GB/s
  [351.6s] 44550 copies, 5568.75 GB, avg 15.84 GB/s
  [352.0s] 44600 copies, 5575.00 GB, avg 15.84 GB/s
  [352.4s] 44650 copies, 5581.25 GB, avg 15.84 GB/s
  [352.8s] 44700 copies, 5587.50 GB, avg 15.84 GB/s
  [353.2s] 44750 copies, 5593.75 GB, avg 15.84 GB/s
  [353.6s] 44800 copies, 5600.00 GB, avg 15.84 GB/s
  [354.0s] 44850 copies, 5606.25 GB, avg 15.84 GB/s
  [354.4s] 44900 copies, 5612.50 GB, avg 15.84 GB/s
  [354.8s] 44950 copies, 5618.75 GB, avg 15.83 GB/s
  [355.2s] 45000 copies, 5625.00 GB, avg 15.84 GB/s
  [355.6s] 45050 copies, 5631.25 GB, avg 15.83 GB/s
  [356.0s] 45100 copies, 5637.50 GB, avg 15.83 GB/s
  [356.5s] 45150 copies, 5643.75 GB, avg 15.83 GB/s
  [356.8s] 45200 copies, 5650.00 GB, avg 15.83 GB/s
  [357.3s] 45250 copies, 5656.25 GB, avg 15.83 GB/s
  [357.7s] 45300 copies, 5662.50 GB, avg 15.83 GB/s
  [358.1s] 45350 copies, 5668.75 GB, avg 15.83 GB/s
  [358.5s] 45400 copies, 5675.00 GB, avg 15.83 GB/s
  [358.9s] 45450 copies, 5681.25 GB, avg 15.83 GB/s
  [359.3s] 45500 copies, 5687.50 GB, avg 15.83 GB/s
  [359.7s] 45550 copies, 5693.75 GB, avg 15.83 GB/s
  [360.1s] 45600 copies, 5700.00 GB, avg 15.83 GB/s
  [360.5s] 45650 copies, 5706.25 GB, avg 15.83 GB/s
  [360.9s] 45700 copies, 5712.50 GB, avg 15.83 GB/s
  [361.3s] 45750 copies, 5718.75 GB, avg 15.83 GB/s
  [361.8s] 45800 copies, 5725.00 GB, avg 15.83 GB/s
  [362.1s] 45850 copies, 5731.25 GB, avg 15.83 GB/s
  [362.6s] 45900 copies, 5737.50 GB, avg 15.82 GB/s
  [363.0s] 45950 copies, 5743.75 GB, avg 15.82 GB/s
  [363.4s] 46000 copies, 5750.00 GB, avg 15.82 GB/s
  [363.8s] 46050 copies, 5756.25 GB, avg 15.82 GB/s
  [364.2s] 46100 copies, 5762.50 GB, avg 15.82 GB/s
  [364.6s] 46150 copies, 5768.75 GB, avg 15.82 GB/s
  [365.0s] 46200 copies, 5775.00 GB, avg 15.82 GB/s
  [365.4s] 46250 copies, 5781.25 GB, avg 15.82 GB/s
  [365.8s] 46300 copies, 5787.50 GB, avg 15.82 GB/s
  [366.2s] 46350 copies, 5793.75 GB, avg 15.82 GB/s
  [366.5s] 46400 copies, 5800.00 GB, avg 15.82 GB/s
  [367.0s] 46450 copies, 5806.25 GB, avg 15.82 GB/s
  [367.3s] 46500 copies, 5812.50 GB, avg 15.82 GB/s
  [367.8s] 46550 copies, 5818.75 GB, avg 15.82 GB/s
  [368.2s] 46600 copies, 5825.00 GB, avg 15.82 GB/s
  [368.6s] 46650 copies, 5831.25 GB, avg 15.82 GB/s
  [369.0s] 46700 copies, 5837.50 GB, avg 15.82 GB/s
  [369.4s] 46750 copies, 5843.75 GB, avg 15.82 GB/s
  [369.8s] 46800 copies, 5850.00 GB, avg 15.82 GB/s
  [370.2s] 46850 copies, 5856.25 GB, avg 15.82 GB/s
  [370.6s] 46900 copies, 5862.50 GB, avg 15.82 GB/s
  [371.0s] 46950 copies, 5868.75 GB, avg 15.82 GB/s
  [371.4s] 47000 copies, 5875.00 GB, avg 15.82 GB/s
  [371.8s] 47050 copies, 5881.25 GB, avg 15.82 GB/s
  [372.2s] 47100 copies, 5887.50 GB, avg 15.82 GB/s
  [372.6s] 47150 copies, 5893.75 GB, avg 15.82 GB/s
  [373.0s] 47200 copies, 5900.00 GB, avg 15.82 GB/s
  [373.5s] 47250 copies, 5906.25 GB, avg 15.82 GB/s
  [373.8s] 47300 copies, 5912.50 GB, avg 15.82 GB/s
  [374.3s] 47350 copies, 5918.75 GB, avg 15.81 GB/s
  [374.6s] 47400 copies, 5925.00 GB, avg 15.81 GB/s
  [375.1s] 47450 copies, 5931.25 GB, avg 15.81 GB/s
  [375.4s] 47500 copies, 5937.50 GB, avg 15.81 GB/s
  [375.9s] 47550 copies, 5943.75 GB, avg 15.81 GB/s
  [376.3s] 47600 copies, 5950.00 GB, avg 15.81 GB/s
  [376.7s] 47650 copies, 5956.25 GB, avg 15.81 GB/s
  [377.1s] 47700 copies, 5962.50 GB, avg 15.81 GB/s
  [377.5s] 47750 copies, 5968.75 GB, avg 15.81 GB/s
  [377.9s] 47800 copies, 5975.00 GB, avg 15.81 GB/s
  [378.3s] 47850 copies, 5981.25 GB, avg 15.81 GB/s
  [378.7s] 47900 copies, 5987.50 GB, avg 15.81 GB/s
  [379.1s] 47950 copies, 5993.75 GB, avg 15.81 GB/s
  [379.6s] 48000 copies, 6000.00 GB, avg 15.81 GB/s
  [379.9s] 48050 copies, 6006.25 GB, avg 15.81 GB/s
  [380.4s] 48100 copies, 6012.50 GB, avg 15.81 GB/s
  [380.7s] 48150 copies, 6018.75 GB, avg 15.81 GB/s
  [381.2s] 48200 copies, 6025.00 GB, avg 15.81 GB/s
  [381.6s] 48250 copies, 6031.25 GB, avg 15.81 GB/s
  [382.0s] 48300 copies, 6037.50 GB, avg 15.81 GB/s
  [382.4s] 48350 copies, 6043.75 GB, avg 15.81 GB/s
  [382.8s] 48400 copies, 6050.00 GB, avg 15.81 GB/s
  [383.2s] 48450 copies, 6056.25 GB, avg 15.81 GB/s
  [383.6s] 48500 copies, 6062.50 GB, avg 15.80 GB/s
  [384.0s] 48550 copies, 6068.75 GB, avg 15.81 GB/s
  [384.4s] 48600 copies, 6075.00 GB, avg 15.80 GB/s
  [384.8s] 48650 copies, 6081.25 GB, avg 15.80 GB/s
  [385.2s] 48700 copies, 6087.50 GB, avg 15.80 GB/s
  [385.6s] 48750 copies, 6093.75 GB, avg 15.80 GB/s
  [386.0s] 48800 copies, 6100.00 GB, avg 15.80 GB/s
  [386.4s] 48850 copies, 6106.25 GB, avg 15.80 GB/s
  [386.8s] 48900 copies, 6112.50 GB, avg 15.80 GB/s
  [387.2s] 48950 copies, 6118.75 GB, avg 15.80 GB/s
  [387.6s] 49000 copies, 6125.00 GB, avg 15.80 GB/s
  [388.1s] 49050 copies, 6131.25 GB, avg 15.80 GB/s
  [388.5s] 49100 copies, 6137.50 GB, avg 15.80 GB/s
  [388.9s] 49150 copies, 6143.75 GB, avg 15.80 GB/s
  [389.3s] 49200 copies, 6150.00 GB, avg 15.80 GB/s
  [389.7s] 49250 copies, 6156.25 GB, avg 15.80 GB/s
  [390.1s] 49300 copies, 6162.50 GB, avg 15.80 GB/s
  [390.5s] 49350 copies, 6168.75 GB, avg 15.80 GB/s
  [390.9s] 49400 copies, 6175.00 GB, avg 15.80 GB/s
  [391.3s] 49450 copies, 6181.25 GB, avg 15.80 GB/s
  [391.7s] 49500 copies, 6187.50 GB, avg 15.80 GB/s
  [392.1s] 49550 copies, 6193.75 GB, avg 15.80 GB/s
  [392.5s] 49600 copies, 6200.00 GB, avg 15.80 GB/s
  [392.9s] 49650 copies, 6206.25 GB, avg 15.79 GB/s
  [393.3s] 49700 copies, 6212.50 GB, avg 15.79 GB/s
  [393.7s] 49750 copies, 6218.75 GB, avg 15.79 GB/s
  [394.1s] 49800 copies, 6225.00 GB, avg 15.79 GB/s
  [394.6s] 49850 copies, 6231.25 GB, avg 15.79 GB/s
  [394.9s] 49900 copies, 6237.50 GB, avg 15.79 GB/s
  [395.4s] 49950 copies, 6243.75 GB, avg 15.79 GB/s
  [395.8s] 50000 copies, 6250.00 GB, avg 15.79 GB/s
  [396.2s] 50050 copies, 6256.25 GB, avg 15.79 GB/s
  [396.6s] 50100 copies, 6262.50 GB, avg 15.79 GB/s
  [397.0s] 50150 copies, 6268.75 GB, avg 15.79 GB/s
  [397.4s] 50200 copies, 6275.00 GB, avg 15.79 GB/s
  [397.8s] 50250 copies, 6281.25 GB, avg 15.79 GB/s
  [398.2s] 50300 copies, 6287.50 GB, avg 15.79 GB/s
  [398.6s] 50350 copies, 6293.75 GB, avg 15.79 GB/s
  [399.0s] 50400 copies, 6300.00 GB, avg 15.79 GB/s
  [399.4s] 50450 copies, 6306.25 GB, avg 15.79 GB/s
  [399.8s] 50500 copies, 6312.50 GB, avg 15.79 GB/s
  [400.2s] 50550 copies, 6318.75 GB, avg 15.79 GB/s
  [400.7s] 50600 copies, 6325.00 GB, avg 15.79 GB/s
  [401.1s] 50650 copies, 6331.25 GB, avg 15.79 GB/s
  [401.5s] 50700 copies, 6337.50 GB, avg 15.78 GB/s
  [401.9s] 50750 copies, 6343.75 GB, avg 15.79 GB/s
  [402.3s] 50800 copies, 6350.00 GB, avg 15.78 GB/s
  [402.7s] 50850 copies, 6356.25 GB, avg 15.78 GB/s
  [403.1s] 50900 copies, 6362.50 GB, avg 15.78 GB/s
  [403.5s] 50950 copies, 6368.75 GB, avg 15.78 GB/s
  [403.9s] 51000 copies, 6375.00 GB, avg 15.78 GB/s
  [404.3s] 51050 copies, 6381.25 GB, avg 15.78 GB/s
  [404.7s] 51100 copies, 6387.50 GB, avg 15.78 GB/s
  [405.1s] 51150 copies, 6393.75 GB, avg 15.78 GB/s
  [405.5s] 51200 copies, 6400.00 GB, avg 15.78 GB/s
  [405.9s] 51250 copies, 6406.25 GB, avg 15.78 GB/s
  [406.4s] 51300 copies, 6412.50 GB, avg 15.78 GB/s
  [406.7s] 51350 copies, 6418.75 GB, avg 15.78 GB/s
  [407.2s] 51400 copies, 6425.00 GB, avg 15.78 GB/s
  [407.5s] 51450 copies, 6431.25 GB, avg 15.78 GB/s
  [408.0s] 51500 copies, 6437.50 GB, avg 15.78 GB/s
  [408.3s] 51550 copies, 6443.75 GB, avg 15.78 GB/s
  [408.8s] 51600 copies, 6450.00 GB, avg 15.78 GB/s
  [409.1s] 51650 copies, 6456.25 GB, avg 15.78 GB/s
  [409.6s] 51700 copies, 6462.50 GB, avg 15.78 GB/s
  [410.0s] 51750 copies, 6468.75 GB, avg 15.78 GB/s
  [410.4s] 51800 copies, 6475.00 GB, avg 15.78 GB/s
  [410.8s] 51850 copies, 6481.25 GB, avg 15.78 GB/s
  [411.2s] 51900 copies, 6487.50 GB, avg 15.78 GB/s
  [411.6s] 51950 copies, 6493.75 GB, avg 15.78 GB/s
  [412.0s] 52000 copies, 6500.00 GB, avg 15.78 GB/s
  [412.4s] 52050 copies, 6506.25 GB, avg 15.78 GB/s
  [412.8s] 52100 copies, 6512.50 GB, avg 15.78 GB/s
  [413.2s] 52150 copies, 6518.75 GB, avg 15.77 GB/s
  [413.6s] 52200 copies, 6525.00 GB, avg 15.78 GB/s
  [414.0s] 52250 copies, 6531.25 GB, avg 15.77 GB/s
  [414.4s] 52300 copies, 6537.50 GB, avg 15.78 GB/s
  [414.8s] 52350 copies, 6543.75 GB, avg 15.77 GB/s
  [415.2s] 52400 copies, 6550.00 GB, avg 15.77 GB/s
  [415.6s] 52450 copies, 6556.25 GB, avg 15.77 GB/s
  [416.0s] 52500 copies, 6562.50 GB, avg 15.77 GB/s
  [416.5s] 52550 copies, 6568.75 GB, avg 15.77 GB/s
  [416.8s] 52600 copies, 6575.00 GB, avg 15.77 GB/s
  [417.3s] 52650 copies, 6581.25 GB, avg 15.77 GB/s
  [417.6s] 52700 copies, 6587.50 GB, avg 15.77 GB/s
  [418.1s] 52750 copies, 6593.75 GB, avg 15.77 GB/s
  [418.5s] 52800 copies, 6600.00 GB, avg 15.77 GB/s
  [418.9s] 52850 copies, 6606.25 GB, avg 15.77 GB/s
  [419.3s] 52900 copies, 6612.50 GB, avg 15.77 GB/s
  [419.7s] 52950 copies, 6618.75 GB, avg 15.77 GB/s
  [420.1s] 53000 copies, 6625.00 GB, avg 15.77 GB/s
  [420.5s] 53050 copies, 6631.25 GB, avg 15.77 GB/s
  [420.9s] 53100 copies, 6637.50 GB, avg 15.77 GB/s
  [421.3s] 53150 copies, 6643.75 GB, avg 15.77 GB/s
  [421.7s] 53200 copies, 6650.00 GB, avg 15.77 GB/s
  [422.1s] 53250 copies, 6656.25 GB, avg 15.77 GB/s
  [422.5s] 53300 copies, 6662.50 GB, avg 15.77 GB/s
  [422.9s] 53350 copies, 6668.75 GB, avg 15.77 GB/s
  [423.3s] 53400 copies, 6675.00 GB, avg 15.77 GB/s
  [423.7s] 53450 copies, 6681.25 GB, avg 15.77 GB/s
  [424.1s] 53500 copies, 6687.50 GB, avg 15.77 GB/s
  [424.5s] 53550 copies, 6693.75 GB, avg 15.77 GB/s
  [424.9s] 53600 copies, 6700.00 GB, avg 15.77 GB/s
  [425.3s] 53650 copies, 6706.25 GB, avg 15.77 GB/s
  [425.8s] 53700 copies, 6712.50 GB, avg 15.77 GB/s
  [426.2s] 53750 copies, 6718.75 GB, avg 15.77 GB/s
  [426.6s] 53800 copies, 6725.00 GB, avg 15.77 GB/s
  [427.0s] 53850 copies, 6731.25 GB, avg 15.77 GB/s
  [427.4s] 53900 copies, 6737.50 GB, avg 15.76 GB/s
  [427.8s] 53950 copies, 6743.75 GB, avg 15.76 GB/s
  [428.2s] 54000 copies, 6750.00 GB, avg 15.76 GB/s
  [428.6s] 54050 copies, 6756.25 GB, avg 15.76 GB/s
  [429.0s] 54100 copies, 6762.50 GB, avg 15.76 GB/s
  [429.4s] 54150 copies, 6768.75 GB, avg 15.76 GB/s
  [429.8s] 54200 copies, 6775.00 GB, avg 15.76 GB/s
  [430.2s] 54250 copies, 6781.25 GB, avg 15.76 GB/s
  [430.6s] 54300 copies, 6787.50 GB, avg 15.76 GB/s
  [431.1s] 54350 copies, 6793.75 GB, avg 15.76 GB/s
  [431.5s] 54400 copies, 6800.00 GB, avg 15.76 GB/s
  [431.9s] 54450 copies, 6806.25 GB, avg 15.76 GB/s
  [432.3s] 54500 copies, 6812.50 GB, avg 15.76 GB/s
  [432.7s] 54550 copies, 6818.75 GB, avg 15.76 GB/s
  [433.1s] 54600 copies, 6825.00 GB, avg 15.76 GB/s
  [433.5s] 54650 copies, 6831.25 GB, avg 15.76 GB/s
  [433.9s] 54700 copies, 6837.50 GB, avg 15.76 GB/s
  [434.3s] 54750 copies, 6843.75 GB, avg 15.76 GB/s
  [434.7s] 54800 copies, 6850.00 GB, avg 15.76 GB/s
  [435.1s] 54850 copies, 6856.25 GB, avg 15.76 GB/s
  [435.6s] 54900 copies, 6862.50 GB, avg 15.76 GB/s
  [436.0s] 54950 copies, 6868.75 GB, avg 15.76 GB/s
  [436.4s] 55000 copies, 6875.00 GB, avg 15.75 GB/s
  [436.8s] 55050 copies, 6881.25 GB, avg 15.75 GB/s
  [437.2s] 55100 copies, 6887.50 GB, avg 15.75 GB/s
  [437.6s] 55150 copies, 6893.75 GB, avg 15.75 GB/s
  [438.0s] 55200 copies, 6900.00 GB, avg 15.75 GB/s
  [438.4s] 55250 copies, 6906.25 GB, avg 15.75 GB/s
  [438.8s] 55300 copies, 6912.50 GB, avg 15.75 GB/s
  [439.2s] 55350 copies, 6918.75 GB, avg 15.75 GB/s
  [439.7s] 55400 copies, 6925.00 GB, avg 15.75 GB/s
  [440.1s] 55450 copies, 6931.25 GB, avg 15.75 GB/s
  [440.5s] 55500 copies, 6937.50 GB, avg 15.75 GB/s
  [440.9s] 55550 copies, 6943.75 GB, avg 15.75 GB/s
  [441.3s] 55600 copies, 6950.00 GB, avg 15.75 GB/s
  [441.7s] 55650 copies, 6956.25 GB, avg 15.75 GB/s
  [442.1s] 55700 copies, 6962.50 GB, avg 15.75 GB/s
  [442.5s] 55750 copies, 6968.75 GB, avg 15.75 GB/s
  [442.9s] 55800 copies, 6975.00 GB, avg 15.75 GB/s
  [443.3s] 55850 copies, 6981.25 GB, avg 15.75 GB/s
  [443.7s] 55900 copies, 6987.50 GB, avg 15.75 GB/s
  [444.1s] 55950 copies, 6993.75 GB, avg 15.75 GB/s
  [444.5s] 56000 copies, 7000.00 GB, avg 15.75 GB/s
  [444.9s] 56050 copies, 7006.25 GB, avg 15.75 GB/s
  [445.3s] 56100 copies, 7012.50 GB, avg 15.75 GB/s
  [445.7s] 56150 copies, 7018.75 GB, avg 15.75 GB/s
  [446.2s] 56200 copies, 7025.00 GB, avg 15.75 GB/s
  [446.6s] 56250 copies, 7031.25 GB, avg 15.75 GB/s
  [447.0s] 56300 copies, 7037.50 GB, avg 15.74 GB/s
  [447.4s] 56350 copies, 7043.75 GB, avg 15.75 GB/s
  [447.8s] 56400 copies, 7050.00 GB, avg 15.74 GB/s
  [448.2s] 56450 copies, 7056.25 GB, avg 15.75 GB/s
  [448.6s] 56500 copies, 7062.50 GB, avg 15.74 GB/s
  [449.0s] 56550 copies, 7068.75 GB, avg 15.74 GB/s
  [449.4s] 56600 copies, 7075.00 GB, avg 15.74 GB/s
  [449.8s] 56650 copies, 7081.25 GB, avg 15.74 GB/s
  [450.2s] 56700 copies, 7087.50 GB, avg 15.74 GB/s
  [450.6s] 56750 copies, 7093.75 GB, avg 15.74 GB/s
  [451.0s] 56800 copies, 7100.00 GB, avg 15.74 GB/s
  [451.4s] 56850 copies, 7106.25 GB, avg 15.74 GB/s
  [451.8s] 56900 copies, 7112.50 GB, avg 15.74 GB/s
  [452.2s] 56950 copies, 7118.75 GB, avg 15.74 GB/s
  [452.7s] 57000 copies, 7125.00 GB, avg 15.74 GB/s
  [453.0s] 57050 copies, 7131.25 GB, avg 15.74 GB/s
  [453.5s] 57100 copies, 7137.50 GB, avg 15.74 GB/s
  [453.8s] 57150 copies, 7143.75 GB, avg 15.74 GB/s
  [454.3s] 57200 copies, 7150.00 GB, avg 15.74 GB/s
  [454.7s] 57250 copies, 7156.25 GB, avg 15.74 GB/s
  [455.1s] 57300 copies, 7162.50 GB, avg 15.74 GB/s
  [455.5s] 57350 copies, 7168.75 GB, avg 15.74 GB/s
  [455.9s] 57400 copies, 7175.00 GB, avg 15.74 GB/s
  [456.3s] 57450 copies, 7181.25 GB, avg 15.74 GB/s
  [456.7s] 57500 copies, 7187.50 GB, avg 15.74 GB/s
  [457.1s] 57550 copies, 7193.75 GB, avg 15.74 GB/s
  [457.5s] 57600 copies, 7200.00 GB, avg 15.74 GB/s
  [458.0s] 57650 copies, 7206.25 GB, avg 15.74 GB/s
  [458.4s] 57700 copies, 7212.50 GB, avg 15.74 GB/s
  [458.8s] 57750 copies, 7218.75 GB, avg 15.73 GB/s
  [459.2s] 57800 copies, 7225.00 GB, avg 15.74 GB/s
  [459.6s] 57850 copies, 7231.25 GB, avg 15.73 GB/s
  [460.0s] 57900 copies, 7237.50 GB, avg 15.73 GB/s
  [460.4s] 57950 copies, 7243.75 GB, avg 15.73 GB/s
  [460.8s] 58000 copies, 7250.00 GB, avg 15.73 GB/s
  [461.2s] 58050 copies, 7256.25 GB, avg 15.73 GB/s
  [461.6s] 58100 copies, 7262.50 GB, avg 15.73 GB/s
  [462.0s] 58150 copies, 7268.75 GB, avg 15.73 GB/s
  [462.4s] 58200 copies, 7275.00 GB, avg 15.73 GB/s
  [462.8s] 58250 copies, 7281.25 GB, avg 15.73 GB/s
  [463.2s] 58300 copies, 7287.50 GB, avg 15.73 GB/s
  [463.6s] 58350 copies, 7293.75 GB, avg 15.73 GB/s
  [464.0s] 58400 copies, 7300.00 GB, avg 15.73 GB/s
  [464.4s] 58450 copies, 7306.25 GB, avg 15.73 GB/s
  [464.8s] 58500 copies, 7312.50 GB, avg 15.73 GB/s
  [465.3s] 58550 copies, 7318.75 GB, avg 15.73 GB/s
  [465.6s] 58600 copies, 7325.00 GB, avg 15.73 GB/s
  [466.1s] 58650 copies, 7331.25 GB, avg 15.73 GB/s
  [466.4s] 58700 copies, 7337.50 GB, avg 15.73 GB/s
  [466.9s] 58750 copies, 7343.75 GB, avg 15.73 GB/s
  [467.2s] 58800 copies, 7350.00 GB, avg 15.73 GB/s
  [467.7s] 58850 copies, 7356.25 GB, avg 15.73 GB/s
  [468.0s] 58900 copies, 7362.50 GB, avg 15.73 GB/s
  [468.5s] 58950 copies, 7368.75 GB, avg 15.73 GB/s
  [468.8s] 59000 copies, 7375.00 GB, avg 15.73 GB/s
  [469.3s] 59050 copies, 7381.25 GB, avg 15.73 GB/s
  [469.7s] 59100 copies, 7387.50 GB, avg 15.73 GB/s
  [470.1s] 59150 copies, 7393.75 GB, avg 15.73 GB/s
  [470.5s] 59200 copies, 7400.00 GB, avg 15.73 GB/s
  [470.9s] 59250 copies, 7406.25 GB, avg 15.73 GB/s
  [471.3s] 59300 copies, 7412.50 GB, avg 15.73 GB/s
  [471.7s] 59350 copies, 7418.75 GB, avg 15.73 GB/s
  [472.1s] 59400 copies, 7425.00 GB, avg 15.73 GB/s
  [472.5s] 59450 copies, 7431.25 GB, avg 15.73 GB/s
  [473.0s] 59500 copies, 7437.50 GB, avg 15.73 GB/s
  [473.3s] 59550 copies, 7443.75 GB, avg 15.73 GB/s
  [473.8s] 59600 copies, 7450.00 GB, avg 15.73 GB/s
  [474.1s] 59650 copies, 7456.25 GB, avg 15.73 GB/s
  [474.6s] 59700 copies, 7462.50 GB, avg 15.72 GB/s
  [475.0s] 59750 copies, 7468.75 GB, avg 15.73 GB/s
  [475.4s] 59800 copies, 7475.00 GB, avg 15.72 GB/s
  [475.8s] 59850 copies, 7481.25 GB, avg 15.72 GB/s
  [476.2s] 59900 copies, 7487.50 GB, avg 15.72 GB/s
  [476.6s] 59950 copies, 7493.75 GB, avg 15.72 GB/s
  [477.0s] 60000 copies, 7500.00 GB, avg 15.72 GB/s
  [477.4s] 60050 copies, 7506.25 GB, avg 15.72 GB/s
  [477.8s] 60100 copies, 7512.50 GB, avg 15.72 GB/s
  [478.2s] 60150 copies, 7518.75 GB, avg 15.72 GB/s
  [478.6s] 60200 copies, 7525.00 GB, avg 15.72 GB/s
  [479.0s] 60250 copies, 7531.25 GB, avg 15.72 GB/s
  [479.4s] 60300 copies, 7537.50 GB, avg 15.72 GB/s
  [479.8s] 60350 copies, 7543.75 GB, avg 15.72 GB/s
  [480.2s] 60400 copies, 7550.00 GB, avg 15.72 GB/s
  [480.6s] 60450 copies, 7556.25 GB, avg 15.72 GB/s
  [481.0s] 60500 copies, 7562.50 GB, avg 15.72 GB/s
  [481.5s] 60550 copies, 7568.75 GB, avg 15.72 GB/s
  [481.9s] 60600 copies, 7575.00 GB, avg 15.72 GB/s
  [482.3s] 60650 copies, 7581.25 GB, avg 15.72 GB/s
  [482.7s] 60700 copies, 7587.50 GB, avg 15.72 GB/s
  [483.1s] 60750 copies, 7593.75 GB, avg 15.72 GB/s
  [483.5s] 60800 copies, 7600.00 GB, avg 15.72 GB/s
  [483.9s] 60850 copies, 7606.25 GB, avg 15.72 GB/s
  [484.3s] 60900 copies, 7612.50 GB, avg 15.72 GB/s
  [484.7s] 60950 copies, 7618.75 GB, avg 15.72 GB/s
  [485.1s] 61000 copies, 7625.00 GB, avg 15.72 GB/s
  [485.6s] 61050 copies, 7631.25 GB, avg 15.72 GB/s
  [486.0s] 61100 copies, 7637.50 GB, avg 15.72 GB/s
  [486.4s] 61150 copies, 7643.75 GB, avg 15.72 GB/s
  [486.8s] 61200 copies, 7650.00 GB, avg 15.72 GB/s
  [487.2s] 61250 copies, 7656.25 GB, avg 15.71 GB/s
  [487.6s] 61300 copies, 7662.50 GB, avg 15.72 GB/s
  [488.0s] 61350 copies, 7668.75 GB, avg 15.71 GB/s
  [488.4s] 61400 copies, 7675.00 GB, avg 15.71 GB/s
  [488.8s] 61450 copies, 7681.25 GB, avg 15.71 GB/s
  [489.2s] 61500 copies, 7687.50 GB, avg 15.71 GB/s
  [489.7s] 61550 copies, 7693.75 GB, avg 15.71 GB/s
  [490.1s] 61600 copies, 7700.00 GB, avg 15.71 GB/s
  [490.5s] 61650 copies, 7706.25 GB, avg 15.71 GB/s
  [490.9s] 61700 copies, 7712.50 GB, avg 15.71 GB/s
  [491.3s] 61750 copies, 7718.75 GB, avg 15.71 GB/s
  [491.8s] 61800 copies, 7725.00 GB, avg 15.71 GB/s
  [492.1s] 61850 copies, 7731.25 GB, avg 15.71 GB/s
  [492.6s] 61900 copies, 7737.50 GB, avg 15.71 GB/s
  [492.9s] 61950 copies, 7743.75 GB, avg 15.71 GB/s
  [493.4s] 62000 copies, 7750.00 GB, avg 15.71 GB/s
  [493.8s] 62050 copies, 7756.25 GB, avg 15.71 GB/s
  [494.2s] 62100 copies, 7762.50 GB, avg 15.71 GB/s
  [494.6s] 62150 copies, 7768.75 GB, avg 15.71 GB/s
  [495.0s] 62200 copies, 7775.00 GB, avg 15.71 GB/s
  [495.4s] 62250 copies, 7781.25 GB, avg 15.71 GB/s
  [495.8s] 62300 copies, 7787.50 GB, avg 15.71 GB/s
  [496.2s] 62350 copies, 7793.75 GB, avg 15.71 GB/s
  [496.6s] 62400 copies, 7800.00 GB, avg 15.71 GB/s
  [497.0s] 62450 copies, 7806.25 GB, avg 15.71 GB/s
  [497.5s] 62500 copies, 7812.50 GB, avg 15.70 GB/s
  [497.9s] 62550 copies, 7818.75 GB, avg 15.70 GB/s
  [498.3s] 62600 copies, 7825.00 GB, avg 15.70 GB/s
  [498.7s] 62650 copies, 7831.25 GB, avg 15.70 GB/s
  [499.1s] 62700 copies, 7837.50 GB, avg 15.70 GB/s
  [499.5s] 62750 copies, 7843.75 GB, avg 15.70 GB/s
  [499.9s] 62800 copies, 7850.00 GB, avg 15.70 GB/s
  [500.3s] 62850 copies, 7856.25 GB, avg 15.70 GB/s
  [500.7s] 62900 copies, 7862.50 GB, avg 15.70 GB/s
  [501.1s] 62950 copies, 7868.75 GB, avg 15.70 GB/s
  [501.5s] 63000 copies, 7875.00 GB, avg 15.70 GB/s
  [501.9s] 63050 copies, 7881.25 GB, avg 15.70 GB/s
  [502.3s] 63100 copies, 7887.50 GB, avg 15.70 GB/s
  [502.7s] 63150 copies, 7893.75 GB, avg 15.70 GB/s
  [503.1s] 63200 copies, 7900.00 GB, avg 15.70 GB/s
  [503.5s] 63250 copies, 7906.25 GB, avg 15.70 GB/s
  [503.9s] 63300 copies, 7912.50 GB, avg 15.70 GB/s
  [504.3s] 63350 copies, 7918.75 GB, avg 15.70 GB/s
  [504.7s] 63400 copies, 7925.00 GB, avg 15.70 GB/s
  [505.1s] 63450 copies, 7931.25 GB, avg 15.70 GB/s
  [505.5s] 63500 copies, 7937.50 GB, avg 15.70 GB/s
  [505.9s] 63550 copies, 7943.75 GB, avg 15.70 GB/s
  [506.4s] 63600 copies, 7950.00 GB, avg 15.70 GB/s
  [506.8s] 63650 copies, 7956.25 GB, avg 15.70 GB/s
  [507.2s] 63700 copies, 7962.50 GB, avg 15.70 GB/s
  [507.6s] 63750 copies, 7968.75 GB, avg 15.70 GB/s
  [508.0s] 63800 copies, 7975.00 GB, avg 15.70 GB/s
  [508.4s] 63850 copies, 7981.25 GB, avg 15.70 GB/s
  [508.8s] 63900 copies, 7987.50 GB, avg 15.70 GB/s
  [509.2s] 63950 copies, 7993.75 GB, avg 15.70 GB/s
  [509.6s] 64000 copies, 8000.00 GB, avg 15.70 GB/s
  [510.0s] 64050 copies, 8006.25 GB, avg 15.70 GB/s
  [510.4s] 64100 copies, 8012.50 GB, avg 15.70 GB/s
  [510.8s] 64150 copies, 8018.75 GB, avg 15.70 GB/s
  [511.2s] 64200 copies, 8025.00 GB, avg 15.70 GB/s
  [511.6s] 64250 copies, 8031.25 GB, avg 15.70 GB/s
  [512.1s] 64300 copies, 8037.50 GB, avg 15.70 GB/s
  [512.4s] 64350 copies, 8043.75 GB, avg 15.70 GB/s
  [512.9s] 64400 copies, 8050.00 GB, avg 15.70 GB/s
  [513.3s] 64450 copies, 8056.25 GB, avg 15.70 GB/s
  [513.7s] 64500 copies, 8062.50 GB, avg 15.70 GB/s
  [514.1s] 64550 copies, 8068.75 GB, avg 15.70 GB/s
  [514.5s] 64600 copies, 8075.00 GB, avg 15.70 GB/s
  [514.9s] 64650 copies, 8081.25 GB, avg 15.70 GB/s
  [515.3s] 64700 copies, 8087.50 GB, avg 15.70 GB/s
  [515.7s] 64750 copies, 8093.75 GB, avg 15.70 GB/s
  [516.1s] 64800 copies, 8100.00 GB, avg 15.70 GB/s
  [516.5s] 64850 copies, 8106.25 GB, avg 15.70 GB/s
  [516.9s] 64900 copies, 8112.50 GB, avg 15.70 GB/s
  [517.3s] 64950 copies, 8118.75 GB, avg 15.70 GB/s
  [517.7s] 65000 copies, 8125.00 GB, avg 15.69 GB/s
  [518.1s] 65050 copies, 8131.25 GB, avg 15.70 GB/s
  [518.5s] 65100 copies, 8137.50 GB, avg 15.69 GB/s
  [518.9s] 65150 copies, 8143.75 GB, avg 15.69 GB/s
  [519.3s] 65200 copies, 8150.00 GB, avg 15.69 GB/s
  [519.7s] 65250 copies, 8156.25 GB, avg 15.69 GB/s
  [520.1s] 65300 copies, 8162.50 GB, avg 15.69 GB/s
  [520.5s] 65350 copies, 8168.75 GB, avg 15.69 GB/s
  [520.9s] 65400 copies, 8175.00 GB, avg 15.69 GB/s
  [521.3s] 65450 copies, 8181.25 GB, avg 15.69 GB/s
  [521.7s] 65500 copies, 8187.50 GB, avg 15.69 GB/s
  [522.2s] 65550 copies, 8193.75 GB, avg 15.69 GB/s
  [522.6s] 65600 copies, 8200.00 GB, avg 15.69 GB/s
  [523.0s] 65650 copies, 8206.25 GB, avg 15.69 GB/s
  [523.4s] 65700 copies, 8212.50 GB, avg 15.69 GB/s
  [523.8s] 65750 copies, 8218.75 GB, avg 15.69 GB/s
  [524.2s] 65800 copies, 8225.00 GB, avg 15.69 GB/s
  [524.6s] 65850 copies, 8231.25 GB, avg 15.69 GB/s
  [525.0s] 65900 copies, 8237.50 GB, avg 15.69 GB/s
  [525.4s] 65950 copies, 8243.75 GB, avg 15.69 GB/s
  [525.8s] 66000 copies, 8250.00 GB, avg 15.69 GB/s
  [526.2s] 66050 copies, 8256.25 GB, avg 15.69 GB/s
  [526.6s] 66100 copies, 8262.50 GB, avg 15.69 GB/s
  [527.0s] 66150 copies, 8268.75 GB, avg 15.69 GB/s
  [527.5s] 66200 copies, 8275.00 GB, avg 15.69 GB/s
  [527.9s] 66250 copies, 8281.25 GB, avg 15.69 GB/s
  [528.3s] 66300 copies, 8287.50 GB, avg 15.69 GB/s
  [528.7s] 66350 copies, 8293.75 GB, avg 15.69 GB/s
  [529.1s] 66400 copies, 8300.00 GB, avg 15.69 GB/s
  [529.5s] 66450 copies, 8306.25 GB, avg 15.69 GB/s
  [529.9s] 66500 copies, 8312.50 GB, avg 15.69 GB/s
  [530.3s] 66550 copies, 8318.75 GB, avg 15.69 GB/s
  [530.7s] 66600 copies, 8325.00 GB, avg 15.69 GB/s
  [531.1s] 66650 copies, 8331.25 GB, avg 15.69 GB/s
  [531.5s] 66700 copies, 8337.50 GB, avg 15.69 GB/s
  [531.9s] 66750 copies, 8343.75 GB, avg 15.69 GB/s
  [532.3s] 66800 copies, 8350.00 GB, avg 15.69 GB/s
  [532.7s] 66850 copies, 8356.25 GB, avg 15.69 GB/s
  [533.1s] 66900 copies, 8362.50 GB, avg 15.69 GB/s
  [533.5s] 66950 copies, 8368.75 GB, avg 15.69 GB/s
  [533.9s] 67000 copies, 8375.00 GB, avg 15.69 GB/s
  [534.4s] 67050 copies, 8381.25 GB, avg 15.68 GB/s
  [534.8s] 67100 copies, 8387.50 GB, avg 15.68 GB/s
  [535.2s] 67150 copies, 8393.75 GB, avg 15.68 GB/s
  [535.6s] 67200 copies, 8400.00 GB, avg 15.68 GB/s
  [536.0s] 67250 copies, 8406.25 GB, avg 15.68 GB/s
  [536.4s] 67300 copies, 8412.50 GB, avg 15.68 GB/s
  [536.8s] 67350 copies, 8418.75 GB, avg 15.68 GB/s
  [537.2s] 67400 copies, 8425.00 GB, avg 15.68 GB/s
  [537.6s] 67450 copies, 8431.25 GB, avg 15.68 GB/s
  [538.1s] 67500 copies, 8437.50 GB, avg 15.68 GB/s
  [538.4s] 67550 copies, 8443.75 GB, avg 15.68 GB/s
  [538.8s] 67600 copies, 8450.00 GB, avg 15.68 GB/s
  [539.3s] 67650 copies, 8456.25 GB, avg 15.68 GB/s
  [539.7s] 67700 copies, 8462.50 GB, avg 15.68 GB/s
  [540.1s] 67750 copies, 8468.75 GB, avg 15.68 GB/s
  [540.5s] 67800 copies, 8475.00 GB, avg 15.68 GB/s
  [540.9s] 67850 copies, 8481.25 GB, avg 15.68 GB/s
  [541.3s] 67900 copies, 8487.50 GB, avg 15.68 GB/s
  [541.7s] 67950 copies, 8493.75 GB, avg 15.68 GB/s
  [542.1s] 68000 copies, 8500.00 GB, avg 15.68 GB/s
  [542.5s] 68050 copies, 8506.25 GB, avg 15.68 GB/s
  [542.9s] 68100 copies, 8512.50 GB, avg 15.68 GB/s
  [543.3s] 68150 copies, 8518.75 GB, avg 15.68 GB/s
  [543.7s] 68200 copies, 8525.00 GB, avg 15.68 GB/s
  [544.1s] 68250 copies, 8531.25 GB, avg 15.68 GB/s
  [544.5s] 68300 copies, 8537.50 GB, avg 15.68 GB/s
  [544.9s] 68350 copies, 8543.75 GB, avg 15.68 GB/s
  [545.3s] 68400 copies, 8550.00 GB, avg 15.68 GB/s
  [545.7s] 68450 copies, 8556.25 GB, avg 15.68 GB/s
  [546.1s] 68500 copies, 8562.50 GB, avg 15.68 GB/s
  [546.6s] 68550 copies, 8568.75 GB, avg 15.68 GB/s
  [546.9s] 68600 copies, 8575.00 GB, avg 15.68 GB/s
  [547.4s] 68650 copies, 8581.25 GB, avg 15.68 GB/s
  [547.8s] 68700 copies, 8587.50 GB, avg 15.68 GB/s
  [548.2s] 68750 copies, 8593.75 GB, avg 15.68 GB/s
  [548.6s] 68800 copies, 8600.00 GB, avg 15.68 GB/s
  [549.0s] 68850 copies, 8606.25 GB, avg 15.68 GB/s
  [549.4s] 68900 copies, 8612.50 GB, avg 15.68 GB/s
  [549.8s] 68950 copies, 8618.75 GB, avg 15.68 GB/s
  [550.2s] 69000 copies, 8625.00 GB, avg 15.68 GB/s
  [550.6s] 69050 copies, 8631.25 GB, avg 15.68 GB/s
  [551.0s] 69100 copies, 8637.50 GB, avg 15.68 GB/s
  [551.4s] 69150 copies, 8643.75 GB, avg 15.68 GB/s
  [551.8s] 69200 copies, 8650.00 GB, avg 15.68 GB/s
  [552.2s] 69250 copies, 8656.25 GB, avg 15.67 GB/s
  [552.6s] 69300 copies, 8662.50 GB, avg 15.68 GB/s
  [553.0s] 69350 copies, 8668.75 GB, avg 15.67 GB/s
  [553.4s] 69400 copies, 8675.00 GB, avg 15.68 GB/s
  [553.8s] 69450 copies, 8681.25 GB, avg 15.67 GB/s
  [554.3s] 69500 copies, 8687.50 GB, avg 15.67 GB/s
  [554.7s] 69550 copies, 8693.75 GB, avg 15.67 GB/s
  [555.1s] 69600 copies, 8700.00 GB, avg 15.67 GB/s
  [555.5s] 69650 copies, 8706.25 GB, avg 15.67 GB/s
  [555.9s] 69700 copies, 8712.50 GB, avg 15.67 GB/s
  [556.3s] 69750 copies, 8718.75 GB, avg 15.67 GB/s
  [556.7s] 69800 copies, 8725.00 GB, avg 15.67 GB/s
  [557.1s] 69850 copies, 8731.25 GB, avg 15.67 GB/s
  [557.6s] 69900 copies, 8737.50 GB, avg 15.67 GB/s
  [557.9s] 69950 copies, 8743.75 GB, avg 15.67 GB/s
  [558.4s] 70000 copies, 8750.00 GB, avg 15.67 GB/s
  [558.7s] 70050 copies, 8756.25 GB, avg 15.67 GB/s
  [559.2s] 70100 copies, 8762.50 GB, avg 15.67 GB/s
  [559.5s] 70150 copies, 8768.75 GB, avg 15.67 GB/s
  [560.0s] 70200 copies, 8775.00 GB, avg 15.67 GB/s
  [560.3s] 70250 copies, 8781.25 GB, avg 15.67 GB/s
  [560.8s] 70300 copies, 8787.50 GB, avg 15.67 GB/s
  [561.2s] 70350 copies, 8793.75 GB, avg 15.67 GB/s
  [561.6s] 70400 copies, 8800.00 GB, avg 15.67 GB/s
  [562.0s] 70450 copies, 8806.25 GB, avg 15.67 GB/s
  [562.4s] 70500 copies, 8812.50 GB, avg 15.67 GB/s
  [562.8s] 70550 copies, 8818.75 GB, avg 15.67 GB/s
  [563.2s] 70600 copies, 8825.00 GB, avg 15.67 GB/s
  [563.6s] 70650 copies, 8831.25 GB, avg 15.67 GB/s
  [564.0s] 70700 copies, 8837.50 GB, avg 15.67 GB/s
  [564.4s] 70750 copies, 8843.75 GB, avg 15.67 GB/s
  [564.9s] 70800 copies, 8850.00 GB, avg 15.67 GB/s
  [565.3s] 70850 copies, 8856.25 GB, avg 15.67 GB/s
  [565.7s] 70900 copies, 8862.50 GB, avg 15.67 GB/s
  [566.1s] 70950 copies, 8868.75 GB, avg 15.67 GB/s
  [566.5s] 71000 copies, 8875.00 GB, avg 15.67 GB/s
  [566.9s] 71050 copies, 8881.25 GB, avg 15.67 GB/s
  [567.3s] 71100 copies, 8887.50 GB, avg 15.67 GB/s
  [567.7s] 71150 copies, 8893.75 GB, avg 15.67 GB/s
  [568.1s] 71200 copies, 8900.00 GB, avg 15.67 GB/s
  [568.6s] 71250 copies, 8906.25 GB, avg 15.66 GB/s
  [568.9s] 71300 copies, 8912.50 GB, avg 15.67 GB/s
  [569.4s] 71350 copies, 8918.75 GB, avg 15.66 GB/s
  [569.8s] 71400 copies, 8925.00 GB, avg 15.66 GB/s
  [570.2s] 71450 copies, 8931.25 GB, avg 15.66 GB/s
  [570.6s] 71500 copies, 8937.50 GB, avg 15.66 GB/s
  [571.0s] 71550 copies, 8943.75 GB, avg 15.66 GB/s
  [571.4s] 71600 copies, 8950.00 GB, avg 15.66 GB/s
  [571.8s] 71650 copies, 8956.25 GB, avg 15.66 GB/s
  [572.2s] 71700 copies, 8962.50 GB, avg 15.66 GB/s
  [572.6s] 71750 copies, 8968.75 GB, avg 15.66 GB/s
  [573.0s] 71800 copies, 8975.00 GB, avg 15.66 GB/s
  [573.4s] 71850 copies, 8981.25 GB, avg 15.66 GB/s
  [573.8s] 71900 copies, 8987.50 GB, avg 15.66 GB/s
  [574.2s] 71950 copies, 8993.75 GB, avg 15.66 GB/s
  [574.6s] 72000 copies, 9000.00 GB, avg 15.66 GB/s
  [575.0s] 72050 copies, 9006.25 GB, avg 15.66 GB/s
  [575.4s] 72100 copies, 9012.50 GB, avg 15.66 GB/s
  [575.8s] 72150 copies, 9018.75 GB, avg 15.66 GB/s
  [576.2s] 72200 copies, 9025.00 GB, avg 15.66 GB/s
  [576.7s] 72250 copies, 9031.25 GB, avg 15.66 GB/s
  [577.0s] 72300 copies, 9037.50 GB, avg 15.66 GB/s
  [577.5s] 72350 copies, 9043.75 GB, avg 15.66 GB/s
  [577.8s] 72400 copies, 9050.00 GB, avg 15.66 GB/s
  [578.3s] 72450 copies, 9056.25 GB, avg 15.66 GB/s
  [578.7s] 72500 copies, 9062.50 GB, avg 15.66 GB/s
  [579.1s] 72550 copies, 9068.75 GB, avg 15.66 GB/s
  [579.5s] 72600 copies, 9075.00 GB, avg 15.66 GB/s
  [579.9s] 72650 copies, 9081.25 GB, avg 15.66 GB/s
  [580.3s] 72700 copies, 9087.50 GB, avg 15.66 GB/s
  [580.7s] 72750 copies, 9093.75 GB, avg 15.66 GB/s
  [581.1s] 72800 copies, 9100.00 GB, avg 15.66 GB/s
  [581.5s] 72850 copies, 9106.25 GB, avg 15.66 GB/s
  [581.9s] 72900 copies, 9112.50 GB, avg 15.66 GB/s
  [582.3s] 72950 copies, 9118.75 GB, avg 15.66 GB/s
  [582.7s] 73000 copies, 9125.00 GB, avg 15.66 GB/s
  [583.1s] 73050 copies, 9131.25 GB, avg 15.66 GB/s
  [583.5s] 73100 copies, 9137.50 GB, avg 15.66 GB/s
  [583.9s] 73150 copies, 9143.75 GB, avg 15.66 GB/s
  [584.3s] 73200 copies, 9150.00 GB, avg 15.66 GB/s
  [584.7s] 73250 copies, 9156.25 GB, avg 15.66 GB/s
  [585.2s] 73300 copies, 9162.50 GB, avg 15.66 GB/s
  [585.5s] 73350 copies, 9168.75 GB, avg 15.66 GB/s
  [586.0s] 73400 copies, 9175.00 GB, avg 15.66 GB/s
  [586.3s] 73450 copies, 9181.25 GB, avg 15.66 GB/s
  [586.8s] 73500 copies, 9187.50 GB, avg 15.66 GB/s
  [587.1s] 73550 copies, 9193.75 GB, avg 15.66 GB/s
  [587.6s] 73600 copies, 9200.00 GB, avg 15.66 GB/s
  [588.0s] 73650 copies, 9206.25 GB, avg 15.66 GB/s
  [588.4s] 73700 copies, 9212.50 GB, avg 15.66 GB/s
  [588.8s] 73750 copies, 9218.75 GB, avg 15.66 GB/s
  [589.2s] 73800 copies, 9225.00 GB, avg 15.66 GB/s
  [589.6s] 73850 copies, 9231.25 GB, avg 15.66 GB/s
  [590.0s] 73900 copies, 9237.50 GB, avg 15.66 GB/s
  [590.4s] 73950 copies, 9243.75 GB, avg 15.66 GB/s
  [590.8s] 74000 copies, 9250.00 GB, avg 15.66 GB/s
  [591.2s] 74050 copies, 9256.25 GB, avg 15.66 GB/s
  [591.6s] 74100 copies, 9262.50 GB, avg 15.66 GB/s
  [592.0s] 74150 copies, 9268.75 GB, avg 15.66 GB/s
  [592.4s] 74200 copies, 9275.00 GB, avg 15.66 GB/s
  [592.8s] 74250 copies, 9281.25 GB, avg 15.66 GB/s
  [593.2s] 74300 copies, 9287.50 GB, avg 15.66 GB/s
  [593.6s] 74350 copies, 9293.75 GB, avg 15.66 GB/s
  [594.0s] 74400 copies, 9300.00 GB, avg 15.66 GB/s
  [594.5s] 74450 copies, 9306.25 GB, avg 15.65 GB/s
  [594.9s] 74500 copies, 9312.50 GB, avg 15.65 GB/s
  [595.3s] 74550 copies, 9318.75 GB, avg 15.65 GB/s
  [595.7s] 74600 copies, 9325.00 GB, avg 15.65 GB/s
  [596.1s] 74650 copies, 9331.25 GB, avg 15.65 GB/s
  [596.5s] 74700 copies, 9337.50 GB, avg 15.65 GB/s
  [596.9s] 74750 copies, 9343.75 GB, avg 15.65 GB/s
  [597.3s] 74800 copies, 9350.00 GB, avg 15.65 GB/s
  [597.7s] 74850 copies, 9356.25 GB, avg 15.65 GB/s
  [598.1s] 74900 copies, 9362.50 GB, avg 15.65 GB/s
  [598.5s] 74950 copies, 9368.75 GB, avg 15.65 GB/s
  [598.9s] 75000 copies, 9375.00 GB, avg 15.65 GB/s
  [599.3s] 75050 copies, 9381.25 GB, avg 15.65 GB/s
  [599.7s] 75100 copies, 9387.50 GB, avg 15.65 GB/s

已达到持续时间 600 秒，停止注入

============================================================
带宽竞争注入统计
============================================================
  总 memcpy 次数: 75138
  总传输数据: 9392.25 GB
============================================================
✓ ProbeExecutor 已关闭
[Fri Jun 12 16:14:58 CST 2026] 第2次注入结束
[Fri Jun 12 16:14:58 CST 2026] 自动注入任务完成
