nohup: ignoring input
============================================================
FlowGap Online Probe Loop (Timestamped)
  Trace log:  ../data/collected/p0.4_raw.log
  Policy:     flowgap_predictive
  Budget:     10 probes/s
  Dry run:    False
  Once mode:  False
============================================================

Opening probe executor (AscendCL)...
  OK — executor ready

Waiting for trace file: ../data/collected/p0.4_raw.log
  Found. Starting to poll...
  [2026-06-12 16:32:11.280] [LAT] Path 40797: 63.3µs (0.1GB/s)
  [2026-06-12 16:32:11.290] [BW] Path 40797: 7513.3µs (17.9GB/s)
  [2026-06-12 16:32:11.298] [BW] Path 40797: 6603.5µs (20.3GB/s)
  [2026-06-12 16:32:11.308] [BW] Path 40797: 8497.6µs (15.8GB/s)
  [2026-06-12 16:32:11.309] [LAT] Path 40797: 28.0µs (0.1GB/s)
  [2026-06-12 16:32:11.320] [BW] Path 40797: 8655.8µs (15.5GB/s)
  [2026-06-12 16:32:11.328] [BW] Path 40797: 6675.2µs (20.1GB/s)
  [2026-06-12 16:32:11.338] [BW] Path 40797: 8624.6µs (15.6GB/s)
  [2026-06-12 16:32:11.341] [LAT] Path 40797: 100.7µs (0.0GB/s)
  [2026-06-12 16:32:11.349] [BW] Path 40797: 6605.8µs (20.3GB/s)
  [2026-06-12 16:32:12.398] [BW] Path 18787: 11549.9µs (11.6GB/s)
  [2026-06-12 16:32:12.400] [LAT] Path 18787: 29.0µs (0.1GB/s)
  [2026-06-12 16:32:12.408] [BW] Path 18787: 6570.7µs (20.4GB/s)
  [2026-06-12 16:32:12.416] [BW] Path 18787: 6564.1µs (20.4GB/s)
  [2026-06-12 16:32:12.424] [BW] Path 18787: 6597.3µs (20.3GB/s)
  [2026-06-12 16:32:12.426] [LAT] Path 18787: 32.6µs (0.1GB/s)
  [2026-06-12 16:32:12.434] [BW] Path 18787: 6627.9µs (20.2GB/s)
  [2026-06-12 16:32:12.442] [BW] Path 18787: 6586.2µs (20.4GB/s)
  [2026-06-12 16:32:12.450] [BW] Path 18787: 6588.2µs (20.4GB/s)
  [2026-06-12 16:32:12.452] [LAT] Path 18787: 25.4µs (0.2GB/s)
  [2026-06-12 16:32:13.792] [BW] Path 8351: 6619.3µs (20.3GB/s)
  [2026-06-12 16:32:13.804] [BW] Path 8351: 9906.9µs (13.6GB/s)
  [2026-06-12 16:32:13.812] [BW] Path 8351: 6576.5µs (20.4GB/s)
  [2026-06-12 16:32:13.820] [BW] Path 8351: 6565.1µs (20.4GB/s)
  [2026-06-12 16:32:13.831] [BW] Path 8351: 9467.2µs (14.2GB/s)
  [2026-06-12 16:32:13.839] [BW] Path 8351: 6578.7µs (20.4GB/s)
  [2026-06-12 16:32:13.847] [BW] Path 8351: 6574.8µs (20.4GB/s)
  [2026-06-12 16:32:13.856] [BW] Path 8351: 7978.3µs (16.8GB/s)
  [2026-06-12 16:32:13.867] [BW] Path 8351: 8841.5µs (15.2GB/s)
  [2026-06-12 16:32:13.875] [BW] Path 8351: 6607.8µs (20.3GB/s)
  [2026-06-12 16:32:14.944] [BW] Path 45135: 7199.5µs (18.6GB/s)
  [2026-06-12 16:32:14.953] [BW] Path 45135: 6967.6µs (19.3GB/s)
  [2026-06-12 16:32:14.961] [BW] Path 45135: 7089.2µs (18.9GB/s)
  [2026-06-12 16:32:14.971] [BW] Path 45135: 8023.4µs (16.7GB/s)
  [2026-06-12 16:32:14.982] [BW] Path 45135: 9335.3µs (14.4GB/s)
  [2026-06-12 16:32:14.990] [BW] Path 45135: 6711.5µs (20.0GB/s)
  [2026-06-12 16:32:14.998] [BW] Path 45135: 6581.5µs (20.4GB/s)
  [2026-06-12 16:32:15.009] [BW] Path 45135: 9476.9µs (14.2GB/s)
  [2026-06-12 16:32:15.017] [BW] Path 45135: 6732.1µs (19.9GB/s)
  [2026-06-12 16:32:15.025] [BW] Path 45135: 6607.3µs (20.3GB/s)
  [2026-06-12 16:32:16.185] [LAT] Path 51197: 251.1µs (0.0GB/s)
  [2026-06-12 16:32:16.187] [LAT] Path 51197: 404.4µs (0.0GB/s)
  [2026-06-12 16:32:16.189] [LAT] Path 51197: 76.6µs (0.1GB/s)
  [2026-06-12 16:32:16.191] [LAT] Path 51197: 75.8µs (0.1GB/s)
  [2026-06-12 16:32:16.192] [LAT] Path 51197: 76.0µs (0.1GB/s)
  [2026-06-12 16:32:16.194] [LAT] Path 51197: 74.6µs (0.1GB/s)
  [2026-06-12 16:32:16.196] [LAT] Path 51197: 76.7µs (0.1GB/s)
  [2026-06-12 16:32:16.197] [LAT] Path 51197: 76.4µs (0.1GB/s)
  [2026-06-12 16:32:16.199] [LAT] Path 51197: 78.6µs (0.1GB/s)
  [2026-06-12 16:32:16.201] [LAT] Path 51197: 75.8µs (0.1GB/s)
  [2026-06-12 16:32:17.420] [BW] Path 8351: 6891.8µs (19.5GB/s)
  [2026-06-12 16:32:17.429] [BW] Path 8351: 7281.0µs (18.4GB/s)
  [2026-06-12 16:32:17.438] [BW] Path 8351: 6766.7µs (19.8GB/s)
  [2026-06-12 16:32:17.448] [BW] Path 8351: 8498.1µs (15.8GB/s)
  [2026-06-12 16:32:17.458] [BW] Path 8351: 9243.3µs (14.5GB/s)
  [2026-06-12 16:32:17.466] [BW] Path 8351: 6571.0µs (20.4GB/s)
  [2026-06-12 16:32:17.475] [BW] Path 8351: 6560.7µs (20.5GB/s)
  [2026-06-12 16:32:17.485] [BW] Path 8351: 9292.7µs (14.4GB/s)
  [2026-06-12 16:32:17.494] [BW] Path 8351: 6607.3µs (20.3GB/s)
  [2026-06-12 16:32:17.502] [BW] Path 8351: 6716.9µs (20.0GB/s)
  [2026-06-12 16:32:18.536] [LAT] Path 51197: 186.2µs (0.0GB/s)
  [2026-06-12 16:32:18.538] [LAT] Path 51197: 99.8µs (0.0GB/s)
  [2026-06-12 16:32:18.546] [BW] Path 51197: 6536.2µs (20.5GB/s)
  [2026-06-12 16:32:18.554] [BW] Path 51197: 6889.2µs (19.5GB/s)
  [2026-06-12 16:32:18.562] [BW] Path 51197: 6564.4µs (20.4GB/s)
  [2026-06-12 16:32:18.570] [BW] Path 51197: 6559.1µs (20.5GB/s)
  [2026-06-12 16:32:18.578] [BW] Path 51197: 6527.2µs (20.6GB/s)
  [2026-06-12 16:32:18.587] [BW] Path 51197: 6572.8µs (20.4GB/s)
  [2026-06-12 16:32:18.595] [BW] Path 51197: 6523.8µs (20.6GB/s)
  [2026-06-12 16:32:18.603] [BW] Path 51197: 6568.6µs (20.4GB/s)
  [2026-06-12 16:33:10.451] [LAT] Path 27010: 169.8µs (0.0GB/s)
  [2026-06-12 16:33:10.453] [LAT] Path 27010: 81.7µs (0.1GB/s)
  [2026-06-12 16:33:10.454] [LAT] Path 27010: 79.2µs (0.1GB/s)
  [2026-06-12 16:33:10.456] [LAT] Path 27010: 86.1µs (0.1GB/s)
  [2026-06-12 16:33:10.457] [LAT] Path 27010: 80.0µs (0.1GB/s)
  [2026-06-12 16:33:10.459] [LAT] Path 27010: 77.8µs (0.1GB/s)
  [2026-06-12 16:33:10.461] [LAT] Path 27010: 75.5µs (0.1GB/s)
  [2026-06-12 16:33:10.462] [LAT] Path 27010: 75.6µs (0.1GB/s)
  [2026-06-12 16:33:10.464] [LAT] Path 27010: 80.0µs (0.1GB/s)
  [2026-06-12 16:33:10.465] [LAT] Path 27010: 77.5µs (0.1GB/s)
  [2026-06-12 16:33:10.981] [LAT] Path 27010: 141.8µs (0.0GB/s)
  [2026-06-12 16:33:10.983] [LAT] Path 27010: 75.8µs (0.1GB/s)
  [2026-06-12 16:33:10.985] [LAT] Path 27010: 73.3µs (0.1GB/s)
  [2026-06-12 16:33:10.986] [LAT] Path 27010: 73.4µs (0.1GB/s)
  [2026-06-12 16:33:10.988] [LAT] Path 27010: 71.7µs (0.1GB/s)
  [2026-06-12 16:33:10.989] [LAT] Path 27010: 68.5µs (0.1GB/s)
  [2026-06-12 16:33:10.991] [LAT] Path 27010: 72.9µs (0.1GB/s)
  [2026-06-12 16:33:10.992] [LAT] Path 27010: 73.0µs (0.1GB/s)
  [2026-06-12 16:33:10.994] [LAT] Path 27010: 71.8µs (0.1GB/s)
  [2026-06-12 16:33:10.996] [LAT] Path 27010: 73.3µs (0.1GB/s)
  [2026-06-12 16:33:12.024] [LAT] Path 45135: 168.9µs (0.0GB/s)
  [2026-06-12 16:33:12.025] [LAT] Path 45135: 75.3µs (0.1GB/s)
  [2026-06-12 16:33:12.026] [LAT] Path 45135: 84.0µs (0.1GB/s)
  [2026-06-12 16:33:12.028] [LAT] Path 45135: 77.8µs (0.1GB/s)
  [2026-06-12 16:33:12.029] [LAT] Path 45135: 79.1µs (0.1GB/s)
  [2026-06-12 16:33:12.031] [LAT] Path 45135: 76.2µs (0.1GB/s)
  [2026-06-12 16:33:12.032] [LAT] Path 45135: 73.3µs (0.1GB/s)
  [2026-06-12 16:33:12.034] [LAT] Path 45135: 69.3µs (0.1GB/s)
  [2026-06-12 16:33:12.035] [LAT] Path 45135: 77.3µs (0.1GB/s)
  [2026-06-12 16:33:12.037] [LAT] Path 45135: 73.1µs (0.1GB/s)
  [2026-06-12 16:33:13.061] [LAT] Path 45135: 165.5µs (0.0GB/s)
  [2026-06-12 16:33:13.063] [LAT] Path 45135: 79.8µs (0.1GB/s)
  [2026-06-12 16:33:13.064] [LAT] Path 45135: 79.0µs (0.1GB/s)
  [2026-06-12 16:33:13.066] [LAT] Path 45135: 75.6µs (0.1GB/s)
  [2026-06-12 16:33:13.068] [LAT] Path 45135: 75.5µs (0.1GB/s)
  [2026-06-12 16:33:13.069] [LAT] Path 45135: 75.0µs (0.1GB/s)
  [2026-06-12 16:33:13.071] [LAT] Path 45135: 74.2µs (0.1GB/s)
  [2026-06-12 16:33:13.072] [LAT] Path 45135: 75.4µs (0.1GB/s)
  [2026-06-12 16:33:13.074] [LAT] Path 45135: 75.3µs (0.1GB/s)
  [2026-06-12 16:33:13.075] [LAT] Path 45135: 74.8µs (0.1GB/s)
  [2026-06-12 16:33:14.611] [LAT] Path 18787: 145.5µs (0.0GB/s)
  [2026-06-12 16:33:14.612] [LAT] Path 18787: 77.5µs (0.1GB/s)
  [2026-06-12 16:33:14.614] [LAT] Path 18787: 77.1µs (0.1GB/s)
  [2026-06-12 16:33:14.615] [LAT] Path 18787: 74.9µs (0.1GB/s)
  [2026-06-12 16:33:14.617] [LAT] Path 18787: 74.8µs (0.1GB/s)
  [2026-06-12 16:33:14.618] [LAT] Path 18787: 79.5µs (0.1GB/s)
  [2026-06-12 16:33:14.620] [LAT] Path 18787: 95.3µs (0.0GB/s)
  [2026-06-12 16:33:14.622] [LAT] Path 18787: 85.2µs (0.1GB/s)
  [2026-06-12 16:33:14.623] [LAT] Path 18787: 74.1µs (0.1GB/s)
  [2026-06-12 16:33:14.625] [LAT] Path 18787: 79.0µs (0.1GB/s)
  [2026-06-12 16:33:15.136] [LAT] Path 18787: 133.0µs (0.0GB/s)
  [2026-06-12 16:33:15.138] [LAT] Path 18787: 105.4µs (0.0GB/s)
  [2026-06-12 16:33:15.140] [LAT] Path 18787: 86.3µs (0.1GB/s)
  [2026-06-12 16:33:15.142] [LAT] Path 18787: 70.3µs (0.1GB/s)
  [2026-06-12 16:33:15.143] [LAT] Path 18787: 73.9µs (0.1GB/s)
  [2026-06-12 16:33:15.145] [LAT] Path 18787: 75.9µs (0.1GB/s)
  [2026-06-12 16:33:15.146] [LAT] Path 18787: 74.1µs (0.1GB/s)
  [2026-06-12 16:33:15.148] [LAT] Path 18787: 73.5µs (0.1GB/s)
  [2026-06-12 16:33:15.149] [LAT] Path 18787: 74.2µs (0.1GB/s)
  [2026-06-12 16:33:15.151] [LAT] Path 18787: 94.8µs (0.0GB/s)
  [2026-06-12 16:33:16.183] [LAT] Path 18787: 178.0µs (0.0GB/s)
  [2026-06-12 16:33:16.185] [LAT] Path 18787: 96.7µs (0.0GB/s)
  [2026-06-12 16:33:16.186] [LAT] Path 18787: 90.1µs (0.1GB/s)
  [2026-06-12 16:33:16.188] [LAT] Path 18787: 90.0µs (0.1GB/s)
  [2026-06-12 16:33:16.190] [LAT] Path 18787: 89.0µs (0.1GB/s)
  [2026-06-12 16:33:16.191] [LAT] Path 18787: 86.6µs (0.1GB/s)
  [2026-06-12 16:33:16.193] [LAT] Path 18787: 87.9µs (0.1GB/s)
  [2026-06-12 16:33:16.194] [LAT] Path 18787: 88.8µs (0.1GB/s)
  [2026-06-12 16:33:16.196] [LAT] Path 18787: 88.1µs (0.1GB/s)
  [2026-06-12 16:33:16.197] [LAT] Path 18787: 87.2µs (0.1GB/s)
  [2026-06-12 16:33:17.223] [LAT] Path 706: 169.2µs (0.0GB/s)
  [2026-06-12 16:33:17.225] [LAT] Path 706: 77.3µs (0.1GB/s)
  [2026-06-12 16:33:17.227] [LAT] Path 706: 73.4µs (0.1GB/s)
  [2026-06-12 16:33:17.228] [LAT] Path 706: 76.4µs (0.1GB/s)
  [2026-06-12 16:33:17.230] [LAT] Path 706: 75.3µs (0.1GB/s)
  [2026-06-12 16:33:17.231] [LAT] Path 706: 80.4µs (0.1GB/s)
  [2026-06-12 16:33:17.233] [LAT] Path 706: 78.5µs (0.1GB/s)
  [2026-06-12 16:33:17.234] [LAT] Path 706: 75.3µs (0.1GB/s)
  [2026-06-12 16:33:17.236] [LAT] Path 706: 89.7µs (0.1GB/s)
  [2026-06-12 16:33:17.238] [LAT] Path 706: 77.6µs (0.1GB/s)
  [2026-06-12 16:33:18.319] [LAT] Path 51197: 237.5µs (0.0GB/s)
  [2026-06-12 16:33:18.320] [LAT] Path 51197: 82.3µs (0.1GB/s)
  [2026-06-12 16:33:18.329] [BW] Path 51197: 7325.3µs (18.3GB/s)
  [2026-06-12 16:33:18.331] [LAT] Path 51197: 90.3µs (0.1GB/s)
  [2026-06-12 16:33:18.333] [LAT] Path 51197: 74.7µs (0.1GB/s)
  [2026-06-12 16:33:18.334] [LAT] Path 51197: 77.7µs (0.1GB/s)
  [2026-06-12 16:33:18.336] [LAT] Path 51197: 74.8µs (0.1GB/s)
  [2026-06-12 16:33:18.337] [LAT] Path 51197: 72.1µs (0.1GB/s)
  [2026-06-12 16:33:18.339] [LAT] Path 51197: 76.0µs (0.1GB/s)
  [2026-06-12 16:33:18.341] [LAT] Path 51197: 76.4µs (0.1GB/s)
  [2026-06-12 16:33:19.467] [LAT] Path 51197: 190.3µs (0.0GB/s)
  [2026-06-12 16:33:19.469] [LAT] Path 51197: 121.0µs (0.0GB/s)
  [2026-06-12 16:33:19.471] [LAT] Path 51197: 123.7µs (0.0GB/s)
  [2026-06-12 16:33:19.472] [LAT] Path 51197: 105.1µs (0.0GB/s)
  [2026-06-12 16:33:19.474] [LAT] Path 51197: 87.0µs (0.1GB/s)
  [2026-06-12 16:33:19.476] [LAT] Path 51197: 85.5µs (0.1GB/s)
  [2026-06-12 16:33:19.478] [LAT] Path 51197: 87.7µs (0.1GB/s)
  [2026-06-12 16:33:19.479] [LAT] Path 51197: 90.2µs (0.1GB/s)
  [2026-06-12 16:33:19.481] [LAT] Path 51197: 76.6µs (0.1GB/s)
  [2026-06-12 16:33:19.483] [LAT] Path 51197: 77.3µs (0.1GB/s)
  [2026-06-12 16:35:10.199] [BW] Path 20176: 17136.0µs (7.8GB/s)
  [2026-06-12 16:35:10.201] [LAT] Path 20176: 99.4µs (0.0GB/s)
  [2026-06-12 16:35:10.203] [LAT] Path 20176: 1526.3µs (0.0GB/s)
  [2026-06-12 16:35:10.205] [LAT] Path 20176: 74.9µs (0.1GB/s)
  [2026-06-12 16:35:10.206] [LAT] Path 20176: 72.7µs (0.1GB/s)
  [2026-06-12 16:35:10.209] [LAT] Path 20176: 1652.6µs (0.0GB/s)
  [2026-06-12 16:35:10.211] [LAT] Path 20176: 93.4µs (0.0GB/s)
  [2026-06-12 16:35:10.212] [LAT] Path 20176: 91.5µs (0.0GB/s)
  [2026-06-12 16:35:10.230] [BW] Path 20176: 16065.5µs (8.3GB/s)
  [2026-06-12 16:35:10.236] [LAT] Path 20176: 5077.3µs (0.0GB/s)
  [2026-06-12 16:35:11.253] [BW] Path 35121: 6706.5µs (20.0GB/s)
  [2026-06-12 16:35:11.255] [LAT] Path 35121: 78.9µs (0.1GB/s)
  [2026-06-12 16:35:11.256] [LAT] Path 35121: 88.6µs (0.1GB/s)
  [2026-06-12 16:35:11.258] [LAT] Path 35121: 86.7µs (0.1GB/s)
  [2026-06-12 16:35:11.259] [LAT] Path 35121: 85.0µs (0.1GB/s)
  [2026-06-12 16:35:11.261] [LAT] Path 35121: 87.3µs (0.1GB/s)
  [2026-06-12 16:35:11.262] [LAT] Path 35121: 85.3µs (0.1GB/s)
  [2026-06-12 16:35:11.264] [LAT] Path 35121: 75.9µs (0.1GB/s)
  [2026-06-12 16:35:11.273] [BW] Path 35121: 7510.1µs (17.9GB/s)
  [2026-06-12 16:35:11.274] [LAT] Path 35121: 87.0µs (0.1GB/s)
  [2026-06-12 16:35:12.297] [BW] Path 35121: 12500.9µs (10.7GB/s)
  [2026-06-12 16:35:12.310] [BW] Path 35121: 11685.0µs (11.5GB/s)
  [2026-06-12 16:35:12.319] [BW] Path 35121: 6842.1µs (19.6GB/s)
  [2026-06-12 16:35:12.335] [BW] Path 35121: 14475.6µs (9.3GB/s)
  [2026-06-12 16:35:12.344] [BW] Path 35121: 7587.1µs (17.7GB/s)
  [2026-06-12 16:35:12.355] [BW] Path 35121: 9501.2µs (14.1GB/s)
  [2026-06-12 16:35:12.365] [BW] Path 35121: 8918.9µs (15.1GB/s)
  [2026-06-12 16:35:12.377] [BW] Path 35121: 10500.1µs (12.8GB/s)
  [2026-06-12 16:35:12.386] [BW] Path 35121: 8080.8µs (16.6GB/s)
  [2026-06-12 16:35:12.403] [BW] Path 35121: 15475.4µs (8.7GB/s)
  [2026-06-12 16:35:13.431] [BW] Path 35121: 16470.1µs (8.2GB/s)
  [2026-06-12 16:35:13.432] [LAT] Path 35121: 105.9µs (0.0GB/s)
  [2026-06-12 16:35:13.434] [LAT] Path 35121: 78.6µs (0.1GB/s)
  [2026-06-12 16:35:13.435] [LAT] Path 35121: 76.4µs (0.1GB/s)
  [2026-06-12 16:35:13.441] [LAT] Path 35121: 4534.1µs (0.0GB/s)
  [2026-06-12 16:35:13.443] [LAT] Path 35121: 97.1µs (0.0GB/s)
  [2026-06-12 16:35:13.444] [LAT] Path 35121: 95.0µs (0.0GB/s)
  [2026-06-12 16:35:13.446] [LAT] Path 35121: 92.7µs (0.0GB/s)
  [2026-06-12 16:35:13.447] [LAT] Path 35121: 91.4µs (0.0GB/s)
  [2026-06-12 16:35:13.449] [LAT] Path 35121: 71.5µs (0.1GB/s)
  [2026-06-12 16:35:14.471] [LAT] Path 35121: 211.4µs (0.0GB/s)
  [2026-06-12 16:35:14.473] [LAT] Path 35121: 139.8µs (0.0GB/s)
  [2026-06-12 16:35:14.475] [LAT] Path 35121: 94.7µs (0.0GB/s)
  [2026-06-12 16:35:14.476] [LAT] Path 35121: 77.5µs (0.1GB/s)
  [2026-06-12 16:35:14.478] [LAT] Path 35121: 77.8µs (0.1GB/s)
  [2026-06-12 16:35:14.480] [LAT] Path 35121: 78.5µs (0.1GB/s)
  [2026-06-12 16:35:14.481] [LAT] Path 35121: 72.1µs (0.1GB/s)
  [2026-06-12 16:35:14.483] [LAT] Path 35121: 89.7µs (0.1GB/s)
  [2026-06-12 16:35:14.485] [LAT] Path 35121: 89.6µs (0.1GB/s)
  [2026-06-12 16:35:14.486] [LAT] Path 35121: 87.4µs (0.1GB/s)
  [2026-06-12 16:35:15.499] [LAT] Path 20176: 81.5µs (0.1GB/s)
  [2026-06-12 16:35:15.511] [BW] Path 20176: 11020.6µs (12.2GB/s)
  [2026-06-12 16:35:15.521] [BW] Path 20176: 7962.7µs (16.9GB/s)
  [2026-06-12 16:35:15.532] [BW] Path 20176: 10111.9µs (13.3GB/s)
  [2026-06-12 16:35:15.541] [BW] Path 20176: 6876.5µs (19.5GB/s)
  [2026-06-12 16:35:15.559] [BW] Path 20176: 16612.6µs (8.1GB/s)
  [2026-06-12 16:35:15.561] [LAT] Path 20176: 80.1µs (0.1GB/s)
  [2026-06-12 16:35:15.567] [LAT] Path 20176: 4569.4µs (0.0GB/s)
  [2026-06-12 16:35:15.568] [LAT] Path 20176: 79.2µs (0.1GB/s)
  [2026-06-12 16:35:15.570] [LAT] Path 20176: 96.8µs (0.0GB/s)
  [2026-06-12 16:35:16.581] [LAT] Path 35121: 151.0µs (0.0GB/s)
  [2026-06-12 16:35:16.583] [LAT] Path 35121: 135.3µs (0.0GB/s)
  [2026-06-12 16:35:16.587] [LAT] Path 35121: 2709.5µs (0.0GB/s)
  [2026-06-12 16:35:16.589] [LAT] Path 35121: 75.6µs (0.1GB/s)
  [2026-06-12 16:35:16.590] [LAT] Path 35121: 74.3µs (0.1GB/s)
  [2026-06-12 16:35:16.592] [LAT] Path 35121: 76.2µs (0.1GB/s)
  [2026-06-12 16:35:16.593] [LAT] Path 35121: 108.7µs (0.0GB/s)
  [2026-06-12 16:35:16.595] [LAT] Path 35121: 117.2µs (0.0GB/s)
  [2026-06-12 16:35:16.596] [LAT] Path 35121: 119.1µs (0.0GB/s)
  [2026-06-12 16:35:16.613] [BW] Path 35121: 15398.7µs (8.7GB/s)
  [2026-06-12 16:35:17.634] [BW] Path 35121: 11122.5µs (12.1GB/s)
  [2026-06-12 16:35:17.643] [BW] Path 35121: 6991.1µs (19.2GB/s)
  [2026-06-12 16:35:17.655] [BW] Path 35121: 10680.6µs (12.6GB/s)
  [2026-06-12 16:35:17.663] [BW] Path 35121: 6684.7µs (20.1GB/s)
  [2026-06-12 16:35:17.684] [BW] Path 35121: 19370.5µs (6.9GB/s)
  [2026-06-12 16:35:17.694] [BW] Path 35121: 8417.1µs (15.9GB/s)
  [2026-06-12 16:35:17.706] [BW] Path 35121: 10581.3µs (12.7GB/s)
  [2026-06-12 16:35:17.714] [BW] Path 35121: 7453.7µs (18.0GB/s)
  [2026-06-12 16:35:17.725] [BW] Path 35121: 9541.3µs (14.1GB/s)
  [2026-06-12 16:35:17.738] [BW] Path 35121: 11455.9µs (11.7GB/s)
  [2026-06-12 16:35:18.974] [LAT] Path 20176: 94.7µs (0.0GB/s)
  [2026-06-12 16:35:18.975] [LAT] Path 20176: 85.6µs (0.1GB/s)
  [2026-06-12 16:35:18.977] [LAT] Path 20176: 87.3µs (0.1GB/s)
  [2026-06-12 16:35:18.979] [LAT] Path 20176: 72.0µs (0.1GB/s)
  [2026-06-12 16:35:18.980] [LAT] Path 20176: 77.0µs (0.1GB/s)
  [2026-06-12 16:35:18.982] [LAT] Path 20176: 74.9µs (0.1GB/s)
  [2026-06-12 16:35:18.983] [LAT] Path 20176: 75.0µs (0.1GB/s)
  [2026-06-12 16:35:18.985] [LAT] Path 20176: 87.0µs (0.1GB/s)
  [2026-06-12 16:35:18.988] [LAT] Path 20176: 2079.3µs (0.0GB/s)
  [2026-06-12 16:35:18.990] [LAT] Path 20176: 92.9µs (0.0GB/s)
  [2026-06-12 16:35:20.003] [LAT] Path 20176: 89.9µs (0.1GB/s)
  [2026-06-12 16:35:20.004] [LAT] Path 20176: 74.1µs (0.1GB/s)
  [2026-06-12 16:35:20.010] [LAT] Path 20176: 4298.4µs (0.0GB/s)
  [2026-06-12 16:35:20.012] [LAT] Path 20176: 85.6µs (0.1GB/s)
  [2026-06-12 16:35:20.013] [LAT] Path 20176: 86.5µs (0.1GB/s)
  [2026-06-12 16:35:20.015] [LAT] Path 20176: 83.1µs (0.1GB/s)
  [2026-06-12 16:35:20.016] [LAT] Path 20176: 83.9µs (0.1GB/s)
  [2026-06-12 16:35:20.018] [LAT] Path 20176: 70.0µs (0.1GB/s)
  [2026-06-12 16:35:20.019] [LAT] Path 20176: 74.5µs (0.1GB/s)
  [2026-06-12 16:35:20.021] [LAT] Path 20176: 74.8µs (0.1GB/s)
  [2026-06-12 16:35:21.038] [BW] Path 20176: 6912.6µs (19.4GB/s)
  [2026-06-12 16:35:21.051] [BW] Path 20176: 11055.4µs (12.1GB/s)
  [2026-06-12 16:35:21.059] [BW] Path 20176: 6836.1µs (19.6GB/s)
  [2026-06-12 16:35:21.077] [BW] Path 20176: 16960.0µs (7.9GB/s)
  [2026-06-12 16:35:21.086] [BW] Path 20176: 7252.6µs (18.5GB/s)
  [2026-06-12 16:35:21.088] [LAT] Path 20176: 92.4µs (0.0GB/s)
  [2026-06-12 16:35:21.092] [LAT] Path 20176: 2653.3µs (0.0GB/s)
  [2026-06-12 16:35:21.093] [LAT] Path 20176: 94.2µs (0.0GB/s)
  [2026-06-12 16:35:21.095] [LAT] Path 20176: 70.6µs (0.1GB/s)
  [2026-06-12 16:35:21.096] [LAT] Path 20176: 75.3µs (0.1GB/s)
  [2026-06-12 16:35:22.116] [BW] Path 35121: 9258.7µs (14.5GB/s)
  [2026-06-12 16:35:22.124] [BW] Path 35121: 6559.4µs (20.5GB/s)
  [2026-06-12 16:35:22.126] [LAT] Path 35121: 153.4µs (0.0GB/s)
  [2026-06-12 16:35:22.127] [LAT] Path 35121: 153.0µs (0.0GB/s)
  [2026-06-12 16:35:22.129] [LAT] Path 35121: 93.3µs (0.0GB/s)
  [2026-06-12 16:35:22.131] [LAT] Path 35121: 143.5µs (0.0GB/s)
  [2026-06-12 16:35:22.132] [LAT] Path 35121: 89.2µs (0.1GB/s)
  [2026-06-12 16:35:22.134] [LAT] Path 35121: 87.7µs (0.1GB/s)
  [2026-06-12 16:35:22.135] [LAT] Path 35121: 75.8µs (0.1GB/s)
  [2026-06-12 16:35:22.137] [LAT] Path 35121: 74.5µs (0.1GB/s)
  [2026-06-12 16:35:23.147] [LAT] Path 20176: 95.5µs (0.0GB/s)
  [2026-06-12 16:35:23.149] [LAT] Path 20176: 87.6µs (0.1GB/s)
  [2026-06-12 16:35:23.151] [LAT] Path 20176: 100.7µs (0.0GB/s)
  [2026-06-12 16:35:23.152] [LAT] Path 20176: 86.4µs (0.1GB/s)
  [2026-06-12 16:35:23.154] [LAT] Path 20176: 78.6µs (0.1GB/s)
  [2026-06-12 16:35:23.155] [LAT] Path 20176: 74.6µs (0.1GB/s)
  [2026-06-12 16:35:23.157] [LAT] Path 20176: 75.4µs (0.1GB/s)
  [2026-06-12 16:35:23.158] [LAT] Path 20176: 75.4µs (0.1GB/s)
  [2026-06-12 16:35:23.160] [LAT] Path 20176: 74.5µs (0.1GB/s)
  [2026-06-12 16:35:23.161] [LAT] Path 20176: 90.7µs (0.1GB/s)
  [2026-06-12 16:35:24.179] [BW] Path 20176: 8001.1µs (16.8GB/s)
  [2026-06-12 16:35:24.190] [BW] Path 20176: 8959.2µs (15.0GB/s)
  [2026-06-12 16:35:24.200] [BW] Path 20176: 8605.5µs (15.6GB/s)
  [2026-06-12 16:35:24.214] [BW] Path 20176: 12848.0µs (10.4GB/s)
  [2026-06-12 16:35:24.222] [BW] Path 20176: 6801.5µs (19.7GB/s)
  [2026-06-12 16:35:24.224] [LAT] Path 20176: 94.1µs (0.0GB/s)
  [2026-06-12 16:35:24.226] [LAT] Path 20176: 92.3µs (0.0GB/s)
  [2026-06-12 16:35:24.229] [LAT] Path 20176: 1889.6µs (0.0GB/s)
  [2026-06-12 16:35:24.230] [LAT] Path 20176: 82.1µs (0.1GB/s)
  [2026-06-12 16:35:24.232] [LAT] Path 20176: 74.2µs (0.1GB/s)
  [2026-06-12 16:35:25.242] [LAT] Path 35121: 100.6µs (0.0GB/s)
  [2026-06-12 16:35:25.244] [LAT] Path 35121: 73.7µs (0.1GB/s)
  [2026-06-12 16:35:25.246] [LAT] Path 35121: 90.1µs (0.1GB/s)
  [2026-06-12 16:35:25.247] [LAT] Path 35121: 86.0µs (0.1GB/s)
  [2026-06-12 16:35:25.249] [LAT] Path 35121: 83.9µs (0.1GB/s)
  [2026-06-12 16:35:25.250] [LAT] Path 35121: 86.8µs (0.1GB/s)
  [2026-06-12 16:35:25.252] [LAT] Path 35121: 72.3µs (0.1GB/s)
  [2026-06-12 16:35:25.253] [LAT] Path 35121: 78.7µs (0.1GB/s)
  [2026-06-12 16:35:25.255] [LAT] Path 35121: 76.5µs (0.1GB/s)
  [2026-06-12 16:35:25.256] [LAT] Path 35121: 77.8µs (0.1GB/s)
  [2026-06-12 16:35:26.270] [LAT] Path 20176: 3060.7µs (0.0GB/s)
  [2026-06-12 16:35:26.271] [LAT] Path 20176: 75.4µs (0.1GB/s)
  [2026-06-12 16:35:26.273] [LAT] Path 20176: 74.6µs (0.1GB/s)
  [2026-06-12 16:35:26.275] [LAT] Path 20176: 73.7µs (0.1GB/s)
  [2026-06-12 16:35:26.276] [LAT] Path 20176: 87.3µs (0.1GB/s)
  [2026-06-12 16:35:26.278] [LAT] Path 20176: 84.5µs (0.1GB/s)
  [2026-06-12 16:35:26.279] [LAT] Path 20176: 84.8µs (0.1GB/s)
  [2026-06-12 16:35:26.281] [LAT] Path 20176: 86.6µs (0.1GB/s)
  [2026-06-12 16:35:26.282] [LAT] Path 20176: 76.2µs (0.1GB/s)
  [2026-06-12 16:35:26.284] [LAT] Path 20176: 73.8µs (0.1GB/s)
  [2026-06-12 16:35:27.301] [BW] Path 20176: 6963.8µs (19.3GB/s)
  [2026-06-12 16:35:27.313] [BW] Path 20176: 10948.2µs (12.3GB/s)
  [2026-06-12 16:35:27.322] [BW] Path 20176: 6794.5µs (19.8GB/s)
  [2026-06-12 16:35:27.339] [BW] Path 20176: 15991.0µs (8.4GB/s)
  [2026-06-12 16:35:27.351] [BW] Path 20176: 10627.2µs (12.6GB/s)
  [2026-06-12 16:35:27.353] [LAT] Path 20176: 93.1µs (0.0GB/s)
  [2026-06-12 16:35:27.358] [LAT] Path 20176: 3664.1µs (0.0GB/s)
  [2026-06-12 16:35:27.362] [LAT] Path 20176: 2705.3µs (0.0GB/s)
  [2026-06-12 16:35:27.364] [LAT] Path 20176: 73.9µs (0.1GB/s)
  [2026-06-12 16:35:27.365] [LAT] Path 20176: 74.9µs (0.1GB/s)
  [2026-06-12 16:35:28.376] [LAT] Path 35121: 75.8µs (0.1GB/s)
  [2026-06-12 16:35:28.377] [LAT] Path 35121: 91.5µs (0.0GB/s)
  [2026-06-12 16:35:28.381] [LAT] Path 35121: 2636.3µs (0.0GB/s)
  [2026-06-12 16:35:28.383] [LAT] Path 35121: 75.2µs (0.1GB/s)
  [2026-06-12 16:35:28.385] [LAT] Path 35121: 80.1µs (0.1GB/s)
  [2026-06-12 16:35:28.386] [LAT] Path 35121: 75.9µs (0.1GB/s)
  [2026-06-12 16:35:28.388] [LAT] Path 35121: 78.9µs (0.1GB/s)
  [2026-06-12 16:35:28.389] [LAT] Path 35121: 77.3µs (0.1GB/s)
  [2026-06-12 16:35:28.392] [LAT] Path 35121: 1458.7µs (0.0GB/s)
  [2026-06-12 16:35:28.394] [LAT] Path 35121: 82.6µs (0.1GB/s)
  [2026-06-12 16:35:29.566] [LAT] Path 20176: 91.2µs (0.0GB/s)
  [2026-06-12 16:35:29.567] [LAT] Path 20176: 71.3µs (0.1GB/s)
  [2026-06-12 16:35:29.569] [LAT] Path 20176: 82.4µs (0.1GB/s)
  [2026-06-12 16:35:29.570] [LAT] Path 20176: 89.8µs (0.1GB/s)
  [2026-06-12 16:35:29.572] [LAT] Path 20176: 83.0µs (0.1GB/s)
  [2026-06-12 16:35:29.574] [LAT] Path 20176: 84.7µs (0.1GB/s)
  [2026-06-12 16:35:29.575] [LAT] Path 20176: 74.4µs (0.1GB/s)
  [2026-06-12 16:35:29.577] [LAT] Path 20176: 71.0µs (0.1GB/s)
  [2026-06-12 16:35:29.578] [LAT] Path 20176: 71.0µs (0.1GB/s)
  [2026-06-12 16:35:29.580] [LAT] Path 20176: 71.6µs (0.1GB/s)
  [2026-06-12 16:35:30.593] [LAT] Path 20176: 95.7µs (0.0GB/s)
  [2026-06-12 16:35:30.594] [LAT] Path 20176: 95.8µs (0.0GB/s)
  [2026-06-12 16:35:30.596] [LAT] Path 20176: 98.8µs (0.0GB/s)
  [2026-06-12 16:35:30.598] [LAT] Path 20176: 633.5µs (0.0GB/s)
  [2026-06-12 16:35:30.600] [LAT] Path 20176: 72.8µs (0.1GB/s)
  [2026-06-12 16:35:30.601] [LAT] Path 20176: 72.0µs (0.1GB/s)
  [2026-06-12 16:35:30.606] [LAT] Path 20176: 2915.7µs (0.0GB/s)
  [2026-06-12 16:35:30.607] [LAT] Path 20176: 93.7µs (0.0GB/s)
  [2026-06-12 16:35:30.609] [LAT] Path 20176: 87.9µs (0.1GB/s)
  [2026-06-12 16:35:30.610] [LAT] Path 20176: 90.1µs (0.1GB/s)
  [2026-06-12 16:35:31.621] [LAT] Path 35121: 141.8µs (0.0GB/s)
  [2026-06-12 16:35:31.623] [LAT] Path 35121: 85.8µs (0.1GB/s)
  [2026-06-12 16:35:31.624] [LAT] Path 35121: 86.5µs (0.1GB/s)
  [2026-06-12 16:35:31.627] [LAT] Path 35121: 1309.0µs (0.0GB/s)
  [2026-06-12 16:35:31.629] [LAT] Path 35121: 74.4µs (0.1GB/s)
  [2026-06-12 16:35:31.630] [LAT] Path 35121: 76.4µs (0.1GB/s)
  [2026-06-12 16:35:31.632] [LAT] Path 35121: 73.7µs (0.1GB/s)
  [2026-06-12 16:35:31.633] [LAT] Path 35121: 90.4µs (0.1GB/s)
  [2026-06-12 16:35:31.635] [LAT] Path 35121: 86.3µs (0.1GB/s)
  [2026-06-12 16:35:31.637] [LAT] Path 35121: 86.9µs (0.1GB/s)
  [2026-06-12 16:35:32.654] [BW] Path 20176: 6889.8µs (19.5GB/s)
  [2026-06-12 16:35:32.675] [BW] Path 20176: 19176.1µs (7.0GB/s)
  [2026-06-12 16:35:32.676] [LAT] Path 20176: 157.8µs (0.0GB/s)
  [2026-06-12 16:35:32.678] [LAT] Path 20176: 77.1µs (0.1GB/s)
  [2026-06-12 16:35:32.689] [BW] Path 20176: 9741.2µs (13.8GB/s)
  [2026-06-12 16:35:32.699] [BW] Path 20176: 8418.6µs (15.9GB/s)
  [2026-06-12 16:35:32.710] [BW] Path 20176: 9586.0µs (14.0GB/s)
  [2026-06-12 16:35:32.719] [BW] Path 20176: 7413.5µs (18.1GB/s)
  [2026-06-12 16:35:32.737] [BW] Path 20176: 16471.8µs (8.2GB/s)
  [2026-06-12 16:35:32.746] [BW] Path 20176: 8025.5µs (16.7GB/s)
  [2026-06-12 16:35:33.767] [BW] Path 35121: 10467.4µs (12.8GB/s)
  [2026-06-12 16:35:33.794] [BW] Path 35121: 25491.9µs (5.3GB/s)
  [2026-06-12 16:35:33.813] [BW] Path 35121: 16973.1µs (7.9GB/s)
  [2026-06-12 16:35:33.833] [BW] Path 35121: 18699.3µs (7.2GB/s)
  [2026-06-12 16:35:33.835] [LAT] Path 35121: 82.7µs (0.1GB/s)
  [2026-06-12 16:35:33.836] [LAT] Path 35121: 73.6µs (0.1GB/s)
  [2026-06-12 16:35:33.838] [LAT] Path 35121: 76.0µs (0.1GB/s)
  [2026-06-12 16:35:33.839] [LAT] Path 35121: 90.6µs (0.1GB/s)
  [2026-06-12 16:35:33.841] [LAT] Path 35121: 95.7µs (0.0GB/s)
  [2026-06-12 16:35:33.842] [LAT] Path 35121: 103.5µs (0.0GB/s)
  [2026-06-12 16:35:34.854] [LAT] Path 35121: 110.3µs (0.0GB/s)
  [2026-06-12 16:35:34.855] [LAT] Path 35121: 91.0µs (0.1GB/s)
  [2026-06-12 16:35:34.857] [LAT] Path 35121: 92.8µs (0.0GB/s)
  [2026-06-12 16:35:34.858] [LAT] Path 35121: 88.9µs (0.1GB/s)
  [2026-06-12 16:35:34.860] [LAT] Path 35121: 75.5µs (0.1GB/s)
  [2026-06-12 16:35:34.861] [LAT] Path 35121: 73.8µs (0.1GB/s)
  [2026-06-12 16:35:34.863] [LAT] Path 35121: 72.8µs (0.1GB/s)
  [2026-06-12 16:35:34.872] [BW] Path 35121: 7154.2µs (18.8GB/s)
  [2026-06-12 16:35:34.882] [BW] Path 35121: 9005.0µs (14.9GB/s)
  [2026-06-12 16:35:34.892] [BW] Path 35121: 8207.7µs (16.4GB/s)
  [2026-06-12 16:35:35.909] [BW] Path 20176: 6848.6µs (19.6GB/s)
  [2026-06-12 16:35:35.910] [LAT] Path 20176: 90.3µs (0.1GB/s)
  [2026-06-12 16:35:35.912] [LAT] Path 20176: 86.8µs (0.1GB/s)
  [2026-06-12 16:35:35.914] [LAT] Path 20176: 84.3µs (0.1GB/s)
  [2026-06-12 16:35:35.915] [LAT] Path 20176: 82.8µs (0.1GB/s)
  [2026-06-12 16:35:35.917] [LAT] Path 20176: 79.0µs (0.1GB/s)
  [2026-06-12 16:35:35.918] [LAT] Path 20176: 74.7µs (0.1GB/s)
  [2026-06-12 16:35:35.920] [LAT] Path 20176: 72.5µs (0.1GB/s)
  [2026-06-12 16:35:35.921] [LAT] Path 20176: 75.7µs (0.1GB/s)
  [2026-06-12 16:35:35.923] [LAT] Path 20176: 73.0µs (0.1GB/s)
  [2026-06-12 16:35:36.949] [BW] Path 35121: 16238.1µs (8.3GB/s)
  [2026-06-12 16:35:36.968] [BW] Path 35121: 17534.5µs (7.7GB/s)
  [2026-06-12 16:35:36.970] [LAT] Path 35121: 77.8µs (0.1GB/s)
  [2026-06-12 16:35:36.971] [LAT] Path 35121: 74.9µs (0.1GB/s)
  [2026-06-12 16:35:36.973] [LAT] Path 35121: 75.3µs (0.1GB/s)
  [2026-06-12 16:35:36.974] [LAT] Path 35121: 85.8µs (0.1GB/s)
  [2026-06-12 16:35:36.976] [LAT] Path 35121: 76.6µs (0.1GB/s)
  [2026-06-12 16:35:36.978] [LAT] Path 35121: 91.1µs (0.0GB/s)
  [2026-06-12 16:35:36.979] [LAT] Path 35121: 91.7µs (0.0GB/s)
  [2026-06-12 16:35:36.981] [LAT] Path 35121: 92.8µs (0.0GB/s)
  [2026-06-12 16:35:38.000] [BW] Path 35121: 9174.3µs (14.6GB/s)
  [2026-06-12 16:35:38.010] [BW] Path 35121: 8037.5µs (16.7GB/s)
  [2026-06-12 16:35:38.011] [LAT] Path 35121: 89.0µs (0.1GB/s)
  [2026-06-12 16:35:38.013] [LAT] Path 35121: 86.8µs (0.1GB/s)
  [2026-06-12 16:35:38.015] [LAT] Path 35121: 95.5µs (0.0GB/s)
  [2026-06-12 16:35:38.016] [LAT] Path 35121: 74.7µs (0.1GB/s)
  [2026-06-12 16:35:38.028] [BW] Path 35121: 10365.7µs (12.9GB/s)
  [2026-06-12 16:35:38.037] [BW] Path 35121: 7990.0µs (16.8GB/s)
  [2026-06-12 16:35:38.048] [BW] Path 35121: 9308.9µs (14.4GB/s)
  [2026-06-12 16:35:38.057] [BW] Path 35121: 7004.1µs (19.2GB/s)
  [2026-06-12 16:35:39.079] [BW] Path 35121: 12264.5µs (10.9GB/s)
  [2026-06-12 16:35:39.088] [BW] Path 35121: 7160.6µs (18.7GB/s)
  [2026-06-12 16:35:39.099] [BW] Path 35121: 9992.4µs (13.4GB/s)
  [2026-06-12 16:35:39.111] [BW] Path 35121: 10044.8µs (13.4GB/s)
  [2026-06-12 16:35:39.112] [LAT] Path 35121: 96.1µs (0.0GB/s)
  [2026-06-12 16:35:39.114] [LAT] Path 35121: 92.0µs (0.0GB/s)
  [2026-06-12 16:35:39.116] [LAT] Path 35121: 92.7µs (0.0GB/s)
  [2026-06-12 16:35:39.117] [LAT] Path 35121: 76.0µs (0.1GB/s)
  [2026-06-12 16:35:39.119] [LAT] Path 35121: 76.3µs (0.1GB/s)
  [2026-06-12 16:35:39.120] [LAT] Path 35121: 75.1µs (0.1GB/s)
  [2026-06-12 16:35:40.131] [LAT] Path 35121: 99.7µs (0.0GB/s)
  [2026-06-12 16:35:40.132] [LAT] Path 35121: 94.7µs (0.0GB/s)
  [2026-06-12 16:35:40.134] [LAT] Path 35121: 92.1µs (0.0GB/s)
  [2026-06-12 16:35:40.135] [LAT] Path 35121: 71.4µs (0.1GB/s)
  [2026-06-12 16:35:40.140] [LAT] Path 35121: 2900.3µs (0.0GB/s)
  [2026-06-12 16:35:40.141] [LAT] Path 35121: 76.0µs (0.1GB/s)
  [2026-06-12 16:35:40.143] [LAT] Path 35121: 73.8µs (0.1GB/s)
  [2026-06-12 16:35:40.145] [LAT] Path 35121: 76.0µs (0.1GB/s)
  [2026-06-12 16:35:40.146] [LAT] Path 35121: 91.1µs (0.0GB/s)
  [2026-06-12 16:35:40.151] [LAT] Path 35121: 3813.7µs (0.0GB/s)
  [2026-06-12 16:35:41.162] [LAT] Path 20176: 115.0µs (0.0GB/s)
  [2026-06-12 16:35:41.164] [LAT] Path 20176: 89.6µs (0.1GB/s)
  [2026-06-12 16:35:41.165] [LAT] Path 20176: 86.8µs (0.1GB/s)
  [2026-06-12 16:35:41.167] [LAT] Path 20176: 84.4µs (0.1GB/s)
  [2026-06-12 16:35:41.169] [LAT] Path 20176: 84.7µs (0.1GB/s)
  [2026-06-12 16:35:41.170] [LAT] Path 20176: 70.6µs (0.1GB/s)
  [2026-06-12 16:35:41.178] [BW] Path 20176: 6562.8µs (20.4GB/s)
  [2026-06-12 16:35:41.193] [BW] Path 20176: 13174.3µs (10.2GB/s)
  [2026-06-12 16:35:41.202] [BW] Path 20176: 7983.4µs (16.8GB/s)
  [2026-06-12 16:35:41.213] [BW] Path 20176: 9086.0µs (14.8GB/s)
  [2026-06-12 16:35:42.224] [LAT] Path 35121: 114.8µs (0.0GB/s)
  [2026-06-12 16:35:42.225] [LAT] Path 35121: 76.4µs (0.1GB/s)
  [2026-06-12 16:35:42.227] [LAT] Path 35121: 78.4µs (0.1GB/s)
  [2026-06-12 16:35:42.228] [LAT] Path 35121: 74.9µs (0.1GB/s)
  [2026-06-12 16:35:42.230] [LAT] Path 35121: 95.4µs (0.0GB/s)
  [2026-06-12 16:35:42.231] [LAT] Path 35121: 92.3µs (0.0GB/s)
  [2026-06-12 16:35:42.237] [LAT] Path 35121: 3907.4µs (0.0GB/s)
  [2026-06-12 16:35:42.238] [LAT] Path 35121: 76.2µs (0.1GB/s)
  [2026-06-12 16:35:42.240] [LAT] Path 35121: 75.8µs (0.1GB/s)
  [2026-06-12 16:35:42.242] [LAT] Path 35121: 74.5µs (0.1GB/s)
  [2026-06-12 16:35:43.252] [LAT] Path 35121: 79.7µs (0.1GB/s)
  [2026-06-12 16:35:43.253] [LAT] Path 35121: 76.6µs (0.1GB/s)
  [2026-06-12 16:35:43.269] [BW] Path 35121: 13797.1µs (9.7GB/s)
  [2026-06-12 16:35:43.270] [LAT] Path 35121: 75.6µs (0.1GB/s)
  [2026-06-12 16:35:43.272] [LAT] Path 35121: 73.8µs (0.1GB/s)
  [2026-06-12 16:35:43.275] [LAT] Path 35121: 1398.8µs (0.0GB/s)
  [2026-06-12 16:35:43.276] [LAT] Path 35121: 92.8µs (0.0GB/s)
  [2026-06-12 16:35:43.278] [LAT] Path 35121: 86.8µs (0.1GB/s)
  [2026-06-12 16:35:43.279] [LAT] Path 35121: 84.5µs (0.1GB/s)
  [2026-06-12 16:35:43.281] [LAT] Path 35121: 86.2µs (0.1GB/s)
  [2026-06-12 16:35:44.300] [BW] Path 20176: 8352.0µs (16.1GB/s)
  [2026-06-12 16:35:44.310] [BW] Path 20176: 8874.6µs (15.1GB/s)
  [2026-06-12 16:35:44.321] [BW] Path 20176: 8975.5µs (14.9GB/s)
  [2026-06-12 16:35:44.322] [LAT] Path 20176: 86.3µs (0.1GB/s)
  [2026-06-12 16:35:44.324] [LAT] Path 20176: 247.5µs (0.0GB/s)
  [2026-06-12 16:35:44.333] [BW] Path 20176: 7569.5µs (17.7GB/s)
  [2026-06-12 16:35:44.351] [BW] Path 20176: 16219.1µs (8.3GB/s)
  [2026-06-12 16:35:44.359] [BW] Path 20176: 6811.1µs (19.7GB/s)
  [2026-06-12 16:35:44.375] [BW] Path 20176: 13992.0µs (9.6GB/s)
  [2026-06-12 16:35:44.383] [BW] Path 20176: 7043.2µs (19.1GB/s)
  [2026-06-12 16:35:45.405] [BW] Path 20176: 11296.4µs (11.9GB/s)
  [2026-06-12 16:35:45.422] [BW] Path 20176: 15632.6µs (8.6GB/s)
  [2026-06-12 16:35:45.424] [LAT] Path 20176: 74.6µs (0.1GB/s)
  [2026-06-12 16:35:45.426] [LAT] Path 20176: 75.4µs (0.1GB/s)
  [2026-06-12 16:35:45.427] [LAT] Path 20176: 73.9µs (0.1GB/s)
  [2026-06-12 16:35:45.429] [LAT] Path 20176: 71.9µs (0.1GB/s)
  [2026-06-12 16:35:45.430] [LAT] Path 20176: 72.0µs (0.1GB/s)
  [2026-06-12 16:35:45.432] [LAT] Path 20176: 72.1µs (0.1GB/s)
  [2026-06-12 16:35:45.433] [LAT] Path 20176: 73.9µs (0.1GB/s)
  [2026-06-12 16:35:45.435] [LAT] Path 20176: 92.6µs (0.0GB/s)
  [2026-06-12 16:35:46.446] [LAT] Path 20176: 106.4µs (0.0GB/s)
  [2026-06-12 16:35:46.447] [LAT] Path 20176: 76.8µs (0.1GB/s)
  [2026-06-12 16:35:46.449] [LAT] Path 20176: 236.1µs (0.0GB/s)
  [2026-06-12 16:35:46.451] [LAT] Path 20176: 90.1µs (0.1GB/s)
  [2026-06-12 16:35:46.452] [LAT] Path 20176: 94.0µs (0.0GB/s)
  [2026-06-12 16:35:46.454] [LAT] Path 20176: 90.7µs (0.1GB/s)
  [2026-06-12 16:35:46.455] [LAT] Path 20176: 92.5µs (0.0GB/s)
  [2026-06-12 16:35:46.457] [LAT] Path 20176: 88.8µs (0.1GB/s)
  [2026-06-12 16:35:46.459] [LAT] Path 20176: 72.9µs (0.1GB/s)
  [2026-06-12 16:35:46.460] [LAT] Path 20176: 74.1µs (0.1GB/s)
  [2026-06-12 16:35:47.471] [LAT] Path 20176: 111.9µs (0.0GB/s)
  [2026-06-12 16:35:47.473] [LAT] Path 20176: 73.3µs (0.1GB/s)
  [2026-06-12 16:35:47.492] [BW] Path 20176: 17762.9µs (7.6GB/s)
  [2026-06-12 16:35:47.500] [BW] Path 20176: 7001.2µs (19.2GB/s)
  [2026-06-12 16:35:47.512] [BW] Path 20176: 9969.7µs (13.5GB/s)
  [2026-06-12 16:35:47.521] [BW] Path 20176: 7975.3µs (16.8GB/s)
  [2026-06-12 16:35:47.534] [BW] Path 20176: 11301.8µs (11.9GB/s)
  [2026-06-12 16:35:47.547] [BW] Path 20176: 11728.0µs (11.4GB/s)
  [2026-06-12 16:35:47.561] [BW] Path 20176: 11926.7µs (11.2GB/s)
  [2026-06-12 16:35:47.562] [LAT] Path 20176: 77.2µs (0.1GB/s)
  [2026-06-12 16:35:48.573] [LAT] Path 20176: 93.6µs (0.0GB/s)
  [2026-06-12 16:35:48.575] [LAT] Path 20176: 128.9µs (0.0GB/s)
  [2026-06-12 16:35:48.577] [LAT] Path 20176: 91.8µs (0.0GB/s)
  [2026-06-12 16:35:48.578] [LAT] Path 20176: 112.2µs (0.0GB/s)
  [2026-06-12 16:35:48.580] [LAT] Path 20176: 108.7µs (0.0GB/s)
  [2026-06-12 16:35:48.581] [LAT] Path 20176: 89.9µs (0.1GB/s)
  [2026-06-12 16:35:48.586] [LAT] Path 20176: 2746.5µs (0.0GB/s)
  [2026-06-12 16:35:48.587] [LAT] Path 20176: 75.2µs (0.1GB/s)
  [2026-06-12 16:35:48.589] [LAT] Path 20176: 75.3µs (0.1GB/s)
  [2026-06-12 16:35:48.595] [LAT] Path 20176: 4331.0µs (0.0GB/s)
  [2026-06-12 16:35:49.605] [LAT] Path 20176: 92.2µs (0.0GB/s)
  [2026-06-12 16:35:49.609] [LAT] Path 20176: 1931.8µs (0.0GB/s)
  [2026-06-12 16:35:49.610] [LAT] Path 20176: 72.4µs (0.1GB/s)
  [2026-06-12 16:35:49.612] [LAT] Path 20176: 66.7µs (0.1GB/s)
  [2026-06-12 16:35:49.613] [LAT] Path 20176: 86.2µs (0.1GB/s)
  [2026-06-12 16:35:49.615] [LAT] Path 20176: 83.8µs (0.1GB/s)
  [2026-06-12 16:35:49.616] [LAT] Path 20176: 84.0µs (0.1GB/s)
  [2026-06-12 16:35:49.618] [LAT] Path 20176: 86.4µs (0.1GB/s)
  [2026-06-12 16:35:49.620] [LAT] Path 20176: 73.0µs (0.1GB/s)
  [2026-06-12 16:35:49.621] [LAT] Path 20176: 70.4µs (0.1GB/s)
  [2026-06-12 16:35:50.640] [BW] Path 20176: 8517.9µs (15.8GB/s)
  [2026-06-12 16:35:50.651] [BW] Path 20176: 9396.9µs (14.3GB/s)
  [2026-06-12 16:35:50.660] [BW] Path 20176: 7620.7µs (17.6GB/s)
  [2026-06-12 16:35:50.681] [BW] Path 20176: 19336.5µs (6.9GB/s)
  [2026-06-12 16:35:50.689] [BW] Path 20176: 6763.6µs (19.8GB/s)
  [2026-06-12 16:35:50.704] [BW] Path 20176: 13378.5µs (10.0GB/s)
  [2026-06-12 16:35:50.712] [BW] Path 20176: 6787.7µs (19.8GB/s)
  [2026-06-12 16:35:50.714] [LAT] Path 20176: 77.8µs (0.1GB/s)
  [2026-06-12 16:35:50.715] [LAT] Path 20176: 84.5µs (0.1GB/s)
  [2026-06-12 16:35:50.717] [LAT] Path 20176: 86.4µs (0.1GB/s)
  [2026-06-12 16:35:51.728] [LAT] Path 20176: 109.8µs (0.0GB/s)
  [2026-06-12 16:35:51.729] [LAT] Path 20176: 77.3µs (0.1GB/s)
  [2026-06-12 16:35:51.731] [LAT] Path 20176: 77.6µs (0.1GB/s)
  [2026-06-12 16:35:51.733] [LAT] Path 20176: 76.0µs (0.1GB/s)
  [2026-06-12 16:35:51.734] [LAT] Path 20176: 74.9µs (0.1GB/s)
  [2026-06-12 16:35:51.736] [LAT] Path 20176: 100.2µs (0.0GB/s)
  [2026-06-12 16:35:51.737] [LAT] Path 20176: 90.3µs (0.1GB/s)
  [2026-06-12 16:35:51.739] [LAT] Path 20176: 99.3µs (0.0GB/s)
  [2026-06-12 16:35:51.740] [LAT] Path 20176: 87.4µs (0.1GB/s)
  [2026-06-12 16:35:51.742] [LAT] Path 20176: 87.2µs (0.1GB/s)
  [2026-06-12 16:35:52.753] [LAT] Path 20176: 822.6µs (0.0GB/s)
  [2026-06-12 16:35:52.755] [LAT] Path 20176: 74.7µs (0.1GB/s)
  [2026-06-12 16:35:52.756] [LAT] Path 20176: 72.8µs (0.1GB/s)
  [2026-06-12 16:35:52.758] [LAT] Path 20176: 175.7µs (0.0GB/s)
  [2026-06-12 16:35:52.760] [LAT] Path 20176: 85.2µs (0.1GB/s)
  [2026-06-12 16:35:52.761] [LAT] Path 20176: 87.8µs (0.1GB/s)
  [2026-06-12 16:35:52.763] [LAT] Path 20176: 95.3µs (0.0GB/s)
  [2026-06-12 16:35:52.764] [LAT] Path 20176: 84.5µs (0.1GB/s)
  [2026-06-12 16:35:52.766] [LAT] Path 20176: 117.4µs (0.0GB/s)
  [2026-06-12 16:35:52.768] [LAT] Path 20176: 111.7µs (0.0GB/s)
  [2026-06-12 16:35:53.786] [BW] Path 20176: 7854.0µs (17.1GB/s)
  [2026-06-12 16:35:53.798] [BW] Path 20176: 10264.9µs (13.1GB/s)
  [2026-06-12 16:35:53.807] [BW] Path 20176: 8112.5µs (16.5GB/s)
  [2026-06-12 16:35:53.821] [BW] Path 20176: 11783.7µs (11.4GB/s)
  [2026-06-12 16:35:53.837] [BW] Path 20176: 14546.3µs (9.2GB/s)
  [2026-06-12 16:35:53.849] [BW] Path 20176: 10279.7µs (13.1GB/s)
  [2026-06-12 16:35:53.850] [LAT] Path 20176: 73.2µs (0.1GB/s)
  [2026-06-12 16:35:53.852] [LAT] Path 20176: 74.5µs (0.1GB/s)
  [2026-06-12 16:35:53.853] [LAT] Path 20176: 78.3µs (0.1GB/s)
  [2026-06-12 16:35:53.855] [LAT] Path 20176: 73.1µs (0.1GB/s)
  [2026-06-12 16:35:54.865] [LAT] Path 35121: 107.9µs (0.0GB/s)
  [2026-06-12 16:35:54.869] [LAT] Path 35121: 1872.5µs (0.0GB/s)
  [2026-06-12 16:35:54.873] [LAT] Path 35121: 2930.3µs (0.0GB/s)
  [2026-06-12 16:35:54.875] [LAT] Path 35121: 72.1µs (0.1GB/s)
  [2026-06-12 16:35:54.876] [LAT] Path 35121: 73.5µs (0.1GB/s)
  [2026-06-12 16:35:54.878] [LAT] Path 35121: 68.5µs (0.1GB/s)
  [2026-06-12 16:35:54.879] [LAT] Path 35121: 91.5µs (0.0GB/s)
  [2026-06-12 16:35:54.881] [LAT] Path 35121: 112.4µs (0.0GB/s)
  [2026-06-12 16:35:54.883] [LAT] Path 35121: 204.2µs (0.0GB/s)
  [2026-06-12 16:35:54.885] [LAT] Path 35121: 121.7µs (0.0GB/s)
  [2026-06-12 16:35:55.895] [LAT] Path 20176: 83.5µs (0.1GB/s)
  [2026-06-12 16:35:55.897] [LAT] Path 20176: 76.9µs (0.1GB/s)
  [2026-06-12 16:35:55.898] [LAT] Path 20176: 72.6µs (0.1GB/s)
  [2026-06-12 16:35:55.900] [LAT] Path 20176: 636.4µs (0.0GB/s)
  [2026-06-12 16:35:55.902] [LAT] Path 20176: 85.7µs (0.1GB/s)
  [2026-06-12 16:35:55.904] [LAT] Path 20176: 122.3µs (0.0GB/s)
  [2026-06-12 16:35:55.909] [LAT] Path 20176: 3949.7µs (0.0GB/s)
  [2026-06-12 16:35:55.911] [LAT] Path 20176: 77.6µs (0.1GB/s)
  [2026-06-12 16:35:55.912] [LAT] Path 20176: 77.1µs (0.1GB/s)
  [2026-06-12 16:35:55.914] [LAT] Path 20176: 76.0µs (0.1GB/s)
  [2026-06-12 16:35:56.935] [BW] Path 20176: 10540.0µs (12.7GB/s)
  [2026-06-12 16:35:56.944] [BW] Path 20176: 7643.1µs (17.6GB/s)
  [2026-06-12 16:35:56.965] [BW] Path 20176: 18515.8µs (7.2GB/s)
  [2026-06-12 16:35:56.976] [BW] Path 20176: 9669.5µs (13.9GB/s)
  [2026-06-12 16:35:56.987] [BW] Path 20176: 9803.0µs (13.7GB/s)
  [2026-06-12 16:35:56.997] [BW] Path 20176: 8392.3µs (16.0GB/s)
  [2026-06-12 16:35:56.999] [LAT] Path 20176: 92.8µs (0.0GB/s)
  [2026-06-12 16:35:57.000] [LAT] Path 20176: 89.1µs (0.1GB/s)
  [2026-06-12 16:35:57.002] [LAT] Path 20176: 78.7µs (0.1GB/s)
  [2026-06-12 16:35:57.006] [LAT] Path 20176: 2631.4µs (0.0GB/s)
  [2026-06-12 16:35:58.017] [LAT] Path 20176: 83.0µs (0.1GB/s)
  [2026-06-12 16:35:58.018] [LAT] Path 20176: 78.9µs (0.1GB/s)
  [2026-06-12 16:35:58.025] [LAT] Path 20176: 5350.3µs (0.0GB/s)
  [2026-06-12 16:35:58.027] [LAT] Path 20176: 101.8µs (0.0GB/s)
  [2026-06-12 16:35:58.029] [LAT] Path 20176: 105.4µs (0.0GB/s)
  [2026-06-12 16:35:58.030] [LAT] Path 20176: 96.2µs (0.0GB/s)
  [2026-06-12 16:35:58.032] [LAT] Path 20176: 96.5µs (0.0GB/s)
  [2026-06-12 16:35:58.033] [LAT] Path 20176: 95.3µs (0.0GB/s)
  [2026-06-12 16:35:58.035] [LAT] Path 20176: 93.7µs (0.0GB/s)
  [2026-06-12 16:35:58.037] [LAT] Path 20176: 109.4µs (0.0GB/s)
  [2026-06-12 16:35:59.047] [LAT] Path 35121: 89.0µs (0.1GB/s)
  [2026-06-12 16:35:59.048] [LAT] Path 35121: 78.7µs (0.1GB/s)
  [2026-06-12 16:35:59.050] [LAT] Path 35121: 78.0µs (0.1GB/s)
  [2026-06-12 16:35:59.052] [LAT] Path 35121: 77.8µs (0.1GB/s)
  [2026-06-12 16:35:59.053] [LAT] Path 35121: 90.9µs (0.1GB/s)
  [2026-06-12 16:35:59.055] [LAT] Path 35121: 90.1µs (0.1GB/s)
  [2026-06-12 16:35:59.058] [LAT] Path 35121: 1907.4µs (0.0GB/s)
  [2026-06-12 16:35:59.060] [LAT] Path 35121: 82.5µs (0.1GB/s)
  [2026-06-12 16:35:59.062] [LAT] Path 35121: 79.2µs (0.1GB/s)
  [2026-06-12 16:35:59.072] [BW] Path 35121: 8752.5µs (15.3GB/s)
  [2026-06-12 16:36:00.095] [BW] Path 35121: 12559.3µs (10.7GB/s)
  [2026-06-12 16:36:00.096] [LAT] Path 35121: 81.2µs (0.1GB/s)
  [2026-06-12 16:36:00.098] [LAT] Path 35121: 77.5µs (0.1GB/s)
  [2026-06-12 16:36:00.100] [LAT] Path 35121: 77.5µs (0.1GB/s)
  [2026-06-12 16:36:00.101] [LAT] Path 35121: 88.8µs (0.1GB/s)
  [2026-06-12 16:36:00.112] [BW] Path 35121: 9289.5µs (14.4GB/s)
  [2026-06-12 16:36:00.122] [BW] Path 35121: 8870.0µs (15.1GB/s)
  [2026-06-12 16:36:00.134] [BW] Path 35121: 10096.5µs (13.3GB/s)
  [2026-06-12 16:36:00.151] [BW] Path 35121: 15265.4µs (8.8GB/s)
  [2026-06-12 16:36:00.162] [BW] Path 35121: 9135.8µs (14.7GB/s)
  [2026-06-12 16:36:01.172] [LAT] Path 35121: 120.5µs (0.0GB/s)
  [2026-06-12 16:36:01.174] [LAT] Path 35121: 99.1µs (0.0GB/s)
  [2026-06-12 16:36:01.176] [LAT] Path 35121: 92.6µs (0.0GB/s)
  [2026-06-12 16:36:01.177] [LAT] Path 35121: 94.5µs (0.0GB/s)
  [2026-06-12 16:36:01.179] [LAT] Path 35121: 80.3µs (0.1GB/s)
  [2026-06-12 16:36:01.181] [LAT] Path 35121: 78.2µs (0.1GB/s)
  [2026-06-12 16:36:01.187] [LAT] Path 35121: 4725.2µs (0.0GB/s)
  [2026-06-12 16:36:01.188] [LAT] Path 35121: 91.5µs (0.0GB/s)
  [2026-06-12 16:36:01.190] [LAT] Path 35121: 94.1µs (0.0GB/s)
  [2026-06-12 16:36:01.192] [LAT] Path 35121: 98.0µs (0.0GB/s)
  [2026-06-12 16:36:02.202] [LAT] Path 35121: 116.8µs (0.0GB/s)
  [2026-06-12 16:36:02.204] [LAT] Path 35121: 91.3µs (0.0GB/s)
  [2026-06-12 16:36:02.208] [LAT] Path 35121: 2515.4µs (0.0GB/s)
  [2026-06-12 16:36:02.209] [LAT] Path 35121: 80.3µs (0.1GB/s)
  [2026-06-12 16:36:02.211] [LAT] Path 35121: 79.5µs (0.1GB/s)
  [2026-06-12 16:36:02.213] [LAT] Path 35121: 79.8µs (0.1GB/s)
  [2026-06-12 16:36:02.226] [BW] Path 35121: 12391.8µs (10.8GB/s)
  [2026-06-12 16:36:02.235] [BW] Path 35121: 6709.4µs (20.0GB/s)
  [2026-06-12 16:36:02.247] [BW] Path 35121: 10404.4µs (12.9GB/s)
  [2026-06-12 16:36:02.259] [BW] Path 35121: 10927.2µs (12.3GB/s)
  [2026-06-12 16:36:03.285] [BW] Path 35121: 15057.5µs (8.9GB/s)
  [2026-06-12 16:36:03.294] [BW] Path 35121: 7853.1µs (17.1GB/s)
  [2026-06-12 16:36:03.307] [BW] Path 35121: 10696.8µs (12.6GB/s)
  [2026-06-12 16:36:03.315] [BW] Path 35121: 6891.7µs (19.5GB/s)
  [2026-06-12 16:36:03.331] [BW] Path 35121: 14100.6µs (9.5GB/s)
  [2026-06-12 16:36:03.343] [BW] Path 35121: 10630.4µs (12.6GB/s)
  [2026-06-12 16:36:03.362] [BW] Path 35121: 17331.9µs (7.7GB/s)
  [2026-06-12 16:36:03.372] [BW] Path 35121: 8316.3µs (16.1GB/s)
  [2026-06-12 16:36:03.373] [LAT] Path 35121: 117.0µs (0.0GB/s)
  [2026-06-12 16:36:03.390] [BW] Path 35121: 15665.7µs (8.6GB/s)
  [2026-06-12 16:36:04.401] [LAT] Path 20176: 99.9µs (0.0GB/s)
  [2026-06-12 16:36:04.403] [LAT] Path 20176: 80.2µs (0.1GB/s)
  [2026-06-12 16:36:04.405] [LAT] Path 20176: 78.8µs (0.1GB/s)
  [2026-06-12 16:36:04.406] [LAT] Path 20176: 76.8µs (0.1GB/s)
  [2026-06-12 16:36:04.408] [LAT] Path 20176: 78.4µs (0.1GB/s)
  [2026-06-12 16:36:04.409] [LAT] Path 20176: 97.5µs (0.0GB/s)
  [2026-06-12 16:36:04.411] [LAT] Path 20176: 97.1µs (0.0GB/s)
  [2026-06-12 16:36:04.413] [LAT] Path 20176: 100.0µs (0.0GB/s)
  [2026-06-12 16:36:04.414] [LAT] Path 20176: 97.9µs (0.0GB/s)
  [2026-06-12 16:36:04.416] [LAT] Path 20176: 78.8µs (0.1GB/s)
  [2026-06-12 16:36:05.426] [LAT] Path 20176: 82.2µs (0.1GB/s)
  [2026-06-12 16:36:05.428] [LAT] Path 20176: 95.1µs (0.0GB/s)
  [2026-06-12 16:36:05.429] [LAT] Path 20176: 90.3µs (0.1GB/s)
  [2026-06-12 16:36:05.440] [BW] Path 20176: 9819.8µs (13.7GB/s)
  [2026-06-12 16:36:05.451] [BW] Path 20176: 9116.2µs (14.7GB/s)
  [2026-06-12 16:36:05.460] [BW] Path 20176: 7694.3µs (17.4GB/s)
  [2026-06-12 16:36:05.472] [BW] Path 20176: 10279.2µs (13.1GB/s)
  [2026-06-12 16:36:05.483] [BW] Path 20176: 9621.8µs (13.9GB/s)
  [2026-06-12 16:36:05.502] [BW] Path 20176: 16917.3µs (7.9GB/s)
  [2026-06-12 16:36:05.511] [BW] Path 20176: 7995.1µs (16.8GB/s)
  [2026-06-12 16:36:06.537] [BW] Path 35121: 14519.6µs (9.2GB/s)
  [2026-06-12 16:36:06.538] [LAT] Path 35121: 122.6µs (0.0GB/s)
  [2026-06-12 16:36:06.540] [LAT] Path 35121: 88.2µs (0.1GB/s)
  [2026-06-12 16:36:06.541] [LAT] Path 35121: 79.7µs (0.1GB/s)
  [2026-06-12 16:36:06.543] [LAT] Path 35121: 78.6µs (0.1GB/s)
  [2026-06-12 16:36:06.545] [LAT] Path 35121: 77.2µs (0.1GB/s)
  [2026-06-12 16:36:06.546] [LAT] Path 35121: 76.3µs (0.1GB/s)
  [2026-06-12 16:36:06.548] [LAT] Path 35121: 75.5µs (0.1GB/s)
  [2026-06-12 16:36:06.549] [LAT] Path 35121: 77.0µs (0.1GB/s)
  [2026-06-12 16:36:06.551] [LAT] Path 35121: 75.2µs (0.1GB/s)
  [2026-06-12 16:36:07.562] [LAT] Path 20176: 117.1µs (0.0GB/s)
  [2026-06-12 16:36:07.563] [LAT] Path 20176: 90.9µs (0.1GB/s)
  [2026-06-12 16:36:07.565] [LAT] Path 20176: 88.9µs (0.1GB/s)
  [2026-06-12 16:36:07.567] [LAT] Path 20176: 844.9µs (0.0GB/s)
  [2026-06-12 16:36:07.569] [LAT] Path 20176: 77.5µs (0.1GB/s)
  [2026-06-12 16:36:07.570] [LAT] Path 20176: 75.5µs (0.1GB/s)
  [2026-06-12 16:36:07.572] [LAT] Path 20176: 81.7µs (0.1GB/s)
  [2026-06-12 16:36:07.574] [LAT] Path 20176: 90.3µs (0.1GB/s)
  [2026-06-12 16:36:07.575] [LAT] Path 20176: 88.0µs (0.1GB/s)
  [2026-06-12 16:36:07.577] [LAT] Path 20176: 90.7µs (0.1GB/s)
  [2026-06-12 16:36:08.587] [LAT] Path 35121: 95.3µs (0.0GB/s)
  [2026-06-12 16:36:08.588] [LAT] Path 35121: 77.2µs (0.1GB/s)
  [2026-06-12 16:36:08.603] [BW] Path 35121: 12943.4µs (10.4GB/s)
  [2026-06-12 16:36:08.617] [BW] Path 35121: 12541.0µs (10.7GB/s)
  [2026-06-12 16:36:08.627] [BW] Path 35121: 8885.2µs (15.1GB/s)
  [2026-06-12 16:36:08.637] [BW] Path 35121: 8067.1µs (16.6GB/s)
  [2026-06-12 16:36:08.649] [BW] Path 35121: 10227.9µs (13.1GB/s)
  [2026-06-12 16:36:08.659] [BW] Path 35121: 8223.9µs (16.3GB/s)
  [2026-06-12 16:36:08.675] [BW] Path 35121: 15050.1µs (8.9GB/s)
  [2026-06-12 16:36:08.685] [BW] Path 35121: 8169.2µs (16.4GB/s)
  [2026-06-12 16:36:09.704] [LAT] Path 35121: 8506.7µs (0.0GB/s)
  [2026-06-12 16:36:09.705] [LAT] Path 35121: 80.5µs (0.1GB/s)
  [2026-06-12 16:36:09.707] [LAT] Path 35121: 77.2µs (0.1GB/s)
  [2026-06-12 16:36:09.709] [LAT] Path 35121: 80.5µs (0.1GB/s)
  [2026-06-12 16:36:09.710] [LAT] Path 35121: 77.3µs (0.1GB/s)
  [2026-06-12 16:36:09.712] [LAT] Path 35121: 77.8µs (0.1GB/s)
  [2026-06-12 16:36:09.713] [LAT] Path 35121: 76.6µs (0.1GB/s)
  [2026-06-12 16:36:09.715] [LAT] Path 35121: 75.9µs (0.1GB/s)
  [2026-06-12 16:36:09.717] [LAT] Path 35121: 91.4µs (0.0GB/s)
  [2026-06-12 16:36:09.718] [LAT] Path 35121: 88.8µs (0.1GB/s)
  [2026-06-12 16:36:10.737] [BW] Path 35121: 8374.2µs (16.0GB/s)
  [2026-06-12 16:36:10.746] [BW] Path 35121: 7777.5µs (17.3GB/s)
  [2026-06-12 16:36:10.757] [BW] Path 35121: 9558.0µs (14.0GB/s)
  [2026-06-12 16:36:10.759] [LAT] Path 35121: 110.0µs (0.0GB/s)
  [2026-06-12 16:36:10.761] [LAT] Path 35121: 88.0µs (0.1GB/s)
  [2026-06-12 16:36:10.762] [LAT] Path 35121: 78.8µs (0.1GB/s)
  [2026-06-12 16:36:10.764] [LAT] Path 35121: 78.7µs (0.1GB/s)
  [2026-06-12 16:36:10.774] [BW] Path 35121: 8586.5µs (15.6GB/s)
  [2026-06-12 16:36:10.783] [BW] Path 35121: 7707.7µs (17.4GB/s)
  [2026-06-12 16:36:10.795] [BW] Path 35121: 10070.3µs (13.3GB/s)
  [2026-06-12 16:36:11.814] [BW] Path 35121: 9046.4µs (14.8GB/s)
  [2026-06-12 16:36:11.825] [BW] Path 35121: 9076.7µs (14.8GB/s)
  [2026-06-12 16:36:11.834] [BW] Path 35121: 7830.6µs (17.1GB/s)
  [2026-06-12 16:36:11.851] [BW] Path 35121: 15489.0µs (8.7GB/s)
  [2026-06-12 16:36:11.861] [BW] Path 35121: 8184.9µs (16.4GB/s)
  [2026-06-12 16:36:11.863] [LAT] Path 35121: 78.5µs (0.1GB/s)
  [2026-06-12 16:36:11.864] [LAT] Path 35121: 74.1µs (0.1GB/s)
  [2026-06-12 16:36:11.866] [LAT] Path 35121: 92.9µs (0.0GB/s)
  [2026-06-12 16:36:11.867] [LAT] Path 35121: 89.7µs (0.1GB/s)
  [2026-06-12 16:36:11.884] [BW] Path 35121: 15557.5µs (8.6GB/s)
  [2026-06-12 16:36:12.909] [BW] Path 35121: 13855.1µs (9.7GB/s)
  [2026-06-12 16:36:12.918] [BW] Path 35121: 7643.9µs (17.6GB/s)
  [2026-06-12 16:36:12.928] [BW] Path 35121: 8675.0µs (15.5GB/s)
  [2026-06-12 16:36:12.939] [BW] Path 35121: 9497.1µs (14.1GB/s)
  [2026-06-12 16:36:12.941] [LAT] Path 35121: 96.5µs (0.0GB/s)
  [2026-06-12 16:36:12.943] [LAT] Path 35121: 109.3µs (0.0GB/s)
  [2026-06-12 16:36:12.944] [LAT] Path 35121: 94.2µs (0.0GB/s)
  [2026-06-12 16:36:12.946] [LAT] Path 35121: 86.6µs (0.1GB/s)
  [2026-06-12 16:36:12.947] [LAT] Path 35121: 78.6µs (0.1GB/s)
  [2026-06-12 16:36:12.949] [LAT] Path 35121: 76.3µs (0.1GB/s)
  [2026-06-12 16:36:13.960] [LAT] Path 20176: 104.1µs (0.0GB/s)
  [2026-06-12 16:36:13.961] [LAT] Path 20176: 76.2µs (0.1GB/s)
  [2026-06-12 16:36:13.965] [LAT] Path 20176: 2531.2µs (0.0GB/s)
  [2026-06-12 16:36:13.976] [BW] Path 20176: 8689.5µs (15.4GB/s)
  [2026-06-12 16:36:13.988] [BW] Path 20176: 10470.8µs (12.8GB/s)
  [2026-06-12 16:36:13.996] [BW] Path 20176: 6796.4µs (19.8GB/s)
  [2026-06-12 16:36:14.010] [BW] Path 20176: 12849.7µs (10.4GB/s)
  [2026-06-12 16:36:14.022] [BW] Path 20176: 9879.9µs (13.6GB/s)
  [2026-06-12 16:36:14.040] [BW] Path 20176: 17058.6µs (7.9GB/s)
  [2026-06-12 16:36:14.050] [BW] Path 20176: 8016.9µs (16.7GB/s)
  [2026-06-12 16:36:15.060] [LAT] Path 35121: 110.1µs (0.0GB/s)
  [2026-06-12 16:36:15.062] [LAT] Path 35121: 105.6µs (0.0GB/s)
  [2026-06-12 16:36:15.064] [LAT] Path 35121: 110.9µs (0.0GB/s)
  [2026-06-12 16:36:15.065] [LAT] Path 35121: 91.8µs (0.0GB/s)
  [2026-06-12 16:36:15.067] [LAT] Path 35121: 96.6µs (0.0GB/s)
  [2026-06-12 16:36:15.068] [LAT] Path 35121: 76.7µs (0.1GB/s)
  [2026-06-12 16:36:15.070] [LAT] Path 35121: 74.5µs (0.1GB/s)
  [2026-06-12 16:36:15.072] [LAT] Path 35121: 81.6µs (0.1GB/s)
  [2026-06-12 16:36:15.073] [LAT] Path 35121: 76.3µs (0.1GB/s)
  [2026-06-12 16:36:15.075] [LAT] Path 35121: 75.9µs (0.1GB/s)
  [2026-06-12 16:36:16.088] [LAT] Path 35121: 2688.0µs (0.0GB/s)
  [2026-06-12 16:36:16.090] [LAT] Path 35121: 73.6µs (0.1GB/s)
  [2026-06-12 16:36:16.091] [LAT] Path 35121: 76.1µs (0.1GB/s)
  [2026-06-12 16:36:16.093] [LAT] Path 35121: 76.4µs (0.1GB/s)
  [2026-06-12 16:36:16.095] [LAT] Path 35121: 72.5µs (0.1GB/s)
  [2026-06-12 16:36:16.096] [LAT] Path 35121: 74.8µs (0.1GB/s)
  [2026-06-12 16:36:16.098] [LAT] Path 35121: 89.4µs (0.1GB/s)
  [2026-06-12 16:36:16.099] [LAT] Path 35121: 88.8µs (0.1GB/s)
  [2026-06-12 16:36:16.101] [LAT] Path 35121: 87.5µs (0.1GB/s)
  [2026-06-12 16:36:16.102] [LAT] Path 35121: 97.9µs (0.0GB/s)
  [2026-06-12 16:36:17.113] [LAT] Path 35121: 87.7µs (0.1GB/s)
  [2026-06-12 16:36:17.124] [BW] Path 35121: 9980.0µs (13.4GB/s)
  [2026-06-12 16:36:17.134] [BW] Path 35121: 8558.7µs (15.7GB/s)
  [2026-06-12 16:36:17.152] [BW] Path 35121: 16257.9µs (8.3GB/s)
  [2026-06-12 16:36:17.162] [BW] Path 35121: 8655.9µs (15.5GB/s)
  [2026-06-12 16:36:17.175] [BW] Path 35121: 10966.1µs (12.2GB/s)
  [2026-06-12 16:36:17.183] [BW] Path 35121: 6975.4µs (19.2GB/s)
  [2026-06-12 16:36:17.196] [BW] Path 35121: 10921.5µs (12.3GB/s)
  [2026-06-12 16:36:17.204] [BW] Path 35121: 6912.1µs (19.4GB/s)
  [2026-06-12 16:36:17.224] [BW] Path 35121: 18674.3µs (7.2GB/s)
  [2026-06-12 16:36:18.235] [LAT] Path 20176: 229.2µs (0.0GB/s)
  [2026-06-12 16:36:18.239] [LAT] Path 20176: 1734.9µs (0.0GB/s)
  [2026-06-12 16:36:18.247] [BW] Path 20176: 7177.4µs (18.7GB/s)
  [2026-06-12 16:36:18.265] [BW] Path 20176: 15976.5µs (8.4GB/s)
  [2026-06-12 16:36:18.267] [LAT] Path 20176: 169.8µs (0.0GB/s)
  [2026-06-12 16:36:18.268] [LAT] Path 20176: 77.3µs (0.1GB/s)
  [2026-06-12 16:36:18.270] [LAT] Path 20176: 76.8µs (0.1GB/s)
  [2026-06-12 16:36:18.271] [LAT] Path 20176: 76.6µs (0.1GB/s)
  [2026-06-12 16:36:18.273] [LAT] Path 20176: 76.1µs (0.1GB/s)
  [2026-06-12 16:36:18.275] [LAT] Path 20176: 93.5µs (0.0GB/s)
  [2026-06-12 16:36:19.298] [BW] Path 35121: 12738.2µs (10.5GB/s)
  [2026-06-12 16:36:19.300] [LAT] Path 35121: 80.4µs (0.1GB/s)
  [2026-06-12 16:36:19.301] [LAT] Path 35121: 76.7µs (0.1GB/s)
  [2026-06-12 16:36:19.303] [LAT] Path 35121: 76.3µs (0.1GB/s)
  [2026-06-12 16:36:19.304] [LAT] Path 35121: 74.5µs (0.1GB/s)
  [2026-06-12 16:36:19.316] [BW] Path 35121: 10216.6µs (13.1GB/s)
  [2026-06-12 16:36:19.325] [BW] Path 35121: 7346.0µs (18.3GB/s)
  [2026-06-12 16:36:19.339] [BW] Path 35121: 12263.9µs (10.9GB/s)
  [2026-06-12 16:36:19.348] [BW] Path 35121: 7927.9µs (16.9GB/s)
  [2026-06-12 16:36:19.359] [BW] Path 35121: 9021.3µs (14.9GB/s)
  [2026-06-12 16:36:20.379] [BW] Path 35121: 9824.9µs (13.7GB/s)
  [2026-06-12 16:36:20.391] [BW] Path 35121: 10713.9µs (12.5GB/s)
  [2026-06-12 16:36:20.393] [LAT] Path 35121: 82.1µs (0.1GB/s)
  [2026-06-12 16:36:20.395] [LAT] Path 35121: 71.8µs (0.1GB/s)
  [2026-06-12 16:36:20.396] [LAT] Path 35121: 93.1µs (0.0GB/s)
  [2026-06-12 16:36:20.398] [LAT] Path 35121: 96.8µs (0.0GB/s)
  [2026-06-12 16:36:20.399] [LAT] Path 35121: 94.3µs (0.0GB/s)
  [2026-06-12 16:36:20.401] [LAT] Path 35121: 96.7µs (0.0GB/s)
  [2026-06-12 16:36:20.403] [LAT] Path 35121: 77.1µs (0.1GB/s)
  [2026-06-12 16:36:20.404] [LAT] Path 35121: 76.0µs (0.1GB/s)
  [2026-06-12 16:36:21.415] [LAT] Path 35121: 167.2µs (0.0GB/s)
  [2026-06-12 16:36:21.436] [BW] Path 35121: 19539.5µs (6.9GB/s)
  [2026-06-12 16:36:21.445] [BW] Path 35121: 7192.9µs (18.7GB/s)
  [2026-06-12 16:36:21.459] [BW] Path 35121: 12762.0µs (10.5GB/s)
  [2026-06-12 16:36:21.461] [LAT] Path 35121: 157.4µs (0.0GB/s)
  [2026-06-12 16:36:21.465] [LAT] Path 35121: 2873.5µs (0.0GB/s)
  [2026-06-12 16:36:21.467] [LAT] Path 35121: 762.1µs (0.0GB/s)
  [2026-06-12 16:36:21.469] [LAT] Path 35121: 89.4µs (0.1GB/s)
  [2026-06-12 16:36:21.471] [LAT] Path 35121: 92.5µs (0.0GB/s)
  [2026-06-12 16:36:21.473] [LAT] Path 35121: 624.9µs (0.0GB/s)
  [2026-06-12 16:36:22.483] [LAT] Path 20176: 128.6µs (0.0GB/s)
  [2026-06-12 16:36:22.500] [BW] Path 20176: 15182.4µs (8.8GB/s)
  [2026-06-12 16:36:22.501] [LAT] Path 20176: 79.4µs (0.1GB/s)
  [2026-06-12 16:36:22.516] [BW] Path 20176: 13002.5µs (10.3GB/s)
  [2026-06-12 16:36:22.528] [BW] Path 20176: 10091.3µs (13.3GB/s)
  [2026-06-12 16:36:22.539] [BW] Path 20176: 9441.8µs (14.2GB/s)
  [2026-06-12 16:36:22.548] [BW] Path 20176: 7499.6µs (17.9GB/s)
  [2026-06-12 16:36:22.561] [BW] Path 20176: 11613.0µs (11.6GB/s)
  [2026-06-12 16:36:22.570] [BW] Path 20176: 7443.4µs (18.0GB/s)
  [2026-06-12 16:36:22.586] [BW] Path 20176: 15159.9µs (8.8GB/s)
  [2026-06-12 16:36:23.608] [BW] Path 20176: 10491.1µs (12.8GB/s)
  [2026-06-12 16:36:23.633] [BW] Path 20176: 23786.5µs (5.6GB/s)
  [2026-06-12 16:36:23.651] [BW] Path 20176: 16422.0µs (8.2GB/s)
  [2026-06-12 16:36:23.653] [LAT] Path 20176: 97.1µs (0.0GB/s)
  [2026-06-12 16:36:23.654] [LAT] Path 20176: 109.6µs (0.0GB/s)
  [2026-06-12 16:36:23.663] [LAT] Path 20176: 6604.6µs (0.0GB/s)
  [2026-06-12 16:36:23.664] [LAT] Path 20176: 79.4µs (0.1GB/s)
  [2026-06-12 16:36:23.666] [LAT] Path 20176: 74.0µs (0.1GB/s)
  [2026-06-12 16:36:23.667] [LAT] Path 20176: 74.3µs (0.1GB/s)
  [2026-06-12 16:36:23.669] [LAT] Path 20176: 74.8µs (0.1GB/s)
  [2026-06-12 16:36:24.680] [LAT] Path 20176: 106.4µs (0.0GB/s)
  [2026-06-12 16:36:24.682] [LAT] Path 20176: 77.0µs (0.1GB/s)
  [2026-06-12 16:36:24.683] [LAT] Path 20176: 88.4µs (0.1GB/s)
  [2026-06-12 16:36:24.685] [LAT] Path 20176: 89.5µs (0.1GB/s)
  [2026-06-12 16:36:24.687] [LAT] Path 20176: 104.4µs (0.0GB/s)
  [2026-06-12 16:36:24.688] [LAT] Path 20176: 104.0µs (0.0GB/s)
  [2026-06-12 16:36:24.690] [LAT] Path 20176: 93.0µs (0.0GB/s)
  [2026-06-12 16:36:24.691] [LAT] Path 20176: 89.7µs (0.1GB/s)
  [2026-06-12 16:36:24.693] [LAT] Path 20176: 79.0µs (0.1GB/s)
  [2026-06-12 16:36:24.695] [LAT] Path 20176: 87.9µs (0.1GB/s)
  [2026-06-12 16:36:25.717] [BW] Path 20176: 11829.3µs (11.3GB/s)
  [2026-06-12 16:36:25.732] [BW] Path 20176: 13549.6µs (9.9GB/s)
  [2026-06-12 16:36:25.742] [BW] Path 20176: 8584.7µs (15.6GB/s)
  [2026-06-12 16:36:25.752] [BW] Path 20176: 8463.4µs (15.9GB/s)
  [2026-06-12 16:36:25.763] [BW] Path 20176: 9813.1µs (13.7GB/s)
  [2026-06-12 16:36:25.773] [BW] Path 20176: 8593.4µs (15.6GB/s)
  [2026-06-12 16:36:25.791] [BW] Path 20176: 16194.4µs (8.3GB/s)
  [2026-06-12 16:36:25.802] [BW] Path 20176: 9469.4µs (14.2GB/s)
  [2026-06-12 16:36:25.805] [LAT] Path 20176: 1287.0µs (0.0GB/s)
  [2026-06-12 16:36:25.809] [LAT] Path 20176: 2605.6µs (0.0GB/s)
  [2026-06-12 16:36:26.820] [LAT] Path 20176: 103.7µs (0.0GB/s)
  [2026-06-12 16:36:26.821] [LAT] Path 20176: 71.5µs (0.1GB/s)
  [2026-06-12 16:36:26.825] [LAT] Path 20176: 1864.7µs (0.0GB/s)
  [2026-06-12 16:36:26.826] [LAT] Path 20176: 95.5µs (0.0GB/s)
  [2026-06-12 16:36:26.828] [LAT] Path 20176: 89.0µs (0.1GB/s)
  [2026-06-12 16:36:26.829] [LAT] Path 20176: 88.4µs (0.1GB/s)
  [2026-06-12 16:36:26.831] [LAT] Path 20176: 82.6µs (0.1GB/s)
  [2026-06-12 16:36:26.833] [LAT] Path 20176: 82.5µs (0.1GB/s)
  [2026-06-12 16:36:26.834] [LAT] Path 20176: 74.2µs (0.1GB/s)
  [2026-06-12 16:36:26.836] [LAT] Path 20176: 70.4µs (0.1GB/s)
  [2026-06-12 16:36:27.846] [LAT] Path 20176: 126.0µs (0.0GB/s)
  [2026-06-12 16:36:27.848] [LAT] Path 20176: 75.1µs (0.1GB/s)
  [2026-06-12 16:36:27.850] [LAT] Path 20176: 89.9µs (0.1GB/s)
  [2026-06-12 16:36:27.851] [LAT] Path 20176: 83.8µs (0.1GB/s)
  [2026-06-12 16:36:27.853] [LAT] Path 20176: 87.0µs (0.1GB/s)
  [2026-06-12 16:36:27.854] [LAT] Path 20176: 86.5µs (0.1GB/s)
  [2026-06-12 16:36:27.862] [BW] Path 20176: 6613.6µs (20.3GB/s)
  [2026-06-12 16:36:27.875] [BW] Path 20176: 10666.5µs (12.6GB/s)
  [2026-06-12 16:36:27.876] [LAT] Path 20176: 79.2µs (0.1GB/s)
  [2026-06-12 16:36:27.878] [LAT] Path 20176: 76.1µs (0.1GB/s)
  [2026-06-12 16:36:28.888] [LAT] Path 35121: 80.8µs (0.1GB/s)
  [2026-06-12 16:36:28.890] [LAT] Path 35121: 76.8µs (0.1GB/s)
  [2026-06-12 16:36:28.892] [LAT] Path 35121: 75.0µs (0.1GB/s)
  [2026-06-12 16:36:28.911] [BW] Path 35121: 18364.3µs (7.3GB/s)
  [2026-06-12 16:36:28.920] [BW] Path 35121: 7483.1µs (17.9GB/s)
  [2026-06-12 16:36:28.936] [BW] Path 35121: 14105.5µs (9.5GB/s)
  [2026-06-12 16:36:28.938] [LAT] Path 35121: 76.4µs (0.1GB/s)
  [2026-06-12 16:36:28.948] [BW] Path 35121: 8797.3µs (15.3GB/s)
  [2026-06-12 16:36:28.958] [BW] Path 35121: 8343.9µs (16.1GB/s)
  [2026-06-12 16:36:28.971] [BW] Path 35121: 12054.4µs (11.1GB/s)
  [2026-06-12 16:36:29.982] [LAT] Path 20176: 128.2µs (0.0GB/s)
  [2026-06-12 16:36:29.988] [LAT] Path 20176: 4896.7µs (0.0GB/s)
  [2026-06-12 16:36:29.993] [LAT] Path 20176: 2919.8µs (0.0GB/s)
  [2026-06-12 16:36:29.994] [LAT] Path 20176: 85.1µs (0.1GB/s)
  [2026-06-12 16:36:29.996] [LAT] Path 20176: 77.8µs (0.1GB/s)
  [2026-06-12 16:36:29.998] [LAT] Path 20176: 79.3µs (0.1GB/s)
  [2026-06-12 16:36:29.999] [LAT] Path 20176: 92.0µs (0.0GB/s)
  [2026-06-12 16:36:30.001] [LAT] Path 20176: 94.8µs (0.0GB/s)
  [2026-06-12 16:36:30.002] [LAT] Path 20176: 91.1µs (0.0GB/s)
  [2026-06-12 16:36:30.004] [LAT] Path 20176: 92.6µs (0.0GB/s)
  [2026-06-12 16:36:31.015] [LAT] Path 20176: 123.5µs (0.0GB/s)
  [2026-06-12 16:36:31.016] [LAT] Path 20176: 89.4µs (0.1GB/s)
  [2026-06-12 16:36:31.018] [LAT] Path 20176: 85.1µs (0.1GB/s)
  [2026-06-12 16:36:31.020] [LAT] Path 20176: 85.8µs (0.1GB/s)
  [2026-06-12 16:36:31.021] [LAT] Path 20176: 75.3µs (0.1GB/s)
  [2026-06-12 16:36:31.023] [LAT] Path 20176: 74.3µs (0.1GB/s)
  [2026-06-12 16:36:31.026] [LAT] Path 20176: 1990.1µs (0.0GB/s)
  [2026-06-12 16:36:31.038] [BW] Path 20176: 10508.7µs (12.8GB/s)
  [2026-06-12 16:36:31.051] [BW] Path 20176: 10853.5µs (12.4GB/s)
  [2026-06-12 16:36:31.061] [BW] Path 20176: 8976.8µs (14.9GB/s)
  [2026-06-12 16:36:32.082] [BW] Path 20176: 10408.8µs (12.9GB/s)
  [2026-06-12 16:36:32.092] [BW] Path 20176: 8134.1µs (16.5GB/s)
  [2026-06-12 16:36:32.106] [BW] Path 20176: 12448.1µs (10.8GB/s)
  [2026-06-12 16:36:32.120] [BW] Path 20176: 12858.8µs (10.4GB/s)
  [2026-06-12 16:36:32.124] [LAT] Path 20176: 2771.2µs (0.0GB/s)
  [2026-06-12 16:36:32.126] [LAT] Path 20176: 79.0µs (0.1GB/s)
  [2026-06-12 16:36:32.128] [LAT] Path 20176: 73.9µs (0.1GB/s)
  [2026-06-12 16:36:32.129] [LAT] Path 20176: 74.6µs (0.1GB/s)
  [2026-06-12 16:36:32.131] [LAT] Path 20176: 75.2µs (0.1GB/s)
  [2026-06-12 16:36:32.132] [LAT] Path 20176: 75.8µs (0.1GB/s)
  [2026-06-12 16:36:33.143] [LAT] Path 20176: 92.5µs (0.0GB/s)
  [2026-06-12 16:36:33.144] [LAT] Path 20176: 77.8µs (0.1GB/s)
  [2026-06-12 16:36:33.146] [LAT] Path 20176: 75.5µs (0.1GB/s)
  [2026-06-12 16:36:33.148] [LAT] Path 20176: 75.2µs (0.1GB/s)
  [2026-06-12 16:36:33.149] [LAT] Path 20176: 75.0µs (0.1GB/s)
  [2026-06-12 16:36:33.151] [LAT] Path 20176: 86.4µs (0.1GB/s)
  [2026-06-12 16:36:33.152] [LAT] Path 20176: 88.1µs (0.1GB/s)
  [2026-06-12 16:36:33.154] [LAT] Path 20176: 90.6µs (0.1GB/s)
  [2026-06-12 16:36:33.155] [LAT] Path 20176: 86.2µs (0.1GB/s)
  [2026-06-12 16:36:33.157] [LAT] Path 20176: 70.1µs (0.1GB/s)
  [2026-06-12 16:36:34.178] [BW] Path 35121: 9849.0µs (13.6GB/s)
  [2026-06-12 16:36:34.188] [BW] Path 35121: 9005.5µs (14.9GB/s)
  [2026-06-12 16:36:34.198] [BW] Path 35121: 8052.1µs (16.7GB/s)
  [2026-06-12 16:36:34.210] [BW] Path 35121: 10643.1µs (12.6GB/s)
  [2026-06-12 16:36:34.219] [BW] Path 35121: 7762.3µs (17.3GB/s)
  [2026-06-12 16:36:34.236] [BW] Path 35121: 15261.5µs (8.8GB/s)
  [2026-06-12 16:36:34.248] [BW] Path 35121: 10435.2µs (12.9GB/s)
  [2026-06-12 16:36:34.261] [BW] Path 35121: 11123.1µs (12.1GB/s)
  [2026-06-12 16:36:34.269] [BW] Path 35121: 7083.4µs (18.9GB/s)
  [2026-06-12 16:36:34.281] [BW] Path 35121: 10018.1µs (13.4GB/s)
  [2026-06-12 16:36:35.291] [LAT] Path 20176: 84.9µs (0.1GB/s)
  [2026-06-12 16:36:35.297] [LAT] Path 20176: 4446.9µs (0.0GB/s)
  [2026-06-12 16:36:35.299] [LAT] Path 20176: 70.2µs (0.1GB/s)
  [2026-06-12 16:36:35.300] [LAT] Path 20176: 98.3µs (0.0GB/s)
  [2026-06-12 16:36:35.302] [LAT] Path 20176: 90.6µs (0.1GB/s)
  [2026-06-12 16:36:35.304] [LAT] Path 20176: 93.5µs (0.0GB/s)
  [2026-06-12 16:36:35.305] [LAT] Path 20176: 94.1µs (0.0GB/s)
  [2026-06-12 16:36:35.307] [LAT] Path 20176: 71.5µs (0.1GB/s)
  [2026-06-12 16:36:35.308] [LAT] Path 20176: 73.9µs (0.1GB/s)
  [2026-06-12 16:36:35.310] [LAT] Path 20176: 74.1µs (0.1GB/s)
  [2026-06-12 16:36:36.320] [LAT] Path 20176: 108.7µs (0.0GB/s)
  [2026-06-12 16:36:36.322] [LAT] Path 20176: 592.9µs (0.0GB/s)
  [2026-06-12 16:36:36.327] [LAT] Path 20176: 3000.5µs (0.0GB/s)
  [2026-06-12 16:36:36.328] [LAT] Path 20176: 74.9µs (0.1GB/s)
  [2026-06-12 16:36:36.330] [LAT] Path 20176: 75.8µs (0.1GB/s)
  [2026-06-12 16:36:36.331] [LAT] Path 20176: 76.1µs (0.1GB/s)
  [2026-06-12 16:36:36.333] [LAT] Path 20176: 89.1µs (0.1GB/s)
  [2026-06-12 16:36:36.335] [LAT] Path 20176: 88.3µs (0.1GB/s)
  [2026-06-12 16:36:36.336] [LAT] Path 20176: 87.3µs (0.1GB/s)
  [2026-06-12 16:36:36.338] [LAT] Path 20176: 86.7µs (0.1GB/s)
  [2026-06-12 16:36:37.360] [BW] Path 35121: 11898.2µs (11.3GB/s)
  [2026-06-12 16:36:37.369] [BW] Path 35121: 7395.7µs (18.1GB/s)
  [2026-06-12 16:36:37.380] [BW] Path 35121: 9697.0µs (13.8GB/s)
  [2026-06-12 16:36:37.391] [BW] Path 35121: 8825.1µs (15.2GB/s)
  [2026-06-12 16:36:37.404] [BW] Path 35121: 12172.4µs (11.0GB/s)
  [2026-06-12 16:36:37.420] [BW] Path 35121: 14646.1µs (9.2GB/s)
  [2026-06-12 16:36:37.431] [BW] Path 35121: 8672.2µs (15.5GB/s)
  [2026-06-12 16:36:37.442] [BW] Path 35121: 9398.4µs (14.3GB/s)
  [2026-06-12 16:36:37.445] [LAT] Path 35121: 1636.4µs (0.0GB/s)
  [2026-06-12 16:36:37.453] [BW] Path 35121: 6787.1µs (19.8GB/s)
  [2026-06-12 16:36:38.482] [BW] Path 35121: 18203.2µs (7.4GB/s)
  [2026-06-12 16:36:38.502] [BW] Path 35121: 18170.4µs (7.4GB/s)
  [2026-06-12 16:36:38.518] [BW] Path 35121: 14650.0µs (9.2GB/s)
  [2026-06-12 16:36:38.520] [LAT] Path 35121: 97.2µs (0.0GB/s)
  [2026-06-12 16:36:38.521] [LAT] Path 35121: 95.1µs (0.0GB/s)
  [2026-06-12 16:36:38.523] [LAT] Path 35121: 78.1µs (0.1GB/s)
  [2026-06-12 16:36:38.525] [LAT] Path 35121: 76.2µs (0.1GB/s)
  [2026-06-12 16:36:38.526] [LAT] Path 35121: 77.2µs (0.1GB/s)
  [2026-06-12 16:36:38.528] [LAT] Path 35121: 76.9µs (0.1GB/s)
  [2026-06-12 16:36:38.529] [LAT] Path 35121: 76.5µs (0.1GB/s)
  [2026-06-12 16:36:39.540] [LAT] Path 20176: 95.4µs (0.0GB/s)
  [2026-06-12 16:36:39.542] [LAT] Path 20176: 88.1µs (0.1GB/s)
  [2026-06-12 16:36:39.543] [LAT] Path 20176: 75.7µs (0.1GB/s)
  [2026-06-12 16:36:39.545] [LAT] Path 20176: 76.6µs (0.1GB/s)
  [2026-06-12 16:36:39.547] [LAT] Path 20176: 75.0µs (0.1GB/s)
  [2026-06-12 16:36:39.548] [LAT] Path 20176: 75.7µs (0.1GB/s)
  [2026-06-12 16:36:39.550] [LAT] Path 20176: 70.7µs (0.1GB/s)
  [2026-06-12 16:36:39.551] [LAT] Path 20176: 84.4µs (0.1GB/s)
  [2026-06-12 16:36:39.553] [LAT] Path 20176: 89.0µs (0.1GB/s)
  [2026-06-12 16:36:39.563] [BW] Path 20176: 8177.7µs (16.4GB/s)
  [2026-06-12 16:36:40.581] [BW] Path 20176: 7897.7µs (17.0GB/s)
  [2026-06-12 16:36:40.602] [BW] Path 20176: 19117.5µs (7.0GB/s)
  [2026-06-12 16:36:40.613] [BW] Path 20176: 9849.6µs (13.6GB/s)
  [2026-06-12 16:36:40.627] [BW] Path 20176: 12493.0µs (10.7GB/s)
  [2026-06-12 16:36:40.629] [LAT] Path 20176: 80.3µs (0.1GB/s)
  [2026-06-12 16:36:40.630] [LAT] Path 20176: 76.9µs (0.1GB/s)
  [2026-06-12 16:36:40.632] [LAT] Path 20176: 76.1µs (0.1GB/s)
  [2026-06-12 16:36:40.634] [LAT] Path 20176: 75.5µs (0.1GB/s)
  [2026-06-12 16:36:40.637] [LAT] Path 20176: 1710.1µs (0.0GB/s)
  [2026-06-12 16:36:40.638] [LAT] Path 20176: 89.1µs (0.1GB/s)
  [2026-06-12 16:36:41.649] [LAT] Path 20176: 109.8µs (0.0GB/s)
  [2026-06-12 16:36:41.651] [LAT] Path 20176: 98.1µs (0.0GB/s)
  [2026-06-12 16:36:41.652] [LAT] Path 20176: 98.4µs (0.0GB/s)
  [2026-06-12 16:36:41.654] [LAT] Path 20176: 90.1µs (0.1GB/s)
  [2026-06-12 16:36:41.655] [LAT] Path 20176: 88.0µs (0.1GB/s)
  [2026-06-12 16:36:41.657] [LAT] Path 20176: 80.9µs (0.1GB/s)
  [2026-06-12 16:36:41.667] [LAT] Path 20176: 295.4µs (0.0GB/s)
  [2026-06-12 16:36:41.669] [LAT] Path 20176: 125.0µs (0.0GB/s)
  [2026-06-12 16:36:41.671] [LAT] Path 20176: 96.0µs (0.0GB/s)
  [2026-06-12 16:36:41.673] [LAT] Path 20176: 97.1µs (0.0GB/s)
  [2026-06-12 16:36:42.683] [LAT] Path 35121: 120.5µs (0.0GB/s)
  [2026-06-12 16:36:42.694] [BW] Path 35121: 9434.3µs (14.2GB/s)
  [2026-06-12 16:36:42.706] [BW] Path 35121: 10585.6µs (12.7GB/s)
  [2026-06-12 16:36:42.716] [BW] Path 35121: 7786.3µs (17.2GB/s)
  [2026-06-12 16:36:42.726] [BW] Path 35121: 9248.1µs (14.5GB/s)
  [2026-06-12 16:36:42.741] [BW] Path 35121: 12657.3µs (10.6GB/s)
  [2026-06-12 16:36:42.756] [BW] Path 35121: 13457.3µs (10.0GB/s)
  [2026-06-12 16:36:42.769] [BW] Path 35121: 12224.1µs (11.0GB/s)
  [2026-06-12 16:36:42.778] [BW] Path 35121: 7242.2µs (18.5GB/s)
  [2026-06-12 16:36:42.790] [BW] Path 35121: 10772.6µs (12.5GB/s)
  [2026-06-12 16:36:43.802] [LAT] Path 20176: 122.3µs (0.0GB/s)
  [2026-06-12 16:36:43.809] [LAT] Path 20176: 5250.6µs (0.0GB/s)
  [2026-06-12 16:36:43.810] [LAT] Path 20176: 78.2µs (0.1GB/s)
  [2026-06-12 16:36:43.812] [LAT] Path 20176: 76.3µs (0.1GB/s)
  [2026-06-12 16:36:43.813] [LAT] Path 20176: 95.0µs (0.0GB/s)
  [2026-06-12 16:36:43.815] [LAT] Path 20176: 94.4µs (0.0GB/s)
  [2026-06-12 16:36:43.817] [LAT] Path 20176: 94.3µs (0.0GB/s)
  [2026-06-12 16:36:43.818] [LAT] Path 20176: 94.7µs (0.0GB/s)
  [2026-06-12 16:36:43.820] [LAT] Path 20176: 77.3µs (0.1GB/s)
  [2026-06-12 16:36:43.821] [LAT] Path 20176: 75.6µs (0.1GB/s)
  [2026-06-12 16:36:44.832] [LAT] Path 20176: 89.2µs (0.1GB/s)
  [2026-06-12 16:36:44.834] [LAT] Path 20176: 76.1µs (0.1GB/s)
  [2026-06-12 16:36:44.835] [LAT] Path 20176: 92.0µs (0.0GB/s)
  [2026-06-12 16:36:44.837] [LAT] Path 20176: 85.7µs (0.1GB/s)
  [2026-06-12 16:36:44.838] [LAT] Path 20176: 99.6µs (0.0GB/s)
  [2026-06-12 16:36:44.840] [LAT] Path 20176: 101.5µs (0.0GB/s)
  [2026-06-12 16:36:44.842] [LAT] Path 20176: 94.8µs (0.0GB/s)
  [2026-06-12 16:36:44.843] [LAT] Path 20176: 100.9µs (0.0GB/s)
  [2026-06-12 16:36:44.845] [LAT] Path 20176: 77.7µs (0.1GB/s)
  [2026-06-12 16:36:44.851] [LAT] Path 20176: 4764.4µs (0.0GB/s)
  [2026-06-12 16:36:45.871] [BW] Path 35121: 9918.0µs (13.5GB/s)
  [2026-06-12 16:36:45.884] [BW] Path 35121: 11076.1µs (12.1GB/s)
  [2026-06-12 16:36:45.893] [BW] Path 35121: 7854.7µs (17.1GB/s)
  [2026-06-12 16:36:45.904] [BW] Path 35121: 9051.4µs (14.8GB/s)
  [2026-06-12 16:36:45.915] [BW] Path 35121: 9341.2µs (14.4GB/s)
  [2026-06-12 16:36:45.928] [BW] Path 35121: 11744.3µs (11.4GB/s)
  [2026-06-12 16:36:45.947] [BW] Path 35121: 17436.0µs (7.7GB/s)
  [2026-06-12 16:36:45.956] [BW] Path 35121: 7822.8µs (17.2GB/s)
  [2026-06-12 16:36:45.969] [BW] Path 35121: 10933.5µs (12.3GB/s)
  [2026-06-12 16:36:45.977] [BW] Path 35121: 6930.4µs (19.4GB/s)
  [2026-06-12 16:36:46.988] [LAT] Path 20176: 105.3µs (0.0GB/s)
  [2026-06-12 16:36:46.991] [LAT] Path 20176: 1416.7µs (0.0GB/s)
  [2026-06-12 16:36:46.995] [LAT] Path 20176: 1661.2µs (0.0GB/s)
  [2026-06-12 16:36:46.996] [LAT] Path 20176: 103.3µs (0.0GB/s)
  [2026-06-12 16:36:46.998] [LAT] Path 20176: 100.6µs (0.0GB/s)
  [2026-06-12 16:36:47.008] [LAT] Path 20176: 8730.2µs (0.0GB/s)
  [2026-06-12 16:36:47.010] [LAT] Path 20176: 83.4µs (0.1GB/s)
  [2026-06-12 16:36:47.011] [LAT] Path 20176: 74.8µs (0.1GB/s)
  [2026-06-12 16:36:47.013] [LAT] Path 20176: 73.7µs (0.1GB/s)
  [2026-06-12 16:36:47.014] [LAT] Path 20176: 73.3µs (0.1GB/s)
  [2026-06-12 16:36:48.025] [LAT] Path 20176: 94.7µs (0.0GB/s)
  [2026-06-12 16:36:48.027] [LAT] Path 20176: 73.7µs (0.1GB/s)
  [2026-06-12 16:36:48.028] [LAT] Path 20176: 90.9µs (0.1GB/s)
  [2026-06-12 16:36:48.030] [LAT] Path 20176: 113.9µs (0.0GB/s)
  [2026-06-12 16:36:48.031] [LAT] Path 20176: 96.7µs (0.0GB/s)
  [2026-06-12 16:36:48.033] [LAT] Path 20176: 92.9µs (0.0GB/s)
  [2026-06-12 16:36:48.035] [LAT] Path 20176: 91.4µs (0.0GB/s)
  [2026-06-12 16:36:48.036] [LAT] Path 20176: 94.4µs (0.0GB/s)
  [2026-06-12 16:36:48.038] [LAT] Path 20176: 78.2µs (0.1GB/s)
  [2026-06-12 16:36:48.039] [LAT] Path 20176: 76.8µs (0.1GB/s)
  [2026-06-12 16:36:49.067] [BW] Path 35121: 17449.0µs (7.7GB/s)
  [2026-06-12 16:36:49.076] [BW] Path 35121: 7096.5µs (18.9GB/s)
  [2026-06-12 16:36:49.088] [BW] Path 35121: 10845.8µs (12.4GB/s)
  [2026-06-12 16:36:49.097] [BW] Path 35121: 7250.4µs (18.5GB/s)
  [2026-06-12 16:36:49.110] [BW] Path 35121: 11107.6µs (12.1GB/s)
  [2026-06-12 16:36:49.124] [BW] Path 35121: 12908.0µs (10.4GB/s)
  [2026-06-12 16:36:49.139] [BW] Path 35121: 13701.6µs (9.8GB/s)
  [2026-06-12 16:36:49.150] [BW] Path 35121: 9112.3µs (14.7GB/s)
  [2026-06-12 16:36:49.160] [BW] Path 35121: 8859.0µs (15.2GB/s)
  [2026-06-12 16:36:49.171] [BW] Path 35121: 9518.0µs (14.1GB/s)
  [2026-06-12 16:36:50.182] [LAT] Path 20176: 127.6µs (0.0GB/s)
  [2026-06-12 16:36:50.184] [LAT] Path 20176: 97.8µs (0.0GB/s)
  [2026-06-12 16:36:50.189] [LAT] Path 20176: 3586.6µs (0.0GB/s)
  [2026-06-12 16:36:50.193] [LAT] Path 20176: 2635.9µs (0.0GB/s)
  [2026-06-12 16:36:50.195] [LAT] Path 20176: 76.0µs (0.1GB/s)
  [2026-06-12 16:36:50.196] [LAT] Path 20176: 75.8µs (0.1GB/s)
  [2026-06-12 16:36:50.198] [LAT] Path 20176: 75.5µs (0.1GB/s)
  [2026-06-12 16:36:50.199] [LAT] Path 20176: 94.3µs (0.0GB/s)
  [2026-06-12 16:36:50.201] [LAT] Path 20176: 95.5µs (0.0GB/s)
  [2026-06-12 16:36:50.203] [LAT] Path 20176: 87.9µs (0.1GB/s)
  [2026-06-12 16:36:51.213] [LAT] Path 35121: 94.2µs (0.0GB/s)
  [2026-06-12 16:36:51.215] [LAT] Path 35121: 84.4µs (0.1GB/s)
  [2026-06-12 16:36:51.216] [LAT] Path 35121: 103.2µs (0.0GB/s)
  [2026-06-12 16:36:51.218] [LAT] Path 35121: 95.6µs (0.0GB/s)
  [2026-06-12 16:36:51.219] [LAT] Path 35121: 85.9µs (0.1GB/s)
  [2026-06-12 16:36:51.228] [BW] Path 35121: 6621.7µs (20.3GB/s)
  [2026-06-12 16:36:51.239] [BW] Path 35121: 10116.8µs (13.3GB/s)
  [2026-06-12 16:36:51.248] [BW] Path 35121: 7004.6µs (19.2GB/s)
  [2026-06-12 16:36:51.262] [BW] Path 35121: 12658.9µs (10.6GB/s)
  [2026-06-12 16:36:51.272] [BW] Path 35121: 8709.3µs (15.4GB/s)
  [2026-06-12 16:36:52.283] [LAT] Path 20176: 112.5µs (0.0GB/s)
  [2026-06-12 16:36:52.284] [LAT] Path 20176: 76.8µs (0.1GB/s)
  [2026-06-12 16:36:52.287] [LAT] Path 20176: 935.9µs (0.0GB/s)
  [2026-06-12 16:36:52.289] [LAT] Path 20176: 89.7µs (0.1GB/s)
  [2026-06-12 16:36:52.290] [LAT] Path 20176: 86.3µs (0.1GB/s)
  [2026-06-12 16:36:52.292] [LAT] Path 20176: 86.3µs (0.1GB/s)
  [2026-06-12 16:36:52.293] [LAT] Path 20176: 86.8µs (0.1GB/s)
  [2026-06-12 16:36:52.295] [LAT] Path 20176: 71.3µs (0.1GB/s)
  [2026-06-12 16:36:52.298] [LAT] Path 20176: 1957.5µs (0.0GB/s)
  [2026-06-12 16:36:52.300] [LAT] Path 20176: 75.6µs (0.1GB/s)
  [2026-06-12 16:36:53.319] [BW] Path 35121: 7964.7µs (16.9GB/s)
  [2026-06-12 16:36:53.337] [BW] Path 35121: 16937.7µs (7.9GB/s)
  [2026-06-12 16:36:53.339] [LAT] Path 35121: 78.2µs (0.1GB/s)
  [2026-06-12 16:36:53.340] [LAT] Path 35121: 76.2µs (0.1GB/s)
  [2026-06-12 16:36:53.342] [LAT] Path 35121: 76.6µs (0.1GB/s)
  [2026-06-12 16:36:53.343] [LAT] Path 35121: 74.6µs (0.1GB/s)
  [2026-06-12 16:36:53.345] [LAT] Path 35121: 75.0µs (0.1GB/s)
  [2026-06-12 16:36:53.346] [LAT] Path 35121: 77.0µs (0.1GB/s)
  [2026-06-12 16:36:53.348] [LAT] Path 35121: 94.0µs (0.0GB/s)
  [2026-06-12 16:36:53.350] [LAT] Path 35121: 94.8µs (0.0GB/s)
  [2026-06-12 16:36:54.360] [LAT] Path 35121: 89.5µs (0.1GB/s)
  [2026-06-12 16:36:54.362] [LAT] Path 35121: 92.9µs (0.0GB/s)
  [2026-06-12 16:36:54.363] [LAT] Path 35121: 77.2µs (0.1GB/s)
  [2026-06-12 16:36:54.371] [BW] Path 35121: 6711.4µs (20.0GB/s)
  [2026-06-12 16:36:54.386] [BW] Path 35121: 12991.5µs (10.3GB/s)
  [2026-06-12 16:36:54.396] [BW] Path 35121: 8215.9µs (16.3GB/s)
  [2026-06-12 16:36:54.406] [BW] Path 35121: 8857.3µs (15.2GB/s)
  [2026-06-12 16:36:54.416] [BW] Path 35121: 8849.9µs (15.2GB/s)
  [2026-06-12 16:36:54.426] [BW] Path 35121: 8831.5µs (15.2GB/s)
  [2026-06-12 16:36:54.444] [BW] Path 35121: 15572.3µs (8.6GB/s)
  [2026-06-12 16:36:55.454] [LAT] Path 20176: 80.2µs (0.1GB/s)
  [2026-06-12 16:36:55.456] [LAT] Path 20176: 74.2µs (0.1GB/s)
  [2026-06-12 16:36:55.457] [LAT] Path 20176: 74.4µs (0.1GB/s)
  [2026-06-12 16:36:55.459] [LAT] Path 20176: 69.0µs (0.1GB/s)
  [2026-06-12 16:36:55.460] [LAT] Path 20176: 183.8µs (0.0GB/s)
  [2026-06-12 16:36:55.462] [LAT] Path 20176: 91.7µs (0.0GB/s)
  [2026-06-12 16:36:55.464] [LAT] Path 20176: 92.2µs (0.0GB/s)
  [2026-06-12 16:36:55.465] [LAT] Path 20176: 90.1µs (0.1GB/s)
  [2026-06-12 16:36:55.467] [LAT] Path 20176: 92.8µs (0.0GB/s)
  [2026-06-12 16:36:55.468] [LAT] Path 20176: 75.6µs (0.1GB/s)
  [2026-06-12 16:36:56.479] [LAT] Path 20176: 126.2µs (0.0GB/s)
  [2026-06-12 16:36:56.481] [LAT] Path 20176: 77.0µs (0.1GB/s)
  [2026-06-12 16:36:56.482] [LAT] Path 20176: 75.0µs (0.1GB/s)
  [2026-06-12 16:36:56.484] [LAT] Path 20176: 73.0µs (0.1GB/s)
  [2026-06-12 16:36:56.485] [LAT] Path 20176: 74.1µs (0.1GB/s)
  [2026-06-12 16:36:56.487] [LAT] Path 20176: 74.5µs (0.1GB/s)
  [2026-06-12 16:36:56.488] [LAT] Path 20176: 96.0µs (0.0GB/s)
  [2026-06-12 16:36:56.490] [LAT] Path 20176: 92.2µs (0.0GB/s)
  [2026-06-12 16:36:56.495] [LAT] Path 20176: 3471.2µs (0.0GB/s)
  [2026-06-12 16:36:56.497] [LAT] Path 20176: 77.2µs (0.1GB/s)
  [2026-06-12 16:36:57.518] [BW] Path 35121: 10695.2µs (12.6GB/s)
  [2026-06-12 16:36:57.527] [BW] Path 35121: 7391.5µs (18.2GB/s)
  [2026-06-12 16:36:57.538] [BW] Path 35121: 9510.4µs (14.1GB/s)
  [2026-06-12 16:36:57.551] [BW] Path 35121: 11331.1µs (11.8GB/s)
  [2026-06-12 16:36:57.566] [BW] Path 35121: 13941.7µs (9.6GB/s)
  [2026-06-12 16:36:57.581] [BW] Path 35121: 13017.2µs (10.3GB/s)
  [2026-06-12 16:36:57.590] [BW] Path 35121: 7621.1µs (17.6GB/s)
  [2026-06-12 16:36:57.602] [BW] Path 35121: 10571.9µs (12.7GB/s)
  [2026-06-12 16:36:57.610] [BW] Path 35121: 6852.2µs (19.6GB/s)
  [2026-06-12 16:36:57.629] [BW] Path 35121: 17024.2µs (7.9GB/s)
  [2026-06-12 16:36:58.653] [BW] Path 35121: 13345.8µs (10.1GB/s)
  [2026-06-12 16:36:58.668] [BW] Path 35121: 13466.8µs (10.0GB/s)
  [2026-06-12 16:36:58.695] [BW] Path 35121: 25684.8µs (5.2GB/s)
  [2026-06-12 16:36:58.714] [BW] Path 35121: 16562.7µs (8.1GB/s)
  [2026-06-12 16:36:58.732] [BW] Path 35121: 17149.7µs (7.8GB/s)
  [2026-06-12 16:36:58.741] [BW] Path 35121: 7604.1µs (17.6GB/s)
  [2026-06-12 16:36:58.743] [LAT] Path 35121: 179.8µs (0.0GB/s)
  [2026-06-12 16:36:58.745] [LAT] Path 35121: 144.0µs (0.0GB/s)
  [2026-06-12 16:36:58.747] [LAT] Path 35121: 167.3µs (0.0GB/s)
  [2026-06-12 16:36:58.748] [LAT] Path 35121: 136.1µs (0.0GB/s)
  [2026-06-12 16:36:59.760] [LAT] Path 20176: 129.0µs (0.0GB/s)
  [2026-06-12 16:36:59.761] [LAT] Path 20176: 77.9µs (0.1GB/s)
  [2026-06-12 16:36:59.763] [LAT] Path 20176: 74.5µs (0.1GB/s)
  [2026-06-12 16:36:59.764] [LAT] Path 20176: 75.9µs (0.1GB/s)
  [2026-06-12 16:36:59.768] [LAT] Path 20176: 1716.9µs (0.0GB/s)
  [2026-06-12 16:36:59.769] [LAT] Path 20176: 86.9µs (0.1GB/s)
  [2026-06-12 16:36:59.771] [LAT] Path 20176: 86.3µs (0.1GB/s)
  [2026-06-12 16:36:59.772] [LAT] Path 20176: 75.1µs (0.1GB/s)
  [2026-06-12 16:36:59.774] [LAT] Path 20176: 73.5µs (0.1GB/s)
  [2026-06-12 16:36:59.776] [LAT] Path 20176: 72.7µs (0.1GB/s)
  [2026-06-12 16:37:00.793] [BW] Path 20176: 6788.4µs (19.8GB/s)
  [2026-06-12 16:37:00.805] [BW] Path 20176: 11094.2µs (12.1GB/s)
  [2026-06-12 16:37:00.814] [BW] Path 20176: 7156.0µs (18.8GB/s)
  [2026-06-12 16:37:00.831] [BW] Path 20176: 15097.5µs (8.9GB/s)
  [2026-06-12 16:37:00.842] [BW] Path 20176: 9905.9µs (13.6GB/s)
  [2026-06-12 16:37:00.844] [LAT] Path 20176: 92.1µs (0.0GB/s)
  [2026-06-12 16:37:00.845] [LAT] Path 20176: 89.7µs (0.1GB/s)
  [2026-06-12 16:37:00.847] [LAT] Path 20176: 92.2µs (0.0GB/s)
  [2026-06-12 16:37:00.849] [LAT] Path 20176: 94.2µs (0.0GB/s)
  [2026-06-12 16:37:00.850] [LAT] Path 20176: 72.2µs (0.1GB/s)
  [2026-06-12 16:37:01.861] [LAT] Path 20176: 212.0µs (0.0GB/s)
  [2026-06-12 16:37:01.863] [LAT] Path 20176: 150.7µs (0.0GB/s)
  [2026-06-12 16:37:01.864] [LAT] Path 20176: 139.9µs (0.0GB/s)
  [2026-06-12 16:37:01.866] [LAT] Path 20176: 183.2µs (0.0GB/s)
  [2026-06-12 16:37:01.868] [LAT] Path 20176: 145.7µs (0.0GB/s)
  [2026-06-12 16:37:01.869] [LAT] Path 20176: 92.0µs (0.0GB/s)
  [2026-06-12 16:37:01.871] [LAT] Path 20176: 86.8µs (0.1GB/s)
  [2026-06-12 16:37:01.873] [LAT] Path 20176: 97.2µs (0.0GB/s)
  [2026-06-12 16:37:01.874] [LAT] Path 20176: 88.0µs (0.1GB/s)
  [2026-06-12 16:37:01.876] [LAT] Path 20176: 78.1µs (0.1GB/s)
  [2026-06-12 16:37:02.886] [LAT] Path 20176: 97.5µs (0.0GB/s)
  [2026-06-12 16:37:02.888] [LAT] Path 20176: 88.2µs (0.1GB/s)
  [2026-06-12 16:37:02.892] [LAT] Path 20176: 2613.3µs (0.0GB/s)
  [2026-06-12 16:37:02.893] [LAT] Path 20176: 79.1µs (0.1GB/s)
  [2026-06-12 16:37:02.895] [LAT] Path 20176: 75.2µs (0.1GB/s)
  [2026-06-12 16:37:02.896] [LAT] Path 20176: 78.3µs (0.1GB/s)
  [2026-06-12 16:37:02.898] [LAT] Path 20176: 74.9µs (0.1GB/s)
  [2026-06-12 16:37:02.900] [LAT] Path 20176: 89.4µs (0.1GB/s)
  [2026-06-12 16:37:02.903] [LAT] Path 20176: 2000.9µs (0.0GB/s)
  [2026-06-12 16:37:02.905] [LAT] Path 20176: 85.6µs (0.1GB/s)
  [2026-06-12 16:37:03.916] [LAT] Path 35121: 943.2µs (0.0GB/s)
  [2026-06-12 16:37:03.917] [LAT] Path 35121: 90.5µs (0.1GB/s)
  [2026-06-12 16:37:03.929] [BW] Path 35121: 9899.7µs (13.6GB/s)
  [2026-06-12 16:37:03.941] [BW] Path 35121: 10760.0µs (12.5GB/s)
  [2026-06-12 16:37:03.956] [BW] Path 35121: 14140.7µs (9.5GB/s)
  [2026-06-12 16:37:03.967] [BW] Path 35121: 9007.3µs (14.9GB/s)
  [2026-06-12 16:37:03.980] [BW] Path 35121: 11796.4µs (11.4GB/s)
  [2026-06-12 16:37:03.982] [LAT] Path 35121: 77.0µs (0.1GB/s)
  [2026-06-12 16:37:03.993] [BW] Path 35121: 9752.9µs (13.8GB/s)
  [2026-06-12 16:37:04.002] [BW] Path 35121: 7332.6µs (18.3GB/s)
  [2026-06-12 16:37:05.013] [LAT] Path 20176: 124.3µs (0.0GB/s)
  [2026-06-12 16:37:05.014] [LAT] Path 20176: 99.3µs (0.0GB/s)
  [2026-06-12 16:37:05.016] [LAT] Path 20176: 97.9µs (0.0GB/s)
  [2026-06-12 16:37:05.020] [LAT] Path 20176: 2205.8µs (0.0GB/s)
  [2026-06-12 16:37:05.021] [LAT] Path 20176: 77.0µs (0.1GB/s)
  [2026-06-12 16:37:05.023] [LAT] Path 20176: 74.4µs (0.1GB/s)
  [2026-06-12 16:37:05.024] [LAT] Path 20176: 74.8µs (0.1GB/s)
  [2026-06-12 16:37:05.026] [LAT] Path 20176: 77.9µs (0.1GB/s)
  [2026-06-12 16:37:05.028] [LAT] Path 20176: 75.3µs (0.1GB/s)
  [2026-06-12 16:37:05.029] [LAT] Path 20176: 75.4µs (0.1GB/s)
  [2026-06-12 16:37:06.040] [LAT] Path 35121: 94.0µs (0.0GB/s)
  [2026-06-12 16:37:06.041] [LAT] Path 35121: 75.7µs (0.1GB/s)
  [2026-06-12 16:37:06.043] [LAT] Path 35121: 89.6µs (0.1GB/s)
  [2026-06-12 16:37:06.044] [LAT] Path 35121: 87.8µs (0.1GB/s)
  [2026-06-12 16:37:06.046] [LAT] Path 35121: 102.8µs (0.0GB/s)
  [2026-06-12 16:37:06.056] [BW] Path 35121: 8019.7µs (16.7GB/s)
  [2026-06-12 16:37:06.066] [BW] Path 35121: 9257.1µs (14.5GB/s)
  [2026-06-12 16:37:06.075] [BW] Path 35121: 7042.3µs (19.1GB/s)
  [2026-06-12 16:37:06.090] [BW] Path 35121: 13464.9µs (10.0GB/s)
  [2026-06-12 16:37:06.098] [BW] Path 35121: 6836.6µs (19.6GB/s)
  [2026-06-12 16:37:07.109] [LAT] Path 20176: 98.7µs (0.0GB/s)
  [2026-06-12 16:37:07.110] [LAT] Path 20176: 86.9µs (0.1GB/s)
  [2026-06-12 16:37:07.113] [LAT] Path 20176: 1560.0µs (0.0GB/s)
  [2026-06-12 16:37:07.115] [LAT] Path 20176: 77.2µs (0.1GB/s)
  [2026-06-12 16:37:07.116] [LAT] Path 20176: 75.6µs (0.1GB/s)
  [2026-06-12 16:37:07.118] [LAT] Path 20176: 73.9µs (0.1GB/s)
  [2026-06-12 16:37:07.120] [LAT] Path 20176: 69.6µs (0.1GB/s)
  [2026-06-12 16:37:07.121] [LAT] Path 20176: 89.0µs (0.1GB/s)
  [2026-06-12 16:37:07.127] [LAT] Path 20176: 4062.2µs (0.0GB/s)
  [2026-06-12 16:37:07.128] [LAT] Path 20176: 91.7µs (0.0GB/s)
  [2026-06-12 16:37:08.149] [BW] Path 35121: 10196.5µs (13.2GB/s)
  [2026-06-12 16:37:08.151] [LAT] Path 35121: 93.9µs (0.0GB/s)
  [2026-06-12 16:37:08.154] [LAT] Path 35121: 2056.8µs (0.0GB/s)
  [2026-06-12 16:37:08.156] [LAT] Path 35121: 94.3µs (0.0GB/s)
  [2026-06-12 16:37:08.157] [LAT] Path 35121: 92.5µs (0.0GB/s)
  [2026-06-12 16:37:08.159] [LAT] Path 35121: 76.9µs (0.1GB/s)
  [2026-06-12 16:37:08.160] [LAT] Path 35121: 76.5µs (0.1GB/s)
  [2026-06-12 16:37:08.162] [LAT] Path 35121: 78.0µs (0.1GB/s)
  [2026-06-12 16:37:08.164] [LAT] Path 35121: 75.2µs (0.1GB/s)
  [2026-06-12 16:37:08.165] [LAT] Path 35121: 82.9µs (0.1GB/s)
  [2026-06-12 16:37:09.176] [LAT] Path 35121: 98.2µs (0.0GB/s)
  [2026-06-12 16:37:09.187] [BW] Path 35121: 9484.1µs (14.2GB/s)
  [2026-06-12 16:37:09.197] [BW] Path 35121: 9328.2µs (14.4GB/s)
  [2026-06-12 16:37:09.209] [BW] Path 35121: 10361.3µs (12.9GB/s)
  [2026-06-12 16:37:09.220] [BW] Path 35121: 9085.5µs (14.8GB/s)
  [2026-06-12 16:37:09.229] [BW] Path 35121: 7870.2µs (17.1GB/s)
  [2026-06-12 16:37:09.241] [BW] Path 35121: 10357.7µs (13.0GB/s)
  [2026-06-12 16:37:09.250] [BW] Path 35121: 7323.6µs (18.3GB/s)
  [2026-06-12 16:37:09.268] [BW] Path 35121: 16500.9µs (8.1GB/s)
  [2026-06-12 16:37:09.280] [BW] Path 35121: 10108.6µs (13.3GB/s)
  [2026-06-12 16:37:10.290] [LAT] Path 20176: 98.3µs (0.0GB/s)
  [2026-06-12 16:37:10.295] [LAT] Path 20176: 3112.2µs (0.0GB/s)
  [2026-06-12 16:37:10.296] [LAT] Path 20176: 81.3µs (0.1GB/s)
  [2026-06-12 16:37:10.298] [LAT] Path 20176: 78.2µs (0.1GB/s)
  [2026-06-12 16:37:10.299] [LAT] Path 20176: 76.7µs (0.1GB/s)
  [2026-06-12 16:37:10.301] [LAT] Path 20176: 74.9µs (0.1GB/s)
  [2026-06-12 16:37:10.303] [LAT] Path 20176: 73.0µs (0.1GB/s)
  [2026-06-12 16:37:10.304] [LAT] Path 20176: 76.0µs (0.1GB/s)
  [2026-06-12 16:37:10.306] [LAT] Path 20176: 74.0µs (0.1GB/s)
  [2026-06-12 16:37:10.307] [LAT] Path 20176: 129.1µs (0.0GB/s)
  [2026-06-12 16:37:11.318] [LAT] Path 20176: 139.8µs (0.0GB/s)
  [2026-06-12 16:37:11.320] [LAT] Path 20176: 97.8µs (0.0GB/s)
  [2026-06-12 16:37:11.321] [LAT] Path 20176: 95.7µs (0.0GB/s)
  [2026-06-12 16:37:11.323] [LAT] Path 20176: 91.4µs (0.0GB/s)
  [2026-06-12 16:37:11.324] [LAT] Path 20176: 72.1µs (0.1GB/s)
  [2026-06-12 16:37:11.326] [LAT] Path 20176: 77.2µs (0.1GB/s)
  [2026-06-12 16:37:11.328] [LAT] Path 20176: 76.5µs (0.1GB/s)
  [2026-06-12 16:37:11.329] [LAT] Path 20176: 77.2µs (0.1GB/s)
  [2026-06-12 16:37:11.331] [LAT] Path 20176: 77.7µs (0.1GB/s)
  [2026-06-12 16:37:11.332] [LAT] Path 20176: 74.4µs (0.1GB/s)
  [2026-06-12 16:37:12.343] [LAT] Path 20176: 123.6µs (0.0GB/s)
  [2026-06-12 16:37:12.345] [LAT] Path 20176: 70.0µs (0.1GB/s)
  [2026-06-12 16:37:12.346] [LAT] Path 20176: 96.0µs (0.0GB/s)
  [2026-06-12 16:37:12.348] [LAT] Path 20176: 89.7µs (0.1GB/s)
  [2026-06-12 16:37:12.349] [LAT] Path 20176: 87.1µs (0.1GB/s)
  [2026-06-12 16:37:12.351] [LAT] Path 20176: 84.3µs (0.1GB/s)
  [2026-06-12 16:37:12.359] [BW] Path 20176: 6888.9µs (19.5GB/s)
  [2026-06-12 16:37:12.372] [BW] Path 20176: 11282.0µs (11.9GB/s)
  [2026-06-12 16:37:12.381] [BW] Path 20176: 7555.9µs (17.8GB/s)
  [2026-06-12 16:37:12.400] [BW] Path 20176: 16852.4µs (8.0GB/s)
  [2026-06-12 16:37:13.424] [BW] Path 35121: 13731.1µs (9.8GB/s)
  [2026-06-12 16:37:13.436] [BW] Path 35121: 10514.6µs (12.8GB/s)
  [2026-06-12 16:37:13.452] [BW] Path 35121: 14414.4µs (9.3GB/s)
  [2026-06-12 16:37:13.467] [BW] Path 35121: 13534.1µs (9.9GB/s)
  [2026-06-12 16:37:13.477] [BW] Path 35121: 9177.1µs (14.6GB/s)
  [2026-06-12 16:37:13.489] [BW] Path 35121: 10570.9µs (12.7GB/s)
  [2026-06-12 16:37:13.491] [LAT] Path 35121: 97.5µs (0.0GB/s)
  [2026-06-12 16:37:13.493] [LAT] Path 35121: 91.8µs (0.0GB/s)
  [2026-06-12 16:37:13.494] [LAT] Path 35121: 71.0µs (0.1GB/s)
  [2026-06-12 16:37:13.496] [LAT] Path 35121: 78.3µs (0.1GB/s)
  [2026-06-12 16:37:14.523] [BW] Path 35121: 16379.5µs (8.2GB/s)
  [2026-06-12 16:37:14.534] [BW] Path 35121: 8930.4µs (15.0GB/s)
  [2026-06-12 16:37:14.535] [LAT] Path 35121: 92.1µs (0.0GB/s)
  [2026-06-12 16:37:14.537] [LAT] Path 35121: 87.0µs (0.1GB/s)
  [2026-06-12 16:37:14.539] [LAT] Path 35121: 99.9µs (0.0GB/s)
  [2026-06-12 16:37:14.540] [LAT] Path 35121: 78.1µs (0.1GB/s)
  [2026-06-12 16:37:14.542] [LAT] Path 35121: 76.7µs (0.1GB/s)
  [2026-06-12 16:37:14.543] [LAT] Path 35121: 74.7µs (0.1GB/s)
  [2026-06-12 16:37:14.545] [LAT] Path 35121: 78.0µs (0.1GB/s)
  [2026-06-12 16:37:14.546] [LAT] Path 35121: 75.8µs (0.1GB/s)
  [2026-06-12 16:37:15.557] [LAT] Path 35121: 78.5µs (0.1GB/s)
  [2026-06-12 16:37:15.569] [BW] Path 35121: 10869.5µs (12.3GB/s)
  [2026-06-12 16:37:15.578] [BW] Path 35121: 7292.1µs (18.4GB/s)
  [2026-06-12 16:37:15.594] [BW] Path 35121: 14503.0µs (9.2GB/s)
  [2026-06-12 16:37:15.609] [BW] Path 35121: 13261.4µs (10.1GB/s)
  [2026-06-12 16:37:15.622] [BW] Path 35121: 11942.6µs (11.2GB/s)
  [2026-06-12 16:37:15.633] [BW] Path 35121: 9180.6µs (14.6GB/s)
  [2026-06-12 16:37:15.643] [BW] Path 35121: 7852.2µs (17.1GB/s)
  [2026-06-12 16:37:15.654] [BW] Path 35121: 10252.6µs (13.1GB/s)
  [2026-06-12 16:37:15.664] [BW] Path 35121: 7751.5µs (17.3GB/s)
  [2026-06-12 16:37:16.691] [BW] Path 20176: 17424.9µs (7.7GB/s)
  [2026-06-12 16:37:16.702] [BW] Path 20176: 9255.8µs (14.5GB/s)
  [2026-06-12 16:37:16.723] [BW] Path 20176: 18981.2µs (7.1GB/s)
  [2026-06-12 16:37:16.724] [LAT] Path 20176: 80.2µs (0.1GB/s)
  [2026-06-12 16:37:16.726] [LAT] Path 20176: 76.8µs (0.1GB/s)
  [2026-06-12 16:37:16.727] [LAT] Path 20176: 74.5µs (0.1GB/s)
  [2026-06-12 16:37:16.729] [LAT] Path 20176: 74.9µs (0.1GB/s)
  [2026-06-12 16:37:16.731] [LAT] Path 20176: 84.6µs (0.1GB/s)
  [2026-06-12 16:37:16.732] [LAT] Path 20176: 74.7µs (0.1GB/s)
  [2026-06-12 16:37:16.735] [LAT] Path 20176: 1333.0µs (0.0GB/s)
  [2026-06-12 16:37:17.746] [LAT] Path 20176: 115.9µs (0.0GB/s)
  [2026-06-12 16:37:17.749] [LAT] Path 20176: 1627.1µs (0.0GB/s)
  [2026-06-12 16:37:17.751] [LAT] Path 20176: 915.0µs (0.0GB/s)
  [2026-06-12 16:37:17.753] [LAT] Path 20176: 88.5µs (0.1GB/s)
  [2026-06-12 16:37:17.755] [LAT] Path 20176: 86.2µs (0.1GB/s)
  [2026-06-12 16:37:17.757] [LAT] Path 20176: 579.2µs (0.0GB/s)
  [2026-06-12 16:37:17.758] [LAT] Path 20176: 75.9µs (0.1GB/s)
  [2026-06-12 16:37:17.760] [LAT] Path 20176: 75.1µs (0.1GB/s)
  [2026-06-12 16:37:17.770] [BW] Path 20176: 8901.4µs (15.1GB/s)
  [2026-06-12 16:37:17.779] [BW] Path 20176: 7310.7µs (18.4GB/s)
  [2026-06-12 16:37:18.799] [BW] Path 35121: 9878.6µs (13.6GB/s)
  [2026-06-12 16:37:18.809] [BW] Path 35121: 8098.2µs (16.6GB/s)
  [2026-06-12 16:37:18.820] [BW] Path 35121: 9724.9µs (13.8GB/s)
  [2026-06-12 16:37:18.829] [BW] Path 35121: 7197.2µs (18.6GB/s)
  [2026-06-12 16:37:18.850] [BW] Path 35121: 19356.6µs (6.9GB/s)
  [2026-06-12 16:37:18.851] [LAT] Path 35121: 80.4µs (0.1GB/s)
  [2026-06-12 16:37:18.853] [LAT] Path 35121: 73.8µs (0.1GB/s)
  [2026-06-12 16:37:18.854] [LAT] Path 35121: 74.4µs (0.1GB/s)
  [2026-06-12 16:37:18.856] [LAT] Path 35121: 74.8µs (0.1GB/s)
  [2026-06-12 16:37:18.858] [LAT] Path 35121: 74.2µs (0.1GB/s)
  [2026-06-12 16:37:19.878] [BW] Path 20176: 10278.1µs (13.1GB/s)
  [2026-06-12 16:37:19.887] [BW] Path 20176: 7074.2µs (19.0GB/s)
  [2026-06-12 16:37:19.898] [BW] Path 20176: 9257.2µs (14.5GB/s)
  [2026-06-12 16:37:19.913] [BW] Path 20176: 14297.3µs (9.4GB/s)
  [2026-06-12 16:37:19.917] [LAT] Path 20176: 2230.7µs (0.0GB/s)
  [2026-06-12 16:37:19.919] [LAT] Path 20176: 78.9µs (0.1GB/s)
  [2026-06-12 16:37:19.920] [LAT] Path 20176: 75.2µs (0.1GB/s)
  [2026-06-12 16:37:19.922] [LAT] Path 20176: 75.0µs (0.1GB/s)
  [2026-06-12 16:37:19.923] [LAT] Path 20176: 74.7µs (0.1GB/s)
  [2026-06-12 16:37:19.925] [LAT] Path 20176: 74.2µs (0.1GB/s)
  [2026-06-12 16:37:20.936] [LAT] Path 35121: 119.2µs (0.0GB/s)
  [2026-06-12 16:37:20.938] [LAT] Path 35121: 77.3µs (0.1GB/s)
  [2026-06-12 16:37:20.951] [BW] Path 35121: 12068.3µs (11.1GB/s)
  [2026-06-12 16:37:20.962] [BW] Path 35121: 9171.0µs (14.6GB/s)
  [2026-06-12 16:37:20.974] [BW] Path 35121: 10219.6µs (13.1GB/s)
  [2026-06-12 16:37:20.982] [BW] Path 35121: 6791.2µs (19.8GB/s)
  [2026-06-12 16:37:20.996] [BW] Path 35121: 12926.1µs (10.4GB/s)
  [2026-06-12 16:37:21.007] [BW] Path 35121: 9074.9µs (14.8GB/s)
  [2026-06-12 16:37:21.028] [BW] Path 35121: 19384.0µs (6.9GB/s)
  [2026-06-12 16:37:21.029] [LAT] Path 35121: 81.2µs (0.1GB/s)
  [2026-06-12 16:37:22.040] [LAT] Path 20176: 108.1µs (0.0GB/s)
  [2026-06-12 16:37:22.042] [LAT] Path 20176: 76.3µs (0.1GB/s)
  [2026-06-12 16:37:22.043] [LAT] Path 20176: 75.9µs (0.1GB/s)
  [2026-06-12 16:37:22.045] [LAT] Path 20176: 75.8µs (0.1GB/s)
  [2026-06-12 16:37:22.047] [LAT] Path 20176: 158.9µs (0.0GB/s)
  [2026-06-12 16:37:22.048] [LAT] Path 20176: 98.9µs (0.0GB/s)
  [2026-06-12 16:37:22.050] [LAT] Path 20176: 100.8µs (0.0GB/s)
  [2026-06-12 16:37:22.051] [LAT] Path 20176: 99.9µs (0.0GB/s)
  [2026-06-12 16:37:22.053] [LAT] Path 20176: 107.2µs (0.0GB/s)
  [2026-06-12 16:37:22.055] [LAT] Path 20176: 90.3µs (0.1GB/s)
  [2026-06-12 16:37:23.074] [BW] Path 35121: 8638.4µs (15.5GB/s)
  [2026-06-12 16:37:23.093] [BW] Path 35121: 17438.9µs (7.7GB/s)
  [2026-06-12 16:37:23.095] [LAT] Path 35121: 1295.1µs (0.0GB/s)
  [2026-06-12 16:37:23.097] [LAT] Path 35121: 80.6µs (0.1GB/s)
  [2026-06-12 16:37:23.099] [LAT] Path 35121: 72.8µs (0.1GB/s)
  [2026-06-12 16:37:23.108] [BW] Path 35121: 7730.3µs (17.4GB/s)
  [2026-06-12 16:37:23.121] [BW] Path 35121: 11470.1µs (11.7GB/s)
  [2026-06-12 16:37:23.130] [BW] Path 35121: 7902.5µs (17.0GB/s)
  [2026-06-12 16:37:23.140] [BW] Path 35121: 8405.2µs (16.0GB/s)
  [2026-06-12 16:37:23.153] [BW] Path 35121: 11486.8µs (11.7GB/s)
  [2026-06-12 16:37:24.165] [LAT] Path 20176: 184.8µs (0.0GB/s)
  [2026-06-12 16:37:24.166] [LAT] Path 20176: 90.8µs (0.1GB/s)
  [2026-06-12 16:37:24.168] [LAT] Path 20176: 85.2µs (0.1GB/s)
  [2026-06-12 16:37:24.169] [LAT] Path 20176: 89.1µs (0.1GB/s)
  [2026-06-12 16:37:24.171] [LAT] Path 20176: 76.1µs (0.1GB/s)
  [2026-06-12 16:37:24.172] [LAT] Path 20176: 74.2µs (0.1GB/s)
  [2026-06-12 16:37:24.174] [LAT] Path 20176: 75.3µs (0.1GB/s)
  [2026-06-12 16:37:24.175] [LAT] Path 20176: 73.4µs (0.1GB/s)
  [2026-06-12 16:37:24.177] [LAT] Path 20176: 90.2µs (0.1GB/s)
  [2026-06-12 16:37:24.178] [LAT] Path 20176: 85.8µs (0.1GB/s)
  [2026-06-12 16:37:25.188] [LAT] Path 35121: 97.7µs (0.0GB/s)
  [2026-06-12 16:37:25.190] [LAT] Path 35121: 76.6µs (0.1GB/s)
  [2026-06-12 16:37:25.191] [LAT] Path 35121: 69.4µs (0.1GB/s)
  [2026-06-12 16:37:25.193] [LAT] Path 35121: 84.7µs (0.1GB/s)
  [2026-06-12 16:37:25.202] [LAT] Path 35121: 7770.9µs (0.0GB/s)
  [2026-06-12 16:37:25.204] [LAT] Path 35121: 92.3µs (0.0GB/s)
  [2026-06-12 16:37:25.205] [LAT] Path 35121: 95.5µs (0.0GB/s)
  [2026-06-12 16:37:25.207] [LAT] Path 35121: 76.5µs (0.1GB/s)
  [2026-06-12 16:37:25.208] [LAT] Path 35121: 75.5µs (0.1GB/s)
  [2026-06-12 16:37:25.210] [LAT] Path 35121: 75.5µs (0.1GB/s)
  [2026-06-12 16:37:26.220] [LAT] Path 35121: 80.0µs (0.1GB/s)
  [2026-06-12 16:37:26.222] [LAT] Path 35121: 73.2µs (0.1GB/s)
  [2026-06-12 16:37:26.238] [BW] Path 35121: 14774.3µs (9.1GB/s)
  [2026-06-12 16:37:26.246] [BW] Path 35121: 6670.2µs (20.1GB/s)
  [2026-06-12 16:37:26.248] [LAT] Path 35121: 87.9µs (0.1GB/s)
  [2026-06-12 16:37:26.249] [LAT] Path 35121: 87.6µs (0.1GB/s)
  [2026-06-12 16:37:26.251] [LAT] Path 35121: 84.9µs (0.1GB/s)
  [2026-06-12 16:37:26.252] [LAT] Path 35121: 81.4µs (0.1GB/s)
  [2026-06-12 16:37:26.256] [LAT] Path 35121: 2067.5µs (0.0GB/s)
  [2026-06-12 16:37:26.268] [BW] Path 35121: 10531.8µs (12.7GB/s)
  [2026-06-12 16:37:27.278] [LAT] Path 20176: 130.3µs (0.0GB/s)
  [2026-06-12 16:37:27.280] [LAT] Path 20176: 91.4µs (0.0GB/s)
  [2026-06-12 16:37:27.293] [BW] Path 20176: 11312.1µs (11.9GB/s)
  [2026-06-12 16:37:27.294] [LAT] Path 20176: 84.0µs (0.1GB/s)
  [2026-06-12 16:37:27.311] [BW] Path 20176: 15444.9µs (8.7GB/s)
  [2026-06-12 16:37:27.324] [BW] Path 20176: 10652.7µs (12.6GB/s)
  [2026-06-12 16:37:27.336] [BW] Path 20176: 10713.3µs (12.5GB/s)
  [2026-06-12 16:37:27.337] [LAT] Path 20176: 89.0µs (0.1GB/s)
  [2026-06-12 16:37:27.339] [LAT] Path 20176: 77.5µs (0.1GB/s)
  [2026-06-12 16:37:27.341] [LAT] Path 20176: 79.6µs (0.1GB/s)
  [2026-06-12 16:37:28.359] [BW] Path 35121: 8355.6µs (16.1GB/s)
  [2026-06-12 16:37:28.378] [BW] Path 35121: 17171.0µs (7.8GB/s)
  [2026-06-12 16:37:28.384] [LAT] Path 35121: 5054.5µs (0.0GB/s)
  [2026-06-12 16:37:28.386] [LAT] Path 35121: 116.2µs (0.0GB/s)
  [2026-06-12 16:37:28.388] [LAT] Path 35121: 113.3µs (0.0GB/s)
  [2026-06-12 16:37:28.389] [LAT] Path 35121: 121.4µs (0.0GB/s)
  [2026-06-12 16:37:28.391] [LAT] Path 35121: 91.5µs (0.0GB/s)
  [2026-06-12 16:37:28.392] [LAT] Path 35121: 94.1µs (0.0GB/s)
  [2026-06-12 16:37:28.394] [LAT] Path 35121: 92.5µs (0.0GB/s)
  [2026-06-12 16:37:28.395] [LAT] Path 35121: 90.1µs (0.1GB/s)
  [2026-06-12 16:37:29.406] [LAT] Path 20176: 80.2µs (0.1GB/s)
  [2026-06-12 16:37:29.408] [LAT] Path 20176: 75.8µs (0.1GB/s)
  [2026-06-12 16:37:29.409] [LAT] Path 20176: 89.2µs (0.1GB/s)
  [2026-06-12 16:37:29.414] [LAT] Path 20176: 3087.7µs (0.0GB/s)
  [2026-06-12 16:37:29.416] [LAT] Path 20176: 633.2µs (0.0GB/s)
  [2026-06-12 16:37:29.417] [LAT] Path 20176: 75.5µs (0.1GB/s)
  [2026-06-12 16:37:29.419] [LAT] Path 20176: 75.7µs (0.1GB/s)
  [2026-06-12 16:37:29.423] [LAT] Path 20176: 2476.6µs (0.0GB/s)
  [2026-06-12 16:37:29.435] [BW] Path 20176: 10966.4µs (12.2GB/s)
  [2026-06-12 16:37:29.444] [BW] Path 20176: 7007.9µs (19.1GB/s)
  [2026-06-12 16:37:30.461] [BW] Path 35121: 6506.9µs (20.6GB/s)
  [2026-06-12 16:37:30.471] [BW] Path 35121: 9150.3µs (14.7GB/s)
  [2026-06-12 16:37:30.482] [BW] Path 35121: 8845.8µs (15.2GB/s)
  [2026-06-12 16:37:30.493] [BW] Path 35121: 9563.8µs (14.0GB/s)
  [2026-06-12 16:37:30.502] [BW] Path 35121: 7574.7µs (17.7GB/s)
  [2026-06-12 16:37:30.503] [LAT] Path 35121: 172.9µs (0.0GB/s)
  [2026-06-12 16:37:30.505] [LAT] Path 35121: 88.2µs (0.1GB/s)
  [2026-06-12 16:37:30.507] [LAT] Path 35121: 108.8µs (0.0GB/s)
  [2026-06-12 16:37:30.508] [LAT] Path 35121: 95.6µs (0.0GB/s)
  [2026-06-12 16:37:30.510] [LAT] Path 35121: 95.6µs (0.0GB/s)
  [2026-06-12 16:37:31.535] [BW] Path 20176: 14871.1µs (9.0GB/s)
  [2026-06-12 16:37:31.549] [BW] Path 20176: 12578.7µs (10.7GB/s)
  [2026-06-12 16:37:31.563] [BW] Path 20176: 12619.1µs (10.6GB/s)
  [2026-06-12 16:37:31.572] [BW] Path 20176: 7267.6µs (18.5GB/s)
  [2026-06-12 16:37:31.574] [LAT] Path 20176: 78.6µs (0.1GB/s)
  [2026-06-12 16:37:31.575] [LAT] Path 20176: 90.7µs (0.1GB/s)
  [2026-06-12 16:37:31.577] [LAT] Path 20176: 159.2µs (0.0GB/s)
  [2026-06-12 16:37:31.578] [LAT] Path 20176: 130.3µs (0.0GB/s)
  [2026-06-12 16:37:31.580] [LAT] Path 20176: 87.5µs (0.1GB/s)
  [2026-06-12 16:37:31.582] [LAT] Path 20176: 73.2µs (0.1GB/s)
  [2026-06-12 16:37:32.592] [LAT] Path 20176: 99.8µs (0.0GB/s)
  [2026-06-12 16:37:32.594] [LAT] Path 20176: 97.7µs (0.0GB/s)
  [2026-06-12 16:37:32.596] [LAT] Path 20176: 92.2µs (0.0GB/s)
  [2026-06-12 16:37:32.597] [LAT] Path 20176: 93.6µs (0.0GB/s)
  [2026-06-12 16:37:32.607] [BW] Path 20176: 8276.3µs (16.2GB/s)
  [2026-06-12 16:37:32.623] [BW] Path 20176: 14790.7µs (9.1GB/s)
  [2026-06-12 16:37:32.636] [BW] Path 20176: 10890.0µs (12.3GB/s)
  [2026-06-12 16:37:32.648] [BW] Path 20176: 11191.8µs (12.0GB/s)
  [2026-06-12 16:37:32.657] [BW] Path 20176: 6860.6µs (19.6GB/s)
  [2026-06-12 16:37:32.668] [BW] Path 20176: 10223.0µs (13.1GB/s)
  [2026-06-12 16:37:33.679] [LAT] Path 35121: 124.4µs (0.0GB/s)
  [2026-06-12 16:37:33.681] [LAT] Path 35121: 76.6µs (0.1GB/s)
  [2026-06-12 16:37:33.682] [LAT] Path 35121: 94.6µs (0.0GB/s)
  [2026-06-12 16:37:33.684] [LAT] Path 35121: 90.7µs (0.1GB/s)
  [2026-06-12 16:37:33.686] [LAT] Path 35121: 117.0µs (0.0GB/s)
  [2026-06-12 16:37:33.687] [LAT] Path 35121: 94.8µs (0.0GB/s)
  [2026-06-12 16:37:33.689] [LAT] Path 35121: 95.6µs (0.0GB/s)
  [2026-06-12 16:37:33.690] [LAT] Path 35121: 103.6µs (0.0GB/s)
  [2026-06-12 16:37:33.692] [LAT] Path 35121: 77.1µs (0.1GB/s)
  [2026-06-12 16:37:33.694] [LAT] Path 35121: 78.2µs (0.1GB/s)
  [2026-06-12 16:37:34.711] [BW] Path 20176: 7422.4µs (18.1GB/s)
  [2026-06-12 16:37:34.719] [LAT] Path 20176: 5600.2µs (0.0GB/s)
  [2026-06-12 16:37:34.720] [LAT] Path 20176: 80.2µs (0.1GB/s)
  [2026-06-12 16:37:34.722] [LAT] Path 20176: 75.9µs (0.1GB/s)
  [2026-06-12 16:37:34.723] [LAT] Path 20176: 119.7µs (0.0GB/s)
  [2026-06-12 16:37:34.725] [LAT] Path 20176: 88.7µs (0.1GB/s)
  [2026-06-12 16:37:34.727] [LAT] Path 20176: 76.3µs (0.1GB/s)
  [2026-06-12 16:37:34.728] [LAT] Path 20176: 82.4µs (0.1GB/s)
  [2026-06-12 16:37:34.730] [LAT] Path 20176: 94.9µs (0.0GB/s)
  [2026-06-12 16:37:34.732] [LAT] Path 20176: 94.7µs (0.0GB/s)
  [2026-06-12 16:37:35.742] [LAT] Path 20176: 90.5µs (0.1GB/s)
  [2026-06-12 16:37:35.744] [LAT] Path 20176: 95.2µs (0.0GB/s)
  [2026-06-12 16:37:35.745] [LAT] Path 20176: 93.8µs (0.0GB/s)
  [2026-06-12 16:37:35.760] [BW] Path 20176: 13548.7µs (9.9GB/s)
  [2026-06-12 16:37:35.770] [BW] Path 20176: 8330.1µs (16.1GB/s)
  [2026-06-12 16:37:35.780] [BW] Path 20176: 8573.4µs (15.7GB/s)
  [2026-06-12 16:37:35.792] [BW] Path 20176: 9677.5µs (13.9GB/s)
  [2026-06-12 16:37:35.802] [BW] Path 20176: 9154.8µs (14.7GB/s)
  [2026-06-12 16:37:35.822] [BW] Path 20176: 18355.2µs (7.3GB/s)
  [2026-06-12 16:37:35.831] [BW] Path 20176: 7342.1µs (18.3GB/s)
  [2026-06-12 16:37:36.842] [LAT] Path 35121: 140.9µs (0.0GB/s)
  [2026-06-12 16:37:36.844] [LAT] Path 35121: 98.8µs (0.0GB/s)
  [2026-06-12 16:37:36.845] [LAT] Path 35121: 95.8µs (0.0GB/s)
  [2026-06-12 16:37:36.847] [LAT] Path 35121: 94.0µs (0.0GB/s)
  [2026-06-12 16:37:36.851] [LAT] Path 35121: 2247.8µs (0.0GB/s)
  [2026-06-12 16:37:36.852] [LAT] Path 35121: 77.2µs (0.1GB/s)
  [2026-06-12 16:37:36.854] [LAT] Path 35121: 76.0µs (0.1GB/s)
  [2026-06-12 16:37:36.856] [LAT] Path 35121: 525.7µs (0.0GB/s)
  [2026-06-12 16:37:36.858] [LAT] Path 35121: 100.7µs (0.0GB/s)
  [2026-06-12 16:37:36.859] [LAT] Path 35121: 94.3µs (0.0GB/s)
  [2026-06-12 16:37:37.870] [LAT] Path 35121: 118.3µs (0.0GB/s)
  [2026-06-12 16:37:37.872] [LAT] Path 35121: 95.6µs (0.0GB/s)
  [2026-06-12 16:37:37.881] [BW] Path 35121: 7562.6µs (17.8GB/s)
  [2026-06-12 16:37:37.892] [BW] Path 35121: 9252.9µs (14.5GB/s)
  [2026-06-12 16:37:37.893] [LAT] Path 35121: 91.0µs (0.1GB/s)
  [2026-06-12 16:37:37.895] [LAT] Path 35121: 77.3µs (0.1GB/s)
  [2026-06-12 16:37:37.896] [LAT] Path 35121: 77.5µs (0.1GB/s)
  [2026-06-12 16:37:37.898] [LAT] Path 35121: 76.5µs (0.1GB/s)
  [2026-06-12 16:37:37.900] [LAT] Path 35121: 74.6µs (0.1GB/s)
  [2026-06-12 16:37:37.901] [LAT] Path 35121: 75.6µs (0.1GB/s)
  [2026-06-12 16:37:38.923] [BW] Path 35121: 10971.9µs (12.2GB/s)
  [2026-06-12 16:37:38.935] [BW] Path 35121: 11204.9µs (12.0GB/s)
  [2026-06-12 16:37:38.953] [BW] Path 35121: 16246.9µs (8.3GB/s)
  [2026-06-12 16:37:38.964] [BW] Path 35121: 9114.0µs (14.7GB/s)
  [2026-06-12 16:37:38.975] [BW] Path 35121: 9662.2µs (13.9GB/s)
  [2026-06-12 16:37:38.985] [BW] Path 35121: 8313.6µs (16.1GB/s)
  [2026-06-12 16:37:38.995] [BW] Path 35121: 8547.9µs (15.7GB/s)
  [2026-06-12 16:37:39.010] [BW] Path 35121: 13631.3µs (9.8GB/s)
  [2026-06-12 16:37:39.021] [BW] Path 35121: 9287.2µs (14.4GB/s)
  [2026-06-12 16:37:39.038] [BW] Path 35121: 15196.6µs (8.8GB/s)
  [2026-06-12 16:37:40.049] [LAT] Path 20176: 121.8µs (0.0GB/s)
  [2026-06-12 16:37:40.051] [LAT] Path 20176: 111.6µs (0.0GB/s)
  [2026-06-12 16:37:40.052] [LAT] Path 20176: 95.2µs (0.0GB/s)
  [2026-06-12 16:37:40.068] [BW] Path 20176: 14777.9µs (9.1GB/s)
  [2026-06-12 16:37:40.070] [LAT] Path 20176: 80.1µs (0.1GB/s)
  [2026-06-12 16:37:40.072] [LAT] Path 20176: 79.1µs (0.1GB/s)
  [2026-06-12 16:37:40.073] [LAT] Path 20176: 76.4µs (0.1GB/s)
  [2026-06-12 16:37:40.075] [LAT] Path 20176: 75.6µs (0.1GB/s)
  [2026-06-12 16:37:40.076] [LAT] Path 20176: 76.8µs (0.1GB/s)
  [2026-06-12 16:37:40.078] [LAT] Path 20176: 86.5µs (0.1GB/s)
  [2026-06-12 16:37:41.099] [BW] Path 35121: 9964.6µs (13.5GB/s)
  [2026-06-12 16:37:41.107] [BW] Path 35121: 6659.1µs (20.2GB/s)
  [2026-06-12 16:37:41.121] [BW] Path 35121: 12790.8µs (10.5GB/s)
  [2026-06-12 16:37:41.123] [LAT] Path 35121: 79.4µs (0.1GB/s)
  [2026-06-12 16:37:41.132] [BW] Path 35121: 7856.1µs (17.1GB/s)
  [2026-06-12 16:37:41.142] [BW] Path 35121: 8382.1µs (16.0GB/s)
  [2026-06-12 16:37:41.152] [BW] Path 35121: 8860.4µs (15.2GB/s)
  [2026-06-12 16:37:41.165] [BW] Path 35121: 10636.4µs (12.6GB/s)
  [2026-06-12 16:37:41.176] [BW] Path 35121: 10319.6µs (13.0GB/s)
  [2026-06-12 16:37:41.185] [BW] Path 35121: 6850.0µs (19.6GB/s)
  [2026-06-12 16:37:42.203] [BW] Path 35121: 7884.9µs (17.0GB/s)
  [2026-06-12 16:37:42.224] [BW] Path 35121: 18972.3µs (7.1GB/s)
  [2026-06-12 16:37:42.225] [LAT] Path 35121: 82.0µs (0.1GB/s)
  [2026-06-12 16:37:42.234] [BW] Path 35121: 6666.3µs (20.1GB/s)
  [2026-06-12 16:37:42.254] [BW] Path 35121: 18567.0µs (7.2GB/s)
  [2026-06-12 16:37:42.264] [BW] Path 35121: 9107.1µs (14.7GB/s)
  [2026-06-12 16:37:42.284] [BW] Path 35121: 18415.0µs (7.3GB/s)
  [2026-06-12 16:37:42.293] [BW] Path 35121: 6797.4µs (19.8GB/s)
  [2026-06-12 16:37:42.294] [LAT] Path 35121: 77.4µs (0.1GB/s)
  [2026-06-12 16:37:42.296] [LAT] Path 35121: 100.9µs (0.0GB/s)
  [2026-06-12 16:37:43.307] [LAT] Path 35121: 139.4µs (0.0GB/s)
  [2026-06-12 16:37:43.309] [LAT] Path 35121: 74.5µs (0.1GB/s)
  [2026-06-12 16:37:43.315] [LAT] Path 35121: 4246.8µs (0.0GB/s)
  [2026-06-12 16:37:43.316] [LAT] Path 35121: 76.8µs (0.1GB/s)
  [2026-06-12 16:37:43.318] [LAT] Path 35121: 79.3µs (0.1GB/s)
  [2026-06-12 16:37:43.319] [LAT] Path 35121: 93.9µs (0.0GB/s)
  [2026-06-12 16:37:43.321] [LAT] Path 35121: 95.0µs (0.0GB/s)
  [2026-06-12 16:37:43.323] [LAT] Path 35121: 93.8µs (0.0GB/s)
  [2026-06-12 16:37:43.324] [LAT] Path 35121: 94.6µs (0.0GB/s)
  [2026-06-12 16:37:43.326] [LAT] Path 35121: 75.7µs (0.1GB/s)
  [2026-06-12 16:37:44.343] [BW] Path 35121: 6511.4µs (20.6GB/s)
  [2026-06-12 16:37:44.356] [BW] Path 35121: 12217.6µs (11.0GB/s)
  [2026-06-12 16:37:44.365] [BW] Path 35121: 6904.4µs (19.4GB/s)
  [2026-06-12 16:37:44.377] [BW] Path 35121: 10476.4µs (12.8GB/s)
  [2026-06-12 16:37:44.388] [BW] Path 35121: 9659.1µs (13.9GB/s)
  [2026-06-12 16:37:44.405] [BW] Path 35121: 14999.6µs (8.9GB/s)
  [2026-06-12 16:37:44.419] [BW] Path 35121: 12653.9µs (10.6GB/s)
  [2026-06-12 16:37:44.429] [BW] Path 35121: 9201.5µs (14.6GB/s)
  [2026-06-12 16:37:44.440] [BW] Path 35121: 8669.7µs (15.5GB/s)
  [2026-06-12 16:37:44.450] [BW] Path 35121: 8402.9µs (16.0GB/s)
  [2026-06-12 16:37:45.482] [BW] Path 35121: 22026.5µs (6.1GB/s)
  [2026-06-12 16:37:45.500] [BW] Path 35121: 16189.7µs (8.3GB/s)
  [2026-06-12 16:37:45.502] [LAT] Path 35121: 105.4µs (0.0GB/s)
  [2026-06-12 16:37:45.503] [LAT] Path 35121: 108.2µs (0.0GB/s)
  [2026-06-12 16:37:45.505] [LAT] Path 35121: 87.3µs (0.1GB/s)
  [2026-06-12 16:37:45.507] [LAT] Path 35121: 92.7µs (0.0GB/s)
  [2026-06-12 16:37:45.508] [LAT] Path 35121: 75.5µs (0.1GB/s)
  [2026-06-12 16:37:45.510] [LAT] Path 35121: 77.6µs (0.1GB/s)
  [2026-06-12 16:37:45.511] [LAT] Path 35121: 77.6µs (0.1GB/s)
  [2026-06-12 16:37:45.513] [LAT] Path 35121: 78.0µs (0.1GB/s)
  [2026-06-12 16:37:46.524] [LAT] Path 20176: 134.6µs (0.0GB/s)
  [2026-06-12 16:37:46.526] [LAT] Path 20176: 79.5µs (0.1GB/s)
  [2026-06-12 16:37:46.527] [LAT] Path 20176: 76.9µs (0.1GB/s)
  [2026-06-12 16:37:46.529] [LAT] Path 20176: 75.3µs (0.1GB/s)
  [2026-06-12 16:37:46.530] [LAT] Path 20176: 76.7µs (0.1GB/s)
  [2026-06-12 16:37:46.532] [LAT] Path 20176: 77.3µs (0.1GB/s)
  [2026-06-12 16:37:46.533] [LAT] Path 20176: 73.4µs (0.1GB/s)
  [2026-06-12 16:37:46.535] [LAT] Path 20176: 89.0µs (0.1GB/s)
  [2026-06-12 16:37:46.537] [LAT] Path 20176: 88.2µs (0.1GB/s)
  [2026-06-12 16:37:46.538] [LAT] Path 20176: 88.2µs (0.1GB/s)
  [2026-06-12 16:37:47.560] [BW] Path 20176: 11301.3µs (11.9GB/s)
  [2026-06-12 16:37:47.568] [BW] Path 20176: 6849.2µs (19.6GB/s)
  [2026-06-12 16:37:47.581] [BW] Path 20176: 11045.0µs (12.2GB/s)
  [2026-06-12 16:37:47.589] [BW] Path 20176: 6795.3µs (19.8GB/s)
  [2026-06-12 16:37:47.609] [BW] Path 20176: 18855.7µs (7.1GB/s)
  [2026-06-12 16:37:47.618] [BW] Path 20176: 7143.9µs (18.8GB/s)
  [2026-06-12 16:37:47.634] [BW] Path 20176: 14211.8µs (9.4GB/s)
  [2026-06-12 16:37:47.642] [BW] Path 20176: 6894.7µs (19.5GB/s)
  [2026-06-12 16:37:47.654] [BW] Path 20176: 10104.7µs (13.3GB/s)
  [2026-06-12 16:37:47.655] [LAT] Path 20176: 80.6µs (0.1GB/s)
  [2026-06-12 16:37:48.666] [LAT] Path 35121: 192.4µs (0.0GB/s)
  [2026-06-12 16:37:48.668] [LAT] Path 35121: 81.4µs (0.1GB/s)
  [2026-06-12 16:37:48.670] [LAT] Path 35121: 78.3µs (0.1GB/s)
  [2026-06-12 16:37:48.671] [LAT] Path 35121: 75.9µs (0.1GB/s)
  [2026-06-12 16:37:48.673] [LAT] Path 35121: 73.7µs (0.1GB/s)
  [2026-06-12 16:37:48.674] [LAT] Path 35121: 93.3µs (0.0GB/s)
  [2026-06-12 16:37:48.676] [LAT] Path 35121: 90.7µs (0.1GB/s)
  [2026-06-12 16:37:48.678] [LAT] Path 35121: 93.6µs (0.0GB/s)
  [2026-06-12 16:37:48.679] [LAT] Path 35121: 89.0µs (0.1GB/s)
  [2026-06-12 16:37:48.681] [LAT] Path 35121: 94.5µs (0.0GB/s)
  [2026-06-12 16:37:49.691] [LAT] Path 35121: 102.6µs (0.0GB/s)
  [2026-06-12 16:37:49.692] [LAT] Path 35121: 159.3µs (0.0GB/s)
  [2026-06-12 16:37:49.696] [LAT] Path 35121: 2242.0µs (0.0GB/s)
  [2026-06-12 16:37:49.698] [LAT] Path 35121: 80.7µs (0.1GB/s)
  [2026-06-12 16:37:49.699] [LAT] Path 35121: 75.8µs (0.1GB/s)
  [2026-06-12 16:37:49.701] [LAT] Path 35121: 77.2µs (0.1GB/s)
  [2026-06-12 16:37:49.713] [BW] Path 35121: 10142.3µs (13.2GB/s)
  [2026-06-12 16:37:49.722] [BW] Path 35121: 7882.9µs (17.0GB/s)
  [2026-06-12 16:37:49.735] [BW] Path 35121: 12013.7µs (11.2GB/s)
  [2026-06-12 16:37:49.744] [BW] Path 35121: 7397.8µs (18.1GB/s)
  [2026-06-12 16:37:50.755] [LAT] Path 20176: 99.2µs (0.0GB/s)
  [2026-06-12 16:37:50.756] [LAT] Path 20176: 87.7µs (0.1GB/s)
  [2026-06-12 16:37:50.758] [LAT] Path 20176: 79.0µs (0.1GB/s)
  [2026-06-12 16:37:50.760] [LAT] Path 20176: 76.3µs (0.1GB/s)
  [2026-06-12 16:37:50.761] [LAT] Path 20176: 76.1µs (0.1GB/s)
  [2026-06-12 16:37:50.763] [LAT] Path 20176: 75.1µs (0.1GB/s)
  [2026-06-12 16:37:50.764] [LAT] Path 20176: 77.5µs (0.1GB/s)
  [2026-06-12 16:37:50.766] [LAT] Path 20176: 92.1µs (0.0GB/s)
  [2026-06-12 16:37:50.768] [LAT] Path 20176: 88.9µs (0.1GB/s)
  [2026-06-12 16:37:50.769] [LAT] Path 20176: 89.1µs (0.1GB/s)
  [2026-06-12 16:37:51.789] [BW] Path 35121: 9864.6µs (13.6GB/s)
  [2026-06-12 16:37:51.811] [BW] Path 35121: 20528.5µs (6.5GB/s)
  [2026-06-12 16:37:51.823] [BW] Path 35121: 9944.1µs (13.5GB/s)
  [2026-06-12 16:37:51.842] [BW] Path 35121: 17176.3µs (7.8GB/s)
  [2026-06-12 16:37:51.843] [LAT] Path 35121: 80.5µs (0.1GB/s)
  [2026-06-12 16:37:51.845] [LAT] Path 35121: 73.6µs (0.1GB/s)
  [2026-06-12 16:37:51.846] [LAT] Path 35121: 75.6µs (0.1GB/s)
  [2026-06-12 16:37:51.848] [LAT] Path 35121: 72.8µs (0.1GB/s)
  [2026-06-12 16:37:51.849] [LAT] Path 35121: 87.7µs (0.1GB/s)
  [2026-06-12 16:37:51.851] [LAT] Path 35121: 85.7µs (0.1GB/s)
  [2026-06-12 16:37:52.862] [LAT] Path 20176: 79.0µs (0.1GB/s)
  [2026-06-12 16:37:52.863] [LAT] Path 20176: 69.8µs (0.1GB/s)
  [2026-06-12 16:37:52.865] [LAT] Path 20176: 90.0µs (0.1GB/s)
  [2026-06-12 16:37:52.866] [LAT] Path 20176: 87.0µs (0.1GB/s)
  [2026-06-12 16:37:52.868] [LAT] Path 20176: 85.2µs (0.1GB/s)
  [2026-06-12 16:37:52.877] [BW] Path 20176: 7638.3µs (17.6GB/s)
  [2026-06-12 16:37:52.896] [BW] Path 20176: 17224.0µs (7.8GB/s)
  [2026-06-12 16:37:52.907] [BW] Path 20176: 9814.1µs (13.7GB/s)
  [2026-06-12 16:37:52.921] [BW] Path 20176: 12697.1µs (10.6GB/s)
  [2026-06-12 16:37:52.929] [BW] Path 20176: 6765.2µs (19.8GB/s)
  [2026-06-12 16:37:53.959] [BW] Path 35121: 18694.6µs (7.2GB/s)
  [2026-06-12 16:37:53.968] [BW] Path 35121: 7858.4µs (17.1GB/s)
  [2026-06-12 16:37:53.988] [BW] Path 35121: 18933.5µs (7.1GB/s)
  [2026-06-12 16:37:53.990] [LAT] Path 35121: 80.1µs (0.1GB/s)
  [2026-06-12 16:37:53.991] [LAT] Path 35121: 74.6µs (0.1GB/s)
  [2026-06-12 16:37:53.993] [LAT] Path 35121: 74.9µs (0.1GB/s)
  [2026-06-12 16:37:53.995] [LAT] Path 35121: 72.2µs (0.1GB/s)
  [2026-06-12 16:37:53.996] [LAT] Path 35121: 80.0µs (0.1GB/s)
  [2026-06-12 16:37:53.998] [LAT] Path 35121: 73.8µs (0.1GB/s)
  [2026-06-12 16:37:53.999] [LAT] Path 35121: 70.8µs (0.1GB/s)
  [2026-06-12 16:37:55.024] [BW] Path 20176: 14304.8µs (9.4GB/s)
  [2026-06-12 16:37:55.033] [BW] Path 20176: 6941.8µs (19.3GB/s)
  [2026-06-12 16:37:55.034] [LAT] Path 20176: 89.7µs (0.1GB/s)
  [2026-06-12 16:37:55.036] [LAT] Path 20176: 86.5µs (0.1GB/s)
  [2026-06-12 16:37:55.037] [LAT] Path 20176: 87.6µs (0.1GB/s)
  [2026-06-12 16:37:55.039] [LAT] Path 20176: 77.1µs (0.1GB/s)
  [2026-06-12 16:37:55.043] [LAT] Path 20176: 2621.7µs (0.0GB/s)
  [2026-06-12 16:37:55.045] [LAT] Path 20176: 69.8µs (0.1GB/s)
  [2026-06-12 16:37:55.046] [LAT] Path 20176: 87.5µs (0.1GB/s)
  [2026-06-12 16:37:55.048] [LAT] Path 20176: 87.0µs (0.1GB/s)
  [2026-06-12 16:37:56.058] [LAT] Path 35121: 88.0µs (0.1GB/s)
  [2026-06-12 16:37:56.069] [BW] Path 35121: 9435.0µs (14.2GB/s)
  [2026-06-12 16:37:56.080] [BW] Path 35121: 9956.5µs (13.5GB/s)
  [2026-06-12 16:37:56.093] [BW] Path 35121: 11250.5µs (11.9GB/s)
  [2026-06-12 16:37:56.109] [BW] Path 35121: 14383.5µs (9.3GB/s)
  [2026-06-12 16:37:56.121] [BW] Path 35121: 10363.6µs (12.9GB/s)
  [2026-06-12 16:37:56.129] [BW] Path 35121: 6810.5µs (19.7GB/s)
  [2026-06-12 16:37:56.142] [BW] Path 35121: 11280.1µs (11.9GB/s)
  [2026-06-12 16:37:56.152] [BW] Path 35121: 8583.0µs (15.6GB/s)
  [2026-06-12 16:37:56.170] [BW] Path 35121: 16854.4µs (8.0GB/s)
  [2026-06-12 16:37:57.181] [LAT] Path 20176: 80.3µs (0.1GB/s)
  [2026-06-12 16:37:57.183] [LAT] Path 20176: 75.8µs (0.1GB/s)
  [2026-06-12 16:37:57.184] [LAT] Path 20176: 77.2µs (0.1GB/s)
  [2026-06-12 16:37:57.186] [LAT] Path 20176: 76.6µs (0.1GB/s)
  [2026-06-12 16:37:57.188] [LAT] Path 20176: 95.8µs (0.0GB/s)
  [2026-06-12 16:37:57.189] [LAT] Path 20176: 100.1µs (0.0GB/s)
  [2026-06-12 16:37:57.191] [LAT] Path 20176: 95.8µs (0.0GB/s)
  [2026-06-12 16:37:57.192] [LAT] Path 20176: 95.8µs (0.0GB/s)
  [2026-06-12 16:37:57.194] [LAT] Path 20176: 85.7µs (0.1GB/s)
  [2026-06-12 16:37:57.195] [LAT] Path 20176: 77.2µs (0.1GB/s)
  [2026-06-12 16:37:58.206] [LAT] Path 20176: 116.6µs (0.0GB/s)
  [2026-06-12 16:37:58.208] [LAT] Path 20176: 76.5µs (0.1GB/s)
  [2026-06-12 16:37:58.209] [LAT] Path 20176: 72.5µs (0.1GB/s)
  [2026-06-12 16:37:58.211] [LAT] Path 20176: 94.5µs (0.0GB/s)
  [2026-06-12 16:37:58.213] [LAT] Path 20176: 95.3µs (0.0GB/s)
  [2026-06-12 16:37:58.214] [LAT] Path 20176: 92.0µs (0.0GB/s)
  [2026-06-12 16:37:58.216] [LAT] Path 20176: 95.2µs (0.0GB/s)
  [2026-06-12 16:37:58.217] [LAT] Path 20176: 75.5µs (0.1GB/s)
  [2026-06-12 16:37:58.219] [LAT] Path 20176: 75.7µs (0.1GB/s)
  [2026-06-12 16:37:58.220] [LAT] Path 20176: 73.1µs (0.1GB/s)
  [2026-06-12 16:37:59.237] [BW] Path 20176: 6478.8µs (20.7GB/s)
  [2026-06-12 16:37:59.250] [BW] Path 20176: 10910.2µs (12.3GB/s)
  [2026-06-12 16:37:59.258] [BW] Path 20176: 7114.8µs (18.9GB/s)
  [2026-06-12 16:37:59.270] [BW] Path 20176: 10723.2µs (12.5GB/s)
  [2026-06-12 16:37:59.279] [BW] Path 20176: 6769.6µs (19.8GB/s)
  [2026-06-12 16:37:59.280] [LAT] Path 20176: 89.1µs (0.1GB/s)
  [2026-06-12 16:37:59.282] [LAT] Path 20176: 99.9µs (0.0GB/s)
  [2026-06-12 16:37:59.283] [LAT] Path 20176: 94.5µs (0.0GB/s)
  [2026-06-12 16:37:59.285] [LAT] Path 20176: 91.7µs (0.0GB/s)
  [2026-06-12 16:37:59.287] [LAT] Path 20176: 91.8µs (0.0GB/s)
  [2026-06-12 16:38:00.297] [LAT] Path 35121: 474.0µs (0.0GB/s)
  [2026-06-12 16:38:00.299] [LAT] Path 35121: 80.2µs (0.1GB/s)
  [2026-06-12 16:38:00.301] [LAT] Path 35121: 75.1µs (0.1GB/s)
  [2026-06-12 16:38:00.302] [LAT] Path 35121: 74.2µs (0.1GB/s)
  [2026-06-12 16:38:00.304] [LAT] Path 35121: 74.1µs (0.1GB/s)
  [2026-06-12 16:38:00.305] [LAT] Path 35121: 75.2µs (0.1GB/s)
  [2026-06-12 16:38:00.307] [LAT] Path 35121: 74.4µs (0.1GB/s)
  [2026-06-12 16:38:00.308] [LAT] Path 35121: 76.9µs (0.1GB/s)
  [2026-06-12 16:38:00.310] [LAT] Path 35121: 113.5µs (0.0GB/s)
  [2026-06-12 16:38:00.312] [LAT] Path 35121: 89.5µs (0.1GB/s)
  [2026-06-12 16:38:01.322] [LAT] Path 20176: 114.0µs (0.0GB/s)
  [2026-06-12 16:38:01.328] [LAT] Path 20176: 4215.3µs (0.0GB/s)
  [2026-06-12 16:38:01.330] [LAT] Path 20176: 94.8µs (0.0GB/s)
  [2026-06-12 16:38:01.331] [LAT] Path 20176: 71.6µs (0.1GB/s)
  [2026-06-12 16:38:01.333] [LAT] Path 20176: 78.3µs (0.1GB/s)
  [2026-06-12 16:38:01.339] [LAT] Path 20176: 5188.4µs (0.0GB/s)
  [2026-06-12 16:38:01.341] [LAT] Path 20176: 95.2µs (0.0GB/s)
  [2026-06-12 16:38:01.342] [LAT] Path 20176: 91.8µs (0.0GB/s)
  [2026-06-12 16:38:01.344] [LAT] Path 20176: 93.0µs (0.0GB/s)
  [2026-06-12 16:38:01.346] [LAT] Path 20176: 92.2µs (0.0GB/s)
  [2026-06-12 16:38:02.366] [BW] Path 20176: 10763.6µs (12.5GB/s)
  [2026-06-12 16:38:02.375] [BW] Path 20176: 7356.6µs (18.2GB/s)
  [2026-06-12 16:38:02.388] [BW] Path 20176: 10736.7µs (12.5GB/s)
  [2026-06-12 16:38:02.396] [BW] Path 20176: 6845.8µs (19.6GB/s)
  [2026-06-12 16:38:02.414] [BW] Path 20176: 16829.5µs (8.0GB/s)
  [2026-06-12 16:38:02.426] [BW] Path 20176: 10550.5µs (12.7GB/s)
  [2026-06-12 16:38:02.428] [LAT] Path 20176: 95.6µs (0.0GB/s)
  [2026-06-12 16:38:02.430] [LAT] Path 20176: 93.0µs (0.0GB/s)
  [2026-06-12 16:38:02.431] [LAT] Path 20176: 93.1µs (0.0GB/s)
  [2026-06-12 16:38:02.442] [BW] Path 20176: 9260.6µs (14.5GB/s)
  [2026-06-12 16:38:03.472] [BW] Path 20176: 19374.5µs (6.9GB/s)
  [2026-06-12 16:38:03.481] [BW] Path 20176: 7484.3µs (17.9GB/s)
  [2026-06-12 16:38:03.503] [BW] Path 20176: 20998.5µs (6.4GB/s)
  [2026-06-12 16:38:03.515] [BW] Path 20176: 9778.0µs (13.7GB/s)
  [2026-06-12 16:38:03.516] [LAT] Path 20176: 96.3µs (0.0GB/s)
  [2026-06-12 16:38:03.518] [LAT] Path 20176: 96.4µs (0.0GB/s)
  [2026-06-12 16:38:03.519] [LAT] Path 20176: 96.3µs (0.0GB/s)
  [2026-06-12 16:38:03.521] [LAT] Path 20176: 93.2µs (0.0GB/s)
  [2026-06-12 16:38:03.523] [LAT] Path 20176: 86.0µs (0.1GB/s)
  [2026-06-12 16:38:03.524] [LAT] Path 20176: 74.2µs (0.1GB/s)
  [2026-06-12 16:38:04.542] [BW] Path 35121: 7103.3µs (18.9GB/s)
  [2026-06-12 16:38:04.557] [BW] Path 35121: 13579.6µs (9.9GB/s)
  [2026-06-12 16:38:04.566] [BW] Path 35121: 6808.3µs (19.7GB/s)
  [2026-06-12 16:38:04.578] [BW] Path 35121: 11125.0µs (12.1GB/s)
  [2026-06-12 16:38:04.587] [BW] Path 35121: 6842.3µs (19.6GB/s)
  [2026-06-12 16:38:04.599] [BW] Path 35121: 11411.8µs (11.8GB/s)
  [2026-06-12 16:38:04.608] [BW] Path 35121: 6723.6µs (20.0GB/s)
  [2026-06-12 16:38:04.629] [BW] Path 35121: 19544.6µs (6.9GB/s)
  [2026-06-12 16:38:04.637] [BW] Path 35121: 6905.4µs (19.4GB/s)
  [2026-06-12 16:38:04.649] [BW] Path 35121: 10010.9µs (13.4GB/s)
  [2026-06-12 16:38:05.672] [BW] Path 35121: 13331.0µs (10.1GB/s)
  [2026-06-12 16:38:05.687] [BW] Path 35121: 13072.6µs (10.3GB/s)
  [2026-06-12 16:38:05.703] [BW] Path 35121: 13913.0µs (9.7GB/s)
  [2026-06-12 16:38:05.704] [LAT] Path 35121: 96.3µs (0.0GB/s)
  [2026-06-12 16:38:05.706] [LAT] Path 35121: 449.2µs (0.0GB/s)
  [2026-06-12 16:38:05.708] [LAT] Path 35121: 81.6µs (0.1GB/s)
  [2026-06-12 16:38:05.709] [LAT] Path 35121: 76.2µs (0.1GB/s)
  [2026-06-12 16:38:05.714] [LAT] Path 35121: 3181.3µs (0.0GB/s)
  [2026-06-12 16:38:05.716] [LAT] Path 35121: 92.6µs (0.0GB/s)
  [2026-06-12 16:38:05.717] [LAT] Path 35121: 119.4µs (0.0GB/s)
  [2026-06-12 16:38:06.728] [LAT] Path 35121: 95.9µs (0.0GB/s)
  [2026-06-12 16:38:06.732] [LAT] Path 35121: 2766.0µs (0.0GB/s)
  [2026-06-12 16:38:06.734] [LAT] Path 35121: 425.8µs (0.0GB/s)
  [2026-06-12 16:38:06.736] [LAT] Path 35121: 74.0µs (0.1GB/s)
  [2026-06-12 16:38:06.737] [LAT] Path 35121: 74.2µs (0.1GB/s)
  [2026-06-12 16:38:06.740] [LAT] Path 35121: 919.1µs (0.0GB/s)
  [2026-06-12 16:38:06.741] [LAT] Path 35121: 89.7µs (0.1GB/s)
  [2026-06-12 16:38:06.743] [LAT] Path 35121: 87.2µs (0.1GB/s)
  [2026-06-12 16:38:06.744] [LAT] Path 35121: 85.9µs (0.1GB/s)
  [2026-06-12 16:38:06.746] [LAT] Path 35121: 85.0µs (0.1GB/s)
  [2026-06-12 16:38:07.757] [LAT] Path 35121: 140.1µs (0.0GB/s)
  [2026-06-12 16:38:07.758] [LAT] Path 35121: 87.3µs (0.1GB/s)
  [2026-06-12 16:38:07.768] [BW] Path 35121: 8648.6µs (15.5GB/s)
  [2026-06-12 16:38:07.779] [BW] Path 35121: 9597.8µs (14.0GB/s)
  [2026-06-12 16:38:07.788] [BW] Path 35121: 7520.6µs (17.9GB/s)
  [2026-06-12 16:38:07.807] [BW] Path 35121: 17207.8µs (7.8GB/s)
  [2026-06-12 16:38:07.816] [BW] Path 35121: 6921.8µs (19.4GB/s)
  [2026-06-12 16:38:07.830] [BW] Path 35121: 13216.9µs (10.2GB/s)
  [2026-06-12 16:38:07.839] [BW] Path 35121: 7282.1µs (18.4GB/s)
  [2026-06-12 16:38:07.851] [BW] Path 35121: 10749.2µs (12.5GB/s)
  [2026-06-12 16:38:08.862] [LAT] Path 20176: 122.5µs (0.0GB/s)
  [2026-06-12 16:38:08.864] [LAT] Path 20176: 117.1µs (0.0GB/s)
  [2026-06-12 16:38:08.865] [LAT] Path 20176: 77.9µs (0.1GB/s)
  [2026-06-12 16:38:08.872] [LAT] Path 20176: 4663.0µs (0.0GB/s)
  [2026-06-12 16:38:08.873] [LAT] Path 20176: 76.3µs (0.1GB/s)
  [2026-06-12 16:38:08.875] [LAT] Path 20176: 96.2µs (0.0GB/s)
  [2026-06-12 16:38:08.876] [LAT] Path 20176: 108.0µs (0.0GB/s)
  [2026-06-12 16:38:08.878] [LAT] Path 20176: 88.7µs (0.1GB/s)
  [2026-06-12 16:38:08.879] [LAT] Path 20176: 85.0µs (0.1GB/s)
  [2026-06-12 16:38:08.881] [LAT] Path 20176: 97.9µs (0.0GB/s)
  [2026-06-12 16:38:09.892] [LAT] Path 20176: 97.7µs (0.0GB/s)
  [2026-06-12 16:38:09.893] [LAT] Path 20176: 95.8µs (0.0GB/s)
  [2026-06-12 16:38:09.895] [LAT] Path 20176: 94.1µs (0.0GB/s)
  [2026-06-12 16:38:09.896] [LAT] Path 20176: 96.0µs (0.0GB/s)
  [2026-06-12 16:38:09.899] [LAT] Path 20176: 996.1µs (0.0GB/s)
  [2026-06-12 16:38:09.900] [LAT] Path 20176: 75.6µs (0.1GB/s)
  [2026-06-12 16:38:09.902] [LAT] Path 20176: 74.2µs (0.1GB/s)
  [2026-06-12 16:38:09.906] [LAT] Path 20176: 2494.1µs (0.0GB/s)
  [2026-06-12 16:38:09.907] [LAT] Path 20176: 93.5µs (0.0GB/s)
  [2026-06-12 16:38:09.909] [LAT] Path 20176: 85.9µs (0.1GB/s)
  [2026-06-12 16:38:10.936] [BW] Path 35121: 16761.3µs (8.0GB/s)
  [2026-06-12 16:38:10.945] [BW] Path 35121: 7413.6µs (18.1GB/s)
  [2026-06-12 16:38:10.958] [BW] Path 35121: 11191.7µs (12.0GB/s)
  [2026-06-12 16:38:10.966] [BW] Path 35121: 6850.8µs (19.6GB/s)
  [2026-06-12 16:38:10.978] [BW] Path 35121: 10303.9µs (13.0GB/s)
  [2026-06-12 16:38:10.980] [LAT] Path 35121: 76.9µs (0.1GB/s)
  [2026-06-12 16:38:10.997] [BW] Path 35121: 15884.0µs (8.4GB/s)
  [2026-06-12 16:38:11.007] [BW] Path 35121: 8882.3µs (15.1GB/s)
  [2026-06-12 16:38:11.023] [BW] Path 35121: 14030.4µs (9.6GB/s)
  [2026-06-12 16:38:11.032] [BW] Path 35121: 7261.6µs (18.5GB/s)
  [2026-06-12 16:38:12.062] [BW] Path 35121: 18970.1µs (7.1GB/s)
  [2026-06-12 16:38:12.063] [LAT] Path 35121: 82.2µs (0.1GB/s)
  [2026-06-12 16:38:12.065] [LAT] Path 35121: 75.4µs (0.1GB/s)
  [2026-06-12 16:38:12.067] [LAT] Path 35121: 71.8µs (0.1GB/s)
  [2026-06-12 16:38:12.068] [LAT] Path 35121: 73.5µs (0.1GB/s)
  [2026-06-12 16:38:12.070] [LAT] Path 35121: 72.8µs (0.1GB/s)
  [2026-06-12 16:38:12.071] [LAT] Path 35121: 108.5µs (0.0GB/s)
  [2026-06-12 16:38:12.073] [LAT] Path 35121: 125.6µs (0.0GB/s)
  [2026-06-12 16:38:12.075] [LAT] Path 35121: 90.2µs (0.1GB/s)
  [2026-06-12 16:38:12.076] [LAT] Path 35121: 93.4µs (0.0GB/s)
  [2026-06-12 16:38:13.087] [LAT] Path 20176: 93.0µs (0.0GB/s)
  [2026-06-12 16:38:13.088] [LAT] Path 20176: 97.7µs (0.0GB/s)
  [2026-06-12 16:38:13.090] [LAT] Path 20176: 94.0µs (0.0GB/s)
  [2026-06-12 16:38:13.093] [LAT] Path 20176: 1554.9µs (0.0GB/s)
  [2026-06-12 16:38:13.095] [LAT] Path 20176: 72.6µs (0.1GB/s)
  [2026-06-12 16:38:13.096] [LAT] Path 20176: 74.9µs (0.1GB/s)
  [2026-06-12 16:38:13.111] [BW] Path 20176: 13024.1µs (10.3GB/s)
  [2026-06-12 16:38:13.119] [BW] Path 20176: 6848.6µs (19.6GB/s)
  [2026-06-12 16:38:13.131] [BW] Path 20176: 10157.0µs (13.2GB/s)
  [2026-06-12 16:38:13.140] [BW] Path 20176: 7873.4µs (17.1GB/s)
  [2026-06-12 16:38:14.157] [BW] Path 20176: 7357.9µs (18.2GB/s)
  [2026-06-12 16:38:14.169] [BW] Path 20176: 9704.2µs (13.8GB/s)
  [2026-06-12 16:38:14.185] [BW] Path 20176: 14671.7µs (9.2GB/s)
  [2026-06-12 16:38:14.197] [BW] Path 20176: 10569.3µs (12.7GB/s)
  [2026-06-12 16:38:14.199] [LAT] Path 20176: 74.7µs (0.1GB/s)
  [2026-06-12 16:38:14.200] [LAT] Path 20176: 75.5µs (0.1GB/s)
  [2026-06-12 16:38:14.202] [LAT] Path 20176: 76.9µs (0.1GB/s)
  [2026-06-12 16:38:14.203] [LAT] Path 20176: 94.2µs (0.0GB/s)
  [2026-06-12 16:38:14.208] [LAT] Path 20176: 3546.6µs (0.0GB/s)
  [2026-06-12 16:38:14.211] [LAT] Path 20176: 824.1µs (0.0GB/s)
  [2026-06-12 16:38:15.221] [LAT] Path 35121: 111.7µs (0.0GB/s)
  [2026-06-12 16:38:15.223] [LAT] Path 35121: 88.6µs (0.1GB/s)
  [2026-06-12 16:38:15.225] [LAT] Path 35121: 76.3µs (0.1GB/s)
  [2026-06-12 16:38:15.226] [LAT] Path 35121: 73.5µs (0.1GB/s)
  [2026-06-12 16:38:15.228] [LAT] Path 35121: 74.5µs (0.1GB/s)
  [2026-06-12 16:38:15.229] [LAT] Path 35121: 73.6µs (0.1GB/s)
  [2026-06-12 16:38:15.231] [LAT] Path 35121: 74.5µs (0.1GB/s)
  [2026-06-12 16:38:15.232] [LAT] Path 35121: 91.6µs (0.0GB/s)
  [2026-06-12 16:38:15.234] [LAT] Path 35121: 88.6µs (0.1GB/s)
  [2026-06-12 16:38:15.236] [LAT] Path 35121: 87.5µs (0.1GB/s)
  [2026-06-12 16:38:16.246] [LAT] Path 20176: 82.0µs (0.1GB/s)
  [2026-06-12 16:38:16.248] [LAT] Path 20176: 74.7µs (0.1GB/s)
  [2026-06-12 16:38:16.249] [LAT] Path 20176: 90.9µs (0.1GB/s)
  [2026-06-12 16:38:16.251] [LAT] Path 20176: 85.5µs (0.1GB/s)
  [2026-06-12 16:38:16.252] [LAT] Path 20176: 93.5µs (0.0GB/s)
  [2026-06-12 16:38:16.263] [BW] Path 20176: 9013.1µs (14.9GB/s)
  [2026-06-12 16:38:16.283] [BW] Path 20176: 18419.8µs (7.3GB/s)
  [2026-06-12 16:38:16.292] [BW] Path 20176: 8221.2µs (16.3GB/s)
  [2026-06-12 16:38:16.304] [BW] Path 20176: 10146.1µs (13.2GB/s)
  [2026-06-12 16:38:16.312] [BW] Path 20176: 6800.1µs (19.7GB/s)
  [2026-06-12 16:38:17.334] [BW] Path 20176: 10361.3µs (12.9GB/s)
  [2026-06-12 16:38:17.345] [BW] Path 20176: 10050.2µs (13.3GB/s)
  [2026-06-12 16:38:17.347] [LAT] Path 20176: 145.6µs (0.0GB/s)
  [2026-06-12 16:38:17.348] [LAT] Path 20176: 93.3µs (0.0GB/s)
  [2026-06-12 16:38:17.350] [LAT] Path 20176: 92.4µs (0.0GB/s)
  [2026-06-12 16:38:17.352] [LAT] Path 20176: 83.9µs (0.1GB/s)
  [2026-06-12 16:38:17.353] [LAT] Path 20176: 75.9µs (0.1GB/s)
  [2026-06-12 16:38:17.355] [LAT] Path 20176: 74.2µs (0.1GB/s)
  [2026-06-12 16:38:17.356] [LAT] Path 20176: 75.0µs (0.1GB/s)
  [2026-06-12 16:38:17.358] [LAT] Path 20176: 74.1µs (0.1GB/s)
  [2026-06-12 16:38:18.368] [LAT] Path 20176: 88.2µs (0.1GB/s)
  [2026-06-12 16:38:18.370] [LAT] Path 20176: 91.2µs (0.0GB/s)
  [2026-06-12 16:38:18.372] [LAT] Path 20176: 90.0µs (0.1GB/s)
  [2026-06-12 16:38:18.373] [LAT] Path 20176: 93.0µs (0.0GB/s)
  [2026-06-12 16:38:18.375] [LAT] Path 20176: 103.7µs (0.0GB/s)
  [2026-06-12 16:38:18.376] [LAT] Path 20176: 72.8µs (0.1GB/s)
  [2026-06-12 16:38:18.378] [LAT] Path 20176: 76.2µs (0.1GB/s)
  [2026-06-12 16:38:18.379] [LAT] Path 20176: 73.7µs (0.1GB/s)
  [2026-06-12 16:38:18.381] [LAT] Path 20176: 74.9µs (0.1GB/s)
  [2026-06-12 16:38:18.383] [LAT] Path 20176: 73.4µs (0.1GB/s)
  [2026-06-12 16:38:19.393] [LAT] Path 35121: 96.5µs (0.0GB/s)
  [2026-06-12 16:38:19.398] [LAT] Path 35121: 3053.4µs (0.0GB/s)
  [2026-06-12 16:38:19.408] [BW] Path 35121: 8857.4µs (15.2GB/s)
  [2026-06-12 16:38:19.421] [BW] Path 35121: 11864.2µs (11.3GB/s)
  [2026-06-12 16:38:19.430] [BW] Path 35121: 7398.1µs (18.1GB/s)
  [2026-06-12 16:38:19.441] [BW] Path 35121: 9536.4µs (14.1GB/s)
  [2026-06-12 16:38:19.451] [BW] Path 35121: 8441.3µs (15.9GB/s)
  [2026-06-12 16:38:19.466] [BW] Path 35121: 12744.0µs (10.5GB/s)
  [2026-06-12 16:38:19.481] [BW] Path 35121: 13598.5µs (9.9GB/s)
  [2026-06-12 16:38:19.493] [BW] Path 35121: 11278.5µs (11.9GB/s)
  [2026-06-12 16:38:20.513] [BW] Path 35121: 9143.5µs (14.7GB/s)
  [2026-06-12 16:38:20.536] [BW] Path 35121: 20474.6µs (6.6GB/s)
  [2026-06-12 16:38:20.558] [BW] Path 35121: 21249.9µs (6.3GB/s)
  [2026-06-12 16:38:20.560] [LAT] Path 35121: 107.4µs (0.0GB/s)
  [2026-06-12 16:38:20.562] [LAT] Path 35121: 90.6µs (0.1GB/s)
  [2026-06-12 16:38:20.563] [LAT] Path 35121: 78.6µs (0.1GB/s)
  [2026-06-12 16:38:20.565] [LAT] Path 35121: 74.2µs (0.1GB/s)
  [2026-06-12 16:38:20.566] [LAT] Path 35121: 74.0µs (0.1GB/s)
  [2026-06-12 16:38:20.568] [LAT] Path 35121: 75.2µs (0.1GB/s)
  [2026-06-12 16:38:20.569] [LAT] Path 35121: 73.7µs (0.1GB/s)
  [2026-06-12 16:38:21.580] [LAT] Path 35121: 111.5µs (0.0GB/s)
  [2026-06-12 16:38:21.582] [LAT] Path 35121: 101.4µs (0.0GB/s)
  [2026-06-12 16:38:21.584] [LAT] Path 35121: 96.1µs (0.0GB/s)
  [2026-06-12 16:38:21.585] [LAT] Path 35121: 92.8µs (0.0GB/s)
  [2026-06-12 16:38:21.587] [LAT] Path 35121: 94.6µs (0.0GB/s)
  [2026-06-12 16:38:21.588] [LAT] Path 35121: 77.6µs (0.1GB/s)
  [2026-06-12 16:38:21.597] [BW] Path 35121: 7161.9µs (18.7GB/s)
  [2026-06-12 16:38:21.610] [BW] Path 35121: 11944.0µs (11.2GB/s)
  [2026-06-12 16:38:21.619] [BW] Path 35121: 6712.3µs (20.0GB/s)
  [2026-06-12 16:38:21.630] [BW] Path 35121: 9571.3µs (14.0GB/s)
  [2026-06-12 16:38:22.640] [LAT] Path 20176: 105.2µs (0.0GB/s)
  [2026-06-12 16:38:22.642] [LAT] Path 20176: 98.7µs (0.0GB/s)
  [2026-06-12 16:38:22.644] [LAT] Path 20176: 73.5µs (0.1GB/s)
  [2026-06-12 16:38:22.645] [LAT] Path 20176: 75.0µs (0.1GB/s)
  [2026-06-12 16:38:22.647] [LAT] Path 20176: 74.2µs (0.1GB/s)
  [2026-06-12 16:38:22.648] [LAT] Path 20176: 74.9µs (0.1GB/s)
  [2026-06-12 16:38:22.650] [LAT] Path 20176: 76.0µs (0.1GB/s)
  [2026-06-12 16:38:22.651] [LAT] Path 20176: 75.2µs (0.1GB/s)
  [2026-06-12 16:38:22.653] [LAT] Path 20176: 101.8µs (0.0GB/s)
  [2026-06-12 16:38:22.655] [LAT] Path 20176: 94.4µs (0.0GB/s)
  [2026-06-12 16:38:23.665] [LAT] Path 20176: 133.7µs (0.0GB/s)
  [2026-06-12 16:38:23.667] [LAT] Path 20176: 72.5µs (0.1GB/s)
  [2026-06-12 16:38:23.669] [LAT] Path 20176: 76.6µs (0.1GB/s)
  [2026-06-12 16:38:23.676] [LAT] Path 20176: 5569.9µs (0.0GB/s)
  [2026-06-12 16:38:23.677] [LAT] Path 20176: 96.2µs (0.0GB/s)
  [2026-06-12 16:38:23.679] [LAT] Path 20176: 119.0µs (0.0GB/s)
  [2026-06-12 16:38:23.680] [LAT] Path 20176: 92.0µs (0.0GB/s)
  [2026-06-12 16:38:23.682] [LAT] Path 20176: 89.3µs (0.1GB/s)
  [2026-06-12 16:38:23.684] [LAT] Path 20176: 92.7µs (0.0GB/s)
  [2026-06-12 16:38:23.685] [LAT] Path 20176: 95.9µs (0.0GB/s)
  [2026-06-12 16:38:24.696] [LAT] Path 20176: 153.7µs (0.0GB/s)
  [2026-06-12 16:38:24.697] [LAT] Path 20176: 91.7µs (0.0GB/s)
  [2026-06-12 16:38:24.699] [LAT] Path 20176: 91.7µs (0.0GB/s)
  [2026-06-12 16:38:24.701] [LAT] Path 20176: 77.0µs (0.1GB/s)
  [2026-06-12 16:38:24.702] [LAT] Path 20176: 74.3µs (0.1GB/s)
  [2026-06-12 16:38:24.704] [LAT] Path 20176: 73.7µs (0.1GB/s)
  [2026-06-12 16:38:24.705] [LAT] Path 20176: 76.5µs (0.1GB/s)
  [2026-06-12 16:38:24.707] [LAT] Path 20176: 93.0µs (0.0GB/s)
  [2026-06-12 16:38:24.708] [LAT] Path 20176: 72.0µs (0.1GB/s)
  [2026-06-12 16:38:24.712] [LAT] Path 20176: 2172.3µs (0.0GB/s)
  [2026-06-12 16:38:25.733] [BW] Path 20176: 11464.7µs (11.7GB/s)
  [2026-06-12 16:38:25.742] [BW] Path 20176: 7597.4µs (17.7GB/s)
  [2026-06-12 16:38:25.754] [BW] Path 20176: 10488.2µs (12.8GB/s)
  [2026-06-12 16:38:25.763] [BW] Path 20176: 6815.9µs (19.7GB/s)
  [2026-06-12 16:38:25.780] [BW] Path 20176: 15510.9µs (8.7GB/s)
  [2026-06-12 16:38:25.781] [LAT] Path 20176: 71.0µs (0.1GB/s)
  [2026-06-12 16:38:25.788] [LAT] Path 20176: 5329.1µs (0.0GB/s)
  [2026-06-12 16:38:25.791] [LAT] Path 20176: 825.2µs (0.0GB/s)
  [2026-06-12 16:38:25.792] [LAT] Path 20176: 90.8µs (0.1GB/s)
  [2026-06-12 16:38:25.794] [LAT] Path 20176: 93.9µs (0.0GB/s)
  [2026-06-12 16:38:26.805] [LAT] Path 20176: 117.7µs (0.0GB/s)
  [2026-06-12 16:38:26.806] [LAT] Path 20176: 75.8µs (0.1GB/s)
  [2026-06-12 16:38:26.808] [LAT] Path 20176: 72.4µs (0.1GB/s)
  [2026-06-12 16:38:26.809] [LAT] Path 20176: 73.8µs (0.1GB/s)
  [2026-06-12 16:38:26.811] [LAT] Path 20176: 97.6µs (0.0GB/s)
  [2026-06-12 16:38:26.812] [LAT] Path 20176: 107.0µs (0.0GB/s)
  [2026-06-12 16:38:26.814] [LAT] Path 20176: 105.5µs (0.0GB/s)
  [2026-06-12 16:38:26.816] [LAT] Path 20176: 97.8µs (0.0GB/s)
  [2026-06-12 16:38:26.817] [LAT] Path 20176: 113.2µs (0.0GB/s)
  [2026-06-12 16:38:26.819] [LAT] Path 20176: 84.9µs (0.1GB/s)
  [2026-06-12 16:38:27.839] [BW] Path 35121: 10222.5µs (13.1GB/s)
  [2026-06-12 16:38:27.848] [BW] Path 35121: 7118.0µs (18.9GB/s)
  [2026-06-12 16:38:27.860] [BW] Path 35121: 10106.4µs (13.3GB/s)
  [2026-06-12 16:38:27.868] [BW] Path 35121: 6670.8µs (20.1GB/s)
  [2026-06-12 16:38:27.870] [LAT] Path 35121: 387.8µs (0.0GB/s)
  [2026-06-12 16:38:27.871] [LAT] Path 35121: 98.2µs (0.0GB/s)
  [2026-06-12 16:38:27.873] [LAT] Path 35121: 87.4µs (0.1GB/s)
  [2026-06-12 16:38:27.878] [LAT] Path 35121: 3216.3µs (0.0GB/s)
  [2026-06-12 16:38:27.886] [BW] Path 35121: 6680.9µs (20.1GB/s)
  [2026-06-12 16:38:27.897] [BW] Path 35121: 9767.5µs (13.7GB/s)
  [2026-06-12 16:38:28.908] [LAT] Path 20176: 107.6µs (0.0GB/s)
  [2026-06-12 16:38:28.924] [BW] Path 20176: 14570.1µs (9.2GB/s)
  [2026-06-12 16:38:28.933] [BW] Path 20176: 7514.4µs (17.9GB/s)
  [2026-06-12 16:38:28.935] [LAT] Path 20176: 90.9µs (0.1GB/s)
  [2026-06-12 16:38:28.936] [LAT] Path 20176: 84.5µs (0.1GB/s)
  [2026-06-12 16:38:28.939] [LAT] Path 20176: 968.6µs (0.0GB/s)
  [2026-06-12 16:38:28.941] [LAT] Path 20176: 77.2µs (0.1GB/s)
  [2026-06-12 16:38:28.942] [LAT] Path 20176: 74.1µs (0.1GB/s)
  [2026-06-12 16:38:28.944] [LAT] Path 20176: 76.6µs (0.1GB/s)
  [2026-06-12 16:38:28.945] [LAT] Path 20176: 71.0µs (0.1GB/s)
  [2026-06-12 16:38:29.956] [LAT] Path 20176: 137.5µs (0.0GB/s)
  [2026-06-12 16:38:29.960] [LAT] Path 20176: 3169.4µs (0.0GB/s)
  [2026-06-12 16:38:29.962] [LAT] Path 20176: 79.8µs (0.1GB/s)
  [2026-06-12 16:38:29.964] [LAT] Path 20176: 80.4µs (0.1GB/s)
  [2026-06-12 16:38:29.965] [LAT] Path 20176: 75.3µs (0.1GB/s)
  [2026-06-12 16:38:29.967] [LAT] Path 20176: 76.4µs (0.1GB/s)
  [2026-06-12 16:38:29.968] [LAT] Path 20176: 75.4µs (0.1GB/s)
  [2026-06-12 16:38:29.970] [LAT] Path 20176: 74.9µs (0.1GB/s)
  [2026-06-12 16:38:29.972] [LAT] Path 20176: 802.2µs (0.0GB/s)
  [2026-06-12 16:38:29.974] [LAT] Path 20176: 95.1µs (0.0GB/s)
  [2026-06-12 16:38:30.985] [LAT] Path 20176: 96.1µs (0.0GB/s)
  [2026-06-12 16:38:30.986] [LAT] Path 20176: 76.3µs (0.1GB/s)
  [2026-06-12 16:38:30.988] [LAT] Path 20176: 75.2µs (0.1GB/s)
  [2026-06-12 16:38:31.000] [BW] Path 20176: 10737.3µs (12.5GB/s)
  [2026-06-12 16:38:31.002] [LAT] Path 20176: 79.3µs (0.1GB/s)
  [2026-06-12 16:38:31.014] [BW] Path 20176: 10981.5µs (12.2GB/s)
  [2026-06-12 16:38:31.024] [BW] Path 20176: 8723.4µs (15.4GB/s)
  [2026-06-12 16:38:31.035] [BW] Path 20176: 9414.3µs (14.3GB/s)
  [2026-06-12 16:38:31.044] [BW] Path 20176: 7578.4µs (17.7GB/s)
  [2026-06-12 16:38:31.058] [BW] Path 20176: 12025.7µs (11.2GB/s)
  [2026-06-12 16:38:32.077] [BW] Path 20176: 7921.1µs (16.9GB/s)
  [2026-06-12 16:38:32.098] [BW] Path 20176: 19514.0µs (6.9GB/s)
  [2026-06-12 16:38:32.107] [BW] Path 20176: 8240.4µs (16.3GB/s)
  [2026-06-12 16:38:32.128] [BW] Path 20176: 18817.2µs (7.1GB/s)
  [2026-06-12 16:38:32.135] [LAT] Path 20176: 5210.6µs (0.0GB/s)
  [2026-06-12 16:38:32.136] [LAT] Path 20176: 79.4µs (0.1GB/s)
  [2026-06-12 16:38:32.138] [LAT] Path 20176: 99.4µs (0.0GB/s)
  [2026-06-12 16:38:32.139] [LAT] Path 20176: 95.2µs (0.0GB/s)
  [2026-06-12 16:38:32.143] [LAT] Path 20176: 1735.7µs (0.0GB/s)
  [2026-06-12 16:38:32.144] [LAT] Path 20176: 81.9µs (0.1GB/s)
  [2026-06-12 16:38:33.155] [LAT] Path 20176: 124.5µs (0.0GB/s)
  [2026-06-12 16:38:33.157] [LAT] Path 20176: 76.4µs (0.1GB/s)
  [2026-06-12 16:38:33.159] [LAT] Path 20176: 91.7µs (0.0GB/s)
  [2026-06-12 16:38:33.160] [LAT] Path 20176: 87.4µs (0.1GB/s)
  [2026-06-12 16:38:33.162] [LAT] Path 20176: 85.5µs (0.1GB/s)
  [2026-06-12 16:38:33.163] [LAT] Path 20176: 87.7µs (0.1GB/s)
  [2026-06-12 16:38:33.165] [LAT] Path 20176: 76.6µs (0.1GB/s)
  [2026-06-12 16:38:33.167] [LAT] Path 20176: 75.1µs (0.1GB/s)
  [2026-06-12 16:38:33.173] [LAT] Path 20176: 4935.4µs (0.0GB/s)
  [2026-06-12 16:38:33.175] [LAT] Path 20176: 94.7µs (0.0GB/s)
  [2026-06-12 16:38:34.199] [BW] Path 35121: 14030.6µs (9.6GB/s)
  [2026-06-12 16:38:34.210] [BW] Path 35121: 9868.5µs (13.6GB/s)
  [2026-06-12 16:38:34.222] [BW] Path 35121: 9655.2µs (13.9GB/s)
  [2026-06-12 16:38:34.230] [BW] Path 35121: 7218.9µs (18.6GB/s)
  [2026-06-12 16:38:34.243] [BW] Path 35121: 10722.3µs (12.5GB/s)
  [2026-06-12 16:38:34.253] [BW] Path 35121: 9072.8µs (14.8GB/s)
  [2026-06-12 16:38:34.274] [BW] Path 35121: 19014.8µs (7.1GB/s)
  [2026-06-12 16:38:34.283] [BW] Path 35121: 8119.9µs (16.5GB/s)
  [2026-06-12 16:38:34.296] [BW] Path 35121: 11063.6µs (12.1GB/s)
  [2026-06-12 16:38:34.304] [BW] Path 35121: 6941.2µs (19.3GB/s)
  [2026-06-12 16:38:35.340] [BW] Path 35121: 24528.1µs (5.5GB/s)
  [2026-06-12 16:38:35.352] [BW] Path 35121: 10504.6µs (12.8GB/s)
  [2026-06-12 16:38:35.353] [LAT] Path 35121: 95.7µs (0.0GB/s)
  [2026-06-12 16:38:35.355] [LAT] Path 35121: 89.6µs (0.1GB/s)
  [2026-06-12 16:38:35.356] [LAT] Path 35121: 95.3µs (0.0GB/s)
  [2026-06-12 16:38:35.358] [LAT] Path 35121: 88.4µs (0.1GB/s)
  [2026-06-12 16:38:35.360] [LAT] Path 35121: 79.3µs (0.1GB/s)
  [2026-06-12 16:38:35.364] [LAT] Path 35121: 2484.6µs (0.0GB/s)
  [2026-06-12 16:38:35.365] [LAT] Path 35121: 76.4µs (0.1GB/s)
  [2026-06-12 16:38:35.367] [LAT] Path 35121: 94.6µs (0.0GB/s)
  [2026-06-12 16:38:36.378] [LAT] Path 35121: 111.2µs (0.0GB/s)
  [2026-06-12 16:38:36.380] [LAT] Path 35121: 77.4µs (0.1GB/s)
  [2026-06-12 16:38:36.392] [BW] Path 35121: 10525.1µs (12.8GB/s)
  [2026-06-12 16:38:36.400] [BW] Path 35121: 6635.7µs (20.2GB/s)
  [2026-06-12 16:38:36.401] [LAT] Path 35121: 92.2µs (0.0GB/s)
  [2026-06-12 16:38:36.403] [LAT] Path 35121: 131.6µs (0.0GB/s)
  [2026-06-12 16:38:36.405] [LAT] Path 35121: 87.9µs (0.1GB/s)
  [2026-06-12 16:38:36.406] [LAT] Path 35121: 87.4µs (0.1GB/s)
  [2026-06-12 16:38:36.408] [LAT] Path 35121: 77.9µs (0.1GB/s)
  [2026-06-12 16:38:36.416] [BW] Path 35121: 6995.6µs (19.2GB/s)
  [2026-06-12 16:38:37.443] [BW] Path 35121: 17212.0µs (7.8GB/s)
  [2026-06-12 16:38:37.452] [BW] Path 35121: 7108.5µs (18.9GB/s)
  [2026-06-12 16:38:37.468] [BW] Path 35121: 14132.0µs (9.5GB/s)
  [2026-06-12 16:38:37.476] [BW] Path 35121: 7357.9µs (18.2GB/s)
  [2026-06-12 16:38:37.489] [BW] Path 35121: 10629.4µs (12.6GB/s)
  [2026-06-12 16:38:37.497] [BW] Path 35121: 6804.3µs (19.7GB/s)
  [2026-06-12 16:38:37.499] [LAT] Path 35121: 534.6µs (0.0GB/s)
  [2026-06-12 16:38:37.514] [BW] Path 35121: 13803.5µs (9.7GB/s)
  [2026-06-12 16:38:37.528] [BW] Path 35121: 12195.6µs (11.0GB/s)
  [2026-06-12 16:38:37.544] [BW] Path 35121: 14440.0µs (9.3GB/s)
  [2026-06-12 16:38:38.555] [LAT] Path 20176: 116.2µs (0.0GB/s)
  [2026-06-12 16:38:38.557] [LAT] Path 20176: 77.9µs (0.1GB/s)
  [2026-06-12 16:38:38.558] [LAT] Path 20176: 75.8µs (0.1GB/s)
  [2026-06-12 16:38:38.560] [LAT] Path 20176: 76.6µs (0.1GB/s)
  [2026-06-12 16:38:38.562] [LAT] Path 20176: 91.6µs (0.0GB/s)
  [2026-06-12 16:38:38.563] [LAT] Path 20176: 92.5µs (0.0GB/s)
  [2026-06-12 16:38:38.565] [LAT] Path 20176: 93.0µs (0.0GB/s)
  [2026-06-12 16:38:38.566] [LAT] Path 20176: 94.5µs (0.0GB/s)
  [2026-06-12 16:38:38.568] [LAT] Path 20176: 529.0µs (0.0GB/s)
  [2026-06-12 16:38:38.570] [LAT] Path 20176: 78.1µs (0.1GB/s)
  [2026-06-12 16:38:39.591] [BW] Path 35121: 10634.9µs (12.6GB/s)
  [2026-06-12 16:38:39.600] [BW] Path 35121: 7567.1µs (17.7GB/s)
  [2026-06-12 16:38:39.611] [BW] Path 35121: 9383.7µs (14.3GB/s)
  [2026-06-12 16:38:39.624] [BW] Path 35121: 11473.9µs (11.7GB/s)
  [2026-06-12 16:38:39.639] [BW] Path 35121: 13770.6µs (9.8GB/s)
  [2026-06-12 16:38:39.653] [BW] Path 35121: 13036.5µs (10.3GB/s)
  [2026-06-12 16:38:39.663] [BW] Path 35121: 7663.4µs (17.5GB/s)
  [2026-06-12 16:38:39.675] [BW] Path 35121: 10479.2µs (12.8GB/s)
  [2026-06-12 16:38:39.683] [BW] Path 35121: 6804.0µs (19.7GB/s)
  [2026-06-12 16:38:39.702] [BW] Path 35121: 17234.6µs (7.8GB/s)
  [2026-06-12 16:38:40.713] [LAT] Path 20176: 89.4µs (0.1GB/s)
  [2026-06-12 16:38:40.714] [LAT] Path 20176: 77.9µs (0.1GB/s)
  [2026-06-12 16:38:40.723] [BW] Path 20176: 6927.6µs (19.4GB/s)
  [2026-06-12 16:38:40.724] [LAT] Path 20176: 98.3µs (0.0GB/s)
  [2026-06-12 16:38:40.726] [LAT] Path 20176: 90.5µs (0.1GB/s)
  [2026-06-12 16:38:40.727] [LAT] Path 20176: 94.5µs (0.0GB/s)
  [2026-06-12 16:38:40.729] [LAT] Path 20176: 92.6µs (0.0GB/s)
  [2026-06-12 16:38:40.731] [LAT] Path 20176: 75.1µs (0.1GB/s)
  [2026-06-12 16:38:40.732] [LAT] Path 20176: 75.4µs (0.1GB/s)
  [2026-06-12 16:38:40.734] [LAT] Path 20176: 75.1µs (0.1GB/s)
  [2026-06-12 16:38:41.745] [LAT] Path 20176: 152.2µs (0.0GB/s)
  [2026-06-12 16:38:41.746] [LAT] Path 20176: 76.3µs (0.1GB/s)
  [2026-06-12 16:38:41.748] [LAT] Path 20176: 75.5µs (0.1GB/s)
  [2026-06-12 16:38:41.750] [LAT] Path 20176: 76.2µs (0.1GB/s)
  [2026-06-12 16:38:41.751] [LAT] Path 20176: 73.3µs (0.1GB/s)
  [2026-06-12 16:38:41.753] [LAT] Path 20176: 67.5µs (0.1GB/s)
  [2026-06-12 16:38:41.754] [LAT] Path 20176: 94.3µs (0.0GB/s)
  [2026-06-12 16:38:41.756] [LAT] Path 20176: 85.1µs (0.1GB/s)
  [2026-06-12 16:38:41.760] [LAT] Path 20176: 2645.9µs (0.0GB/s)
  [2026-06-12 16:38:41.761] [LAT] Path 20176: 76.5µs (0.1GB/s)
  [2026-06-12 16:38:42.774] [LAT] Path 20176: 2287.6µs (0.0GB/s)
  [2026-06-12 16:38:42.776] [LAT] Path 20176: 83.9µs (0.1GB/s)
  [2026-06-12 16:38:42.784] [BW] Path 20176: 6760.3µs (19.9GB/s)
  [2026-06-12 16:38:42.796] [BW] Path 20176: 11148.1µs (12.0GB/s)
  [2026-06-12 16:38:42.805] [BW] Path 20176: 6974.4µs (19.2GB/s)
  [2026-06-12 16:38:42.823] [BW] Path 20176: 16756.5µs (8.0GB/s)
  [2026-06-12 16:38:42.831] [BW] Path 20176: 6908.5µs (19.4GB/s)
  [2026-06-12 16:38:42.848] [BW] Path 20176: 15538.9µs (8.6GB/s)
  [2026-06-12 16:38:42.858] [BW] Path 20176: 7592.8µs (17.7GB/s)
  [2026-06-12 16:38:42.859] [LAT] Path 20176: 88.3µs (0.1GB/s)
  [2026-06-12 16:38:43.889] [BW] Path 35121: 19883.1µs (6.8GB/s)
  [2026-06-12 16:38:43.913] [BW] Path 35121: 22418.7µs (6.0GB/s)
  [2026-06-12 16:38:43.915] [LAT] Path 35121: 113.3µs (0.0GB/s)
  [2026-06-12 16:38:43.916] [LAT] Path 35121: 75.8µs (0.1GB/s)
  [2026-06-12 16:38:43.918] [LAT] Path 35121: 72.9µs (0.1GB/s)
  [2026-06-12 16:38:43.923] [LAT] Path 35121: 3564.4µs (0.0GB/s)
  [2026-06-12 16:38:43.925] [LAT] Path 35121: 95.2µs (0.0GB/s)
  [2026-06-12 16:38:43.926] [LAT] Path 35121: 94.5µs (0.0GB/s)
  [2026-06-12 16:38:43.928] [LAT] Path 35121: 92.8µs (0.0GB/s)
  [2026-06-12 16:38:43.929] [LAT] Path 35121: 94.2µs (0.0GB/s)
  [2026-06-12 16:38:44.941] [LAT] Path 35121: 137.5µs (0.0GB/s)
  [2026-06-12 16:38:44.942] [LAT] Path 35121: 78.6µs (0.1GB/s)
  [2026-06-12 16:38:44.944] [LAT] Path 35121: 78.4µs (0.1GB/s)
  [2026-06-12 16:38:44.950] [LAT] Path 35121: 4533.5µs (0.0GB/s)
  [2026-06-12 16:38:44.951] [LAT] Path 35121: 89.5µs (0.1GB/s)
  [2026-06-12 16:38:44.953] [LAT] Path 35121: 87.5µs (0.1GB/s)
  [2026-06-12 16:38:44.954] [LAT] Path 35121: 97.5µs (0.0GB/s)
  [2026-06-12 16:38:44.963] [BW] Path 35121: 7368.5µs (18.2GB/s)
  [2026-06-12 16:38:44.975] [BW] Path 35121: 9769.8µs (13.7GB/s)
  [2026-06-12 16:38:44.983] [BW] Path 35121: 6683.8µs (20.1GB/s)
  [2026-06-12 16:38:46.010] [BW] Path 35121: 16890.7µs (8.0GB/s)
  [2026-06-12 16:38:46.023] [BW] Path 35121: 11707.0µs (11.5GB/s)
  [2026-06-12 16:38:46.035] [BW] Path 35121: 10025.5µs (13.4GB/s)
  [2026-06-12 16:38:46.045] [BW] Path 35121: 8512.8µs (15.8GB/s)
  [2026-06-12 16:38:46.055] [BW] Path 35121: 8652.1µs (15.5GB/s)
  [2026-06-12 16:38:46.069] [BW] Path 35121: 12779.8µs (10.5GB/s)
  [2026-06-12 16:38:46.071] [LAT] Path 35121: 94.3µs (0.0GB/s)
  [2026-06-12 16:38:46.072] [LAT] Path 35121: 77.4µs (0.1GB/s)
  [2026-06-12 16:38:46.074] [LAT] Path 35121: 75.2µs (0.1GB/s)
  [2026-06-12 16:38:46.080] [LAT] Path 35121: 4859.5µs (0.0GB/s)
  [2026-06-12 16:38:47.091] [LAT] Path 20176: 105.2µs (0.0GB/s)
  [2026-06-12 16:38:47.092] [LAT] Path 20176: 74.3µs (0.1GB/s)
  [2026-06-12 16:38:47.094] [LAT] Path 20176: 76.9µs (0.1GB/s)
  [2026-06-12 16:38:47.096] [LAT] Path 20176: 73.3µs (0.1GB/s)
  [2026-06-12 16:38:47.097] [LAT] Path 20176: 94.3µs (0.0GB/s)
  [2026-06-12 16:38:47.099] [LAT] Path 20176: 94.1µs (0.0GB/s)
  [2026-06-12 16:38:47.100] [LAT] Path 20176: 92.3µs (0.0GB/s)
  [2026-06-12 16:38:47.102] [LAT] Path 20176: 92.0µs (0.0GB/s)
  [2026-06-12 16:38:47.103] [LAT] Path 20176: 95.8µs (0.0GB/s)
  [2026-06-12 16:38:47.105] [LAT] Path 20176: 75.2µs (0.1GB/s)
  [2026-06-12 16:38:48.127] [BW] Path 35121: 11605.1µs (11.6GB/s)
  [2026-06-12 16:38:48.137] [BW] Path 35121: 7873.0µs (17.1GB/s)
  [2026-06-12 16:38:48.148] [BW] Path 35121: 10274.1µs (13.1GB/s)
  [2026-06-12 16:38:48.157] [BW] Path 35121: 6795.6µs (19.8GB/s)
  [2026-06-12 16:38:48.170] [BW] Path 35121: 11718.2µs (11.4GB/s)
  [2026-06-12 16:38:48.181] [BW] Path 35121: 9637.4µs (13.9GB/s)
  [2026-06-12 16:38:48.200] [BW] Path 35121: 17782.1µs (7.5GB/s)
  [2026-06-12 16:38:48.209] [BW] Path 35121: 7169.5µs (18.7GB/s)
  [2026-06-12 16:38:48.221] [BW] Path 35121: 10245.5µs (13.1GB/s)
  [2026-06-12 16:38:48.230] [BW] Path 35121: 7746.5µs (17.3GB/s)
  [2026-06-12 16:38:49.247] [BW] Path 35121: 6545.6µs (20.5GB/s)
  [2026-06-12 16:38:49.249] [LAT] Path 35121: 92.7µs (0.0GB/s)
  [2026-06-12 16:38:49.250] [LAT] Path 35121: 91.5µs (0.0GB/s)
  [2026-06-12 16:38:49.252] [LAT] Path 35121: 95.8µs (0.0GB/s)
  [2026-06-12 16:38:49.253] [LAT] Path 35121: 95.7µs (0.0GB/s)
  [2026-06-12 16:38:49.255] [LAT] Path 35121: 93.0µs (0.0GB/s)
  [2026-06-12 16:38:49.257] [LAT] Path 35121: 79.6µs (0.1GB/s)
  [2026-06-12 16:38:49.258] [LAT] Path 35121: 76.1µs (0.1GB/s)
  [2026-06-12 16:38:49.260] [LAT] Path 35121: 74.2µs (0.1GB/s)
  [2026-06-12 16:38:49.261] [LAT] Path 35121: 79.8µs (0.1GB/s)
  [2026-06-12 16:38:50.272] [LAT] Path 35121: 81.3µs (0.1GB/s)
  [2026-06-12 16:38:50.273] [LAT] Path 35121: 74.7µs (0.1GB/s)
  [2026-06-12 16:38:50.275] [LAT] Path 35121: 73.5µs (0.1GB/s)
  [2026-06-12 16:38:50.276] [LAT] Path 35121: 75.0µs (0.1GB/s)
  [2026-06-12 16:38:50.278] [LAT] Path 35121: 72.8µs (0.1GB/s)
  [2026-06-12 16:38:50.279] [LAT] Path 35121: 88.7µs (0.1GB/s)
  [2026-06-12 16:38:50.281] [LAT] Path 35121: 85.7µs (0.1GB/s)
  [2026-06-12 16:38:50.282] [LAT] Path 35121: 86.3µs (0.1GB/s)
  [2026-06-12 16:38:50.284] [LAT] Path 35121: 85.5µs (0.1GB/s)
  [2026-06-12 16:38:50.291] [LAT] Path 35121: 5653.1µs (0.0GB/s)
  [2026-06-12 16:38:51.311] [BW] Path 20176: 9338.9µs (14.4GB/s)
  [2026-06-12 16:38:51.322] [BW] Path 20176: 9624.2µs (13.9GB/s)
  [2026-06-12 16:38:51.331] [BW] Path 20176: 7248.8µs (18.5GB/s)
  [2026-06-12 16:38:51.343] [BW] Path 20176: 10586.5µs (12.7GB/s)
  [2026-06-12 16:38:51.354] [BW] Path 20176: 9493.2µs (14.1GB/s)
  [2026-06-12 16:38:51.374] [BW] Path 20176: 18133.2µs (7.4GB/s)
  [2026-06-12 16:38:51.383] [BW] Path 20176: 7964.1µs (16.9GB/s)
  [2026-06-12 16:38:51.396] [BW] Path 20176: 11068.2µs (12.1GB/s)
  [2026-06-12 16:38:51.397] [LAT] Path 20176: 80.5µs (0.1GB/s)
  [2026-06-12 16:38:51.406] [BW] Path 20176: 7607.1µs (17.6GB/s)
  [2026-06-12 16:38:52.417] [LAT] Path 35121: 145.1µs (0.0GB/s)
  [2026-06-12 16:38:52.419] [LAT] Path 35121: 101.2µs (0.0GB/s)
  [2026-06-12 16:38:52.421] [LAT] Path 35121: 90.8µs (0.1GB/s)
  [2026-06-12 16:38:52.422] [LAT] Path 35121: 93.5µs (0.0GB/s)
  [2026-06-12 16:38:52.424] [LAT] Path 35121: 100.2µs (0.0GB/s)
  [2026-06-12 16:38:52.425] [LAT] Path 35121: 98.7µs (0.0GB/s)
  [2026-06-12 16:38:52.427] [LAT] Path 35121: 73.5µs (0.1GB/s)
  [2026-06-12 16:38:52.429] [LAT] Path 35121: 76.1µs (0.1GB/s)
  [2026-06-12 16:38:52.430] [LAT] Path 35121: 75.1µs (0.1GB/s)
  [2026-06-12 16:38:52.432] [LAT] Path 35121: 75.6µs (0.1GB/s)
  [2026-06-12 16:38:53.442] [LAT] Path 35121: 109.4µs (0.0GB/s)
  [2026-06-12 16:38:53.450] [BW] Path 35121: 6591.1µs (20.4GB/s)
  [2026-06-12 16:38:53.462] [BW] Path 35121: 10676.3µs (12.6GB/s)
  [2026-06-12 16:38:53.470] [BW] Path 35121: 6661.0µs (20.1GB/s)
  [2026-06-12 16:38:53.472] [LAT] Path 35121: 92.6µs (0.0GB/s)
  [2026-06-12 16:38:53.474] [LAT] Path 35121: 87.5µs (0.1GB/s)
  [2026-06-12 16:38:53.475] [LAT] Path 35121: 114.7µs (0.0GB/s)
  [2026-06-12 16:38:53.477] [LAT] Path 35121: 105.8µs (0.0GB/s)
  [2026-06-12 16:38:53.485] [BW] Path 35121: 6848.0µs (19.6GB/s)
  [2026-06-12 16:38:53.497] [BW] Path 35121: 10263.7µs (13.1GB/s)
  [2026-06-12 16:38:54.526] [BW] Path 20176: 18468.3µs (7.3GB/s)
  [2026-06-12 16:38:54.537] [BW] Path 20176: 10077.3µs (13.3GB/s)
  [2026-06-12 16:38:54.552] [BW] Path 20176: 12641.4µs (10.6GB/s)
  [2026-06-12 16:38:54.561] [BW] Path 20176: 8158.3µs (16.4GB/s)
  [2026-06-12 16:38:54.563] [LAT] Path 20176: 93.9µs (0.0GB/s)
  [2026-06-12 16:38:54.564] [LAT] Path 20176: 87.5µs (0.1GB/s)
  [2026-06-12 16:38:54.566] [LAT] Path 20176: 77.8µs (0.1GB/s)
  [2026-06-12 16:38:54.568] [LAT] Path 20176: 78.7µs (0.1GB/s)
  [2026-06-12 16:38:54.569] [LAT] Path 20176: 74.8µs (0.1GB/s)
  [2026-06-12 16:38:54.571] [LAT] Path 20176: 74.3µs (0.1GB/s)
  [2026-06-12 16:38:55.581] [LAT] Path 20176: 104.3µs (0.0GB/s)
  [2026-06-12 16:38:55.583] [LAT] Path 20176: 76.7µs (0.1GB/s)
  [2026-06-12 16:38:55.585] [LAT] Path 20176: 75.7µs (0.1GB/s)
  [2026-06-12 16:38:55.586] [LAT] Path 20176: 76.1µs (0.1GB/s)
  [2026-06-12 16:38:55.588] [LAT] Path 20176: 75.3µs (0.1GB/s)
  [2026-06-12 16:38:55.589] [LAT] Path 20176: 89.9µs (0.1GB/s)
  [2026-06-12 16:38:55.591] [LAT] Path 20176: 88.0µs (0.1GB/s)
  [2026-06-12 16:38:55.593] [LAT] Path 20176: 87.9µs (0.1GB/s)
  [2026-06-12 16:38:55.594] [LAT] Path 20176: 89.6µs (0.1GB/s)
  [2026-06-12 16:38:55.596] [LAT] Path 20176: 77.3µs (0.1GB/s)
  [2026-06-12 16:38:56.606] [LAT] Path 20176: 92.0µs (0.0GB/s)
  [2026-06-12 16:38:56.609] [LAT] Path 20176: 1114.3µs (0.0GB/s)
  [2026-06-12 16:38:56.610] [LAT] Path 20176: 77.8µs (0.1GB/s)
  [2026-06-12 16:38:56.612] [LAT] Path 20176: 75.1µs (0.1GB/s)
  [2026-06-12 16:38:56.627] [BW] Path 20176: 13293.0µs (10.1GB/s)
  [2026-06-12 16:38:56.635] [BW] Path 20176: 6889.7µs (19.5GB/s)
  [2026-06-12 16:38:56.637] [LAT] Path 20176: 90.5µs (0.1GB/s)
  [2026-06-12 16:38:56.638] [LAT] Path 20176: 166.6µs (0.0GB/s)
  [2026-06-12 16:38:56.649] [BW] Path 20176: 8714.4µs (15.4GB/s)
  [2026-06-12 16:38:56.659] [BW] Path 20176: 9363.5µs (14.3GB/s)
  [2026-06-12 16:38:57.678] [BW] Path 20176: 7641.8µs (17.6GB/s)
  [2026-06-12 16:38:57.689] [BW] Path 20176: 9458.3µs (14.2GB/s)
  [2026-06-12 16:38:57.704] [BW] Path 20176: 14031.2µs (9.6GB/s)
  [2026-06-12 16:38:57.717] [BW] Path 20176: 10852.2µs (12.4GB/s)
  [2026-06-12 16:38:57.718] [LAT] Path 20176: 80.2µs (0.1GB/s)
  [2026-06-12 16:38:57.720] [LAT] Path 20176: 76.1µs (0.1GB/s)
  [2026-06-12 16:38:57.722] [LAT] Path 20176: 77.1µs (0.1GB/s)
  [2026-06-12 16:38:57.723] [LAT] Path 20176: 94.7µs (0.0GB/s)
  [2026-06-12 16:38:57.725] [LAT] Path 20176: 94.1µs (0.0GB/s)
  [2026-06-12 16:38:57.726] [LAT] Path 20176: 90.7µs (0.1GB/s)
  [2026-06-12 16:38:58.745] [BW] Path 35121: 7934.3µs (16.9GB/s)
  [2026-06-12 16:38:58.755] [BW] Path 35121: 8337.1µs (16.1GB/s)
  [2026-06-12 16:38:58.765] [BW] Path 35121: 8923.5µs (15.0GB/s)
  [2026-06-12 16:38:58.767] [LAT] Path 35121: 91.2µs (0.0GB/s)
  [2026-06-12 16:38:58.769] [LAT] Path 35121: 490.1µs (0.0GB/s)
  [2026-06-12 16:38:58.770] [LAT] Path 35121: 75.9µs (0.1GB/s)
  [2026-06-12 16:38:58.772] [LAT] Path 35121: 75.2µs (0.1GB/s)
  [2026-06-12 16:38:58.774] [LAT] Path 35121: 773.4µs (0.0GB/s)
  [2026-06-12 16:38:58.776] [LAT] Path 35121: 93.0µs (0.0GB/s)
  [2026-06-12 16:38:58.777] [LAT] Path 35121: 105.5µs (0.0GB/s)
  [2026-06-12 16:38:59.788] [LAT] Path 35121: 108.8µs (0.0GB/s)
  [2026-06-12 16:38:59.790] [LAT] Path 35121: 75.6µs (0.1GB/s)
  [2026-06-12 16:38:59.807] [BW] Path 35121: 15930.4µs (8.4GB/s)
  [2026-06-12 16:38:59.818] [BW] Path 35121: 8754.1µs (15.3GB/s)
  [2026-06-12 16:38:59.830] [BW] Path 35121: 10598.5µs (12.7GB/s)
  [2026-06-12 16:38:59.838] [BW] Path 35121: 6801.9µs (19.7GB/s)
  [2026-06-12 16:38:59.852] [BW] Path 35121: 12226.5µs (11.0GB/s)
  [2026-06-12 16:38:59.861] [BW] Path 35121: 7566.5µs (17.7GB/s)
  [2026-06-12 16:38:59.881] [BW] Path 35121: 18749.1µs (7.2GB/s)
  [2026-06-12 16:38:59.891] [BW] Path 35121: 8165.3µs (16.4GB/s)
  [2026-06-12 16:39:00.920] [BW] Path 35121: 18034.9µs (7.4GB/s)
  [2026-06-12 16:39:00.940] [BW] Path 35121: 18735.6µs (7.2GB/s)
  [2026-06-12 16:39:00.963] [BW] Path 35121: 20925.7µs (6.4GB/s)
  [2026-06-12 16:39:00.964] [LAT] Path 35121: 79.8µs (0.1GB/s)
  [2026-06-12 16:39:00.966] [LAT] Path 35121: 77.2µs (0.1GB/s)
  [2026-06-12 16:39:00.968] [LAT] Path 35121: 78.6µs (0.1GB/s)
  [2026-06-12 16:39:00.969] [LAT] Path 35121: 87.8µs (0.1GB/s)
  [2026-06-12 16:39:00.971] [LAT] Path 35121: 115.5µs (0.0GB/s)
  [2026-06-12 16:39:00.982] [LAT] Path 35121: 9223.7µs (0.0GB/s)
  [2026-06-12 16:39:00.983] [LAT] Path 35121: 78.8µs (0.1GB/s)
  [2026-06-12 16:39:01.995] [LAT] Path 20176: 144.0µs (0.0GB/s)
  [2026-06-12 16:39:01.996] [LAT] Path 20176: 87.4µs (0.1GB/s)
  [2026-06-12 16:39:01.998] [LAT] Path 20176: 84.6µs (0.1GB/s)
  [2026-06-12 16:39:01.999] [LAT] Path 20176: 86.1µs (0.1GB/s)
  [2026-06-12 16:39:02.007] [LAT] Path 20176: 6290.5µs (0.0GB/s)
  [2026-06-12 16:39:02.009] [LAT] Path 20176: 89.0µs (0.1GB/s)
  [2026-06-12 16:39:02.010] [LAT] Path 20176: 84.7µs (0.1GB/s)
  [2026-06-12 16:39:02.012] [LAT] Path 20176: 86.8µs (0.1GB/s)
  [2026-06-12 16:39:02.014] [LAT] Path 20176: 84.2µs (0.1GB/s)
  [2026-06-12 16:39:02.015] [LAT] Path 20176: 70.1µs (0.1GB/s)
  [2026-06-12 16:39:03.025] [LAT] Path 35121: 77.7µs (0.1GB/s)
  [2026-06-12 16:39:03.027] [LAT] Path 35121: 74.9µs (0.1GB/s)
  [2026-06-12 16:39:03.029] [LAT] Path 35121: 108.9µs (0.0GB/s)
  [2026-06-12 16:39:03.040] [BW] Path 35121: 9536.7µs (14.1GB/s)
  [2026-06-12 16:39:03.055] [BW] Path 35121: 13543.5µs (9.9GB/s)
  [2026-06-12 16:39:03.069] [BW] Path 35121: 13039.2µs (10.3GB/s)
  [2026-06-12 16:39:03.084] [BW] Path 35121: 13328.7µs (10.1GB/s)
  [2026-06-12 16:39:03.086] [LAT] Path 35121: 110.0µs (0.0GB/s)
  [2026-06-12 16:39:03.094] [BW] Path 35121: 6792.6µs (19.8GB/s)
  [2026-06-12 16:39:03.106] [BW] Path 35121: 10736.4µs (12.5GB/s)
  [2026-06-12 16:39:04.117] [LAT] Path 35121: 113.2µs (0.0GB/s)
  [2026-06-12 16:39:04.119] [LAT] Path 35121: 77.8µs (0.1GB/s)
  [2026-06-12 16:39:04.120] [LAT] Path 35121: 82.1µs (0.1GB/s)
  [2026-06-12 16:39:04.122] [LAT] Path 35121: 100.7µs (0.0GB/s)
  [2026-06-12 16:39:04.124] [LAT] Path 35121: 94.6µs (0.0GB/s)
  [2026-06-12 16:39:04.125] [LAT] Path 35121: 94.5µs (0.0GB/s)
  [2026-06-12 16:39:04.127] [LAT] Path 35121: 91.4µs (0.0GB/s)
  [2026-06-12 16:39:04.128] [LAT] Path 35121: 78.5µs (0.1GB/s)
  [2026-06-12 16:39:04.135] [LAT] Path 35121: 5217.0µs (0.0GB/s)
  [2026-06-12 16:39:04.137] [LAT] Path 35121: 81.0µs (0.1GB/s)
  [2026-06-12 16:39:05.147] [LAT] Path 35121: 163.7µs (0.0GB/s)
  [2026-06-12 16:39:05.149] [LAT] Path 35121: 89.7µs (0.1GB/s)
  [2026-06-12 16:39:05.150] [LAT] Path 35121: 86.7µs (0.1GB/s)
  [2026-06-12 16:39:05.152] [LAT] Path 35121: 75.1µs (0.1GB/s)
  [2026-06-12 16:39:05.153] [LAT] Path 35121: 74.2µs (0.1GB/s)
  [2026-06-12 16:39:05.157] [LAT] Path 35121: 1987.2µs (0.0GB/s)
  [2026-06-12 16:39:05.158] [LAT] Path 35121: 91.1µs (0.0GB/s)
  [2026-06-12 16:39:05.172] [BW] Path 35121: 11588.9µs (11.6GB/s)
  [2026-06-12 16:39:05.181] [BW] Path 35121: 7621.1µs (17.6GB/s)
  [2026-06-12 16:39:05.191] [BW] Path 35121: 8660.7µs (15.5GB/s)
  [2026-06-12 16:39:06.204] [LAT] Path 20176: 2501.0µs (0.0GB/s)
  [2026-06-12 16:39:06.215] [BW] Path 20176: 9755.1µs (13.8GB/s)
  [2026-06-12 16:39:06.228] [BW] Path 20176: 11258.2µs (11.9GB/s)
  [2026-06-12 16:39:06.230] [LAT] Path 20176: 77.7µs (0.1GB/s)
  [2026-06-12 16:39:06.233] [LAT] Path 20176: 1306.6µs (0.0GB/s)
  [2026-06-12 16:39:06.235] [LAT] Path 20176: 655.7µs (0.0GB/s)
  [2026-06-12 16:39:06.236] [LAT] Path 20176: 88.0µs (0.1GB/s)
  [2026-06-12 16:39:06.238] [LAT] Path 20176: 87.2µs (0.1GB/s)
  [2026-06-12 16:39:06.240] [LAT] Path 20176: 838.6µs (0.0GB/s)
  [2026-06-12 16:39:06.242] [LAT] Path 20176: 78.6µs (0.1GB/s)
  [2026-06-12 16:39:07.253] [LAT] Path 20176: 163.8µs (0.0GB/s)
  [2026-06-12 16:39:07.254] [LAT] Path 20176: 103.4µs (0.0GB/s)
  [2026-06-12 16:39:07.256] [LAT] Path 20176: 94.0µs (0.0GB/s)
  [2026-06-12 16:39:07.258] [LAT] Path 20176: 92.1µs (0.0GB/s)
  [2026-06-12 16:39:07.259] [LAT] Path 20176: 75.1µs (0.1GB/s)
  [2026-06-12 16:39:07.261] [LAT] Path 20176: 74.9µs (0.1GB/s)
  [2026-06-12 16:39:07.262] [LAT] Path 20176: 74.8µs (0.1GB/s)
  [2026-06-12 16:39:07.264] [LAT] Path 20176: 74.5µs (0.1GB/s)
  [2026-06-12 16:39:07.266] [LAT] Path 20176: 75.1µs (0.1GB/s)
  [2026-06-12 16:39:07.267] [LAT] Path 20176: 68.7µs (0.1GB/s)
  [2026-06-12 16:39:08.286] [BW] Path 35121: 8955.1µs (15.0GB/s)
  [2026-06-12 16:39:08.296] [BW] Path 35121: 8324.0µs (16.1GB/s)
  [2026-06-12 16:39:08.306] [BW] Path 35121: 7941.3µs (16.9GB/s)
  [2026-06-12 16:39:08.307] [LAT] Path 35121: 77.7µs (0.1GB/s)
  [2026-06-12 16:39:08.309] [LAT] Path 35121: 77.6µs (0.1GB/s)
  [2026-06-12 16:39:08.311] [LAT] Path 35121: 109.0µs (0.0GB/s)
  [2026-06-12 16:39:08.312] [LAT] Path 35121: 101.3µs (0.0GB/s)
  [2026-06-12 16:39:08.323] [BW] Path 35121: 9157.8µs (14.7GB/s)
  [2026-06-12 16:39:08.332] [BW] Path 35121: 8124.9µs (16.5GB/s)
  [2026-06-12 16:39:08.342] [BW] Path 35121: 8138.1µs (16.5GB/s)
  [2026-06-12 16:39:09.353] [LAT] Path 20176: 95.3µs (0.0GB/s)
  [2026-06-12 16:39:09.362] [BW] Path 20176: 7788.6µs (17.2GB/s)
  [2026-06-12 16:39:09.364] [LAT] Path 20176: 76.6µs (0.1GB/s)
  [2026-06-12 16:39:09.365] [LAT] Path 20176: 181.7µs (0.0GB/s)
  [2026-06-12 16:39:09.367] [LAT] Path 20176: 150.7µs (0.0GB/s)
  [2026-06-12 16:39:09.369] [LAT] Path 20176: 89.4µs (0.1GB/s)
  [2026-06-12 16:39:09.370] [LAT] Path 20176: 85.4µs (0.1GB/s)
  [2026-06-12 16:39:09.378] [LAT] Path 20176: 5889.3µs (0.0GB/s)
  [2026-06-12 16:39:09.380] [LAT] Path 20176: 675.2µs (0.0GB/s)
  [2026-06-12 16:39:09.381] [LAT] Path 20176: 86.7µs (0.1GB/s)
  [2026-06-12 16:39:10.409] [BW] Path 35121: 17548.8µs (7.7GB/s)
  [2026-06-12 16:39:10.422] [BW] Path 35121: 11275.0µs (11.9GB/s)
  [2026-06-12 16:39:10.424] [LAT] Path 35121: 95.2µs (0.0GB/s)
  [2026-06-12 16:39:10.425] [LAT] Path 35121: 97.0µs (0.0GB/s)
  [2026-06-12 16:39:10.427] [LAT] Path 35121: 71.9µs (0.1GB/s)
  [2026-06-12 16:39:10.428] [LAT] Path 35121: 75.2µs (0.1GB/s)
  [2026-06-12 16:39:10.430] [LAT] Path 35121: 72.1µs (0.1GB/s)
  [2026-06-12 16:39:10.432] [LAT] Path 35121: 73.5µs (0.1GB/s)
  [2026-06-12 16:39:10.433] [LAT] Path 35121: 72.9µs (0.1GB/s)
  [2026-06-12 16:39:10.435] [LAT] Path 35121: 72.4µs (0.1GB/s)
  [2026-06-12 16:39:11.454] [BW] Path 35121: 8803.6µs (15.2GB/s)
  [2026-06-12 16:39:11.456] [LAT] Path 35121: 76.0µs (0.1GB/s)
  [2026-06-12 16:39:11.458] [LAT] Path 35121: 529.1µs (0.0GB/s)
  [2026-06-12 16:39:11.461] [LAT] Path 35121: 1586.2µs (0.0GB/s)
  [2026-06-12 16:39:11.462] [LAT] Path 35121: 110.3µs (0.0GB/s)
  [2026-06-12 16:39:11.464] [LAT] Path 35121: 84.2µs (0.1GB/s)
  [2026-06-12 16:39:11.473] [BW] Path 35121: 7664.1µs (17.5GB/s)
  [2026-06-12 16:39:11.484] [BW] Path 35121: 9574.3µs (14.0GB/s)
  [2026-06-12 16:39:11.493] [BW] Path 35121: 6794.9µs (19.8GB/s)
  [2026-06-12 16:39:11.508] [BW] Path 35121: 13933.4µs (9.6GB/s)
  [2026-06-12 16:39:12.519] [LAT] Path 20176: 132.2µs (0.0GB/s)
  [2026-06-12 16:39:12.521] [LAT] Path 20176: 88.5µs (0.1GB/s)
  [2026-06-12 16:39:12.522] [LAT] Path 20176: 76.8µs (0.1GB/s)
  [2026-06-12 16:39:12.524] [LAT] Path 20176: 74.3µs (0.1GB/s)
  [2026-06-12 16:39:12.525] [LAT] Path 20176: 73.7µs (0.1GB/s)
  [2026-06-12 16:39:12.527] [LAT] Path 20176: 74.6µs (0.1GB/s)
  [2026-06-12 16:39:12.529] [LAT] Path 20176: 74.8µs (0.1GB/s)
  [2026-06-12 16:39:12.530] [LAT] Path 20176: 85.7µs (0.1GB/s)
  [2026-06-12 16:39:12.532] [LAT] Path 20176: 86.1µs (0.1GB/s)
  [2026-06-12 16:39:12.533] [LAT] Path 20176: 93.9µs (0.0GB/s)
  [2026-06-12 16:39:13.562] [BW] Path 35121: 18006.2µs (7.5GB/s)
  [2026-06-12 16:39:13.574] [BW] Path 35121: 10200.9µs (13.2GB/s)
  [2026-06-12 16:39:13.575] [LAT] Path 35121: 99.8µs (0.0GB/s)
  [2026-06-12 16:39:13.577] [LAT] Path 35121: 92.6µs (0.0GB/s)
  [2026-06-12 16:39:13.579] [LAT] Path 35121: 84.3µs (0.1GB/s)
  [2026-06-12 16:39:13.580] [LAT] Path 35121: 75.8µs (0.1GB/s)
  [2026-06-12 16:39:13.582] [LAT] Path 35121: 73.5µs (0.1GB/s)
  [2026-06-12 16:39:13.583] [LAT] Path 35121: 73.1µs (0.1GB/s)
  [2026-06-12 16:39:13.585] [LAT] Path 35121: 73.6µs (0.1GB/s)
  [2026-06-12 16:39:13.586] [LAT] Path 35121: 72.7µs (0.1GB/s)
  [2026-06-12 16:39:14.606] [BW] Path 35121: 9399.9µs (14.3GB/s)
  [2026-06-12 16:39:14.608] [LAT] Path 35121: 75.4µs (0.1GB/s)
  [2026-06-12 16:39:14.609] [LAT] Path 35121: 73.9µs (0.1GB/s)
  [2026-06-12 16:39:14.611] [LAT] Path 35121: 73.3µs (0.1GB/s)
  [2026-06-12 16:39:14.613] [LAT] Path 35121: 88.3µs (0.1GB/s)
  [2026-06-12 16:39:14.614] [LAT] Path 35121: 86.3µs (0.1GB/s)
  [2026-06-12 16:39:14.626] [BW] Path 35121: 10084.6µs (13.3GB/s)
  [2026-06-12 16:39:14.637] [BW] Path 35121: 9494.5µs (14.1GB/s)
  [2026-06-12 16:39:14.645] [BW] Path 35121: 6856.3µs (19.6GB/s)
  [2026-06-12 16:39:14.657] [BW] Path 35121: 10626.6µs (12.6GB/s)
  [2026-06-12 16:39:15.680] [BW] Path 35121: 12278.8µs (10.9GB/s)
  [2026-06-12 16:39:15.689] [BW] Path 35121: 7260.2µs (18.5GB/s)
  [2026-06-12 16:39:15.700] [BW] Path 35121: 9854.8µs (13.6GB/s)
  [2026-06-12 16:39:15.710] [BW] Path 35121: 8680.4µs (15.5GB/s)
  [2026-06-12 16:39:15.723] [BW] Path 35121: 11304.6µs (11.9GB/s)
  [2026-06-12 16:39:15.725] [LAT] Path 35121: 76.6µs (0.1GB/s)
  [2026-06-12 16:39:15.726] [LAT] Path 35121: 74.2µs (0.1GB/s)
  [2026-06-12 16:39:15.728] [LAT] Path 35121: 181.8µs (0.0GB/s)
  [2026-06-12 16:39:15.730] [LAT] Path 35121: 92.7µs (0.0GB/s)
  [2026-06-12 16:39:15.731] [LAT] Path 35121: 92.2µs (0.0GB/s)
  [2026-06-12 16:39:16.742] [LAT] Path 35121: 107.2µs (0.0GB/s)
  [2026-06-12 16:39:16.744] [LAT] Path 35121: 78.4µs (0.1GB/s)
  [2026-06-12 16:39:16.745] [LAT] Path 35121: 74.4µs (0.1GB/s)
  [2026-06-12 16:39:16.747] [LAT] Path 35121: 74.0µs (0.1GB/s)
  [2026-06-12 16:39:16.748] [LAT] Path 35121: 73.7µs (0.1GB/s)
  [2026-06-12 16:39:16.750] [LAT] Path 35121: 72.0µs (0.1GB/s)
  [2026-06-12 16:39:16.752] [LAT] Path 35121: 86.0µs (0.1GB/s)
  [2026-06-12 16:39:16.753] [LAT] Path 35121: 88.1µs (0.1GB/s)
  [2026-06-12 16:39:16.755] [LAT] Path 35121: 84.7µs (0.1GB/s)
  [2026-06-12 16:39:16.756] [LAT] Path 35121: 85.2µs (0.1GB/s)
  [2026-06-12 16:39:17.767] [LAT] Path 20176: 101.2µs (0.0GB/s)
  [2026-06-12 16:39:17.768] [LAT] Path 20176: 77.9µs (0.1GB/s)
  [2026-06-12 16:39:17.770] [LAT] Path 20176: 93.4µs (0.0GB/s)
  [2026-06-12 16:39:17.772] [LAT] Path 20176: 86.6µs (0.1GB/s)
  [2026-06-12 16:39:17.773] [LAT] Path 20176: 89.2µs (0.1GB/s)
  [2026-06-12 16:39:17.775] [LAT] Path 20176: 86.3µs (0.1GB/s)
  [2026-06-12 16:39:17.777] [LAT] Path 20176: 81.4µs (0.1GB/s)
  [2026-06-12 16:39:17.778] [LAT] Path 20176: 76.7µs (0.1GB/s)
  [2026-06-12 16:39:17.782] [LAT] Path 20176: 2596.8µs (0.0GB/s)
  [2026-06-12 16:39:17.794] [BW] Path 20176: 10514.8µs (12.8GB/s)
  [2026-06-12 16:39:18.819] [BW] Path 20176: 14281.8µs (9.4GB/s)
  [2026-06-12 16:39:18.828] [BW] Path 20176: 7399.7µs (18.1GB/s)
  [2026-06-12 16:39:18.839] [BW] Path 20176: 9720.6µs (13.8GB/s)
  [2026-06-12 16:39:18.850] [BW] Path 20176: 8675.6µs (15.5GB/s)
  [2026-06-12 16:39:18.851] [LAT] Path 20176: 89.4µs (0.1GB/s)
  [2026-06-12 16:39:18.854] [LAT] Path 20176: 1310.0µs (0.0GB/s)
  [2026-06-12 16:39:18.859] [LAT] Path 20176: 3432.4µs (0.0GB/s)
  [2026-06-12 16:39:18.861] [LAT] Path 20176: 76.4µs (0.1GB/s)
  [2026-06-12 16:39:18.862] [LAT] Path 20176: 75.2µs (0.1GB/s)
  [2026-06-12 16:39:18.864] [LAT] Path 20176: 82.2µs (0.1GB/s)
  [2026-06-12 16:39:19.875] [LAT] Path 35121: 128.9µs (0.0GB/s)
  [2026-06-12 16:39:19.876] [LAT] Path 35121: 76.5µs (0.1GB/s)
  [2026-06-12 16:39:19.878] [LAT] Path 35121: 144.3µs (0.0GB/s)
  [2026-06-12 16:39:19.880] [LAT] Path 35121: 94.1µs (0.0GB/s)
  [2026-06-12 16:39:19.881] [LAT] Path 35121: 94.9µs (0.0GB/s)
  [2026-06-12 16:39:19.883] [LAT] Path 35121: 97.2µs (0.0GB/s)
  [2026-06-12 16:39:19.884] [LAT] Path 35121: 87.4µs (0.1GB/s)
  [2026-06-12 16:39:19.886] [LAT] Path 35121: 92.4µs (0.0GB/s)
  [2026-06-12 16:39:19.888] [LAT] Path 35121: 78.0µs (0.1GB/s)
  [2026-06-12 16:39:19.889] [LAT] Path 35121: 75.2µs (0.1GB/s)
  [2026-06-12 16:39:20.900] [LAT] Path 20176: 878.7µs (0.0GB/s)
  [2026-06-12 16:39:20.902] [LAT] Path 20176: 91.8µs (0.0GB/s)
  [2026-06-12 16:39:20.904] [LAT] Path 20176: 90.1µs (0.1GB/s)
  [2026-06-12 16:39:20.905] [LAT] Path 20176: 108.2µs (0.0GB/s)
  [2026-06-12 16:39:20.907] [LAT] Path 20176: 90.0µs (0.1GB/s)
  [2026-06-12 16:39:20.908] [LAT] Path 20176: 87.5µs (0.1GB/s)
  [2026-06-12 16:39:20.910] [LAT] Path 20176: 87.5µs (0.1GB/s)
  [2026-06-12 16:39:20.911] [LAT] Path 20176: 75.3µs (0.1GB/s)
  [2026-06-12 16:39:20.913] [LAT] Path 20176: 73.7µs (0.1GB/s)
  [2026-06-12 16:39:20.916] [LAT] Path 20176: 1640.3µs (0.0GB/s)
  [2026-06-12 16:39:21.926] [LAT] Path 35121: 126.3µs (0.0GB/s)
  [2026-06-12 16:39:21.942] [BW] Path 35121: 13815.9µs (9.7GB/s)
  [2026-06-12 16:39:21.950] [BW] Path 35121: 6750.8µs (19.9GB/s)
  [2026-06-12 16:39:21.968] [BW] Path 35121: 16165.9µs (8.3GB/s)
  [2026-06-12 16:39:21.977] [BW] Path 35121: 7906.6µs (17.0GB/s)
  [2026-06-12 16:39:21.988] [BW] Path 35121: 9100.6µs (14.8GB/s)
  [2026-06-12 16:39:21.989] [LAT] Path 35121: 80.5µs (0.1GB/s)
  [2026-06-12 16:39:22.001] [BW] Path 35121: 10263.0µs (13.1GB/s)
  [2026-06-12 16:39:22.013] [BW] Path 35121: 10393.0µs (12.9GB/s)
  [2026-06-12 16:39:22.033] [BW] Path 35121: 18987.8µs (7.1GB/s)
  [2026-06-12 16:39:23.045] [LAT] Path 20176: 111.7µs (0.0GB/s)
  [2026-06-12 16:39:23.046] [LAT] Path 20176: 92.2µs (0.0GB/s)
  [2026-06-12 16:39:23.048] [LAT] Path 20176: 104.4µs (0.0GB/s)
  [2026-06-12 16:39:23.056] [LAT] Path 20176: 6561.6µs (0.0GB/s)
  [2026-06-12 16:39:23.058] [LAT] Path 20176: 75.8µs (0.1GB/s)
  [2026-06-12 16:39:23.059] [LAT] Path 20176: 74.3µs (0.1GB/s)
  [2026-06-12 16:39:23.061] [LAT] Path 20176: 75.5µs (0.1GB/s)
  [2026-06-12 16:39:23.062] [LAT] Path 20176: 76.6µs (0.1GB/s)
  [2026-06-12 16:39:23.064] [LAT] Path 20176: 75.1µs (0.1GB/s)
  [2026-06-12 16:39:23.065] [LAT] Path 20176: 76.2µs (0.1GB/s)
  [2026-06-12 16:39:24.077] [LAT] Path 20176: 1129.2µs (0.0GB/s)
  [2026-06-12 16:39:24.078] [LAT] Path 20176: 93.5µs (0.0GB/s)
  [2026-06-12 16:39:24.080] [LAT] Path 20176: 87.1µs (0.1GB/s)
  [2026-06-12 16:39:24.082] [LAT] Path 20176: 87.6µs (0.1GB/s)
  [2026-06-12 16:39:24.083] [LAT] Path 20176: 87.6µs (0.1GB/s)
  [2026-06-12 16:39:24.085] [LAT] Path 20176: 73.4µs (0.1GB/s)
  [2026-06-12 16:39:24.086] [LAT] Path 20176: 75.6µs (0.1GB/s)
  [2026-06-12 16:39:24.088] [LAT] Path 20176: 76.2µs (0.1GB/s)
  [2026-06-12 16:39:24.101] [BW] Path 20176: 12108.3µs (11.1GB/s)
  [2026-06-12 16:39:24.110] [BW] Path 20176: 7146.9µs (18.8GB/s)
  [2026-06-12 16:39:25.127] [BW] Path 20176: 6767.5µs (19.8GB/s)
  [2026-06-12 16:39:25.140] [BW] Path 20176: 11237.0µs (11.9GB/s)
  [2026-06-12 16:39:25.148] [BW] Path 20176: 6774.4µs (19.8GB/s)
  [2026-06-12 16:39:25.168] [BW] Path 20176: 18147.3µs (7.4GB/s)
  [2026-06-12 16:39:25.169] [LAT] Path 20176: 79.4µs (0.1GB/s)
  [2026-06-12 16:39:25.171] [LAT] Path 20176: 75.3µs (0.1GB/s)
  [2026-06-12 16:39:25.175] [LAT] Path 20176: 2229.6µs (0.0GB/s)
  [2026-06-12 16:39:25.176] [LAT] Path 20176: 94.3µs (0.0GB/s)
  [2026-06-12 16:39:25.178] [LAT] Path 20176: 91.4µs (0.0GB/s)
  [2026-06-12 16:39:25.179] [LAT] Path 20176: 93.6µs (0.0GB/s)
  [2026-06-12 16:39:26.203] [BW] Path 35121: 12691.4µs (10.6GB/s)
  [2026-06-12 16:39:26.220] [BW] Path 35121: 15552.7µs (8.6GB/s)
  [2026-06-12 16:39:26.225] [LAT] Path 35121: 3676.7µs (0.0GB/s)
  [2026-06-12 16:39:26.227] [LAT] Path 35121: 90.1µs (0.1GB/s)
  [2026-06-12 16:39:26.228] [LAT] Path 35121: 89.6µs (0.1GB/s)
  [2026-06-12 16:39:26.230] [LAT] Path 35121: 86.8µs (0.1GB/s)
  [2026-06-12 16:39:26.231] [LAT] Path 35121: 89.3µs (0.1GB/s)
  [2026-06-12 16:39:26.233] [LAT] Path 35121: 75.7µs (0.1GB/s)
  [2026-06-12 16:39:26.234] [LAT] Path 35121: 77.1µs (0.1GB/s)
  [2026-06-12 16:39:26.236] [LAT] Path 35121: 76.5µs (0.1GB/s)
  [2026-06-12 16:39:27.253] [BW] Path 35121: 6792.2µs (19.8GB/s)
  [2026-06-12 16:39:27.266] [BW] Path 35121: 10880.2µs (12.3GB/s)
  [2026-06-12 16:39:27.278] [BW] Path 35121: 10614.1µs (12.7GB/s)
  [2026-06-12 16:39:27.294] [BW] Path 35121: 15316.7µs (8.8GB/s)
  [2026-06-12 16:39:27.303] [BW] Path 35121: 7250.0µs (18.5GB/s)
  [2026-06-12 16:39:27.316] [BW] Path 35121: 11449.9µs (11.7GB/s)
  [2026-06-12 16:39:27.324] [BW] Path 35121: 6793.0µs (19.8GB/s)
  [2026-06-12 16:39:27.336] [BW] Path 35121: 10498.6µs (12.8GB/s)
  [2026-06-12 16:39:27.347] [BW] Path 35121: 9975.9µs (13.4GB/s)
  [2026-06-12 16:39:27.365] [BW] Path 35121: 15704.0µs (8.6GB/s)
  [2026-06-12 16:39:28.383] [BW] Path 35121: 7922.9µs (16.9GB/s)
  [2026-06-12 16:39:28.402] [BW] Path 35121: 17609.6µs (7.6GB/s)
  [2026-06-12 16:39:28.426] [BW] Path 35121: 22142.0µs (6.1GB/s)
  [2026-06-12 16:39:28.427] [LAT] Path 35121: 84.7µs (0.1GB/s)
  [2026-06-12 16:39:28.429] [LAT] Path 35121: 102.9µs (0.0GB/s)
  [2026-06-12 16:39:28.430] [LAT] Path 35121: 89.3µs (0.1GB/s)
  [2026-06-12 16:39:28.432] [LAT] Path 35121: 74.6µs (0.1GB/s)
  [2026-06-12 16:39:28.433] [LAT] Path 35121: 73.5µs (0.1GB/s)
  [2026-06-12 16:39:28.435] [LAT] Path 35121: 73.2µs (0.1GB/s)
  [2026-06-12 16:39:28.436] [LAT] Path 35121: 73.2µs (0.1GB/s)
  [2026-06-12 16:39:29.447] [LAT] Path 35121: 138.7µs (0.0GB/s)
  [2026-06-12 16:39:29.449] [LAT] Path 35121: 86.4µs (0.1GB/s)
  [2026-06-12 16:39:29.450] [LAT] Path 35121: 86.3µs (0.1GB/s)
  [2026-06-12 16:39:29.452] [LAT] Path 35121: 74.5µs (0.1GB/s)
  [2026-06-12 16:39:29.453] [LAT] Path 35121: 74.1µs (0.1GB/s)
  [2026-06-12 16:39:29.455] [LAT] Path 35121: 72.5µs (0.1GB/s)
  [2026-06-12 16:39:29.456] [LAT] Path 35121: 76.3µs (0.1GB/s)
  [2026-06-12 16:39:29.458] [LAT] Path 35121: 89.1µs (0.1GB/s)
  [2026-06-12 16:39:29.460] [LAT] Path 35121: 88.5µs (0.1GB/s)
  [2026-06-12 16:39:29.461] [LAT] Path 35121: 85.3µs (0.1GB/s)
  [2026-06-12 16:39:30.471] [LAT] Path 35121: 97.8µs (0.0GB/s)
  [2026-06-12 16:39:30.482] [BW] Path 35121: 9345.5µs (14.4GB/s)
  [2026-06-12 16:39:30.498] [BW] Path 35121: 14734.4µs (9.1GB/s)
  [2026-06-12 16:39:30.511] [BW] Path 35121: 11310.6µs (11.9GB/s)
  [2026-06-12 16:39:30.525] [BW] Path 35121: 12666.0µs (10.6GB/s)
  [2026-06-12 16:39:30.534] [BW] Path 35121: 7564.6µs (17.7GB/s)
  [2026-06-12 16:39:30.546] [BW] Path 35121: 10420.0µs (12.9GB/s)
  [2026-06-12 16:39:30.555] [BW] Path 35121: 6817.3µs (19.7GB/s)
  [2026-06-12 16:39:30.574] [BW] Path 35121: 17642.5µs (7.6GB/s)
  [2026-06-12 16:39:30.585] [BW] Path 35121: 9447.1µs (14.2GB/s)
  [2026-06-12 16:39:31.595] [LAT] Path 20176: 94.2µs (0.0GB/s)
  [2026-06-12 16:39:31.597] [LAT] Path 20176: 83.2µs (0.1GB/s)
  [2026-06-12 16:39:31.598] [LAT] Path 20176: 75.7µs (0.1GB/s)
  [2026-06-12 16:39:31.600] [LAT] Path 20176: 74.6µs (0.1GB/s)
  [2026-06-12 16:39:31.601] [LAT] Path 20176: 73.6µs (0.1GB/s)
  [2026-06-12 16:39:31.603] [LAT] Path 20176: 72.5µs (0.1GB/s)
  [2026-06-12 16:39:31.604] [LAT] Path 20176: 77.0µs (0.1GB/s)
  [2026-06-12 16:39:31.606] [LAT] Path 20176: 76.5µs (0.1GB/s)
  [2026-06-12 16:39:31.607] [LAT] Path 20176: 87.9µs (0.1GB/s)
  [2026-06-12 16:39:31.609] [LAT] Path 20176: 88.1µs (0.1GB/s)
  [2026-06-12 16:39:32.619] [LAT] Path 35121: 171.6µs (0.0GB/s)
  [2026-06-12 16:39:32.621] [LAT] Path 35121: 80.2µs (0.1GB/s)
  [2026-06-12 16:39:32.627] [LAT] Path 35121: 4822.5µs (0.0GB/s)
  [2026-06-12 16:39:32.629] [LAT] Path 35121: 70.1µs (0.1GB/s)
  [2026-06-12 16:39:32.630] [LAT] Path 35121: 94.5µs (0.0GB/s)
  [2026-06-12 16:39:32.632] [LAT] Path 35121: 94.8µs (0.0GB/s)
  [2026-06-12 16:39:32.633] [LAT] Path 35121: 92.8µs (0.0GB/s)
  [2026-06-12 16:39:32.635] [LAT] Path 35121: 92.7µs (0.0GB/s)
  [2026-06-12 16:39:32.636] [LAT] Path 35121: 73.0µs (0.1GB/s)
  [2026-06-12 16:39:32.638] [LAT] Path 35121: 80.2µs (0.1GB/s)
  [2026-06-12 16:39:33.656] [BW] Path 20176: 7492.7µs (17.9GB/s)
  [2026-06-12 16:39:33.668] [BW] Path 20176: 10783.7µs (12.4GB/s)
  [2026-06-12 16:39:33.677] [BW] Path 20176: 7709.1µs (17.4GB/s)
  [2026-06-12 16:39:33.689] [BW] Path 20176: 10312.5µs (13.0GB/s)
  [2026-06-12 16:39:33.697] [BW] Path 20176: 6876.7µs (19.5GB/s)
  [2026-06-12 16:39:33.717] [BW] Path 20176: 18104.6µs (7.4GB/s)
  [2026-06-12 16:39:33.718] [LAT] Path 20176: 77.0µs (0.1GB/s)
  [2026-06-12 16:39:33.720] [LAT] Path 20176: 73.0µs (0.1GB/s)
  [2026-06-12 16:39:33.721] [LAT] Path 20176: 73.3µs (0.1GB/s)
  [2026-06-12 16:39:33.723] [LAT] Path 20176: 72.5µs (0.1GB/s)
  [2026-06-12 16:39:34.733] [LAT] Path 35121: 95.8µs (0.0GB/s)
  [2026-06-12 16:39:34.735] [LAT] Path 35121: 116.4µs (0.0GB/s)
  [2026-06-12 16:39:34.736] [LAT] Path 35121: 85.5µs (0.1GB/s)
  [2026-06-12 16:39:34.738] [LAT] Path 35121: 77.3µs (0.1GB/s)
  [2026-06-12 16:39:34.739] [LAT] Path 35121: 74.2µs (0.1GB/s)
  [2026-06-12 16:39:34.746] [LAT] Path 35121: 4956.8µs (0.0GB/s)
  [2026-06-12 16:39:34.747] [LAT] Path 35121: 88.0µs (0.1GB/s)
  [2026-06-12 16:39:34.749] [LAT] Path 35121: 87.0µs (0.1GB/s)
  [2026-06-12 16:39:34.753] [LAT] Path 35121: 3029.9µs (0.0GB/s)
  [2026-06-12 16:39:34.755] [LAT] Path 35121: 89.9µs (0.1GB/s)
  [2026-06-12 16:39:35.769] [LAT] Path 20176: 3471.4µs (0.0GB/s)
  [2026-06-12 16:39:35.771] [LAT] Path 20176: 93.4µs (0.0GB/s)
  [2026-06-12 16:39:35.772] [LAT] Path 20176: 92.0µs (0.0GB/s)
  [2026-06-12 16:39:35.774] [LAT] Path 20176: 91.9µs (0.0GB/s)
  [2026-06-12 16:39:35.776] [LAT] Path 20176: 91.2µs (0.0GB/s)
  [2026-06-12 16:39:35.777] [LAT] Path 20176: 72.9µs (0.1GB/s)
  [2026-06-12 16:39:35.779] [LAT] Path 20176: 72.7µs (0.1GB/s)
  [2026-06-12 16:39:35.780] [LAT] Path 20176: 74.8µs (0.1GB/s)
  [2026-06-12 16:39:35.782] [LAT] Path 20176: 76.7µs (0.1GB/s)
  [2026-06-12 16:39:35.792] [BW] Path 20176: 9084.3µs (14.8GB/s)
  [2026-06-12 16:39:36.813] [BW] Path 20176: 10090.6µs (13.3GB/s)
  [2026-06-12 16:39:36.823] [BW] Path 20176: 8561.9µs (15.7GB/s)
  [2026-06-12 16:39:36.833] [BW] Path 20176: 8605.2µs (15.6GB/s)
  [2026-06-12 16:39:36.846] [BW] Path 20176: 12006.7µs (11.2GB/s)
  [2026-06-12 16:39:36.856] [BW] Path 20176: 8562.7µs (15.7GB/s)
  [2026-06-12 16:39:36.858] [LAT] Path 20176: 80.4µs (0.1GB/s)
  [2026-06-12 16:39:36.860] [LAT] Path 20176: 80.8µs (0.1GB/s)
  [2026-06-12 16:39:36.861] [LAT] Path 20176: 76.8µs (0.1GB/s)
  [2026-06-12 16:39:36.863] [LAT] Path 20176: 95.3µs (0.0GB/s)
  [2026-06-12 16:39:36.864] [LAT] Path 20176: 95.0µs (0.0GB/s)
  [2026-06-12 16:39:37.875] [LAT] Path 20176: 76.4µs (0.1GB/s)
  [2026-06-12 16:39:37.876] [LAT] Path 20176: 74.9µs (0.1GB/s)
  [2026-06-12 16:39:37.878] [LAT] Path 20176: 75.2µs (0.1GB/s)
  [2026-06-12 16:39:37.879] [LAT] Path 20176: 97.0µs (0.0GB/s)
  [2026-06-12 16:39:37.881] [LAT] Path 20176: 110.8µs (0.0GB/s)
  [2026-06-12 16:39:37.883] [LAT] Path 20176: 86.5µs (0.1GB/s)
  [2026-06-12 16:39:37.884] [LAT] Path 20176: 89.8µs (0.1GB/s)
  [2026-06-12 16:39:37.886] [LAT] Path 20176: 90.5µs (0.1GB/s)
  [2026-06-12 16:39:37.887] [LAT] Path 20176: 76.5µs (0.1GB/s)
  [2026-06-12 16:39:37.889] [LAT] Path 20176: 75.4µs (0.1GB/s)
  [2026-06-12 16:39:38.900] [LAT] Path 20176: 132.1µs (0.0GB/s)
  [2026-06-12 16:39:38.901] [LAT] Path 20176: 180.6µs (0.0GB/s)
  [2026-06-12 16:39:38.903] [LAT] Path 20176: 100.8µs (0.0GB/s)
  [2026-06-12 16:39:38.905] [LAT] Path 20176: 93.8µs (0.0GB/s)
  [2026-06-12 16:39:38.906] [LAT] Path 20176: 91.6µs (0.0GB/s)
  [2026-06-12 16:39:38.908] [LAT] Path 20176: 79.7µs (0.1GB/s)
  [2026-06-12 16:39:38.909] [LAT] Path 20176: 75.9µs (0.1GB/s)
  [2026-06-12 16:39:38.911] [LAT] Path 20176: 76.0µs (0.1GB/s)
  [2026-06-12 16:39:38.912] [LAT] Path 20176: 78.4µs (0.1GB/s)
  [2026-06-12 16:39:38.914] [LAT] Path 20176: 75.4µs (0.1GB/s)
  [2026-06-12 16:39:39.941] [BW] Path 20176: 17003.9µs (7.9GB/s)
  [2026-06-12 16:39:39.950] [BW] Path 20176: 6927.4µs (19.4GB/s)
  [2026-06-12 16:39:39.961] [BW] Path 20176: 10016.2µs (13.4GB/s)
  [2026-06-12 16:39:39.970] [BW] Path 20176: 7763.3µs (17.3GB/s)
  [2026-06-12 16:39:39.982] [BW] Path 20176: 10563.8µs (12.7GB/s)
  [2026-06-12 16:39:39.984] [LAT] Path 20176: 78.0µs (0.1GB/s)
  [2026-06-12 16:39:39.985] [LAT] Path 20176: 75.8µs (0.1GB/s)
  [2026-06-12 16:39:39.987] [LAT] Path 20176: 74.5µs (0.1GB/s)
  [2026-06-12 16:39:39.989] [LAT] Path 20176: 71.5µs (0.1GB/s)
  [2026-06-12 16:39:39.991] [LAT] Path 20176: 1012.5µs (0.0GB/s)
  [2026-06-12 16:39:41.001] [LAT] Path 20176: 81.3µs (0.1GB/s)
  [2026-06-12 16:39:41.003] [LAT] Path 20176: 79.0µs (0.1GB/s)
  [2026-06-12 16:39:41.004] [LAT] Path 20176: 99.6µs (0.0GB/s)
  [2026-06-12 16:39:41.006] [LAT] Path 20176: 92.7µs (0.0GB/s)
  [2026-06-12 16:39:41.007] [LAT] Path 20176: 108.7µs (0.0GB/s)
  [2026-06-12 16:39:41.009] [LAT] Path 20176: 95.5µs (0.0GB/s)
  [2026-06-12 16:39:41.011] [LAT] Path 20176: 103.3µs (0.0GB/s)
  [2026-06-12 16:39:41.012] [LAT] Path 20176: 111.6µs (0.0GB/s)
  [2026-06-12 16:39:41.014] [LAT] Path 20176: 84.5µs (0.1GB/s)
  [2026-06-12 16:39:41.015] [LAT] Path 20176: 97.1µs (0.0GB/s)
  [2026-06-12 16:39:42.026] [LAT] Path 20176: 160.1µs (0.0GB/s)
  [2026-06-12 16:39:42.028] [LAT] Path 20176: 82.0µs (0.1GB/s)
  [2026-06-12 16:39:42.029] [LAT] Path 20176: 74.6µs (0.1GB/s)
  [2026-06-12 16:39:42.031] [LAT] Path 20176: 76.3µs (0.1GB/s)
  [2026-06-12 16:39:42.033] [LAT] Path 20176: 94.3µs (0.0GB/s)
  [2026-06-12 16:39:42.034] [LAT] Path 20176: 93.0µs (0.0GB/s)
  [2026-06-12 16:39:42.038] [LAT] Path 20176: 2018.5µs (0.0GB/s)
  [2026-06-12 16:39:42.039] [LAT] Path 20176: 76.3µs (0.1GB/s)
  [2026-06-12 16:39:42.041] [LAT] Path 20176: 73.4µs (0.1GB/s)
  [2026-06-12 16:39:42.042] [LAT] Path 20176: 74.0µs (0.1GB/s)
  [2026-06-12 16:39:43.063] [BW] Path 20176: 11507.5µs (11.7GB/s)
  [2026-06-12 16:39:43.077] [BW] Path 20176: 11667.0µs (11.5GB/s)
  [2026-06-12 16:39:43.086] [BW] Path 20176: 8190.4µs (16.4GB/s)
  [2026-06-12 16:39:43.097] [BW] Path 20176: 8952.9µs (15.0GB/s)
  [2026-06-12 16:39:43.107] [BW] Path 20176: 8956.6µs (15.0GB/s)
  [2026-06-12 16:39:43.116] [BW] Path 20176: 7986.8µs (16.8GB/s)
  [2026-06-12 16:39:43.120] [LAT] Path 20176: 1823.5µs (0.0GB/s)
  [2026-06-12 16:39:43.121] [LAT] Path 20176: 96.8µs (0.0GB/s)
  [2026-06-12 16:39:43.123] [LAT] Path 20176: 94.4µs (0.0GB/s)
  [2026-06-12 16:39:43.124] [LAT] Path 20176: 92.4µs (0.0GB/s)
  [2026-06-12 16:39:44.139] [LAT] Path 20176: 4041.3µs (0.0GB/s)
  [2026-06-12 16:39:44.140] [LAT] Path 20176: 80.2µs (0.1GB/s)
  [2026-06-12 16:39:44.142] [LAT] Path 20176: 74.5µs (0.1GB/s)
  [2026-06-12 16:39:44.143] [LAT] Path 20176: 73.1µs (0.1GB/s)
  [2026-06-12 16:39:44.145] [LAT] Path 20176: 72.6µs (0.1GB/s)
  [2026-06-12 16:39:44.146] [LAT] Path 20176: 72.7µs (0.1GB/s)
  [2026-06-12 16:39:44.148] [LAT] Path 20176: 71.7µs (0.1GB/s)
  [2026-06-12 16:39:44.149] [LAT] Path 20176: 99.3µs (0.0GB/s)
  [2026-06-12 16:39:44.151] [LAT] Path 20176: 86.1µs (0.1GB/s)
  [2026-06-12 16:39:44.162] [LAT] Path 20176: 9827.4µs (0.0GB/s)
  [2026-06-12 16:39:45.173] [LAT] Path 20176: 129.3µs (0.0GB/s)
  [2026-06-12 16:39:45.175] [LAT] Path 20176: 76.4µs (0.1GB/s)
  [2026-06-12 16:39:45.176] [LAT] Path 20176: 73.7µs (0.1GB/s)
  [2026-06-12 16:39:45.178] [LAT] Path 20176: 94.1µs (0.0GB/s)
  [2026-06-12 16:39:45.179] [LAT] Path 20176: 92.0µs (0.0GB/s)
  [2026-06-12 16:39:45.181] [LAT] Path 20176: 92.3µs (0.0GB/s)
  [2026-06-12 16:39:45.182] [LAT] Path 20176: 93.0µs (0.0GB/s)
  [2026-06-12 16:39:45.184] [LAT] Path 20176: 74.9µs (0.1GB/s)
  [2026-06-12 16:39:45.189] [LAT] Path 20176: 3925.4µs (0.0GB/s)
  [2026-06-12 16:39:45.191] [LAT] Path 20176: 74.3µs (0.1GB/s)
  [2026-06-12 16:39:46.215] [BW] Path 20176: 13730.0µs (9.8GB/s)
  [2026-06-12 16:39:46.227] [BW] Path 20176: 10092.5µs (13.3GB/s)
  [2026-06-12 16:39:46.238] [BW] Path 20176: 9825.3µs (13.7GB/s)
  [2026-06-12 16:39:46.246] [BW] Path 20176: 7037.8µs (19.1GB/s)
  [2026-06-12 16:39:46.258] [BW] Path 20176: 10620.6µs (12.6GB/s)
  [2026-06-12 16:39:46.260] [LAT] Path 20176: 99.8µs (0.0GB/s)
  [2026-06-12 16:39:46.261] [LAT] Path 20176: 75.7µs (0.1GB/s)
  [2026-06-12 16:39:46.263] [LAT] Path 20176: 73.9µs (0.1GB/s)
  [2026-06-12 16:39:46.265] [LAT] Path 20176: 75.3µs (0.1GB/s)
  [2026-06-12 16:39:46.266] [LAT] Path 20176: 73.7µs (0.1GB/s)
  [2026-06-12 16:39:47.276] [LAT] Path 35121: 80.5µs (0.1GB/s)
  [2026-06-12 16:39:47.278] [LAT] Path 35121: 73.6µs (0.1GB/s)
  [2026-06-12 16:39:47.280] [LAT] Path 35121: 72.2µs (0.1GB/s)
  [2026-06-12 16:39:47.281] [LAT] Path 35121: 73.9µs (0.1GB/s)
  [2026-06-12 16:39:47.283] [LAT] Path 35121: 91.5µs (0.0GB/s)
  [2026-06-12 16:39:47.284] [LAT] Path 35121: 94.9µs (0.0GB/s)
  [2026-06-12 16:39:47.286] [LAT] Path 35121: 82.5µs (0.1GB/s)
  [2026-06-12 16:39:47.287] [LAT] Path 35121: 95.1µs (0.0GB/s)
  [2026-06-12 16:39:47.289] [LAT] Path 35121: 88.7µs (0.1GB/s)
  [2026-06-12 16:39:47.290] [LAT] Path 35121: 83.0µs (0.1GB/s)
  [2026-06-12 16:39:48.301] [LAT] Path 35121: 133.9µs (0.0GB/s)
  [2026-06-12 16:39:48.303] [LAT] Path 35121: 77.5µs (0.1GB/s)
  [2026-06-12 16:39:48.304] [LAT] Path 35121: 77.7µs (0.1GB/s)
  [2026-06-12 16:39:48.306] [LAT] Path 35121: 74.6µs (0.1GB/s)
  [2026-06-12 16:39:48.307] [LAT] Path 35121: 73.0µs (0.1GB/s)
  [2026-06-12 16:39:48.309] [LAT] Path 35121: 74.3µs (0.1GB/s)
  [2026-06-12 16:39:48.310] [LAT] Path 35121: 86.9µs (0.1GB/s)
  [2026-06-12 16:39:48.312] [LAT] Path 35121: 86.7µs (0.1GB/s)
  [2026-06-12 16:39:48.313] [LAT] Path 35121: 85.2µs (0.1GB/s)
  [2026-06-12 16:39:48.315] [LAT] Path 35121: 92.7µs (0.0GB/s)
  [2026-06-12 16:39:49.339] [BW] Path 35121: 13117.7µs (10.2GB/s)
  [2026-06-12 16:39:49.349] [BW] Path 35121: 8928.8µs (15.0GB/s)
  [2026-06-12 16:39:49.365] [BW] Path 35121: 14722.5µs (9.1GB/s)
  [2026-06-12 16:39:49.375] [BW] Path 35121: 8606.8µs (15.6GB/s)
  [2026-06-12 16:39:49.385] [BW] Path 35121: 8534.0µs (15.7GB/s)
  [2026-06-12 16:39:49.396] [BW] Path 35121: 9377.6µs (14.3GB/s)
  [2026-06-12 16:39:49.408] [BW] Path 35121: 10170.6µs (13.2GB/s)
  [2026-06-12 16:39:49.426] [BW] Path 35121: 16677.7µs (8.1GB/s)
  [2026-06-12 16:39:49.435] [BW] Path 35121: 7584.1µs (17.7GB/s)
  [2026-06-12 16:39:49.448] [BW] Path 35121: 11280.4µs (11.9GB/s)
  [2026-06-12 16:39:50.460] [LAT] Path 35121: 1726.2µs (0.0GB/s)
  [2026-06-12 16:39:50.462] [LAT] Path 35121: 89.3µs (0.1GB/s)
  [2026-06-12 16:39:50.463] [LAT] Path 35121: 94.9µs (0.0GB/s)
  [2026-06-12 16:39:50.465] [LAT] Path 35121: 79.1µs (0.1GB/s)
  [2026-06-12 16:39:50.466] [LAT] Path 35121: 74.4µs (0.1GB/s)
  [2026-06-12 16:39:50.468] [LAT] Path 35121: 76.7µs (0.1GB/s)
  [2026-06-12 16:39:50.469] [LAT] Path 35121: 77.1µs (0.1GB/s)
  [2026-06-12 16:39:50.471] [LAT] Path 35121: 92.6µs (0.0GB/s)
  [2026-06-12 16:39:50.473] [LAT] Path 35121: 86.5µs (0.1GB/s)
  [2026-06-12 16:39:50.477] [LAT] Path 35121: 3095.2µs (0.0GB/s)
  [2026-06-12 16:39:51.495] [LAT] Path 35121: 150.2µs (0.0GB/s)
  [2026-06-12 16:39:51.497] [LAT] Path 35121: 81.5µs (0.1GB/s)
  [2026-06-12 16:39:51.498] [LAT] Path 35121: 82.6µs (0.1GB/s)
  [2026-06-12 16:39:51.500] [LAT] Path 35121: 75.8µs (0.1GB/s)
  [2026-06-12 16:39:51.502] [LAT] Path 35121: 1407.8µs (0.0GB/s)
  [2026-06-12 16:39:51.515] [BW] Path 35121: 10801.0µs (12.4GB/s)
  [2026-06-12 16:39:51.527] [BW] Path 35121: 10344.1µs (13.0GB/s)
  [2026-06-12 16:39:51.528] [LAT] Path 35121: 152.6µs (0.0GB/s)
  [2026-06-12 16:39:51.531] [LAT] Path 35121: 1238.0µs (0.0GB/s)
  [2026-06-12 16:39:51.532] [LAT] Path 35121: 94.5µs (0.0GB/s)
  [2026-06-12 16:39:52.577] [LAT] Path 20176: 169.7µs (0.0GB/s)
  [2026-06-12 16:39:52.578] [LAT] Path 20176: 113.5µs (0.0GB/s)
  [2026-06-12 16:39:52.587] [BW] Path 20176: 6958.7µs (19.3GB/s)
  [2026-06-12 16:39:52.598] [BW] Path 20176: 9969.2µs (13.5GB/s)
  [2026-06-12 16:39:52.607] [BW] Path 20176: 6693.8µs (20.1GB/s)
  [2026-06-12 16:39:52.609] [LAT] Path 20176: 119.4µs (0.0GB/s)
  [2026-06-12 16:39:52.621] [BW] Path 20176: 10900.4µs (12.3GB/s)
  [2026-06-12 16:39:52.623] [LAT] Path 20176: 73.2µs (0.1GB/s)
  [2026-06-12 16:39:52.632] [BW] Path 20176: 7029.6µs (19.1GB/s)
  [2026-06-12 16:39:52.642] [BW] Path 20176: 9470.5µs (14.2GB/s)
  [2026-06-12 16:39:54.059] [LAT] Path 35121: 259.0µs (0.0GB/s)
  [2026-06-12 16:39:54.060] [LAT] Path 35121: 96.0µs (0.0GB/s)
  [2026-06-12 16:39:54.062] [LAT] Path 35121: 85.9µs (0.1GB/s)
  [2026-06-12 16:39:54.064] [LAT] Path 35121: 89.9µs (0.1GB/s)
  [2026-06-12 16:39:54.065] [LAT] Path 35121: 73.8µs (0.1GB/s)
  [2026-06-12 16:39:54.067] [LAT] Path 35121: 89.7µs (0.1GB/s)
  [2026-06-12 16:39:54.068] [LAT] Path 35121: 80.4µs (0.1GB/s)
  [2026-06-12 16:39:54.070] [LAT] Path 35121: 75.6µs (0.1GB/s)
  [2026-06-12 16:39:54.071] [LAT] Path 35121: 75.6µs (0.1GB/s)
  [2026-06-12 16:39:54.073] [LAT] Path 35121: 90.8µs (0.1GB/s)
  [2026-06-12 16:39:55.178] [LAT] Path 27010: 176.3µs (0.0GB/s)
  [2026-06-12 16:39:55.180] [LAT] Path 27010: 85.6µs (0.1GB/s)
  [2026-06-12 16:39:55.191] [BW] Path 27010: 10015.7µs (13.4GB/s)
  [2026-06-12 16:39:55.202] [BW] Path 27010: 9732.7µs (13.8GB/s)
  [2026-06-12 16:39:55.211] [BW] Path 27010: 7086.4µs (18.9GB/s)
  [2026-06-12 16:39:55.224] [BW] Path 27010: 11700.9µs (11.5GB/s)
  [2026-06-12 16:39:55.233] [BW] Path 27010: 6894.9µs (19.5GB/s)
  [2026-06-12 16:39:55.245] [BW] Path 27010: 11186.9µs (12.0GB/s)
  [2026-06-12 16:39:55.256] [BW] Path 27010: 9111.8µs (14.7GB/s)
  [2026-06-12 16:39:55.268] [BW] Path 27010: 10172.0µs (13.2GB/s)
  [2026-06-12 16:39:56.362] [LAT] Path 35121: 147.0µs (0.0GB/s)
  [2026-06-12 16:39:56.364] [LAT] Path 35121: 100.2µs (0.0GB/s)
  [2026-06-12 16:39:56.376] [BW] Path 35121: 10934.2µs (12.3GB/s)
  [2026-06-12 16:39:56.384] [BW] Path 35121: 6542.8µs (20.5GB/s)
  [2026-06-12 16:39:56.386] [LAT] Path 35121: 411.3µs (0.0GB/s)
  [2026-06-12 16:39:56.401] [BW] Path 35121: 13040.1µs (10.3GB/s)
  [2026-06-12 16:39:56.409] [BW] Path 35121: 6708.8µs (20.0GB/s)
  [2026-06-12 16:39:56.411] [LAT] Path 35121: 107.7µs (0.0GB/s)
  [2026-06-12 16:39:56.412] [LAT] Path 35121: 93.6µs (0.0GB/s)
  [2026-06-12 16:39:56.414] [LAT] Path 35121: 82.0µs (0.1GB/s)
  [2026-06-12 16:39:57.689] [LAT] Path 51197: 146.3µs (0.0GB/s)
  [2026-06-12 16:39:57.691] [LAT] Path 51197: 78.2µs (0.1GB/s)
  [2026-06-12 16:39:57.692] [LAT] Path 51197: 77.4µs (0.1GB/s)
  [2026-06-12 16:39:57.694] [LAT] Path 51197: 75.0µs (0.1GB/s)
  [2026-06-12 16:39:57.696] [LAT] Path 35121: 80.4µs (0.1GB/s)
  [2026-06-12 16:39:57.698] [LAT] Path 35121: 91.4µs (0.0GB/s)
  [2026-06-12 16:39:57.699] [LAT] Path 35121: 90.1µs (0.1GB/s)
  [2026-06-12 16:39:57.701] [LAT] Path 35121: 88.6µs (0.1GB/s)
  [2026-06-12 16:39:57.713] [BW] Path 35121: 10105.7µs (13.3GB/s)
  [2026-06-12 16:39:57.726] [BW] Path 35121: 11636.5µs (11.5GB/s)
  [2026-06-12 16:39:58.767] [BW] Path 35121: 6658.5µs (20.2GB/s)
  [2026-06-12 16:39:58.769] [LAT] Path 35121: 103.8µs (0.0GB/s)
  [2026-06-12 16:39:58.771] [LAT] Path 35121: 104.3µs (0.0GB/s)
  [2026-06-12 16:39:58.772] [LAT] Path 35121: 100.3µs (0.0GB/s)
  [2026-06-12 16:39:58.777] [LAT] Path 35121: 2794.5µs (0.0GB/s)
  [2026-06-12 16:39:58.778] [LAT] Path 35121: 103.0µs (0.0GB/s)
  [2026-06-12 16:39:58.780] [LAT] Path 35121: 96.0µs (0.0GB/s)
  [2026-06-12 16:39:58.781] [LAT] Path 35121: 92.7µs (0.0GB/s)
  [2026-06-12 16:39:58.783] [LAT] Path 35121: 85.6µs (0.1GB/s)
  [2026-06-12 16:39:58.796] [BW] Path 35121: 11018.4µs (12.2GB/s)
  [2026-06-12 16:40:00.073] [BW] Path 20176: 7221.6µs (18.6GB/s)
  [2026-06-12 16:40:00.084] [BW] Path 20176: 9881.9µs (13.6GB/s)
  [2026-06-12 16:40:00.093] [BW] Path 20176: 6833.8µs (19.6GB/s)
  [2026-06-12 16:40:00.094] [LAT] Path 20176: 81.0µs (0.1GB/s)
  [2026-06-12 16:40:00.096] [LAT] Path 20176: 90.3µs (0.1GB/s)
  [2026-06-12 16:40:00.098] [LAT] Path 20176: 88.7µs (0.1GB/s)
  [2026-06-12 16:40:00.099] [LAT] Path 20176: 87.2µs (0.1GB/s)
  [2026-06-12 16:40:00.101] [LAT] Path 20176: 87.9µs (0.1GB/s)
  [2026-06-12 16:40:00.102] [LAT] Path 20176: 76.6µs (0.1GB/s)
  [2026-06-12 16:40:00.104] [LAT] Path 20176: 76.3µs (0.1GB/s)
  [2026-06-12 16:40:01.128] [LAT] Path 51197: 38.3µs (0.1GB/s)
  [2026-06-12 16:40:01.130] [LAT] Path 51197: 95.6µs (0.0GB/s)
  [2026-06-12 16:40:01.131] [LAT] Path 51197: 88.4µs (0.1GB/s)
  [2026-06-12 16:40:01.133] [LAT] Path 51197: 95.3µs (0.0GB/s)
  [2026-06-12 16:40:01.135] [LAT] Path 51197: 85.4µs (0.1GB/s)
  [2026-06-12 16:40:01.139] [LAT] Path 51197: 2369.1µs (0.0GB/s)
  [2026-06-12 16:40:01.140] [LAT] Path 51197: 81.2µs (0.1GB/s)
  [2026-06-12 16:40:01.142] [LAT] Path 51197: 90.4µs (0.1GB/s)
  [2026-06-12 16:40:01.144] [LAT] Path 51197: 90.8µs (0.1GB/s)
  [2026-06-12 16:40:01.145] [LAT] Path 51197: 88.7µs (0.1GB/s)
  [2026-06-12 16:40:02.198] [BW] Path 35121: 9688.3µs (13.8GB/s)
  [2026-06-12 16:40:02.206] [BW] Path 35121: 6562.8µs (20.4GB/s)
  [2026-06-12 16:40:02.208] [LAT] Path 35121: 91.0µs (0.0GB/s)
  [2026-06-12 16:40:02.210] [LAT] Path 35121: 93.5µs (0.0GB/s)
  [2026-06-12 16:40:02.211] [LAT] Path 35121: 86.5µs (0.1GB/s)
  [2026-06-12 16:40:02.213] [LAT] Path 35121: 88.4µs (0.1GB/s)
  [2026-06-12 16:40:02.214] [LAT] Path 35121: 86.8µs (0.1GB/s)
  [2026-06-12 16:40:02.216] [LAT] Path 35121: 77.9µs (0.1GB/s)
  [2026-06-12 16:40:02.217] [LAT] Path 35121: 75.1µs (0.1GB/s)
  [2026-06-12 16:40:02.219] [LAT] Path 35121: 75.4µs (0.1GB/s)
  [2026-06-12 16:40:03.233] [LAT] Path 35121: 178.4µs (0.0GB/s)
  [2026-06-12 16:40:03.234] [LAT] Path 35121: 82.8µs (0.1GB/s)
  [2026-06-12 16:40:03.236] [LAT] Path 35121: 186.3µs (0.0GB/s)
  [2026-06-12 16:40:03.237] [LAT] Path 35121: 89.9µs (0.1GB/s)
  [2026-06-12 16:40:03.239] [LAT] Path 35121: 86.7µs (0.1GB/s)
  [2026-06-12 16:40:03.240] [LAT] Path 35121: 90.1µs (0.1GB/s)
  [2026-06-12 16:40:03.242] [LAT] Path 35121: 77.0µs (0.1GB/s)
  [2026-06-12 16:40:03.243] [LAT] Path 35121: 76.2µs (0.1GB/s)
  [2026-06-12 16:40:03.245] [LAT] Path 35121: 77.0µs (0.1GB/s)
  [2026-06-12 16:40:03.246] [LAT] Path 35121: 77.9µs (0.1GB/s)
  [2026-06-12 16:40:04.260] [LAT] Path 35121: 185.9µs (0.0GB/s)
  [2026-06-12 16:40:04.262] [LAT] Path 35121: 90.6µs (0.1GB/s)
  [2026-06-12 16:40:04.263] [LAT] Path 35121: 90.3µs (0.1GB/s)
  [2026-06-12 16:40:04.265] [LAT] Path 35121: 86.8µs (0.1GB/s)
  [2026-06-12 16:40:04.266] [LAT] Path 35121: 88.0µs (0.1GB/s)
  [2026-06-12 16:40:04.268] [LAT] Path 35121: 76.5µs (0.1GB/s)
  [2026-06-12 16:40:04.269] [LAT] Path 35121: 75.6µs (0.1GB/s)
  [2026-06-12 16:40:04.271] [LAT] Path 35121: 77.2µs (0.1GB/s)
  [2026-06-12 16:40:04.272] [LAT] Path 35121: 74.7µs (0.1GB/s)
  [2026-06-12 16:40:04.274] [LAT] Path 35121: 92.3µs (0.0GB/s)
  [2026-06-12 16:40:05.532] [LAT] Path 35121: 186.7µs (0.0GB/s)
  [2026-06-12 16:40:05.534] [LAT] Path 35121: 104.5µs (0.0GB/s)
  [2026-06-12 16:40:05.535] [LAT] Path 35121: 84.3µs (0.1GB/s)
  [2026-06-12 16:40:05.537] [LAT] Path 35121: 78.9µs (0.1GB/s)
  [2026-06-12 16:40:05.538] [LAT] Path 35121: 77.5µs (0.1GB/s)
  [2026-06-12 16:40:05.540] [LAT] Path 35121: 75.6µs (0.1GB/s)
  [2026-06-12 16:40:05.541] [LAT] Path 35121: 77.4µs (0.1GB/s)
  [2026-06-12 16:40:05.543] [LAT] Path 35121: 91.1µs (0.0GB/s)
  [2026-06-12 16:40:05.544] [LAT] Path 35121: 88.2µs (0.1GB/s)
  [2026-06-12 16:40:05.546] [LAT] Path 35121: 87.1µs (0.1GB/s)
  [2026-06-12 16:40:06.562] [LAT] Path 20176: 171.7µs (0.0GB/s)
  [2026-06-12 16:40:06.564] [LAT] Path 20176: 80.1µs (0.1GB/s)
  [2026-06-12 16:40:06.565] [LAT] Path 20176: 80.4µs (0.1GB/s)
  [2026-06-12 16:40:06.567] [LAT] Path 20176: 89.9µs (0.1GB/s)
  [2026-06-12 16:40:06.571] [LAT] Path 20176: 3304.6µs (0.0GB/s)
  [2026-06-12 16:40:06.575] [LAT] Path 20176: 1673.0µs (0.0GB/s)
  [2026-06-12 16:40:06.576] [LAT] Path 20176: 77.6µs (0.1GB/s)
  [2026-06-12 16:40:06.578] [LAT] Path 20176: 76.1µs (0.1GB/s)
  [2026-06-12 16:40:06.579] [LAT] Path 20176: 92.0µs (0.0GB/s)
  [2026-06-12 16:40:06.581] [LAT] Path 20176: 98.9µs (0.0GB/s)
  [2026-06-12 16:40:07.595] [LAT] Path 35121: 187.6µs (0.0GB/s)
  [2026-06-12 16:40:07.596] [LAT] Path 35121: 80.8µs (0.1GB/s)
  [2026-06-12 16:40:07.598] [LAT] Path 35121: 76.4µs (0.1GB/s)
  [2026-06-12 16:40:07.601] [LAT] Path 35121: 2172.8µs (0.0GB/s)
  [2026-06-12 16:40:07.603] [LAT] Path 35121: 90.0µs (0.1GB/s)
  [2026-06-12 16:40:07.605] [LAT] Path 35121: 88.7µs (0.1GB/s)
  [2026-06-12 16:40:07.606] [LAT] Path 35121: 92.3µs (0.0GB/s)
  [2026-06-12 16:40:07.608] [LAT] Path 35121: 88.0µs (0.1GB/s)
  [2026-06-12 16:40:07.609] [LAT] Path 35121: 78.2µs (0.1GB/s)
  [2026-06-12 16:40:07.611] [LAT] Path 35121: 75.5µs (0.1GB/s)
  [2026-06-12 16:40:08.624] [LAT] Path 20176: 190.9µs (0.0GB/s)
  [2026-06-12 16:40:08.626] [LAT] Path 20176: 103.6µs (0.0GB/s)
  [2026-06-12 16:40:08.628] [LAT] Path 20176: 97.8µs (0.0GB/s)
  [2026-06-12 16:40:08.629] [LAT] Path 20176: 84.1µs (0.1GB/s)
  [2026-06-12 16:40:08.631] [LAT] Path 20176: 85.6µs (0.1GB/s)
  [2026-06-12 16:40:08.632] [LAT] Path 20176: 86.6µs (0.1GB/s)
  [2026-06-12 16:40:08.634] [LAT] Path 20176: 89.6µs (0.1GB/s)
  [2026-06-12 16:40:08.636] [LAT] Path 20176: 87.1µs (0.1GB/s)
  [2026-06-12 16:40:08.637] [LAT] Path 20176: 103.5µs (0.0GB/s)
  [2026-06-12 16:40:08.639] [LAT] Path 20176: 95.4µs (0.0GB/s)
  [2026-06-12 16:40:09.652] [LAT] Path 35121: 189.0µs (0.0GB/s)
  [2026-06-12 16:40:09.654] [LAT] Path 35121: 91.0µs (0.0GB/s)
  [2026-06-12 16:40:09.655] [LAT] Path 35121: 86.6µs (0.1GB/s)
  [2026-06-12 16:40:09.657] [LAT] Path 35121: 76.0µs (0.1GB/s)
  [2026-06-12 16:40:09.661] [LAT] Path 35121: 2134.9µs (0.0GB/s)
  [2026-06-12 16:40:09.662] [LAT] Path 35121: 82.9µs (0.1GB/s)
  [2026-06-12 16:40:09.664] [LAT] Path 35121: 76.6µs (0.1GB/s)
  [2026-06-12 16:40:09.665] [LAT] Path 35121: 91.1µs (0.0GB/s)
  [2026-06-12 16:40:09.667] [LAT] Path 35121: 88.5µs (0.1GB/s)
  [2026-06-12 16:40:09.668] [LAT] Path 35121: 87.3µs (0.1GB/s)
  [2026-06-12 16:40:10.682] [LAT] Path 20176: 189.6µs (0.0GB/s)
  [2026-06-12 16:40:10.683] [LAT] Path 20176: 83.1µs (0.1GB/s)
  [2026-06-12 16:40:10.685] [LAT] Path 20176: 80.2µs (0.1GB/s)
  [2026-06-12 16:40:10.686] [LAT] Path 20176: 84.3µs (0.1GB/s)
  [2026-06-12 16:40:10.688] [LAT] Path 20176: 74.8µs (0.1GB/s)
  [2026-06-12 16:40:10.689] [LAT] Path 20176: 87.5µs (0.1GB/s)
  [2026-06-12 16:40:10.691] [LAT] Path 20176: 89.0µs (0.1GB/s)
  [2026-06-12 16:40:10.693] [LAT] Path 20176: 90.8µs (0.1GB/s)
  [2026-06-12 16:40:10.694] [LAT] Path 20176: 88.3µs (0.1GB/s)
  [2026-06-12 16:40:10.696] [LAT] Path 20176: 86.4µs (0.1GB/s)
  [2026-06-12 16:40:11.709] [LAT] Path 20176: 173.4µs (0.0GB/s)
  [2026-06-12 16:40:11.711] [LAT] Path 20176: 82.0µs (0.1GB/s)
  [2026-06-12 16:40:11.712] [LAT] Path 20176: 78.9µs (0.1GB/s)
  [2026-06-12 16:40:11.714] [LAT] Path 20176: 92.7µs (0.0GB/s)
  [2026-06-12 16:40:11.715] [LAT] Path 20176: 88.2µs (0.1GB/s)
  [2026-06-12 16:40:11.717] [LAT] Path 20176: 86.5µs (0.1GB/s)
  [2026-06-12 16:40:11.718] [LAT] Path 20176: 87.6µs (0.1GB/s)
  [2026-06-12 16:40:11.729] [LAT] Path 20176: 180.8µs (0.0GB/s)
  [2026-06-12 16:40:11.731] [LAT] Path 20176: 89.2µs (0.1GB/s)
  [2026-06-12 16:40:11.732] [LAT] Path 20176: 88.5µs (0.1GB/s)
  [2026-06-12 16:40:12.746] [LAT] Path 20176: 183.2µs (0.0GB/s)
  [2026-06-12 16:40:12.748] [LAT] Path 20176: 87.5µs (0.1GB/s)
  [2026-06-12 16:40:12.749] [LAT] Path 20176: 89.1µs (0.1GB/s)
  [2026-06-12 16:40:12.751] [LAT] Path 20176: 103.0µs (0.0GB/s)
  [2026-06-12 16:40:12.753] [LAT] Path 20176: 101.9µs (0.0GB/s)
  [2026-06-12 16:40:12.754] [LAT] Path 20176: 99.8µs (0.0GB/s)
  [2026-06-12 16:40:12.756] [LAT] Path 20176: 99.8µs (0.0GB/s)
  [2026-06-12 16:40:12.757] [LAT] Path 20176: 87.2µs (0.1GB/s)
  [2026-06-12 16:40:12.761] [LAT] Path 20176: 2562.1µs (0.0GB/s)
  [2026-06-12 16:40:12.763] [LAT] Path 20176: 84.8µs (0.1GB/s)
  [2026-06-12 16:40:13.777] [LAT] Path 35121: 190.5µs (0.0GB/s)
  [2026-06-12 16:40:13.779] [LAT] Path 35121: 113.3µs (0.0GB/s)
  [2026-06-12 16:40:13.780] [LAT] Path 35121: 103.1µs (0.0GB/s)
  [2026-06-12 16:40:13.782] [LAT] Path 35121: 90.5µs (0.1GB/s)
  [2026-06-12 16:40:13.783] [LAT] Path 35121: 86.5µs (0.1GB/s)
  [2026-06-12 16:40:13.787] [LAT] Path 35121: 1976.9µs (0.0GB/s)
  [2026-06-12 16:40:13.788] [LAT] Path 35121: 105.3µs (0.0GB/s)
  [2026-06-12 16:40:13.790] [LAT] Path 35121: 100.5µs (0.0GB/s)
  [2026-06-12 16:40:13.792] [LAT] Path 35121: 99.9µs (0.0GB/s)
  [2026-06-12 16:40:13.793] [LAT] Path 35121: 97.9µs (0.0GB/s)
  [2026-06-12 16:40:14.807] [LAT] Path 20176: 183.3µs (0.0GB/s)
  [2026-06-12 16:40:14.809] [LAT] Path 20176: 92.7µs (0.0GB/s)
  [2026-06-12 16:40:14.810] [LAT] Path 20176: 91.2µs (0.0GB/s)
  [2026-06-12 16:40:14.812] [LAT] Path 20176: 101.7µs (0.0GB/s)
  [2026-06-12 16:40:14.813] [LAT] Path 20176: 102.5µs (0.0GB/s)
  [2026-06-12 16:40:14.815] [LAT] Path 20176: 99.5µs (0.0GB/s)
  [2026-06-12 16:40:14.817] [LAT] Path 20176: 100.0µs (0.0GB/s)
  [2026-06-12 16:40:14.818] [LAT] Path 20176: 84.2µs (0.1GB/s)
  [2026-06-12 16:40:14.820] [LAT] Path 20176: 115.7µs (0.0GB/s)
  [2026-06-12 16:40:14.821] [LAT] Path 20176: 82.7µs (0.1GB/s)
  [2026-06-12 16:40:16.090] [LAT] Path 35121: 188.3µs (0.0GB/s)
  [2026-06-12 16:40:16.091] [LAT] Path 35121: 84.0µs (0.1GB/s)
  [2026-06-12 16:40:16.095] [LAT] Path 35121: 2833.3µs (0.0GB/s)
  [2026-06-12 16:40:16.097] [LAT] Path 35121: 85.9µs (0.1GB/s)
  [2026-06-12 16:40:16.099] [LAT] Path 35121: 90.0µs (0.1GB/s)
  [2026-06-12 16:40:16.100] [LAT] Path 35121: 91.5µs (0.0GB/s)
  [2026-06-12 16:40:16.102] [LAT] Path 35121: 87.6µs (0.1GB/s)
  [2026-06-12 16:40:16.103] [LAT] Path 35121: 86.8µs (0.1GB/s)
  [2026-06-12 16:40:16.106] [LAT] Path 35121: 1037.5µs (0.0GB/s)
  [2026-06-12 16:40:16.107] [LAT] Path 35121: 80.2µs (0.1GB/s)
  [2026-06-12 16:40:17.123] [LAT] Path 35121: 201.8µs (0.0GB/s)
  [2026-06-12 16:40:17.124] [LAT] Path 35121: 94.3µs (0.0GB/s)
  [2026-06-12 16:40:17.126] [LAT] Path 35121: 89.5µs (0.1GB/s)
  [2026-06-12 16:40:17.127] [LAT] Path 35121: 90.7µs (0.1GB/s)
  [2026-06-12 16:40:17.129] [LAT] Path 35121: 87.3µs (0.1GB/s)
  [2026-06-12 16:40:17.130] [LAT] Path 35121: 78.6µs (0.1GB/s)
  [2026-06-12 16:40:17.132] [LAT] Path 35121: 76.4µs (0.1GB/s)
  [2026-06-12 16:40:17.133] [LAT] Path 35121: 75.7µs (0.1GB/s)
  [2026-06-12 16:40:17.135] [LAT] Path 35121: 69.8µs (0.1GB/s)
  [2026-06-12 16:40:17.136] [LAT] Path 35121: 92.8µs (0.0GB/s)
  [2026-06-12 16:40:18.150] [LAT] Path 35121: 191.8µs (0.0GB/s)
  [2026-06-12 16:40:18.152] [LAT] Path 35121: 103.2µs (0.0GB/s)
  [2026-06-12 16:40:18.153] [LAT] Path 35121: 84.3µs (0.1GB/s)
  [2026-06-12 16:40:18.155] [LAT] Path 35121: 80.7µs (0.1GB/s)
  [2026-06-12 16:40:18.156] [LAT] Path 35121: 78.3µs (0.1GB/s)
  [2026-06-12 16:40:18.158] [LAT] Path 35121: 79.2µs (0.1GB/s)
  [2026-06-12 16:40:18.159] [LAT] Path 35121: 77.9µs (0.1GB/s)
  [2026-06-12 16:40:18.161] [LAT] Path 35121: 95.2µs (0.0GB/s)
  [2026-06-12 16:40:18.162] [LAT] Path 35121: 90.5µs (0.1GB/s)
  [2026-06-12 16:40:18.164] [LAT] Path 35121: 89.1µs (0.1GB/s)
  [2026-06-12 16:40:19.177] [LAT] Path 20176: 185.7µs (0.0GB/s)
  [2026-06-12 16:40:19.179] [LAT] Path 20176: 82.5µs (0.1GB/s)
  [2026-06-12 16:40:19.180] [LAT] Path 20176: 81.5µs (0.1GB/s)
  [2026-06-12 16:40:19.182] [LAT] Path 20176: 74.7µs (0.1GB/s)
  [2026-06-12 16:40:19.183] [LAT] Path 20176: 77.8µs (0.1GB/s)
  [2026-06-12 16:40:19.185] [LAT] Path 20176: 76.3µs (0.1GB/s)
  [2026-06-12 16:40:19.186] [LAT] Path 20176: 98.2µs (0.0GB/s)
  [2026-06-12 16:40:19.188] [LAT] Path 20176: 92.2µs (0.0GB/s)
  [2026-06-12 16:40:19.190] [LAT] Path 20176: 99.0µs (0.0GB/s)
  [2026-06-12 16:40:19.191] [LAT] Path 20176: 93.0µs (0.0GB/s)
  [2026-06-12 16:40:20.205] [LAT] Path 20176: 175.4µs (0.0GB/s)
  [2026-06-12 16:40:20.206] [LAT] Path 20176: 78.4µs (0.1GB/s)
  [2026-06-12 16:40:20.208] [LAT] Path 20176: 74.4µs (0.1GB/s)
  [2026-06-12 16:40:20.209] [LAT] Path 20176: 76.0µs (0.1GB/s)
  [2026-06-12 16:40:20.211] [LAT] Path 20176: 86.7µs (0.1GB/s)
  [2026-06-12 16:40:20.215] [LAT] Path 20176: 2954.7µs (0.0GB/s)
  [2026-06-12 16:40:20.217] [LAT] Path 20176: 315.8µs (0.0GB/s)
  [2026-06-12 16:40:20.218] [LAT] Path 20176: 75.0µs (0.1GB/s)
  [2026-06-12 16:40:20.220] [LAT] Path 20176: 75.5µs (0.1GB/s)
  [2026-06-12 16:40:20.222] [LAT] Path 20176: 940.8µs (0.0GB/s)
  [2026-06-12 16:40:21.236] [LAT] Path 35121: 2494.8µs (0.0GB/s)
  [2026-06-12 16:40:21.238] [LAT] Path 35121: 113.5µs (0.0GB/s)
  [2026-06-12 16:40:21.239] [LAT] Path 35121: 101.2µs (0.0GB/s)
  [2026-06-12 16:40:21.241] [LAT] Path 35121: 101.6µs (0.0GB/s)
  [2026-06-12 16:40:21.242] [LAT] Path 35121: 101.2µs (0.0GB/s)
  [2026-06-12 16:40:21.244] [LAT] Path 35121: 89.0µs (0.1GB/s)
  [2026-06-12 16:40:21.245] [LAT] Path 35121: 87.2µs (0.1GB/s)
  [2026-06-12 16:40:21.247] [LAT] Path 35121: 88.2µs (0.1GB/s)
  [2026-06-12 16:40:21.249] [LAT] Path 35121: 87.9µs (0.1GB/s)
  [2026-06-12 16:40:21.250] [LAT] Path 35121: 89.1µs (0.1GB/s)
  [2026-06-12 16:40:22.263] [LAT] Path 35121: 173.9µs (0.0GB/s)
  [2026-06-12 16:40:22.265] [LAT] Path 35121: 80.3µs (0.1GB/s)
  [2026-06-12 16:40:22.266] [LAT] Path 35121: 80.4µs (0.1GB/s)
  [2026-06-12 16:40:22.268] [LAT] Path 35121: 70.2µs (0.1GB/s)
  [2026-06-12 16:40:22.270] [LAT] Path 35121: 1095.2µs (0.0GB/s)
  [2026-06-12 16:40:22.272] [LAT] Path 35121: 86.2µs (0.1GB/s)
  [2026-06-12 16:40:22.273] [LAT] Path 35121: 83.6µs (0.1GB/s)
  [2026-06-12 16:40:22.275] [LAT] Path 35121: 376.7µs (0.0GB/s)
  [2026-06-12 16:40:22.277] [LAT] Path 35121: 74.2µs (0.1GB/s)
  [2026-06-12 16:40:22.278] [LAT] Path 35121: 73.4µs (0.1GB/s)
  [2026-06-12 16:40:23.291] [LAT] Path 20176: 186.8µs (0.0GB/s)
  [2026-06-12 16:40:23.296] [LAT] Path 20176: 3240.0µs (0.0GB/s)
  [2026-06-12 16:40:23.298] [LAT] Path 20176: 897.7µs (0.0GB/s)
  [2026-06-12 16:40:23.300] [LAT] Path 20176: 73.2µs (0.1GB/s)
  [2026-06-12 16:40:23.301] [LAT] Path 20176: 74.8µs (0.1GB/s)
  [2026-06-12 16:40:23.303] [LAT] Path 20176: 257.5µs (0.0GB/s)
  [2026-06-12 16:40:23.304] [LAT] Path 20176: 88.0µs (0.1GB/s)
  [2026-06-12 16:40:23.306] [LAT] Path 20176: 84.8µs (0.1GB/s)
  [2026-06-12 16:40:23.307] [LAT] Path 20176: 84.3µs (0.1GB/s)
  [2026-06-12 16:40:23.309] [LAT] Path 20176: 87.5µs (0.1GB/s)
  [2026-06-12 16:40:24.322] [LAT] Path 35121: 181.9µs (0.0GB/s)
  [2026-06-12 16:40:24.324] [LAT] Path 35121: 86.9µs (0.1GB/s)
  [2026-06-12 16:40:24.325] [LAT] Path 35121: 88.5µs (0.1GB/s)
  [2026-06-12 16:40:24.327] [LAT] Path 35121: 86.1µs (0.1GB/s)
  [2026-06-12 16:40:24.330] [LAT] Path 35121: 1207.8µs (0.0GB/s)
  [2026-06-12 16:40:24.331] [LAT] Path 35121: 74.9µs (0.1GB/s)
  [2026-06-12 16:40:24.333] [LAT] Path 35121: 73.2µs (0.1GB/s)
  [2026-06-12 16:40:24.334] [LAT] Path 35121: 74.0µs (0.1GB/s)
  [2026-06-12 16:40:24.336] [LAT] Path 35121: 92.3µs (0.0GB/s)
  [2026-06-12 16:40:24.337] [LAT] Path 35121: 98.1µs (0.0GB/s)
  [2026-06-12 16:40:25.351] [LAT] Path 35121: 165.9µs (0.0GB/s)
  [2026-06-12 16:40:25.353] [LAT] Path 35121: 1052.5µs (0.0GB/s)
  [2026-06-12 16:40:25.355] [LAT] Path 35121: 85.0µs (0.1GB/s)
  [2026-06-12 16:40:25.356] [LAT] Path 35121: 85.5µs (0.1GB/s)
  [2026-06-12 16:40:25.358] [LAT] Path 35121: 109.1µs (0.0GB/s)
  [2026-06-12 16:40:25.359] [LAT] Path 35121: 76.7µs (0.1GB/s)
  [2026-06-12 16:40:25.361] [LAT] Path 35121: 73.3µs (0.1GB/s)
  [2026-06-12 16:40:25.362] [LAT] Path 35121: 73.1µs (0.1GB/s)
  [2026-06-12 16:40:25.364] [LAT] Path 35121: 72.8µs (0.1GB/s)
  [2026-06-12 16:40:25.365] [LAT] Path 35121: 81.6µs (0.1GB/s)
  [2026-06-12 16:40:26.379] [LAT] Path 35121: 178.0µs (0.0GB/s)
  [2026-06-12 16:40:26.382] [LAT] Path 35121: 1817.2µs (0.0GB/s)
  [2026-06-12 16:40:26.383] [LAT] Path 35121: 87.2µs (0.1GB/s)
  [2026-06-12 16:40:26.385] [LAT] Path 35121: 88.1µs (0.1GB/s)
  [2026-06-12 16:40:26.386] [LAT] Path 35121: 76.2µs (0.1GB/s)
  [2026-06-12 16:40:26.388] [LAT] Path 35121: 74.4µs (0.1GB/s)
  [2026-06-12 16:40:26.389] [LAT] Path 35121: 73.7µs (0.1GB/s)
  [2026-06-12 16:40:26.391] [LAT] Path 35121: 73.7µs (0.1GB/s)
  [2026-06-12 16:40:26.392] [LAT] Path 35121: 97.2µs (0.0GB/s)
  [2026-06-12 16:40:26.394] [LAT] Path 35121: 87.9µs (0.1GB/s)
  [2026-06-12 16:40:27.410] [LAT] Path 35121: 3532.1µs (0.0GB/s)
  [2026-06-12 16:40:27.412] [LAT] Path 35121: 78.6µs (0.1GB/s)
  [2026-06-12 16:40:27.414] [LAT] Path 35121: 74.8µs (0.1GB/s)
  [2026-06-12 16:40:27.415] [LAT] Path 35121: 74.6µs (0.1GB/s)
  [2026-06-12 16:40:27.417] [LAT] Path 35121: 69.0µs (0.1GB/s)
  [2026-06-12 16:40:27.418] [LAT] Path 35121: 89.5µs (0.1GB/s)
  [2026-06-12 16:40:27.420] [LAT] Path 35121: 85.5µs (0.1GB/s)
  [2026-06-12 16:40:27.421] [LAT] Path 35121: 87.5µs (0.1GB/s)
  [2026-06-12 16:40:27.423] [LAT] Path 35121: 86.0µs (0.1GB/s)
  [2026-06-12 16:40:27.424] [LAT] Path 35121: 70.7µs (0.1GB/s)
  [2026-06-12 16:40:28.437] [LAT] Path 20176: 173.0µs (0.0GB/s)
  [2026-06-12 16:40:28.439] [LAT] Path 20176: 94.0µs (0.0GB/s)
  [2026-06-12 16:40:28.440] [LAT] Path 20176: 90.0µs (0.1GB/s)
  [2026-06-12 16:40:28.442] [LAT] Path 20176: 90.4µs (0.1GB/s)
  [2026-06-12 16:40:28.444] [LAT] Path 20176: 89.7µs (0.1GB/s)
  [2026-06-12 16:40:28.445] [LAT] Path 20176: 103.2µs (0.0GB/s)
  [2026-06-12 16:40:28.447] [LAT] Path 20176: 99.6µs (0.0GB/s)
  [2026-06-12 16:40:28.448] [LAT] Path 20176: 100.5µs (0.0GB/s)
  [2026-06-12 16:40:28.450] [LAT] Path 20176: 106.6µs (0.0GB/s)
  [2026-06-12 16:40:28.452] [LAT] Path 20176: 1020.2µs (0.0GB/s)
  [2026-06-12 16:40:29.466] [LAT] Path 20176: 167.1µs (0.0GB/s)
  [2026-06-12 16:40:29.468] [LAT] Path 20176: 81.3µs (0.1GB/s)
  [2026-06-12 16:40:29.469] [LAT] Path 20176: 76.5µs (0.1GB/s)
  [2026-06-12 16:40:29.471] [LAT] Path 20176: 70.3µs (0.1GB/s)
  [2026-06-12 16:40:29.472] [LAT] Path 20176: 87.9µs (0.1GB/s)
  [2026-06-12 16:40:29.474] [LAT] Path 20176: 84.4µs (0.1GB/s)
  [2026-06-12 16:40:29.475] [LAT] Path 20176: 85.3µs (0.1GB/s)
  [2026-06-12 16:40:29.477] [LAT] Path 20176: 85.3µs (0.1GB/s)
  [2026-06-12 16:40:29.478] [LAT] Path 20176: 83.8µs (0.1GB/s)
  [2026-06-12 16:40:29.480] [LAT] Path 20176: 73.9µs (0.1GB/s)
  [2026-06-12 16:40:30.568] [LAT] Path 20176: 184.6µs (0.0GB/s)
  [2026-06-12 16:40:30.569] [LAT] Path 20176: 85.1µs (0.1GB/s)
  [2026-06-12 16:40:30.571] [LAT] Path 20176: 73.1µs (0.1GB/s)
  [2026-06-12 16:40:30.572] [LAT] Path 20176: 76.8µs (0.1GB/s)
  [2026-06-12 16:40:30.574] [LAT] Path 20176: 74.6µs (0.1GB/s)
  [2026-06-12 16:40:30.575] [LAT] Path 20176: 74.7µs (0.1GB/s)
  [2026-06-12 16:40:30.577] [LAT] Path 20176: 74.3µs (0.1GB/s)
  [2026-06-12 16:40:30.578] [LAT] Path 20176: 87.0µs (0.1GB/s)
  [2026-06-12 16:40:30.580] [LAT] Path 20176: 87.1µs (0.1GB/s)
  [2026-06-12 16:40:30.581] [LAT] Path 20176: 86.9µs (0.1GB/s)
  [2026-06-12 16:40:31.595] [LAT] Path 35121: 181.8µs (0.0GB/s)
  [2026-06-12 16:40:31.597] [LAT] Path 35121: 96.9µs (0.0GB/s)
  [2026-06-12 16:40:31.598] [LAT] Path 35121: 79.0µs (0.1GB/s)
  [2026-06-12 16:40:31.600] [LAT] Path 35121: 75.3µs (0.1GB/s)
  [2026-06-12 16:40:31.601] [LAT] Path 35121: 74.9µs (0.1GB/s)
  [2026-06-12 16:40:31.603] [LAT] Path 35121: 88.4µs (0.1GB/s)
  [2026-06-12 16:40:31.604] [LAT] Path 35121: 104.3µs (0.0GB/s)
  [2026-06-12 16:40:31.606] [LAT] Path 35121: 98.8µs (0.0GB/s)
  [2026-06-12 16:40:31.608] [LAT] Path 35121: 102.8µs (0.0GB/s)
  [2026-06-12 16:40:31.609] [LAT] Path 35121: 95.7µs (0.0GB/s)
  [2026-06-12 16:40:32.623] [LAT] Path 20176: 176.3µs (0.0GB/s)
  [2026-06-12 16:40:32.625] [LAT] Path 20176: 89.5µs (0.1GB/s)
  [2026-06-12 16:40:32.626] [LAT] Path 20176: 76.9µs (0.1GB/s)
  [2026-06-12 16:40:32.628] [LAT] Path 20176: 74.9µs (0.1GB/s)
  [2026-06-12 16:40:32.629] [LAT] Path 20176: 74.5µs (0.1GB/s)
  [2026-06-12 16:40:32.631] [LAT] Path 20176: 73.4µs (0.1GB/s)
  [2026-06-12 16:40:32.632] [LAT] Path 20176: 87.5µs (0.1GB/s)
  [2026-06-12 16:40:32.634] [LAT] Path 20176: 86.4µs (0.1GB/s)
  [2026-06-12 16:40:32.635] [LAT] Path 20176: 86.7µs (0.1GB/s)
  [2026-06-12 16:40:32.637] [LAT] Path 20176: 85.3µs (0.1GB/s)
  [2026-06-12 16:40:33.650] [LAT] Path 20176: 179.0µs (0.0GB/s)
  [2026-06-12 16:40:33.652] [LAT] Path 20176: 77.6µs (0.1GB/s)
  [2026-06-12 16:40:33.653] [LAT] Path 20176: 76.2µs (0.1GB/s)
  [2026-06-12 16:40:33.655] [LAT] Path 20176: 72.8µs (0.1GB/s)
  [2026-06-12 16:40:33.656] [LAT] Path 20176: 73.2µs (0.1GB/s)
  [2026-06-12 16:40:33.658] [LAT] Path 20176: 75.5µs (0.1GB/s)
  [2026-06-12 16:40:33.659] [LAT] Path 20176: 87.6µs (0.1GB/s)
  [2026-06-12 16:40:33.661] [LAT] Path 20176: 89.2µs (0.1GB/s)
  [2026-06-12 16:40:33.662] [LAT] Path 20176: 85.0µs (0.1GB/s)
  [2026-06-12 16:40:33.664] [LAT] Path 20176: 85.1µs (0.1GB/s)
  [2026-06-12 16:40:34.677] [LAT] Path 20176: 179.2µs (0.0GB/s)
  [2026-06-12 16:40:34.679] [LAT] Path 20176: 79.7µs (0.1GB/s)
  [2026-06-12 16:40:34.680] [LAT] Path 20176: 76.1µs (0.1GB/s)
  [2026-06-12 16:40:34.682] [LAT] Path 20176: 75.3µs (0.1GB/s)
  [2026-06-12 16:40:34.683] [LAT] Path 20176: 73.9µs (0.1GB/s)
  [2026-06-12 16:40:34.685] [LAT] Path 20176: 74.9µs (0.1GB/s)
  [2026-06-12 16:40:34.686] [LAT] Path 20176: 87.6µs (0.1GB/s)
  [2026-06-12 16:40:34.688] [LAT] Path 20176: 84.2µs (0.1GB/s)
  [2026-06-12 16:40:34.689] [LAT] Path 20176: 84.8µs (0.1GB/s)
  [2026-06-12 16:40:34.691] [LAT] Path 20176: 86.7µs (0.1GB/s)
  [2026-06-12 16:40:35.703] [LAT] Path 20176: 173.0µs (0.0GB/s)
  [2026-06-12 16:40:35.705] [LAT] Path 20176: 75.5µs (0.1GB/s)
  [2026-06-12 16:40:35.706] [LAT] Path 20176: 76.6µs (0.1GB/s)
  [2026-06-12 16:40:35.708] [LAT] Path 20176: 78.8µs (0.1GB/s)
  [2026-06-12 16:40:35.709] [LAT] Path 20176: 90.0µs (0.1GB/s)
  [2026-06-12 16:40:35.711] [LAT] Path 20176: 85.9µs (0.1GB/s)
  [2026-06-12 16:40:35.712] [LAT] Path 20176: 87.6µs (0.1GB/s)
  [2026-06-12 16:40:35.714] [LAT] Path 20176: 86.2µs (0.1GB/s)
  [2026-06-12 16:40:35.715] [LAT] Path 20176: 75.5µs (0.1GB/s)
  [2026-06-12 16:40:35.716] [LAT] Path 20176: 76.8µs (0.1GB/s)
  [2026-06-12 16:40:36.727] [LAT] Path 20176: 177.5µs (0.0GB/s)
  [2026-06-12 16:40:36.729] [LAT] Path 20176: 83.5µs (0.1GB/s)
  [2026-06-12 16:40:36.730] [LAT] Path 20176: 78.8µs (0.1GB/s)
  [2026-06-12 16:40:36.732] [LAT] Path 20176: 76.0µs (0.1GB/s)
  [2026-06-12 16:40:36.733] [LAT] Path 20176: 75.0µs (0.1GB/s)
  [2026-06-12 16:40:36.735] [LAT] Path 20176: 86.9µs (0.1GB/s)
  [2026-06-12 16:40:36.738] [LAT] Path 20176: 2203.6µs (0.0GB/s)
  [2026-06-12 16:40:36.740] [LAT] Path 20176: 86.3µs (0.1GB/s)
  [2026-06-12 16:40:36.741] [LAT] Path 20176: 75.0µs (0.1GB/s)
  [2026-06-12 16:40:36.743] [LAT] Path 20176: 73.1µs (0.1GB/s)
  [2026-06-12 16:40:37.757] [LAT] Path 20176: 935.0µs (0.0GB/s)
  [2026-06-12 16:40:37.758] [LAT] Path 20176: 76.7µs (0.1GB/s)
  [2026-06-12 16:40:37.760] [LAT] Path 20176: 74.7µs (0.1GB/s)
  [2026-06-12 16:40:37.762] [LAT] Path 20176: 217.2µs (0.0GB/s)
  [2026-06-12 16:40:37.763] [LAT] Path 20176: 87.9µs (0.1GB/s)
  [2026-06-12 16:40:37.765] [LAT] Path 20176: 85.8µs (0.1GB/s)
  [2026-06-12 16:40:37.766] [LAT] Path 20176: 86.7µs (0.1GB/s)
  [2026-06-12 16:40:37.768] [LAT] Path 20176: 85.6µs (0.1GB/s)
  [2026-06-12 16:40:37.769] [LAT] Path 20176: 69.5µs (0.1GB/s)
  [2026-06-12 16:40:37.771] [LAT] Path 20176: 75.7µs (0.1GB/s)
  [2026-06-12 16:40:38.784] [LAT] Path 20176: 176.2µs (0.0GB/s)
  [2026-06-12 16:40:38.785] [LAT] Path 20176: 78.4µs (0.1GB/s)
  [2026-06-12 16:40:38.789] [LAT] Path 20176: 2316.4µs (0.0GB/s)
  [2026-06-12 16:40:38.791] [LAT] Path 20176: 90.5µs (0.1GB/s)
  [2026-06-12 16:40:38.792] [LAT] Path 20176: 85.7µs (0.1GB/s)
  [2026-06-12 16:40:38.794] [LAT] Path 20176: 87.3µs (0.1GB/s)
  [2026-06-12 16:40:38.795] [LAT] Path 20176: 85.1µs (0.1GB/s)
  [2026-06-12 16:40:38.797] [LAT] Path 20176: 72.7µs (0.1GB/s)
  [2026-06-12 16:40:38.798] [LAT] Path 20176: 74.2µs (0.1GB/s)
  [2026-06-12 16:40:38.800] [LAT] Path 20176: 73.3µs (0.1GB/s)
  [2026-06-12 16:40:39.813] [LAT] Path 20176: 198.1µs (0.0GB/s)
  [2026-06-12 16:40:39.814] [LAT] Path 20176: 71.8µs (0.1GB/s)
  [2026-06-12 16:40:39.816] [LAT] Path 20176: 72.1µs (0.1GB/s)
  [2026-06-12 16:40:39.817] [LAT] Path 20176: 72.4µs (0.1GB/s)
  [2026-06-12 16:40:39.819] [LAT] Path 20176: 86.3µs (0.1GB/s)
  [2026-06-12 16:40:39.823] [LAT] Path 20176: 2937.9µs (0.0GB/s)
  [2026-06-12 16:40:39.826] [LAT] Path 20176: 1058.2µs (0.0GB/s)
  [2026-06-12 16:40:39.827] [LAT] Path 20176: 70.3µs (0.1GB/s)
  [2026-06-12 16:40:39.829] [LAT] Path 20176: 71.4µs (0.1GB/s)
  [2026-06-12 16:40:39.830] [LAT] Path 20176: 64.7µs (0.1GB/s)
  [2026-06-12 16:40:40.855] [LAT] Path 20176: 165.7µs (0.0GB/s)
  [2026-06-12 16:40:40.856] [LAT] Path 20176: 72.4µs (0.1GB/s)
  [2026-06-12 16:40:40.858] [LAT] Path 20176: 89.9µs (0.1GB/s)
  [2026-06-12 16:40:40.859] [LAT] Path 20176: 85.6µs (0.1GB/s)
  [2026-06-12 16:40:40.861] [LAT] Path 20176: 88.1µs (0.1GB/s)
  [2026-06-12 16:40:40.863] [LAT] Path 20176: 84.0µs (0.1GB/s)
  [2026-06-12 16:40:40.864] [LAT] Path 20176: 70.2µs (0.1GB/s)
  [2026-06-12 16:40:40.866] [LAT] Path 20176: 74.1µs (0.1GB/s)
  [2026-06-12 16:40:40.870] [LAT] Path 20176: 3035.1µs (0.0GB/s)
  [2026-06-12 16:40:40.872] [LAT] Path 20176: 90.3µs (0.1GB/s)
  [2026-06-12 16:40:41.888] [LAT] Path 18787: 145.7µs (0.0GB/s)
  [2026-06-12 16:40:41.890] [LAT] Path 18787: 92.9µs (0.0GB/s)
  [2026-06-12 16:40:41.891] [LAT] Path 18787: 81.8µs (0.1GB/s)
  [2026-06-12 16:40:41.895] [LAT] Path 18787: 2207.1µs (0.0GB/s)
  [2026-06-12 16:40:41.896] [LAT] Path 18787: 79.8µs (0.1GB/s)
  [2026-06-12 16:40:41.898] [LAT] Path 18787: 76.6µs (0.1GB/s)
  [2026-06-12 16:40:41.901] [LAT] Path 18787: 2025.7µs (0.0GB/s)
  [2026-06-12 16:40:41.903] [LAT] Path 18787: 88.1µs (0.1GB/s)
  [2026-06-12 16:40:41.904] [LAT] Path 18787: 88.3µs (0.1GB/s)
  [2026-06-12 16:40:41.906] [LAT] Path 18787: 78.3µs (0.1GB/s)
  [2026-06-12 16:40:42.934] [LAT] Path 20176: 145.4µs (0.0GB/s)
  [2026-06-12 16:40:42.936] [LAT] Path 20176: 97.3µs (0.0GB/s)
  [2026-06-12 16:40:42.937] [LAT] Path 20176: 80.8µs (0.1GB/s)
  [2026-06-12 16:40:42.939] [LAT] Path 20176: 90.7µs (0.1GB/s)
  [2026-06-12 16:40:42.940] [LAT] Path 20176: 87.8µs (0.1GB/s)
  [2026-06-12 16:40:42.942] [LAT] Path 20176: 90.3µs (0.1GB/s)
  [2026-06-12 16:40:42.943] [LAT] Path 20176: 90.1µs (0.1GB/s)
  [2026-06-12 16:40:42.945] [LAT] Path 20176: 76.7µs (0.1GB/s)
  [2026-06-12 16:40:42.946] [LAT] Path 20176: 87.1µs (0.1GB/s)
  [2026-06-12 16:40:42.950] [LAT] Path 20176: 2587.2µs (0.0GB/s)
  [2026-06-12 16:40:43.990] [LAT] Path 35121: 184.5µs (0.0GB/s)
  [2026-06-12 16:40:43.992] [LAT] Path 35121: 95.6µs (0.0GB/s)
  [2026-06-12 16:40:43.993] [LAT] Path 35121: 104.4µs (0.0GB/s)
  [2026-06-12 16:40:43.995] [LAT] Path 35121: 97.7µs (0.0GB/s)
  [2026-06-12 16:40:43.996] [LAT] Path 35121: 98.5µs (0.0GB/s)
  [2026-06-12 16:40:43.998] [LAT] Path 35121: 100.4µs (0.0GB/s)
  [2026-06-12 16:40:43.999] [LAT] Path 35121: 90.8µs (0.1GB/s)
  [2026-06-12 16:40:44.001] [LAT] Path 35121: 89.5µs (0.1GB/s)
  [2026-06-12 16:40:44.003] [LAT] Path 35121: 86.1µs (0.1GB/s)
  [2026-06-12 16:40:44.004] [LAT] Path 35121: 89.8µs (0.1GB/s)
  [2026-06-12 16:40:45.017] [LAT] Path 35121: 165.3µs (0.0GB/s)
  [2026-06-12 16:40:45.019] [LAT] Path 35121: 88.6µs (0.1GB/s)
  [2026-06-12 16:40:45.020] [LAT] Path 35121: 87.8µs (0.1GB/s)
  [2026-06-12 16:40:45.022] [LAT] Path 35121: 84.9µs (0.1GB/s)
  [2026-06-12 16:40:45.023] [LAT] Path 35121: 85.0µs (0.1GB/s)
  [2026-06-12 16:40:45.025] [LAT] Path 35121: 70.0µs (0.1GB/s)
  [2026-06-12 16:40:45.026] [LAT] Path 35121: 74.8µs (0.1GB/s)
  [2026-06-12 16:40:45.028] [LAT] Path 35121: 73.0µs (0.1GB/s)
  [2026-06-12 16:40:45.029] [LAT] Path 35121: 72.9µs (0.1GB/s)
  [2026-06-12 16:40:45.031] [LAT] Path 35121: 71.8µs (0.1GB/s)
  [2026-06-12 16:40:46.044] [LAT] Path 35121: 174.6µs (0.0GB/s)
  [2026-06-12 16:40:46.046] [LAT] Path 35121: 88.0µs (0.1GB/s)
  [2026-06-12 16:40:46.047] [LAT] Path 35121: 84.9µs (0.1GB/s)
  [2026-06-12 16:40:46.049] [LAT] Path 35121: 85.8µs (0.1GB/s)
  [2026-06-12 16:40:46.050] [LAT] Path 35121: 68.4µs (0.1GB/s)
  [2026-06-12 16:40:46.052] [LAT] Path 35121: 72.2µs (0.1GB/s)
  [2026-06-12 16:40:46.053] [LAT] Path 35121: 74.4µs (0.1GB/s)
  [2026-06-12 16:40:46.055] [LAT] Path 35121: 70.5µs (0.1GB/s)
  [2026-06-12 16:40:46.056] [LAT] Path 35121: 68.9µs (0.1GB/s)
  [2026-06-12 16:40:46.058] [LAT] Path 35121: 84.1µs (0.1GB/s)
  [2026-06-12 16:40:47.072] [LAT] Path 35121: 1748.3µs (0.0GB/s)
  [2026-06-12 16:40:47.074] [LAT] Path 35121: 87.4µs (0.1GB/s)
  [2026-06-12 16:40:47.075] [LAT] Path 35121: 85.3µs (0.1GB/s)
  [2026-06-12 16:40:47.077] [LAT] Path 35121: 75.3µs (0.1GB/s)
  [2026-06-12 16:40:47.078] [LAT] Path 35121: 75.0µs (0.1GB/s)
  [2026-06-12 16:40:47.080] [LAT] Path 35121: 74.7µs (0.1GB/s)
  [2026-06-12 16:40:47.081] [LAT] Path 35121: 72.8µs (0.1GB/s)
  [2026-06-12 16:40:47.083] [LAT] Path 35121: 68.0µs (0.1GB/s)
  [2026-06-12 16:40:47.084] [LAT] Path 35121: 86.4µs (0.1GB/s)
  [2026-06-12 16:40:47.086] [LAT] Path 35121: 85.6µs (0.1GB/s)
  [2026-06-12 16:40:48.100] [LAT] Path 35121: 158.6µs (0.0GB/s)
  [2026-06-12 16:40:48.102] [LAT] Path 35121: 419.9µs (0.0GB/s)
  [2026-06-12 16:40:48.103] [LAT] Path 35121: 70.3µs (0.1GB/s)
  [2026-06-12 16:40:48.105] [LAT] Path 35121: 78.0µs (0.1GB/s)
  [2026-06-12 16:40:48.106] [LAT] Path 35121: 88.5µs (0.1GB/s)
  [2026-06-12 16:40:48.108] [LAT] Path 35121: 87.6µs (0.1GB/s)
  [2026-06-12 16:40:48.109] [LAT] Path 35121: 84.3µs (0.1GB/s)
  [2026-06-12 16:40:48.111] [LAT] Path 35121: 85.0µs (0.1GB/s)
  [2026-06-12 16:40:48.112] [LAT] Path 35121: 74.9µs (0.1GB/s)
  [2026-06-12 16:40:48.114] [LAT] Path 35121: 73.3µs (0.1GB/s)
  [2026-06-12 16:40:49.183] [LAT] Path 35121: 185.0µs (0.0GB/s)
  [2026-06-12 16:40:49.184] [LAT] Path 35121: 89.5µs (0.1GB/s)
  [2026-06-12 16:40:49.186] [LAT] Path 35121: 86.3µs (0.1GB/s)
  [2026-06-12 16:40:49.187] [LAT] Path 35121: 89.5µs (0.1GB/s)
  [2026-06-12 16:40:49.189] [LAT] Path 35121: 73.0µs (0.1GB/s)
  [2026-06-12 16:40:49.190] [LAT] Path 35121: 71.3µs (0.1GB/s)
  [2026-06-12 16:40:49.192] [LAT] Path 35121: 76.4µs (0.1GB/s)
  [2026-06-12 16:40:49.193] [LAT] Path 35121: 76.1µs (0.1GB/s)
  [2026-06-12 16:40:49.195] [LAT] Path 35121: 71.4µs (0.1GB/s)
  [2026-06-12 16:40:49.196] [LAT] Path 35121: 378.8µs (0.0GB/s)
  [2026-06-12 16:40:50.324] [BW] Path 27010: 8988.7µs (14.9GB/s)
  [2026-06-12 16:40:50.328] [LAT] Path 27010: 2185.0µs (0.0GB/s)
  [2026-06-12 16:40:50.329] [LAT] Path 27010: 94.5µs (0.0GB/s)
  [2026-06-12 16:40:50.331] [LAT] Path 27010: 86.5µs (0.1GB/s)
  [2026-06-12 16:40:50.333] [LAT] Path 27010: 86.6µs (0.1GB/s)
  [2026-06-12 16:40:50.334] [LAT] Path 27010: 86.8µs (0.1GB/s)
  [2026-06-12 16:40:50.336] [LAT] Path 27010: 73.1µs (0.1GB/s)
  [2026-06-12 16:40:50.339] [LAT] Path 27010: 2084.3µs (0.0GB/s)
  [2026-06-12 16:40:50.341] [LAT] Path 27010: 73.1µs (0.1GB/s)
  [2026-06-12 16:40:50.343] [LAT] Path 27010: 72.8µs (0.1GB/s)
  [2026-06-12 16:40:51.381] [LAT] Path 20176: 186.6µs (0.0GB/s)
  [2026-06-12 16:40:51.382] [LAT] Path 20176: 148.9µs (0.0GB/s)
  [2026-06-12 16:40:51.384] [LAT] Path 20176: 148.4µs (0.0GB/s)
  [2026-06-12 16:40:51.385] [LAT] Path 20176: 76.0µs (0.1GB/s)
  [2026-06-12 16:40:51.387] [LAT] Path 20176: 73.0µs (0.1GB/s)
  [2026-06-12 16:40:51.388] [LAT] Path 20176: 71.1µs (0.1GB/s)
  [2026-06-12 16:40:51.390] [LAT] Path 20176: 85.8µs (0.1GB/s)
  [2026-06-12 16:40:51.391] [LAT] Path 20176: 87.2µs (0.1GB/s)
  [2026-06-12 16:40:51.393] [LAT] Path 20176: 85.8µs (0.1GB/s)
  [2026-06-12 16:40:51.394] [LAT] Path 20176: 89.1µs (0.1GB/s)
  [2026-06-12 16:40:52.426] [LAT] Path 35121: 174.0µs (0.0GB/s)
  [2026-06-12 16:40:52.427] [LAT] Path 35121: 78.3µs (0.1GB/s)
  [2026-06-12 16:40:52.429] [LAT] Path 35121: 86.0µs (0.1GB/s)
  [2026-06-12 16:40:52.432] [LAT] Path 35121: 1658.6µs (0.0GB/s)
  [2026-06-12 16:40:52.433] [LAT] Path 35121: 85.3µs (0.1GB/s)
  [2026-06-12 16:40:52.435] [LAT] Path 35121: 85.1µs (0.1GB/s)
  [2026-06-12 16:40:52.436] [LAT] Path 35121: 77.8µs (0.1GB/s)
  [2026-06-12 16:40:52.438] [LAT] Path 35121: 71.4µs (0.1GB/s)
  [2026-06-12 16:40:52.439] [LAT] Path 35121: 78.0µs (0.1GB/s)
  [2026-06-12 16:40:52.441] [LAT] Path 35121: 93.0µs (0.0GB/s)
  [2026-06-12 16:40:53.498] [LAT] Path 20176: 185.0µs (0.0GB/s)
  [2026-06-12 16:40:53.501] [LAT] Path 20176: 927.5µs (0.0GB/s)
  [2026-06-12 16:40:53.504] [LAT] Path 20176: 1898.4µs (0.0GB/s)
  [2026-06-12 16:40:53.506] [LAT] Path 20176: 73.1µs (0.1GB/s)
  [2026-06-12 16:40:53.507] [LAT] Path 20176: 70.1µs (0.1GB/s)
  [2026-06-12 16:40:53.509] [LAT] Path 20176: 87.5µs (0.1GB/s)
  [2026-06-12 16:40:53.510] [LAT] Path 20176: 87.3µs (0.1GB/s)
  [2026-06-12 16:40:53.512] [LAT] Path 20176: 85.0µs (0.1GB/s)
  [2026-06-12 16:40:53.513] [LAT] Path 20176: 88.0µs (0.1GB/s)
  [2026-06-12 16:40:53.515] [LAT] Path 20176: 68.1µs (0.1GB/s)
  [2026-06-12 16:40:54.557] [LAT] Path 35121: 171.5µs (0.0GB/s)
  [2026-06-12 16:40:54.559] [LAT] Path 35121: 75.0µs (0.1GB/s)
  [2026-06-12 16:40:54.562] [LAT] Path 35121: 1704.7µs (0.0GB/s)
  [2026-06-12 16:40:54.564] [LAT] Path 35121: 88.2µs (0.1GB/s)
  [2026-06-12 16:40:54.565] [LAT] Path 35121: 87.8µs (0.1GB/s)
  [2026-06-12 16:40:54.567] [LAT] Path 35121: 86.6µs (0.1GB/s)
  [2026-06-12 16:40:54.568] [LAT] Path 35121: 86.3µs (0.1GB/s)
  [2026-06-12 16:40:54.570] [LAT] Path 35121: 74.1µs (0.1GB/s)
  [2026-06-12 16:40:54.571] [LAT] Path 35121: 73.0µs (0.1GB/s)
  [2026-06-12 16:40:54.573] [LAT] Path 35121: 76.5µs (0.1GB/s)
  [2026-06-12 16:40:55.589] [LAT] Path 35121: 187.7µs (0.0GB/s)
  [2026-06-12 16:40:55.590] [LAT] Path 35121: 86.8µs (0.1GB/s)
  [2026-06-12 16:40:55.592] [LAT] Path 35121: 87.2µs (0.1GB/s)
  [2026-06-12 16:40:55.593] [LAT] Path 35121: 85.5µs (0.1GB/s)
  [2026-06-12 16:40:55.595] [LAT] Path 35121: 73.4µs (0.1GB/s)
  [2026-06-12 16:40:55.596] [LAT] Path 35121: 73.4µs (0.1GB/s)
  [2026-06-12 16:40:55.598] [LAT] Path 35121: 72.4µs (0.1GB/s)
  [2026-06-12 16:40:55.599] [LAT] Path 35121: 72.8µs (0.1GB/s)
  [2026-06-12 16:40:55.601] [LAT] Path 35121: 73.2µs (0.1GB/s)
  [2026-06-12 16:40:55.602] [LAT] Path 35121: 84.8µs (0.1GB/s)
  [2026-06-12 16:40:56.616] [LAT] Path 35121: 184.6µs (0.0GB/s)
  [2026-06-12 16:40:56.617] [LAT] Path 35121: 88.3µs (0.1GB/s)
  [2026-06-12 16:40:56.619] [LAT] Path 35121: 70.6µs (0.1GB/s)
  [2026-06-12 16:40:56.620] [LAT] Path 35121: 76.9µs (0.1GB/s)
  [2026-06-12 16:40:56.622] [LAT] Path 35121: 75.5µs (0.1GB/s)
  [2026-06-12 16:40:56.623] [LAT] Path 35121: 72.8µs (0.1GB/s)
  [2026-06-12 16:40:56.625] [LAT] Path 35121: 71.9µs (0.1GB/s)
  [2026-06-12 16:40:56.626] [LAT] Path 35121: 97.2µs (0.0GB/s)
  [2026-06-12 16:40:56.628] [LAT] Path 35121: 100.3µs (0.0GB/s)
  [2026-06-12 16:40:56.630] [LAT] Path 35121: 102.2µs (0.0GB/s)
  [2026-06-12 16:40:57.643] [LAT] Path 20176: 167.3µs (0.0GB/s)
  [2026-06-12 16:40:57.645] [LAT] Path 20176: 76.2µs (0.1GB/s)
  [2026-06-12 16:40:57.646] [LAT] Path 20176: 73.8µs (0.1GB/s)
  [2026-06-12 16:40:57.648] [LAT] Path 20176: 67.3µs (0.1GB/s)
  [2026-06-12 16:40:57.649] [LAT] Path 20176: 87.9µs (0.1GB/s)
  [2026-06-12 16:40:57.651] [LAT] Path 20176: 85.5µs (0.1GB/s)
  [2026-06-12 16:40:57.652] [LAT] Path 20176: 86.2µs (0.1GB/s)
  [2026-06-12 16:40:57.654] [LAT] Path 20176: 85.5µs (0.1GB/s)
  [2026-06-12 16:40:57.655] [LAT] Path 20176: 69.6µs (0.1GB/s)
  [2026-06-12 16:40:57.658] [LAT] Path 20176: 1531.4µs (0.0GB/s)
  [2026-06-12 16:40:58.671] [LAT] Path 20176: 167.7µs (0.0GB/s)
  [2026-06-12 16:40:58.673] [LAT] Path 20176: 73.5µs (0.1GB/s)
  [2026-06-12 16:40:58.674] [LAT] Path 20176: 73.7µs (0.1GB/s)
  [2026-06-12 16:40:58.676] [LAT] Path 20176: 86.2µs (0.1GB/s)
  [2026-06-12 16:40:58.677] [LAT] Path 20176: 87.3µs (0.1GB/s)
  [2026-06-12 16:40:58.679] [LAT] Path 20176: 83.3µs (0.1GB/s)
  [2026-06-12 16:40:58.680] [LAT] Path 20176: 85.0µs (0.1GB/s)
  [2026-06-12 16:40:58.682] [LAT] Path 20176: 84.8µs (0.1GB/s)
  [2026-06-12 16:40:58.683] [LAT] Path 20176: 73.4µs (0.1GB/s)
  [2026-06-12 16:40:58.685] [LAT] Path 20176: 73.4µs (0.1GB/s)
  [2026-06-12 16:40:59.698] [LAT] Path 20176: 168.9µs (0.0GB/s)
  [2026-06-12 16:40:59.700] [LAT] Path 20176: 75.4µs (0.1GB/s)
  [2026-06-12 16:40:59.701] [LAT] Path 20176: 72.3µs (0.1GB/s)
  [2026-06-12 16:40:59.703] [LAT] Path 20176: 85.5µs (0.1GB/s)
  [2026-06-12 16:40:59.704] [LAT] Path 20176: 84.9µs (0.1GB/s)
  [2026-06-12 16:40:59.709] [LAT] Path 20176: 3370.2µs (0.0GB/s)
  [2026-06-12 16:40:59.710] [LAT] Path 20176: 78.6µs (0.1GB/s)
  [2026-06-12 16:40:59.712] [LAT] Path 20176: 73.5µs (0.1GB/s)
  [2026-06-12 16:40:59.713] [LAT] Path 20176: 72.4µs (0.1GB/s)
  [2026-06-12 16:40:59.715] [LAT] Path 20176: 72.5µs (0.1GB/s)
  [2026-06-12 16:41:00.728] [LAT] Path 35121: 170.4µs (0.0GB/s)
  [2026-06-12 16:41:00.729] [LAT] Path 35121: 77.0µs (0.1GB/s)
  [2026-06-12 16:41:00.731] [LAT] Path 35121: 92.2µs (0.0GB/s)
  [2026-06-12 16:41:00.732] [LAT] Path 35121: 86.7µs (0.1GB/s)
  [2026-06-12 16:41:00.734] [LAT] Path 35121: 86.4µs (0.1GB/s)
  [2026-06-12 16:41:00.735] [LAT] Path 35121: 85.7µs (0.1GB/s)
  [2026-06-12 16:41:00.737] [LAT] Path 35121: 88.6µs (0.1GB/s)
  [2026-06-12 16:41:00.738] [LAT] Path 35121: 73.5µs (0.1GB/s)
  [2026-06-12 16:41:00.741] [LAT] Path 35121: 1347.1µs (0.0GB/s)
  [2026-06-12 16:41:00.742] [LAT] Path 35121: 93.6µs (0.0GB/s)
  [2026-06-12 16:41:01.763] [BW] Path 48316: 9055.3µs (14.8GB/s)
  [2026-06-12 16:41:01.772] [BW] Path 48316: 7575.6µs (17.7GB/s)
  [2026-06-12 16:41:01.782] [BW] Path 48316: 8597.3µs (15.6GB/s)
  [2026-06-12 16:41:01.791] [BW] Path 48316: 7527.0µs (17.8GB/s)
  [2026-06-12 16:41:01.801] [BW] Path 48316: 8442.1µs (15.9GB/s)
  [2026-06-12 16:41:01.810] [BW] Path 48316: 8313.9µs (16.1GB/s)
  [2026-06-12 16:41:01.820] [BW] Path 48316: 8324.1µs (16.1GB/s)
  [2026-06-12 16:41:01.830] [BW] Path 48316: 8488.4µs (15.8GB/s)
  [2026-06-12 16:41:01.840] [BW] Path 48316: 8195.7µs (16.4GB/s)
  [2026-06-12 16:41:01.849] [BW] Path 48316: 7952.3µs (16.9GB/s)
  [2026-06-12 16:41:02.892] [BW] Path 47117: 8341.0µs (16.1GB/s)
  [2026-06-12 16:41:02.901] [BW] Path 47117: 7848.1µs (17.1GB/s)
  [2026-06-12 16:41:02.911] [BW] Path 47117: 8220.5µs (16.3GB/s)
  [2026-06-12 16:41:02.920] [BW] Path 47117: 7818.2µs (17.2GB/s)
  [2026-06-12 16:41:02.930] [BW] Path 47117: 8169.7µs (16.4GB/s)
  [2026-06-12 16:41:02.939] [BW] Path 47117: 7707.9µs (17.4GB/s)
  [2026-06-12 16:41:02.949] [BW] Path 47117: 8255.0µs (16.3GB/s)
  [2026-06-12 16:41:02.958] [BW] Path 47117: 7757.5µs (17.3GB/s)
  [2026-06-12 16:41:02.968] [BW] Path 47117: 8337.5µs (16.1GB/s)
  [2026-06-12 16:41:02.977] [BW] Path 47117: 7664.5µs (17.5GB/s)
  [2026-06-12 16:41:04.006] [BW] Path 47117: 7727.6µs (17.4GB/s)
  [2026-06-12 16:41:04.016] [BW] Path 47117: 8180.3µs (16.4GB/s)
  [2026-06-12 16:41:04.025] [BW] Path 47117: 7695.4µs (17.4GB/s)
  [2026-06-12 16:41:04.035] [BW] Path 47117: 8452.7µs (15.9GB/s)
  [2026-06-12 16:41:04.044] [BW] Path 47117: 7444.3µs (18.0GB/s)
  [2026-06-12 16:41:04.054] [BW] Path 47117: 8675.1µs (15.5GB/s)
  [2026-06-12 16:41:04.063] [BW] Path 47117: 7264.7µs (18.5GB/s)
  [2026-06-12 16:41:04.073] [BW] Path 47117: 8900.4µs (15.1GB/s)
  [2026-06-12 16:41:04.082] [BW] Path 47117: 7049.5µs (19.0GB/s)
  [2026-06-12 16:41:04.092] [BW] Path 47117: 9036.0µs (14.8GB/s)
  [2026-06-12 16:41:05.112] [BW] Path 47117: 9383.6µs (14.3GB/s)
  [2026-06-12 16:41:05.120] [BW] Path 47117: 7106.1µs (18.9GB/s)
  [2026-06-12 16:41:05.131] [BW] Path 47117: 8923.1µs (15.0GB/s)
  [2026-06-12 16:41:05.139] [BW] Path 47117: 7359.4µs (18.2GB/s)
  [2026-06-12 16:41:05.150] [BW] Path 47117: 8706.8µs (15.4GB/s)
  [2026-06-12 16:41:05.159] [BW] Path 47117: 7602.0µs (17.7GB/s)
  [2026-06-12 16:41:05.169] [BW] Path 47117: 8430.1µs (15.9GB/s)
  [2026-06-12 16:41:05.178] [BW] Path 47117: 7804.8µs (17.2GB/s)
  [2026-06-12 16:41:05.188] [BW] Path 47117: 8212.0µs (16.3GB/s)
  [2026-06-12 16:41:05.197] [BW] Path 47117: 8117.2µs (16.5GB/s)
  [2026-06-12 16:41:06.216] [BW] Path 47117: 8669.5µs (15.5GB/s)
  [2026-06-12 16:41:06.225] [BW] Path 47117: 7430.5µs (18.1GB/s)
  [2026-06-12 16:41:06.235] [BW] Path 47117: 8448.5µs (15.9GB/s)
  [2026-06-12 16:41:06.244] [BW] Path 47117: 7748.3µs (17.3GB/s)
  [2026-06-12 16:41:06.254] [BW] Path 47117: 8110.1µs (16.6GB/s)
  [2026-06-12 16:41:06.263] [BW] Path 47117: 7905.4µs (17.0GB/s)
  [2026-06-12 16:41:06.273] [BW] Path 47117: 8004.7µs (16.8GB/s)
  [2026-06-12 16:41:06.282] [BW] Path 47117: 8113.1µs (16.5GB/s)
  [2026-06-12 16:41:06.291] [BW] Path 47117: 7757.1µs (17.3GB/s)
  [2026-06-12 16:41:06.301] [BW] Path 47117: 8140.7µs (16.5GB/s)
  [2026-06-12 16:41:07.320] [BW] Path 48316: 9236.6µs (14.5GB/s)
  [2026-06-12 16:41:07.329] [BW] Path 48316: 6751.5µs (19.9GB/s)
  [2026-06-12 16:41:07.339] [BW] Path 48316: 9407.4µs (14.3GB/s)
  [2026-06-12 16:41:07.348] [BW] Path 48316: 6740.2µs (19.9GB/s)
  [2026-06-12 16:41:07.359] [BW] Path 48316: 9603.8µs (14.0GB/s)
  [2026-06-12 16:41:07.367] [BW] Path 48316: 6672.7µs (20.1GB/s)
  [2026-06-12 16:41:07.378] [BW] Path 48316: 9813.0µs (13.7GB/s)
  [2026-06-12 16:41:07.386] [BW] Path 48316: 6715.0µs (20.0GB/s)
  [2026-06-12 16:41:07.398] [BW] Path 48316: 9946.4µs (13.5GB/s)
  [2026-06-12 16:41:07.406] [BW] Path 48316: 6714.6µs (20.0GB/s)
  [2026-06-12 16:41:08.424] [BW] Path 48316: 7862.7µs (17.1GB/s)
  [2026-06-12 16:41:08.707] [BW] Path 48316: 6647.2µs (20.2GB/s)
  [2026-06-12 16:41:08.717] [BW] Path 48316: 8638.9µs (15.5GB/s)
  [2026-06-12 16:41:08.725] [BW] Path 48316: 7247.6µs (18.5GB/s)
  [2026-06-12 16:41:08.736] [BW] Path 48316: 8938.6µs (15.0GB/s)
  [2026-06-12 16:41:08.744] [BW] Path 48316: 7018.7µs (19.1GB/s)
  [2026-06-12 16:41:08.755] [BW] Path 48316: 9194.6µs (14.6GB/s)
  [2026-06-12 16:41:08.763] [BW] Path 48316: 6813.3µs (19.7GB/s)
  [2026-06-12 16:41:08.774] [BW] Path 48316: 9311.6µs (14.4GB/s)
  [2026-06-12 16:41:08.782] [BW] Path 48316: 6727.4µs (19.9GB/s)
  [2026-06-12 16:41:09.795] [LAT] Path 20176: 110.3µs (0.0GB/s)
  [2026-06-12 16:41:09.796] [LAT] Path 20176: 74.1µs (0.1GB/s)
  [2026-06-12 16:41:09.798] [LAT] Path 20176: 74.5µs (0.1GB/s)
  [2026-06-12 16:41:09.799] [LAT] Path 20176: 67.6µs (0.1GB/s)
  [2026-06-12 16:41:09.801] [LAT] Path 20176: 655.7µs (0.0GB/s)
  [2026-06-12 16:41:09.803] [LAT] Path 20176: 83.9µs (0.1GB/s)
  [2026-06-12 16:41:09.804] [LAT] Path 20176: 84.6µs (0.1GB/s)
  [2026-06-12 16:41:09.806] [LAT] Path 20176: 584.8µs (0.0GB/s)
  [2026-06-12 16:41:09.808] [LAT] Path 20176: 74.2µs (0.1GB/s)
  [2026-06-12 16:41:09.810] [LAT] Path 20176: 73.5µs (0.1GB/s)
  [2026-06-12 16:41:10.821] [LAT] Path 20176: 76.8µs (0.1GB/s)
  [2026-06-12 16:41:10.823] [LAT] Path 20176: 89.5µs (0.1GB/s)
  [2026-06-12 16:41:10.824] [LAT] Path 20176: 86.7µs (0.1GB/s)
  [2026-06-12 16:41:10.826] [LAT] Path 20176: 84.6µs (0.1GB/s)
  [2026-06-12 16:41:10.828] [LAT] Path 20176: 84.9µs (0.1GB/s)
  [2026-06-12 16:41:10.829] [LAT] Path 20176: 71.1µs (0.1GB/s)
  [2026-06-12 16:41:10.831] [LAT] Path 20176: 74.0µs (0.1GB/s)
  [2026-06-12 16:41:10.832] [LAT] Path 20176: 73.2µs (0.1GB/s)
  [2026-06-12 16:41:10.834] [LAT] Path 20176: 74.4µs (0.1GB/s)
  [2026-06-12 16:41:10.835] [LAT] Path 20176: 71.3µs (0.1GB/s)
  [2026-06-12 16:41:11.848] [LAT] Path 35121: 101.9µs (0.0GB/s)
  [2026-06-12 16:41:11.849] [LAT] Path 35121: 74.3µs (0.1GB/s)
  [2026-06-12 16:41:11.851] [LAT] Path 35121: 75.4µs (0.1GB/s)
  [2026-06-12 16:41:11.853] [LAT] Path 35121: 84.0µs (0.1GB/s)
  [2026-06-12 16:41:11.854] [LAT] Path 35121: 87.4µs (0.1GB/s)
  [2026-06-12 16:41:11.856] [LAT] Path 35121: 84.6µs (0.1GB/s)
  [2026-06-12 16:41:11.859] [LAT] Path 35121: 1705.0µs (0.0GB/s)
  [2026-06-12 16:41:11.860] [LAT] Path 35121: 76.3µs (0.1GB/s)
  [2026-06-12 16:41:11.862] [LAT] Path 35121: 75.0µs (0.1GB/s)
  [2026-06-12 16:41:11.864] [LAT] Path 35121: 74.0µs (0.1GB/s)
  [2026-06-12 16:41:12.876] [LAT] Path 20176: 107.9µs (0.0GB/s)
  [2026-06-12 16:41:12.878] [LAT] Path 20176: 76.9µs (0.1GB/s)
  [2026-06-12 16:41:12.879] [LAT] Path 20176: 75.2µs (0.1GB/s)
  [2026-06-12 16:41:12.881] [LAT] Path 20176: 74.3µs (0.1GB/s)
  [2026-06-12 16:41:12.883] [LAT] Path 20176: 89.7µs (0.1GB/s)
  [2026-06-12 16:41:12.884] [LAT] Path 20176: 86.2µs (0.1GB/s)
  [2026-06-12 16:41:12.886] [LAT] Path 20176: 86.7µs (0.1GB/s)
  [2026-06-12 16:41:12.887] [LAT] Path 20176: 85.0µs (0.1GB/s)
  [2026-06-12 16:41:12.889] [LAT] Path 20176: 407.6µs (0.0GB/s)
  [2026-06-12 16:41:12.891] [LAT] Path 20176: 74.9µs (0.1GB/s)
  [2026-06-12 16:41:13.903] [LAT] Path 20176: 79.4µs (0.1GB/s)
  [2026-06-12 16:41:13.905] [LAT] Path 20176: 77.3µs (0.1GB/s)
  [2026-06-12 16:41:13.907] [LAT] Path 20176: 72.8µs (0.1GB/s)
  [2026-06-12 16:41:13.908] [LAT] Path 20176: 73.2µs (0.1GB/s)
  [2026-06-12 16:41:13.910] [LAT] Path 20176: 68.6µs (0.1GB/s)
  [2026-06-12 16:41:13.911] [LAT] Path 20176: 89.3µs (0.1GB/s)
  [2026-06-12 16:41:13.913] [LAT] Path 20176: 87.2µs (0.1GB/s)
  [2026-06-12 16:41:13.915] [LAT] Path 20176: 92.0µs (0.0GB/s)
  [2026-06-12 16:41:13.916] [LAT] Path 20176: 85.1µs (0.1GB/s)
  [2026-06-12 16:41:13.918] [LAT] Path 20176: 77.2µs (0.1GB/s)
  [2026-06-12 16:41:14.930] [LAT] Path 20176: 91.7µs (0.0GB/s)
  [2026-06-12 16:41:14.932] [LAT] Path 20176: 89.0µs (0.1GB/s)
  [2026-06-12 16:41:14.933] [LAT] Path 20176: 76.7µs (0.1GB/s)
  [2026-06-12 16:41:14.935] [LAT] Path 20176: 74.2µs (0.1GB/s)
  [2026-06-12 16:41:14.937] [LAT] Path 20176: 75.0µs (0.1GB/s)
  [2026-06-12 16:41:14.938] [LAT] Path 20176: 75.3µs (0.1GB/s)
  [2026-06-12 16:41:14.940] [LAT] Path 20176: 436.4µs (0.0GB/s)
  [2026-06-12 16:41:14.942] [LAT] Path 20176: 87.3µs (0.1GB/s)
  [2026-06-12 16:41:14.943] [LAT] Path 20176: 86.7µs (0.1GB/s)
  [2026-06-12 16:41:14.946] [LAT] Path 20176: 1087.8µs (0.0GB/s)
  [2026-06-12 16:41:15.958] [LAT] Path 20176: 137.7µs (0.0GB/s)
  [2026-06-12 16:41:15.959] [LAT] Path 20176: 89.9µs (0.1GB/s)
  [2026-06-12 16:41:15.961] [LAT] Path 20176: 86.7µs (0.1GB/s)
  [2026-06-12 16:41:15.962] [LAT] Path 20176: 87.9µs (0.1GB/s)
  [2026-06-12 16:41:15.964] [LAT] Path 20176: 88.1µs (0.1GB/s)
  [2026-06-12 16:41:15.966] [LAT] Path 20176: 522.9µs (0.0GB/s)
  [2026-06-12 16:41:15.968] [LAT] Path 20176: 75.5µs (0.1GB/s)
  [2026-06-12 16:41:15.969] [LAT] Path 20176: 74.5µs (0.1GB/s)
  [2026-06-12 16:41:15.971] [LAT] Path 20176: 708.9µs (0.0GB/s)
  [2026-06-12 16:41:15.973] [LAT] Path 20176: 88.5µs (0.1GB/s)
  [2026-06-12 16:41:16.984] [LAT] Path 35121: 78.7µs (0.1GB/s)
  [2026-06-12 16:41:16.985] [LAT] Path 35121: 74.7µs (0.1GB/s)
  [2026-06-12 16:41:16.987] [LAT] Path 35121: 72.9µs (0.1GB/s)
  [2026-06-12 16:41:16.988] [LAT] Path 35121: 73.8µs (0.1GB/s)
  [2026-06-12 16:41:16.990] [LAT] Path 35121: 90.2µs (0.1GB/s)
  [2026-06-12 16:41:16.992] [LAT] Path 35121: 85.5µs (0.1GB/s)
  [2026-06-12 16:41:16.995] [LAT] Path 35121: 2017.7µs (0.0GB/s)
  [2026-06-12 16:41:16.997] [LAT] Path 35121: 77.6µs (0.1GB/s)
  [2026-06-12 16:41:16.998] [LAT] Path 35121: 73.9µs (0.1GB/s)
  [2026-06-12 16:41:17.000] [LAT] Path 35121: 73.3µs (0.1GB/s)
  [2026-06-12 16:41:18.012] [LAT] Path 20176: 79.3µs (0.1GB/s)
  [2026-06-12 16:41:18.014] [LAT] Path 20176: 75.5µs (0.1GB/s)
  [2026-06-12 16:41:18.015] [LAT] Path 20176: 75.5µs (0.1GB/s)
  [2026-06-12 16:41:18.017] [LAT] Path 20176: 73.4µs (0.1GB/s)
  [2026-06-12 16:41:18.018] [LAT] Path 20176: 86.8µs (0.1GB/s)
  [2026-06-12 16:41:18.020] [LAT] Path 20176: 89.2µs (0.1GB/s)
  [2026-06-12 16:41:18.022] [LAT] Path 20176: 86.5µs (0.1GB/s)
  [2026-06-12 16:41:18.023] [LAT] Path 20176: 86.2µs (0.1GB/s)
  [2026-06-12 16:41:18.025] [LAT] Path 20176: 88.7µs (0.1GB/s)
  [2026-06-12 16:41:18.026] [LAT] Path 20176: 85.2µs (0.1GB/s)
  [2026-06-12 16:41:19.039] [LAT] Path 20176: 93.3µs (0.0GB/s)
  [2026-06-12 16:41:19.041] [LAT] Path 20176: 87.1µs (0.1GB/s)
  [2026-06-12 16:41:19.042] [LAT] Path 20176: 70.0µs (0.1GB/s)
  [2026-06-12 16:41:19.044] [LAT] Path 20176: 74.8µs (0.1GB/s)
  [2026-06-12 16:41:19.045] [LAT] Path 20176: 74.3µs (0.1GB/s)
  [2026-06-12 16:41:19.047] [LAT] Path 20176: 72.7µs (0.1GB/s)
  [2026-06-12 16:41:19.049] [LAT] Path 20176: 69.8µs (0.1GB/s)
  [2026-06-12 16:41:19.050] [LAT] Path 20176: 88.0µs (0.1GB/s)
  [2026-06-12 16:41:19.052] [LAT] Path 20176: 85.1µs (0.1GB/s)
  [2026-06-12 16:41:19.053] [LAT] Path 20176: 88.0µs (0.1GB/s)
  [2026-06-12 16:41:20.065] [LAT] Path 35121: 100.0µs (0.0GB/s)
  [2026-06-12 16:41:20.067] [LAT] Path 35121: 95.7µs (0.0GB/s)
  [2026-06-12 16:41:20.069] [LAT] Path 35121: 79.1µs (0.1GB/s)
  [2026-06-12 16:41:20.070] [LAT] Path 35121: 73.7µs (0.1GB/s)
  [2026-06-12 16:41:20.072] [LAT] Path 35121: 74.7µs (0.1GB/s)
  [2026-06-12 16:41:20.073] [LAT] Path 35121: 73.9µs (0.1GB/s)
  [2026-06-12 16:41:20.075] [LAT] Path 35121: 74.4µs (0.1GB/s)
  [2026-06-12 16:41:20.076] [LAT] Path 35121: 72.5µs (0.1GB/s)
  [2026-06-12 16:41:20.078] [LAT] Path 35121: 95.2µs (0.0GB/s)
  [2026-06-12 16:41:20.083] [LAT] Path 35121: 3422.3µs (0.0GB/s)
  [2026-06-12 16:41:21.103] [BW] Path 35121: 9612.4µs (14.0GB/s)
  [2026-06-12 16:41:21.115] [BW] Path 35121: 9983.0µs (13.4GB/s)
  [2026-06-12 16:41:21.124] [BW] Path 35121: 7596.8µs (17.7GB/s)
  [2026-06-12 16:41:21.125] [LAT] Path 35121: 78.2µs (0.1GB/s)
  [2026-06-12 16:41:21.127] [LAT] Path 35121: 76.6µs (0.1GB/s)
  [2026-06-12 16:41:21.129] [LAT] Path 35121: 88.8µs (0.1GB/s)
  [2026-06-12 16:41:21.130] [LAT] Path 35121: 86.3µs (0.1GB/s)
  [2026-06-12 16:41:21.132] [LAT] Path 35121: 85.3µs (0.1GB/s)
  [2026-06-12 16:41:21.133] [LAT] Path 35121: 85.3µs (0.1GB/s)
  [2026-06-12 16:41:21.137] [LAT] Path 35121: 1797.1µs (0.0GB/s)
  [2026-06-12 16:41:22.147] [LAT] Path 35121: 128.3µs (0.0GB/s)
  [2026-06-12 16:41:22.149] [LAT] Path 35121: 76.9µs (0.1GB/s)
  [2026-06-12 16:41:22.150] [LAT] Path 35121: 75.3µs (0.1GB/s)
  [2026-06-12 16:41:22.167] [BW] Path 35121: 14659.1µs (9.2GB/s)
  [2026-06-12 16:41:22.179] [BW] Path 35121: 11140.6µs (12.1GB/s)
  [2026-06-12 16:41:22.194] [BW] Path 35121: 12955.4µs (10.4GB/s)
  [2026-06-12 16:41:22.202] [BW] Path 35121: 6801.1µs (19.7GB/s)
  [2026-06-12 16:41:22.215] [BW] Path 35121: 11063.7µs (12.1GB/s)
  [2026-06-12 16:41:22.223] [BW] Path 35121: 6908.5µs (19.4GB/s)
  [2026-06-12 16:41:22.242] [BW] Path 35121: 17100.5µs (7.8GB/s)
  [2026-06-12 16:41:23.265] [BW] Path 35121: 13107.2µs (10.2GB/s)
  [2026-06-12 16:41:23.277] [BW] Path 35121: 10014.7µs (13.4GB/s)
  [2026-06-12 16:41:23.279] [LAT] Path 35121: 78.7µs (0.1GB/s)
  [2026-06-12 16:41:23.280] [LAT] Path 35121: 75.6µs (0.1GB/s)
  [2026-06-12 16:41:23.282] [LAT] Path 35121: 72.7µs (0.1GB/s)
  [2026-06-12 16:41:23.283] [LAT] Path 35121: 89.5µs (0.1GB/s)
  [2026-06-12 16:41:23.285] [LAT] Path 35121: 100.7µs (0.0GB/s)
  [2026-06-12 16:41:23.287] [LAT] Path 35121: 91.3µs (0.0GB/s)
  [2026-06-12 16:41:23.288] [LAT] Path 35121: 100.0µs (0.0GB/s)
  [2026-06-12 16:41:23.290] [LAT] Path 35121: 71.2µs (0.1GB/s)
  [2026-06-12 16:41:24.300] [LAT] Path 20176: 90.8µs (0.1GB/s)
  [2026-06-12 16:41:24.302] [LAT] Path 20176: 74.3µs (0.1GB/s)
  [2026-06-12 16:41:24.303] [LAT] Path 20176: 91.0µs (0.1GB/s)
  [2026-06-12 16:41:24.305] [LAT] Path 20176: 93.7µs (0.0GB/s)
  [2026-06-12 16:41:24.306] [LAT] Path 20176: 90.8µs (0.1GB/s)
  [2026-06-12 16:41:24.308] [LAT] Path 20176: 93.8µs (0.0GB/s)
  [2026-06-12 16:41:24.310] [LAT] Path 20176: 74.5µs (0.1GB/s)
  [2026-06-12 16:41:24.311] [LAT] Path 20176: 78.3µs (0.1GB/s)
  [2026-06-12 16:41:24.313] [LAT] Path 20176: 74.9µs (0.1GB/s)
  [2026-06-12 16:41:24.314] [LAT] Path 20176: 74.5µs (0.1GB/s)
  [2026-06-12 16:41:25.329] [LAT] Path 35121: 4134.4µs (0.0GB/s)
  [2026-06-12 16:41:25.330] [LAT] Path 35121: 76.0µs (0.1GB/s)
  [2026-06-12 16:41:25.343] [BW] Path 35121: 11067.7µs (12.1GB/s)
  [2026-06-12 16:41:25.351] [BW] Path 35121: 6909.5µs (19.4GB/s)
  [2026-06-12 16:41:25.363] [BW] Path 35121: 10003.0µs (13.4GB/s)
  [2026-06-12 16:41:25.376] [BW] Path 35121: 11637.2µs (11.5GB/s)
  [2026-06-12 16:41:25.390] [BW] Path 35121: 12810.2µs (10.5GB/s)
  [2026-06-12 16:41:25.401] [BW] Path 35121: 8800.0µs (15.2GB/s)
  [2026-06-12 16:41:25.414] [BW] Path 35121: 11974.8µs (11.2GB/s)
  [2026-06-12 16:41:25.424] [BW] Path 35121: 8054.6µs (16.7GB/s)
  [2026-06-12 16:41:26.435] [LAT] Path 20176: 151.8µs (0.0GB/s)
  [2026-06-12 16:41:26.437] [LAT] Path 20176: 79.6µs (0.1GB/s)
  [2026-06-12 16:41:26.438] [LAT] Path 20176: 77.7µs (0.1GB/s)
  [2026-06-12 16:41:26.446] [LAT] Path 20176: 6428.1µs (0.0GB/s)
  [2026-06-12 16:41:26.449] [LAT] Path 20176: 1587.8µs (0.0GB/s)
  [2026-06-12 16:41:26.451] [LAT] Path 20176: 99.6µs (0.0GB/s)
  [2026-06-12 16:41:26.453] [LAT] Path 20176: 101.6µs (0.0GB/s)
  [2026-06-12 16:41:26.462] [LAT] Path 20176: 8201.0µs (0.0GB/s)
  [2026-06-12 16:41:26.464] [LAT] Path 20176: 78.3µs (0.1GB/s)
  [2026-06-12 16:41:26.465] [LAT] Path 20176: 74.5µs (0.1GB/s)
  [2026-06-12 16:41:27.476] [LAT] Path 20176: 83.2µs (0.1GB/s)
  [2026-06-12 16:41:27.478] [LAT] Path 20176: 77.1µs (0.1GB/s)
  [2026-06-12 16:41:27.479] [LAT] Path 20176: 73.8µs (0.1GB/s)
  [2026-06-12 16:41:27.481] [LAT] Path 20176: 75.2µs (0.1GB/s)
  [2026-06-12 16:41:27.482] [LAT] Path 20176: 71.9µs (0.1GB/s)
  [2026-06-12 16:41:27.484] [LAT] Path 20176: 90.4µs (0.1GB/s)
  [2026-06-12 16:41:27.486] [LAT] Path 20176: 84.2µs (0.1GB/s)
  [2026-06-12 16:41:27.487] [LAT] Path 20176: 86.9µs (0.1GB/s)
  [2026-06-12 16:41:27.489] [LAT] Path 20176: 88.7µs (0.1GB/s)
  [2026-06-12 16:41:27.490] [LAT] Path 20176: 77.0µs (0.1GB/s)
  [2026-06-12 16:41:28.509] [BW] Path 20176: 8379.0µs (16.0GB/s)
  [2026-06-12 16:41:28.523] [BW] Path 20176: 12747.5µs (10.5GB/s)
  [2026-06-12 16:41:28.535] [BW] Path 20176: 10191.5µs (13.2GB/s)
  [2026-06-12 16:41:28.546] [BW] Path 20176: 9308.3µs (14.4GB/s)
  [2026-06-12 16:41:28.558] [BW] Path 20176: 11141.5µs (12.1GB/s)
  [2026-06-12 16:41:28.568] [BW] Path 20176: 8374.3µs (16.0GB/s)
  [2026-06-12 16:41:28.579] [BW] Path 20176: 8764.7µs (15.3GB/s)
  [2026-06-12 16:41:28.582] [LAT] Path 20176: 1674.7µs (0.0GB/s)
  [2026-06-12 16:41:28.583] [LAT] Path 20176: 87.8µs (0.1GB/s)
  [2026-06-12 16:41:28.585] [LAT] Path 20176: 90.5µs (0.1GB/s)
  [2026-06-12 16:41:29.596] [LAT] Path 20176: 115.4µs (0.0GB/s)
  [2026-06-12 16:41:29.598] [LAT] Path 20176: 90.6µs (0.1GB/s)
  [2026-06-12 16:41:29.599] [LAT] Path 20176: 92.4µs (0.0GB/s)
  [2026-06-12 16:41:29.601] [LAT] Path 20176: 92.6µs (0.0GB/s)
  [2026-06-12 16:41:29.602] [LAT] Path 20176: 124.8µs (0.0GB/s)
  [2026-06-12 16:41:29.604] [LAT] Path 20176: 108.9µs (0.0GB/s)
  [2026-06-12 16:41:29.606] [LAT] Path 20176: 100.5µs (0.0GB/s)
  [2026-06-12 16:41:29.607] [LAT] Path 20176: 113.3µs (0.0GB/s)
  [2026-06-12 16:41:29.609] [LAT] Path 20176: 108.2µs (0.0GB/s)
  [2026-06-12 16:41:29.611] [LAT] Path 20176: 87.6µs (0.1GB/s)
  [2026-06-12 16:41:30.621] [LAT] Path 20176: 118.4µs (0.0GB/s)
  [2026-06-12 16:41:30.623] [LAT] Path 20176: 78.6µs (0.1GB/s)
  [2026-06-12 16:41:30.624] [LAT] Path 20176: 75.4µs (0.1GB/s)
  [2026-06-12 16:41:30.626] [LAT] Path 20176: 74.4µs (0.1GB/s)
  [2026-06-12 16:41:30.627] [LAT] Path 20176: 73.8µs (0.1GB/s)
  [2026-06-12 16:41:30.629] [LAT] Path 20176: 86.9µs (0.1GB/s)
  [2026-06-12 16:41:30.631] [LAT] Path 20176: 88.7µs (0.1GB/s)
  [2026-06-12 16:41:30.635] [LAT] Path 20176: 2854.5µs (0.0GB/s)
  [2026-06-12 16:41:30.637] [LAT] Path 20176: 78.5µs (0.1GB/s)
  [2026-06-12 16:41:30.638] [LAT] Path 20176: 75.0µs (0.1GB/s)
  [2026-06-12 16:41:31.656] [BW] Path 20176: 7232.4µs (18.6GB/s)
  [2026-06-12 16:41:31.677] [BW] Path 20176: 19671.3µs (6.8GB/s)
  [2026-06-12 16:41:31.686] [BW] Path 20176: 6989.7µs (19.2GB/s)
  [2026-06-12 16:41:31.700] [BW] Path 20176: 12858.7µs (10.4GB/s)
  [2026-06-12 16:41:31.709] [BW] Path 20176: 7051.5µs (19.0GB/s)
  [2026-06-12 16:41:31.721] [BW] Path 20176: 10974.5µs (12.2GB/s)
  [2026-06-12 16:41:31.730] [BW] Path 20176: 7075.6µs (19.0GB/s)
  [2026-06-12 16:41:31.731] [LAT] Path 20176: 94.2µs (0.0GB/s)
  [2026-06-12 16:41:31.733] [LAT] Path 20176: 86.4µs (0.1GB/s)
  [2026-06-12 16:41:31.734] [LAT] Path 20176: 106.8µs (0.0GB/s)
  [2026-06-12 16:41:32.770] [BW] Path 35121: 24713.5µs (5.4GB/s)
  [2026-06-12 16:41:32.789] [BW] Path 35121: 17455.3µs (7.7GB/s)
  [2026-06-12 16:41:32.805] [BW] Path 35121: 14548.9µs (9.2GB/s)
  [2026-06-12 16:41:32.806] [LAT] Path 35121: 81.9µs (0.1GB/s)
  [2026-06-12 16:41:32.808] [LAT] Path 35121: 75.9µs (0.1GB/s)
  [2026-06-12 16:41:32.810] [LAT] Path 35121: 75.9µs (0.1GB/s)
  [2026-06-12 16:41:32.811] [LAT] Path 35121: 76.1µs (0.1GB/s)
  [2026-06-12 16:41:32.813] [LAT] Path 35121: 99.5µs (0.0GB/s)
  [2026-06-12 16:41:32.814] [LAT] Path 35121: 87.8µs (0.1GB/s)
  [2026-06-12 16:41:32.816] [LAT] Path 35121: 94.3µs (0.0GB/s)
  [2026-06-12 16:41:33.827] [LAT] Path 20176: 81.4µs (0.1GB/s)
  [2026-06-12 16:41:33.829] [LAT] Path 20176: 76.4µs (0.1GB/s)
  [2026-06-12 16:41:33.830] [LAT] Path 20176: 75.3µs (0.1GB/s)
  [2026-06-12 16:41:33.832] [LAT] Path 20176: 73.8µs (0.1GB/s)
  [2026-06-12 16:41:33.833] [LAT] Path 20176: 75.5µs (0.1GB/s)
  [2026-06-12 16:41:33.835] [LAT] Path 20176: 92.1µs (0.0GB/s)
  [2026-06-12 16:41:33.837] [LAT] Path 20176: 90.7µs (0.1GB/s)
  [2026-06-12 16:41:33.838] [LAT] Path 20176: 86.9µs (0.1GB/s)
  [2026-06-12 16:41:33.840] [LAT] Path 20176: 85.6µs (0.1GB/s)
  [2026-06-12 16:41:33.841] [LAT] Path 20176: 77.7µs (0.1GB/s)
  [2026-06-12 16:41:34.852] [LAT] Path 35121: 94.6µs (0.0GB/s)
  [2026-06-12 16:41:34.853] [LAT] Path 35121: 91.3µs (0.0GB/s)
  [2026-06-12 16:41:34.861] [BW] Path 35121: 6761.5µs (19.9GB/s)
  [2026-06-12 16:41:34.875] [BW] Path 35121: 12354.4µs (10.9GB/s)
  [2026-06-12 16:41:34.886] [BW] Path 35121: 9513.5µs (14.1GB/s)
  [2026-06-12 16:41:34.905] [BW] Path 35121: 16897.7µs (7.9GB/s)
  [2026-06-12 16:41:34.913] [BW] Path 35121: 6794.3µs (19.8GB/s)
  [2026-06-12 16:41:34.915] [LAT] Path 35121: 86.5µs (0.1GB/s)
  [2026-06-12 16:41:34.927] [BW] Path 35121: 10399.1µs (12.9GB/s)
  [2026-06-12 16:41:34.936] [BW] Path 35121: 7509.8µs (17.9GB/s)
  [2026-06-12 16:41:35.947] [LAT] Path 20176: 121.8µs (0.0GB/s)
  [2026-06-12 16:41:35.948] [LAT] Path 20176: 79.5µs (0.1GB/s)
  [2026-06-12 16:41:35.950] [LAT] Path 20176: 75.6µs (0.1GB/s)
  [2026-06-12 16:41:35.951] [LAT] Path 20176: 74.7µs (0.1GB/s)
  [2026-06-12 16:41:35.953] [LAT] Path 20176: 73.8µs (0.1GB/s)
  [2026-06-12 16:41:35.955] [LAT] Path 20176: 75.6µs (0.1GB/s)
  [2026-06-12 16:41:35.956] [LAT] Path 20176: 93.7µs (0.0GB/s)
  [2026-06-12 16:41:35.958] [LAT] Path 20176: 95.6µs (0.0GB/s)
  [2026-06-12 16:41:35.959] [LAT] Path 20176: 94.4µs (0.0GB/s)
  [2026-06-12 16:41:35.961] [LAT] Path 20176: 91.5µs (0.0GB/s)
  [2026-06-12 16:41:36.972] [LAT] Path 20176: 76.8µs (0.1GB/s)
  [2026-06-12 16:41:36.973] [LAT] Path 20176: 77.2µs (0.1GB/s)
  [2026-06-12 16:41:36.975] [LAT] Path 20176: 76.2µs (0.1GB/s)
  [2026-06-12 16:41:36.976] [LAT] Path 20176: 75.9µs (0.1GB/s)
  [2026-06-12 16:41:36.978] [LAT] Path 20176: 70.9µs (0.1GB/s)
  [2026-06-12 16:41:36.980] [LAT] Path 20176: 88.6µs (0.1GB/s)
  [2026-06-12 16:41:36.981] [LAT] Path 20176: 87.8µs (0.1GB/s)
  [2026-06-12 16:41:36.983] [LAT] Path 20176: 87.9µs (0.1GB/s)
  [2026-06-12 16:41:36.984] [LAT] Path 20176: 86.1µs (0.1GB/s)
  [2026-06-12 16:41:36.986] [LAT] Path 20176: 76.4µs (0.1GB/s)
  [2026-06-12 16:41:38.005] [BW] Path 35121: 8736.5µs (15.4GB/s)
  [2026-06-12 16:41:38.016] [BW] Path 35121: 9590.7µs (14.0GB/s)
  [2026-06-12 16:41:38.027] [BW] Path 35121: 9117.8µs (14.7GB/s)
  [2026-06-12 16:41:38.044] [BW] Path 35121: 15876.2µs (8.4GB/s)
  [2026-06-12 16:41:38.054] [BW] Path 35121: 8264.9µs (16.2GB/s)
  [2026-06-12 16:41:38.067] [BW] Path 35121: 11460.0µs (11.7GB/s)
  [2026-06-12 16:41:38.075] [BW] Path 35121: 7144.4µs (18.8GB/s)
  [2026-06-12 16:41:38.088] [BW] Path 35121: 10728.0µs (12.5GB/s)
  [2026-06-12 16:41:38.096] [BW] Path 35121: 6799.6µs (19.7GB/s)
  [2026-06-12 16:41:38.117] [BW] Path 35121: 19294.6µs (7.0GB/s)
  [2026-06-12 16:41:39.128] [LAT] Path 35121: 130.1µs (0.0GB/s)
  [2026-06-12 16:41:39.130] [LAT] Path 35121: 76.2µs (0.1GB/s)
  [2026-06-12 16:41:39.145] [BW] Path 35121: 13873.7µs (9.7GB/s)
  [2026-06-12 16:41:39.159] [BW] Path 35121: 12855.6µs (10.4GB/s)
  [2026-06-12 16:41:39.161] [LAT] Path 35121: 76.8µs (0.1GB/s)
  [2026-06-12 16:41:39.163] [LAT] Path 35121: 73.1µs (0.1GB/s)
  [2026-06-12 16:41:39.164] [LAT] Path 35121: 95.2µs (0.0GB/s)
  [2026-06-12 16:41:39.166] [LAT] Path 35121: 90.6µs (0.1GB/s)
  [2026-06-12 16:41:39.167] [LAT] Path 35121: 95.0µs (0.0GB/s)
  [2026-06-12 16:41:39.169] [LAT] Path 35121: 93.7µs (0.0GB/s)
  [2026-06-12 16:41:40.189] [BW] Path 35121: 9763.2µs (13.8GB/s)
  [2026-06-12 16:41:40.199] [BW] Path 35121: 8355.5µs (16.1GB/s)
  [2026-06-12 16:41:40.209] [BW] Path 35121: 8708.4µs (15.4GB/s)
  [2026-06-12 16:41:40.221] [BW] Path 35121: 10414.3µs (12.9GB/s)
  [2026-06-12 16:41:40.232] [BW] Path 35121: 9487.3µs (14.2GB/s)
  [2026-06-12 16:41:40.247] [BW] Path 35121: 13451.0µs (10.0GB/s)
  [2026-06-12 16:41:40.260] [BW] Path 35121: 10946.2µs (12.3GB/s)
  [2026-06-12 16:41:40.271] [BW] Path 35121: 10095.7µs (13.3GB/s)
  [2026-06-12 16:41:40.280] [BW] Path 35121: 6949.4µs (19.3GB/s)
  [2026-06-12 16:41:40.292] [BW] Path 35121: 11054.8µs (12.1GB/s)
  [2026-06-12 16:41:41.368] [BW] Path 35121: 17907.7µs (7.5GB/s)
  [2026-06-12 16:41:41.390] [BW] Path 35121: 20601.8µs (6.5GB/s)
  [2026-06-12 16:41:41.413] [BW] Path 35121: 21326.6µs (6.3GB/s)
  [2026-06-12 16:41:41.423] [BW] Path 35121: 8593.0µs (15.6GB/s)
  [2026-06-12 16:41:41.434] [BW] Path 35121: 9337.7µs (14.4GB/s)
  [2026-06-12 16:41:41.444] [BW] Path 35121: 7940.8µs (16.9GB/s)
  [2026-06-12 16:41:41.464] [BW] Path 35121: 19114.9µs (7.0GB/s)
  [2026-06-12 16:41:41.475] [BW] Path 35121: 8833.5µs (15.2GB/s)
  [2026-06-12 16:41:41.476] [LAT] Path 35121: 98.2µs (0.0GB/s)
  [2026-06-12 16:41:41.478] [LAT] Path 35121: 92.9µs (0.0GB/s)
  [2026-06-12 16:41:42.490] [LAT] Path 20176: 136.3µs (0.0GB/s)
  [2026-06-12 16:41:42.492] [LAT] Path 20176: 75.2µs (0.1GB/s)
  [2026-06-12 16:41:42.495] [LAT] Path 20176: 2010.9µs (0.0GB/s)
  [2026-06-12 16:41:42.497] [LAT] Path 20176: 89.0µs (0.1GB/s)
  [2026-06-12 16:41:42.498] [LAT] Path 20176: 87.2µs (0.1GB/s)
  [2026-06-12 16:41:42.500] [LAT] Path 20176: 86.9µs (0.1GB/s)
  [2026-06-12 16:41:42.502] [LAT] Path 20176: 88.3µs (0.1GB/s)
  [2026-06-12 16:41:42.503] [LAT] Path 20176: 71.4µs (0.1GB/s)
  [2026-06-12 16:41:42.507] [LAT] Path 20176: 2102.4µs (0.0GB/s)
  [2026-06-12 16:41:42.518] [BW] Path 20176: 9407.9µs (14.3GB/s)
  [2026-06-12 16:41:43.528] [LAT] Path 35121: 84.1µs (0.1GB/s)
  [2026-06-12 16:41:43.530] [LAT] Path 35121: 98.9µs (0.0GB/s)
  [2026-06-12 16:41:43.531] [LAT] Path 35121: 91.6µs (0.0GB/s)
  [2026-06-12 16:41:43.543] [BW] Path 35121: 10253.0µs (13.1GB/s)
  [2026-06-12 16:41:43.555] [BW] Path 35121: 10239.4µs (13.1GB/s)
  [2026-06-12 16:41:43.556] [LAT] Path 35121: 88.9µs (0.1GB/s)
  [2026-06-12 16:41:43.565] [BW] Path 35121: 7792.4µs (17.2GB/s)
  [2026-06-12 16:41:43.577] [BW] Path 35121: 10503.2µs (12.8GB/s)
  [2026-06-12 16:41:43.586] [BW] Path 35121: 6887.8µs (19.5GB/s)
  [2026-06-12 16:41:43.605] [BW] Path 35121: 17994.7µs (7.5GB/s)
  [2026-06-12 16:41:44.627] [BW] Path 35121: 11029.0µs (12.2GB/s)
  [2026-06-12 16:41:44.629] [LAT] Path 35121: 163.9µs (0.0GB/s)
  [2026-06-12 16:41:44.631] [LAT] Path 35121: 119.5µs (0.0GB/s)
  [2026-06-12 16:41:44.632] [LAT] Path 35121: 78.4µs (0.1GB/s)
  [2026-06-12 16:41:44.634] [LAT] Path 35121: 75.8µs (0.1GB/s)
  [2026-06-12 16:41:44.635] [LAT] Path 35121: 75.2µs (0.1GB/s)
  [2026-06-12 16:41:44.637] [LAT] Path 35121: 74.2µs (0.1GB/s)
  [2026-06-12 16:41:44.639] [LAT] Path 35121: 83.8µs (0.1GB/s)
  [2026-06-12 16:41:44.640] [LAT] Path 35121: 74.3µs (0.1GB/s)
  [2026-06-12 16:41:44.642] [LAT] Path 35121: 73.5µs (0.1GB/s)
  [2026-06-12 16:41:45.652] [LAT] Path 35121: 83.8µs (0.1GB/s)
  [2026-06-12 16:41:45.654] [LAT] Path 35121: 75.5µs (0.1GB/s)
  [2026-06-12 16:41:45.655] [LAT] Path 35121: 89.7µs (0.1GB/s)
  [2026-06-12 16:41:45.657] [LAT] Path 35121: 88.8µs (0.1GB/s)
  [2026-06-12 16:41:45.667] [BW] Path 35121: 8477.5µs (15.8GB/s)
  [2026-06-12 16:41:45.681] [BW] Path 35121: 12641.0µs (10.6GB/s)
  [2026-06-12 16:41:45.690] [BW] Path 35121: 7256.7µs (18.5GB/s)
  [2026-06-12 16:41:45.702] [BW] Path 35121: 10865.1µs (12.3GB/s)
  [2026-06-12 16:41:45.711] [BW] Path 35121: 6831.5µs (19.6GB/s)
  [2026-06-12 16:41:45.728] [BW] Path 35121: 15712.5µs (8.5GB/s)
  [2026-06-12 16:41:46.754] [BW] Path 35121: 16394.9µs (8.2GB/s)
  [2026-06-12 16:41:46.763] [BW] Path 35121: 7255.9µs (18.5GB/s)
  [2026-06-12 16:41:46.780] [BW] Path 35121: 15641.9µs (8.6GB/s)
  [2026-06-12 16:41:46.789] [BW] Path 35121: 6884.6µs (19.5GB/s)
  [2026-06-12 16:41:46.790] [LAT] Path 35121: 78.7µs (0.1GB/s)
  [2026-06-12 16:41:46.792] [LAT] Path 35121: 96.5µs (0.0GB/s)
  [2026-06-12 16:41:46.807] [BW] Path 35121: 13353.1µs (10.1GB/s)
  [2026-06-12 16:41:46.815] [BW] Path 35121: 6900.6µs (19.4GB/s)
  [2026-06-12 16:41:46.835] [BW] Path 35121: 18630.3µs (7.2GB/s)
  [2026-06-12 16:41:46.855] [BW] Path 35121: 17879.4µs (7.5GB/s)
  [2026-06-12 16:41:47.878] [BW] Path 35121: 11987.6µs (11.2GB/s)
  [2026-06-12 16:41:47.879] [LAT] Path 35121: 77.5µs (0.1GB/s)
  [2026-06-12 16:41:47.881] [LAT] Path 35121: 76.5µs (0.1GB/s)
  [2026-06-12 16:41:47.883] [LAT] Path 35121: 77.5µs (0.1GB/s)
  [2026-06-12 16:41:47.884] [LAT] Path 35121: 90.4µs (0.1GB/s)
  [2026-06-12 16:41:47.889] [LAT] Path 35121: 2831.8µs (0.0GB/s)
  [2026-06-12 16:41:47.891] [LAT] Path 35121: 937.8µs (0.0GB/s)
  [2026-06-12 16:41:47.893] [LAT] Path 35121: 74.2µs (0.1GB/s)
  [2026-06-12 16:41:47.894] [LAT] Path 35121: 73.3µs (0.1GB/s)
  [2026-06-12 16:41:47.896] [LAT] Path 35121: 83.7µs (0.1GB/s)
  [2026-06-12 16:41:48.906] [LAT] Path 35121: 81.8µs (0.1GB/s)
  [2026-06-12 16:41:48.917] [BW] Path 35121: 9602.1µs (14.0GB/s)
  [2026-06-12 16:41:48.929] [BW] Path 35121: 10278.4µs (13.1GB/s)
  [2026-06-12 16:41:48.949] [BW] Path 35121: 18698.7µs (7.2GB/s)
  [2026-06-12 16:41:48.959] [BW] Path 35121: 8317.4µs (16.1GB/s)
  [2026-06-12 16:41:48.971] [BW] Path 35121: 10702.1µs (12.5GB/s)
  [2026-06-12 16:41:48.979] [BW] Path 35121: 6816.1µs (19.7GB/s)
  [2026-06-12 16:41:48.992] [BW] Path 35121: 11006.0µs (12.2GB/s)
  [2026-06-12 16:41:49.004] [BW] Path 35121: 10253.8µs (13.1GB/s)
  [2026-06-12 16:41:49.020] [BW] Path 35121: 14967.8µs (9.0GB/s)
  [2026-06-12 16:41:50.045] [BW] Path 35121: 14184.4µs (9.5GB/s)
  [2026-06-12 16:41:50.047] [LAT] Path 35121: 79.8µs (0.1GB/s)
  [2026-06-12 16:41:50.049] [LAT] Path 35121: 75.9µs (0.1GB/s)
  [2026-06-12 16:41:50.050] [LAT] Path 35121: 76.2µs (0.1GB/s)
  [2026-06-12 16:41:50.052] [LAT] Path 35121: 94.3µs (0.0GB/s)
  [2026-06-12 16:41:50.056] [LAT] Path 35121: 2501.9µs (0.0GB/s)
  [2026-06-12 16:41:50.057] [LAT] Path 35121: 94.7µs (0.0GB/s)
  [2026-06-12 16:41:50.059] [LAT] Path 35121: 75.7µs (0.1GB/s)
  [2026-06-12 16:41:50.061] [LAT] Path 35121: 76.5µs (0.1GB/s)
  [2026-06-12 16:41:50.062] [LAT] Path 35121: 74.7µs (0.1GB/s)
  [2026-06-12 16:41:51.083] [BW] Path 35121: 10260.6µs (13.1GB/s)
  [2026-06-12 16:41:51.085] [LAT] Path 35121: 92.5µs (0.0GB/s)
  [2026-06-12 16:41:51.087] [LAT] Path 35121: 77.5µs (0.1GB/s)
  [2026-06-12 16:41:51.088] [LAT] Path 35121: 79.9µs (0.1GB/s)
  [2026-06-12 16:41:51.090] [LAT] Path 35121: 74.8µs (0.1GB/s)
  [2026-06-12 16:41:51.091] [LAT] Path 35121: 70.3µs (0.1GB/s)
  [2026-06-12 16:41:51.093] [LAT] Path 35121: 91.3µs (0.0GB/s)
  [2026-06-12 16:41:51.104] [BW] Path 35121: 9406.9µs (14.3GB/s)
  [2026-06-12 16:41:51.115] [BW] Path 35121: 9984.6µs (13.4GB/s)
  [2026-06-12 16:41:51.125] [BW] Path 35121: 8444.0µs (15.9GB/s)
  [2026-06-12 16:41:52.143] [BW] Path 20176: 6671.1µs (20.1GB/s)
  [2026-06-12 16:41:52.164] [BW] Path 20176: 19461.2µs (6.9GB/s)
  [2026-06-12 16:41:52.172] [BW] Path 20176: 7126.0µs (18.8GB/s)
  [2026-06-12 16:41:52.184] [BW] Path 20176: 9885.5µs (13.6GB/s)
  [2026-06-12 16:41:52.185] [LAT] Path 20176: 84.6µs (0.1GB/s)
  [2026-06-12 16:41:52.187] [LAT] Path 20176: 78.8µs (0.1GB/s)
  [2026-06-12 16:41:52.188] [LAT] Path 20176: 78.0µs (0.1GB/s)
  [2026-06-12 16:41:52.190] [LAT] Path 20176: 91.1µs (0.0GB/s)
  [2026-06-12 16:41:52.192] [LAT] Path 20176: 90.6µs (0.1GB/s)
  [2026-06-12 16:41:52.196] [LAT] Path 20176: 2517.6µs (0.0GB/s)
  [2026-06-12 16:41:53.217] [BW] Path 35121: 10378.1µs (12.9GB/s)
  [2026-06-12 16:41:53.225] [BW] Path 35121: 6698.4µs (20.0GB/s)
  [2026-06-12 16:41:53.230] [LAT] Path 35121: 2795.4µs (0.0GB/s)
  [2026-06-12 16:41:53.231] [LAT] Path 35121: 93.8µs (0.0GB/s)
  [2026-06-12 16:41:53.233] [LAT] Path 35121: 84.1µs (0.1GB/s)
  [2026-06-12 16:41:53.234] [LAT] Path 35121: 82.8µs (0.1GB/s)
  [2026-06-12 16:41:53.236] [LAT] Path 35121: 78.6µs (0.1GB/s)
  [2026-06-12 16:41:53.237] [LAT] Path 35121: 76.2µs (0.1GB/s)
  [2026-06-12 16:41:53.239] [LAT] Path 35121: 76.5µs (0.1GB/s)
  [2026-06-12 16:41:53.241] [LAT] Path 35121: 75.3µs (0.1GB/s)
  [2026-06-12 16:41:54.262] [BW] Path 35121: 10913.8µs (12.3GB/s)
  [2026-06-12 16:41:54.270] [BW] Path 35121: 6947.4µs (19.3GB/s)
  [2026-06-12 16:41:54.290] [BW] Path 35121: 18005.5µs (7.5GB/s)
  [2026-06-12 16:41:54.298] [BW] Path 35121: 6899.1µs (19.4GB/s)
  [2026-06-12 16:41:54.312] [BW] Path 35121: 12383.0µs (10.8GB/s)
  [2026-06-12 16:41:54.320] [BW] Path 35121: 6866.6µs (19.6GB/s)
  [2026-06-12 16:41:54.332] [BW] Path 35121: 10145.8µs (13.2GB/s)
  [2026-06-12 16:41:54.341] [BW] Path 35121: 7908.2µs (17.0GB/s)
  [2026-06-12 16:41:54.358] [BW] Path 35121: 15069.3µs (8.9GB/s)
  [2026-06-12 16:41:54.367] [BW] Path 35121: 6950.4µs (19.3GB/s)
  [2026-06-12 16:41:55.377] [LAT] Path 20176: 103.1µs (0.0GB/s)
  [2026-06-12 16:41:55.379] [LAT] Path 20176: 74.0µs (0.1GB/s)
  [2026-06-12 16:41:55.381] [LAT] Path 20176: 79.9µs (0.1GB/s)
  [2026-06-12 16:41:55.382] [LAT] Path 20176: 75.9µs (0.1GB/s)
  [2026-06-12 16:41:55.384] [LAT] Path 20176: 75.5µs (0.1GB/s)
  [2026-06-12 16:41:55.385] [LAT] Path 20176: 75.7µs (0.1GB/s)
  [2026-06-12 16:41:55.387] [LAT] Path 20176: 74.8µs (0.1GB/s)
  [2026-06-12 16:41:55.388] [LAT] Path 20176: 76.1µs (0.1GB/s)
  [2026-06-12 16:41:55.390] [LAT] Path 20176: 94.7µs (0.0GB/s)
  [2026-06-12 16:41:55.392] [LAT] Path 20176: 87.2µs (0.1GB/s)
  [2026-06-12 16:41:56.402] [LAT] Path 20176: 103.9µs (0.0GB/s)
  [2026-06-12 16:41:56.404] [LAT] Path 20176: 82.3µs (0.1GB/s)
  [2026-06-12 16:41:56.405] [LAT] Path 20176: 78.7µs (0.1GB/s)
  [2026-06-12 16:41:56.407] [LAT] Path 20176: 75.8µs (0.1GB/s)
  [2026-06-12 16:41:56.408] [LAT] Path 20176: 76.0µs (0.1GB/s)
  [2026-06-12 16:41:56.410] [LAT] Path 20176: 77.0µs (0.1GB/s)
  [2026-06-12 16:41:56.411] [LAT] Path 20176: 75.3µs (0.1GB/s)
  [2026-06-12 16:41:56.413] [LAT] Path 20176: 96.9µs (0.0GB/s)
  [2026-06-12 16:41:56.415] [LAT] Path 20176: 101.3µs (0.0GB/s)
  [2026-06-12 16:41:56.416] [LAT] Path 20176: 90.1µs (0.1GB/s)
  [2026-06-12 16:41:57.427] [LAT] Path 20176: 109.8µs (0.0GB/s)
  [2026-06-12 16:41:57.428] [LAT] Path 20176: 79.2µs (0.1GB/s)
  [2026-06-12 16:41:57.442] [BW] Path 20176: 11637.8µs (11.5GB/s)
  [2026-06-12 16:41:57.454] [BW] Path 20176: 10647.8µs (12.6GB/s)
  [2026-06-12 16:41:57.464] [BW] Path 20176: 8262.1µs (16.2GB/s)
  [2026-06-12 16:41:57.474] [BW] Path 20176: 8685.3µs (15.4GB/s)
  [2026-06-12 16:41:57.485] [BW] Path 20176: 9779.0µs (13.7GB/s)
  [2026-06-12 16:41:57.496] [BW] Path 20176: 9746.6µs (13.8GB/s)
  [2026-06-12 16:41:57.513] [BW] Path 20176: 15716.0µs (8.5GB/s)
  [2026-06-12 16:41:57.515] [LAT] Path 20176: 96.5µs (0.0GB/s)
  [2026-06-12 16:41:58.537] [BW] Path 35121: 10999.8µs (12.2GB/s)
  [2026-06-12 16:41:58.558] [BW] Path 35121: 19870.1µs (6.8GB/s)
  [2026-06-12 16:41:58.582] [BW] Path 35121: 22758.0µs (5.9GB/s)
  [2026-06-12 16:41:58.601] [BW] Path 35121: 17217.7µs (7.8GB/s)
  [2026-06-12 16:41:58.603] [LAT] Path 35121: 106.2µs (0.0GB/s)
  [2026-06-12 16:41:58.604] [LAT] Path 35121: 95.4µs (0.0GB/s)
  [2026-06-12 16:41:58.606] [LAT] Path 35121: 100.4µs (0.0GB/s)
  [2026-06-12 16:41:58.608] [LAT] Path 35121: 87.5µs (0.1GB/s)
  [2026-06-12 16:41:58.609] [LAT] Path 35121: 96.8µs (0.0GB/s)
  [2026-06-12 16:41:58.611] [LAT] Path 35121: 82.0µs (0.1GB/s)
  [2026-06-12 16:41:59.622] [LAT] Path 20176: 80.8µs (0.1GB/s)
  [2026-06-12 16:41:59.623] [LAT] Path 20176: 77.3µs (0.1GB/s)
  [2026-06-12 16:41:59.625] [LAT] Path 20176: 76.7µs (0.1GB/s)
  [2026-06-12 16:41:59.627] [LAT] Path 20176: 72.9µs (0.1GB/s)
  [2026-06-12 16:41:59.628] [LAT] Path 20176: 76.4µs (0.1GB/s)
  [2026-06-12 16:41:59.630] [LAT] Path 20176: 89.0µs (0.1GB/s)
  [2026-06-12 16:41:59.631] [LAT] Path 20176: 88.6µs (0.1GB/s)
  [2026-06-12 16:41:59.633] [LAT] Path 20176: 90.0µs (0.1GB/s)
  [2026-06-12 16:41:59.634] [LAT] Path 20176: 88.4µs (0.1GB/s)
  [2026-06-12 16:41:59.636] [LAT] Path 20176: 77.4µs (0.1GB/s)
  [2026-06-12 16:42:00.653] [BW] Path 20176: 6758.6µs (19.9GB/s)
  [2026-06-12 16:42:00.672] [BW] Path 20176: 17754.8µs (7.6GB/s)
  [2026-06-12 16:42:00.681] [BW] Path 20176: 7186.0µs (18.7GB/s)
  [2026-06-12 16:42:00.692] [BW] Path 20176: 9904.5µs (13.6GB/s)
  [2026-06-12 16:42:00.702] [BW] Path 20176: 7936.5µs (16.9GB/s)
  [2026-06-12 16:42:00.703] [LAT] Path 20176: 89.9µs (0.1GB/s)
  [2026-06-12 16:42:00.705] [LAT] Path 20176: 91.6µs (0.0GB/s)
  [2026-06-12 16:42:00.706] [LAT] Path 20176: 87.3µs (0.1GB/s)
  [2026-06-12 16:42:00.708] [LAT] Path 20176: 79.2µs (0.1GB/s)
  [2026-06-12 16:42:00.710] [LAT] Path 20176: 76.7µs (0.1GB/s)
  [2026-06-12 16:42:01.720] [LAT] Path 35121: 125.7µs (0.0GB/s)
  [2026-06-12 16:42:01.722] [LAT] Path 35121: 92.5µs (0.0GB/s)
  [2026-06-12 16:42:01.724] [LAT] Path 35121: 102.3µs (0.0GB/s)
  [2026-06-12 16:42:01.725] [LAT] Path 35121: 105.2µs (0.0GB/s)
  [2026-06-12 16:42:01.727] [LAT] Path 35121: 89.9µs (0.1GB/s)
  [2026-06-12 16:42:01.728] [LAT] Path 35121: 95.4µs (0.0GB/s)
  [2026-06-12 16:42:01.730] [LAT] Path 35121: 104.7µs (0.0GB/s)
  [2026-06-12 16:42:01.732] [LAT] Path 35121: 140.3µs (0.0GB/s)
  [2026-06-12 16:42:01.734] [LAT] Path 35121: 161.1µs (0.0GB/s)
  [2026-06-12 16:42:01.735] [LAT] Path 35121: 76.1µs (0.1GB/s)
  [2026-06-12 16:42:02.746] [LAT] Path 35121: 105.8µs (0.0GB/s)
  [2026-06-12 16:42:02.748] [LAT] Path 35121: 97.1µs (0.0GB/s)
  [2026-06-12 16:42:02.749] [LAT] Path 35121: 79.1µs (0.1GB/s)
  [2026-06-12 16:42:02.751] [LAT] Path 35121: 76.1µs (0.1GB/s)
  [2026-06-12 16:42:02.752] [LAT] Path 35121: 76.7µs (0.1GB/s)
  [2026-06-12 16:42:02.754] [LAT] Path 35121: 76.1µs (0.1GB/s)
  [2026-06-12 16:42:02.756] [LAT] Path 35121: 75.7µs (0.1GB/s)
  [2026-06-12 16:42:02.757] [LAT] Path 35121: 77.2µs (0.1GB/s)
  [2026-06-12 16:42:02.759] [LAT] Path 35121: 99.6µs (0.0GB/s)
  [2026-06-12 16:42:02.775] [BW] Path 35121: 14925.2µs (9.0GB/s)
  [2026-06-12 16:42:03.786] [LAT] Path 20176: 131.3µs (0.0GB/s)
  [2026-06-12 16:42:03.788] [LAT] Path 20176: 78.5µs (0.1GB/s)
  [2026-06-12 16:42:03.789] [LAT] Path 20176: 78.7µs (0.1GB/s)
  [2026-06-12 16:42:03.791] [LAT] Path 20176: 75.3µs (0.1GB/s)
  [2026-06-12 16:42:03.793] [LAT] Path 20176: 79.5µs (0.1GB/s)
  [2026-06-12 16:42:03.794] [LAT] Path 20176: 75.3µs (0.1GB/s)
  [2026-06-12 16:42:03.796] [LAT] Path 20176: 88.8µs (0.1GB/s)
  [2026-06-12 16:42:03.798] [LAT] Path 20176: 88.5µs (0.1GB/s)
  [2026-06-12 16:42:03.799] [LAT] Path 20176: 91.5µs (0.0GB/s)
  [2026-06-12 16:42:03.801] [LAT] Path 20176: 87.4µs (0.1GB/s)
  [2026-06-12 16:42:04.811] [LAT] Path 20176: 110.1µs (0.0GB/s)
  [2026-06-12 16:42:04.813] [LAT] Path 20176: 104.3µs (0.0GB/s)
  [2026-06-12 16:42:04.821] [LAT] Path 20176: 6832.6µs (0.0GB/s)
  [2026-06-12 16:42:04.823] [LAT] Path 20176: 75.9µs (0.1GB/s)
  [2026-06-12 16:42:04.824] [LAT] Path 20176: 75.2µs (0.1GB/s)
  [2026-06-12 16:42:04.826] [LAT] Path 20176: 75.6µs (0.1GB/s)
  [2026-06-12 16:42:04.828] [LAT] Path 20176: 113.9µs (0.0GB/s)
  [2026-06-12 16:42:04.829] [LAT] Path 20176: 99.0µs (0.0GB/s)
  [2026-06-12 16:42:04.831] [LAT] Path 20176: 96.8µs (0.0GB/s)
  [2026-06-12 16:42:04.833] [LAT] Path 20176: 100.5µs (0.0GB/s)
  [2026-06-12 16:42:05.862] [BW] Path 35121: 19576.1µs (6.9GB/s)
  [2026-06-12 16:42:05.872] [BW] Path 35121: 8443.1µs (15.9GB/s)
  [2026-06-12 16:42:05.874] [LAT] Path 35121: 79.5µs (0.1GB/s)
  [2026-06-12 16:42:05.875] [LAT] Path 35121: 98.1µs (0.0GB/s)
  [2026-06-12 16:42:05.877] [LAT] Path 35121: 91.2µs (0.0GB/s)
  [2026-06-12 16:42:05.879] [LAT] Path 35121: 90.3µs (0.1GB/s)
  [2026-06-12 16:42:05.880] [LAT] Path 35121: 89.7µs (0.1GB/s)
  [2026-06-12 16:42:05.882] [LAT] Path 35121: 79.8µs (0.1GB/s)
  [2026-06-12 16:42:05.884] [LAT] Path 35121: 78.8µs (0.1GB/s)
  [2026-06-12 16:42:05.885] [LAT] Path 35121: 77.5µs (0.1GB/s)
  [2026-06-12 16:42:06.896] [LAT] Path 35121: 127.4µs (0.0GB/s)
  [2026-06-12 16:42:06.898] [LAT] Path 35121: 78.7µs (0.1GB/s)
  [2026-06-12 16:42:06.903] [LAT] Path 35121: 4334.1µs (0.0GB/s)
  [2026-06-12 16:42:06.905] [LAT] Path 35121: 72.7µs (0.1GB/s)
  [2026-06-12 16:42:06.907] [LAT] Path 35121: 88.3µs (0.1GB/s)
  [2026-06-12 16:42:06.918] [BW] Path 35121: 9876.9µs (13.6GB/s)
  [2026-06-12 16:42:06.928] [BW] Path 35121: 8423.2µs (15.9GB/s)
  [2026-06-12 16:42:06.938] [BW] Path 35121: 8534.1µs (15.7GB/s)
  [2026-06-12 16:42:06.954] [BW] Path 35121: 14309.4µs (9.4GB/s)
  [2026-06-12 16:42:06.965] [BW] Path 35121: 9048.1µs (14.8GB/s)
  [2026-06-12 16:42:07.975] [LAT] Path 20176: 132.1µs (0.0GB/s)
  [2026-06-12 16:42:07.977] [LAT] Path 20176: 108.0µs (0.0GB/s)
  [2026-06-12 16:42:07.978] [LAT] Path 20176: 79.3µs (0.1GB/s)
  [2026-06-12 16:42:07.980] [LAT] Path 20176: 81.2µs (0.1GB/s)
  [2026-06-12 16:42:07.982] [LAT] Path 20176: 79.8µs (0.1GB/s)
  [2026-06-12 16:42:07.983] [LAT] Path 20176: 76.6µs (0.1GB/s)
  [2026-06-12 16:42:07.985] [LAT] Path 20176: 77.3µs (0.1GB/s)
  [2026-06-12 16:42:07.987] [LAT] Path 20176: 111.3µs (0.0GB/s)
  [2026-06-12 16:42:07.988] [LAT] Path 20176: 94.4µs (0.0GB/s)
  [2026-06-12 16:42:07.990] [LAT] Path 20176: 97.8µs (0.0GB/s)
  [2026-06-12 16:42:09.000] [LAT] Path 35121: 80.8µs (0.1GB/s)
  [2026-06-12 16:42:09.002] [LAT] Path 35121: 79.4µs (0.1GB/s)
  [2026-06-12 16:42:09.004] [LAT] Path 35121: 72.6µs (0.1GB/s)
  [2026-06-12 16:42:09.005] [LAT] Path 35121: 91.1µs (0.0GB/s)
  [2026-06-12 16:42:09.007] [LAT] Path 35121: 87.0µs (0.1GB/s)
  [2026-06-12 16:42:09.008] [LAT] Path 35121: 88.2µs (0.1GB/s)
  [2026-06-12 16:42:09.010] [LAT] Path 35121: 90.1µs (0.1GB/s)
  [2026-06-12 16:42:09.018] [BW] Path 35121: 6606.9µs (20.3GB/s)
  [2026-06-12 16:42:09.032] [BW] Path 35121: 12669.2µs (10.6GB/s)
  [2026-06-12 16:42:09.041] [BW] Path 35121: 6662.5µs (20.1GB/s)
  [2026-06-12 16:42:10.062] [BW] Path 35121: 11228.9µs (11.9GB/s)
  [2026-06-12 16:42:10.077] [BW] Path 35121: 13159.5µs (10.2GB/s)
  [2026-06-12 16:42:10.094] [BW] Path 35121: 15506.2µs (8.7GB/s)
  [2026-06-12 16:42:10.103] [BW] Path 35121: 7032.9µs (19.1GB/s)
  [2026-06-12 16:42:10.115] [BW] Path 35121: 10938.4µs (12.3GB/s)
  [2026-06-12 16:42:10.123] [BW] Path 35121: 6809.1µs (19.7GB/s)
  [2026-06-12 16:42:10.140] [BW] Path 35121: 15396.1µs (8.7GB/s)
  [2026-06-12 16:42:10.142] [LAT] Path 35121: 81.5µs (0.1GB/s)
  [2026-06-12 16:42:10.144] [LAT] Path 35121: 77.0µs (0.1GB/s)
  [2026-06-12 16:42:10.145] [LAT] Path 35121: 76.0µs (0.1GB/s)
  [2026-06-12 16:42:11.156] [LAT] Path 20176: 107.4µs (0.0GB/s)
  [2026-06-12 16:42:11.158] [LAT] Path 20176: 86.5µs (0.1GB/s)
  [2026-06-12 16:42:11.159] [LAT] Path 20176: 78.0µs (0.1GB/s)
  [2026-06-12 16:42:11.161] [LAT] Path 20176: 82.3µs (0.1GB/s)
  [2026-06-12 16:42:11.163] [LAT] Path 20176: 76.3µs (0.1GB/s)
  [2026-06-12 16:42:11.164] [LAT] Path 20176: 78.8µs (0.1GB/s)
  [2026-06-12 16:42:11.166] [LAT] Path 20176: 79.6µs (0.1GB/s)
  [2026-06-12 16:42:11.167] [LAT] Path 20176: 103.3µs (0.0GB/s)
  [2026-06-12 16:42:11.169] [LAT] Path 20176: 96.3µs (0.0GB/s)
  [2026-06-12 16:42:11.171] [LAT] Path 20176: 97.9µs (0.0GB/s)
  [2026-06-12 16:42:12.181] [LAT] Path 20176: 113.1µs (0.0GB/s)
  [2026-06-12 16:42:12.183] [LAT] Path 20176: 89.2µs (0.1GB/s)
  [2026-06-12 16:42:12.191] [BW] Path 20176: 6966.4µs (19.3GB/s)
  [2026-06-12 16:42:12.204] [BW] Path 20176: 11343.5µs (11.8GB/s)
  [2026-06-12 16:42:12.213] [BW] Path 20176: 7577.1µs (17.7GB/s)
  [2026-06-12 16:42:12.234] [BW] Path 20176: 18842.3µs (7.1GB/s)
  [2026-06-12 16:42:12.244] [BW] Path 20176: 8937.4µs (15.0GB/s)
  [2026-06-12 16:42:12.256] [BW] Path 20176: 9940.0µs (13.5GB/s)
  [2026-06-12 16:42:12.266] [BW] Path 20176: 8235.2µs (16.3GB/s)
  [2026-06-12 16:42:12.276] [BW] Path 20176: 8932.5µs (15.0GB/s)
  [2026-06-12 16:42:13.292] [LAT] Path 35121: 5171.9µs (0.0GB/s)
  [2026-06-12 16:42:13.314] [BW] Path 35121: 20149.3µs (6.7GB/s)
  [2026-06-12 16:42:13.323] [BW] Path 35121: 7888.5µs (17.0GB/s)
  [2026-06-12 16:42:13.325] [LAT] Path 35121: 96.0µs (0.0GB/s)
  [2026-06-12 16:42:13.342] [BW] Path 35121: 15479.2µs (8.7GB/s)
  [2026-06-12 16:42:13.363] [BW] Path 35121: 19253.9µs (7.0GB/s)
  [2026-06-12 16:42:13.382] [BW] Path 35121: 17973.4µs (7.5GB/s)
  [2026-06-12 16:42:13.409] [BW] Path 35121: 24970.2µs (5.4GB/s)
  [2026-06-12 16:42:13.421] [BW] Path 35121: 11046.9µs (12.2GB/s)
  [2026-06-12 16:42:13.423] [LAT] Path 35121: 97.0µs (0.0GB/s)
  [2026-06-12 16:42:14.434] [LAT] Path 35121: 99.0µs (0.0GB/s)
  [2026-06-12 16:42:14.436] [LAT] Path 35121: 88.9µs (0.1GB/s)
  [2026-06-12 16:42:14.437] [LAT] Path 35121: 78.2µs (0.1GB/s)
  [2026-06-12 16:42:14.439] [LAT] Path 35121: 74.8µs (0.1GB/s)
  [2026-06-12 16:42:14.440] [LAT] Path 35121: 75.4µs (0.1GB/s)
  [2026-06-12 16:42:14.442] [LAT] Path 35121: 76.0µs (0.1GB/s)
  [2026-06-12 16:42:14.443] [LAT] Path 35121: 76.5µs (0.1GB/s)
  [2026-06-12 16:42:14.457] [BW] Path 35121: 12238.8µs (11.0GB/s)
  [2026-06-12 16:42:14.466] [BW] Path 35121: 7117.0µs (18.9GB/s)
  [2026-06-12 16:42:14.476] [BW] Path 35121: 9159.2µs (14.7GB/s)
  [2026-06-12 16:42:15.501] [BW] Path 20176: 14146.1µs (9.5GB/s)
  [2026-06-12 16:42:15.509] [BW] Path 20176: 6956.3µs (19.3GB/s)
  [2026-06-12 16:42:15.522] [BW] Path 20176: 11004.6µs (12.2GB/s)
  [2026-06-12 16:42:15.526] [LAT] Path 20176: 2779.8µs (0.0GB/s)
  [2026-06-12 16:42:15.528] [LAT] Path 20176: 71.2µs (0.1GB/s)
  [2026-06-12 16:42:15.529] [LAT] Path 20176: 90.8µs (0.1GB/s)
  [2026-06-12 16:42:15.531] [LAT] Path 20176: 87.9µs (0.1GB/s)
  [2026-06-12 16:42:15.535] [LAT] Path 20176: 2909.1µs (0.0GB/s)
  [2026-06-12 16:42:15.537] [LAT] Path 20176: 77.7µs (0.1GB/s)
  [2026-06-12 16:42:15.538] [LAT] Path 20176: 87.5µs (0.1GB/s)
  [2026-06-12 16:42:16.755] [BW] Path 35121: 8627.3µs (15.6GB/s)
  [2026-06-12 16:42:16.764] [BW] Path 35121: 7643.1µs (17.6GB/s)
  [2026-06-12 16:42:16.766] [LAT] Path 35121: 647.8µs (0.0GB/s)
  [2026-06-12 16:42:16.767] [LAT] Path 35121: 89.3µs (0.1GB/s)
  [2026-06-12 16:42:16.769] [LAT] Path 35121: 88.7µs (0.1GB/s)
  [2026-06-12 16:42:16.771] [LAT] Path 35121: 87.6µs (0.1GB/s)
  [2026-06-12 16:42:16.772] [LAT] Path 35121: 88.1µs (0.1GB/s)
  [2026-06-12 16:42:16.774] [LAT] Path 35121: 76.0µs (0.1GB/s)
  [2026-06-12 16:42:16.775] [LAT] Path 35121: 76.2µs (0.1GB/s)
  [2026-06-12 16:42:16.787] [BW] Path 35121: 10076.6µs (13.3GB/s)
  [2026-06-12 16:42:17.806] [BW] Path 35121: 8809.2µs (15.2GB/s)
  [2026-06-12 16:42:17.818] [BW] Path 35121: 9602.4µs (14.0GB/s)
  [2026-06-12 16:42:17.827] [BW] Path 35121: 7466.6µs (18.0GB/s)
  [2026-06-12 16:42:17.845] [BW] Path 35121: 17176.3µs (7.8GB/s)
  [2026-06-12 16:42:17.847] [LAT] Path 35121: 79.3µs (0.1GB/s)
  [2026-06-12 16:42:17.848] [LAT] Path 35121: 80.1µs (0.1GB/s)
  [2026-06-12 16:42:17.850] [LAT] Path 35121: 76.5µs (0.1GB/s)
  [2026-06-12 16:42:17.852] [LAT] Path 35121: 76.0µs (0.1GB/s)
  [2026-06-12 16:42:17.853] [LAT] Path 35121: 76.2µs (0.1GB/s)
  [2026-06-12 16:42:17.855] [LAT] Path 35121: 75.5µs (0.1GB/s)
  [2026-06-12 16:42:18.866] [LAT] Path 35121: 108.5µs (0.0GB/s)
  [2026-06-12 16:42:18.867] [LAT] Path 35121: 80.7µs (0.1GB/s)
  [2026-06-12 16:42:18.880] [BW] Path 35121: 11274.8µs (11.9GB/s)
  [2026-06-12 16:42:18.893] [BW] Path 35121: 11986.0µs (11.2GB/s)
  [2026-06-12 16:42:18.895] [LAT] Path 35121: 81.1µs (0.1GB/s)
  [2026-06-12 16:42:18.897] [LAT] Path 35121: 78.5µs (0.1GB/s)
  [2026-06-12 16:42:18.898] [LAT] Path 35121: 79.0µs (0.1GB/s)
  [2026-06-12 16:42:18.900] [LAT] Path 35121: 92.9µs (0.0GB/s)
  [2026-06-12 16:42:18.903] [LAT] Path 35121: 2045.3µs (0.0GB/s)
  [2026-06-12 16:42:18.905] [LAT] Path 35121: 90.2µs (0.1GB/s)
  [2026-06-12 16:42:19.916] [LAT] Path 35121: 104.0µs (0.0GB/s)
  [2026-06-12 16:42:19.918] [LAT] Path 35121: 159.3µs (0.0GB/s)
  [2026-06-12 16:42:19.919] [LAT] Path 35121: 78.3µs (0.1GB/s)
  [2026-06-12 16:42:19.929] [BW] Path 35121: 7984.3µs (16.8GB/s)
  [2026-06-12 16:42:19.939] [BW] Path 35121: 9022.9µs (14.9GB/s)
  [2026-06-12 16:42:19.949] [BW] Path 35121: 8564.7µs (15.7GB/s)
  [2026-06-12 16:42:19.966] [BW] Path 35121: 15340.8µs (8.8GB/s)
  [2026-06-12 16:42:19.974] [BW] Path 35121: 6680.7µs (20.1GB/s)
  [2026-06-12 16:42:19.988] [BW] Path 35121: 11971.9µs (11.2GB/s)
  [2026-06-12 16:42:19.996] [BW] Path 35121: 7007.6µs (19.1GB/s)
  [2026-06-12 16:42:21.007] [LAT] Path 20176: 117.1µs (0.0GB/s)
  [2026-06-12 16:42:21.009] [LAT] Path 20176: 112.3µs (0.0GB/s)
  [2026-06-12 16:42:21.010] [LAT] Path 20176: 93.9µs (0.0GB/s)
  [2026-06-12 16:42:21.012] [LAT] Path 20176: 93.7µs (0.0GB/s)
  [2026-06-12 16:42:21.014] [LAT] Path 20176: 79.3µs (0.1GB/s)
  [2026-06-12 16:42:21.015] [LAT] Path 20176: 75.0µs (0.1GB/s)
  [2026-06-12 16:42:21.021] [LAT] Path 20176: 4108.7µs (0.0GB/s)
  [2026-06-12 16:42:21.022] [LAT] Path 20176: 93.4µs (0.0GB/s)
  [2026-06-12 16:42:21.024] [LAT] Path 20176: 93.7µs (0.0GB/s)
  [2026-06-12 16:42:21.026] [LAT] Path 20176: 94.9µs (0.0GB/s)
  [2026-06-12 16:42:22.037] [LAT] Path 20176: 143.9µs (0.0GB/s)
  [2026-06-12 16:42:22.041] [LAT] Path 20176: 2709.4µs (0.0GB/s)
  [2026-06-12 16:42:22.043] [LAT] Path 20176: 523.5µs (0.0GB/s)
  [2026-06-12 16:42:22.044] [LAT] Path 20176: 88.7µs (0.1GB/s)
  [2026-06-12 16:42:22.046] [LAT] Path 20176: 89.3µs (0.1GB/s)
  [2026-06-12 16:42:22.048] [LAT] Path 20176: 1045.8µs (0.0GB/s)
  [2026-06-12 16:42:22.050] [LAT] Path 20176: 79.8µs (0.1GB/s)
  [2026-06-12 16:42:22.051] [LAT] Path 20176: 78.2µs (0.1GB/s)
  [2026-06-12 16:42:22.053] [LAT] Path 20176: 76.3µs (0.1GB/s)
  [2026-06-12 16:42:22.055] [LAT] Path 20176: 72.5µs (0.1GB/s)
  [2026-06-12 16:42:23.073] [BW] Path 35121: 8073.5µs (16.6GB/s)
  [2026-06-12 16:42:23.088] [BW] Path 35121: 13356.1µs (10.1GB/s)
  [2026-06-12 16:42:23.103] [BW] Path 35121: 13606.7µs (9.9GB/s)
  [2026-06-12 16:42:23.114] [BW] Path 35121: 9890.5µs (13.6GB/s)
  [2026-06-12 16:42:23.125] [BW] Path 35121: 9275.0µs (14.5GB/s)
  [2026-06-12 16:42:23.134] [BW] Path 35121: 7621.0µs (17.6GB/s)
  [2026-06-12 16:42:23.146] [BW] Path 35121: 10372.6µs (12.9GB/s)
  [2026-06-12 16:42:23.155] [BW] Path 35121: 7717.3µs (17.4GB/s)
  [2026-06-12 16:42:23.173] [BW] Path 35121: 15872.8µs (8.5GB/s)
  [2026-06-12 16:42:23.183] [BW] Path 35121: 9237.7µs (14.5GB/s)
  [2026-06-12 16:42:24.194] [LAT] Path 20176: 93.4µs (0.0GB/s)
  [2026-06-12 16:42:24.196] [LAT] Path 20176: 118.2µs (0.0GB/s)
  [2026-06-12 16:42:24.197] [LAT] Path 20176: 89.8µs (0.1GB/s)
  [2026-06-12 16:42:24.199] [LAT] Path 20176: 84.4µs (0.1GB/s)
  [2026-06-12 16:42:24.200] [LAT] Path 20176: 81.2µs (0.1GB/s)
  [2026-06-12 16:42:24.202] [LAT] Path 20176: 104.9µs (0.0GB/s)
  [2026-06-12 16:42:24.203] [LAT] Path 20176: 76.3µs (0.1GB/s)
  [2026-06-12 16:42:24.213] [LAT] Path 20176: 7732.5µs (0.0GB/s)
  [2026-06-12 16:42:24.214] [LAT] Path 20176: 79.3µs (0.1GB/s)
  [2026-06-12 16:42:24.216] [LAT] Path 20176: 79.1µs (0.1GB/s)
  [2026-06-12 16:42:25.226] [LAT] Path 20176: 140.8µs (0.0GB/s)
  [2026-06-12 16:42:25.228] [LAT] Path 20176: 79.4µs (0.1GB/s)
  [2026-06-12 16:42:25.231] [LAT] Path 20176: 1823.3µs (0.0GB/s)
  [2026-06-12 16:42:25.233] [LAT] Path 20176: 92.5µs (0.0GB/s)
  [2026-06-12 16:42:25.234] [LAT] Path 20176: 92.7µs (0.0GB/s)
  [2026-06-12 16:42:25.236] [LAT] Path 20176: 87.6µs (0.1GB/s)
  [2026-06-12 16:42:25.238] [LAT] Path 20176: 89.4µs (0.1GB/s)
  [2026-06-12 16:42:25.239] [LAT] Path 20176: 71.5µs (0.1GB/s)
  [2026-06-12 16:42:25.243] [LAT] Path 20176: 2241.4µs (0.0GB/s)
  [2026-06-12 16:42:25.244] [LAT] Path 20176: 76.1µs (0.1GB/s)
  [2026-06-12 16:42:26.262] [BW] Path 35121: 7090.0µs (18.9GB/s)
  [2026-06-12 16:42:26.274] [BW] Path 35121: 10663.2µs (12.6GB/s)
  [2026-06-12 16:42:26.282] [BW] Path 35121: 6756.1µs (19.9GB/s)
  [2026-06-12 16:42:26.303] [BW] Path 35121: 19591.7µs (6.8GB/s)
  [2026-06-12 16:42:26.312] [BW] Path 35121: 7004.1µs (19.2GB/s)
  [2026-06-12 16:42:26.327] [BW] Path 35121: 13646.4µs (9.8GB/s)
  [2026-06-12 16:42:26.335] [BW] Path 35121: 6793.5µs (19.8GB/s)
  [2026-06-12 16:42:26.347] [BW] Path 35121: 10731.5µs (12.5GB/s)
  [2026-06-12 16:42:26.356] [BW] Path 35121: 7164.7µs (18.7GB/s)
  [2026-06-12 16:42:26.373] [BW] Path 35121: 15489.1µs (8.7GB/s)
  [2026-06-12 16:42:27.394] [LAT] Path 20176: 10234.7µs (0.0GB/s)
  [2026-06-12 16:42:27.395] [LAT] Path 20176: 79.6µs (0.1GB/s)
  [2026-06-12 16:42:27.397] [LAT] Path 20176: 76.0µs (0.1GB/s)
  [2026-06-12 16:42:27.399] [LAT] Path 20176: 73.1µs (0.1GB/s)
  [2026-06-12 16:42:27.400] [LAT] Path 20176: 73.8µs (0.1GB/s)
  [2026-06-12 16:42:27.402] [LAT] Path 20176: 69.7µs (0.1GB/s)
  [2026-06-12 16:42:27.403] [LAT] Path 20176: 92.4µs (0.0GB/s)
  [2026-06-12 16:42:27.405] [LAT] Path 20176: 93.9µs (0.0GB/s)
  [2026-06-12 16:42:27.406] [LAT] Path 20176: 92.7µs (0.0GB/s)
  [2026-06-12 16:42:27.408] [LAT] Path 20176: 93.9µs (0.0GB/s)
  [2026-06-12 16:42:28.432] [BW] Path 35121: 13832.7µs (9.7GB/s)
  [2026-06-12 16:42:28.441] [BW] Path 35121: 7499.1µs (17.9GB/s)
  [2026-06-12 16:42:28.451] [BW] Path 35121: 8730.8µs (15.4GB/s)
  [2026-06-12 16:42:28.453] [LAT] Path 35121: 80.8µs (0.1GB/s)
  [2026-06-12 16:42:28.454] [LAT] Path 35121: 78.3µs (0.1GB/s)
  [2026-06-12 16:42:28.456] [LAT] Path 35121: 89.2µs (0.1GB/s)
  [2026-06-12 16:42:28.457] [LAT] Path 35121: 158.9µs (0.0GB/s)
  [2026-06-12 16:42:28.468] [BW] Path 35121: 8539.2µs (15.7GB/s)
  [2026-06-12 16:42:28.478] [BW] Path 35121: 8878.3µs (15.1GB/s)
  [2026-06-12 16:42:28.488] [BW] Path 35121: 8240.8µs (16.3GB/s)
  [2026-06-12 16:42:29.498] [LAT] Path 20176: 103.0µs (0.0GB/s)
  [2026-06-12 16:42:29.500] [LAT] Path 20176: 93.8µs (0.0GB/s)
  [2026-06-12 16:42:29.501] [LAT] Path 20176: 90.3µs (0.1GB/s)
  [2026-06-12 16:42:29.503] [LAT] Path 20176: 90.8µs (0.1GB/s)
  [2026-06-12 16:42:29.504] [LAT] Path 20176: 92.1µs (0.0GB/s)
  [2026-06-12 16:42:29.506] [LAT] Path 20176: 70.2µs (0.1GB/s)
  [2026-06-12 16:42:29.508] [LAT] Path 20176: 73.4µs (0.1GB/s)
  [2026-06-12 16:42:29.509] [LAT] Path 20176: 74.5µs (0.1GB/s)
  [2026-06-12 16:42:29.511] [LAT] Path 20176: 75.1µs (0.1GB/s)
  [2026-06-12 16:42:29.512] [LAT] Path 20176: 75.4µs (0.1GB/s)
  [2026-06-12 16:42:30.522] [LAT] Path 20176: 111.8µs (0.0GB/s)
  [2026-06-12 16:42:30.527] [LAT] Path 20176: 2609.2µs (0.0GB/s)
  [2026-06-12 16:42:30.531] [LAT] Path 20176: 2767.0µs (0.0GB/s)
  [2026-06-12 16:42:30.532] [LAT] Path 20176: 75.4µs (0.1GB/s)
  [2026-06-12 16:42:30.534] [LAT] Path 20176: 75.7µs (0.1GB/s)
  [2026-06-12 16:42:30.536] [LAT] Path 20176: 74.9µs (0.1GB/s)
  [2026-06-12 16:42:30.537] [LAT] Path 20176: 96.3µs (0.0GB/s)
  [2026-06-12 16:42:30.539] [LAT] Path 20176: 94.5µs (0.0GB/s)
  [2026-06-12 16:42:30.540] [LAT] Path 20176: 92.6µs (0.0GB/s)
  [2026-06-12 16:42:30.542] [LAT] Path 20176: 93.5µs (0.0GB/s)
  [2026-06-12 16:42:31.807] [LAT] Path 20176: 141.2µs (0.0GB/s)
  [2026-06-12 16:42:31.809] [LAT] Path 20176: 80.8µs (0.1GB/s)
  [2026-06-12 16:42:31.810] [LAT] Path 20176: 82.6µs (0.1GB/s)
  [2026-06-12 16:42:31.812] [LAT] Path 20176: 91.3µs (0.0GB/s)
  [2026-06-12 16:42:31.814] [LAT] Path 20176: 91.7µs (0.0GB/s)
  [2026-06-12 16:42:31.815] [LAT] Path 20176: 93.6µs (0.0GB/s)
  [2026-06-12 16:42:31.817] [LAT] Path 20176: 89.9µs (0.1GB/s)
  [2026-06-12 16:42:31.819] [LAT] Path 20176: 76.8µs (0.1GB/s)
  [2026-06-12 16:42:31.823] [LAT] Path 20176: 2419.9µs (0.0GB/s)
  [2026-06-12 16:42:31.824] [LAT] Path 20176: 78.9µs (0.1GB/s)
  [2026-06-12 16:42:32.837] [LAT] Path 20176: 108.5µs (0.0GB/s)
  [2026-06-12 16:42:32.839] [LAT] Path 20176: 96.5µs (0.0GB/s)
  [2026-06-12 16:42:32.840] [LAT] Path 20176: 113.7µs (0.0GB/s)
  [2026-06-12 16:42:32.842] [LAT] Path 20176: 103.6µs (0.0GB/s)
  [2026-06-12 16:42:32.844] [LAT] Path 20176: 92.3µs (0.0GB/s)
  [2026-06-12 16:42:32.845] [LAT] Path 20176: 77.5µs (0.1GB/s)
  [2026-06-12 16:42:32.847] [LAT] Path 20176: 74.6µs (0.1GB/s)
  [2026-06-12 16:42:32.848] [LAT] Path 20176: 74.8µs (0.1GB/s)
  [2026-06-12 16:42:32.850] [LAT] Path 20176: 75.1µs (0.1GB/s)
  [2026-06-12 16:42:32.851] [LAT] Path 20176: 73.9µs (0.1GB/s)
  [2026-06-12 16:42:33.880] [BW] Path 35121: 17940.8µs (7.5GB/s)
  [2026-06-12 16:42:33.888] [BW] Path 35121: 6665.9µs (20.1GB/s)
  [2026-06-12 16:42:33.899] [BW] Path 35121: 10084.9µs (13.3GB/s)
  [2026-06-12 16:42:33.908] [BW] Path 35121: 6652.2µs (20.2GB/s)
  [2026-06-12 16:42:33.909] [LAT] Path 35121: 92.7µs (0.0GB/s)
  [2026-06-12 16:42:33.913] [LAT] Path 35121: 1884.7µs (0.0GB/s)
  [2026-06-12 16:42:33.914] [LAT] Path 35121: 89.3µs (0.1GB/s)
  [2026-06-12 16:42:33.916] [LAT] Path 35121: 71.2µs (0.1GB/s)
  [2026-06-12 16:42:33.917] [LAT] Path 35121: 75.9µs (0.1GB/s)
  [2026-06-12 16:42:33.927] [BW] Path 35121: 7851.6µs (17.1GB/s)
  [2026-06-12 16:42:34.945] [BW] Path 35121: 7796.6µs (17.2GB/s)
  [2026-06-12 16:42:34.958] [BW] Path 35121: 11024.6µs (12.2GB/s)
  [2026-06-12 16:42:34.973] [BW] Path 35121: 13935.6µs (9.6GB/s)
  [2026-06-12 16:42:34.987] [BW] Path 35121: 12057.6µs (11.1GB/s)
  [2026-06-12 16:42:34.998] [BW] Path 35121: 9981.4µs (13.4GB/s)
  [2026-06-12 16:42:35.008] [BW] Path 35121: 7944.7µs (16.9GB/s)
  [2026-06-12 16:42:35.019] [BW] Path 35121: 9990.0µs (13.4GB/s)
  [2026-06-12 16:42:35.028] [BW] Path 35121: 6972.2µs (19.2GB/s)
  [2026-06-12 16:42:35.049] [BW] Path 35121: 19744.5µs (6.8GB/s)
  [2026-06-12 16:42:35.057] [BW] Path 35121: 6767.7µs (19.8GB/s)
  [2026-06-12 16:42:36.068] [LAT] Path 20176: 92.7µs (0.0GB/s)
  [2026-06-12 16:42:36.070] [LAT] Path 20176: 77.5µs (0.1GB/s)
  [2026-06-12 16:42:36.074] [LAT] Path 20176: 2693.6µs (0.0GB/s)
  [2026-06-12 16:42:36.076] [LAT] Path 20176: 90.0µs (0.1GB/s)
  [2026-06-12 16:42:36.077] [LAT] Path 20176: 90.3µs (0.1GB/s)
  [2026-06-12 16:42:36.079] [LAT] Path 20176: 88.2µs (0.1GB/s)
  [2026-06-12 16:42:36.080] [LAT] Path 20176: 85.2µs (0.1GB/s)
  [2026-06-12 16:42:36.082] [LAT] Path 20176: 75.9µs (0.1GB/s)
  [2026-06-12 16:42:36.086] [LAT] Path 20176: 2280.0µs (0.0GB/s)
  [2026-06-12 16:42:36.087] [LAT] Path 20176: 77.5µs (0.1GB/s)
  [2026-06-12 16:42:37.098] [LAT] Path 20176: 80.4µs (0.1GB/s)
  [2026-06-12 16:42:37.110] [BW] Path 20176: 10111.2µs (13.3GB/s)
  [2026-06-12 16:42:37.111] [LAT] Path 20176: 92.9µs (0.0GB/s)
  [2026-06-12 16:42:37.113] [LAT] Path 20176: 79.7µs (0.1GB/s)
  [2026-06-12 16:42:37.114] [LAT] Path 20176: 80.9µs (0.1GB/s)
  [2026-06-12 16:42:37.130] [BW] Path 20176: 14164.7µs (9.5GB/s)
  [2026-06-12 16:42:37.143] [BW] Path 20176: 11399.2µs (11.8GB/s)
  [2026-06-12 16:42:37.158] [BW] Path 20176: 13091.5µs (10.2GB/s)
  [2026-06-12 16:42:37.166] [BW] Path 20176: 6765.3µs (19.8GB/s)
  [2026-06-12 16:42:37.178] [BW] Path 20176: 11141.1µs (12.1GB/s)
  [2026-06-12 16:42:38.203] [BW] Path 35121: 13266.9µs (10.1GB/s)
  [2026-06-12 16:42:38.217] [BW] Path 35121: 12480.8µs (10.8GB/s)
  [2026-06-12 16:42:38.233] [BW] Path 35121: 15279.1µs (8.8GB/s)
  [2026-06-12 16:42:38.249] [BW] Path 35121: 14238.5µs (9.4GB/s)
  [2026-06-12 16:42:38.251] [LAT] Path 35121: 98.3µs (0.0GB/s)
  [2026-06-12 16:42:38.252] [LAT] Path 35121: 72.3µs (0.1GB/s)
  [2026-06-12 16:42:38.254] [LAT] Path 35121: 75.7µs (0.1GB/s)
  [2026-06-12 16:42:38.256] [LAT] Path 35121: 75.0µs (0.1GB/s)
  [2026-06-12 16:42:38.257] [LAT] Path 35121: 73.8µs (0.1GB/s)
  [2026-06-12 16:42:38.259] [LAT] Path 35121: 73.9µs (0.1GB/s)
  [2026-06-12 16:42:39.270] [LAT] Path 35121: 177.4µs (0.0GB/s)
  [2026-06-12 16:42:39.271] [LAT] Path 35121: 92.5µs (0.0GB/s)
  [2026-06-12 16:42:39.282] [BW] Path 35121: 8962.1µs (15.0GB/s)
  [2026-06-12 16:42:39.290] [BW] Path 35121: 7248.4µs (18.5GB/s)
  [2026-06-12 16:42:39.292] [LAT] Path 35121: 87.4µs (0.1GB/s)
  [2026-06-12 16:42:39.294] [LAT] Path 35121: 87.0µs (0.1GB/s)
  [2026-06-12 16:42:39.295] [LAT] Path 35121: 85.9µs (0.1GB/s)
  [2026-06-12 16:42:39.298] [LAT] Path 35121: 1146.4µs (0.0GB/s)
  [2026-06-12 16:42:39.299] [LAT] Path 35121: 74.8µs (0.1GB/s)
  [2026-06-12 16:42:39.301] [LAT] Path 35121: 73.4µs (0.1GB/s)
  [2026-06-12 16:42:40.321] [BW] Path 35121: 9313.6µs (14.4GB/s)
  [2026-06-12 16:42:40.330] [BW] Path 35121: 7676.8µs (17.5GB/s)
  [2026-06-12 16:42:40.351] [BW] Path 35121: 19019.4µs (7.1GB/s)
  [2026-06-12 16:42:40.359] [BW] Path 35121: 7332.5µs (18.3GB/s)
  [2026-06-12 16:42:40.375] [BW] Path 35121: 13663.8µs (9.8GB/s)
  [2026-06-12 16:42:40.383] [BW] Path 35121: 6758.1µs (19.9GB/s)
  [2026-06-12 16:42:40.395] [BW] Path 35121: 11135.7µs (12.1GB/s)
  [2026-06-12 16:42:40.404] [BW] Path 35121: 6893.6µs (19.5GB/s)
  [2026-06-12 16:42:40.421] [BW] Path 35121: 15525.1µs (8.7GB/s)
  [2026-06-12 16:42:40.429] [BW] Path 35121: 6765.7µs (19.8GB/s)
  [2026-06-12 16:42:41.452] [BW] Path 20176: 12747.5µs (10.5GB/s)
  [2026-06-12 16:42:41.471] [BW] Path 20176: 17038.1µs (7.9GB/s)
  [2026-06-12 16:42:41.473] [LAT] Path 20176: 94.5µs (0.0GB/s)
  [2026-06-12 16:42:41.474] [LAT] Path 20176: 78.7µs (0.1GB/s)
  [2026-06-12 16:42:41.476] [LAT] Path 20176: 78.6µs (0.1GB/s)
  [2026-06-12 16:42:41.477] [LAT] Path 20176: 77.0µs (0.1GB/s)
  [2026-06-12 16:42:41.479] [LAT] Path 20176: 73.5µs (0.1GB/s)
  [2026-06-12 16:42:41.480] [LAT] Path 20176: 75.2µs (0.1GB/s)
  [2026-06-12 16:42:41.482] [LAT] Path 20176: 76.0µs (0.1GB/s)
  [2026-06-12 16:42:41.484] [LAT] Path 20176: 93.1µs (0.0GB/s)
  [2026-06-12 16:42:42.493] [LAT] Path 35121: 122.0µs (0.0GB/s)
  [2026-06-12 16:42:42.495] [LAT] Path 35121: 78.8µs (0.1GB/s)
  [2026-06-12 16:42:42.497] [LAT] Path 35121: 77.8µs (0.1GB/s)
  [2026-06-12 16:42:42.498] [LAT] Path 35121: 74.5µs (0.1GB/s)
  [2026-06-12 16:42:42.500] [LAT] Path 35121: 73.7µs (0.1GB/s)
  [2026-06-12 16:42:42.512] [BW] Path 35121: 11209.0µs (12.0GB/s)
  [2026-06-12 16:42:42.521] [BW] Path 35121: 6695.6µs (20.1GB/s)
  [2026-06-12 16:42:42.533] [BW] Path 35121: 10340.0µs (13.0GB/s)
  [2026-06-12 16:42:42.545] [BW] Path 35121: 10777.0µs (12.4GB/s)
  [2026-06-12 16:42:42.555] [BW] Path 35121: 8935.0µs (15.0GB/s)
  [2026-06-12 16:42:43.566] [LAT] Path 20176: 89.8µs (0.1GB/s)
  [2026-06-12 16:42:43.568] [LAT] Path 20176: 87.6µs (0.1GB/s)
  [2026-06-12 16:42:43.569] [LAT] Path 20176: 79.5µs (0.1GB/s)
  [2026-06-12 16:42:43.574] [LAT] Path 20176: 2903.1µs (0.0GB/s)
  [2026-06-12 16:42:43.575] [LAT] Path 20176: 75.7µs (0.1GB/s)
  [2026-06-12 16:42:43.577] [LAT] Path 20176: 89.2µs (0.1GB/s)
  [2026-06-12 16:42:43.578] [LAT] Path 20176: 85.6µs (0.1GB/s)
  [2026-06-12 16:42:43.580] [LAT] Path 20176: 81.9µs (0.1GB/s)
  [2026-06-12 16:42:43.581] [LAT] Path 20176: 96.4µs (0.0GB/s)
  [2026-06-12 16:42:43.584] [LAT] Path 20176: 1403.0µs (0.0GB/s)
  [2026-06-12 16:42:44.606] [BW] Path 35121: 11277.8µs (11.9GB/s)
  [2026-06-12 16:42:44.608] [LAT] Path 35121: 84.9µs (0.1GB/s)
  [2026-06-12 16:42:44.609] [LAT] Path 35121: 77.5µs (0.1GB/s)
  [2026-06-12 16:42:44.611] [LAT] Path 35121: 75.4µs (0.1GB/s)
  [2026-06-12 16:42:44.613] [LAT] Path 35121: 75.9µs (0.1GB/s)
  [2026-06-12 16:42:44.614] [LAT] Path 35121: 97.3µs (0.0GB/s)
  [2026-06-12 16:42:44.616] [LAT] Path 35121: 91.7µs (0.0GB/s)
  [2026-06-12 16:42:44.619] [LAT] Path 35121: 2156.1µs (0.0GB/s)
  [2026-06-12 16:42:44.621] [LAT] Path 35121: 78.0µs (0.1GB/s)
  [2026-06-12 16:42:44.622] [LAT] Path 35121: 76.4µs (0.1GB/s)
  [2026-06-12 16:42:45.633] [LAT] Path 20176: 92.8µs (0.0GB/s)
  [2026-06-12 16:42:45.635] [LAT] Path 20176: 84.0µs (0.1GB/s)
  [2026-06-12 16:42:45.636] [LAT] Path 20176: 86.0µs (0.1GB/s)
  [2026-06-12 16:42:45.638] [LAT] Path 20176: 86.8µs (0.1GB/s)
  [2026-06-12 16:42:45.639] [LAT] Path 20176: 77.6µs (0.1GB/s)
  [2026-06-12 16:42:45.643] [LAT] Path 20176: 2699.9µs (0.0GB/s)
  [2026-06-12 16:42:45.645] [LAT] Path 20176: 77.6µs (0.1GB/s)
  [2026-06-12 16:42:45.646] [LAT] Path 20176: 93.9µs (0.0GB/s)
  [2026-06-12 16:42:45.648] [LAT] Path 20176: 88.0µs (0.1GB/s)
  [2026-06-12 16:42:45.650] [LAT] Path 20176: 86.8µs (0.1GB/s)
  [2026-06-12 16:42:46.660] [LAT] Path 20176: 94.1µs (0.0GB/s)
  [2026-06-12 16:42:46.661] [LAT] Path 20176: 90.4µs (0.1GB/s)
  [2026-06-12 16:42:46.663] [LAT] Path 20176: 83.2µs (0.1GB/s)
  [2026-06-12 16:42:46.665] [LAT] Path 20176: 85.4µs (0.1GB/s)
  [2026-06-12 16:42:46.666] [LAT] Path 20176: 88.9µs (0.1GB/s)
  [2026-06-12 16:42:46.668] [LAT] Path 20176: 78.2µs (0.1GB/s)
  [2026-06-12 16:42:46.669] [LAT] Path 20176: 75.5µs (0.1GB/s)
  [2026-06-12 16:42:46.671] [LAT] Path 20176: 73.3µs (0.1GB/s)
  [2026-06-12 16:42:46.672] [LAT] Path 20176: 73.8µs (0.1GB/s)
  [2026-06-12 16:42:46.674] [LAT] Path 20176: 75.4µs (0.1GB/s)
  [2026-06-12 16:42:47.685] [LAT] Path 35121: 120.9µs (0.0GB/s)
  [2026-06-12 16:42:47.686] [LAT] Path 35121: 74.4µs (0.1GB/s)
  [2026-06-12 16:42:47.692] [LAT] Path 35121: 4709.8µs (0.0GB/s)
  [2026-06-12 16:42:47.694] [LAT] Path 35121: 87.6µs (0.1GB/s)
  [2026-06-12 16:42:47.696] [LAT] Path 35121: 98.6µs (0.0GB/s)
  [2026-06-12 16:42:47.697] [LAT] Path 35121: 104.6µs (0.0GB/s)
  [2026-06-12 16:42:47.699] [LAT] Path 35121: 103.9µs (0.0GB/s)
  [2026-06-12 16:42:47.700] [LAT] Path 35121: 85.9µs (0.1GB/s)
  [2026-06-12 16:42:47.702] [LAT] Path 35121: 91.7µs (0.0GB/s)
  [2026-06-12 16:42:47.703] [LAT] Path 35121: 95.2µs (0.0GB/s)
  [2026-06-12 16:42:48.714] [LAT] Path 20176: 95.7µs (0.0GB/s)
  [2026-06-12 16:42:48.716] [LAT] Path 20176: 92.3µs (0.0GB/s)
  [2026-06-12 16:42:48.719] [LAT] Path 20176: 2238.0µs (0.0GB/s)
  [2026-06-12 16:42:48.721] [LAT] Path 20176: 85.5µs (0.1GB/s)
  [2026-06-12 16:42:48.722] [LAT] Path 20176: 77.0µs (0.1GB/s)
  [2026-06-12 16:42:48.724] [LAT] Path 20176: 76.2µs (0.1GB/s)
  [2026-06-12 16:42:48.725] [LAT] Path 20176: 74.3µs (0.1GB/s)
  [2026-06-12 16:42:48.727] [LAT] Path 20176: 72.9µs (0.1GB/s)
  [2026-06-12 16:42:48.729] [LAT] Path 20176: 74.8µs (0.1GB/s)
  [2026-06-12 16:42:48.730] [LAT] Path 20176: 73.0µs (0.1GB/s)
  [2026-06-12 16:42:49.741] [LAT] Path 35121: 86.2µs (0.1GB/s)
  [2026-06-12 16:42:49.742] [LAT] Path 35121: 75.7µs (0.1GB/s)
  [2026-06-12 16:42:49.761] [BW] Path 35121: 16957.6µs (7.9GB/s)
  [2026-06-12 16:42:49.769] [BW] Path 35121: 6795.5µs (19.8GB/s)
  [2026-06-12 16:42:49.784] [BW] Path 35121: 13684.6µs (9.8GB/s)
  [2026-06-12 16:42:49.792] [BW] Path 35121: 6895.1µs (19.5GB/s)
  [2026-06-12 16:42:49.805] [BW] Path 35121: 10851.0µs (12.4GB/s)
  [2026-06-12 16:42:49.813] [BW] Path 35121: 7198.3µs (18.6GB/s)
  [2026-06-12 16:42:49.831] [BW] Path 35121: 15509.0µs (8.7GB/s)
  [2026-06-12 16:42:49.832] [LAT] Path 35121: 77.2µs (0.1GB/s)
  [2026-06-12 16:42:50.843] [LAT] Path 35121: 143.5µs (0.0GB/s)
  [2026-06-12 16:42:50.845] [LAT] Path 35121: 99.8µs (0.0GB/s)
  [2026-06-12 16:42:50.855] [LAT] Path 35121: 8438.7µs (0.0GB/s)
  [2026-06-12 16:42:50.856] [LAT] Path 35121: 75.6µs (0.1GB/s)
  [2026-06-12 16:42:50.858] [LAT] Path 35121: 75.3µs (0.1GB/s)
  [2026-06-12 16:42:50.859] [LAT] Path 35121: 76.7µs (0.1GB/s)
  [2026-06-12 16:42:50.861] [LAT] Path 35121: 75.6µs (0.1GB/s)
  [2026-06-12 16:42:50.862] [LAT] Path 35121: 87.7µs (0.1GB/s)
  [2026-06-12 16:42:50.864] [LAT] Path 35121: 75.0µs (0.1GB/s)
  [2026-06-12 16:42:50.866] [LAT] Path 35121: 95.7µs (0.0GB/s)
  [2026-06-12 16:42:51.876] [LAT] Path 20176: 203.8µs (0.0GB/s)
  [2026-06-12 16:42:51.878] [LAT] Path 20176: 130.9µs (0.0GB/s)
  [2026-06-12 16:42:51.880] [LAT] Path 20176: 76.7µs (0.1GB/s)
  [2026-06-12 16:42:51.881] [LAT] Path 20176: 76.7µs (0.1GB/s)
  [2026-06-12 16:42:51.883] [LAT] Path 20176: 469.7µs (0.0GB/s)
  [2026-06-12 16:42:51.885] [LAT] Path 20176: 95.9µs (0.0GB/s)
  [2026-06-12 16:42:51.886] [LAT] Path 20176: 93.7µs (0.0GB/s)
  [2026-06-12 16:42:51.889] [LAT] Path 20176: 1119.7µs (0.0GB/s)
  [2026-06-12 16:42:51.891] [LAT] Path 20176: 88.8µs (0.1GB/s)
  [2026-06-12 16:42:51.901] [BW] Path 20176: 9309.8µs (14.4GB/s)
  [2026-06-12 16:42:52.923] [BW] Path 20176: 11439.8µs (11.7GB/s)
  [2026-06-12 16:42:52.933] [BW] Path 20176: 8041.1µs (16.7GB/s)
  [2026-06-12 16:42:52.943] [BW] Path 20176: 9061.1µs (14.8GB/s)
  [2026-06-12 16:42:52.954] [BW] Path 20176: 8900.2µs (15.1GB/s)
  [2026-06-12 16:42:52.967] [BW] Path 20176: 12033.4µs (11.2GB/s)
  [2026-06-12 16:42:52.969] [LAT] Path 20176: 77.8µs (0.1GB/s)
  [2026-06-12 16:42:52.970] [LAT] Path 20176: 74.7µs (0.1GB/s)
  [2026-06-12 16:42:52.972] [LAT] Path 20176: 75.5µs (0.1GB/s)
  [2026-06-12 16:42:52.973] [LAT] Path 20176: 74.6µs (0.1GB/s)
  [2026-06-12 16:42:52.975] [LAT] Path 20176: 101.3µs (0.0GB/s)
  [2026-06-12 16:42:53.986] [LAT] Path 20176: 145.2µs (0.0GB/s)
  [2026-06-12 16:42:53.988] [LAT] Path 20176: 90.8µs (0.1GB/s)
  [2026-06-12 16:42:53.989] [LAT] Path 20176: 78.8µs (0.1GB/s)
  [2026-06-12 16:42:53.991] [LAT] Path 20176: 74.0µs (0.1GB/s)
  [2026-06-12 16:42:53.992] [LAT] Path 20176: 74.3µs (0.1GB/s)
  [2026-06-12 16:42:53.994] [LAT] Path 20176: 73.7µs (0.1GB/s)
  [2026-06-12 16:42:53.995] [LAT] Path 20176: 74.1µs (0.1GB/s)
  [2026-06-12 16:42:53.997] [LAT] Path 20176: 74.8µs (0.1GB/s)
  [2026-06-12 16:42:53.999] [LAT] Path 20176: 74.4µs (0.1GB/s)
  [2026-06-12 16:42:54.000] [LAT] Path 20176: 84.2µs (0.1GB/s)
  [2026-06-12 16:42:55.189] [LAT] Path 20176: 96.8µs (0.0GB/s)
  [2026-06-12 16:42:55.190] [LAT] Path 20176: 88.8µs (0.1GB/s)
  [2026-06-12 16:42:55.192] [LAT] Path 20176: 87.1µs (0.1GB/s)
  [2026-06-12 16:42:55.193] [LAT] Path 20176: 78.1µs (0.1GB/s)
  [2026-06-12 16:42:55.195] [LAT] Path 20176: 74.3µs (0.1GB/s)
  [2026-06-12 16:42:55.198] [LAT] Path 20176: 2022.9µs (0.0GB/s)
  [2026-06-12 16:42:55.200] [LAT] Path 20176: 86.8µs (0.1GB/s)
  [2026-06-12 16:42:55.201] [LAT] Path 20176: 88.3µs (0.1GB/s)
  [2026-06-12 16:42:55.203] [LAT] Path 20176: 86.5µs (0.1GB/s)
  [2026-06-12 16:42:55.205] [LAT] Path 20176: 86.5µs (0.1GB/s)
  [2026-06-12 16:42:56.215] [LAT] Path 20176: 87.4µs (0.1GB/s)
  [2026-06-12 16:42:56.217] [LAT] Path 20176: 76.6µs (0.1GB/s)
  [2026-06-12 16:42:56.218] [LAT] Path 20176: 77.2µs (0.1GB/s)
  [2026-06-12 16:42:56.220] [LAT] Path 20176: 76.1µs (0.1GB/s)
  [2026-06-12 16:42:56.221] [LAT] Path 20176: 75.3µs (0.1GB/s)
  [2026-06-12 16:42:56.223] [LAT] Path 20176: 74.2µs (0.1GB/s)
  [2026-06-12 16:42:56.224] [LAT] Path 20176: 94.9µs (0.0GB/s)
  [2026-06-12 16:42:56.226] [LAT] Path 20176: 92.2µs (0.0GB/s)
  [2026-06-12 16:42:56.228] [LAT] Path 20176: 92.0µs (0.0GB/s)
  [2026-06-12 16:42:56.229] [LAT] Path 20176: 91.7µs (0.0GB/s)
  [2026-06-12 16:42:57.240] [LAT] Path 20176: 137.8µs (0.0GB/s)
  [2026-06-12 16:42:57.242] [LAT] Path 20176: 77.7µs (0.1GB/s)
  [2026-06-12 16:42:57.243] [LAT] Path 20176: 75.1µs (0.1GB/s)
  [2026-06-12 16:42:57.245] [LAT] Path 20176: 76.1µs (0.1GB/s)
  [2026-06-12 16:42:57.246] [LAT] Path 20176: 89.5µs (0.1GB/s)
  [2026-06-12 16:42:57.248] [LAT] Path 20176: 88.6µs (0.1GB/s)
  [2026-06-12 16:42:57.249] [LAT] Path 20176: 87.9µs (0.1GB/s)
  [2026-06-12 16:42:57.251] [LAT] Path 20176: 86.6µs (0.1GB/s)
  [2026-06-12 16:42:57.254] [LAT] Path 20176: 1364.2µs (0.0GB/s)
  [2026-06-12 16:42:57.255] [LAT] Path 20176: 75.6µs (0.1GB/s)
  [2026-06-12 16:42:58.273] [BW] Path 35121: 7216.2µs (18.6GB/s)
  [2026-06-12 16:42:58.285] [BW] Path 35121: 10453.1µs (12.8GB/s)
  [2026-06-12 16:42:58.295] [BW] Path 35121: 8239.2µs (16.3GB/s)
  [2026-06-12 16:42:58.312] [BW] Path 35121: 15856.8µs (8.5GB/s)
  [2026-06-12 16:42:58.322] [BW] Path 35121: 8876.6µs (15.1GB/s)
  [2026-06-12 16:42:58.334] [BW] Path 35121: 9994.3µs (13.4GB/s)
  [2026-06-12 16:42:58.343] [BW] Path 35121: 8048.9µs (16.7GB/s)
  [2026-06-12 16:42:58.354] [BW] Path 35121: 8856.0µs (15.2GB/s)
  [2026-06-12 16:42:58.369] [BW] Path 35121: 13366.7µs (10.0GB/s)
  [2026-06-12 16:42:58.383] [BW] Path 35121: 12887.5µs (10.4GB/s)
  [2026-06-12 16:42:59.410] [BW] Path 35121: 16710.8µs (8.0GB/s)
  [2026-06-12 16:42:59.429] [BW] Path 35121: 16784.3µs (8.0GB/s)
  [2026-06-12 16:42:59.453] [BW] Path 35121: 22879.4µs (5.9GB/s)
  [2026-06-12 16:42:59.474] [BW] Path 35121: 19324.8µs (7.0GB/s)
  [2026-06-12 16:42:59.475] [LAT] Path 35121: 87.8µs (0.1GB/s)
  [2026-06-12 16:42:59.477] [LAT] Path 35121: 91.3µs (0.0GB/s)
  [2026-06-12 16:42:59.479] [LAT] Path 35121: 77.8µs (0.1GB/s)
  [2026-06-12 16:42:59.483] [LAT] Path 35121: 2545.1µs (0.0GB/s)
  [2026-06-12 16:42:59.484] [LAT] Path 35121: 78.6µs (0.1GB/s)
  [2026-06-12 16:42:59.486] [LAT] Path 35121: 91.8µs (0.0GB/s)
  [2026-06-12 16:43:00.716] [LAT] Path 20176: 155.9µs (0.0GB/s)
  [2026-06-12 16:43:00.718] [LAT] Path 20176: 87.2µs (0.1GB/s)
  [2026-06-12 16:43:00.719] [LAT] Path 20176: 88.0µs (0.1GB/s)
  [2026-06-12 16:43:00.721] [LAT] Path 20176: 86.6µs (0.1GB/s)
  [2026-06-12 16:43:00.723] [LAT] Path 20176: 76.9µs (0.1GB/s)
  [2026-06-12 16:43:00.724] [LAT] Path 20176: 77.8µs (0.1GB/s)
  [2026-06-12 16:43:00.726] [LAT] Path 20176: 75.2µs (0.1GB/s)
  [2026-06-12 16:43:00.727] [LAT] Path 20176: 75.2µs (0.1GB/s)
  [2026-06-12 16:43:00.729] [LAT] Path 20176: 78.6µs (0.1GB/s)
  [2026-06-12 16:43:00.731] [LAT] Path 20176: 88.6µs (0.1GB/s)
  [2026-06-12 16:43:01.742] [LAT] Path 20176: 113.2µs (0.0GB/s)
  [2026-06-12 16:43:01.744] [LAT] Path 20176: 80.4µs (0.1GB/s)
  [2026-06-12 16:43:01.745] [LAT] Path 20176: 78.5µs (0.1GB/s)
  [2026-06-12 16:43:01.747] [LAT] Path 20176: 101.7µs (0.0GB/s)
  [2026-06-12 16:43:01.749] [LAT] Path 20176: 109.3µs (0.0GB/s)
  [2026-06-12 16:43:01.750] [LAT] Path 20176: 91.2µs (0.0GB/s)
  [2026-06-12 16:43:01.752] [LAT] Path 20176: 97.8µs (0.0GB/s)
  [2026-06-12 16:43:01.753] [LAT] Path 20176: 105.9µs (0.0GB/s)
  [2026-06-12 16:43:01.755] [LAT] Path 20176: 87.5µs (0.1GB/s)
  [2026-06-12 16:43:01.757] [LAT] Path 20176: 94.2µs (0.0GB/s)
  [2026-06-12 16:43:02.767] [LAT] Path 35121: 140.0µs (0.0GB/s)
  [2026-06-12 16:43:02.769] [LAT] Path 35121: 82.6µs (0.1GB/s)
  [2026-06-12 16:43:02.770] [LAT] Path 35121: 79.0µs (0.1GB/s)
  [2026-06-12 16:43:02.772] [LAT] Path 35121: 75.6µs (0.1GB/s)
  [2026-06-12 16:43:02.773] [LAT] Path 35121: 76.1µs (0.1GB/s)
  [2026-06-12 16:43:02.775] [LAT] Path 35121: 75.6µs (0.1GB/s)
  [2026-06-12 16:43:02.776] [LAT] Path 35121: 79.8µs (0.1GB/s)
  [2026-06-12 16:43:02.780] [LAT] Path 35121: 2089.8µs (0.0GB/s)
  [2026-06-12 16:43:02.782] [LAT] Path 35121: 95.7µs (0.0GB/s)
  [2026-06-12 16:43:02.783] [LAT] Path 35121: 74.8µs (0.1GB/s)
  [2026-06-12 16:43:03.794] [LAT] Path 20176: 107.4µs (0.0GB/s)
  [2026-06-12 16:43:03.803] [BW] Path 20176: 7234.9µs (18.6GB/s)
  [2026-06-12 16:43:03.815] [BW] Path 20176: 10532.2µs (12.7GB/s)
  [2026-06-12 16:43:03.823] [BW] Path 20176: 6782.6µs (19.8GB/s)
  [2026-06-12 16:43:03.844] [BW] Path 20176: 19816.0µs (6.8GB/s)
  [2026-06-12 16:43:03.854] [BW] Path 20176: 8207.9µs (16.4GB/s)
  [2026-06-12 16:43:03.868] [BW] Path 20176: 12902.4µs (10.4GB/s)
  [2026-06-12 16:43:03.877] [BW] Path 20176: 6846.7µs (19.6GB/s)
  [2026-06-12 16:43:03.880] [LAT] Path 20176: 2125.7µs (0.0GB/s)
  [2026-06-12 16:43:03.882] [LAT] Path 20176: 88.2µs (0.1GB/s)
  [2026-06-12 16:43:04.892] [LAT] Path 20176: 121.6µs (0.0GB/s)
  [2026-06-12 16:43:04.894] [LAT] Path 20176: 98.3µs (0.0GB/s)
  [2026-06-12 16:43:04.896] [LAT] Path 20176: 106.3µs (0.0GB/s)
  [2026-06-12 16:43:04.897] [LAT] Path 20176: 92.2µs (0.0GB/s)
  [2026-06-12 16:43:04.899] [LAT] Path 20176: 89.3µs (0.1GB/s)
  [2026-06-12 16:43:04.900] [LAT] Path 20176: 95.3µs (0.0GB/s)
  [2026-06-12 16:43:04.902] [LAT] Path 20176: 72.5µs (0.1GB/s)
  [2026-06-12 16:43:04.903] [LAT] Path 20176: 78.6µs (0.1GB/s)
  [2026-06-12 16:43:04.911] [LAT] Path 20176: 5985.8µs (0.0GB/s)
  [2026-06-12 16:43:04.912] [LAT] Path 20176: 97.9µs (0.0GB/s)
  [2026-06-12 16:43:05.922] [LAT] Path 20176: 124.7µs (0.0GB/s)
  [2026-06-12 16:43:05.923] [LAT] Path 20176: 76.9µs (0.1GB/s)
  [2026-06-12 16:43:05.925] [LAT] Path 20176: 89.9µs (0.1GB/s)
  [2026-06-12 16:43:05.926] [LAT] Path 20176: 89.4µs (0.1GB/s)
  [2026-06-12 16:43:05.928] [LAT] Path 20176: 85.4µs (0.1GB/s)
  [2026-06-12 16:43:05.929] [LAT] Path 20176: 87.0µs (0.1GB/s)
  [2026-06-12 16:43:05.931] [LAT] Path 20176: 115.8µs (0.0GB/s)
  [2026-06-12 16:43:05.936] [LAT] Path 20176: 3688.8µs (0.0GB/s)
  [2026-06-12 16:43:05.938] [LAT] Path 20176: 74.1µs (0.1GB/s)
  [2026-06-12 16:43:05.939] [LAT] Path 20176: 74.4µs (0.1GB/s)
  [2026-06-12 16:43:06.958] [BW] Path 20176: 8505.3µs (15.8GB/s)
  [2026-06-12 16:43:06.974] [BW] Path 20176: 14616.7µs (9.2GB/s)
  [2026-06-12 16:43:06.983] [BW] Path 20176: 7206.5µs (18.6GB/s)
  [2026-06-12 16:43:06.996] [BW] Path 20176: 11634.1µs (11.5GB/s)
  [2026-06-12 16:43:07.005] [BW] Path 20176: 7461.4µs (18.0GB/s)
  [2026-06-12 16:43:07.016] [BW] Path 20176: 9812.2µs (13.7GB/s)
  [2026-06-12 16:43:07.018] [LAT] Path 20176: 80.5µs (0.1GB/s)
  [2026-06-12 16:43:07.020] [LAT] Path 20176: 75.7µs (0.1GB/s)
  [2026-06-12 16:43:07.021] [LAT] Path 20176: 77.6µs (0.1GB/s)
  [2026-06-12 16:43:07.023] [LAT] Path 20176: 88.6µs (0.1GB/s)
  [2026-06-12 16:43:08.033] [LAT] Path 35121: 110.1µs (0.0GB/s)
  [2026-06-12 16:43:08.035] [LAT] Path 35121: 98.2µs (0.0GB/s)
  [2026-06-12 16:43:08.037] [LAT] Path 35121: 91.8µs (0.0GB/s)
  [2026-06-12 16:43:08.038] [LAT] Path 35121: 96.5µs (0.0GB/s)
  [2026-06-12 16:43:08.040] [LAT] Path 35121: 109.7µs (0.0GB/s)
  [2026-06-12 16:43:08.041] [LAT] Path 35121: 101.4µs (0.0GB/s)
  [2026-06-12 16:43:08.043] [LAT] Path 35121: 87.0µs (0.1GB/s)
  [2026-06-12 16:43:08.044] [LAT] Path 35121: 96.6µs (0.0GB/s)
  [2026-06-12 16:43:08.046] [LAT] Path 35121: 76.9µs (0.1GB/s)
  [2026-06-12 16:43:08.048] [LAT] Path 35121: 74.0µs (0.1GB/s)
  [2026-06-12 16:43:09.058] [LAT] Path 35121: 143.4µs (0.0GB/s)
  [2026-06-12 16:43:09.060] [LAT] Path 35121: 75.2µs (0.1GB/s)
  [2026-06-12 16:43:09.062] [LAT] Path 35121: 77.7µs (0.1GB/s)
  [2026-06-12 16:43:09.071] [BW] Path 35121: 7743.3µs (17.3GB/s)
  [2026-06-12 16:43:09.072] [LAT] Path 35121: 82.9µs (0.1GB/s)
  [2026-06-12 16:43:09.074] [LAT] Path 35121: 87.9µs (0.1GB/s)
  [2026-06-12 16:43:09.075] [LAT] Path 35121: 78.2µs (0.1GB/s)
  [2026-06-12 16:43:09.077] [LAT] Path 35121: 78.8µs (0.1GB/s)
  [2026-06-12 16:43:09.079] [LAT] Path 35121: 73.9µs (0.1GB/s)
  [2026-06-12 16:43:09.093] [BW] Path 35121: 13268.2µs (10.1GB/s)
  [2026-06-12 16:43:10.123] [BW] Path 35121: 18767.4µs (7.2GB/s)
  [2026-06-12 16:43:10.132] [BW] Path 35121: 8043.1µs (16.7GB/s)
  [2026-06-12 16:43:10.145] [BW] Path 35121: 11637.4µs (11.5GB/s)
  [2026-06-12 16:43:10.154] [BW] Path 35121: 6801.5µs (19.7GB/s)
  [2026-06-12 16:43:10.165] [BW] Path 35121: 10232.9µs (13.1GB/s)
  [2026-06-12 16:43:10.177] [BW] Path 35121: 10022.8µs (13.4GB/s)
  [2026-06-12 16:43:10.192] [BW] Path 35121: 13322.6µs (10.1GB/s)
  [2026-06-12 16:43:10.200] [BW] Path 35121: 6740.4µs (19.9GB/s)
  [2026-06-12 16:43:10.217] [BW] Path 35121: 15306.7µs (8.8GB/s)
  [2026-06-12 16:43:10.218] [LAT] Path 35121: 79.9µs (0.1GB/s)
  [2026-06-12 16:43:11.229] [LAT] Path 35121: 83.2µs (0.1GB/s)
  [2026-06-12 16:43:11.231] [LAT] Path 35121: 97.2µs (0.0GB/s)
  [2026-06-12 16:43:11.236] [LAT] Path 35121: 3400.4µs (0.0GB/s)
  [2026-06-12 16:43:11.240] [LAT] Path 35121: 2630.5µs (0.0GB/s)
  [2026-06-12 16:43:11.241] [LAT] Path 35121: 82.9µs (0.1GB/s)
  [2026-06-12 16:43:11.243] [LAT] Path 35121: 75.8µs (0.1GB/s)
  [2026-06-12 16:43:11.245] [LAT] Path 35121: 72.2µs (0.1GB/s)
  [2026-06-12 16:43:11.246] [LAT] Path 35121: 88.1µs (0.1GB/s)
  [2026-06-12 16:43:11.248] [LAT] Path 35121: 92.4µs (0.0GB/s)
  [2026-06-12 16:43:11.249] [LAT] Path 35121: 93.3µs (0.0GB/s)
  [2026-06-12 16:43:12.260] [LAT] Path 20176: 137.6µs (0.0GB/s)
  [2026-06-12 16:43:12.262] [LAT] Path 20176: 77.7µs (0.1GB/s)
  [2026-06-12 16:43:12.264] [LAT] Path 20176: 74.2µs (0.1GB/s)
  [2026-06-12 16:43:12.265] [LAT] Path 20176: 75.1µs (0.1GB/s)
  [2026-06-12 16:43:12.267] [LAT] Path 20176: 73.8µs (0.1GB/s)
  [2026-06-12 16:43:12.268] [LAT] Path 20176: 75.3µs (0.1GB/s)
  [2026-06-12 16:43:12.280] [BW] Path 20176: 10143.5µs (13.2GB/s)
  [2026-06-12 16:43:12.288] [BW] Path 20176: 7131.3µs (18.8GB/s)
  [2026-06-12 16:43:12.290] [LAT] Path 20176: 94.6µs (0.0GB/s)
  [2026-06-12 16:43:12.294] [LAT] Path 20176: 2493.0µs (0.0GB/s)
  [2026-06-12 16:43:13.304] [LAT] Path 20176: 96.8µs (0.0GB/s)
  [2026-06-12 16:43:13.306] [LAT] Path 20176: 95.2µs (0.0GB/s)
  [2026-06-12 16:43:13.307] [LAT] Path 20176: 78.5µs (0.1GB/s)
  [2026-06-12 16:43:13.309] [LAT] Path 20176: 75.5µs (0.1GB/s)
  [2026-06-12 16:43:13.321] [BW] Path 20176: 10920.7µs (12.3GB/s)
  [2026-06-12 16:43:13.323] [LAT] Path 20176: 97.4µs (0.0GB/s)
  [2026-06-12 16:43:13.324] [LAT] Path 20176: 96.4µs (0.0GB/s)
  [2026-06-12 16:43:13.326] [LAT] Path 20176: 76.2µs (0.1GB/s)
  [2026-06-12 16:43:13.328] [LAT] Path 20176: 74.1µs (0.1GB/s)
  [2026-06-12 16:43:13.329] [LAT] Path 20176: 74.4µs (0.1GB/s)
  [2026-06-12 16:43:14.339] [LAT] Path 35121: 81.2µs (0.1GB/s)
  [2026-06-12 16:43:14.345] [LAT] Path 35121: 3963.1µs (0.0GB/s)
  [2026-06-12 16:43:14.348] [LAT] Path 35121: 1267.9µs (0.0GB/s)
  [2026-06-12 16:43:14.349] [LAT] Path 35121: 91.3µs (0.0GB/s)
  [2026-06-12 16:43:14.351] [LAT] Path 35121: 110.4µs (0.0GB/s)
  [2026-06-12 16:43:14.359] [LAT] Path 35121: 7024.4µs (0.0GB/s)
  [2026-06-12 16:43:14.361] [LAT] Path 35121: 78.9µs (0.1GB/s)
  [2026-06-12 16:43:14.362] [LAT] Path 35121: 75.3µs (0.1GB/s)
  [2026-06-12 16:43:14.364] [LAT] Path 35121: 75.7µs (0.1GB/s)
  [2026-06-12 16:43:14.365] [LAT] Path 35121: 76.2µs (0.1GB/s)
  [2026-06-12 16:43:15.376] [LAT] Path 20176: 140.1µs (0.0GB/s)
  [2026-06-12 16:43:15.378] [LAT] Path 20176: 94.1µs (0.0GB/s)
  [2026-06-12 16:43:15.380] [LAT] Path 20176: 91.2µs (0.0GB/s)
  [2026-06-12 16:43:15.381] [LAT] Path 20176: 77.8µs (0.1GB/s)
  [2026-06-12 16:43:15.383] [LAT] Path 20176: 78.6µs (0.1GB/s)
  [2026-06-12 16:43:15.384] [LAT] Path 20176: 75.2µs (0.1GB/s)
  [2026-06-12 16:43:15.386] [LAT] Path 20176: 75.9µs (0.1GB/s)
  [2026-06-12 16:43:15.387] [LAT] Path 20176: 77.9µs (0.1GB/s)
  [2026-06-12 16:43:15.389] [LAT] Path 20176: 75.5µs (0.1GB/s)
  [2026-06-12 16:43:15.390] [LAT] Path 20176: 86.8µs (0.1GB/s)
  [2026-06-12 16:43:16.417] [BW] Path 20176: 16151.1µs (8.3GB/s)
  [2026-06-12 16:43:16.427] [BW] Path 20176: 8252.3µs (16.3GB/s)
  [2026-06-12 16:43:16.438] [BW] Path 20176: 9793.5µs (13.7GB/s)
  [2026-06-12 16:43:16.448] [BW] Path 20176: 8197.8µs (16.4GB/s)
  [2026-06-12 16:43:16.458] [BW] Path 20176: 8669.2µs (15.5GB/s)
  [2026-06-12 16:43:16.473] [BW] Path 20176: 14012.1µs (9.6GB/s)
  [2026-06-12 16:43:16.475] [LAT] Path 20176: 95.7µs (0.0GB/s)
  [2026-06-12 16:43:16.477] [LAT] Path 20176: 96.5µs (0.0GB/s)
  [2026-06-12 16:43:16.478] [LAT] Path 20176: 78.3µs (0.1GB/s)
  [2026-06-12 16:43:16.480] [LAT] Path 20176: 74.8µs (0.1GB/s)
  [2026-06-12 16:43:17.508] [BW] Path 35121: 17958.0µs (7.5GB/s)
  [2026-06-12 16:43:17.517] [BW] Path 35121: 7190.7µs (18.7GB/s)
  [2026-06-12 16:43:17.518] [LAT] Path 35121: 96.1µs (0.0GB/s)
  [2026-06-12 16:43:17.520] [LAT] Path 35121: 92.0µs (0.0GB/s)
  [2026-06-12 16:43:17.523] [LAT] Path 35121: 1600.3µs (0.0GB/s)
  [2026-06-12 16:43:17.524] [LAT] Path 35121: 76.8µs (0.1GB/s)
  [2026-06-12 16:43:17.526] [LAT] Path 35121: 74.0µs (0.1GB/s)
  [2026-06-12 16:43:17.527] [LAT] Path 35121: 74.0µs (0.1GB/s)
  [2026-06-12 16:43:17.529] [LAT] Path 35121: 73.8µs (0.1GB/s)
  [2026-06-12 16:43:17.531] [LAT] Path 35121: 71.9µs (0.1GB/s)
  [2026-06-12 16:43:18.551] [BW] Path 35121: 9695.4µs (13.8GB/s)
  [2026-06-12 16:43:18.553] [LAT] Path 35121: 81.2µs (0.1GB/s)
  [2026-06-12 16:43:18.554] [LAT] Path 35121: 98.4µs (0.0GB/s)
  [2026-06-12 16:43:18.556] [LAT] Path 35121: 87.0µs (0.1GB/s)
  [2026-06-12 16:43:18.557] [LAT] Path 35121: 87.9µs (0.1GB/s)
  [2026-06-12 16:43:18.559] [LAT] Path 35121: 88.5µs (0.1GB/s)
  [2026-06-12 16:43:18.567] [BW] Path 35121: 6654.9µs (20.2GB/s)
  [2026-06-12 16:43:18.579] [BW] Path 35121: 10163.0µs (13.2GB/s)
  [2026-06-12 16:43:18.587] [BW] Path 35121: 6965.8µs (19.3GB/s)
  [2026-06-12 16:43:18.600] [BW] Path 35121: 11399.5µs (11.8GB/s)
  [2026-06-12 16:43:19.622] [BW] Path 35121: 10869.1µs (12.3GB/s)
  [2026-06-12 16:43:19.637] [BW] Path 35121: 13469.6µs (10.0GB/s)
  [2026-06-12 16:43:19.647] [BW] Path 35121: 8681.9µs (15.5GB/s)
  [2026-06-12 16:43:19.660] [BW] Path 35121: 11802.4µs (11.4GB/s)
  [2026-06-12 16:43:19.669] [BW] Path 35121: 7708.6µs (17.4GB/s)
  [2026-06-12 16:43:19.680] [BW] Path 35121: 9205.4µs (14.6GB/s)
  [2026-06-12 16:43:19.690] [BW] Path 35121: 8333.5µs (16.1GB/s)
  [2026-06-12 16:43:19.691] [LAT] Path 35121: 103.9µs (0.0GB/s)
  [2026-06-12 16:43:19.695] [LAT] Path 35121: 2361.8µs (0.0GB/s)
  [2026-06-12 16:43:19.700] [LAT] Path 35121: 3049.9µs (0.0GB/s)
  [2026-06-12 16:43:20.713] [LAT] Path 35121: 2739.0µs (0.0GB/s)
  [2026-06-12 16:43:20.715] [LAT] Path 35121: 124.0µs (0.0GB/s)
  [2026-06-12 16:43:20.716] [LAT] Path 35121: 93.1µs (0.0GB/s)
  [2026-06-12 16:43:20.718] [LAT] Path 35121: 116.9µs (0.0GB/s)
  [2026-06-12 16:43:20.720] [LAT] Path 35121: 91.1µs (0.0GB/s)
  [2026-06-12 16:43:20.721] [LAT] Path 35121: 92.3µs (0.0GB/s)
  [2026-06-12 16:43:20.723] [LAT] Path 35121: 93.2µs (0.0GB/s)
  [2026-06-12 16:43:20.724] [LAT] Path 35121: 72.3µs (0.1GB/s)
  [2026-06-12 16:43:20.726] [LAT] Path 35121: 76.4µs (0.1GB/s)
  [2026-06-12 16:43:20.727] [LAT] Path 35121: 73.5µs (0.1GB/s)
  [2026-06-12 16:43:21.738] [LAT] Path 35121: 151.3µs (0.0GB/s)
  [2026-06-12 16:43:21.748] [BW] Path 35121: 8215.5µs (16.3GB/s)
  [2026-06-12 16:43:21.758] [BW] Path 35121: 8064.0µs (16.6GB/s)
  [2026-06-12 16:43:21.769] [BW] Path 35121: 9430.8µs (14.2GB/s)
  [2026-06-12 16:43:21.780] [BW] Path 35121: 10005.2µs (13.4GB/s)
  [2026-06-12 16:43:21.792] [BW] Path 35121: 10376.5µs (12.9GB/s)
  [2026-06-12 16:43:21.800] [BW] Path 35121: 6916.9µs (19.4GB/s)
  [2026-06-12 16:43:21.813] [BW] Path 35121: 11277.3µs (11.9GB/s)
  [2026-06-12 16:43:21.821] [BW] Path 35121: 6975.7µs (19.2GB/s)
  [2026-06-12 16:43:21.842] [BW] Path 35121: 19161.7µs (7.0GB/s)
  [2026-06-12 16:43:22.868] [BW] Path 35121: 15586.4µs (8.6GB/s)
  [2026-06-12 16:43:22.881] [BW] Path 35121: 10769.0µs (12.5GB/s)
  [2026-06-12 16:43:22.897] [BW] Path 35121: 15332.6µs (8.8GB/s)
  [2026-06-12 16:43:22.906] [BW] Path 35121: 7240.0µs (18.5GB/s)
  [2026-06-12 16:43:22.927] [BW] Path 35121: 19317.9µs (7.0GB/s)
  [2026-06-12 16:43:22.946] [BW] Path 35121: 18009.5µs (7.5GB/s)
  [2026-06-12 16:43:22.969] [BW] Path 35121: 20649.9µs (6.5GB/s)
  [2026-06-12 16:43:22.991] [BW] Path 35121: 21179.1µs (6.3GB/s)
  [2026-06-12 16:43:23.002] [BW] Path 35121: 9627.8µs (13.9GB/s)
  [2026-06-12 16:43:23.021] [BW] Path 35121: 16771.1µs (8.0GB/s)
  [2026-06-12 16:43:24.032] [LAT] Path 20176: 72.2µs (0.1GB/s)
  [2026-06-12 16:43:24.033] [LAT] Path 20176: 74.0µs (0.1GB/s)
  [2026-06-12 16:43:24.035] [LAT] Path 20176: 71.9µs (0.1GB/s)
  [2026-06-12 16:43:24.036] [LAT] Path 20176: 74.8µs (0.1GB/s)
  [2026-06-12 16:43:24.038] [LAT] Path 20176: 67.7µs (0.1GB/s)
  [2026-06-12 16:43:24.039] [LAT] Path 20176: 85.8µs (0.1GB/s)
  [2026-06-12 16:43:24.041] [LAT] Path 20176: 87.8µs (0.1GB/s)
  [2026-06-12 16:43:24.042] [LAT] Path 20176: 84.3µs (0.1GB/s)
  [2026-06-12 16:43:24.044] [LAT] Path 20176: 83.9µs (0.1GB/s)
  [2026-06-12 16:43:24.045] [LAT] Path 20176: 69.8µs (0.1GB/s)
  [2026-06-12 16:43:25.056] [LAT] Path 20176: 132.9µs (0.0GB/s)
  [2026-06-12 16:43:25.058] [LAT] Path 20176: 88.4µs (0.1GB/s)
  [2026-06-12 16:43:25.059] [LAT] Path 20176: 80.0µs (0.1GB/s)
  [2026-06-12 16:43:25.063] [LAT] Path 20176: 2552.7µs (0.0GB/s)
  [2026-06-12 16:43:25.065] [LAT] Path 20176: 77.6µs (0.1GB/s)
  [2026-06-12 16:43:25.066] [LAT] Path 20176: 89.5µs (0.1GB/s)
  [2026-06-12 16:43:25.068] [LAT] Path 20176: 89.5µs (0.1GB/s)
  [2026-06-12 16:43:25.069] [LAT] Path 20176: 89.0µs (0.1GB/s)
  [2026-06-12 16:43:25.071] [LAT] Path 20176: 85.0µs (0.1GB/s)
  [2026-06-12 16:43:25.073] [LAT] Path 20176: 563.5µs (0.0GB/s)
  [2026-06-12 16:43:26.084] [LAT] Path 35121: 120.6µs (0.0GB/s)
  [2026-06-12 16:43:26.085] [LAT] Path 35121: 104.2µs (0.0GB/s)
  [2026-06-12 16:43:26.087] [LAT] Path 35121: 109.0µs (0.0GB/s)
  [2026-06-12 16:43:26.088] [LAT] Path 35121: 84.1µs (0.1GB/s)
  [2026-06-12 16:43:26.090] [LAT] Path 35121: 90.6µs (0.1GB/s)
  [2026-06-12 16:43:26.091] [LAT] Path 35121: 94.8µs (0.0GB/s)
  [2026-06-12 16:43:26.093] [LAT] Path 35121: 93.9µs (0.0GB/s)
  [2026-06-12 16:43:26.095] [LAT] Path 35121: 73.6µs (0.1GB/s)
  [2026-06-12 16:43:26.096] [LAT] Path 35121: 74.1µs (0.1GB/s)
  [2026-06-12 16:43:26.098] [LAT] Path 35121: 72.9µs (0.1GB/s)
  [2026-06-12 16:43:27.108] [LAT] Path 20176: 84.3µs (0.1GB/s)
  [2026-06-12 16:43:27.112] [LAT] Path 20176: 2395.6µs (0.0GB/s)
  [2026-06-12 16:43:27.116] [LAT] Path 20176: 2315.2µs (0.0GB/s)
  [2026-06-12 16:43:27.117] [LAT] Path 20176: 90.1µs (0.1GB/s)
  [2026-06-12 16:43:27.119] [LAT] Path 20176: 92.4µs (0.0GB/s)
  [2026-06-12 16:43:27.122] [LAT] Path 20176: 1704.3µs (0.0GB/s)
  [2026-06-12 16:43:27.123] [LAT] Path 20176: 76.6µs (0.1GB/s)
  [2026-06-12 16:43:27.125] [LAT] Path 20176: 73.4µs (0.1GB/s)
  [2026-06-12 16:43:27.126] [LAT] Path 20176: 75.2µs (0.1GB/s)
  [2026-06-12 16:43:27.128] [LAT] Path 20176: 74.5µs (0.1GB/s)
  [2026-06-12 16:43:28.138] [LAT] Path 35121: 133.1µs (0.0GB/s)
  [2026-06-12 16:43:28.150] [BW] Path 35121: 9955.5µs (13.5GB/s)
  [2026-06-12 16:43:28.171] [BW] Path 35121: 19253.0µs (7.0GB/s)
  [2026-06-12 16:43:28.180] [BW] Path 35121: 7903.2µs (17.0GB/s)
  [2026-06-12 16:43:28.192] [BW] Path 35121: 10443.1µs (12.8GB/s)
  [2026-06-12 16:43:28.201] [BW] Path 35121: 7668.8µs (17.5GB/s)
  [2026-06-12 16:43:28.212] [BW] Path 35121: 9335.6µs (14.4GB/s)
  [2026-06-12 16:43:28.221] [BW] Path 35121: 7651.5µs (17.5GB/s)
  [2026-06-12 16:43:28.238] [BW] Path 35121: 15959.8µs (8.4GB/s)
  [2026-06-12 16:43:28.247] [BW] Path 35121: 6988.4µs (19.2GB/s)
  [2026-06-12 16:43:29.276] [BW] Path 35121: 17840.5µs (7.5GB/s)
  [2026-06-12 16:43:29.277] [LAT] Path 35121: 81.2µs (0.1GB/s)
  [2026-06-12 16:43:29.283] [LAT] Path 35121: 4317.8µs (0.0GB/s)
  [2026-06-12 16:43:29.285] [LAT] Path 35121: 76.2µs (0.1GB/s)
  [2026-06-12 16:43:29.286] [LAT] Path 35121: 76.0µs (0.1GB/s)
  [2026-06-12 16:43:29.288] [LAT] Path 35121: 100.2µs (0.0GB/s)
  [2026-06-12 16:43:29.289] [LAT] Path 35121: 93.3µs (0.0GB/s)
  [2026-06-12 16:43:29.291] [LAT] Path 35121: 95.8µs (0.0GB/s)
  [2026-06-12 16:43:29.292] [LAT] Path 35121: 94.7µs (0.0GB/s)
  [2026-06-12 16:43:29.294] [LAT] Path 35121: 76.6µs (0.1GB/s)
  [2026-06-12 16:43:30.304] [LAT] Path 35121: 90.8µs (0.1GB/s)
  [2026-06-12 16:43:30.306] [LAT] Path 35121: 85.9µs (0.1GB/s)
  [2026-06-12 16:43:30.308] [LAT] Path 35121: 83.8µs (0.1GB/s)
  [2026-06-12 16:43:30.309] [LAT] Path 35121: 75.5µs (0.1GB/s)
  [2026-06-12 16:43:30.311] [LAT] Path 35121: 74.6µs (0.1GB/s)
  [2026-06-12 16:43:30.320] [BW] Path 35121: 8080.8µs (16.6GB/s)
  [2026-06-12 16:43:30.333] [BW] Path 35121: 11429.3µs (11.7GB/s)
  [2026-06-12 16:43:30.344] [BW] Path 35121: 9699.5µs (13.8GB/s)
  [2026-06-12 16:43:30.353] [BW] Path 35121: 7380.5µs (18.2GB/s)
  [2026-06-12 16:43:30.365] [BW] Path 35121: 10653.1µs (12.6GB/s)
  [2026-06-12 16:43:31.376] [LAT] Path 20176: 144.1µs (0.0GB/s)
  [2026-06-12 16:43:31.378] [LAT] Path 20176: 78.9µs (0.1GB/s)
  [2026-06-12 16:43:31.381] [LAT] Path 20176: 1754.8µs (0.0GB/s)
  [2026-06-12 16:43:31.383] [LAT] Path 20176: 89.6µs (0.1GB/s)
  [2026-06-12 16:43:31.384] [LAT] Path 20176: 93.4µs (0.0GB/s)
  [2026-06-12 16:43:31.386] [LAT] Path 20176: 88.4µs (0.1GB/s)
  [2026-06-12 16:43:31.387] [LAT] Path 20176: 84.1µs (0.1GB/s)
  [2026-06-12 16:43:31.389] [LAT] Path 20176: 87.7µs (0.1GB/s)
  [2026-06-12 16:43:31.391] [LAT] Path 20176: 88.5µs (0.1GB/s)
  [2026-06-12 16:43:31.392] [LAT] Path 20176: 76.4µs (0.1GB/s)
  [2026-06-12 16:43:32.403] [LAT] Path 20176: 150.9µs (0.0GB/s)
  [2026-06-12 16:43:32.404] [LAT] Path 20176: 90.4µs (0.1GB/s)
  [2026-06-12 16:43:32.406] [LAT] Path 20176: 87.2µs (0.1GB/s)
  [2026-06-12 16:43:32.407] [LAT] Path 20176: 86.6µs (0.1GB/s)
  [2026-06-12 16:43:32.409] [LAT] Path 20176: 72.0µs (0.1GB/s)
  [2026-06-12 16:43:32.411] [LAT] Path 20176: 90.0µs (0.1GB/s)
  [2026-06-12 16:43:32.420] [LAT] Path 20176: 7796.5µs (0.0GB/s)
  [2026-06-12 16:43:32.421] [LAT] Path 20176: 94.2µs (0.0GB/s)
  [2026-06-12 16:43:32.423] [LAT] Path 20176: 94.3µs (0.0GB/s)
  [2026-06-12 16:43:32.424] [LAT] Path 20176: 93.2µs (0.0GB/s)
  [2026-06-12 16:43:33.435] [LAT] Path 20176: 125.3µs (0.0GB/s)
  [2026-06-12 16:43:33.436] [LAT] Path 20176: 94.9µs (0.0GB/s)
  [2026-06-12 16:43:33.438] [LAT] Path 20176: 88.4µs (0.1GB/s)
  [2026-06-12 16:43:33.448] [BW] Path 20176: 8105.5µs (16.6GB/s)
  [2026-06-12 16:43:33.459] [BW] Path 20176: 9606.7µs (14.0GB/s)
  [2026-06-12 16:43:33.467] [BW] Path 20176: 7349.4µs (18.3GB/s)
  [2026-06-12 16:43:33.483] [BW] Path 20176: 14120.4µs (9.5GB/s)
  [2026-06-12 16:43:33.494] [BW] Path 20176: 9745.4µs (13.8GB/s)
  [2026-06-12 16:43:33.512] [BW] Path 20176: 16515.3µs (8.1GB/s)
  [2026-06-12 16:43:33.521] [BW] Path 20176: 7058.3µs (19.0GB/s)
  [2026-06-12 16:43:34.538] [BW] Path 35121: 6547.5µs (20.5GB/s)
  [2026-06-12 16:43:34.558] [BW] Path 35121: 18737.5µs (7.2GB/s)
  [2026-06-12 16:43:34.566] [BW] Path 35121: 7008.1µs (19.1GB/s)
  [2026-06-12 16:43:34.586] [BW] Path 35121: 18352.7µs (7.3GB/s)
  [2026-06-12 16:43:34.588] [LAT] Path 35121: 79.2µs (0.1GB/s)
  [2026-06-12 16:43:34.589] [LAT] Path 35121: 76.4µs (0.1GB/s)
  [2026-06-12 16:43:34.591] [LAT] Path 35121: 76.2µs (0.1GB/s)
  [2026-06-12 16:43:34.593] [LAT] Path 35121: 75.2µs (0.1GB/s)
  [2026-06-12 16:43:34.594] [LAT] Path 35121: 80.6µs (0.1GB/s)
  [2026-06-12 16:43:34.596] [LAT] Path 35121: 76.1µs (0.1GB/s)
  [2026-06-12 16:43:35.614] [BW] Path 20176: 7736.6µs (17.4GB/s)
  [2026-06-12 16:43:35.625] [BW] Path 20176: 9542.5µs (14.1GB/s)
  [2026-06-12 16:43:35.633] [BW] Path 20176: 7078.9µs (19.0GB/s)
  [2026-06-12 16:43:35.655] [BW] Path 20176: 20473.8µs (6.6GB/s)
  [2026-06-12 16:43:35.657] [LAT] Path 20176: 79.6µs (0.1GB/s)
  [2026-06-12 16:43:35.658] [LAT] Path 20176: 74.1µs (0.1GB/s)
  [2026-06-12 16:43:35.660] [LAT] Path 20176: 74.5µs (0.1GB/s)
  [2026-06-12 16:43:35.661] [LAT] Path 20176: 73.3µs (0.1GB/s)
  [2026-06-12 16:43:35.663] [LAT] Path 20176: 73.9µs (0.1GB/s)
  [2026-06-12 16:43:35.664] [LAT] Path 20176: 73.9µs (0.1GB/s)
  [2026-06-12 16:43:36.685] [BW] Path 20176: 9798.1µs (13.7GB/s)
  [2026-06-12 16:43:36.695] [BW] Path 20176: 8681.8µs (15.5GB/s)
  [2026-06-12 16:43:36.715] [BW] Path 20176: 18471.1µs (7.3GB/s)
  [2026-06-12 16:43:36.725] [BW] Path 20176: 9130.3µs (14.7GB/s)
  [2026-06-12 16:43:36.739] [BW] Path 20176: 11849.7µs (11.3GB/s)
  [2026-06-12 16:43:36.747] [BW] Path 20176: 6775.2µs (19.8GB/s)
  [2026-06-12 16:43:36.759] [BW] Path 20176: 10427.7µs (12.9GB/s)
  [2026-06-12 16:43:36.771] [BW] Path 20176: 11027.3µs (12.2GB/s)
  [2026-06-12 16:43:36.777] [LAT] Path 20176: 4277.9µs (0.0GB/s)
  [2026-06-12 16:43:36.779] [LAT] Path 20176: 75.8µs (0.1GB/s)
  [2026-06-12 16:43:37.790] [LAT] Path 20176: 132.2µs (0.0GB/s)
  [2026-06-12 16:43:37.791] [LAT] Path 20176: 78.4µs (0.1GB/s)
  [2026-06-12 16:43:37.793] [LAT] Path 20176: 78.6µs (0.1GB/s)
  [2026-06-12 16:43:37.794] [LAT] Path 20176: 75.3µs (0.1GB/s)
  [2026-06-12 16:43:37.796] [LAT] Path 20176: 76.0µs (0.1GB/s)
  [2026-06-12 16:43:37.797] [LAT] Path 20176: 93.6µs (0.0GB/s)
  [2026-06-12 16:43:37.799] [LAT] Path 20176: 93.8µs (0.0GB/s)
  [2026-06-12 16:43:37.801] [LAT] Path 20176: 91.0µs (0.1GB/s)
  [2026-06-12 16:43:37.802] [LAT] Path 20176: 97.0µs (0.0GB/s)
  [2026-06-12 16:43:37.804] [LAT] Path 20176: 71.4µs (0.1GB/s)
  [2026-06-12 16:43:38.814] [LAT] Path 20176: 83.5µs (0.1GB/s)
  [2026-06-12 16:43:38.815] [LAT] Path 20176: 75.8µs (0.1GB/s)
  [2026-06-12 16:43:38.817] [LAT] Path 20176: 75.9µs (0.1GB/s)
  [2026-06-12 16:43:38.819] [LAT] Path 20176: 74.0µs (0.1GB/s)
  [2026-06-12 16:43:38.820] [LAT] Path 20176: 74.3µs (0.1GB/s)
  [2026-06-12 16:43:38.822] [LAT] Path 20176: 89.4µs (0.1GB/s)
  [2026-06-12 16:43:38.823] [LAT] Path 20176: 86.2µs (0.1GB/s)
  [2026-06-12 16:43:38.833] [BW] Path 20176: 8242.4µs (16.3GB/s)
  [2026-06-12 16:43:38.844] [BW] Path 20176: 9739.9µs (13.8GB/s)
  [2026-06-12 16:43:38.854] [BW] Path 20176: 8248.7µs (16.3GB/s)
  [2026-06-12 16:43:39.873] [BW] Path 20176: 8713.0µs (15.4GB/s)
  [2026-06-12 16:43:39.890] [BW] Path 20176: 16133.6µs (8.3GB/s)
  [2026-06-12 16:43:39.904] [BW] Path 20176: 12439.2µs (10.8GB/s)
  [2026-06-12 16:43:39.923] [BW] Path 20176: 17461.0µs (7.7GB/s)
  [2026-06-12 16:43:39.925] [LAT] Path 20176: 74.2µs (0.1GB/s)
  [2026-06-12 16:43:39.926] [LAT] Path 20176: 76.7µs (0.1GB/s)
  [2026-06-12 16:43:39.936] [BW] Path 20176: 8175.5µs (16.4GB/s)
  [2026-06-12 16:43:39.938] [LAT] Path 20176: 94.6µs (0.0GB/s)
  [2026-06-12 16:43:39.942] [LAT] Path 20176: 3312.0µs (0.0GB/s)
  [2026-06-12 16:43:39.947] [LAT] Path 20176: 2912.2µs (0.0GB/s)
  [2026-06-12 16:43:40.958] [LAT] Path 20176: 129.2µs (0.0GB/s)
  [2026-06-12 16:43:40.960] [LAT] Path 20176: 77.6µs (0.1GB/s)
  [2026-06-12 16:43:40.961] [LAT] Path 20176: 88.9µs (0.1GB/s)
  [2026-06-12 16:43:40.963] [LAT] Path 20176: 87.3µs (0.1GB/s)
  [2026-06-12 16:43:40.964] [LAT] Path 20176: 85.9µs (0.1GB/s)
  [2026-06-12 16:43:40.966] [LAT] Path 20176: 85.7µs (0.1GB/s)
  [2026-06-12 16:43:40.967] [LAT] Path 20176: 70.2µs (0.1GB/s)
  [2026-06-12 16:43:40.969] [LAT] Path 20176: 75.8µs (0.1GB/s)
  [2026-06-12 16:43:40.970] [LAT] Path 20176: 76.6µs (0.1GB/s)
  [2026-06-12 16:43:40.972] [LAT] Path 20176: 74.4µs (0.1GB/s)
  [2026-06-12 16:43:41.982] [LAT] Path 20176: 123.5µs (0.0GB/s)
  [2026-06-12 16:43:41.991] [BW] Path 20176: 6790.7µs (19.8GB/s)
  [2026-06-12 16:43:42.003] [BW] Path 20176: 10507.6µs (12.8GB/s)
  [2026-06-12 16:43:42.016] [BW] Path 20176: 11679.9µs (11.5GB/s)
  [2026-06-12 16:43:42.031] [BW] Path 20176: 13892.9µs (9.7GB/s)
  [2026-06-12 16:43:42.045] [BW] Path 20176: 12018.9µs (11.2GB/s)
  [2026-06-12 16:43:42.055] [BW] Path 20176: 8886.2µs (15.1GB/s)
  [2026-06-12 16:43:42.066] [BW] Path 20176: 9413.4µs (14.3GB/s)
  [2026-06-12 16:43:42.068] [LAT] Path 20176: 91.6µs (0.0GB/s)
  [2026-06-12 16:43:42.069] [LAT] Path 20176: 77.8µs (0.1GB/s)
  [2026-06-12 16:43:43.080] [LAT] Path 35121: 81.3µs (0.1GB/s)
  [2026-06-12 16:43:43.081] [LAT] Path 35121: 71.6µs (0.1GB/s)
  [2026-06-12 16:43:43.083] [LAT] Path 35121: 84.6µs (0.1GB/s)
  [2026-06-12 16:43:43.084] [LAT] Path 35121: 99.4µs (0.0GB/s)
  [2026-06-12 16:43:43.086] [LAT] Path 35121: 100.5µs (0.0GB/s)
  [2026-06-12 16:43:43.088] [LAT] Path 35121: 91.3µs (0.0GB/s)
  [2026-06-12 16:43:43.089] [LAT] Path 35121: 99.3µs (0.0GB/s)
  [2026-06-12 16:43:43.091] [LAT] Path 35121: 89.0µs (0.1GB/s)
  [2026-06-12 16:43:43.092] [LAT] Path 35121: 102.3µs (0.0GB/s)
  [2026-06-12 16:43:43.094] [LAT] Path 35121: 94.1µs (0.0GB/s)
  [2026-06-12 16:43:44.105] [LAT] Path 35121: 138.6µs (0.0GB/s)
  [2026-06-12 16:43:44.109] [LAT] Path 35121: 3130.8µs (0.0GB/s)
  [2026-06-12 16:43:44.112] [LAT] Path 35121: 945.0µs (0.0GB/s)
  [2026-06-12 16:43:44.123] [BW] Path 35121: 9747.4µs (13.8GB/s)
  [2026-06-12 16:43:44.139] [BW] Path 35121: 14947.2µs (9.0GB/s)
  [2026-06-12 16:43:44.141] [LAT] Path 35121: 79.6µs (0.1GB/s)
  [2026-06-12 16:43:44.143] [LAT] Path 35121: 74.9µs (0.1GB/s)
  [2026-06-12 16:43:44.144] [LAT] Path 35121: 78.7µs (0.1GB/s)
  [2026-06-12 16:43:44.146] [LAT] Path 35121: 74.6µs (0.1GB/s)
  [2026-06-12 16:43:44.147] [LAT] Path 35121: 101.3µs (0.0GB/s)
  [2026-06-12 16:43:45.168] [BW] Path 20176: 10053.9µs (13.3GB/s)
  [2026-06-12 16:43:45.177] [BW] Path 20176: 7941.2µs (16.9GB/s)
  [2026-06-12 16:43:45.189] [BW] Path 20176: 10266.5µs (13.1GB/s)
  [2026-06-12 16:43:45.197] [BW] Path 20176: 6859.0µs (19.6GB/s)
  [2026-06-12 16:43:45.217] [BW] Path 20176: 17962.4µs (7.5GB/s)
  [2026-06-12 16:43:45.226] [BW] Path 20176: 7833.8µs (17.1GB/s)
  [2026-06-12 16:43:45.228] [LAT] Path 20176: 78.5µs (0.1GB/s)
  [2026-06-12 16:43:45.229] [LAT] Path 20176: 94.0µs (0.0GB/s)
  [2026-06-12 16:43:45.231] [LAT] Path 20176: 94.3µs (0.0GB/s)
  [2026-06-12 16:43:45.233] [LAT] Path 20176: 96.5µs (0.0GB/s)
  [2026-06-12 16:43:46.243] [LAT] Path 20176: 188.7µs (0.0GB/s)
  [2026-06-12 16:43:46.245] [LAT] Path 20176: 130.8µs (0.0GB/s)
  [2026-06-12 16:43:46.246] [LAT] Path 20176: 134.4µs (0.0GB/s)
  [2026-06-12 16:43:46.248] [LAT] Path 20176: 155.5µs (0.0GB/s)
  [2026-06-12 16:43:46.250] [LAT] Path 20176: 143.7µs (0.0GB/s)
  [2026-06-12 16:43:46.251] [LAT] Path 20176: 166.2µs (0.0GB/s)
  [2026-06-12 16:43:46.253] [LAT] Path 20176: 95.2µs (0.0GB/s)
  [2026-06-12 16:43:46.255] [LAT] Path 20176: 111.3µs (0.0GB/s)
  [2026-06-12 16:43:46.256] [LAT] Path 20176: 93.6µs (0.0GB/s)
  [2026-06-12 16:43:46.258] [LAT] Path 20176: 88.0µs (0.1GB/s)
  [2026-06-12 16:43:47.269] [LAT] Path 35121: 168.3µs (0.0GB/s)
  [2026-06-12 16:43:47.281] [BW] Path 35121: 10521.5µs (12.8GB/s)
  [2026-06-12 16:43:47.289] [BW] Path 35121: 6734.7µs (19.9GB/s)
  [2026-06-12 16:43:47.302] [BW] Path 35121: 12031.3µs (11.2GB/s)
  [2026-06-12 16:43:47.307] [LAT] Path 35121: 3210.6µs (0.0GB/s)
  [2026-06-12 16:43:47.309] [LAT] Path 35121: 96.3µs (0.0GB/s)
  [2026-06-12 16:43:47.310] [LAT] Path 35121: 90.1µs (0.1GB/s)
  [2026-06-12 16:43:47.312] [LAT] Path 35121: 87.3µs (0.1GB/s)
  [2026-06-12 16:43:47.321] [BW] Path 35121: 7486.9µs (17.9GB/s)
  [2026-06-12 16:43:47.332] [BW] Path 35121: 9855.5µs (13.6GB/s)
  [2026-06-12 16:43:48.351] [BW] Path 35121: 7844.9µs (17.1GB/s)
  [2026-06-12 16:43:48.363] [BW] Path 35121: 11125.5µs (12.1GB/s)
  [2026-06-12 16:43:48.372] [BW] Path 35121: 6990.9µs (19.2GB/s)
  [2026-06-12 16:43:48.384] [BW] Path 35121: 11056.0µs (12.1GB/s)
  [2026-06-12 16:43:48.386] [LAT] Path 35121: 81.2µs (0.1GB/s)
  [2026-06-12 16:43:48.399] [BW] Path 35121: 11247.2µs (11.9GB/s)
  [2026-06-12 16:43:48.414] [BW] Path 35121: 13938.5µs (9.6GB/s)
  [2026-06-12 16:43:48.428] [BW] Path 35121: 12071.8µs (11.1GB/s)
  [2026-06-12 16:43:48.442] [BW] Path 35121: 12837.1µs (10.5GB/s)
  [2026-06-12 16:43:48.458] [BW] Path 35121: 14416.9µs (9.3GB/s)
  [2026-06-12 16:43:49.469] [LAT] Path 35121: 132.7µs (0.0GB/s)
  [2026-06-12 16:43:49.471] [LAT] Path 35121: 160.3µs (0.0GB/s)
  [2026-06-12 16:43:49.473] [LAT] Path 35121: 91.3µs (0.0GB/s)
  [2026-06-12 16:43:49.475] [LAT] Path 35121: 1170.5µs (0.0GB/s)
  [2026-06-12 16:43:49.485] [BW] Path 35121: 7995.5µs (16.8GB/s)
  [2026-06-12 16:43:49.498] [BW] Path 35121: 11926.4µs (11.2GB/s)
  [2026-06-12 16:43:49.516] [BW] Path 35121: 16248.9µs (8.3GB/s)
  [2026-06-12 16:43:49.518] [LAT] Path 35121: 94.2µs (0.0GB/s)
  [2026-06-12 16:43:49.519] [LAT] Path 35121: 73.9µs (0.1GB/s)
  [2026-06-12 16:43:49.524] [LAT] Path 35121: 3102.6µs (0.0GB/s)
  [2026-06-12 16:43:50.535] [LAT] Path 20176: 95.1µs (0.0GB/s)
  [2026-06-12 16:43:50.536] [LAT] Path 20176: 93.0µs (0.0GB/s)
  [2026-06-12 16:43:50.545] [BW] Path 20176: 6772.8µs (19.8GB/s)
  [2026-06-12 16:43:50.557] [BW] Path 20176: 10937.2µs (12.3GB/s)
  [2026-06-12 16:43:50.566] [BW] Path 20176: 7208.6µs (18.6GB/s)
  [2026-06-12 16:43:50.583] [BW] Path 20176: 16233.3µs (8.3GB/s)
  [2026-06-12 16:43:50.595] [BW] Path 20176: 10334.8µs (13.0GB/s)
  [2026-06-12 16:43:50.609] [BW] Path 20176: 12541.9µs (10.7GB/s)
  [2026-06-12 16:43:50.619] [BW] Path 20176: 8448.5µs (15.9GB/s)
  [2026-06-12 16:43:50.629] [BW] Path 20176: 8501.5µs (15.8GB/s)
  [2026-06-12 16:43:51.640] [LAT] Path 20176: 92.2µs (0.0GB/s)
  [2026-06-12 16:43:51.642] [LAT] Path 20176: 79.4µs (0.1GB/s)
  [2026-06-12 16:43:51.643] [LAT] Path 20176: 77.3µs (0.1GB/s)
  [2026-06-12 16:43:51.645] [LAT] Path 20176: 77.3µs (0.1GB/s)
  [2026-06-12 16:43:51.646] [LAT] Path 20176: 89.0µs (0.1GB/s)
  [2026-06-12 16:43:51.648] [LAT] Path 20176: 97.9µs (0.0GB/s)
  [2026-06-12 16:43:51.650] [LAT] Path 20176: 108.9µs (0.0GB/s)
  [2026-06-12 16:43:51.651] [LAT] Path 20176: 97.4µs (0.0GB/s)
  [2026-06-12 16:43:51.653] [LAT] Path 20176: 95.1µs (0.0GB/s)
  [2026-06-12 16:43:51.655] [LAT] Path 20176: 118.7µs (0.0GB/s)
  [2026-06-12 16:43:52.665] [LAT] Path 35121: 151.3µs (0.0GB/s)
  [2026-06-12 16:43:52.667] [LAT] Path 35121: 87.4µs (0.1GB/s)
  [2026-06-12 16:43:52.675] [BW] Path 35121: 6684.3µs (20.1GB/s)
  [2026-06-12 16:43:52.677] [LAT] Path 35121: 98.3µs (0.0GB/s)
  [2026-06-12 16:43:52.678] [LAT] Path 35121: 89.6µs (0.1GB/s)
  [2026-06-12 16:43:52.680] [LAT] Path 35121: 90.9µs (0.1GB/s)
  [2026-06-12 16:43:52.682] [LAT] Path 35121: 113.8µs (0.0GB/s)
  [2026-06-12 16:43:52.683] [LAT] Path 35121: 93.3µs (0.0GB/s)
  [2026-06-12 16:43:52.685] [LAT] Path 35121: 104.8µs (0.0GB/s)
  [2026-06-12 16:43:52.695] [BW] Path 35121: 9188.7µs (14.6GB/s)
  [2026-06-12 16:43:53.712] [BW] Path 35121: 6680.3µs (20.1GB/s)
  [2026-06-12 16:43:53.729] [BW] Path 35121: 14613.5µs (9.2GB/s)
  [2026-06-12 16:43:53.738] [BW] Path 35121: 7672.4µs (17.5GB/s)
  [2026-06-12 16:43:53.749] [BW] Path 35121: 10245.6µs (13.1GB/s)
  [2026-06-12 16:43:53.758] [BW] Path 35121: 6900.2µs (19.4GB/s)
  [2026-06-12 16:43:53.774] [BW] Path 35121: 14493.6µs (9.3GB/s)
  [2026-06-12 16:43:53.785] [BW] Path 35121: 9736.9µs (13.8GB/s)
  [2026-06-12 16:43:53.804] [BW] Path 35121: 17209.6µs (7.8GB/s)
  [2026-06-12 16:43:53.813] [BW] Path 35121: 7987.3µs (16.8GB/s)
  [2026-06-12 16:43:53.824] [BW] Path 35121: 8964.3µs (15.0GB/s)
  [2026-06-12 16:43:54.835] [LAT] Path 20176: 95.0µs (0.0GB/s)
  [2026-06-12 16:43:54.836] [LAT] Path 20176: 95.1µs (0.0GB/s)
  [2026-06-12 16:43:54.838] [LAT] Path 20176: 93.5µs (0.0GB/s)
  [2026-06-12 16:43:54.839] [LAT] Path 20176: 93.6µs (0.0GB/s)
  [2026-06-12 16:43:54.841] [LAT] Path 20176: 76.3µs (0.1GB/s)
  [2026-06-12 16:43:54.848] [LAT] Path 20176: 5596.5µs (0.0GB/s)
  [2026-06-12 16:43:54.853] [LAT] Path 20176: 3533.7µs (0.0GB/s)
  [2026-06-12 16:43:54.855] [LAT] Path 20176: 88.3µs (0.1GB/s)
  [2026-06-12 16:43:54.856] [LAT] Path 20176: 75.1µs (0.1GB/s)
  [2026-06-12 16:43:54.858] [LAT] Path 20176: 75.0µs (0.1GB/s)
  [2026-06-12 16:43:55.869] [LAT] Path 20176: 130.8µs (0.0GB/s)
  [2026-06-12 16:43:55.870] [LAT] Path 20176: 88.7µs (0.1GB/s)
  [2026-06-12 16:43:55.872] [LAT] Path 20176: 91.2µs (0.0GB/s)
  [2026-06-12 16:43:55.873] [LAT] Path 20176: 71.1µs (0.1GB/s)
  [2026-06-12 16:43:55.875] [LAT] Path 20176: 77.2µs (0.1GB/s)
  [2026-06-12 16:43:55.876] [LAT] Path 20176: 73.6µs (0.1GB/s)
  [2026-06-12 16:43:55.878] [LAT] Path 20176: 74.3µs (0.1GB/s)
  [2026-06-12 16:43:55.880] [LAT] Path 20176: 72.7µs (0.1GB/s)
  [2026-06-12 16:43:55.881] [LAT] Path 20176: 86.8µs (0.1GB/s)
  [2026-06-12 16:43:55.885] [LAT] Path 20176: 2240.8µs (0.0GB/s)
  [2026-06-12 16:43:56.895] [LAT] Path 20176: 94.2µs (0.0GB/s)
  [2026-06-12 16:43:56.896] [LAT] Path 20176: 88.8µs (0.1GB/s)
  [2026-06-12 16:43:56.898] [LAT] Path 20176: 85.7µs (0.1GB/s)
  [2026-06-12 16:43:56.900] [LAT] Path 20176: 630.7µs (0.0GB/s)
  [2026-06-12 16:43:56.901] [LAT] Path 20176: 75.0µs (0.1GB/s)
  [2026-06-12 16:43:56.903] [LAT] Path 20176: 74.2µs (0.1GB/s)
  [2026-06-12 16:43:56.905] [LAT] Path 20176: 644.4µs (0.0GB/s)
  [2026-06-12 16:43:56.907] [LAT] Path 20176: 92.9µs (0.0GB/s)
  [2026-06-12 16:43:56.908] [LAT] Path 20176: 87.4µs (0.1GB/s)
  [2026-06-12 16:43:56.910] [LAT] Path 20176: 86.6µs (0.1GB/s)
  [2026-06-12 16:43:57.920] [LAT] Path 20176: 78.8µs (0.1GB/s)
  [2026-06-12 16:43:57.922] [LAT] Path 20176: 74.9µs (0.1GB/s)
  [2026-06-12 16:43:57.923] [LAT] Path 20176: 73.6µs (0.1GB/s)
  [2026-06-12 16:43:57.925] [LAT] Path 20176: 73.4µs (0.1GB/s)
  [2026-06-12 16:43:57.926] [LAT] Path 20176: 73.5µs (0.1GB/s)
  [2026-06-12 16:43:57.928] [LAT] Path 20176: 73.6µs (0.1GB/s)
  [2026-06-12 16:43:57.930] [LAT] Path 20176: 88.7µs (0.1GB/s)
  [2026-06-12 16:43:57.931] [LAT] Path 20176: 93.2µs (0.0GB/s)
  [2026-06-12 16:43:57.933] [LAT] Path 20176: 102.4µs (0.0GB/s)
  [2026-06-12 16:43:57.934] [LAT] Path 20176: 96.0µs (0.0GB/s)
  [2026-06-12 16:43:58.945] [LAT] Path 20176: 129.0µs (0.0GB/s)
  [2026-06-12 16:43:58.947] [LAT] Path 20176: 91.7µs (0.0GB/s)
  [2026-06-12 16:43:58.948] [LAT] Path 20176: 89.9µs (0.1GB/s)
  [2026-06-12 16:43:58.953] [LAT] Path 20176: 2878.8µs (0.0GB/s)
  [2026-06-12 16:43:58.954] [LAT] Path 20176: 78.3µs (0.1GB/s)
  [2026-06-12 16:43:58.956] [LAT] Path 20176: 75.4µs (0.1GB/s)
  [2026-06-12 16:43:58.957] [LAT] Path 20176: 76.8µs (0.1GB/s)
  [2026-06-12 16:43:58.959] [LAT] Path 20176: 75.1µs (0.1GB/s)
  [2026-06-12 16:43:58.960] [LAT] Path 20176: 85.5µs (0.1GB/s)
  [2026-06-12 16:43:58.964] [LAT] Path 20176: 2295.3µs (0.0GB/s)
  [2026-06-12 16:43:59.984] [BW] Path 35121: 9744.3µs (13.8GB/s)
  [2026-06-12 16:43:59.999] [BW] Path 35121: 13556.8µs (9.9GB/s)
  [2026-06-12 16:44:00.013] [BW] Path 35121: 12372.2µs (10.8GB/s)
  [2026-06-12 16:44:00.027] [BW] Path 35121: 12384.6µs (10.8GB/s)
  [2026-06-12 16:44:00.037] [BW] Path 35121: 7894.2µs (17.0GB/s)
  [2026-06-12 16:44:00.048] [BW] Path 35121: 10341.7µs (13.0GB/s)
  [2026-06-12 16:44:00.057] [BW] Path 35121: 6825.0µs (19.7GB/s)
  [2026-06-12 16:44:00.075] [BW] Path 35121: 16619.4µs (8.1GB/s)
  [2026-06-12 16:44:00.086] [BW] Path 35121: 9775.8µs (13.7GB/s)
  [2026-06-12 16:44:00.103] [BW] Path 35121: 15024.0µs (8.9GB/s)
  [2026-06-12 16:44:01.114] [LAT] Path 35121: 99.4µs (0.0GB/s)
  [2026-06-12 16:44:01.115] [LAT] Path 35121: 92.9µs (0.0GB/s)
  [2026-06-12 16:44:01.117] [LAT] Path 35121: 90.9µs (0.1GB/s)
  [2026-06-12 16:44:01.118] [LAT] Path 35121: 93.8µs (0.0GB/s)
  [2026-06-12 16:44:01.120] [LAT] Path 35121: 70.9µs (0.1GB/s)
  [2026-06-12 16:44:01.121] [LAT] Path 35121: 75.0µs (0.1GB/s)
  [2026-06-12 16:44:01.128] [LAT] Path 35121: 5164.4µs (0.0GB/s)
  [2026-06-12 16:44:01.130] [LAT] Path 35121: 96.0µs (0.0GB/s)
  [2026-06-12 16:44:01.131] [LAT] Path 35121: 91.8µs (0.0GB/s)
  [2026-06-12 16:44:01.133] [LAT] Path 35121: 92.7µs (0.0GB/s)
  [2026-06-12 16:44:02.143] [LAT] Path 35121: 146.8µs (0.0GB/s)
  [2026-06-12 16:44:02.145] [LAT] Path 35121: 87.7µs (0.1GB/s)
  [2026-06-12 16:44:02.146] [LAT] Path 35121: 70.2µs (0.1GB/s)
  [2026-06-12 16:44:02.148] [LAT] Path 35121: 75.7µs (0.1GB/s)
  [2026-06-12 16:44:02.149] [LAT] Path 35121: 74.6µs (0.1GB/s)
  [2026-06-12 16:44:02.151] [LAT] Path 35121: 72.3µs (0.1GB/s)
  [2026-06-12 16:44:02.162] [BW] Path 35121: 10165.0µs (13.2GB/s)
  [2026-06-12 16:44:02.171] [BW] Path 35121: 6682.8µs (20.1GB/s)
  [2026-06-12 16:44:02.185] [BW] Path 35121: 12718.7µs (10.6GB/s)
  [2026-06-12 16:44:02.193] [BW] Path 35121: 6685.9µs (20.1GB/s)
  [2026-06-12 16:44:03.218] [BW] Path 35121: 15465.9µs (8.7GB/s)
  [2026-06-12 16:44:03.229] [BW] Path 35121: 9379.6µs (14.3GB/s)
  [2026-06-12 16:44:03.242] [BW] Path 35121: 10916.1µs (12.3GB/s)
  [2026-06-12 16:44:03.250] [BW] Path 35121: 6787.7µs (19.8GB/s)
  [2026-06-12 16:44:03.263] [BW] Path 35121: 12051.1µs (11.1GB/s)
  [2026-06-12 16:44:03.265] [LAT] Path 35121: 78.3µs (0.1GB/s)
  [2026-06-12 16:44:03.279] [BW] Path 35121: 12179.9µs (11.0GB/s)
  [2026-06-12 16:44:03.294] [BW] Path 35121: 14041.5µs (9.6GB/s)
  [2026-06-12 16:44:03.309] [BW] Path 35121: 13052.1µs (10.3GB/s)
  [2026-06-12 16:44:03.321] [BW] Path 35121: 11118.3µs (12.1GB/s)
  [2026-06-12 16:44:04.332] [LAT] Path 20176: 81.7µs (0.1GB/s)
  [2026-06-12 16:44:04.334] [LAT] Path 20176: 89.1µs (0.1GB/s)
  [2026-06-12 16:44:04.335] [LAT] Path 20176: 91.1µs (0.0GB/s)
  [2026-06-12 16:44:04.340] [LAT] Path 20176: 3011.4µs (0.0GB/s)
  [2026-06-12 16:44:04.341] [LAT] Path 20176: 74.7µs (0.1GB/s)
  [2026-06-12 16:44:04.343] [LAT] Path 20176: 73.4µs (0.1GB/s)
  [2026-06-12 16:44:04.344] [LAT] Path 20176: 74.3µs (0.1GB/s)
  [2026-06-12 16:44:04.346] [LAT] Path 20176: 74.2µs (0.1GB/s)
  [2026-06-12 16:44:04.347] [LAT] Path 20176: 90.6µs (0.1GB/s)
  [2026-06-12 16:44:04.351] [LAT] Path 20176: 2196.9µs (0.0GB/s)
  [2026-06-12 16:44:05.362] [LAT] Path 20176: 135.2µs (0.0GB/s)
  [2026-06-12 16:44:05.364] [LAT] Path 20176: 77.3µs (0.1GB/s)
  [2026-06-12 16:44:05.365] [LAT] Path 20176: 76.0µs (0.1GB/s)
  [2026-06-12 16:44:05.367] [LAT] Path 20176: 72.7µs (0.1GB/s)
  [2026-06-12 16:44:05.378] [BW] Path 20176: 10074.1µs (13.3GB/s)
  [2026-06-12 16:44:05.388] [BW] Path 20176: 7971.7µs (16.8GB/s)
  [2026-06-12 16:44:05.408] [BW] Path 20176: 18630.2µs (7.2GB/s)
  [2026-06-12 16:44:05.417] [BW] Path 20176: 8136.7µs (16.5GB/s)
  [2026-06-12 16:44:05.430] [BW] Path 20176: 10765.4µs (12.5GB/s)
  [2026-06-12 16:44:05.438] [BW] Path 20176: 6904.9µs (19.4GB/s)
  [2026-06-12 16:44:06.467] [BW] Path 35121: 18682.6µs (7.2GB/s)
  [2026-06-12 16:44:06.477] [BW] Path 35121: 8480.8µs (15.8GB/s)
  [2026-06-12 16:44:06.481] [LAT] Path 35121: 2338.6µs (0.0GB/s)
  [2026-06-12 16:44:06.483] [LAT] Path 35121: 110.3µs (0.0GB/s)
  [2026-06-12 16:44:06.484] [LAT] Path 35121: 71.5µs (0.1GB/s)
  [2026-06-12 16:44:06.486] [LAT] Path 35121: 75.8µs (0.1GB/s)
  [2026-06-12 16:44:06.492] [LAT] Path 35121: 5371.8µs (0.0GB/s)
  [2026-06-12 16:44:06.494] [LAT] Path 35121: 87.8µs (0.1GB/s)
  [2026-06-12 16:44:06.496] [LAT] Path 35121: 91.3µs (0.0GB/s)
  [2026-06-12 16:44:06.497] [LAT] Path 35121: 94.0µs (0.0GB/s)
  [2026-06-12 16:44:07.519] [BW] Path 20176: 11000.1µs (12.2GB/s)
  [2026-06-12 16:44:07.520] [LAT] Path 20176: 98.7µs (0.0GB/s)
  [2026-06-12 16:44:07.522] [LAT] Path 20176: 94.4µs (0.0GB/s)
  [2026-06-12 16:44:07.524] [LAT] Path 20176: 1001.7µs (0.0GB/s)
  [2026-06-12 16:44:07.526] [LAT] Path 20176: 79.4µs (0.1GB/s)
  [2026-06-12 16:44:07.527] [LAT] Path 20176: 76.0µs (0.1GB/s)
  [2026-06-12 16:44:07.529] [LAT] Path 20176: 75.5µs (0.1GB/s)
  [2026-06-12 16:44:07.530] [LAT] Path 20176: 74.5µs (0.1GB/s)
  [2026-06-12 16:44:07.532] [LAT] Path 20176: 75.9µs (0.1GB/s)
  [2026-06-12 16:44:07.533] [LAT] Path 20176: 89.0µs (0.1GB/s)
  [2026-06-12 16:44:08.544] [LAT] Path 35121: 152.2µs (0.0GB/s)
  [2026-06-12 16:44:08.546] [LAT] Path 35121: 165.8µs (0.0GB/s)
  [2026-06-12 16:44:08.557] [BW] Path 35121: 9345.3µs (14.4GB/s)
  [2026-06-12 16:44:08.567] [BW] Path 35121: 8964.7µs (15.0GB/s)
  [2026-06-12 16:44:08.578] [BW] Path 35121: 8920.2µs (15.1GB/s)
  [2026-06-12 16:44:08.588] [BW] Path 35121: 8906.0µs (15.1GB/s)
  [2026-06-12 16:44:08.598] [BW] Path 35121: 8163.9µs (16.4GB/s)
  [2026-06-12 16:44:08.618] [BW] Path 35121: 18336.3µs (7.3GB/s)
  [2026-06-12 16:44:08.626] [BW] Path 35121: 7106.8µs (18.9GB/s)
  [2026-06-12 16:44:08.641] [BW] Path 35121: 13783.4µs (9.7GB/s)
  [2026-06-12 16:44:09.665] [BW] Path 35121: 13220.0µs (10.2GB/s)
  [2026-06-12 16:44:09.690] [BW] Path 35121: 23526.7µs (5.7GB/s)
  [2026-06-12 16:44:09.713] [BW] Path 35121: 20703.0µs (6.5GB/s)
  [2026-06-12 16:44:09.714] [LAT] Path 35121: 98.7µs (0.0GB/s)
  [2026-06-12 16:44:09.716] [LAT] Path 35121: 92.8µs (0.0GB/s)
  [2026-06-12 16:44:09.718] [LAT] Path 35121: 992.6µs (0.0GB/s)
  [2026-06-12 16:44:09.720] [LAT] Path 35121: 76.3µs (0.1GB/s)
  [2026-06-12 16:44:09.721] [LAT] Path 35121: 74.9µs (0.1GB/s)
  [2026-06-12 16:44:09.723] [LAT] Path 35121: 74.2µs (0.1GB/s)
  [2026-06-12 16:44:09.724] [LAT] Path 35121: 75.1µs (0.1GB/s)
  [2026-06-12 16:44:10.735] [LAT] Path 20176: 79.3µs (0.1GB/s)
  [2026-06-12 16:44:10.737] [LAT] Path 20176: 72.2µs (0.1GB/s)
  [2026-06-12 16:44:10.738] [LAT] Path 20176: 94.5µs (0.0GB/s)
  [2026-06-12 16:44:10.740] [LAT] Path 20176: 92.4µs (0.0GB/s)
  [2026-06-12 16:44:10.741] [LAT] Path 20176: 94.7µs (0.0GB/s)
  [2026-06-12 16:44:10.743] [LAT] Path 20176: 92.5µs (0.0GB/s)
  [2026-06-12 16:44:10.744] [LAT] Path 20176: 69.5µs (0.1GB/s)
  [2026-06-12 16:44:10.746] [LAT] Path 20176: 74.6µs (0.1GB/s)
  [2026-06-12 16:44:10.747] [LAT] Path 20176: 73.4µs (0.1GB/s)
  [2026-06-12 16:44:10.749] [LAT] Path 20176: 73.7µs (0.1GB/s)
  [2026-06-12 16:44:11.760] [LAT] Path 35121: 155.5µs (0.0GB/s)
  [2026-06-12 16:44:11.762] [LAT] Path 35121: 122.2µs (0.0GB/s)
  [2026-06-12 16:44:11.766] [LAT] Path 35121: 3209.0µs (0.0GB/s)
  [2026-06-12 16:44:11.768] [LAT] Path 35121: 91.5µs (0.0GB/s)
  [2026-06-12 16:44:11.777] [BW] Path 35121: 7313.5µs (18.4GB/s)
  [2026-06-12 16:44:11.778] [LAT] Path 35121: 79.9µs (0.1GB/s)
  [2026-06-12 16:44:11.795] [BW] Path 35121: 15897.0µs (8.4GB/s)
  [2026-06-12 16:44:11.804] [BW] Path 35121: 6845.4µs (19.6GB/s)
  [2026-06-12 16:44:11.816] [BW] Path 35121: 10832.3µs (12.4GB/s)
  [2026-06-12 16:44:11.825] [BW] Path 35121: 7225.3µs (18.6GB/s)
  [2026-06-12 16:44:12.835] [LAT] Path 20176: 106.5µs (0.0GB/s)
  [2026-06-12 16:44:12.836] [LAT] Path 20176: 79.9µs (0.1GB/s)
  [2026-06-12 16:44:12.838] [LAT] Path 20176: 75.7µs (0.1GB/s)
  [2026-06-12 16:44:12.840] [LAT] Path 20176: 74.2µs (0.1GB/s)
  [2026-06-12 16:44:12.841] [LAT] Path 20176: 75.5µs (0.1GB/s)
  [2026-06-12 16:44:12.843] [LAT] Path 20176: 72.2µs (0.1GB/s)
  [2026-06-12 16:44:12.844] [LAT] Path 20176: 69.0µs (0.1GB/s)
  [2026-06-12 16:44:12.846] [LAT] Path 20176: 93.5µs (0.0GB/s)
  [2026-06-12 16:44:12.847] [LAT] Path 20176: 78.9µs (0.1GB/s)
  [2026-06-12 16:44:12.849] [LAT] Path 20176: 120.1µs (0.0GB/s)
  [2026-06-12 16:44:13.865] [BW] Path 35121: 6918.6µs (19.4GB/s)
  [2026-06-12 16:44:13.867] [LAT] Path 35121: 101.5µs (0.0GB/s)
  [2026-06-12 16:44:13.869] [LAT] Path 35121: 92.0µs (0.0GB/s)
  [2026-06-12 16:44:13.870] [LAT] Path 35121: 123.4µs (0.0GB/s)
  [2026-06-12 16:44:13.872] [LAT] Path 35121: 92.5µs (0.0GB/s)
  [2026-06-12 16:44:13.873] [LAT] Path 35121: 95.1µs (0.0GB/s)
  [2026-06-12 16:44:13.875] [LAT] Path 35121: 92.1µs (0.0GB/s)
  [2026-06-12 16:44:13.876] [LAT] Path 35121: 75.7µs (0.1GB/s)
  [2026-06-12 16:44:13.878] [LAT] Path 35121: 74.8µs (0.1GB/s)
  [2026-06-12 16:44:13.884] [LAT] Path 35121: 4887.1µs (0.0GB/s)
  [2026-06-12 16:44:14.906] [BW] Path 20176: 11444.3µs (11.7GB/s)
  [2026-06-12 16:44:14.915] [BW] Path 20176: 6740.4µs (19.9GB/s)
  [2026-06-12 16:44:14.934] [BW] Path 20176: 17783.0µs (7.5GB/s)
  [2026-06-12 16:44:14.944] [BW] Path 20176: 8440.8µs (15.9GB/s)
  [2026-06-12 16:44:14.955] [BW] Path 20176: 10284.8µs (13.1GB/s)
  [2026-06-12 16:44:14.964] [BW] Path 20176: 7512.0µs (17.9GB/s)
  [2026-06-12 16:44:14.966] [LAT] Path 20176: 89.3µs (0.1GB/s)
  [2026-06-12 16:44:14.968] [LAT] Path 20176: 86.1µs (0.1GB/s)
  [2026-06-12 16:44:14.969] [LAT] Path 20176: 85.2µs (0.1GB/s)
  [2026-06-12 16:44:14.971] [LAT] Path 20176: 74.9µs (0.1GB/s)
  [2026-06-12 16:44:15.990] [LAT] Path 35121: 9299.9µs (0.0GB/s)
  [2026-06-12 16:44:15.992] [LAT] Path 35121: 77.8µs (0.1GB/s)
  [2026-06-12 16:44:15.994] [LAT] Path 35121: 74.3µs (0.1GB/s)
  [2026-06-12 16:44:15.995] [LAT] Path 35121: 73.3µs (0.1GB/s)
  [2026-06-12 16:44:15.997] [LAT] Path 35121: 78.8µs (0.1GB/s)
  [2026-06-12 16:44:15.998] [LAT] Path 35121: 73.6µs (0.1GB/s)
  [2026-06-12 16:44:16.000] [LAT] Path 35121: 66.6µs (0.1GB/s)
  [2026-06-12 16:44:16.001] [LAT] Path 35121: 91.3µs (0.0GB/s)
  [2026-06-12 16:44:16.003] [LAT] Path 35121: 94.0µs (0.0GB/s)
  [2026-06-12 16:44:16.014] [LAT] Path 35121: 9655.3µs (0.0GB/s)
  [2026-06-12 16:44:17.024] [LAT] Path 35121: 102.6µs (0.0GB/s)
  [2026-06-12 16:44:17.026] [LAT] Path 35121: 76.1µs (0.1GB/s)
  [2026-06-12 16:44:17.028] [LAT] Path 35121: 76.9µs (0.1GB/s)
  [2026-06-12 16:44:17.036] [BW] Path 35121: 6944.6µs (19.3GB/s)
  [2026-06-12 16:44:17.037] [LAT] Path 35121: 94.5µs (0.0GB/s)
  [2026-06-12 16:44:17.042] [LAT] Path 35121: 2599.1µs (0.0GB/s)
  [2026-06-12 16:44:17.043] [LAT] Path 35121: 90.9µs (0.1GB/s)
  [2026-06-12 16:44:17.045] [LAT] Path 35121: 74.5µs (0.1GB/s)
  [2026-06-12 16:44:17.046] [LAT] Path 35121: 75.6µs (0.1GB/s)
  [2026-06-12 16:44:17.048] [LAT] Path 35121: 73.4µs (0.1GB/s)
  [2026-06-12 16:44:18.072] [BW] Path 35121: 13655.1µs (9.8GB/s)
  [2026-06-12 16:44:18.083] [BW] Path 35121: 9564.4µs (14.0GB/s)
  [2026-06-12 16:44:18.098] [BW] Path 35121: 13155.3µs (10.2GB/s)
  [2026-06-12 16:44:18.107] [BW] Path 35121: 7917.9µs (16.9GB/s)
  [2026-06-12 16:44:18.118] [BW] Path 35121: 9835.6µs (13.7GB/s)
  [2026-06-12 16:44:18.127] [BW] Path 35121: 7047.0µs (19.1GB/s)
  [2026-06-12 16:44:18.143] [BW] Path 35121: 14772.2µs (9.1GB/s)
  [2026-06-12 16:44:18.152] [BW] Path 35121: 6986.1µs (19.2GB/s)
  [2026-06-12 16:44:18.168] [BW] Path 35121: 15066.3µs (8.9GB/s)
  [2026-06-12 16:44:18.178] [BW] Path 35121: 8826.8µs (15.2GB/s)
  [2026-06-12 16:44:19.190] [LAT] Path 35121: 112.1µs (0.0GB/s)
  [2026-06-12 16:44:19.191] [LAT] Path 35121: 94.8µs (0.0GB/s)
  [2026-06-12 16:44:19.193] [LAT] Path 35121: 96.7µs (0.0GB/s)
  [2026-06-12 16:44:19.197] [LAT] Path 35121: 2920.0µs (0.0GB/s)
  [2026-06-12 16:44:19.199] [LAT] Path 35121: 75.9µs (0.1GB/s)
  [2026-06-12 16:44:19.200] [LAT] Path 35121: 75.1µs (0.1GB/s)
  [2026-06-12 16:44:19.202] [LAT] Path 35121: 76.2µs (0.1GB/s)
  [2026-06-12 16:44:19.204] [LAT] Path 35121: 75.6µs (0.1GB/s)
  [2026-06-12 16:44:19.205] [LAT] Path 35121: 76.3µs (0.1GB/s)
  [2026-06-12 16:44:19.207] [LAT] Path 35121: 74.9µs (0.1GB/s)
  [2026-06-12 16:44:20.217] [LAT] Path 35121: 93.1µs (0.0GB/s)
  [2026-06-12 16:44:20.219] [LAT] Path 35121: 87.0µs (0.1GB/s)
  [2026-06-12 16:44:20.220] [LAT] Path 35121: 84.8µs (0.1GB/s)
  [2026-06-12 16:44:20.222] [LAT] Path 35121: 84.2µs (0.1GB/s)
  [2026-06-12 16:44:20.223] [LAT] Path 35121: 75.2µs (0.1GB/s)
  [2026-06-12 16:44:20.225] [LAT] Path 35121: 76.1µs (0.1GB/s)
  [2026-06-12 16:44:20.236] [BW] Path 35121: 9765.2µs (13.7GB/s)
  [2026-06-12 16:44:20.246] [BW] Path 35121: 8545.9µs (15.7GB/s)
  [2026-06-12 16:44:20.256] [BW] Path 35121: 8593.9µs (15.6GB/s)
  [2026-06-12 16:44:20.266] [BW] Path 35121: 7681.1µs (17.5GB/s)
  [2026-06-12 16:44:21.285] [BW] Path 35121: 8386.7µs (16.0GB/s)
  [2026-06-12 16:44:21.303] [BW] Path 35121: 16945.1µs (7.9GB/s)
  [2026-06-12 16:44:21.313] [BW] Path 35121: 8444.5µs (15.9GB/s)
  [2026-06-12 16:44:21.324] [BW] Path 35121: 9531.6µs (14.1GB/s)
  [2026-06-12 16:44:21.334] [BW] Path 35121: 8217.4µs (16.3GB/s)
  [2026-06-12 16:44:21.336] [LAT] Path 35121: 90.2µs (0.1GB/s)
  [2026-06-12 16:44:21.337] [LAT] Path 35121: 87.8µs (0.1GB/s)
  [2026-06-12 16:44:21.339] [LAT] Path 35121: 72.6µs (0.1GB/s)
  [2026-06-12 16:44:21.340] [LAT] Path 35121: 73.3µs (0.1GB/s)
  [2026-06-12 16:44:21.342] [LAT] Path 35121: 75.2µs (0.1GB/s)
  [2026-06-12 16:44:22.352] [LAT] Path 35121: 134.3µs (0.0GB/s)
  [2026-06-12 16:44:22.357] [LAT] Path 35121: 2841.3µs (0.0GB/s)
  [2026-06-12 16:44:22.359] [LAT] Path 35121: 616.3µs (0.0GB/s)
  [2026-06-12 16:44:22.360] [LAT] Path 35121: 88.8µs (0.1GB/s)
  [2026-06-12 16:44:22.362] [LAT] Path 35121: 86.5µs (0.1GB/s)
  [2026-06-12 16:44:22.364] [LAT] Path 35121: 783.5µs (0.0GB/s)
  [2026-06-12 16:44:22.366] [LAT] Path 35121: 79.8µs (0.1GB/s)
  [2026-06-12 16:44:22.367] [LAT] Path 35121: 79.1µs (0.1GB/s)
  [2026-06-12 16:44:22.369] [LAT] Path 35121: 76.3µs (0.1GB/s)
  [2026-06-12 16:44:22.370] [LAT] Path 35121: 84.9µs (0.1GB/s)
  [2026-06-12 16:44:23.381] [LAT] Path 35121: 93.8µs (0.0GB/s)
  [2026-06-12 16:44:23.383] [LAT] Path 35121: 97.1µs (0.0GB/s)
  [2026-06-12 16:44:23.391] [BW] Path 35121: 6631.9µs (20.2GB/s)
  [2026-06-12 16:44:23.403] [BW] Path 35121: 10795.4µs (12.4GB/s)
  [2026-06-12 16:44:23.414] [BW] Path 35121: 9363.7µs (14.3GB/s)
  [2026-06-12 16:44:23.424] [BW] Path 35121: 8896.8µs (15.1GB/s)
  [2026-06-12 16:44:23.435] [BW] Path 35121: 9198.5µs (14.6GB/s)
  [2026-06-12 16:44:23.444] [BW] Path 35121: 7923.5µs (16.9GB/s)
  [2026-06-12 16:44:23.462] [BW] Path 35121: 16236.5µs (8.3GB/s)
  [2026-06-12 16:44:23.471] [BW] Path 35121: 7634.6µs (17.6GB/s)
  [2026-06-12 16:44:24.482] [LAT] Path 20176: 117.9µs (0.0GB/s)
  [2026-06-12 16:44:24.484] [LAT] Path 20176: 76.2µs (0.1GB/s)
  [2026-06-12 16:44:24.485] [LAT] Path 20176: 73.8µs (0.1GB/s)
  [2026-06-12 16:44:24.487] [LAT] Path 20176: 76.2µs (0.1GB/s)
  [2026-06-12 16:44:24.489] [LAT] Path 20176: 73.2µs (0.1GB/s)
  [2026-06-12 16:44:24.490] [LAT] Path 20176: 94.0µs (0.0GB/s)
  [2026-06-12 16:44:24.492] [LAT] Path 20176: 97.7µs (0.0GB/s)
  [2026-06-12 16:44:24.493] [LAT] Path 20176: 89.5µs (0.1GB/s)
  [2026-06-12 16:44:24.495] [LAT] Path 20176: 89.8µs (0.1GB/s)
  [2026-06-12 16:44:24.496] [LAT] Path 20176: 91.0µs (0.1GB/s)
  [2026-06-12 16:44:25.518] [BW] Path 35121: 11669.3µs (11.5GB/s)
  [2026-06-12 16:44:25.536] [BW] Path 35121: 16464.6µs (8.2GB/s)
  [2026-06-12 16:44:25.547] [BW] Path 35121: 9596.8µs (14.0GB/s)
  [2026-06-12 16:44:25.558] [BW] Path 35121: 9271.6µs (14.5GB/s)
  [2026-06-12 16:44:25.560] [LAT] Path 35121: 79.5µs (0.1GB/s)
  [2026-06-12 16:44:25.561] [LAT] Path 35121: 74.4µs (0.1GB/s)
  [2026-06-12 16:44:25.563] [LAT] Path 35121: 75.5µs (0.1GB/s)
  [2026-06-12 16:44:25.564] [LAT] Path 35121: 154.6µs (0.0GB/s)
  [2026-06-12 16:44:25.566] [LAT] Path 35121: 89.5µs (0.1GB/s)
  [2026-06-12 16:44:25.570] [LAT] Path 35121: 2379.4µs (0.0GB/s)
  [2026-06-12 16:44:26.581] [LAT] Path 20176: 91.7µs (0.0GB/s)
  [2026-06-12 16:44:26.589] [BW] Path 20176: 6924.3µs (19.4GB/s)
  [2026-06-12 16:44:26.591] [LAT] Path 20176: 104.1µs (0.0GB/s)
  [2026-06-12 16:44:26.592] [LAT] Path 20176: 92.4µs (0.0GB/s)
  [2026-06-12 16:44:26.597] [LAT] Path 20176: 3466.6µs (0.0GB/s)
  [2026-06-12 16:44:26.606] [BW] Path 20176: 7878.6µs (17.0GB/s)
  [2026-06-12 16:44:26.626] [BW] Path 20176: 18566.8µs (7.2GB/s)
  [2026-06-12 16:44:26.635] [BW] Path 20176: 6781.0µs (19.8GB/s)
  [2026-06-12 16:44:26.647] [BW] Path 20176: 10350.4µs (13.0GB/s)
  [2026-06-12 16:44:26.656] [BW] Path 20176: 7718.1µs (17.4GB/s)
  [2026-06-12 16:44:27.675] [BW] Path 35121: 8117.3µs (16.5GB/s)
  [2026-06-12 16:44:27.692] [BW] Path 35121: 15098.7µs (8.9GB/s)
  [2026-06-12 16:44:27.693] [LAT] Path 35121: 79.3µs (0.1GB/s)
  [2026-06-12 16:44:27.695] [LAT] Path 35121: 76.2µs (0.1GB/s)
  [2026-06-12 16:44:27.712] [BW] Path 35121: 15430.6µs (8.7GB/s)
  [2026-06-12 16:44:27.723] [BW] Path 35121: 9739.3µs (13.8GB/s)
  [2026-06-12 16:44:27.746] [BW] Path 35121: 21525.9µs (6.2GB/s)
  [2026-06-12 16:44:27.765] [BW] Path 35121: 17697.9µs (7.6GB/s)
  [2026-06-12 16:44:27.787] [BW] Path 35121: 20046.8µs (6.7GB/s)
  [2026-06-12 16:44:27.788] [LAT] Path 35121: 77.9µs (0.1GB/s)
  [2026-06-12 16:44:28.806] [BW] Path 20176: 6895.7µs (19.5GB/s)
  [2026-06-12 16:44:28.825] [BW] Path 20176: 17747.2µs (7.6GB/s)
  [2026-06-12 16:44:28.827] [LAT] Path 20176: 78.5µs (0.1GB/s)
  [2026-06-12 16:44:28.829] [LAT] Path 20176: 76.2µs (0.1GB/s)
  [2026-06-12 16:44:28.830] [LAT] Path 20176: 74.1µs (0.1GB/s)
  [2026-06-12 16:44:28.832] [LAT] Path 20176: 74.1µs (0.1GB/s)
  [2026-06-12 16:44:28.835] [LAT] Path 20176: 1743.4µs (0.0GB/s)
  [2026-06-12 16:44:28.837] [LAT] Path 20176: 86.2µs (0.1GB/s)
  [2026-06-12 16:44:28.838] [LAT] Path 20176: 85.6µs (0.1GB/s)
  [2026-06-12 16:44:28.840] [LAT] Path 20176: 75.5µs (0.1GB/s)
  [2026-06-12 16:44:29.850] [LAT] Path 20176: 79.0µs (0.1GB/s)
  [2026-06-12 16:44:29.852] [LAT] Path 20176: 74.8µs (0.1GB/s)
  [2026-06-12 16:44:29.853] [LAT] Path 20176: 74.6µs (0.1GB/s)
  [2026-06-12 16:44:29.855] [LAT] Path 20176: 72.0µs (0.1GB/s)
  [2026-06-12 16:44:29.856] [LAT] Path 20176: 88.9µs (0.1GB/s)
  [2026-06-12 16:44:29.858] [LAT] Path 20176: 84.9µs (0.1GB/s)
  [2026-06-12 16:44:29.862] [LAT] Path 20176: 3150.2µs (0.0GB/s)
  [2026-06-12 16:44:29.864] [LAT] Path 20176: 77.0µs (0.1GB/s)
  [2026-06-12 16:44:29.866] [LAT] Path 20176: 73.5µs (0.1GB/s)
  [2026-06-12 16:44:29.867] [LAT] Path 20176: 73.1µs (0.1GB/s)
  [2026-06-12 16:44:30.878] [LAT] Path 20176: 151.4µs (0.0GB/s)
  [2026-06-12 16:44:30.880] [LAT] Path 20176: 87.6µs (0.1GB/s)
  [2026-06-12 16:44:30.881] [LAT] Path 20176: 93.4µs (0.0GB/s)
  [2026-06-12 16:44:30.883] [LAT] Path 20176: 82.7µs (0.1GB/s)
  [2026-06-12 16:44:30.884] [LAT] Path 20176: 72.2µs (0.1GB/s)
  [2026-06-12 16:44:30.886] [LAT] Path 20176: 77.5µs (0.1GB/s)
  [2026-06-12 16:44:30.888] [LAT] Path 20176: 75.4µs (0.1GB/s)
  [2026-06-12 16:44:30.889] [LAT] Path 20176: 73.8µs (0.1GB/s)
  [2026-06-12 16:44:30.891] [LAT] Path 20176: 72.9µs (0.1GB/s)
  [2026-06-12 16:44:30.892] [LAT] Path 20176: 74.2µs (0.1GB/s)
  [2026-06-12 16:44:31.903] [LAT] Path 20176: 118.2µs (0.0GB/s)
  [2026-06-12 16:44:31.904] [LAT] Path 20176: 79.3µs (0.1GB/s)
  [2026-06-12 16:44:31.906] [LAT] Path 20176: 75.9µs (0.1GB/s)
  [2026-06-12 16:44:31.908] [LAT] Path 20176: 76.4µs (0.1GB/s)
  [2026-06-12 16:44:31.909] [LAT] Path 20176: 70.1µs (0.1GB/s)
  [2026-06-12 16:44:31.911] [LAT] Path 20176: 88.4µs (0.1GB/s)
  [2026-06-12 16:44:31.912] [LAT] Path 20176: 88.5µs (0.1GB/s)
  [2026-06-12 16:44:31.914] [LAT] Path 20176: 87.5µs (0.1GB/s)
  [2026-06-12 16:44:31.915] [LAT] Path 20176: 82.3µs (0.1GB/s)
  [2026-06-12 16:44:31.918] [LAT] Path 20176: 666.5µs (0.0GB/s)
  [2026-06-12 16:44:32.928] [LAT] Path 20176: 127.7µs (0.0GB/s)
  [2026-06-12 16:44:32.937] [BW] Path 20176: 7616.4µs (17.6GB/s)
  [2026-06-12 16:44:32.948] [BW] Path 20176: 9284.4µs (14.5GB/s)
  [2026-06-12 16:44:32.959] [BW] Path 20176: 9044.5µs (14.8GB/s)
  [2026-06-12 16:44:32.975] [BW] Path 20176: 15110.6µs (8.9GB/s)
  [2026-06-12 16:44:32.987] [BW] Path 20176: 10407.8µs (12.9GB/s)
  [2026-06-12 16:44:32.999] [BW] Path 20176: 9686.2µs (13.9GB/s)
  [2026-06-12 16:44:33.008] [BW] Path 20176: 8382.1µs (16.0GB/s)
  [2026-06-12 16:44:33.010] [LAT] Path 20176: 90.9µs (0.1GB/s)
  [2026-06-12 16:44:33.012] [LAT] Path 20176: 88.2µs (0.1GB/s)
  [2026-06-12 16:44:34.027] [LAT] Path 35121: 5201.2µs (0.0GB/s)
  [2026-06-12 16:44:34.029] [LAT] Path 35121: 78.4µs (0.1GB/s)
  [2026-06-12 16:44:34.031] [LAT] Path 35121: 128.7µs (0.0GB/s)
  [2026-06-12 16:44:34.032] [LAT] Path 35121: 108.2µs (0.0GB/s)
  [2026-06-12 16:44:34.045] [LAT] Path 35121: 11558.1µs (0.0GB/s)
  [2026-06-12 16:44:34.047] [LAT] Path 35121: 78.2µs (0.1GB/s)
  [2026-06-12 16:44:34.048] [LAT] Path 35121: 75.1µs (0.1GB/s)
  [2026-06-12 16:44:34.050] [LAT] Path 35121: 73.5µs (0.1GB/s)
  [2026-06-12 16:44:34.051] [LAT] Path 35121: 81.4µs (0.1GB/s)
  [2026-06-12 16:44:34.053] [LAT] Path 35121: 75.8µs (0.1GB/s)
  [2026-06-12 16:44:35.064] [LAT] Path 35121: 88.5µs (0.1GB/s)
  [2026-06-12 16:44:35.065] [LAT] Path 35121: 91.4µs (0.0GB/s)
  [2026-06-12 16:44:35.067] [LAT] Path 35121: 92.9µs (0.0GB/s)
  [2026-06-12 16:44:35.070] [LAT] Path 35121: 2137.0µs (0.0GB/s)
  [2026-06-12 16:44:35.072] [LAT] Path 35121: 77.1µs (0.1GB/s)
  [2026-06-12 16:44:35.074] [LAT] Path 35121: 74.9µs (0.1GB/s)
  [2026-06-12 16:44:35.075] [LAT] Path 35121: 78.7µs (0.1GB/s)
  [2026-06-12 16:44:35.077] [LAT] Path 35121: 75.2µs (0.1GB/s)
  [2026-06-12 16:44:35.078] [LAT] Path 35121: 75.1µs (0.1GB/s)
  [2026-06-12 16:44:35.080] [LAT] Path 35121: 76.6µs (0.1GB/s)
  [2026-06-12 16:44:36.109] [BW] Path 35121: 19202.2µs (7.0GB/s)
  [2026-06-12 16:44:36.119] [BW] Path 35121: 8582.7µs (15.6GB/s)
  [2026-06-12 16:44:36.133] [BW] Path 35121: 12328.1µs (10.9GB/s)
  [2026-06-12 16:44:36.142] [BW] Path 35121: 7430.1µs (18.1GB/s)
  [2026-06-12 16:44:36.153] [BW] Path 35121: 9694.9µs (13.8GB/s)
  [2026-06-12 16:44:36.165] [BW] Path 35121: 10044.7µs (13.4GB/s)
  [2026-06-12 16:44:36.178] [BW] Path 35121: 11855.1µs (11.3GB/s)
  [2026-06-12 16:44:36.189] [BW] Path 35121: 9371.5µs (14.3GB/s)
  [2026-06-12 16:44:36.204] [BW] Path 35121: 14103.9µs (9.5GB/s)
  [2026-06-12 16:44:36.206] [LAT] Path 35121: 76.9µs (0.1GB/s)
  [2026-06-12 16:44:37.217] [LAT] Path 35121: 121.2µs (0.0GB/s)
  [2026-06-12 16:44:37.219] [LAT] Path 35121: 74.1µs (0.1GB/s)
  [2026-06-12 16:44:37.220] [LAT] Path 35121: 73.6µs (0.1GB/s)
  [2026-06-12 16:44:37.222] [LAT] Path 35121: 72.4µs (0.1GB/s)
  [2026-06-12 16:44:37.224] [LAT] Path 35121: 72.5µs (0.1GB/s)
  [2026-06-12 16:44:37.225] [LAT] Path 35121: 112.2µs (0.0GB/s)
  [2026-06-12 16:44:37.227] [LAT] Path 35121: 84.1µs (0.1GB/s)
  [2026-06-12 16:44:37.228] [LAT] Path 35121: 86.6µs (0.1GB/s)
  [2026-06-12 16:44:37.230] [LAT] Path 35121: 83.4µs (0.1GB/s)
  [2026-06-12 16:44:37.231] [LAT] Path 35121: 88.0µs (0.1GB/s)
  [2026-06-12 16:44:38.252] [BW] Path 35121: 9719.8µs (13.8GB/s)
  [2026-06-12 16:44:38.261] [BW] Path 35121: 7918.3µs (16.9GB/s)
  [2026-06-12 16:44:38.271] [BW] Path 35121: 8348.2µs (16.1GB/s)
  [2026-06-12 16:44:38.283] [BW] Path 35121: 11015.0µs (12.2GB/s)
  [2026-06-12 16:44:38.292] [BW] Path 35121: 7396.2µs (18.1GB/s)
  [2026-06-12 16:44:38.303] [BW] Path 35121: 9846.2µs (13.6GB/s)
  [2026-06-12 16:44:38.312] [BW] Path 35121: 6665.8µs (20.1GB/s)
  [2026-06-12 16:44:38.327] [BW] Path 35121: 13989.3µs (9.6GB/s)
  [2026-06-12 16:44:38.335] [BW] Path 35121: 6839.6µs (19.6GB/s)
  [2026-06-12 16:44:38.347] [BW] Path 35121: 10557.6µs (12.7GB/s)
  [2026-06-12 16:44:39.368] [BW] Path 35121: 9800.3µs (13.7GB/s)
  [2026-06-12 16:44:39.377] [BW] Path 35121: 7945.0µs (16.9GB/s)
  [2026-06-12 16:44:39.394] [BW] Path 35121: 15515.7µs (8.7GB/s)
  [2026-06-12 16:44:39.399] [LAT] Path 35121: 3506.7µs (0.0GB/s)
  [2026-06-12 16:44:39.401] [LAT] Path 35121: 95.2µs (0.0GB/s)
  [2026-06-12 16:44:39.402] [LAT] Path 35121: 92.0µs (0.0GB/s)
  [2026-06-12 16:44:39.404] [LAT] Path 35121: 92.5µs (0.0GB/s)
  [2026-06-12 16:44:39.406] [LAT] Path 35121: 95.5µs (0.0GB/s)
  [2026-06-12 16:44:39.414] [BW] Path 35121: 6699.0µs (20.0GB/s)
  [2026-06-12 16:44:39.430] [BW] Path 35121: 15081.1µs (8.9GB/s)
  [2026-06-12 16:44:40.442] [LAT] Path 35121: 164.0µs (0.0GB/s)
  [2026-06-12 16:44:40.451] [BW] Path 35121: 7743.3µs (17.3GB/s)
  [2026-06-12 16:44:40.464] [BW] Path 35121: 11403.3µs (11.8GB/s)
  [2026-06-12 16:44:40.472] [BW] Path 35121: 6716.3µs (20.0GB/s)
  [2026-06-12 16:44:40.474] [LAT] Path 35121: 90.7µs (0.1GB/s)
  [2026-06-12 16:44:40.475] [LAT] Path 35121: 86.9µs (0.1GB/s)
  [2026-06-12 16:44:40.477] [LAT] Path 35121: 86.0µs (0.1GB/s)
  [2026-06-12 16:44:40.478] [LAT] Path 35121: 83.9µs (0.1GB/s)
  [2026-06-12 16:44:40.480] [LAT] Path 35121: 89.7µs (0.1GB/s)
  [2026-06-12 16:44:40.481] [LAT] Path 35121: 75.6µs (0.1GB/s)
  [2026-06-12 16:44:41.492] [LAT] Path 35121: 179.3µs (0.0GB/s)
  [2026-06-12 16:44:41.494] [LAT] Path 35121: 87.9µs (0.1GB/s)
  [2026-06-12 16:44:41.496] [LAT] Path 35121: 942.9µs (0.0GB/s)
  [2026-06-12 16:44:41.506] [BW] Path 35121: 7984.3µs (16.8GB/s)
  [2026-06-12 16:44:41.524] [BW] Path 35121: 16959.2µs (7.9GB/s)
  [2026-06-12 16:44:41.533] [BW] Path 35121: 7229.6µs (18.6GB/s)
  [2026-06-12 16:44:41.546] [BW] Path 35121: 12094.4µs (11.1GB/s)
  [2026-06-12 16:44:41.556] [BW] Path 35121: 7636.1µs (17.6GB/s)
  [2026-06-12 16:44:41.566] [BW] Path 35121: 9320.2µs (14.4GB/s)
  [2026-06-12 16:44:41.576] [BW] Path 35121: 8305.9µs (16.2GB/s)
  [2026-06-12 16:44:42.587] [LAT] Path 20176: 117.1µs (0.0GB/s)
  [2026-06-12 16:44:42.592] [LAT] Path 20176: 3153.2µs (0.0GB/s)
  [2026-06-12 16:44:42.596] [LAT] Path 20176: 2896.1µs (0.0GB/s)
  [2026-06-12 16:44:42.598] [LAT] Path 20176: 73.7µs (0.1GB/s)
  [2026-06-12 16:44:42.599] [LAT] Path 20176: 73.9µs (0.1GB/s)
  [2026-06-12 16:44:42.601] [LAT] Path 20176: 94.9µs (0.0GB/s)
  [2026-06-12 16:44:42.602] [LAT] Path 20176: 93.5µs (0.0GB/s)
  [2026-06-12 16:44:42.604] [LAT] Path 20176: 93.1µs (0.0GB/s)
  [2026-06-12 16:44:42.605] [LAT] Path 20176: 95.8µs (0.0GB/s)
  [2026-06-12 16:44:42.607] [LAT] Path 20176: 93.0µs (0.0GB/s)
  [2026-06-12 16:44:43.618] [LAT] Path 20176: 140.2µs (0.0GB/s)
  [2026-06-12 16:44:43.620] [LAT] Path 20176: 76.9µs (0.1GB/s)
  [2026-06-12 16:44:43.621] [LAT] Path 20176: 91.2µs (0.0GB/s)
  [2026-06-12 16:44:43.623] [LAT] Path 20176: 84.0µs (0.1GB/s)
  [2026-06-12 16:44:43.624] [LAT] Path 20176: 84.8µs (0.1GB/s)
  [2026-06-12 16:44:43.626] [LAT] Path 20176: 83.9µs (0.1GB/s)
  [2026-06-12 16:44:43.627] [LAT] Path 20176: 74.6µs (0.1GB/s)
  [2026-06-12 16:44:43.633] [LAT] Path 20176: 4202.9µs (0.0GB/s)
  [2026-06-12 16:44:43.634] [LAT] Path 20176: 73.3µs (0.1GB/s)
  [2026-06-12 16:44:43.636] [LAT] Path 20176: 95.3µs (0.0GB/s)
  [2026-06-12 16:44:44.646] [LAT] Path 20176: 94.4µs (0.0GB/s)
  [2026-06-12 16:44:44.648] [LAT] Path 20176: 76.4µs (0.1GB/s)
  [2026-06-12 16:44:44.650] [LAT] Path 20176: 96.4µs (0.0GB/s)
  [2026-06-12 16:44:44.651] [LAT] Path 20176: 93.9µs (0.0GB/s)
  [2026-06-12 16:44:44.665] [BW] Path 20176: 12867.3µs (10.4GB/s)
  [2026-06-12 16:44:44.676] [BW] Path 20176: 8893.1µs (15.1GB/s)
  [2026-06-12 16:44:44.686] [BW] Path 20176: 9025.5µs (14.9GB/s)
  [2026-06-12 16:44:44.697] [BW] Path 20176: 8702.4µs (15.4GB/s)
  [2026-06-12 16:44:44.706] [BW] Path 20176: 8317.3µs (16.1GB/s)
  [2026-06-12 16:44:44.721] [BW] Path 20176: 12994.1µs (10.3GB/s)
  [2026-06-12 16:44:45.731] [LAT] Path 20176: 78.2µs (0.1GB/s)
  [2026-06-12 16:44:45.732] [LAT] Path 20176: 74.7µs (0.1GB/s)
  [2026-06-12 16:44:45.734] [LAT] Path 20176: 73.4µs (0.1GB/s)
  [2026-06-12 16:44:45.735] [LAT] Path 20176: 72.5µs (0.1GB/s)
  [2026-06-12 16:44:45.737] [LAT] Path 20176: 73.7µs (0.1GB/s)
  [2026-06-12 16:44:45.739] [LAT] Path 20176: 71.1µs (0.1GB/s)
  [2026-06-12 16:44:45.740] [LAT] Path 20176: 93.0µs (0.0GB/s)
  [2026-06-12 16:44:45.744] [LAT] Path 20176: 2911.0µs (0.0GB/s)
  [2026-06-12 16:44:45.746] [LAT] Path 20176: 73.3µs (0.1GB/s)
  [2026-06-12 16:44:45.748] [LAT] Path 20176: 77.6µs (0.1GB/s)
  [2026-06-12 16:44:46.769] [BW] Path 35121: 11002.4µs (12.2GB/s)
  [2026-06-12 16:44:46.771] [LAT] Path 35121: 82.0µs (0.1GB/s)
  [2026-06-12 16:44:46.791] [BW] Path 35121: 19386.6µs (6.9GB/s)
  [2026-06-12 16:44:46.793] [LAT] Path 35121: 79.6µs (0.1GB/s)
  [2026-06-12 16:44:46.795] [LAT] Path 35121: 74.1µs (0.1GB/s)
  [2026-06-12 16:44:46.796] [LAT] Path 35121: 74.5µs (0.1GB/s)
  [2026-06-12 16:44:46.798] [LAT] Path 35121: 73.1µs (0.1GB/s)
  [2026-06-12 16:44:46.799] [LAT] Path 35121: 76.0µs (0.1GB/s)
  [2026-06-12 16:44:46.801] [LAT] Path 35121: 88.7µs (0.1GB/s)
  [2026-06-12 16:44:46.802] [LAT] Path 35121: 85.6µs (0.1GB/s)
  [2026-06-12 16:44:47.822] [BW] Path 35121: 9774.9µs (13.7GB/s)
  [2026-06-12 16:44:47.831] [BW] Path 35121: 7316.0µs (18.4GB/s)
  [2026-06-12 16:44:47.847] [BW] Path 35121: 13835.1µs (9.7GB/s)
  [2026-06-12 16:44:47.858] [BW] Path 35121: 9761.4µs (13.8GB/s)
  [2026-06-12 16:44:47.877] [BW] Path 35121: 18016.9µs (7.5GB/s)
  [2026-06-12 16:44:47.886] [BW] Path 35121: 7187.6µs (18.7GB/s)
  [2026-06-12 16:44:47.897] [BW] Path 35121: 9829.2µs (13.7GB/s)
  [2026-06-12 16:44:47.907] [BW] Path 35121: 7854.0µs (17.1GB/s)
  [2026-06-12 16:44:47.920] [BW] Path 35121: 11748.4µs (11.4GB/s)
  [2026-06-12 16:44:47.934] [BW] Path 35121: 12519.5µs (10.7GB/s)
  [2026-06-12 16:44:48.944] [LAT] Path 20176: 81.3µs (0.1GB/s)
  [2026-06-12 16:44:48.946] [LAT] Path 20176: 99.4µs (0.0GB/s)
  [2026-06-12 16:44:48.948] [LAT] Path 20176: 90.9µs (0.1GB/s)
  [2026-06-12 16:44:48.949] [LAT] Path 20176: 90.7µs (0.1GB/s)
  [2026-06-12 16:44:48.951] [LAT] Path 20176: 85.7µs (0.1GB/s)
  [2026-06-12 16:44:48.952] [LAT] Path 20176: 110.2µs (0.0GB/s)
  [2026-06-12 16:44:48.954] [LAT] Path 20176: 95.4µs (0.0GB/s)
  [2026-06-12 16:44:48.955] [LAT] Path 20176: 116.0µs (0.0GB/s)
  [2026-06-12 16:44:48.957] [LAT] Path 20176: 85.8µs (0.1GB/s)
  [2026-06-12 16:44:48.958] [LAT] Path 20176: 90.0µs (0.1GB/s)
  [2026-06-12 16:44:49.970] [LAT] Path 20176: 145.0µs (0.0GB/s)
  [2026-06-12 16:44:49.971] [LAT] Path 20176: 75.1µs (0.1GB/s)
  [2026-06-12 16:44:49.973] [LAT] Path 20176: 89.5µs (0.1GB/s)
  [2026-06-12 16:44:49.974] [LAT] Path 20176: 104.7µs (0.0GB/s)
  [2026-06-12 16:44:49.976] [LAT] Path 20176: 91.7µs (0.0GB/s)
  [2026-06-12 16:44:49.977] [LAT] Path 20176: 94.0µs (0.0GB/s)
  [2026-06-12 16:44:49.979] [LAT] Path 20176: 90.9µs (0.1GB/s)
  [2026-06-12 16:44:49.980] [LAT] Path 20176: 95.5µs (0.0GB/s)
  [2026-06-12 16:44:49.982] [LAT] Path 20176: 70.1µs (0.1GB/s)
  [2026-06-12 16:44:49.983] [LAT] Path 20176: 75.1µs (0.1GB/s)
  [2026-06-12 16:44:51.004] [BW] Path 20176: 9755.9µs (13.8GB/s)
  [2026-06-12 16:44:51.023] [BW] Path 20176: 17601.8µs (7.6GB/s)
  [2026-06-12 16:44:51.032] [BW] Path 20176: 7592.9µs (17.7GB/s)
  [2026-06-12 16:44:51.042] [BW] Path 20176: 9335.0µs (14.4GB/s)
  [2026-06-12 16:44:51.053] [BW] Path 20176: 8793.9µs (15.3GB/s)
  [2026-06-12 16:44:51.064] [BW] Path 20176: 9969.9µs (13.5GB/s)
  [2026-06-12 16:44:51.066] [LAT] Path 20176: 76.9µs (0.1GB/s)
  [2026-06-12 16:44:51.067] [LAT] Path 20176: 71.7µs (0.1GB/s)
  [2026-06-12 16:44:51.070] [LAT] Path 20176: 1087.4µs (0.0GB/s)
  [2026-06-12 16:44:51.071] [LAT] Path 20176: 95.3µs (0.0GB/s)
  [2026-06-12 16:44:52.082] [LAT] Path 20176: 151.1µs (0.0GB/s)
  [2026-06-12 16:44:52.084] [LAT] Path 20176: 93.7µs (0.0GB/s)
  [2026-06-12 16:44:52.085] [LAT] Path 20176: 102.9µs (0.0GB/s)
  [2026-06-12 16:44:52.087] [LAT] Path 20176: 79.6µs (0.1GB/s)
  [2026-06-12 16:44:52.089] [LAT] Path 20176: 79.4µs (0.1GB/s)
  [2026-06-12 16:44:52.090] [LAT] Path 20176: 79.7µs (0.1GB/s)
  [2026-06-12 16:44:52.092] [LAT] Path 20176: 76.8µs (0.1GB/s)
  [2026-06-12 16:44:52.093] [LAT] Path 20176: 77.8µs (0.1GB/s)
  [2026-06-12 16:44:52.095] [LAT] Path 20176: 78.0µs (0.1GB/s)
  [2026-06-12 16:44:52.097] [LAT] Path 20176: 105.8µs (0.0GB/s)
  [2026-06-12 16:44:53.120] [BW] Path 35121: 12979.0µs (10.3GB/s)
  [2026-06-12 16:44:53.122] [LAT] Path 35121: 79.3µs (0.1GB/s)
  [2026-06-12 16:44:53.123] [LAT] Path 35121: 75.5µs (0.1GB/s)
  [2026-06-12 16:44:53.125] [LAT] Path 35121: 75.6µs (0.1GB/s)
  [2026-06-12 16:44:53.126] [LAT] Path 35121: 73.8µs (0.1GB/s)
  [2026-06-12 16:44:53.128] [LAT] Path 35121: 98.5µs (0.0GB/s)
  [2026-06-12 16:44:53.129] [LAT] Path 35121: 93.9µs (0.0GB/s)
  [2026-06-12 16:44:53.133] [LAT] Path 35121: 2526.2µs (0.0GB/s)
  [2026-06-12 16:44:53.135] [LAT] Path 35121: 84.2µs (0.1GB/s)
  [2026-06-12 16:44:53.136] [LAT] Path 35121: 74.3µs (0.1GB/s)
  [2026-06-12 16:44:54.154] [BW] Path 35121: 7010.9µs (19.1GB/s)
  [2026-06-12 16:44:54.171] [BW] Path 35121: 16165.9µs (8.3GB/s)
  [2026-06-12 16:44:54.180] [BW] Path 35121: 6953.4µs (19.3GB/s)
  [2026-06-12 16:44:54.191] [BW] Path 35121: 10171.6µs (13.2GB/s)
  [2026-06-12 16:44:54.201] [BW] Path 35121: 8003.0µs (16.8GB/s)
  [2026-06-12 16:44:54.214] [BW] Path 35121: 11671.9µs (11.5GB/s)
  [2026-06-12 16:44:54.228] [BW] Path 35121: 12147.9µs (11.1GB/s)
  [2026-06-12 16:44:54.243] [BW] Path 35121: 14329.3µs (9.4GB/s)
  [2026-06-12 16:44:54.254] [BW] Path 35121: 9465.2µs (14.2GB/s)
  [2026-06-12 16:44:54.263] [BW] Path 35121: 7460.5µs (18.0GB/s)
  [2026-06-12 16:44:55.274] [LAT] Path 20176: 127.8µs (0.0GB/s)
  [2026-06-12 16:44:55.276] [LAT] Path 20176: 170.1µs (0.0GB/s)
  [2026-06-12 16:44:55.277] [LAT] Path 20176: 75.6µs (0.1GB/s)
  [2026-06-12 16:44:55.279] [LAT] Path 20176: 161.7µs (0.0GB/s)
  [2026-06-12 16:44:55.281] [LAT] Path 20176: 80.6µs (0.1GB/s)
  [2026-06-12 16:44:55.282] [LAT] Path 20176: 77.0µs (0.1GB/s)
  [2026-06-12 16:44:55.284] [LAT] Path 20176: 83.5µs (0.1GB/s)
  [2026-06-12 16:44:55.285] [LAT] Path 20176: 91.8µs (0.0GB/s)
  [2026-06-12 16:44:55.287] [LAT] Path 20176: 94.8µs (0.0GB/s)
  [2026-06-12 16:44:55.288] [LAT] Path 20176: 93.4µs (0.0GB/s)
  [2026-06-12 16:44:56.299] [LAT] Path 20176: 90.8µs (0.1GB/s)
  [2026-06-12 16:44:56.300] [LAT] Path 20176: 87.6µs (0.1GB/s)
  [2026-06-12 16:44:56.302] [LAT] Path 20176: 83.4µs (0.1GB/s)
  [2026-06-12 16:44:56.303] [LAT] Path 20176: 75.1µs (0.1GB/s)
  [2026-06-12 16:44:56.305] [LAT] Path 20176: 75.4µs (0.1GB/s)
  [2026-06-12 16:44:56.306] [LAT] Path 20176: 83.9µs (0.1GB/s)
  [2026-06-12 16:44:56.308] [LAT] Path 20176: 75.2µs (0.1GB/s)
  [2026-06-12 16:44:56.320] [BW] Path 20176: 10638.0µs (12.6GB/s)
  [2026-06-12 16:44:56.328] [BW] Path 20176: 6677.2µs (20.1GB/s)
  [2026-06-12 16:44:56.330] [LAT] Path 20176: 86.1µs (0.1GB/s)
  [2026-06-12 16:44:57.352] [BW] Path 20176: 12352.3µs (10.9GB/s)
  [2026-06-12 16:44:57.361] [BW] Path 20176: 6971.1µs (19.2GB/s)
  [2026-06-12 16:44:57.362] [LAT] Path 20176: 76.6µs (0.1GB/s)
  [2026-06-12 16:44:57.364] [LAT] Path 20176: 72.2µs (0.1GB/s)
  [2026-06-12 16:44:57.365] [LAT] Path 20176: 95.5µs (0.0GB/s)
  [2026-06-12 16:44:57.367] [LAT] Path 20176: 91.0µs (0.1GB/s)
  [2026-06-12 16:44:57.369] [LAT] Path 20176: 92.8µs (0.0GB/s)
  [2026-06-12 16:44:57.370] [LAT] Path 20176: 95.2µs (0.0GB/s)
  [2026-06-12 16:44:57.372] [LAT] Path 20176: 69.8µs (0.1GB/s)
  [2026-06-12 16:44:57.373] [LAT] Path 20176: 76.0µs (0.1GB/s)
  [2026-06-12 16:44:58.384] [LAT] Path 35121: 93.0µs (0.0GB/s)
  [2026-06-12 16:44:58.385] [LAT] Path 35121: 96.8µs (0.0GB/s)
  [2026-06-12 16:44:58.387] [LAT] Path 35121: 95.5µs (0.0GB/s)
  [2026-06-12 16:44:58.388] [LAT] Path 35121: 107.8µs (0.0GB/s)
  [2026-06-12 16:44:58.390] [LAT] Path 35121: 86.0µs (0.1GB/s)
  [2026-06-12 16:44:58.392] [LAT] Path 35121: 100.8µs (0.0GB/s)
  [2026-06-12 16:44:58.393] [LAT] Path 35121: 76.9µs (0.1GB/s)
  [2026-06-12 16:44:58.395] [LAT] Path 35121: 76.8µs (0.1GB/s)
  [2026-06-12 16:44:58.396] [LAT] Path 35121: 73.0µs (0.1GB/s)
  [2026-06-12 16:44:58.398] [LAT] Path 35121: 73.2µs (0.1GB/s)
  [2026-06-12 16:44:59.409] [LAT] Path 20176: 132.2µs (0.0GB/s)
  [2026-06-12 16:44:59.415] [LAT] Path 20176: 4777.7µs (0.0GB/s)
  [2026-06-12 16:44:59.419] [LAT] Path 20176: 2903.9µs (0.0GB/s)
  [2026-06-12 16:44:59.421] [LAT] Path 20176: 74.4µs (0.1GB/s)
  [2026-06-12 16:44:59.422] [LAT] Path 20176: 74.0µs (0.1GB/s)
  [2026-06-12 16:44:59.424] [LAT] Path 20176: 76.2µs (0.1GB/s)
  [2026-06-12 16:44:59.425] [LAT] Path 20176: 95.1µs (0.0GB/s)
  [2026-06-12 16:44:59.427] [LAT] Path 20176: 93.5µs (0.0GB/s)
  [2026-06-12 16:44:59.429] [LAT] Path 20176: 91.9µs (0.0GB/s)
  [2026-06-12 16:44:59.430] [LAT] Path 20176: 91.5µs (0.0GB/s)
  [2026-06-12 16:45:00.448] [BW] Path 35121: 7102.0µs (18.9GB/s)
  [2026-06-12 16:45:00.465] [BW] Path 35121: 16083.2µs (8.3GB/s)
  [2026-06-12 16:45:00.474] [BW] Path 35121: 6860.1µs (19.6GB/s)
  [2026-06-12 16:45:00.486] [BW] Path 35121: 11194.2µs (12.0GB/s)
  [2026-06-12 16:45:00.495] [BW] Path 35121: 6777.0µs (19.8GB/s)
  [2026-06-12 16:45:00.510] [BW] Path 35121: 13906.0µs (9.7GB/s)
  [2026-06-12 16:45:00.521] [BW] Path 35121: 9537.2µs (14.1GB/s)
  [2026-06-12 16:45:00.539] [BW] Path 35121: 16042.1µs (8.4GB/s)
  [2026-06-12 16:45:00.549] [BW] Path 35121: 8570.8µs (15.7GB/s)
  [2026-06-12 16:45:00.559] [BW] Path 35121: 8413.5µs (15.9GB/s)
  [2026-06-12 16:45:01.570] [LAT] Path 20176: 122.3µs (0.0GB/s)
  [2026-06-12 16:45:01.571] [LAT] Path 20176: 94.2µs (0.0GB/s)
  [2026-06-12 16:45:01.573] [LAT] Path 20176: 79.1µs (0.1GB/s)
  [2026-06-12 16:45:01.575] [LAT] Path 20176: 86.2µs (0.1GB/s)
  [2026-06-12 16:45:01.576] [LAT] Path 20176: 75.1µs (0.1GB/s)
  [2026-06-12 16:45:01.578] [LAT] Path 20176: 74.8µs (0.1GB/s)
  [2026-06-12 16:45:01.579] [LAT] Path 20176: 73.5µs (0.1GB/s)
  [2026-06-12 16:45:01.581] [LAT] Path 20176: 75.5µs (0.1GB/s)
  [2026-06-12 16:45:01.582] [LAT] Path 20176: 99.5µs (0.0GB/s)
  [2026-06-12 16:45:01.584] [LAT] Path 20176: 94.7µs (0.0GB/s)
  [2026-06-12 16:45:02.595] [LAT] Path 35121: 124.2µs (0.0GB/s)
  [2026-06-12 16:45:02.596] [LAT] Path 35121: 91.1µs (0.0GB/s)
  [2026-06-12 16:45:02.598] [LAT] Path 35121: 87.3µs (0.1GB/s)
  [2026-06-12 16:45:02.599] [LAT] Path 35121: 78.9µs (0.1GB/s)
  [2026-06-12 16:45:02.601] [LAT] Path 35121: 75.7µs (0.1GB/s)
  [2026-06-12 16:45:02.603] [LAT] Path 35121: 73.3µs (0.1GB/s)
  [2026-06-12 16:45:02.604] [LAT] Path 35121: 78.1µs (0.1GB/s)
  [2026-06-12 16:45:02.616] [BW] Path 35121: 10421.4µs (12.9GB/s)
  [2026-06-12 16:45:02.626] [BW] Path 35121: 8564.2µs (15.7GB/s)
  [2026-06-12 16:45:02.638] [BW] Path 35121: 9975.3µs (13.5GB/s)
  [2026-06-12 16:45:03.649] [LAT] Path 20176: 888.9µs (0.0GB/s)
  [2026-06-12 16:45:03.651] [LAT] Path 20176: 87.2µs (0.1GB/s)
  [2026-06-12 16:45:03.660] [BW] Path 20176: 7665.7µs (17.5GB/s)
  [2026-06-12 16:45:03.661] [LAT] Path 20176: 94.3µs (0.0GB/s)
  [2026-06-12 16:45:03.663] [LAT] Path 20176: 92.8µs (0.0GB/s)
  [2026-06-12 16:45:03.664] [LAT] Path 20176: 93.4µs (0.0GB/s)
  [2026-06-12 16:45:03.666] [LAT] Path 20176: 92.7µs (0.0GB/s)
  [2026-06-12 16:45:03.668] [LAT] Path 20176: 78.5µs (0.1GB/s)
  [2026-06-12 16:45:03.669] [LAT] Path 20176: 73.7µs (0.1GB/s)
  [2026-06-12 16:45:03.671] [LAT] Path 20176: 74.9µs (0.1GB/s)
  [2026-06-12 16:45:04.698] [BW] Path 35121: 17304.0µs (7.8GB/s)
  [2026-06-12 16:45:04.700] [LAT] Path 35121: 96.6µs (0.0GB/s)
  [2026-06-12 16:45:04.702] [LAT] Path 35121: 78.9µs (0.1GB/s)
  [2026-06-12 16:45:04.703] [LAT] Path 35121: 77.4µs (0.1GB/s)
  [2026-06-12 16:45:04.705] [LAT] Path 35121: 77.2µs (0.1GB/s)
  [2026-06-12 16:45:04.706] [LAT] Path 35121: 76.5µs (0.1GB/s)
  [2026-06-12 16:45:04.708] [LAT] Path 35121: 79.0µs (0.1GB/s)
  [2026-06-12 16:45:04.710] [LAT] Path 35121: 94.4µs (0.0GB/s)
  [2026-06-12 16:45:04.711] [LAT] Path 35121: 92.6µs (0.0GB/s)
  [2026-06-12 16:45:04.713] [LAT] Path 35121: 87.6µs (0.1GB/s)
  [2026-06-12 16:45:05.723] [LAT] Path 20176: 128.7µs (0.0GB/s)
  [2026-06-12 16:45:05.728] [LAT] Path 20176: 2760.0µs (0.0GB/s)
  [2026-06-12 16:45:05.732] [LAT] Path 20176: 3114.0µs (0.0GB/s)
  [2026-06-12 16:45:05.734] [LAT] Path 20176: 93.8µs (0.0GB/s)
  [2026-06-12 16:45:05.735] [LAT] Path 20176: 73.3µs (0.1GB/s)
  [2026-06-12 16:45:05.737] [LAT] Path 20176: 76.3µs (0.1GB/s)
  [2026-06-12 16:45:05.744] [LAT] Path 20176: 5240.4µs (0.0GB/s)
  [2026-06-12 16:45:05.745] [LAT] Path 20176: 91.5µs (0.0GB/s)
  [2026-06-12 16:45:05.747] [LAT] Path 20176: 87.7µs (0.1GB/s)
  [2026-06-12 16:45:05.748] [LAT] Path 20176: 84.2µs (0.1GB/s)
  [2026-06-12 16:45:06.767] [BW] Path 20176: 8366.6µs (16.0GB/s)
  [2026-06-12 16:45:06.779] [BW] Path 20176: 10313.0µs (13.0GB/s)
  [2026-06-12 16:45:06.787] [BW] Path 20176: 6807.0µs (19.7GB/s)
  [2026-06-12 16:45:06.800] [BW] Path 20176: 11009.1µs (12.2GB/s)
  [2026-06-12 16:45:06.809] [BW] Path 20176: 7962.3µs (16.9GB/s)
  [2026-06-12 16:45:06.811] [LAT] Path 20176: 93.9µs (0.0GB/s)
  [2026-06-12 16:45:06.813] [LAT] Path 20176: 95.9µs (0.0GB/s)
  [2026-06-12 16:45:06.814] [LAT] Path 20176: 93.5µs (0.0GB/s)
  [2026-06-12 16:45:06.816] [LAT] Path 20176: 85.4µs (0.1GB/s)
  [2026-06-12 16:45:06.817] [LAT] Path 20176: 76.7µs (0.1GB/s)
  [2026-06-12 16:45:07.828] [LAT] Path 20176: 96.5µs (0.0GB/s)
  [2026-06-12 16:45:07.829] [LAT] Path 20176: 87.0µs (0.1GB/s)
  [2026-06-12 16:45:07.831] [LAT] Path 20176: 105.3µs (0.0GB/s)
  [2026-06-12 16:45:07.833] [LAT] Path 20176: 87.9µs (0.1GB/s)
  [2026-06-12 16:45:07.834] [LAT] Path 20176: 92.4µs (0.0GB/s)
  [2026-06-12 16:45:07.836] [LAT] Path 20176: 95.4µs (0.0GB/s)
  [2026-06-12 16:45:07.837] [LAT] Path 20176: 111.7µs (0.0GB/s)
  [2026-06-12 16:45:07.839] [LAT] Path 20176: 76.2µs (0.1GB/s)
  [2026-06-12 16:45:07.841] [LAT] Path 20176: 74.7µs (0.1GB/s)
  [2026-06-12 16:45:07.847] [LAT] Path 20176: 5350.2µs (0.0GB/s)
  [2026-06-12 16:45:08.858] [LAT] Path 35121: 137.3µs (0.0GB/s)
  [2026-06-12 16:45:08.860] [LAT] Path 35121: 95.5µs (0.0GB/s)
  [2026-06-12 16:45:08.862] [LAT] Path 35121: 875.4µs (0.0GB/s)
  [2026-06-12 16:45:08.864] [LAT] Path 35121: 78.7µs (0.1GB/s)
  [2026-06-12 16:45:08.865] [LAT] Path 35121: 76.6µs (0.1GB/s)
  [2026-06-12 16:45:08.867] [LAT] Path 35121: 76.4µs (0.1GB/s)
  [2026-06-12 16:45:08.868] [LAT] Path 35121: 75.9µs (0.1GB/s)
  [2026-06-12 16:45:08.870] [LAT] Path 35121: 76.1µs (0.1GB/s)
  [2026-06-12 16:45:08.872] [LAT] Path 35121: 74.9µs (0.1GB/s)
  [2026-06-12 16:45:08.873] [LAT] Path 35121: 96.5µs (0.0GB/s)
  [2026-06-12 16:45:09.889] [BW] Path 20176: 6598.2µs (20.3GB/s)
  [2026-06-12 16:45:09.897] [BW] Path 20176: 6865.6µs (19.6GB/s)
  [2026-06-12 16:45:09.905] [BW] Path 20176: 6814.8µs (19.7GB/s)
  [2026-06-12 16:45:09.915] [BW] Path 20176: 8487.3µs (15.8GB/s)
  [2026-06-12 16:45:09.925] [BW] Path 20176: 7968.8µs (16.8GB/s)
  [2026-06-12 16:45:09.933] [BW] Path 20176: 6759.9µs (19.9GB/s)
  [2026-06-12 16:45:09.941] [BW] Path 35121: 6725.5µs (20.0GB/s)
  [2026-06-12 16:45:09.950] [BW] Path 35121: 6821.1µs (19.7GB/s)
  [2026-06-12 16:45:09.958] [BW] Path 35121: 6748.0µs (19.9GB/s)
  [2026-06-12 16:45:09.967] [BW] Path 35121: 7852.3µs (17.1GB/s)
  [2026-06-12 16:47:23.613] [BW] Path 51491: 7101.9µs (18.9GB/s)
  [2026-06-12 16:47:23.621] [BW] Path 51491: 6581.1µs (20.4GB/s)
  [2026-06-12 16:47:23.631] [BW] Path 51491: 8707.5µs (15.4GB/s)
  [2026-06-12 16:47:23.633] [LAT] Path 51491: 28.4µs (0.1GB/s)
  [2026-06-12 16:47:23.635] [LAT] Path 45135: 77.1µs (0.1GB/s)
  [2026-06-12 16:47:23.636] [LAT] Path 45135: 75.8µs (0.1GB/s)
  [2026-06-12 16:47:23.638] [LAT] Path 45135: 80.4µs (0.1GB/s)
  [2026-06-12 16:47:23.648] [BW] Path 45135: 8649.1µs (15.5GB/s)
  [2026-06-12 16:47:23.656] [BW] Path 45135: 6491.0µs (20.7GB/s)
  [2026-06-12 16:47:23.668] [BW] Path 45135: 10650.1µs (12.6GB/s)
  [2026-06-12 16:47:24.697] [LAT] Path 706: 131.1µs (0.0GB/s)
  [2026-06-12 16:47:24.699] [LAT] Path 706: 78.1µs (0.1GB/s)
  [2026-06-12 16:47:24.700] [LAT] Path 706: 78.8µs (0.1GB/s)
  [2026-06-12 16:47:24.702] [LAT] Path 706: 28.8µs (0.1GB/s)
  [2026-06-12 16:47:24.712] [BW] Path 706: 8217.5µs (16.3GB/s)
  [2026-06-12 16:47:24.720] [BW] Path 706: 6526.6µs (20.6GB/s)
  [2026-06-12 16:47:24.730] [BW] Path 706: 8429.0µs (15.9GB/s)
  [2026-06-12 16:47:24.732] [LAT] Path 706: 27.5µs (0.1GB/s)
  [2026-06-12 16:47:24.741] [BW] Path 706: 8377.5µs (16.0GB/s)
  [2026-06-12 16:47:24.749] [BW] Path 706: 6615.4µs (20.3GB/s)
  [2026-06-12 16:47:25.958] [LAT] Path 27010: 134.3µs (0.0GB/s)
  [2026-06-12 16:47:25.959] [LAT] Path 27010: 100.4µs (0.0GB/s)
  [2026-06-12 16:47:25.961] [LAT] Path 27010: 78.8µs (0.1GB/s)
  [2026-06-12 16:47:25.963] [LAT] Path 27010: 71.5µs (0.1GB/s)
  [2026-06-12 16:47:25.964] [LAT] Path 27010: 73.4µs (0.1GB/s)
  [2026-06-12 16:47:25.966] [LAT] Path 27010: 71.4µs (0.1GB/s)
  [2026-06-12 16:47:25.968] [LAT] Path 27010: 90.1µs (0.1GB/s)
  [2026-06-12 16:47:25.969] [LAT] Path 27010: 85.0µs (0.1GB/s)
  [2026-06-12 16:47:25.971] [LAT] Path 27010: 92.9µs (0.0GB/s)
  [2026-06-12 16:47:25.973] [LAT] Path 27010: 73.9µs (0.1GB/s)
  [2026-06-12 16:47:27.166] [LAT] Path 27010: 129.1µs (0.0GB/s)
  [2026-06-12 16:47:27.168] [LAT] Path 27010: 99.3µs (0.0GB/s)
  [2026-06-12 16:47:27.177] [BW] Path 27010: 7793.8µs (17.2GB/s)
  [2026-06-12 16:47:27.185] [BW] Path 27010: 6525.9µs (20.6GB/s)
  [2026-06-12 16:47:27.193] [BW] Path 27010: 6479.3µs (20.7GB/s)
  [2026-06-12 16:47:27.204] [BW] Path 27010: 9333.4µs (14.4GB/s)
  [2026-06-12 16:47:27.212] [BW] Path 27010: 6531.3µs (20.6GB/s)
  [2026-06-12 16:47:27.220] [BW] Path 27010: 6518.9µs (20.6GB/s)
  [2026-06-12 16:47:27.231] [BW] Path 27010: 9059.0µs (14.8GB/s)
  [2026-06-12 16:47:27.239] [BW] Path 27010: 6620.4µs (20.3GB/s)
  [2026-06-12 16:47:28.289] [BW] Path 40797: 6618.0µs (20.3GB/s)
  [2026-06-12 16:47:28.297] [BW] Path 40797: 6613.3µs (20.3GB/s)
  [2026-06-12 16:47:28.306] [BW] Path 40797: 6890.5µs (19.5GB/s)
  [2026-06-12 16:47:28.314] [BW] Path 40797: 6951.6µs (19.3GB/s)
  [2026-06-12 16:47:28.324] [BW] Path 40797: 7974.1µs (16.8GB/s)
  [2026-06-12 16:47:28.334] [BW] Path 40797: 7973.1µs (16.8GB/s)
  [2026-06-12 16:47:28.342] [BW] Path 40797: 6788.9µs (19.8GB/s)
  [2026-06-12 16:47:28.351] [BW] Path 40797: 6984.3µs (19.2GB/s)
  [2026-06-12 16:47:28.352] [LAT] Path 40797: 76.0µs (0.1GB/s)
  [2026-06-12 16:47:28.354] [LAT] Path 40797: 72.3µs (0.1GB/s)
  [2026-06-12 16:47:29.671] [BW] Path 8351: 9282.1µs (14.5GB/s)
  [2026-06-12 16:47:29.673] [LAT] Path 8351: 86.3µs (0.1GB/s)
  [2026-06-12 16:47:29.681] [BW] Path 8351: 6499.1µs (20.6GB/s)
  [2026-06-12 16:47:29.691] [BW] Path 8351: 8458.1µs (15.9GB/s)
  [2026-06-12 16:47:29.702] [BW] Path 8351: 9642.2µs (13.9GB/s)
  [2026-06-12 16:47:29.710] [BW] Path 8351: 6484.2µs (20.7GB/s)
  [2026-06-12 16:47:29.718] [BW] Path 8351: 6548.7µs (20.5GB/s)
  [2026-06-12 16:47:29.729] [BW] Path 8351: 9835.6µs (13.7GB/s)
  [2026-06-12 16:47:29.737] [BW] Path 8351: 6550.6µs (20.5GB/s)
  [2026-06-12 16:47:29.745] [BW] Path 8351: 6577.0µs (20.4GB/s)
  [2026-06-12 16:47:30.783] [LAT] Path 51197: 164.9µs (0.0GB/s)
  [2026-06-12 16:47:30.785] [LAT] Path 51197: 99.4µs (0.0GB/s)
  [2026-06-12 16:47:30.793] [BW] Path 51197: 6606.2µs (20.3GB/s)
  [2026-06-12 16:47:30.801] [BW] Path 51197: 7016.7µs (19.1GB/s)
  [2026-06-12 16:47:30.811] [BW] Path 51197: 8970.8µs (15.0GB/s)
  [2026-06-12 16:47:30.819] [BW] Path 51197: 6497.1µs (20.7GB/s)
  [2026-06-12 16:47:30.829] [BW] Path 51197: 8456.2µs (15.9GB/s)
  [2026-06-12 16:47:30.840] [BW] Path 51197: 9257.5µs (14.5GB/s)
  [2026-06-12 16:47:30.848] [BW] Path 51197: 6564.9µs (20.4GB/s)
  [2026-06-12 16:47:30.856] [BW] Path 51197: 6551.9µs (20.5GB/s)
  [2026-06-12 16:47:32.063] [LAT] Path 27010: 157.9µs (0.0GB/s)
  [2026-06-12 16:47:32.064] [LAT] Path 27010: 77.7µs (0.1GB/s)
  [2026-06-12 16:47:32.066] [LAT] Path 27010: 73.7µs (0.1GB/s)
  [2026-06-12 16:47:32.067] [LAT] Path 27010: 74.2µs (0.1GB/s)
  [2026-06-12 16:47:32.069] [LAT] Path 27010: 72.7µs (0.1GB/s)
  [2026-06-12 16:47:32.070] [LAT] Path 27010: 72.8µs (0.1GB/s)
  [2026-06-12 16:47:32.072] [LAT] Path 27010: 73.4µs (0.1GB/s)
  [2026-06-12 16:47:32.073] [LAT] Path 27010: 72.3µs (0.1GB/s)
  [2026-06-12 16:47:32.075] [LAT] Path 27010: 71.8µs (0.1GB/s)
  [2026-06-12 16:47:32.076] [LAT] Path 27010: 73.3µs (0.1GB/s)
  [2026-06-12 16:48:14.721] [LAT] Path 27010: 171.6µs (0.0GB/s)
  [2026-06-12 16:48:14.722] [LAT] Path 27010: 76.2µs (0.1GB/s)
  [2026-06-12 16:48:14.724] [LAT] Path 27010: 80.8µs (0.1GB/s)
  [2026-06-12 16:48:14.725] [LAT] Path 27010: 74.2µs (0.1GB/s)
  [2026-06-12 16:48:14.727] [LAT] Path 27010: 74.4µs (0.1GB/s)
  [2026-06-12 16:48:14.729] [LAT] Path 27010: 79.2µs (0.1GB/s)
  [2026-06-12 16:48:14.730] [LAT] Path 27010: 76.0µs (0.1GB/s)
  [2026-06-12 16:48:14.732] [LAT] Path 27010: 75.2µs (0.1GB/s)
  [2026-06-12 16:48:14.733] [LAT] Path 27010: 75.0µs (0.1GB/s)
  [2026-06-12 16:48:14.735] [LAT] Path 27010: 76.5µs (0.1GB/s)
  [2026-06-12 16:48:15.246] [LAT] Path 27010: 167.5µs (0.0GB/s)
  [2026-06-12 16:48:15.247] [LAT] Path 27010: 75.7µs (0.1GB/s)
  [2026-06-12 16:48:15.249] [LAT] Path 27010: 75.7µs (0.1GB/s)
  [2026-06-12 16:48:15.251] [LAT] Path 27010: 72.6µs (0.1GB/s)
  [2026-06-12 16:48:15.252] [LAT] Path 27010: 74.6µs (0.1GB/s)
  [2026-06-12 16:48:15.254] [LAT] Path 27010: 74.3µs (0.1GB/s)
  [2026-06-12 16:48:15.255] [LAT] Path 27010: 77.1µs (0.1GB/s)
  [2026-06-12 16:48:15.257] [LAT] Path 27010: 74.3µs (0.1GB/s)
  [2026-06-12 16:48:15.258] [LAT] Path 27010: 78.2µs (0.1GB/s)
  [2026-06-12 16:48:15.260] [LAT] Path 27010: 74.0µs (0.1GB/s)
  [2026-06-12 16:48:16.291] [LAT] Path 27010: 217.3µs (0.0GB/s)
  [2026-06-12 16:48:16.293] [LAT] Path 27010: 133.1µs (0.0GB/s)
  [2026-06-12 16:48:16.294] [LAT] Path 27010: 137.2µs (0.0GB/s)
  [2026-06-12 16:48:16.296] [LAT] Path 27010: 74.7µs (0.1GB/s)
  [2026-06-12 16:48:16.297] [LAT] Path 27010: 73.2µs (0.1GB/s)
  [2026-06-12 16:48:16.299] [LAT] Path 27010: 73.3µs (0.1GB/s)
  [2026-06-12 16:48:16.301] [LAT] Path 27010: 73.8µs (0.1GB/s)
  [2026-06-12 16:48:16.302] [LAT] Path 27010: 74.7µs (0.1GB/s)
  [2026-06-12 16:48:16.304] [LAT] Path 27010: 74.3µs (0.1GB/s)
  [2026-06-12 16:48:16.305] [LAT] Path 27010: 72.3µs (0.1GB/s)
  [2026-06-12 16:48:19.919] [LAT] Path 45135: 174.5µs (0.0GB/s)
  [2026-06-12 16:48:19.928] [BW] Path 45135: 6617.4µs (20.3GB/s)
  [2026-06-12 16:48:19.929] [LAT] Path 45135: 74.2µs (0.1GB/s)
  [2026-06-12 16:48:19.931] [LAT] Path 45135: 73.2µs (0.1GB/s)
  [2026-06-12 16:48:19.932] [LAT] Path 45135: 76.1µs (0.1GB/s)
  [2026-06-12 16:48:19.934] [LAT] Path 45135: 75.0µs (0.1GB/s)
  [2026-06-12 16:48:19.935] [LAT] Path 45135: 73.2µs (0.1GB/s)
  [2026-06-12 16:48:19.937] [LAT] Path 45135: 72.6µs (0.1GB/s)
  [2026-06-12 16:48:19.939] [LAT] Path 45135: 70.5µs (0.1GB/s)
  [2026-06-12 16:48:19.940] [LAT] Path 45135: 72.9µs (0.1GB/s)
  [2026-06-12 16:48:20.457] [LAT] Path 45135: 163.4µs (0.0GB/s)
  [2026-06-12 16:48:20.458] [LAT] Path 45135: 70.5µs (0.1GB/s)
  [2026-06-12 16:48:20.460] [LAT] Path 45135: 78.9µs (0.1GB/s)
  [2026-06-12 16:48:20.461] [LAT] Path 45135: 74.6µs (0.1GB/s)
  [2026-06-12 16:48:20.463] [LAT] Path 45135: 74.9µs (0.1GB/s)
  [2026-06-12 16:48:20.465] [LAT] Path 45135: 74.1µs (0.1GB/s)
  [2026-06-12 16:48:20.466] [LAT] Path 45135: 72.7µs (0.1GB/s)
  [2026-06-12 16:48:20.468] [LAT] Path 45135: 71.1µs (0.1GB/s)
  [2026-06-12 16:48:20.469] [LAT] Path 45135: 73.2µs (0.1GB/s)
  [2026-06-12 16:48:20.471] [LAT] Path 45135: 72.1µs (0.1GB/s)
  [2026-06-12 16:48:21.499] [LAT] Path 45135: 171.1µs (0.0GB/s)
  [2026-06-12 16:48:21.500] [LAT] Path 45135: 78.3µs (0.1GB/s)
  [2026-06-12 16:48:21.502] [LAT] Path 45135: 77.5µs (0.1GB/s)
  [2026-06-12 16:48:21.503] [LAT] Path 45135: 75.2µs (0.1GB/s)
  [2026-06-12 16:48:21.505] [LAT] Path 45135: 73.4µs (0.1GB/s)
  [2026-06-12 16:48:21.506] [LAT] Path 45135: 74.9µs (0.1GB/s)
  [2026-06-12 16:48:21.508] [LAT] Path 45135: 75.9µs (0.1GB/s)
  [2026-06-12 16:48:21.509] [LAT] Path 45135: 75.4µs (0.1GB/s)
  [2026-06-12 16:48:21.511] [LAT] Path 45135: 84.1µs (0.1GB/s)
  [2026-06-12 16:48:21.512] [LAT] Path 45135: 74.2µs (0.1GB/s)
  [2026-06-12 16:48:24.525] [LAT] Path 18787: 134.9µs (0.0GB/s)
  [2026-06-12 16:48:24.526] [LAT] Path 18787: 92.9µs (0.0GB/s)
  [2026-06-12 16:48:24.528] [LAT] Path 18787: 84.1µs (0.1GB/s)
  [2026-06-12 16:48:24.529] [LAT] Path 18787: 78.0µs (0.1GB/s)
  [2026-06-12 16:48:24.531] [LAT] Path 18787: 71.7µs (0.1GB/s)
  [2026-06-12 16:48:24.532] [LAT] Path 18787: 78.3µs (0.1GB/s)
  [2026-06-12 16:48:24.534] [LAT] Path 18787: 76.8µs (0.1GB/s)
  [2026-06-12 16:48:24.535] [LAT] Path 18787: 76.1µs (0.1GB/s)
  [2026-06-12 16:48:24.537] [LAT] Path 18787: 77.0µs (0.1GB/s)
  [2026-06-12 16:48:24.538] [LAT] Path 18787: 77.5µs (0.1GB/s)
  [2026-06-12 16:48:25.047] [LAT] Path 18787: 119.9µs (0.0GB/s)
  [2026-06-12 16:48:25.049] [LAT] Path 18787: 122.0µs (0.0GB/s)
  [2026-06-12 16:48:25.051] [LAT] Path 18787: 83.7µs (0.1GB/s)
  [2026-06-12 16:48:25.052] [LAT] Path 18787: 73.4µs (0.1GB/s)
  [2026-06-12 16:48:25.054] [LAT] Path 18787: 77.9µs (0.1GB/s)
  [2026-06-12 16:48:25.056] [LAT] Path 18787: 78.9µs (0.1GB/s)
  [2026-06-12 16:48:25.057] [LAT] Path 18787: 79.5µs (0.1GB/s)
  [2026-06-12 16:48:25.059] [LAT] Path 18787: 77.0µs (0.1GB/s)
  [2026-06-12 16:48:25.061] [LAT] Path 18787: 78.0µs (0.1GB/s)
  [2026-06-12 16:48:25.062] [LAT] Path 18787: 86.8µs (0.1GB/s)
  [2026-06-12 16:48:26.115] [LAT] Path 18787: 173.2µs (0.0GB/s)
  [2026-06-12 16:48:26.117] [LAT] Path 18787: 79.4µs (0.1GB/s)
  [2026-06-12 16:48:26.119] [LAT] Path 18787: 74.2µs (0.1GB/s)
  [2026-06-12 16:48:26.120] [LAT] Path 18787: 74.7µs (0.1GB/s)
  [2026-06-12 16:48:26.122] [LAT] Path 18787: 75.1µs (0.1GB/s)
  [2026-06-12 16:48:26.123] [LAT] Path 18787: 75.2µs (0.1GB/s)
  [2026-06-12 16:48:26.125] [LAT] Path 18787: 75.1µs (0.1GB/s)
  [2026-06-12 16:48:26.126] [LAT] Path 18787: 74.1µs (0.1GB/s)
  [2026-06-12 16:48:26.128] [LAT] Path 18787: 78.9µs (0.1GB/s)
  [2026-06-12 16:48:26.129] [LAT] Path 18787: 76.9µs (0.1GB/s)
  [2026-06-12 16:48:27.175] [LAT] Path 40797: 250.8µs (0.0GB/s)
  [2026-06-12 16:48:27.176] [LAT] Path 40797: 139.0µs (0.0GB/s)
  [2026-06-12 16:48:27.178] [LAT] Path 40797: 76.4µs (0.1GB/s)
  [2026-06-12 16:48:27.180] [LAT] Path 40797: 155.8µs (0.0GB/s)
  [2026-06-12 16:48:27.181] [LAT] Path 40797: 127.6µs (0.0GB/s)
  [2026-06-12 16:48:27.183] [LAT] Path 40797: 72.5µs (0.1GB/s)
  [2026-06-12 16:48:27.184] [LAT] Path 40797: 73.6µs (0.1GB/s)
  [2026-06-12 16:48:27.186] [LAT] Path 40797: 72.9µs (0.1GB/s)
  [2026-06-12 16:48:27.188] [LAT] Path 40797: 80.4µs (0.1GB/s)
  [2026-06-12 16:48:27.189] [LAT] Path 40797: 91.2µs (0.0GB/s)
  [2026-06-12 16:48:28.245] [LAT] Path 40797: 186.6µs (0.0GB/s)
  [2026-06-12 16:48:28.246] [LAT] Path 40797: 179.4µs (0.0GB/s)
  [2026-06-12 16:48:28.248] [LAT] Path 40797: 95.3µs (0.0GB/s)
  [2026-06-12 16:48:28.250] [LAT] Path 40797: 76.7µs (0.1GB/s)
  [2026-06-12 16:48:28.251] [LAT] Path 40797: 76.1µs (0.1GB/s)
  [2026-06-12 16:48:28.253] [LAT] Path 40797: 149.1µs (0.0GB/s)
  [2026-06-12 16:48:28.255] [LAT] Path 40797: 75.3µs (0.1GB/s)
  [2026-06-12 16:48:28.256] [LAT] Path 40797: 77.2µs (0.1GB/s)
  [2026-06-12 16:48:28.258] [LAT] Path 40797: 75.3µs (0.1GB/s)
  [2026-06-12 16:48:28.259] [LAT] Path 40797: 74.4µs (0.1GB/s)
  [2026-06-12 16:48:29.461] [LAT] Path 51491: 35.5µs (0.1GB/s)
  [2026-06-12 16:48:29.463] [LAT] Path 51491: 91.8µs (0.0GB/s)
  [2026-06-12 16:48:29.465] [LAT] Path 51491: 391.7µs (0.0GB/s)
  [2026-06-12 16:48:29.467] [LAT] Path 51491: 84.0µs (0.1GB/s)
  [2026-06-12 16:48:29.468] [LAT] Path 51491: 77.8µs (0.1GB/s)
  [2026-06-12 16:48:29.470] [LAT] Path 51491: 69.0µs (0.1GB/s)
  [2026-06-12 16:48:29.472] [LAT] Path 51491: 69.6µs (0.1GB/s)
  [2026-06-12 16:48:29.473] [LAT] Path 51491: 71.6µs (0.1GB/s)
  [2026-06-12 16:48:29.475] [LAT] Path 51491: 69.3µs (0.1GB/s)
  [2026-06-12 16:48:29.476] [LAT] Path 51491: 70.1µs (0.1GB/s)
  [2026-06-12 16:48:30.528] [BW] Path 8351: 6636.4µs (20.2GB/s)
  [2026-06-12 16:48:30.530] [LAT] Path 8351: 114.1µs (0.0GB/s)
  [2026-06-12 16:48:30.531] [LAT] Path 8351: 81.1µs (0.1GB/s)
  [2026-06-12 16:48:30.533] [LAT] Path 8351: 80.8µs (0.1GB/s)
  [2026-06-12 16:48:31.036] [LAT] Path 27734: 165.2µs (0.0GB/s)
  [2026-06-12 16:48:31.037] [LAT] Path 27734: 73.6µs (0.1GB/s)
  [2026-06-12 16:54:12.880] [LAT] Path 51491: 138.8µs (0.0GB/s)
  [2026-06-12 16:54:12.882] [LAT] Path 51491: 78.3µs (0.1GB/s)
  [2026-06-12 16:54:12.883] [LAT] Path 51491: 81.1µs (0.1GB/s)
  [2026-06-12 16:54:12.893] [BW] Path 51491: 8692.1µs (15.4GB/s)
  [2026-06-12 16:54:12.895] [LAT] Path 51491: 28.2µs (0.1GB/s)
  [2026-06-12 16:54:12.903] [BW] Path 51491: 6701.2µs (20.0GB/s)
  [2026-06-12 16:54:12.913] [BW] Path 51491: 8599.3µs (15.6GB/s)
  [2026-06-12 16:54:12.922] [BW] Path 51491: 6803.8µs (19.7GB/s)
  [2026-06-12 16:54:12.924] [LAT] Path 51491: 74.7µs (0.1GB/s)
  [2026-06-12 16:54:12.934] [BW] Path 51491: 8713.2µs (15.4GB/s)
  [2026-06-12 16:54:13.973] [LAT] Path 18787: 144.4µs (0.0GB/s)
  [2026-06-12 16:54:13.976] [LAT] Path 18787: 195.0µs (0.0GB/s)
  [2026-06-12 16:54:13.984] [BW] Path 18787: 6513.1µs (20.6GB/s)
  [2026-06-12 16:54:13.994] [BW] Path 18787: 8499.3µs (15.8GB/s)
  [2026-06-12 16:54:14.002] [BW] Path 18787: 6728.7µs (19.9GB/s)
  [2026-06-12 16:54:14.011] [BW] Path 18787: 6747.5µs (19.9GB/s)
  [2026-06-12 16:54:14.020] [BW] Path 18787: 8187.2µs (16.4GB/s)
  [2026-06-12 16:54:14.028] [BW] Path 18787: 6730.9µs (19.9GB/s)
  [2026-06-12 16:54:14.038] [BW] Path 18787: 8193.4µs (16.4GB/s)
  [2026-06-12 16:54:14.040] [LAT] Path 18787: 28.9µs (0.1GB/s)
  [2026-06-12 16:54:15.391] [BW] Path 18787: 6567.4µs (20.4GB/s)
  [2026-06-12 16:54:15.400] [BW] Path 18787: 7320.2µs (18.3GB/s)
  [2026-06-12 16:54:15.411] [BW] Path 18787: 8898.7µs (15.1GB/s)
  [2026-06-12 16:54:15.419] [BW] Path 18787: 6527.3µs (20.6GB/s)
  [2026-06-12 16:54:15.427] [BW] Path 18787: 6595.3µs (20.4GB/s)
  [2026-06-12 16:54:15.438] [BW] Path 18787: 9176.7µs (14.6GB/s)
  [2026-06-12 16:54:15.446] [BW] Path 18787: 6661.0µs (20.1GB/s)
  [2026-06-12 16:54:15.454] [BW] Path 18787: 6595.9µs (20.4GB/s)
  [2026-06-12 16:54:15.465] [BW] Path 18787: 8935.8µs (15.0GB/s)
  [2026-06-12 16:54:15.473] [BW] Path 18787: 6976.4µs (19.2GB/s)
  [2026-06-12 16:54:16.539] [BW] Path 51197: 9423.4µs (14.2GB/s)
  [2026-06-12 16:54:16.541] [LAT] Path 51197: 90.3µs (0.1GB/s)
  [2026-06-12 16:54:16.542] [LAT] Path 51197: 89.1µs (0.1GB/s)
  [2026-06-12 16:54:16.550] [BW] Path 51197: 6545.5µs (20.5GB/s)
  [2026-06-12 16:54:16.559] [BW] Path 51197: 6968.1µs (19.3GB/s)
  [2026-06-12 16:54:16.569] [BW] Path 51197: 8941.7µs (15.0GB/s)
  [2026-06-12 16:54:16.577] [BW] Path 51197: 6488.4µs (20.7GB/s)
  [2026-06-12 16:54:16.588] [BW] Path 51197: 8745.2µs (15.3GB/s)
  [2026-06-12 16:54:16.598] [BW] Path 51197: 9221.5µs (14.6GB/s)
  [2026-06-12 16:54:16.606] [BW] Path 51197: 6798.1µs (19.7GB/s)
  [2026-06-12 16:54:17.693] [LAT] Path 18787: 146.2µs (0.0GB/s)
  [2026-06-12 16:54:17.695] [LAT] Path 18787: 78.5µs (0.1GB/s)
  [2026-06-12 16:54:17.696] [LAT] Path 18787: 74.7µs (0.1GB/s)
  [2026-06-12 16:54:17.698] [LAT] Path 18787: 82.6µs (0.1GB/s)
  [2026-06-12 16:54:17.699] [LAT] Path 18787: 92.5µs (0.0GB/s)
  [2026-06-12 16:54:17.707] [BW] Path 18787: 6519.0µs (20.6GB/s)
  [2026-06-12 16:54:17.715] [BW] Path 18787: 6490.9µs (20.7GB/s)
  [2026-06-12 16:54:17.723] [BW] Path 18787: 6813.6µs (19.7GB/s)
  [2026-06-12 16:54:17.734] [BW] Path 18787: 8957.5µs (15.0GB/s)
  [2026-06-12 16:54:17.746] [BW] Path 51197: 6520.4µs (20.6GB/s)
  [2026-06-12 16:54:19.058] [BW] Path 706: 6635.0µs (20.2GB/s)
  [2026-06-12 16:54:19.067] [BW] Path 706: 6758.6µs (19.9GB/s)
  [2026-06-12 16:54:19.075] [BW] Path 706: 6478.2µs (20.7GB/s)
  [2026-06-12 16:54:19.085] [BW] Path 706: 8728.1µs (15.4GB/s)
  [2026-06-12 16:54:19.093] [BW] Path 706: 6750.7µs (19.9GB/s)
  [2026-06-12 16:54:19.101] [BW] Path 706: 6944.3µs (19.3GB/s)
  [2026-06-12 16:54:19.112] [BW] Path 706: 8931.9µs (15.0GB/s)
  [2026-06-12 16:54:19.120] [BW] Path 706: 6657.2µs (20.2GB/s)
  [2026-06-12 16:54:19.130] [BW] Path 706: 8470.9µs (15.8GB/s)
  [2026-06-12 16:54:19.141] [BW] Path 706: 9218.3µs (14.6GB/s)
  [2026-06-12 16:54:20.170] [LAT] Path 40797: 177.2µs (0.0GB/s)
  [2026-06-12 16:54:20.178] [BW] Path 40797: 6627.6µs (20.2GB/s)
  [2026-06-12 16:54:20.186] [BW] Path 40797: 6578.0µs (20.4GB/s)
  [2026-06-12 16:54:20.194] [BW] Path 40797: 6516.4µs (20.6GB/s)
  [2026-06-12 16:54:20.203] [BW] Path 40797: 6791.6µs (19.8GB/s)
  [2026-06-12 16:54:20.211] [BW] Path 40797: 6673.7µs (20.1GB/s)
  [2026-06-12 16:54:20.219] [BW] Path 40797: 6634.6µs (20.2GB/s)
  [2026-06-12 16:54:20.227] [BW] Path 40797: 6640.1µs (20.2GB/s)
  [2026-06-12 16:54:20.236] [BW] Path 40797: 7390.0µs (18.2GB/s)
  [2026-06-12 16:54:20.245] [BW] Path 40797: 7556.9µs (17.8GB/s)
  [2026-06-12 16:55:10.086] [LAT] Path 18787: 127.9µs (0.0GB/s)
  [2026-06-12 16:55:10.087] [LAT] Path 18787: 76.7µs (0.1GB/s)
  [2026-06-12 16:55:10.095] [BW] Path 18787: 6581.6µs (20.4GB/s)
  [2026-06-12 16:55:10.097] [LAT] Path 18787: 86.1µs (0.1GB/s)
  [2026-06-12 16:55:10.098] [LAT] Path 18787: 76.2µs (0.1GB/s)
  [2026-06-12 16:55:10.100] [LAT] Path 18787: 76.9µs (0.1GB/s)
  [2026-06-12 16:55:10.101] [LAT] Path 18787: 76.8µs (0.1GB/s)
  [2026-06-12 16:55:10.103] [LAT] Path 18787: 77.0µs (0.1GB/s)
  [2026-06-12 16:55:10.104] [LAT] Path 18787: 76.0µs (0.1GB/s)
  [2026-06-12 16:55:10.106] [LAT] Path 18787: 95.8µs (0.0GB/s)
  [2026-06-12 16:55:10.611] [LAT] Path 27734: 120.6µs (0.0GB/s)
  [2026-06-12 16:55:10.613] [LAT] Path 27734: 75.8µs (0.1GB/s)
  [2026-06-12 16:55:10.614] [LAT] Path 27734: 76.1µs (0.1GB/s)
  [2026-06-12 16:55:10.616] [LAT] Path 27734: 72.9µs (0.1GB/s)
  [2026-06-12 16:55:10.617] [LAT] Path 27734: 72.8µs (0.1GB/s)
  [2026-06-12 16:55:10.618] [LAT] Path 27734: 73.0µs (0.1GB/s)
  [2026-06-12 16:55:10.620] [LAT] Path 27734: 87.1µs (0.1GB/s)
  [2026-06-12 16:55:10.621] [LAT] Path 27734: 88.7µs (0.1GB/s)
  [2026-06-12 16:55:10.624] [LAT] Path 18787: 68.3µs (0.1GB/s)
  [2026-06-12 16:55:10.626] [LAT] Path 18787: 73.2µs (0.1GB/s)
  [2026-06-12 16:55:11.664] [LAT] Path 18787: 171.7µs (0.0GB/s)
  [2026-06-12 16:55:11.665] [LAT] Path 18787: 77.9µs (0.1GB/s)
  [2026-06-12 16:55:11.667] [LAT] Path 18787: 75.2µs (0.1GB/s)
  [2026-06-12 16:55:11.668] [LAT] Path 18787: 74.4µs (0.1GB/s)
  [2026-06-12 16:55:11.670] [LAT] Path 18787: 73.3µs (0.1GB/s)
  [2026-06-12 16:55:11.672] [LAT] Path 18787: 74.1µs (0.1GB/s)
  [2026-06-12 16:55:11.673] [LAT] Path 18787: 72.8µs (0.1GB/s)
  [2026-06-12 16:55:11.675] [LAT] Path 18787: 72.2µs (0.1GB/s)
  [2026-06-12 16:55:11.676] [LAT] Path 18787: 73.1µs (0.1GB/s)
  [2026-06-12 16:55:11.678] [LAT] Path 18787: 72.2µs (0.1GB/s)
  [2026-06-12 16:55:12.692] [LAT] Path 45135: 162.6µs (0.0GB/s)
  [2026-06-12 16:55:12.693] [LAT] Path 45135: 71.0µs (0.1GB/s)
  [2026-06-12 16:55:12.695] [LAT] Path 45135: 74.6µs (0.1GB/s)
  [2026-06-12 16:55:12.696] [LAT] Path 45135: 72.7µs (0.1GB/s)
  [2026-06-12 16:55:12.698] [LAT] Path 45135: 74.5µs (0.1GB/s)
  [2026-06-12 16:55:12.699] [LAT] Path 45135: 73.5µs (0.1GB/s)
  [2026-06-12 16:55:12.701] [LAT] Path 45135: 72.3µs (0.1GB/s)
  [2026-06-12 16:55:12.702] [LAT] Path 45135: 80.7µs (0.1GB/s)
  [2026-06-12 16:55:12.704] [LAT] Path 45135: 72.3µs (0.1GB/s)
  [2026-06-12 16:55:12.705] [LAT] Path 45135: 74.2µs (0.1GB/s)
  [2026-06-12 16:55:13.730] [LAT] Path 45135: 162.6µs (0.0GB/s)
  [2026-06-12 16:55:13.732] [LAT] Path 45135: 78.0µs (0.1GB/s)
  [2026-06-12 16:55:13.733] [LAT] Path 45135: 74.8µs (0.1GB/s)
  [2026-06-12 16:55:13.735] [LAT] Path 45135: 74.8µs (0.1GB/s)
  [2026-06-12 16:55:13.736] [LAT] Path 45135: 74.3µs (0.1GB/s)
  [2026-06-12 16:55:13.738] [LAT] Path 45135: 71.4µs (0.1GB/s)
  [2026-06-12 16:55:13.740] [LAT] Path 45135: 73.3µs (0.1GB/s)
  [2026-06-12 16:55:13.741] [LAT] Path 45135: 73.6µs (0.1GB/s)
  [2026-06-12 16:55:13.743] [LAT] Path 45135: 72.5µs (0.1GB/s)
  [2026-06-12 16:55:13.744] [LAT] Path 45135: 71.6µs (0.1GB/s)
  [2026-06-12 16:55:15.268] [LAT] Path 27010: 171.9µs (0.0GB/s)
  [2026-06-12 16:55:15.269] [LAT] Path 27010: 78.8µs (0.1GB/s)
  [2026-06-12 16:55:15.271] [LAT] Path 27010: 76.7µs (0.1GB/s)
  [2026-06-12 16:55:15.272] [LAT] Path 27010: 74.7µs (0.1GB/s)
  [2026-06-12 16:55:15.274] [LAT] Path 27010: 74.5µs (0.1GB/s)
  [2026-06-12 16:55:15.275] [LAT] Path 27010: 74.8µs (0.1GB/s)
  [2026-06-12 16:55:15.277] [LAT] Path 27010: 76.2µs (0.1GB/s)
  [2026-06-12 16:55:15.278] [LAT] Path 27010: 75.1µs (0.1GB/s)
  [2026-06-12 16:55:15.280] [LAT] Path 27010: 74.8µs (0.1GB/s)
  [2026-06-12 16:55:15.281] [LAT] Path 27010: 74.4µs (0.1GB/s)
  [2026-06-12 16:55:15.786] [LAT] Path 27734: 148.8µs (0.0GB/s)
  [2026-06-12 16:55:15.788] [LAT] Path 27734: 79.3µs (0.1GB/s)
  [2026-06-12 16:55:15.789] [LAT] Path 27734: 77.5µs (0.1GB/s)
  [2026-06-12 16:55:15.791] [LAT] Path 27734: 76.0µs (0.1GB/s)
  [2026-06-12 16:55:15.792] [LAT] Path 27734: 77.4µs (0.1GB/s)
  [2026-06-12 16:55:15.794] [LAT] Path 27734: 77.2µs (0.1GB/s)
  [2026-06-12 16:55:15.795] [LAT] Path 27734: 77.2µs (0.1GB/s)
  [2026-06-12 16:55:15.797] [LAT] Path 27734: 77.6µs (0.1GB/s)
  [2026-06-12 16:55:15.798] [LAT] Path 27734: 76.4µs (0.1GB/s)
  [2026-06-12 16:55:15.801] [LAT] Path 27010: 77.8µs (0.1GB/s)
  [2026-06-12 16:55:16.850] [LAT] Path 27010: 152.2µs (0.0GB/s)
  [2026-06-12 16:55:16.851] [LAT] Path 27010: 72.6µs (0.1GB/s)
  [2026-06-12 16:55:16.853] [LAT] Path 27010: 76.6µs (0.1GB/s)
  [2026-06-12 16:55:16.855] [LAT] Path 27010: 325.1µs (0.0GB/s)
  [2026-06-12 16:55:16.856] [LAT] Path 27010: 73.3µs (0.1GB/s)
  [2026-06-12 16:55:16.858] [LAT] Path 27010: 71.5µs (0.1GB/s)
  [2026-06-12 16:55:16.859] [LAT] Path 27010: 71.5µs (0.1GB/s)
  [2026-06-12 16:55:16.861] [LAT] Path 27010: 74.7µs (0.1GB/s)
  [2026-06-12 16:55:16.863] [LAT] Path 27010: 354.4µs (0.0GB/s)
  [2026-06-12 16:55:16.864] [LAT] Path 27010: 72.2µs (0.1GB/s)
  [2026-06-12 16:55:17.906] [LAT] Path 8351: 166.4µs (0.0GB/s)
  [2026-06-12 16:55:17.907] [LAT] Path 8351: 81.2µs (0.1GB/s)
  [2026-06-12 16:55:17.909] [LAT] Path 8351: 81.0µs (0.1GB/s)
  [2026-06-12 16:55:17.910] [LAT] Path 8351: 88.7µs (0.1GB/s)
  [2026-06-12 16:55:17.912] [LAT] Path 8351: 75.7µs (0.1GB/s)
  [2026-06-12 16:55:17.913] [LAT] Path 8351: 75.5µs (0.1GB/s)
  [2026-06-12 16:55:17.915] [LAT] Path 8351: 74.4µs (0.1GB/s)
  [2026-06-12 16:55:17.916] [LAT] Path 8351: 76.4µs (0.1GB/s)
  [2026-06-12 16:55:17.918] [LAT] Path 8351: 75.9µs (0.1GB/s)
  [2026-06-12 16:55:17.920] [LAT] Path 8351: 75.5µs (0.1GB/s)
  [2026-06-12 16:55:19.210] [LAT] Path 51491: 36.1µs (0.1GB/s)
  [2026-06-12 16:55:19.212] [LAT] Path 51491: 74.1µs (0.1GB/s)
  [2026-06-12 16:55:19.213] [LAT] Path 51491: 72.4µs (0.1GB/s)
  [2026-06-12 16:55:19.215] [LAT] Path 51491: 80.5µs (0.1GB/s)
  [2026-06-12 16:55:19.216] [LAT] Path 51491: 76.3µs (0.1GB/s)
  [2026-06-12 16:55:19.218] [LAT] Path 51491: 73.8µs (0.1GB/s)
  [2026-06-12 16:55:19.220] [LAT] Path 51491: 76.4µs (0.1GB/s)
  [2026-06-12 16:55:19.221] [LAT] Path 51491: 76.7µs (0.1GB/s)
  [2026-06-12 16:55:19.223] [LAT] Path 51491: 79.3µs (0.1GB/s)
  [2026-06-12 16:55:19.224] [LAT] Path 51491: 72.2µs (0.1GB/s)
  [2026-06-12 16:55:20.315] [LAT] Path 51491: 166.2µs (0.0GB/s)
  [2026-06-12 16:55:20.317] [LAT] Path 51491: 80.6µs (0.1GB/s)
  [2026-06-12 16:55:20.318] [LAT] Path 51491: 94.3µs (0.0GB/s)
  [2026-06-12 16:55:20.320] [LAT] Path 51491: 94.2µs (0.0GB/s)
  [2026-06-12 16:55:20.321] [LAT] Path 51491: 95.9µs (0.0GB/s)
  [2026-06-12 16:55:20.323] [LAT] Path 51491: 91.8µs (0.0GB/s)
  [2026-06-12 16:55:20.331] [LAT] Path 51197: 90.2µs (0.1GB/s)
  [2026-06-12 16:55:20.333] [LAT] Path 51197: 27.6µs (0.1GB/s)
  [2026-06-12 16:55:20.335] [LAT] Path 51197: 71.5µs (0.1GB/s)
  [2026-06-12 16:55:20.336] [LAT] Path 51197: 76.5µs (0.1GB/s)
  [2026-06-12 16:55:21.420] [LAT] Path 40797: 36.0µs (0.1GB/s)
  [2026-06-12 16:55:21.421] [LAT] Path 40797: 80.3µs (0.1GB/s)
  [2026-06-12 16:55:21.423] [LAT] Path 40797: 80.8µs (0.1GB/s)
  [2026-06-12 16:55:21.424] [LAT] Path 40797: 74.8µs (0.1GB/s)
  [2026-06-12 16:55:21.426] [LAT] Path 40797: 72.1µs (0.1GB/s)
  [2026-06-12 16:55:21.427] [LAT] Path 40797: 72.1µs (0.1GB/s)
  [2026-06-12 16:55:21.428] [LAT] Path 40797: 72.6µs (0.1GB/s)
  [2026-06-12 16:55:21.430] [LAT] Path 40797: 71.7µs (0.1GB/s)
  [2026-06-12 16:55:21.431] [LAT] Path 40797: 71.6µs (0.1GB/s)
  [2026-06-12 16:55:21.433] [LAT] Path 40797: 71.5µs (0.1GB/s)
  [2026-06-12 17:01:03.273] [LAT] Path 18787: 200.6µs (0.0GB/s)
  [2026-06-12 17:01:03.275] [LAT] Path 18787: 169.8µs (0.0GB/s)
  [2026-06-12 17:01:03.277] [LAT] Path 18787: 82.2µs (0.1GB/s)
  [2026-06-12 17:01:03.278] [LAT] Path 18787: 137.2µs (0.0GB/s)
  [2026-06-12 17:01:03.280] [LAT] Path 18787: 154.7µs (0.0GB/s)
  [2026-06-12 17:01:03.290] [BW] Path 18787: 8689.4µs (15.4GB/s)
  [2026-06-12 17:01:03.292] [LAT] Path 18787: 43.9µs (0.1GB/s)
  [2026-06-12 17:01:03.300] [BW] Path 18787: 6652.6µs (20.2GB/s)
  [2026-06-12 17:01:03.310] [BW] Path 18787: 8668.7µs (15.5GB/s)
  [2026-06-12 17:01:03.312] [LAT] Path 51197: 180.2µs (0.0GB/s)
  [2026-06-12 17:01:04.341] [LAT] Path 40797: 482.5µs (0.0GB/s)
  [2026-06-12 17:01:04.343] [LAT] Path 40797: 83.4µs (0.1GB/s)
  [2026-06-12 17:01:04.344] [LAT] Path 40797: 82.4µs (0.1GB/s)
  [2026-06-12 17:01:04.346] [LAT] Path 40797: 28.7µs (0.1GB/s)
  [2026-06-12 17:01:04.355] [BW] Path 40797: 7599.7µs (17.7GB/s)
  [2026-06-12 17:01:04.365] [BW] Path 40797: 8775.6µs (15.3GB/s)
  [2026-06-12 17:01:04.373] [BW] Path 40797: 6588.4µs (20.4GB/s)
  [2026-06-12 17:01:04.375] [LAT] Path 40797: 29.7µs (0.1GB/s)
  [2026-06-12 17:01:04.385] [BW] Path 40797: 8436.5µs (15.9GB/s)
  [2026-06-12 17:01:04.393] [BW] Path 40797: 6527.3µs (20.6GB/s)
  [2026-06-12 17:01:05.574] [LAT] Path 18787: 133.7µs (0.0GB/s)
  [2026-06-12 17:01:05.576] [LAT] Path 18787: 161.0µs (0.0GB/s)
  [2026-06-12 17:01:05.577] [LAT] Path 18787: 132.8µs (0.0GB/s)
  [2026-06-12 17:01:05.579] [LAT] Path 18787: 85.8µs (0.1GB/s)
  [2026-06-12 17:01:05.581] [LAT] Path 18787: 83.0µs (0.1GB/s)
  [2026-06-12 17:01:05.583] [LAT] Path 18787: 166.8µs (0.0GB/s)
  [2026-06-12 17:01:05.585] [LAT] Path 18787: 94.9µs (0.0GB/s)
  [2026-06-12 17:01:05.586] [LAT] Path 18787: 86.7µs (0.1GB/s)
  [2026-06-12 17:01:05.588] [LAT] Path 18787: 79.5µs (0.1GB/s)
  [2026-06-12 17:01:05.590] [LAT] Path 18787: 81.0µs (0.1GB/s)
  [2026-06-12 17:01:06.820] [BW] Path 706: 6576.3µs (20.4GB/s)
  [2026-06-12 17:01:06.832] [BW] Path 706: 9835.3µs (13.7GB/s)
  [2026-06-12 17:01:06.833] [LAT] Path 706: 90.7µs (0.1GB/s)
  [2026-06-12 17:01:06.841] [BW] Path 706: 6824.6µs (19.7GB/s)
  [2026-06-12 17:01:06.849] [BW] Path 706: 6533.6µs (20.5GB/s)
  [2026-06-12 17:01:06.860] [BW] Path 706: 9378.4µs (14.3GB/s)
  [2026-06-12 17:01:06.869] [BW] Path 706: 6600.5µs (20.3GB/s)
  [2026-06-12 17:01:06.879] [BW] Path 706: 8623.5µs (15.6GB/s)
  [2026-06-12 17:01:06.890] [BW] Path 706: 9596.5µs (14.0GB/s)
  [2026-06-12 17:01:06.898] [BW] Path 706: 6537.7µs (20.5GB/s)
  [2026-06-12 17:01:07.937] [LAT] Path 45135: 162.6µs (0.0GB/s)
  [2026-06-12 17:01:07.939] [LAT] Path 45135: 161.6µs (0.0GB/s)
  [2026-06-12 17:01:07.941] [LAT] Path 45135: 47.2µs (0.1GB/s)
  [2026-06-12 17:01:07.942] [LAT] Path 45135: 28.6µs (0.1GB/s)
  [2026-06-12 17:01:07.944] [LAT] Path 45135: 28.7µs (0.1GB/s)
  [2026-06-12 17:01:07.946] [LAT] Path 45135: 29.0µs (0.1GB/s)
  [2026-06-12 17:01:07.948] [LAT] Path 45135: 29.0µs (0.1GB/s)
  [2026-06-12 17:01:07.949] [LAT] Path 45135: 28.8µs (0.1GB/s)
  [2026-06-12 17:01:07.951] [LAT] Path 45135: 26.7µs (0.1GB/s)
  [2026-06-12 17:01:07.953] [LAT] Path 45135: 28.2µs (0.1GB/s)
  [2026-06-12 17:01:09.263] [LAT] Path 51197: 221.8µs (0.0GB/s)
  [2026-06-12 17:01:09.265] [LAT] Path 51197: 136.2µs (0.0GB/s)
  [2026-06-12 17:01:09.267] [LAT] Path 51197: 419.2µs (0.0GB/s)
  [2026-06-12 17:01:09.268] [LAT] Path 51197: 82.8µs (0.1GB/s)
  [2026-06-12 17:01:09.279] [BW] Path 51197: 9244.8µs (14.5GB/s)
  [2026-06-12 17:01:09.287] [BW] Path 51197: 6524.8µs (20.6GB/s)
  [2026-06-12 17:01:09.295] [BW] Path 51197: 6769.6µs (19.8GB/s)
  [2026-06-12 17:01:09.304] [BW] Path 51197: 7323.9µs (18.3GB/s)
  [2026-06-12 17:01:09.313] [BW] Path 51197: 7165.5µs (18.7GB/s)
  [2026-06-12 17:01:09.321] [BW] Path 51197: 6700.2µs (20.0GB/s)
  [2026-06-12 17:01:10.358] [LAT] Path 18787: 134.8µs (0.0GB/s)
  [2026-06-12 17:01:10.360] [LAT] Path 18787: 78.0µs (0.1GB/s)
  [2026-06-12 17:01:10.368] [BW] Path 18787: 6566.0µs (20.4GB/s)
  [2026-06-12 17:01:10.378] [BW] Path 18787: 8563.0µs (15.7GB/s)
  [2026-06-12 17:01:10.386] [BW] Path 18787: 6542.9µs (20.5GB/s)
  [2026-06-12 17:01:10.396] [BW] Path 18787: 8512.6µs (15.8GB/s)
  [2026-06-12 17:01:10.407] [BW] Path 18787: 9371.6µs (14.3GB/s)
  [2026-06-12 17:01:10.415] [BW] Path 18787: 6532.4µs (20.6GB/s)
  [2026-06-12 17:01:10.423] [BW] Path 18787: 6542.5µs (20.5GB/s)
  [2026-06-12 17:01:10.434] [BW] Path 18787: 9345.2µs (14.4GB/s)
  [2026-06-12 17:01:11.599] [LAT] Path 51491: 173.6µs (0.0GB/s)
  [2026-06-12 17:01:11.601] [LAT] Path 51491: 84.0µs (0.1GB/s)
  [2026-06-12 17:01:11.602] [LAT] Path 51491: 80.2µs (0.1GB/s)
  [2026-06-12 17:01:11.604] [LAT] Path 51491: 76.3µs (0.1GB/s)
  [2026-06-12 17:01:11.606] [LAT] Path 51491: 78.1µs (0.1GB/s)
  [2026-06-12 17:01:11.607] [LAT] Path 51491: 76.6µs (0.1GB/s)
  [2026-06-12 17:01:11.609] [LAT] Path 51491: 77.2µs (0.1GB/s)
  [2026-06-12 17:01:11.610] [LAT] Path 51491: 76.5µs (0.1GB/s)
  [2026-06-12 17:01:11.612] [LAT] Path 51491: 76.2µs (0.1GB/s)
  [2026-06-12 17:01:11.614] [LAT] Path 51491: 75.8µs (0.1GB/s)
  [2026-06-12 17:02:01.311] [LAT] Path 18787: 132.0µs (0.0GB/s)
  [2026-06-12 17:02:01.319] [BW] Path 18787: 6587.4µs (20.4GB/s)
  [2026-06-12 17:02:01.321] [LAT] Path 18787: 78.7µs (0.1GB/s)
  [2026-06-12 17:02:01.322] [LAT] Path 18787: 73.8µs (0.1GB/s)
  [2026-06-12 17:02:01.324] [LAT] Path 18787: 74.3µs (0.1GB/s)
  [2026-06-12 17:02:01.325] [LAT] Path 18787: 88.4µs (0.1GB/s)
  [2026-06-12 17:02:01.327] [LAT] Path 18787: 72.9µs (0.1GB/s)
  [2026-06-12 17:02:01.329] [LAT] Path 18787: 72.9µs (0.1GB/s)
  [2026-06-12 17:02:01.330] [LAT] Path 18787: 74.2µs (0.1GB/s)
  [2026-06-12 17:02:01.332] [LAT] Path 18787: 73.4µs (0.1GB/s)
  [2026-06-12 17:02:01.841] [LAT] Path 18787: 121.9µs (0.0GB/s)
  [2026-06-12 17:02:01.843] [LAT] Path 18787: 76.3µs (0.1GB/s)
  [2026-06-12 17:02:01.845] [LAT] Path 18787: 76.2µs (0.1GB/s)
  [2026-06-12 17:02:01.846] [LAT] Path 18787: 74.8µs (0.1GB/s)
  [2026-06-12 17:02:01.848] [LAT] Path 18787: 78.1µs (0.1GB/s)
  [2026-06-12 17:02:01.849] [LAT] Path 18787: 76.6µs (0.1GB/s)
  [2026-06-12 17:02:01.851] [LAT] Path 18787: 79.0µs (0.1GB/s)
  [2026-06-12 17:02:01.853] [LAT] Path 18787: 91.0µs (0.1GB/s)
  [2026-06-12 17:02:01.854] [LAT] Path 18787: 77.5µs (0.1GB/s)
  [2026-06-12 17:02:01.856] [LAT] Path 18787: 73.8µs (0.1GB/s)
  [2026-06-12 17:02:02.891] [LAT] Path 18787: 228.5µs (0.0GB/s)
  [2026-06-12 17:02:02.892] [LAT] Path 18787: 95.4µs (0.0GB/s)
  [2026-06-12 17:02:02.894] [LAT] Path 18787: 79.7µs (0.1GB/s)
  [2026-06-12 17:02:02.896] [LAT] Path 18787: 75.8µs (0.1GB/s)
  [2026-06-12 17:02:02.897] [LAT] Path 18787: 79.8µs (0.1GB/s)
  [2026-06-12 17:02:02.899] [LAT] Path 18787: 78.3µs (0.1GB/s)
  [2026-06-12 17:02:02.901] [LAT] Path 18787: 79.0µs (0.1GB/s)
  [2026-06-12 17:02:02.902] [LAT] Path 18787: 77.3µs (0.1GB/s)
  [2026-06-12 17:02:02.904] [LAT] Path 18787: 78.1µs (0.1GB/s)
  [2026-06-12 17:02:02.906] [LAT] Path 18787: 79.1µs (0.1GB/s)
  [2026-06-12 17:02:03.925] [LAT] Path 45135: 167.5µs (0.0GB/s)
  [2026-06-12 17:02:03.933] [BW] Path 45135: 6512.6µs (20.6GB/s)
  [2026-06-12 17:02:03.934] [LAT] Path 45135: 80.8µs (0.1GB/s)
  [2026-06-12 17:02:03.936] [LAT] Path 45135: 74.6µs (0.1GB/s)
  [2026-06-12 17:02:03.938] [LAT] Path 45135: 74.1µs (0.1GB/s)
  [2026-06-12 17:02:03.939] [LAT] Path 45135: 73.3µs (0.1GB/s)
  [2026-06-12 17:02:03.941] [LAT] Path 45135: 73.4µs (0.1GB/s)
  [2026-06-12 17:02:03.942] [LAT] Path 45135: 73.2µs (0.1GB/s)
  [2026-06-12 17:02:03.944] [LAT] Path 45135: 73.9µs (0.1GB/s)
  [2026-06-12 17:02:03.945] [LAT] Path 45135: 71.5µs (0.1GB/s)
  [2026-06-12 17:02:05.011] [LAT] Path 8351: 271.6µs (0.0GB/s)
  [2026-06-12 17:02:05.013] [LAT] Path 8351: 78.1µs (0.1GB/s)
  [2026-06-12 17:02:05.015] [LAT] Path 8351: 74.2µs (0.1GB/s)
  [2026-06-12 17:02:05.016] [LAT] Path 8351: 98.5µs (0.0GB/s)
  [2026-06-12 17:02:05.018] [LAT] Path 8351: 408.9µs (0.0GB/s)
  [2026-06-12 17:02:05.020] [LAT] Path 8351: 76.4µs (0.1GB/s)
  [2026-06-12 17:02:05.021] [LAT] Path 8351: 73.6µs (0.1GB/s)
  [2026-06-12 17:02:05.023] [LAT] Path 8351: 69.9µs (0.1GB/s)
  [2026-06-12 17:02:05.024] [LAT] Path 8351: 75.2µs (0.1GB/s)
  [2026-06-12 17:02:05.026] [LAT] Path 8351: 68.2µs (0.1GB/s)
  [2026-06-12 17:02:06.103] [LAT] Path 27010: 176.9µs (0.0GB/s)
  [2026-06-12 17:02:06.105] [LAT] Path 27010: 76.6µs (0.1GB/s)
  [2026-06-12 17:02:06.106] [LAT] Path 27010: 74.7µs (0.1GB/s)
  [2026-06-12 17:02:06.108] [LAT] Path 27010: 73.7µs (0.1GB/s)
  [2026-06-12 17:02:06.109] [LAT] Path 27010: 73.8µs (0.1GB/s)
  [2026-06-12 17:02:06.111] [LAT] Path 27010: 72.8µs (0.1GB/s)
  [2026-06-12 17:02:06.112] [LAT] Path 27010: 74.7µs (0.1GB/s)
  [2026-06-12 17:02:06.114] [LAT] Path 27010: 73.7µs (0.1GB/s)
  [2026-06-12 17:02:06.115] [LAT] Path 27010: 72.9µs (0.1GB/s)
  [2026-06-12 17:02:06.117] [LAT] Path 27010: 72.0µs (0.1GB/s)
  [2026-06-12 17:02:07.219] [LAT] Path 706: 175.8µs (0.0GB/s)
  [2026-06-12 17:02:07.221] [LAT] Path 706: 98.2µs (0.0GB/s)
  [2026-06-12 17:02:07.229] [BW] Path 706: 6636.8µs (20.2GB/s)
  [2026-06-12 17:02:07.231] [LAT] Path 706: 84.7µs (0.1GB/s)
  [2026-06-12 17:02:07.232] [LAT] Path 706: 84.6µs (0.1GB/s)
  [2026-06-12 17:02:07.234] [LAT] Path 706: 89.5µs (0.1GB/s)
  [2026-06-12 17:02:07.236] [LAT] Path 706: 84.0µs (0.1GB/s)
  [2026-06-12 17:02:07.237] [LAT] Path 706: 92.9µs (0.0GB/s)
  [2026-06-12 17:02:07.239] [LAT] Path 706: 84.3µs (0.1GB/s)
  [2026-06-12 17:02:07.241] [LAT] Path 706: 73.6µs (0.1GB/s)
  [2026-06-12 17:02:08.272] [LAT] Path 706: 175.7µs (0.0GB/s)
  [2026-06-12 17:02:08.273] [LAT] Path 706: 86.0µs (0.1GB/s)
  [2026-06-12 17:02:08.275] [LAT] Path 706: 80.9µs (0.1GB/s)
  [2026-06-12 17:02:08.277] [LAT] Path 706: 77.1µs (0.1GB/s)
  [2026-06-12 17:02:08.278] [LAT] Path 706: 72.3µs (0.1GB/s)
  [2026-06-12 17:02:08.280] [LAT] Path 706: 72.3µs (0.1GB/s)
  [2026-06-12 17:02:08.281] [LAT] Path 706: 73.7µs (0.1GB/s)
  [2026-06-12 17:02:08.283] [LAT] Path 706: 72.3µs (0.1GB/s)
  [2026-06-12 17:02:08.284] [LAT] Path 706: 73.2µs (0.1GB/s)
  [2026-06-12 17:02:08.286] [LAT] Path 706: 77.3µs (0.1GB/s)
  [2026-06-12 17:02:09.815] [LAT] Path 40797: 174.2µs (0.0GB/s)
  [2026-06-12 17:02:09.823] [BW] Path 40797: 6616.2µs (20.3GB/s)
  [2026-06-12 17:02:09.825] [LAT] Path 40797: 79.5µs (0.1GB/s)
  [2026-06-12 17:02:09.826] [LAT] Path 40797: 75.6µs (0.1GB/s)
  [2026-06-12 17:02:09.828] [LAT] Path 40797: 76.0µs (0.1GB/s)
  [2026-06-12 17:02:09.829] [LAT] Path 40797: 86.1µs (0.1GB/s)
  [2026-06-12 17:02:09.831] [LAT] Path 40797: 74.9µs (0.1GB/s)
  [2026-06-12 17:02:09.832] [LAT] Path 40797: 76.0µs (0.1GB/s)
  [2026-06-12 17:02:09.834] [LAT] Path 40797: 74.0µs (0.1GB/s)
  [2026-06-12 17:02:09.836] [LAT] Path 40797: 74.2µs (0.1GB/s)
  [2026-06-12 17:02:10.352] [LAT] Path 40797: 168.9µs (0.0GB/s)
  [2026-06-12 17:02:10.353] [LAT] Path 40797: 76.2µs (0.1GB/s)
  [2026-06-12 17:02:10.355] [LAT] Path 40797: 79.4µs (0.1GB/s)
  [2026-06-12 17:02:10.357] [LAT] Path 40797: 75.6µs (0.1GB/s)
  [2026-06-12 17:02:10.358] [LAT] Path 40797: 76.4µs (0.1GB/s)
  [2026-06-12 17:02:10.360] [LAT] Path 40797: 75.5µs (0.1GB/s)
  [2026-06-12 17:02:10.361] [LAT] Path 40797: 73.3µs (0.1GB/s)
  [2026-06-12 17:02:10.363] [LAT] Path 40797: 81.0µs (0.1GB/s)
  [2026-06-12 17:02:10.365] [LAT] Path 40797: 75.8µs (0.1GB/s)
  [2026-06-12 17:02:10.366] [LAT] Path 40797: 75.1µs (0.1GB/s)
  [2026-06-12 17:02:11.398] [LAT] Path 40797: 165.6µs (0.0GB/s)
  [2026-06-12 17:02:11.680] [LAT] Path 40797: 90.7µs (0.1GB/s)
  [2026-06-12 17:02:11.682] [LAT] Path 40797: 73.5µs (0.1GB/s)
  [2026-06-12 17:02:11.683] [LAT] Path 40797: 69.9µs (0.1GB/s)
  [2026-06-12 17:02:11.685] [LAT] Path 40797: 68.6µs (0.1GB/s)
  [2026-06-12 17:02:11.686] [LAT] Path 40797: 67.6µs (0.1GB/s)
  [2026-06-12 17:02:11.688] [LAT] Path 40797: 69.0µs (0.1GB/s)
  [2026-06-12 17:02:11.689] [LAT] Path 40797: 67.9µs (0.1GB/s)
  [2026-06-12 17:02:11.691] [LAT] Path 40797: 66.0µs (0.1GB/s)
  [2026-06-12 17:02:11.692] [LAT] Path 40797: 67.4µs (0.1GB/s)
  [2026-06-12 17:02:12.795] [LAT] Path 51197: 167.1µs (0.0GB/s)
  [2026-06-12 17:02:12.796] [LAT] Path 51197: 75.5µs (0.1GB/s)
  [2026-06-12 17:02:12.804] [BW] Path 51197: 6500.7µs (20.6GB/s)
  [2026-06-12 17:02:12.806] [LAT] Path 51197: 158.0µs (0.0GB/s)
  [2026-06-12 17:02:12.808] [LAT] Path 51197: 149.3µs (0.0GB/s)
  [2026-06-12 17:02:12.809] [LAT] Path 51197: 125.6µs (0.0GB/s)
  [2026-06-12 17:02:12.811] [LAT] Path 51197: 149.1µs (0.0GB/s)
  [2026-06-12 17:02:12.813] [LAT] Path 51197: 73.6µs (0.1GB/s)
  [2026-06-12 17:02:12.814] [LAT] Path 51197: 74.9µs (0.1GB/s)
  [2026-06-12 17:02:12.816] [LAT] Path 51197: 70.8µs (0.1GB/s)
  [2026-06-12 17:05:21.014] [LAT] Path 1478: 171.8µs (0.0GB/s)
  [2026-06-12 17:05:21.016] [LAT] Path 1478: 76.5µs (0.1GB/s)
  [2026-06-12 17:05:21.017] [LAT] Path 1478: 73.3µs (0.1GB/s)
  [2026-06-12 17:05:21.019] [LAT] Path 1478: 72.2µs (0.1GB/s)
  [2026-06-12 17:05:21.020] [LAT] Path 1478: 72.8µs (0.1GB/s)
  [2026-06-12 17:05:21.021] [LAT] Path 1478: 76.0µs (0.1GB/s)
  [2026-06-12 17:05:21.023] [LAT] Path 1478: 74.0µs (0.1GB/s)
  [2026-06-12 17:05:21.024] [LAT] Path 1478: 72.8µs (0.1GB/s)
  [2026-06-12 17:05:21.026] [LAT] Path 1478: 73.6µs (0.1GB/s)
  [2026-06-12 17:05:21.027] [LAT] Path 1478: 97.3µs (0.0GB/s)
  [2026-06-12 17:05:21.532] [LAT] Path 8351: 89.7µs (0.1GB/s)
  [2026-06-12 17:05:21.534] [LAT] Path 8351: 85.8µs (0.1GB/s)
  [2026-06-12 17:05:21.535] [LAT] Path 8351: 87.5µs (0.1GB/s)
  [2026-06-12 17:05:21.537] [LAT] Path 8351: 69.0µs (0.1GB/s)
  [2026-06-12 17:05:21.545] [BW] Path 8351: 6868.2µs (19.5GB/s)
  [2026-06-12 17:05:21.547] [LAT] Path 8351: 85.8µs (0.1GB/s)
  [2026-06-12 17:05:21.548] [LAT] Path 8351: 84.6µs (0.1GB/s)
  [2026-06-12 17:05:21.550] [LAT] Path 8351: 88.0µs (0.1GB/s)
  [2026-06-12 17:05:21.551] [LAT] Path 8351: 84.8µs (0.1GB/s)
  [2026-06-12 17:05:21.553] [LAT] Path 8351: 75.3µs (0.1GB/s)
  [2026-06-12 17:05:22.563] [LAT] Path 8351: 123.7µs (0.0GB/s)
  [2026-06-12 17:05:22.565] [LAT] Path 8351: 76.0µs (0.1GB/s)
  [2026-06-12 17:05:22.569] [LAT] Path 8351: 3134.9µs (0.0GB/s)
  [2026-06-12 17:05:22.571] [LAT] Path 8351: 90.7µs (0.1GB/s)
  [2026-06-12 17:05:22.573] [LAT] Path 8351: 87.7µs (0.1GB/s)
  [2026-06-12 17:05:22.574] [LAT] Path 8351: 85.5µs (0.1GB/s)
  [2026-06-12 17:05:22.576] [LAT] Path 8351: 94.3µs (0.0GB/s)
  [2026-06-12 17:05:22.577] [LAT] Path 8351: 112.5µs (0.0GB/s)
  [2026-06-12 17:05:22.579] [LAT] Path 8351: 112.9µs (0.0GB/s)
  [2026-06-12 17:05:22.580] [LAT] Path 8351: 105.0µs (0.0GB/s)
  [2026-06-12 17:05:23.591] [LAT] Path 1478: 170.5µs (0.0GB/s)
  [2026-06-12 17:05:23.593] [LAT] Path 1478: 88.3µs (0.1GB/s)
  [2026-06-12 17:05:23.594] [LAT] Path 1478: 86.2µs (0.1GB/s)
  [2026-06-12 17:05:23.596] [LAT] Path 1478: 76.1µs (0.1GB/s)
  [2026-06-12 17:05:23.598] [LAT] Path 1478: 73.5µs (0.1GB/s)
  [2026-06-12 17:05:23.599] [LAT] Path 1478: 73.8µs (0.1GB/s)
  [2026-06-12 17:05:23.601] [LAT] Path 1478: 68.7µs (0.1GB/s)
  [2026-06-12 17:05:23.602] [LAT] Path 1478: 116.9µs (0.0GB/s)
  [2026-06-12 17:05:23.604] [LAT] Path 1478: 88.3µs (0.1GB/s)
  [2026-06-12 17:05:23.615] [BW] Path 1478: 9487.2µs (14.2GB/s)
  [2026-06-12 17:05:24.640] [BW] Path 1478: 15445.3µs (8.7GB/s)
  [2026-06-12 17:05:24.651] [BW] Path 1478: 9875.0µs (13.6GB/s)
  [2026-06-12 17:05:24.664] [BW] Path 1478: 11019.3µs (12.2GB/s)
  [2026-06-12 17:05:24.674] [BW] Path 1478: 8939.5µs (15.0GB/s)
  [2026-06-12 17:05:24.676] [LAT] Path 1478: 96.3µs (0.0GB/s)
  [2026-06-12 17:05:24.677] [LAT] Path 1478: 87.8µs (0.1GB/s)
  [2026-06-12 17:05:24.679] [LAT] Path 1478: 77.6µs (0.1GB/s)
  [2026-06-12 17:05:24.680] [LAT] Path 1478: 79.4µs (0.1GB/s)
  [2026-06-12 17:05:24.682] [LAT] Path 1478: 74.4µs (0.1GB/s)
  [2026-06-12 17:05:24.683] [LAT] Path 1478: 72.6µs (0.1GB/s)
  [2026-06-12 17:05:25.695] [LAT] Path 1478: 1121.5µs (0.0GB/s)
  [2026-06-12 17:05:25.696] [LAT] Path 1478: 91.7µs (0.0GB/s)
  [2026-06-12 17:05:25.698] [LAT] Path 1478: 92.0µs (0.0GB/s)
  [2026-06-12 17:05:25.700] [LAT] Path 1478: 773.1µs (0.0GB/s)
  [2026-06-12 17:05:25.702] [LAT] Path 1478: 79.2µs (0.1GB/s)
  [2026-06-12 17:05:25.703] [LAT] Path 1478: 76.7µs (0.1GB/s)
  [2026-06-12 17:05:25.705] [LAT] Path 1478: 75.0µs (0.1GB/s)
  [2026-06-12 17:05:25.706] [LAT] Path 1478: 81.8µs (0.1GB/s)
  [2026-06-12 17:05:25.708] [LAT] Path 1478: 75.2µs (0.1GB/s)
  [2026-06-12 17:05:25.710] [LAT] Path 1478: 74.5µs (0.1GB/s)
  [2026-06-12 17:05:26.720] [LAT] Path 8351: 116.8µs (0.0GB/s)
  [2026-06-12 17:05:26.722] [LAT] Path 8351: 75.7µs (0.1GB/s)
  [2026-06-12 17:05:26.732] [BW] Path 8351: 8939.2µs (15.0GB/s)
  [2026-06-12 17:05:26.734] [LAT] Path 8351: 89.7µs (0.1GB/s)
  [2026-06-12 17:05:26.744] [BW] Path 8351: 8562.9µs (15.7GB/s)
  [2026-06-12 17:05:26.756] [BW] Path 8351: 10508.3µs (12.8GB/s)
  [2026-06-12 17:05:26.764] [BW] Path 8351: 6696.2µs (20.0GB/s)
  [2026-06-12 17:05:26.775] [BW] Path 8351: 9605.3µs (14.0GB/s)
  [2026-06-12 17:05:26.788] [BW] Path 8351: 11217.4µs (12.0GB/s)
  [2026-06-12 17:05:26.798] [BW] Path 8351: 8526.5µs (15.7GB/s)
  [2026-06-12 17:05:27.808] [LAT] Path 1478: 75.0µs (0.1GB/s)
  [2026-06-12 17:05:27.810] [LAT] Path 1478: 73.8µs (0.1GB/s)
  [2026-06-12 17:05:27.812] [LAT] Path 1478: 92.8µs (0.0GB/s)
  [2026-06-12 17:05:27.813] [LAT] Path 1478: 71.1µs (0.1GB/s)
  [2026-06-12 17:05:27.815] [LAT] Path 1478: 65.0µs (0.1GB/s)
  [2026-06-12 17:05:27.816] [LAT] Path 1478: 84.7µs (0.1GB/s)
  [2026-06-12 17:05:27.818] [LAT] Path 1478: 85.8µs (0.1GB/s)
  [2026-06-12 17:05:27.819] [LAT] Path 1478: 81.1µs (0.1GB/s)
  [2026-06-12 17:05:27.821] [LAT] Path 1478: 82.8µs (0.1GB/s)
  [2026-06-12 17:05:27.822] [LAT] Path 1478: 68.5µs (0.1GB/s)
  [2026-06-12 17:05:28.839] [BW] Path 8351: 6722.7µs (20.0GB/s)
  [2026-06-12 17:05:28.861] [BW] Path 8351: 20620.0µs (6.5GB/s)
  [2026-06-12 17:05:28.873] [BW] Path 8351: 10205.2µs (13.2GB/s)
  [2026-06-12 17:05:28.875] [LAT] Path 8351: 95.1µs (0.0GB/s)
  [2026-06-12 17:05:28.876] [LAT] Path 8351: 90.7µs (0.1GB/s)
  [2026-06-12 17:05:28.878] [LAT] Path 8351: 91.0µs (0.1GB/s)
  [2026-06-12 17:05:28.879] [LAT] Path 8351: 69.9µs (0.1GB/s)
  [2026-06-12 17:05:28.884] [LAT] Path 8351: 3374.3µs (0.0GB/s)
  [2026-06-12 17:05:28.886] [LAT] Path 8351: 74.0µs (0.1GB/s)
  [2026-06-12 17:05:28.887] [LAT] Path 8351: 72.2µs (0.1GB/s)
  [2026-06-12 17:05:29.899] [LAT] Path 1478: 1134.1µs (0.0GB/s)
  [2026-06-12 17:05:29.901] [LAT] Path 1478: 88.8µs (0.1GB/s)
  [2026-06-12 17:05:29.903] [LAT] Path 1478: 87.2µs (0.1GB/s)
  [2026-06-12 17:05:29.904] [LAT] Path 1478: 73.5µs (0.1GB/s)
  [2026-06-12 17:05:29.906] [LAT] Path 1478: 76.8µs (0.1GB/s)
  [2026-06-12 17:05:29.907] [LAT] Path 1478: 77.5µs (0.1GB/s)
  [2026-06-12 17:05:29.909] [LAT] Path 1478: 76.4µs (0.1GB/s)
  [2026-06-12 17:05:29.921] [BW] Path 1478: 10278.2µs (13.1GB/s)
  [2026-06-12 17:05:29.929] [BW] Path 1478: 6876.7µs (19.5GB/s)
  [2026-06-12 17:05:29.944] [BW] Path 1478: 13214.1µs (10.2GB/s)
  [2026-06-12 17:05:30.965] [BW] Path 1478: 11470.6µs (11.7GB/s)
  [2026-06-12 17:05:30.974] [BW] Path 1478: 6999.0µs (19.2GB/s)
  [2026-06-12 17:05:30.985] [BW] Path 1478: 9978.6µs (13.4GB/s)
  [2026-06-12 17:05:30.987] [LAT] Path 1478: 81.0µs (0.1GB/s)
  [2026-06-12 17:05:30.989] [LAT] Path 1478: 76.7µs (0.1GB/s)
  [2026-06-12 17:05:30.990] [LAT] Path 1478: 70.3µs (0.1GB/s)
  [2026-06-12 17:05:30.992] [LAT] Path 1478: 99.2µs (0.0GB/s)
  [2026-06-12 17:05:30.993] [LAT] Path 1478: 105.7µs (0.0GB/s)
  [2026-06-12 17:05:31.004] [LAT] Path 1478: 116.1µs (0.0GB/s)
  [2026-06-12 17:05:31.007] [LAT] Path 1478: 2259.9µs (0.0GB/s)
  [2026-06-12 17:05:32.018] [LAT] Path 1478: 129.9µs (0.0GB/s)
  [2026-06-12 17:05:32.020] [LAT] Path 1478: 89.4µs (0.1GB/s)
  [2026-06-12 17:05:32.021] [LAT] Path 1478: 122.5µs (0.0GB/s)
  [2026-06-12 17:05:32.023] [LAT] Path 1478: 92.5µs (0.0GB/s)
  [2026-06-12 17:05:32.025] [LAT] Path 1478: 106.3µs (0.0GB/s)
  [2026-06-12 17:05:32.026] [LAT] Path 1478: 92.7µs (0.0GB/s)
  [2026-06-12 17:05:32.030] [LAT] Path 1478: 2000.7µs (0.0GB/s)
  [2026-06-12 17:05:32.031] [LAT] Path 1478: 75.5µs (0.1GB/s)
  [2026-06-12 17:05:32.033] [LAT] Path 1478: 76.0µs (0.1GB/s)
  [2026-06-12 17:05:32.035] [LAT] Path 1478: 665.8µs (0.0GB/s)
  [2026-06-12 17:05:33.046] [LAT] Path 1478: 124.0µs (0.0GB/s)
  [2026-06-12 17:05:33.047] [LAT] Path 1478: 75.9µs (0.1GB/s)
  [2026-06-12 17:05:33.049] [LAT] Path 1478: 88.2µs (0.1GB/s)
  [2026-06-12 17:05:33.051] [LAT] Path 1478: 86.8µs (0.1GB/s)
  [2026-06-12 17:05:33.052] [LAT] Path 1478: 87.2µs (0.1GB/s)
  [2026-06-12 17:05:33.054] [LAT] Path 1478: 84.7µs (0.1GB/s)
  [2026-06-12 17:05:33.055] [LAT] Path 1478: 77.7µs (0.1GB/s)
  [2026-06-12 17:05:33.057] [LAT] Path 1478: 74.6µs (0.1GB/s)
  [2026-06-12 17:05:33.067] [BW] Path 1478: 8590.9µs (15.6GB/s)
  [2026-06-12 17:05:33.076] [BW] Path 1478: 7765.8µs (17.3GB/s)
  [2026-06-12 17:05:34.095] [BW] Path 1478: 7987.2µs (16.8GB/s)
  [2026-06-12 17:05:34.109] [BW] Path 1478: 13094.1µs (10.2GB/s)
  [2026-06-12 17:05:34.118] [BW] Path 1478: 6846.1µs (19.6GB/s)
  [2026-06-12 17:05:34.129] [BW] Path 1478: 10158.5µs (13.2GB/s)
  [2026-06-12 17:05:34.131] [LAT] Path 1478: 78.6µs (0.1GB/s)
  [2026-06-12 17:05:34.132] [LAT] Path 1478: 75.6µs (0.1GB/s)
  [2026-06-12 17:05:34.134] [LAT] Path 1478: 74.8µs (0.1GB/s)
  [2026-06-12 17:05:34.136] [LAT] Path 1478: 87.5µs (0.1GB/s)
  [2026-06-12 17:05:34.139] [LAT] Path 1478: 2171.1µs (0.0GB/s)
  [2026-06-12 17:05:34.141] [LAT] Path 1478: 107.9µs (0.0GB/s)
  [2026-06-12 17:05:35.151] [LAT] Path 8351: 101.3µs (0.0GB/s)
  [2026-06-12 17:05:35.153] [LAT] Path 8351: 79.1µs (0.1GB/s)
  [2026-06-12 17:05:35.155] [LAT] Path 8351: 74.2µs (0.1GB/s)
  [2026-06-12 17:05:35.156] [LAT] Path 8351: 74.5µs (0.1GB/s)
  [2026-06-12 17:05:35.158] [LAT] Path 8351: 75.2µs (0.1GB/s)
  [2026-06-12 17:05:35.159] [LAT] Path 8351: 75.3µs (0.1GB/s)
  [2026-06-12 17:05:35.161] [LAT] Path 8351: 88.3µs (0.1GB/s)
  [2026-06-12 17:05:35.163] [LAT] Path 8351: 119.0µs (0.0GB/s)
  [2026-06-12 17:05:35.164] [LAT] Path 8351: 96.9µs (0.0GB/s)
  [2026-06-12 17:05:35.183] [BW] Path 8351: 17186.0µs (7.8GB/s)
  [2026-06-12 17:05:36.201] [BW] Path 8351: 7725.4µs (17.4GB/s)
  [2026-06-12 17:05:36.211] [BW] Path 8351: 8610.6µs (15.6GB/s)
  [2026-06-12 17:05:36.225] [BW] Path 8351: 12316.6µs (10.9GB/s)
  [2026-06-12 17:05:36.234] [BW] Path 8351: 7582.6µs (17.7GB/s)
  [2026-06-12 17:05:36.246] [BW] Path 8351: 10427.3µs (12.9GB/s)
  [2026-06-12 17:05:36.254] [BW] Path 8351: 6783.1µs (19.8GB/s)
  [2026-06-12 17:05:36.271] [BW] Path 8351: 14887.3µs (9.0GB/s)
  [2026-06-12 17:05:36.281] [BW] Path 8351: 8443.9µs (15.9GB/s)
  [2026-06-12 17:05:36.299] [BW] Path 8351: 16862.3µs (8.0GB/s)
  [2026-06-12 17:05:36.307] [BW] Path 8351: 6863.0µs (19.6GB/s)
  [2026-06-12 17:05:37.318] [LAT] Path 1478: 82.0µs (0.1GB/s)
  [2026-06-12 17:05:37.323] [LAT] Path 1478: 3629.2µs (0.0GB/s)
  [2026-06-12 17:05:37.325] [LAT] Path 1478: 74.9µs (0.1GB/s)
  [2026-06-12 17:05:37.326] [LAT] Path 1478: 74.4µs (0.1GB/s)
  [2026-06-12 17:05:37.328] [LAT] Path 1478: 87.8µs (0.1GB/s)
  [2026-06-12 17:05:37.330] [LAT] Path 1478: 124.5µs (0.0GB/s)
  [2026-06-12 17:05:37.331] [LAT] Path 1478: 131.7µs (0.0GB/s)
  [2026-06-12 17:05:37.333] [LAT] Path 1478: 91.4µs (0.0GB/s)
  [2026-06-12 17:05:37.334] [LAT] Path 1478: 94.5µs (0.0GB/s)
  [2026-06-12 17:05:37.336] [LAT] Path 1478: 90.0µs (0.1GB/s)
  [2026-06-12 17:05:38.346] [LAT] Path 1478: 83.7µs (0.1GB/s)
  [2026-06-12 17:05:38.347] [LAT] Path 1478: 75.9µs (0.1GB/s)
  [2026-06-12 17:05:38.349] [LAT] Path 1478: 76.0µs (0.1GB/s)
  [2026-06-12 17:05:38.351] [LAT] Path 1478: 68.1µs (0.1GB/s)
  [2026-06-12 17:05:38.352] [LAT] Path 1478: 92.3µs (0.0GB/s)
  [2026-06-12 17:05:38.354] [LAT] Path 1478: 87.3µs (0.1GB/s)
  [2026-06-12 17:05:38.355] [LAT] Path 1478: 86.9µs (0.1GB/s)
  [2026-06-12 17:05:38.357] [LAT] Path 1478: 85.8µs (0.1GB/s)
  [2026-06-12 17:05:38.358] [LAT] Path 1478: 78.7µs (0.1GB/s)
  [2026-06-12 17:05:38.360] [LAT] Path 1478: 74.7µs (0.1GB/s)
  [2026-06-12 17:05:39.370] [LAT] Path 1478: 129.5µs (0.0GB/s)
  [2026-06-12 17:05:39.372] [LAT] Path 1478: 101.9µs (0.0GB/s)
  [2026-06-12 17:05:39.373] [LAT] Path 1478: 80.4µs (0.1GB/s)
  [2026-06-12 17:05:39.375] [LAT] Path 1478: 78.1µs (0.1GB/s)
  [2026-06-12 17:05:39.377] [LAT] Path 1478: 75.9µs (0.1GB/s)
  [2026-06-12 17:05:39.388] [BW] Path 1478: 9696.2µs (13.8GB/s)
  [2026-06-12 17:05:39.397] [BW] Path 1478: 7236.2µs (18.6GB/s)
  [2026-06-12 17:05:39.412] [BW] Path 1478: 14340.7µs (9.4GB/s)
  [2026-06-12 17:05:39.423] [BW] Path 1478: 9282.9µs (14.5GB/s)
  [2026-06-12 17:05:39.441] [BW] Path 1478: 16581.0µs (8.1GB/s)
  [2026-06-12 17:05:40.468] [BW] Path 8351: 16052.5µs (8.4GB/s)
  [2026-06-12 17:05:40.476] [BW] Path 8351: 6984.8µs (19.2GB/s)
  [2026-06-12 17:05:40.495] [BW] Path 8351: 17629.7µs (7.6GB/s)
  [2026-06-12 17:05:40.507] [BW] Path 8351: 9694.4µs (13.8GB/s)
  [2026-06-12 17:05:40.508] [LAT] Path 8351: 104.2µs (0.0GB/s)
  [2026-06-12 17:05:40.510] [LAT] Path 8351: 88.5µs (0.1GB/s)
  [2026-06-12 17:05:40.511] [LAT] Path 8351: 94.4µs (0.0GB/s)
  [2026-06-12 17:05:40.513] [LAT] Path 8351: 95.4µs (0.0GB/s)
  [2026-06-12 17:05:40.516] [LAT] Path 8351: 1388.9µs (0.0GB/s)
  [2026-06-12 17:05:40.517] [LAT] Path 8351: 75.3µs (0.1GB/s)
  [2026-06-12 17:05:41.528] [LAT] Path 8351: 81.3µs (0.1GB/s)
  [2026-06-12 17:05:41.530] [LAT] Path 8351: 100.1µs (0.0GB/s)
  [2026-06-12 17:05:41.535] [LAT] Path 8351: 3444.1µs (0.0GB/s)
  [2026-06-12 17:05:41.539] [LAT] Path 8351: 2864.2µs (0.0GB/s)
  [2026-06-12 17:05:41.540] [LAT] Path 8351: 76.2µs (0.1GB/s)
  [2026-06-12 17:05:41.542] [LAT] Path 8351: 74.9µs (0.1GB/s)
  [2026-06-12 17:05:41.544] [LAT] Path 8351: 78.1µs (0.1GB/s)
  [2026-06-12 17:05:41.545] [LAT] Path 8351: 88.6µs (0.1GB/s)
  [2026-06-12 17:05:41.547] [LAT] Path 8351: 85.9µs (0.1GB/s)
  [2026-06-12 17:05:41.548] [LAT] Path 8351: 87.2µs (0.1GB/s)
  [2026-06-12 17:05:42.566] [BW] Path 1478: 6590.9µs (20.4GB/s)
  [2026-06-12 17:05:42.580] [BW] Path 1478: 12915.1µs (10.4GB/s)
  [2026-06-12 17:05:42.588] [BW] Path 1478: 6912.1µs (19.4GB/s)
  [2026-06-12 17:05:42.601] [BW] Path 1478: 10895.5µs (12.3GB/s)
  [2026-06-12 17:05:42.609] [BW] Path 1478: 6814.4µs (19.7GB/s)
  [2026-06-12 17:05:42.628] [BW] Path 1478: 17181.2µs (7.8GB/s)
  [2026-06-12 17:05:42.637] [BW] Path 1478: 7505.5µs (17.9GB/s)
  [2026-06-12 17:05:42.654] [BW] Path 1478: 15913.5µs (8.4GB/s)
  [2026-06-12 17:05:42.656] [LAT] Path 1478: 78.6µs (0.1GB/s)
  [2026-06-12 17:05:42.657] [LAT] Path 1478: 76.0µs (0.1GB/s)
  [2026-06-12 17:05:43.668] [LAT] Path 8351: 82.0µs (0.1GB/s)
  [2026-06-12 17:05:43.669] [LAT] Path 8351: 75.9µs (0.1GB/s)
  [2026-06-12 17:05:43.671] [LAT] Path 8351: 74.4µs (0.1GB/s)
  [2026-06-12 17:05:43.672] [LAT] Path 8351: 72.8µs (0.1GB/s)
  [2026-06-12 17:05:43.674] [LAT] Path 8351: 74.2µs (0.1GB/s)
  [2026-06-12 17:05:43.675] [LAT] Path 8351: 92.0µs (0.0GB/s)
  [2026-06-12 17:05:43.677] [LAT] Path 8351: 86.7µs (0.1GB/s)
  [2026-06-12 17:05:43.679] [LAT] Path 8351: 105.0µs (0.0GB/s)
  [2026-06-12 17:05:43.680] [LAT] Path 8351: 96.2µs (0.0GB/s)
  [2026-06-12 17:05:43.682] [LAT] Path 8351: 103.2µs (0.0GB/s)
  [2026-06-12 17:05:44.692] [LAT] Path 8351: 107.2µs (0.0GB/s)
  [2026-06-12 17:05:44.694] [LAT] Path 8351: 87.0µs (0.1GB/s)
  [2026-06-12 17:05:44.695] [LAT] Path 8351: 86.3µs (0.1GB/s)
  [2026-06-12 17:05:44.697] [LAT] Path 8351: 84.9µs (0.1GB/s)
  [2026-06-12 17:05:44.698] [LAT] Path 8351: 78.3µs (0.1GB/s)
  [2026-06-12 17:05:44.700] [LAT] Path 8351: 76.7µs (0.1GB/s)
  [2026-06-12 17:05:44.701] [LAT] Path 8351: 72.8µs (0.1GB/s)
  [2026-06-12 17:05:44.703] [LAT] Path 8351: 73.2µs (0.1GB/s)
  [2026-06-12 17:05:44.704] [LAT] Path 8351: 72.7µs (0.1GB/s)
  [2026-06-12 17:05:44.706] [LAT] Path 8351: 87.6µs (0.1GB/s)
  [2026-06-12 17:05:45.717] [LAT] Path 8351: 163.1µs (0.0GB/s)
  [2026-06-12 17:05:45.728] [BW] Path 8351: 9666.7µs (13.9GB/s)
  [2026-06-12 17:05:45.739] [BW] Path 8351: 9687.5µs (13.8GB/s)
  [2026-06-12 17:05:45.748] [BW] Path 8351: 7402.8µs (18.1GB/s)
  [2026-06-12 17:05:45.760] [BW] Path 8351: 10411.1µs (12.9GB/s)
  [2026-06-12 17:05:45.769] [BW] Path 8351: 7970.3µs (16.8GB/s)
  [2026-06-12 17:05:45.789] [BW] Path 8351: 18487.0µs (7.3GB/s)
  [2026-06-12 17:05:45.799] [BW] Path 8351: 8111.6µs (16.6GB/s)
  [2026-06-12 17:05:45.800] [LAT] Path 8351: 71.9µs (0.1GB/s)
  [2026-06-12 17:05:45.813] [BW] Path 8351: 11063.1µs (12.1GB/s)
  [2026-06-12 17:05:46.843] [BW] Path 8351: 19492.1µs (6.9GB/s)
  [2026-06-12 17:05:46.869] [BW] Path 8351: 24448.0µs (5.5GB/s)
  [2026-06-12 17:05:46.886] [BW] Path 8351: 15389.5µs (8.7GB/s)
  [2026-06-12 17:05:46.901] [BW] Path 8351: 13322.0µs (10.1GB/s)
  [2026-06-12 17:05:46.902] [LAT] Path 8351: 81.0µs (0.1GB/s)
  [2026-06-12 17:05:46.904] [LAT] Path 8351: 75.3µs (0.1GB/s)
  [2026-06-12 17:05:46.905] [LAT] Path 8351: 76.0µs (0.1GB/s)
  [2026-06-12 17:05:46.907] [LAT] Path 8351: 92.9µs (0.0GB/s)
  [2026-06-12 17:05:46.909] [LAT] Path 8351: 95.4µs (0.0GB/s)
  [2026-06-12 17:05:46.913] [LAT] Path 8351: 3361.6µs (0.0GB/s)
  [2026-06-12 17:05:47.924] [LAT] Path 1478: 79.3µs (0.1GB/s)
  [2026-06-12 17:05:47.926] [LAT] Path 1478: 77.1µs (0.1GB/s)
  [2026-06-12 17:05:47.928] [LAT] Path 1478: 74.2µs (0.1GB/s)
  [2026-06-12 17:05:47.939] [BW] Path 1478: 10133.4µs (13.2GB/s)
  [2026-06-12 17:05:47.941] [LAT] Path 1478: 78.4µs (0.1GB/s)
  [2026-06-12 17:05:47.942] [LAT] Path 1478: 76.1µs (0.1GB/s)
  [2026-06-12 17:05:47.944] [LAT] Path 1478: 77.6µs (0.1GB/s)
  [2026-06-12 17:05:47.945] [LAT] Path 1478: 73.2µs (0.1GB/s)
  [2026-06-12 17:05:47.947] [LAT] Path 1478: 72.8µs (0.1GB/s)
  [2026-06-12 17:05:47.948] [LAT] Path 1478: 73.9µs (0.1GB/s)
  [2026-06-12 17:05:48.959] [LAT] Path 8351: 123.4µs (0.0GB/s)
  [2026-06-12 17:05:48.961] [LAT] Path 8351: 76.3µs (0.1GB/s)
  [2026-06-12 17:05:48.962] [LAT] Path 8351: 90.1µs (0.1GB/s)
  [2026-06-12 17:05:48.964] [LAT] Path 8351: 159.5µs (0.0GB/s)
  [2026-06-12 17:05:48.973] [BW] Path 8351: 8087.5µs (16.6GB/s)
  [2026-06-12 17:05:48.985] [BW] Path 8351: 9933.0µs (13.5GB/s)
  [2026-06-12 17:05:48.995] [BW] Path 8351: 8444.8µs (15.9GB/s)
  [2026-06-12 17:05:49.012] [BW] Path 8351: 16073.4µs (8.3GB/s)
  [2026-06-12 17:05:49.014] [LAT] Path 8351: 97.8µs (0.0GB/s)
  [2026-06-12 17:05:49.023] [BW] Path 8351: 7402.1µs (18.1GB/s)
  [2026-06-12 17:05:50.033] [LAT] Path 1478: 95.1µs (0.0GB/s)
  [2026-06-12 17:05:50.035] [LAT] Path 1478: 80.2µs (0.1GB/s)
  [2026-06-12 17:05:50.036] [LAT] Path 1478: 74.9µs (0.1GB/s)
  [2026-06-12 17:05:50.038] [LAT] Path 1478: 78.5µs (0.1GB/s)
  [2026-06-12 17:05:50.040] [LAT] Path 1478: 78.5µs (0.1GB/s)
  [2026-06-12 17:05:50.041] [LAT] Path 1478: 79.2µs (0.1GB/s)
  [2026-06-12 17:05:50.043] [LAT] Path 1478: 82.1µs (0.1GB/s)
  [2026-06-12 17:05:50.044] [LAT] Path 1478: 72.7µs (0.1GB/s)
  [2026-06-12 17:05:50.046] [LAT] Path 1478: 97.5µs (0.0GB/s)
  [2026-06-12 17:05:50.047] [LAT] Path 1478: 92.2µs (0.0GB/s)
  [2026-06-12 17:05:51.058] [LAT] Path 1478: 90.7µs (0.1GB/s)
  [2026-06-12 17:05:51.059] [LAT] Path 1478: 150.8µs (0.0GB/s)
  [2026-06-12 17:05:51.061] [LAT] Path 1478: 126.8µs (0.0GB/s)
  [2026-06-12 17:05:51.063] [LAT] Path 1478: 73.8µs (0.1GB/s)
  [2026-06-12 17:05:51.064] [LAT] Path 1478: 75.6µs (0.1GB/s)
  [2026-06-12 17:05:51.066] [LAT] Path 1478: 74.8µs (0.1GB/s)
  [2026-06-12 17:05:51.067] [LAT] Path 1478: 74.0µs (0.1GB/s)
  [2026-06-12 17:05:51.069] [LAT] Path 1478: 87.7µs (0.1GB/s)
  [2026-06-12 17:05:51.070] [LAT] Path 1478: 87.9µs (0.1GB/s)
  [2026-06-12 17:05:51.072] [LAT] Path 1478: 87.4µs (0.1GB/s)
  [2026-06-12 17:05:52.083] [LAT] Path 1478: 257.9µs (0.0GB/s)
  [2026-06-12 17:05:52.089] [LAT] Path 1478: 4581.0µs (0.0GB/s)
  [2026-06-12 17:05:52.091] [LAT] Path 1478: 676.5µs (0.0GB/s)
  [2026-06-12 17:05:52.092] [LAT] Path 1478: 85.6µs (0.1GB/s)
  [2026-06-12 17:05:52.094] [LAT] Path 1478: 87.5µs (0.1GB/s)
  [2026-06-12 17:05:52.096] [LAT] Path 1478: 787.5µs (0.0GB/s)
  [2026-06-12 17:05:52.098] [LAT] Path 1478: 75.9µs (0.1GB/s)
  [2026-06-12 17:05:52.099] [LAT] Path 1478: 74.8µs (0.1GB/s)
  [2026-06-12 17:05:52.101] [LAT] Path 1478: 74.7µs (0.1GB/s)
  [2026-06-12 17:05:52.102] [LAT] Path 1478: 75.7µs (0.1GB/s)
  [2026-06-12 17:05:53.112] [LAT] Path 1478: 101.0µs (0.0GB/s)
  [2026-06-12 17:05:53.114] [LAT] Path 1478: 87.7µs (0.1GB/s)
  [2026-06-12 17:05:53.115] [LAT] Path 1478: 116.8µs (0.0GB/s)
  [2026-06-12 17:05:53.117] [LAT] Path 1478: 85.0µs (0.1GB/s)
  [2026-06-12 17:05:53.119] [LAT] Path 1478: 81.9µs (0.1GB/s)
  [2026-06-12 17:05:53.120] [LAT] Path 1478: 85.5µs (0.1GB/s)
  [2026-06-12 17:05:53.122] [LAT] Path 1478: 93.5µs (0.0GB/s)
  [2026-06-12 17:05:53.123] [LAT] Path 1478: 75.1µs (0.1GB/s)
  [2026-06-12 17:05:53.125] [LAT] Path 1478: 73.5µs (0.1GB/s)
  [2026-06-12 17:05:53.126] [LAT] Path 1478: 74.0µs (0.1GB/s)
  [2026-06-12 17:05:54.146] [BW] Path 8351: 9870.8µs (13.6GB/s)
  [2026-06-12 17:05:54.155] [BW] Path 8351: 7409.1µs (18.1GB/s)
  [2026-06-12 17:05:54.166] [BW] Path 8351: 8844.3µs (15.2GB/s)
  [2026-06-12 17:05:54.184] [BW] Path 8351: 16553.2µs (8.1GB/s)
  [2026-06-12 17:05:54.185] [LAT] Path 8351: 96.8µs (0.0GB/s)
  [2026-06-12 17:05:54.187] [LAT] Path 8351: 92.8µs (0.0GB/s)
  [2026-06-12 17:05:54.188] [LAT] Path 8351: 77.5µs (0.1GB/s)
  [2026-06-12 17:05:54.190] [LAT] Path 8351: 73.8µs (0.1GB/s)
  [2026-06-12 17:05:54.191] [LAT] Path 8351: 74.5µs (0.1GB/s)
  [2026-06-12 17:05:54.193] [LAT] Path 8351: 73.6µs (0.1GB/s)
  [2026-06-12 17:05:55.203] [LAT] Path 8351: 137.7µs (0.0GB/s)
  [2026-06-12 17:05:55.205] [LAT] Path 8351: 92.0µs (0.0GB/s)
  [2026-06-12 17:05:55.207] [LAT] Path 8351: 105.0µs (0.0GB/s)
  [2026-06-12 17:05:55.208] [LAT] Path 8351: 89.3µs (0.1GB/s)
  [2026-06-12 17:05:55.219] [BW] Path 8351: 9737.6µs (13.8GB/s)
  [2026-06-12 17:05:55.238] [BW] Path 8351: 17738.5µs (7.6GB/s)
  [2026-06-12 17:05:55.247] [BW] Path 8351: 6969.7µs (19.3GB/s)
  [2026-06-12 17:05:55.258] [BW] Path 8351: 9994.9µs (13.4GB/s)
  [2026-06-12 17:05:55.268] [BW] Path 8351: 7805.8µs (17.2GB/s)
  [2026-06-12 17:05:55.280] [BW] Path 8351: 10532.0µs (12.7GB/s)
  [2026-06-12 17:05:56.310] [BW] Path 8351: 20530.3µs (6.5GB/s)
  [2026-06-12 17:05:56.312] [LAT] Path 8351: 89.9µs (0.1GB/s)
  [2026-06-12 17:05:56.316] [LAT] Path 8351: 2113.7µs (0.0GB/s)
  [2026-06-12 17:05:56.321] [LAT] Path 8351: 3608.7µs (0.0GB/s)
  [2026-06-12 17:05:56.322] [LAT] Path 8351: 82.4µs (0.1GB/s)
  [2026-06-12 17:05:56.324] [LAT] Path 8351: 75.6µs (0.1GB/s)
  [2026-06-12 17:05:56.325] [LAT] Path 8351: 92.9µs (0.0GB/s)
  [2026-06-12 17:05:56.327] [LAT] Path 8351: 97.2µs (0.0GB/s)
  [2026-06-12 17:05:56.329] [LAT] Path 8351: 88.0µs (0.1GB/s)
  [2026-06-12 17:05:56.330] [LAT] Path 8351: 89.4µs (0.1GB/s)
  [2026-06-12 17:05:57.351] [BW] Path 8351: 10005.3µs (13.4GB/s)
  [2026-06-12 17:05:57.359] [BW] Path 8351: 7350.7µs (18.3GB/s)
  [2026-06-12 17:05:57.370] [BW] Path 8351: 8905.4µs (15.1GB/s)
  [2026-06-12 17:05:57.374] [LAT] Path 8351: 2291.4µs (0.0GB/s)
  [2026-06-12 17:05:57.375] [LAT] Path 8351: 100.0µs (0.0GB/s)
  [2026-06-12 17:05:57.377] [LAT] Path 8351: 106.0µs (0.0GB/s)
  [2026-06-12 17:05:57.378] [LAT] Path 8351: 85.7µs (0.1GB/s)
  [2026-06-12 17:05:57.380] [LAT] Path 8351: 85.8µs (0.1GB/s)
  [2026-06-12 17:05:57.389] [BW] Path 8351: 7354.1µs (18.2GB/s)
  [2026-06-12 17:05:57.400] [BW] Path 8351: 9695.4µs (13.8GB/s)
  [2026-06-12 17:05:58.410] [LAT] Path 1478: 142.3µs (0.0GB/s)
  [2026-06-12 17:05:58.412] [LAT] Path 1478: 89.8µs (0.1GB/s)
  [2026-06-12 17:05:58.413] [LAT] Path 1478: 84.6µs (0.1GB/s)
  [2026-06-12 17:05:58.415] [LAT] Path 1478: 84.7µs (0.1GB/s)
  [2026-06-12 17:05:58.417] [LAT] Path 1478: 75.7µs (0.1GB/s)
  [2026-06-12 17:05:58.421] [LAT] Path 1478: 2678.7µs (0.0GB/s)
  [2026-06-12 17:05:58.422] [LAT] Path 1478: 75.8µs (0.1GB/s)
  [2026-06-12 17:05:58.424] [LAT] Path 1478: 75.0µs (0.1GB/s)
  [2026-06-12 17:05:58.425] [LAT] Path 1478: 94.0µs (0.0GB/s)
  [2026-06-12 17:05:58.427] [LAT] Path 1478: 92.7µs (0.0GB/s)
  [2026-06-12 17:05:59.440] [LAT] Path 1478: 3039.1µs (0.0GB/s)
  [2026-06-12 17:05:59.442] [LAT] Path 1478: 82.2µs (0.1GB/s)
  [2026-06-12 17:05:59.443] [LAT] Path 1478: 74.4µs (0.1GB/s)
  [2026-06-12 17:05:59.445] [LAT] Path 1478: 73.2µs (0.1GB/s)
  [2026-06-12 17:05:59.446] [LAT] Path 1478: 73.9µs (0.1GB/s)
  [2026-06-12 17:05:59.448] [LAT] Path 1478: 73.5µs (0.1GB/s)
  [2026-06-12 17:05:59.449] [LAT] Path 1478: 74.3µs (0.1GB/s)
  [2026-06-12 17:05:59.451] [LAT] Path 1478: 95.3µs (0.0GB/s)
  [2026-06-12 17:05:59.453] [LAT] Path 1478: 94.4µs (0.0GB/s)
  [2026-06-12 17:05:59.463] [LAT] Path 1478: 9306.4µs (0.0GB/s)
  [2026-06-12 17:06:00.474] [LAT] Path 1478: 93.4µs (0.0GB/s)
  [2026-06-12 17:06:00.475] [LAT] Path 1478: 76.2µs (0.1GB/s)
  [2026-06-12 17:06:00.477] [LAT] Path 1478: 73.5µs (0.1GB/s)
  [2026-06-12 17:06:00.479] [LAT] Path 1478: 73.6µs (0.1GB/s)
  [2026-06-12 17:06:00.480] [LAT] Path 1478: 75.5µs (0.1GB/s)
  [2026-06-12 17:06:00.482] [LAT] Path 1478: 104.1µs (0.0GB/s)
  [2026-06-12 17:06:00.483] [LAT] Path 1478: 93.8µs (0.0GB/s)
  [2026-06-12 17:06:00.485] [LAT] Path 1478: 95.9µs (0.0GB/s)
  [2026-06-12 17:06:00.486] [LAT] Path 1478: 90.4µs (0.1GB/s)
  [2026-06-12 17:06:00.488] [LAT] Path 1478: 78.4µs (0.1GB/s)
  [2026-06-12 17:06:01.513] [BW] Path 1478: 15029.5µs (8.9GB/s)
  [2026-06-12 17:06:01.526] [BW] Path 1478: 11701.8µs (11.5GB/s)
  [2026-06-12 17:06:01.540] [BW] Path 1478: 11800.6µs (11.4GB/s)
  [2026-06-12 17:06:01.548] [BW] Path 1478: 7141.1µs (18.8GB/s)
  [2026-06-12 17:06:01.561] [BW] Path 1478: 10787.7µs (12.4GB/s)
  [2026-06-12 17:06:01.562] [LAT] Path 1478: 81.5µs (0.1GB/s)
  [2026-06-12 17:06:01.564] [LAT] Path 1478: 74.4µs (0.1GB/s)
  [2026-06-12 17:06:01.576] [BW] Path 1478: 11305.0µs (11.9GB/s)
  [2026-06-12 17:06:01.591] [BW] Path 1478: 12880.7µs (10.4GB/s)
  [2026-06-12 17:06:01.592] [LAT] Path 1478: 77.7µs (0.1GB/s)
  [2026-06-12 17:06:02.622] [BW] Path 1478: 18511.5µs (7.2GB/s)
  [2026-06-12 17:06:02.630] [BW] Path 1478: 6932.4µs (19.4GB/s)
  [2026-06-12 17:06:02.632] [LAT] Path 1478: 77.5µs (0.1GB/s)
  [2026-06-12 17:06:02.633] [LAT] Path 1478: 69.6µs (0.1GB/s)
  [2026-06-12 17:06:02.635] [LAT] Path 1478: 94.8µs (0.0GB/s)
  [2026-06-12 17:06:02.636] [LAT] Path 1478: 94.5µs (0.0GB/s)
  [2026-06-12 17:06:02.638] [LAT] Path 1478: 91.6µs (0.0GB/s)
  [2026-06-12 17:06:02.640] [LAT] Path 1478: 93.8µs (0.0GB/s)
  [2026-06-12 17:06:02.641] [LAT] Path 1478: 71.8µs (0.1GB/s)
  [2026-06-12 17:06:02.643] [LAT] Path 1478: 72.9µs (0.1GB/s)
  [2026-06-12 17:06:03.653] [LAT] Path 1478: 78.9µs (0.1GB/s)
  [2026-06-12 17:06:03.655] [LAT] Path 1478: 76.6µs (0.1GB/s)
  [2026-06-12 17:06:03.656] [LAT] Path 1478: 88.7µs (0.1GB/s)
  [2026-06-12 17:06:03.658] [LAT] Path 1478: 86.9µs (0.1GB/s)
  [2026-06-12 17:06:03.659] [LAT] Path 1478: 86.3µs (0.1GB/s)
  [2026-06-12 17:06:03.661] [LAT] Path 1478: 84.6µs (0.1GB/s)
  [2026-06-12 17:06:03.663] [LAT] Path 1478: 74.0µs (0.1GB/s)
  [2026-06-12 17:06:03.664] [LAT] Path 1478: 75.3µs (0.1GB/s)
  [2026-06-12 17:06:03.666] [LAT] Path 1478: 74.2µs (0.1GB/s)
  [2026-06-12 17:06:03.667] [LAT] Path 1478: 76.1µs (0.1GB/s)
  [2026-06-12 17:06:04.678] [LAT] Path 1478: 112.3µs (0.0GB/s)
  [2026-06-12 17:06:04.679] [LAT] Path 1478: 75.7µs (0.1GB/s)
  [2026-06-12 17:06:04.681] [LAT] Path 1478: 73.5µs (0.1GB/s)
  [2026-06-12 17:06:04.683] [LAT] Path 1478: 73.8µs (0.1GB/s)
  [2026-06-12 17:06:04.684] [LAT] Path 1478: 86.9µs (0.1GB/s)
  [2026-06-12 17:06:04.686] [LAT] Path 1478: 94.0µs (0.0GB/s)
  [2026-06-12 17:06:04.687] [LAT] Path 1478: 82.0µs (0.1GB/s)
  [2026-06-12 17:06:04.689] [LAT] Path 1478: 86.4µs (0.1GB/s)
  [2026-06-12 17:06:04.690] [LAT] Path 1478: 75.3µs (0.1GB/s)
  [2026-06-12 17:06:04.692] [LAT] Path 1478: 80.7µs (0.1GB/s)
  [2026-06-12 17:06:05.725] [BW] Path 8351: 22988.0µs (5.8GB/s)
  [2026-06-12 17:06:05.743] [BW] Path 8351: 16474.2µs (8.2GB/s)
  [2026-06-12 17:06:05.766] [BW] Path 8351: 21190.6µs (6.3GB/s)
  [2026-06-12 17:06:05.767] [LAT] Path 8351: 78.3µs (0.1GB/s)
  [2026-06-12 17:06:05.769] [LAT] Path 8351: 133.1µs (0.0GB/s)
  [2026-06-12 17:06:05.770] [LAT] Path 8351: 74.3µs (0.1GB/s)
  [2026-06-12 17:06:05.772] [LAT] Path 8351: 77.7µs (0.1GB/s)
  [2026-06-12 17:06:05.773] [LAT] Path 8351: 93.9µs (0.0GB/s)
  [2026-06-12 17:06:05.775] [LAT] Path 8351: 93.6µs (0.0GB/s)
  [2026-06-12 17:06:05.777] [LAT] Path 8351: 91.3µs (0.0GB/s)
  [2026-06-12 17:06:06.787] [LAT] Path 1478: 92.7µs (0.0GB/s)
  [2026-06-12 17:06:06.789] [LAT] Path 1478: 630.7µs (0.0GB/s)
  [2026-06-12 17:06:06.791] [LAT] Path 1478: 76.2µs (0.1GB/s)
  [2026-06-12 17:06:06.792] [LAT] Path 1478: 77.9µs (0.1GB/s)
  [2026-06-12 17:06:06.794] [LAT] Path 1478: 611.2µs (0.0GB/s)
  [2026-06-12 17:06:06.796] [LAT] Path 1478: 86.3µs (0.1GB/s)
  [2026-06-12 17:06:06.800] [LAT] Path 1478: 2193.9µs (0.0GB/s)
  [2026-06-12 17:06:06.808] [BW] Path 1478: 7011.8µs (19.1GB/s)
  [2026-06-12 17:06:06.822] [BW] Path 1478: 12056.2µs (11.1GB/s)
  [2026-06-12 17:06:06.823] [LAT] Path 1478: 76.8µs (0.1GB/s)
  [2026-06-12 17:06:07.841] [BW] Path 1478: 7478.1µs (17.9GB/s)
  [2026-06-12 17:06:07.843] [LAT] Path 1478: 79.5µs (0.1GB/s)
  [2026-06-12 17:06:07.844] [LAT] Path 1478: 89.2µs (0.1GB/s)
  [2026-06-12 17:06:07.848] [LAT] Path 1478: 2284.6µs (0.0GB/s)
  [2026-06-12 17:06:07.850] [LAT] Path 1478: 87.1µs (0.1GB/s)
  [2026-06-12 17:06:07.851] [LAT] Path 1478: 77.3µs (0.1GB/s)
  [2026-06-12 17:06:07.853] [LAT] Path 1478: 76.0µs (0.1GB/s)
  [2026-06-12 17:06:07.855] [LAT] Path 1478: 88.6µs (0.1GB/s)
  [2026-06-12 17:06:07.856] [LAT] Path 1478: 75.7µs (0.1GB/s)
  [2026-06-12 17:06:07.858] [LAT] Path 1478: 76.0µs (0.1GB/s)
  [2026-06-12 17:06:08.868] [LAT] Path 1478: 95.6µs (0.0GB/s)
  [2026-06-12 17:06:08.870] [LAT] Path 1478: 77.5µs (0.1GB/s)
  [2026-06-12 17:06:08.872] [LAT] Path 1478: 77.6µs (0.1GB/s)
  [2026-06-12 17:06:08.873] [LAT] Path 1478: 168.1µs (0.0GB/s)
  [2026-06-12 17:06:08.875] [LAT] Path 1478: 116.0µs (0.0GB/s)
  [2026-06-12 17:06:08.877] [LAT] Path 1478: 112.3µs (0.0GB/s)
  [2026-06-12 17:06:08.878] [LAT] Path 1478: 95.0µs (0.0GB/s)
  [2026-06-12 17:06:08.880] [LAT] Path 1478: 95.9µs (0.0GB/s)
  [2026-06-12 17:06:08.881] [LAT] Path 1478: 95.4µs (0.0GB/s)
  [2026-06-12 17:06:08.883] [LAT] Path 1478: 116.3µs (0.0GB/s)
  [2026-06-12 17:06:09.894] [LAT] Path 8351: 101.0µs (0.0GB/s)
  [2026-06-12 17:06:09.895] [LAT] Path 8351: 93.7µs (0.0GB/s)
  [2026-06-12 17:06:09.899] [LAT] Path 8351: 1917.7µs (0.0GB/s)
  [2026-06-12 17:06:09.900] [LAT] Path 8351: 79.2µs (0.1GB/s)
  [2026-06-12 17:06:09.902] [LAT] Path 8351: 76.3µs (0.1GB/s)
  [2026-06-12 17:06:09.903] [LAT] Path 8351: 75.2µs (0.1GB/s)
  [2026-06-12 17:06:09.905] [LAT] Path 8351: 74.9µs (0.1GB/s)
  [2026-06-12 17:06:09.907] [LAT] Path 8351: 72.4µs (0.1GB/s)
  [2026-06-12 17:06:09.919] [BW] Path 8351: 10779.9µs (12.4GB/s)
  [2026-06-12 17:06:09.927] [BW] Path 8351: 6712.6µs (20.0GB/s)
  [2026-06-12 17:06:10.939] [LAT] Path 1478: 1737.9µs (0.0GB/s)
  [2026-06-12 17:06:10.941] [LAT] Path 1478: 116.1µs (0.0GB/s)
  [2026-06-12 17:06:10.943] [LAT] Path 1478: 86.2µs (0.1GB/s)
  [2026-06-12 17:06:10.944] [LAT] Path 1478: 79.8µs (0.1GB/s)
  [2026-06-12 17:06:10.946] [LAT] Path 1478: 74.7µs (0.1GB/s)
  [2026-06-12 17:06:10.947] [LAT] Path 1478: 76.2µs (0.1GB/s)
  [2026-06-12 17:06:10.949] [LAT] Path 1478: 75.2µs (0.1GB/s)
  [2026-06-12 17:06:10.951] [LAT] Path 1478: 75.2µs (0.1GB/s)
  [2026-06-12 17:06:10.952] [LAT] Path 1478: 90.8µs (0.1GB/s)
  [2026-06-12 17:06:10.954] [LAT] Path 1478: 85.5µs (0.1GB/s)
  [2026-06-12 17:06:11.970] [LAT] Path 1478: 5146.7µs (0.0GB/s)
  [2026-06-12 17:06:11.971] [LAT] Path 1478: 110.1µs (0.0GB/s)
  [2026-06-12 17:06:11.973] [LAT] Path 1478: 96.3µs (0.0GB/s)
  [2026-06-12 17:06:11.974] [LAT] Path 1478: 104.5µs (0.0GB/s)
  [2026-06-12 17:06:11.976] [LAT] Path 1478: 98.3µs (0.0GB/s)
  [2026-06-12 17:06:11.978] [LAT] Path 1478: 87.1µs (0.1GB/s)
  [2026-06-12 17:06:11.979] [LAT] Path 1478: 105.4µs (0.0GB/s)
  [2026-06-12 17:06:11.981] [LAT] Path 1478: 92.0µs (0.0GB/s)
  [2026-06-12 17:06:11.983] [LAT] Path 1478: 98.6µs (0.0GB/s)
  [2026-06-12 17:06:11.984] [LAT] Path 1478: 73.3µs (0.1GB/s)
  [2026-06-12 17:06:12.995] [LAT] Path 1478: 112.9µs (0.0GB/s)
  [2026-06-12 17:06:12.996] [LAT] Path 1478: 79.9µs (0.1GB/s)
  [2026-06-12 17:06:12.998] [LAT] Path 1478: 92.0µs (0.0GB/s)
  [2026-06-12 17:06:13.000] [LAT] Path 1478: 88.2µs (0.1GB/s)
  [2026-06-12 17:06:13.001] [LAT] Path 1478: 90.7µs (0.1GB/s)
  [2026-06-12 17:06:13.003] [LAT] Path 1478: 91.9µs (0.0GB/s)
  [2026-06-12 17:06:13.004] [LAT] Path 1478: 75.6µs (0.1GB/s)
  [2026-06-12 17:06:13.013] [LAT] Path 1478: 6647.6µs (0.0GB/s)
  [2026-06-12 17:06:13.015] [LAT] Path 1478: 912.4µs (0.0GB/s)
  [2026-06-12 17:06:13.017] [LAT] Path 1478: 94.6µs (0.0GB/s)
  [2026-06-12 17:06:14.035] [BW] Path 8351: 8269.7µs (16.2GB/s)
  [2026-06-12 17:06:14.050] [BW] Path 8351: 13227.9µs (10.2GB/s)
  [2026-06-12 17:06:14.059] [BW] Path 8351: 6893.3µs (19.5GB/s)
  [2026-06-12 17:06:14.076] [BW] Path 8351: 16207.8µs (8.3GB/s)
  [2026-06-12 17:06:14.087] [BW] Path 8351: 9086.3µs (14.8GB/s)
  [2026-06-12 17:06:14.100] [BW] Path 8351: 11097.3µs (12.1GB/s)
  [2026-06-12 17:06:14.101] [LAT] Path 8351: 81.7µs (0.1GB/s)
  [2026-06-12 17:06:14.111] [BW] Path 8351: 8264.2µs (16.2GB/s)
  [2026-06-12 17:06:14.121] [BW] Path 8351: 8640.8µs (15.5GB/s)
  [2026-06-12 17:06:14.136] [BW] Path 8351: 13392.9µs (10.0GB/s)
  [2026-06-12 17:06:15.155] [LAT] Path 1478: 8156.2µs (0.0GB/s)
  [2026-06-12 17:06:15.157] [LAT] Path 1478: 101.9µs (0.0GB/s)
  [2026-06-12 17:06:15.158] [LAT] Path 1478: 71.8µs (0.1GB/s)
  [2026-06-12 17:06:15.160] [LAT] Path 1478: 75.8µs (0.1GB/s)
  [2026-06-12 17:06:15.168] [LAT] Path 1478: 6933.3µs (0.0GB/s)
  [2026-06-12 17:06:15.170] [LAT] Path 1478: 100.0µs (0.0GB/s)
  [2026-06-12 17:06:15.171] [LAT] Path 1478: 89.6µs (0.1GB/s)
  [2026-06-12 17:06:15.173] [LAT] Path 1478: 93.9µs (0.0GB/s)
  [2026-06-12 17:06:15.175] [LAT] Path 1478: 93.2µs (0.0GB/s)
  [2026-06-12 17:06:15.176] [LAT] Path 1478: 95.7µs (0.0GB/s)
  [2026-06-12 17:06:16.187] [LAT] Path 1478: 82.5µs (0.1GB/s)
  [2026-06-12 17:06:16.188] [LAT] Path 1478: 79.4µs (0.1GB/s)
  [2026-06-12 17:06:16.190] [LAT] Path 1478: 74.8µs (0.1GB/s)
  [2026-06-12 17:06:16.192] [LAT] Path 1478: 132.1µs (0.0GB/s)
  [2026-06-12 17:06:16.193] [LAT] Path 1478: 75.5µs (0.1GB/s)
  [2026-06-12 17:06:16.195] [LAT] Path 1478: 88.2µs (0.1GB/s)
  [2026-06-12 17:06:16.196] [LAT] Path 1478: 88.6µs (0.1GB/s)
  [2026-06-12 17:06:16.198] [LAT] Path 1478: 84.0µs (0.1GB/s)
  [2026-06-12 17:06:16.200] [LAT] Path 1478: 87.2µs (0.1GB/s)
  [2026-06-12 17:06:16.201] [LAT] Path 1478: 78.8µs (0.1GB/s)
  [2026-06-12 17:06:17.224] [BW] Path 1478: 11837.9µs (11.3GB/s)
  [2026-06-12 17:06:17.235] [BW] Path 1478: 9741.8µs (13.8GB/s)
  [2026-06-12 17:06:17.246] [BW] Path 1478: 9230.3µs (14.5GB/s)
  [2026-06-12 17:06:17.255] [BW] Path 1478: 7673.2µs (17.5GB/s)
  [2026-06-12 17:06:17.267] [BW] Path 1478: 10346.0µs (13.0GB/s)
  [2026-06-12 17:06:17.268] [LAT] Path 1478: 119.8µs (0.0GB/s)
  [2026-06-12 17:06:17.270] [LAT] Path 1478: 79.9µs (0.1GB/s)
  [2026-06-12 17:06:17.272] [LAT] Path 1478: 78.0µs (0.1GB/s)
  [2026-06-12 17:06:17.278] [LAT] Path 1478: 4846.2µs (0.0GB/s)
  [2026-06-12 17:06:17.279] [LAT] Path 1478: 93.6µs (0.0GB/s)
  [2026-06-12 17:06:18.290] [LAT] Path 1478: 98.6µs (0.0GB/s)
  [2026-06-12 17:06:18.301] [LAT] Path 1478: 9035.4µs (0.0GB/s)
  [2026-06-12 17:06:18.307] [LAT] Path 1478: 4869.5µs (0.0GB/s)
  [2026-06-12 17:06:18.309] [LAT] Path 1478: 78.7µs (0.1GB/s)
  [2026-06-12 17:06:18.310] [LAT] Path 1478: 77.5µs (0.1GB/s)
  [2026-06-12 17:06:18.312] [LAT] Path 1478: 76.7µs (0.1GB/s)
  [2026-06-12 17:06:18.313] [LAT] Path 1478: 99.5µs (0.0GB/s)
  [2026-06-12 17:06:18.320] [LAT] Path 1478: 5631.9µs (0.0GB/s)
  [2026-06-12 17:06:18.325] [LAT] Path 1478: 3461.8µs (0.0GB/s)
  [2026-06-12 17:06:18.327] [LAT] Path 1478: 77.7µs (0.1GB/s)
  [2026-06-12 17:06:19.348] [BW] Path 8351: 10434.5µs (12.9GB/s)
  [2026-06-12 17:06:19.357] [BW] Path 8351: 6839.8µs (19.6GB/s)
  [2026-06-12 17:06:19.367] [BW] Path 8351: 9413.9µs (14.3GB/s)
  [2026-06-12 17:06:19.369] [LAT] Path 8351: 79.9µs (0.1GB/s)
  [2026-06-12 17:06:19.371] [LAT] Path 8351: 75.4µs (0.1GB/s)
  [2026-06-12 17:06:19.372] [LAT] Path 8351: 74.9µs (0.1GB/s)
  [2026-06-12 17:06:19.374] [LAT] Path 8351: 75.5µs (0.1GB/s)
  [2026-06-12 17:06:19.386] [BW] Path 8351: 10192.0µs (13.2GB/s)
  [2026-06-12 17:06:19.394] [BW] Path 8351: 7029.1µs (19.1GB/s)
  [2026-06-12 17:06:19.405] [BW] Path 8351: 9269.8µs (14.5GB/s)
  [2026-06-12 17:06:20.424] [BW] Path 8351: 8477.4µs (15.8GB/s)
  [2026-06-12 17:06:20.442] [BW] Path 8351: 16373.0µs (8.2GB/s)
  [2026-06-12 17:06:20.453] [BW] Path 8351: 9261.1µs (14.5GB/s)
  [2026-06-12 17:06:20.463] [BW] Path 8351: 8924.2µs (15.0GB/s)
  [2026-06-12 17:06:20.474] [BW] Path 8351: 9212.5µs (14.6GB/s)
  [2026-06-12 17:06:20.477] [LAT] Path 8351: 1536.4µs (0.0GB/s)
  [2026-06-12 17:06:20.488] [BW] Path 8351: 9302.4µs (14.4GB/s)
  [2026-06-12 17:06:20.505] [BW] Path 8351: 16427.5µs (8.2GB/s)
  [2026-06-12 17:06:20.520] [BW] Path 8351: 13222.4µs (10.2GB/s)
  [2026-06-12 17:06:20.536] [BW] Path 8351: 14565.0µs (9.2GB/s)
  [2026-06-12 17:06:21.547] [LAT] Path 1478: 181.1µs (0.0GB/s)
  [2026-06-12 17:06:21.552] [LAT] Path 1478: 3219.3µs (0.0GB/s)
  [2026-06-12 17:06:21.554] [LAT] Path 1478: 607.4µs (0.0GB/s)
  [2026-06-12 17:06:21.556] [LAT] Path 1478: 85.1µs (0.1GB/s)
  [2026-06-12 17:06:21.557] [LAT] Path 1478: 88.5µs (0.1GB/s)
  [2026-06-12 17:06:21.560] [LAT] Path 1478: 935.8µs (0.0GB/s)
  [2026-06-12 17:06:21.561] [LAT] Path 1478: 76.5µs (0.1GB/s)
  [2026-06-12 17:06:21.563] [LAT] Path 1478: 73.9µs (0.1GB/s)
  [2026-06-12 17:06:21.564] [LAT] Path 1478: 73.8µs (0.1GB/s)
  [2026-06-12 17:06:21.566] [LAT] Path 1478: 73.1µs (0.1GB/s)
  [2026-06-12 17:06:22.585] [BW] Path 8351: 7851.5µs (17.1GB/s)
  [2026-06-12 17:06:22.597] [BW] Path 8351: 10579.3µs (12.7GB/s)
  [2026-06-12 17:06:22.607] [BW] Path 8351: 8494.5µs (15.8GB/s)
  [2026-06-12 17:06:22.624] [BW] Path 8351: 15416.2µs (8.7GB/s)
  [2026-06-12 17:06:22.633] [BW] Path 8351: 8360.2µs (16.1GB/s)
  [2026-06-12 17:06:22.644] [BW] Path 8351: 8938.0µs (15.0GB/s)
  [2026-06-12 17:06:22.654] [BW] Path 8351: 8720.7µs (15.4GB/s)
  [2026-06-12 17:06:22.664] [BW] Path 8351: 8167.2µs (16.4GB/s)
  [2026-06-12 17:06:22.683] [BW] Path 8351: 17756.3µs (7.6GB/s)
  [2026-06-12 17:06:22.693] [BW] Path 8351: 8729.7µs (15.4GB/s)
  [2026-06-12 17:06:23.704] [LAT] Path 1478: 121.6µs (0.0GB/s)
  [2026-06-12 17:06:23.706] [LAT] Path 1478: 75.7µs (0.1GB/s)
  [2026-06-12 17:06:23.708] [LAT] Path 1478: 73.4µs (0.1GB/s)
  [2026-06-12 17:06:23.709] [LAT] Path 1478: 73.9µs (0.1GB/s)
  [2026-06-12 17:06:23.711] [LAT] Path 1478: 70.7µs (0.1GB/s)
  [2026-06-12 17:06:23.712] [LAT] Path 1478: 76.5µs (0.1GB/s)
  [2026-06-12 17:06:23.715] [LAT] Path 1478: 1553.2µs (0.0GB/s)
  [2026-06-12 17:06:23.717] [LAT] Path 1478: 87.5µs (0.1GB/s)
  [2026-06-12 17:06:23.718] [LAT] Path 1478: 106.0µs (0.0GB/s)
  [2026-06-12 17:06:23.720] [LAT] Path 1478: 100.8µs (0.0GB/s)
  [2026-06-12 17:06:24.730] [LAT] Path 1478: 112.5µs (0.0GB/s)
  [2026-06-12 17:06:24.732] [LAT] Path 1478: 75.8µs (0.1GB/s)
  [2026-06-12 17:06:24.733] [LAT] Path 1478: 75.0µs (0.1GB/s)
  [2026-06-12 17:06:24.735] [LAT] Path 1478: 76.0µs (0.1GB/s)
  [2026-06-12 17:06:24.736] [LAT] Path 1478: 92.5µs (0.0GB/s)
  [2026-06-12 17:06:24.738] [LAT] Path 1478: 94.0µs (0.0GB/s)
  [2026-06-12 17:06:24.740] [LAT] Path 1478: 92.6µs (0.0GB/s)
  [2026-06-12 17:06:24.741] [LAT] Path 1478: 94.6µs (0.0GB/s)
  [2026-06-12 17:06:24.743] [LAT] Path 1478: 76.1µs (0.1GB/s)
  [2026-06-12 17:06:24.748] [LAT] Path 1478: 4099.9µs (0.0GB/s)
  [2026-06-12 17:06:25.769] [BW] Path 8351: 9995.9µs (13.4GB/s)
  [2026-06-12 17:06:25.782] [BW] Path 8351: 12045.7µs (11.1GB/s)
  [2026-06-12 17:06:25.792] [BW] Path 8351: 8507.1µs (15.8GB/s)
  [2026-06-12 17:06:25.802] [BW] Path 8351: 8556.8µs (15.7GB/s)
  [2026-06-12 17:06:25.814] [BW] Path 8351: 9746.8µs (13.8GB/s)
  [2026-06-12 17:06:25.826] [BW] Path 8351: 11131.9µs (12.1GB/s)
  [2026-06-12 17:06:25.847] [BW] Path 8351: 18778.4µs (7.2GB/s)
  [2026-06-12 17:06:25.856] [BW] Path 8351: 7718.9µs (17.4GB/s)
  [2026-06-12 17:06:25.868] [BW] Path 8351: 10978.9µs (12.2GB/s)
  [2026-06-12 17:06:25.877] [BW] Path 8351: 6939.3µs (19.3GB/s)
  [2026-06-12 17:06:26.888] [LAT] Path 1478: 150.7µs (0.0GB/s)
  [2026-06-12 17:06:26.890] [LAT] Path 1478: 76.2µs (0.1GB/s)
  [2026-06-12 17:06:26.891] [LAT] Path 1478: 77.2µs (0.1GB/s)
  [2026-06-12 17:06:26.893] [LAT] Path 1478: 76.0µs (0.1GB/s)
  [2026-06-12 17:06:26.895] [LAT] Path 1478: 81.7µs (0.1GB/s)
  [2026-06-12 17:06:26.896] [LAT] Path 1478: 74.7µs (0.1GB/s)
  [2026-06-12 17:06:26.898] [LAT] Path 1478: 75.1µs (0.1GB/s)
  [2026-06-12 17:06:26.899] [LAT] Path 1478: 68.4µs (0.1GB/s)
  [2026-06-12 17:06:26.901] [LAT] Path 1478: 107.4µs (0.0GB/s)
  [2026-06-12 17:06:26.902] [LAT] Path 1478: 92.7µs (0.0GB/s)
  [2026-06-12 17:06:27.913] [LAT] Path 1478: 100.2µs (0.0GB/s)
  [2026-06-12 17:06:27.915] [LAT] Path 1478: 74.9µs (0.1GB/s)
  [2026-06-12 17:06:27.916] [LAT] Path 1478: 76.5µs (0.1GB/s)
  [2026-06-12 17:06:27.920] [LAT] Path 1478: 2486.2µs (0.0GB/s)
  [2026-06-12 17:06:27.922] [LAT] Path 1478: 88.6µs (0.1GB/s)
  [2026-06-12 17:06:27.923] [LAT] Path 1478: 85.5µs (0.1GB/s)
  [2026-06-12 17:06:27.925] [LAT] Path 1478: 86.7µs (0.1GB/s)
  [2026-06-12 17:06:27.926] [LAT] Path 1478: 86.3µs (0.1GB/s)
  [2026-06-12 17:06:27.928] [LAT] Path 1478: 70.7µs (0.1GB/s)
  [2026-06-12 17:06:27.932] [LAT] Path 1478: 2232.8µs (0.0GB/s)
  [2026-06-12 17:06:28.942] [LAT] Path 1478: 92.3µs (0.0GB/s)
  [2026-06-12 17:06:28.950] [BW] Path 1478: 6834.1µs (19.6GB/s)
  [2026-06-12 17:06:28.964] [BW] Path 1478: 12367.9µs (10.8GB/s)
  [2026-06-12 17:06:28.972] [BW] Path 1478: 6712.7µs (20.0GB/s)
  [2026-06-12 17:06:28.992] [BW] Path 1478: 18073.2µs (7.4GB/s)
  [2026-06-12 17:06:29.002] [BW] Path 1478: 8567.5µs (15.7GB/s)
  [2026-06-12 17:06:29.014] [BW] Path 1478: 10861.1µs (12.4GB/s)
  [2026-06-12 17:06:29.023] [BW] Path 1478: 7194.1µs (18.7GB/s)
  [2026-06-12 17:06:29.025] [LAT] Path 1478: 91.6µs (0.0GB/s)
  [2026-06-12 17:06:29.026] [LAT] Path 1478: 88.3µs (0.1GB/s)
  [2026-06-12 17:06:30.054] [BW] Path 8351: 16939.3µs (7.9GB/s)
  [2026-06-12 17:06:30.079] [BW] Path 8351: 23501.2µs (5.7GB/s)
  [2026-06-12 17:06:30.099] [BW] Path 8351: 18508.3µs (7.2GB/s)
  [2026-06-12 17:06:30.101] [LAT] Path 8351: 101.8µs (0.0GB/s)
  [2026-06-12 17:06:30.102] [LAT] Path 8351: 113.9µs (0.0GB/s)
  [2026-06-12 17:06:30.104] [LAT] Path 8351: 87.4µs (0.1GB/s)
  [2026-06-12 17:06:30.106] [LAT] Path 8351: 631.1µs (0.0GB/s)
  [2026-06-12 17:06:30.108] [LAT] Path 8351: 98.0µs (0.0GB/s)
  [2026-06-12 17:06:30.110] [LAT] Path 8351: 83.6µs (0.1GB/s)
  [2026-06-12 17:06:30.113] [LAT] Path 8351: 1750.6µs (0.0GB/s)
  [2026-06-12 17:06:31.124] [LAT] Path 8351: 96.2µs (0.0GB/s)
  [2026-06-12 17:06:31.126] [LAT] Path 8351: 78.4µs (0.1GB/s)
  [2026-06-12 17:06:31.128] [LAT] Path 8351: 92.0µs (0.0GB/s)
  [2026-06-12 17:06:31.129] [LAT] Path 8351: 90.5µs (0.1GB/s)
  [2026-06-12 17:06:31.131] [LAT] Path 8351: 88.4µs (0.1GB/s)
  [2026-06-12 17:06:31.132] [LAT] Path 8351: 91.4µs (0.0GB/s)
  [2026-06-12 17:06:31.135] [LAT] Path 8351: 662.8µs (0.0GB/s)
  [2026-06-12 17:06:31.144] [BW] Path 8351: 7351.8µs (18.3GB/s)
  [2026-06-12 17:06:31.154] [BW] Path 8351: 8835.3µs (15.2GB/s)
  [2026-06-12 17:06:31.167] [BW] Path 8351: 11127.1µs (12.1GB/s)
  [2026-06-12 17:06:32.177] [LAT] Path 1478: 126.7µs (0.0GB/s)
  [2026-06-12 17:06:32.179] [LAT] Path 1478: 117.7µs (0.0GB/s)
  [2026-06-12 17:06:32.181] [LAT] Path 1478: 491.9µs (0.0GB/s)
  [2026-06-12 17:06:32.183] [LAT] Path 1478: 77.4µs (0.1GB/s)
  [2026-06-12 17:06:32.184] [LAT] Path 1478: 78.5µs (0.1GB/s)
  [2026-06-12 17:06:32.186] [LAT] Path 1478: 77.0µs (0.1GB/s)
  [2026-06-12 17:06:32.188] [LAT] Path 1478: 76.6µs (0.1GB/s)
  [2026-06-12 17:06:32.189] [LAT] Path 1478: 77.9µs (0.1GB/s)
  [2026-06-12 17:06:32.191] [LAT] Path 1478: 95.9µs (0.0GB/s)
  [2026-06-12 17:06:32.192] [LAT] Path 1478: 97.2µs (0.0GB/s)
  [2026-06-12 17:06:33.203] [LAT] Path 1478: 115.7µs (0.0GB/s)
  [2026-06-12 17:06:33.205] [LAT] Path 1478: 78.2µs (0.1GB/s)
  [2026-06-12 17:06:33.206] [LAT] Path 1478: 75.3µs (0.1GB/s)
  [2026-06-12 17:06:33.208] [LAT] Path 1478: 74.3µs (0.1GB/s)
  [2026-06-12 17:06:33.209] [LAT] Path 1478: 112.7µs (0.0GB/s)
  [2026-06-12 17:06:33.211] [LAT] Path 1478: 95.7µs (0.0GB/s)
  [2026-06-12 17:06:33.213] [LAT] Path 1478: 98.0µs (0.0GB/s)
  [2026-06-12 17:06:33.214] [LAT] Path 1478: 91.5µs (0.0GB/s)
  [2026-06-12 17:06:33.216] [LAT] Path 1478: 89.5µs (0.1GB/s)
  [2026-06-12 17:06:33.217] [LAT] Path 1478: 93.5µs (0.0GB/s)
  [2026-06-12 17:06:34.228] [LAT] Path 1478: 85.8µs (0.1GB/s)
  [2026-06-12 17:06:34.229] [LAT] Path 1478: 78.0µs (0.1GB/s)
  [2026-06-12 17:06:34.231] [LAT] Path 1478: 76.7µs (0.1GB/s)
  [2026-06-12 17:06:34.233] [LAT] Path 1478: 76.3µs (0.1GB/s)
  [2026-06-12 17:06:34.234] [LAT] Path 1478: 95.4µs (0.0GB/s)
  [2026-06-12 17:06:34.236] [LAT] Path 1478: 95.3µs (0.0GB/s)
  [2026-06-12 17:06:34.237] [LAT] Path 1478: 94.6µs (0.0GB/s)
  [2026-06-12 17:06:34.239] [LAT] Path 1478: 93.2µs (0.0GB/s)
  [2026-06-12 17:06:34.242] [LAT] Path 1478: 1297.1µs (0.0GB/s)
  [2026-06-12 17:06:34.243] [LAT] Path 1478: 76.3µs (0.1GB/s)
  [2026-06-12 17:06:35.266] [BW] Path 1478: 12101.8µs (11.1GB/s)
  [2026-06-12 17:06:35.281] [BW] Path 1478: 13150.2µs (10.2GB/s)
  [2026-06-12 17:06:35.291] [BW] Path 1478: 8593.2µs (15.6GB/s)
  [2026-06-12 17:06:35.301] [BW] Path 1478: 8475.2µs (15.8GB/s)
  [2026-06-12 17:06:35.312] [BW] Path 1478: 9840.7µs (13.6GB/s)
  [2026-06-12 17:06:35.323] [BW] Path 1478: 9058.2µs (14.8GB/s)
  [2026-06-12 17:06:35.324] [LAT] Path 1478: 81.5µs (0.1GB/s)
  [2026-06-12 17:06:35.326] [LAT] Path 1478: 72.2µs (0.1GB/s)
  [2026-06-12 17:06:35.327] [LAT] Path 1478: 96.4µs (0.0GB/s)
  [2026-06-12 17:06:35.329] [LAT] Path 1478: 95.3µs (0.0GB/s)
  [2026-06-12 17:06:36.340] [LAT] Path 1478: 139.3µs (0.0GB/s)
  [2026-06-12 17:06:36.342] [LAT] Path 1478: 91.9µs (0.0GB/s)
  [2026-06-12 17:06:36.343] [LAT] Path 1478: 77.3µs (0.1GB/s)
  [2026-06-12 17:06:36.345] [LAT] Path 1478: 76.0µs (0.1GB/s)
  [2026-06-12 17:06:36.346] [LAT] Path 1478: 74.3µs (0.1GB/s)
  [2026-06-12 17:06:36.348] [LAT] Path 1478: 74.6µs (0.1GB/s)
  [2026-06-12 17:06:36.349] [LAT] Path 1478: 74.5µs (0.1GB/s)
  [2026-06-12 17:06:36.351] [LAT] Path 1478: 74.9µs (0.1GB/s)
  [2026-06-12 17:06:36.353] [LAT] Path 1478: 90.8µs (0.1GB/s)
  [2026-06-12 17:06:36.354] [LAT] Path 1478: 94.1µs (0.0GB/s)
  [2026-06-12 17:06:37.380] [BW] Path 8351: 15849.6µs (8.5GB/s)
  [2026-06-12 17:06:37.382] [LAT] Path 8351: 99.6µs (0.0GB/s)
  [2026-06-12 17:06:37.384] [LAT] Path 8351: 97.9µs (0.0GB/s)
  [2026-06-12 17:06:37.385] [LAT] Path 8351: 78.3µs (0.1GB/s)
  [2026-06-12 17:06:37.387] [LAT] Path 8351: 75.0µs (0.1GB/s)
  [2026-06-12 17:06:37.388] [LAT] Path 8351: 74.8µs (0.1GB/s)
  [2026-06-12 17:06:37.390] [LAT] Path 8351: 75.5µs (0.1GB/s)
  [2026-06-12 17:06:37.391] [LAT] Path 8351: 74.8µs (0.1GB/s)
  [2026-06-12 17:06:37.393] [LAT] Path 8351: 76.2µs (0.1GB/s)
  [2026-06-12 17:06:37.396] [LAT] Path 8351: 1281.8µs (0.0GB/s)
  [2026-06-12 17:06:38.416] [BW] Path 1478: 9909.6µs (13.5GB/s)
  [2026-06-12 17:06:38.427] [BW] Path 1478: 9319.7µs (14.4GB/s)
  [2026-06-12 17:06:38.436] [BW] Path 1478: 7573.9µs (17.7GB/s)
  [2026-06-12 17:06:38.449] [BW] Path 1478: 11306.4µs (11.9GB/s)
  [2026-06-12 17:06:38.460] [BW] Path 1478: 10222.7µs (13.1GB/s)
  [2026-06-12 17:06:38.462] [LAT] Path 1478: 81.5µs (0.1GB/s)
  [2026-06-12 17:06:38.464] [LAT] Path 1478: 157.3µs (0.0GB/s)
  [2026-06-12 17:06:38.465] [LAT] Path 1478: 99.1µs (0.0GB/s)
  [2026-06-12 17:06:38.467] [LAT] Path 1478: 95.5µs (0.0GB/s)
  [2026-06-12 17:06:38.468] [LAT] Path 1478: 92.0µs (0.0GB/s)
  [2026-06-12 17:06:39.479] [LAT] Path 8351: 111.5µs (0.0GB/s)
  [2026-06-12 17:06:39.481] [LAT] Path 8351: 115.2µs (0.0GB/s)
  [2026-06-12 17:06:39.483] [LAT] Path 8351: 104.0µs (0.0GB/s)
  [2026-06-12 17:06:39.484] [LAT] Path 8351: 104.8µs (0.0GB/s)
  [2026-06-12 17:06:39.486] [LAT] Path 8351: 100.7µs (0.0GB/s)
  [2026-06-12 17:06:39.487] [LAT] Path 8351: 88.9µs (0.1GB/s)
  [2026-06-12 17:06:39.489] [LAT] Path 8351: 97.7µs (0.0GB/s)
  [2026-06-12 17:06:39.491] [LAT] Path 8351: 100.3µs (0.0GB/s)
  [2026-06-12 17:06:39.492] [LAT] Path 8351: 94.8µs (0.0GB/s)
  [2026-06-12 17:06:39.494] [LAT] Path 8351: 71.6µs (0.1GB/s)
  [2026-06-12 17:06:40.504] [LAT] Path 8351: 113.7µs (0.0GB/s)
  [2026-06-12 17:06:40.506] [LAT] Path 8351: 88.2µs (0.1GB/s)
  [2026-06-12 17:06:40.517] [BW] Path 8351: 9597.3µs (14.0GB/s)
  [2026-06-12 17:06:40.535] [BW] Path 8351: 16693.9µs (8.0GB/s)
  [2026-06-12 17:06:40.537] [LAT] Path 8351: 75.0µs (0.1GB/s)
  [2026-06-12 17:06:40.538] [LAT] Path 8351: 76.5µs (0.1GB/s)
  [2026-06-12 17:06:40.540] [LAT] Path 8351: 76.1µs (0.1GB/s)
  [2026-06-12 17:06:40.542] [LAT] Path 8351: 77.2µs (0.1GB/s)
  [2026-06-12 17:06:40.543] [LAT] Path 8351: 75.0µs (0.1GB/s)
  [2026-06-12 17:06:40.554] [BW] Path 8351: 9761.2µs (13.8GB/s)
  [2026-06-12 17:06:41.565] [LAT] Path 1478: 91.8µs (0.0GB/s)
  [2026-06-12 17:06:41.567] [LAT] Path 1478: 73.5µs (0.1GB/s)
  [2026-06-12 17:06:41.568] [LAT] Path 1478: 76.7µs (0.1GB/s)
  [2026-06-12 17:06:41.573] [LAT] Path 1478: 3146.6µs (0.0GB/s)
  [2026-06-12 17:06:41.585] [BW] Path 1478: 11020.6µs (12.2GB/s)
  [2026-06-12 17:06:41.587] [LAT] Path 1478: 78.0µs (0.1GB/s)
  [2026-06-12 17:06:41.589] [LAT] Path 1478: 77.0µs (0.1GB/s)
  [2026-06-12 17:06:41.590] [LAT] Path 1478: 77.0µs (0.1GB/s)
  [2026-06-12 17:06:41.592] [LAT] Path 1478: 74.7µs (0.1GB/s)
  [2026-06-12 17:06:41.593] [LAT] Path 1478: 99.6µs (0.0GB/s)
  [2026-06-12 17:06:42.604] [LAT] Path 1478: 155.5µs (0.0GB/s)
  [2026-06-12 17:06:42.606] [LAT] Path 1478: 113.8µs (0.0GB/s)
  [2026-06-12 17:06:42.608] [LAT] Path 1478: 115.6µs (0.0GB/s)
  [2026-06-12 17:06:42.609] [LAT] Path 1478: 103.7µs (0.0GB/s)
  [2026-06-12 17:06:42.611] [LAT] Path 1478: 104.2µs (0.0GB/s)
  [2026-06-12 17:06:42.612] [LAT] Path 1478: 110.1µs (0.0GB/s)
  [2026-06-12 17:06:42.614] [LAT] Path 1478: 100.1µs (0.0GB/s)
  [2026-06-12 17:06:42.616] [LAT] Path 1478: 106.5µs (0.0GB/s)
  [2026-06-12 17:06:42.617] [LAT] Path 1478: 78.8µs (0.1GB/s)
  [2026-06-12 17:06:42.619] [LAT] Path 1478: 73.9µs (0.1GB/s)
  [2026-06-12 17:06:43.629] [LAT] Path 1478: 98.4µs (0.0GB/s)
  [2026-06-12 17:06:43.631] [LAT] Path 1478: 73.3µs (0.1GB/s)
  [2026-06-12 17:06:43.632] [LAT] Path 1478: 75.2µs (0.1GB/s)
  [2026-06-12 17:06:43.634] [LAT] Path 1478: 74.4µs (0.1GB/s)
  [2026-06-12 17:06:43.635] [LAT] Path 1478: 88.6µs (0.1GB/s)
  [2026-06-12 17:06:43.637] [LAT] Path 1478: 88.5µs (0.1GB/s)
  [2026-06-12 17:06:43.638] [LAT] Path 1478: 89.2µs (0.1GB/s)
  [2026-06-12 17:06:43.640] [LAT] Path 1478: 88.8µs (0.1GB/s)
  [2026-06-12 17:06:43.642] [LAT] Path 1478: 92.7µs (0.0GB/s)
  [2026-06-12 17:06:43.643] [LAT] Path 1478: 76.4µs (0.1GB/s)
  [2026-06-12 17:06:44.662] [BW] Path 1478: 8678.9µs (15.5GB/s)
  [2026-06-12 17:06:44.677] [BW] Path 1478: 13618.3µs (9.9GB/s)
  [2026-06-12 17:06:44.691] [BW] Path 1478: 12173.1µs (11.0GB/s)
  [2026-06-12 17:06:44.704] [BW] Path 1478: 11381.4µs (11.8GB/s)
  [2026-06-12 17:06:44.714] [BW] Path 1478: 8806.9µs (15.2GB/s)
  [2026-06-12 17:06:44.724] [BW] Path 1478: 8082.9µs (16.6GB/s)
  [2026-06-12 17:06:44.735] [BW] Path 1478: 9916.3µs (13.5GB/s)
  [2026-06-12 17:06:44.738] [LAT] Path 1478: 1794.7µs (0.0GB/s)
  [2026-06-12 17:06:44.740] [LAT] Path 1478: 80.2µs (0.1GB/s)
  [2026-06-12 17:06:44.741] [LAT] Path 1478: 76.3µs (0.1GB/s)
  [2026-06-12 17:06:45.773] [BW] Path 8351: 20726.9µs (6.5GB/s)
  [2026-06-12 17:06:45.796] [BW] Path 8351: 21865.8µs (6.1GB/s)
  [2026-06-12 17:06:45.810] [BW] Path 8351: 11759.4µs (11.4GB/s)
  [2026-06-12 17:06:45.811] [LAT] Path 8351: 75.3µs (0.1GB/s)
  [2026-06-12 17:06:45.813] [LAT] Path 8351: 97.2µs (0.0GB/s)
  [2026-06-12 17:06:45.814] [LAT] Path 8351: 98.8µs (0.0GB/s)
  [2026-06-12 17:06:45.816] [LAT] Path 8351: 101.7µs (0.0GB/s)
  [2026-06-12 17:06:45.818] [LAT] Path 8351: 98.8µs (0.0GB/s)
  [2026-06-12 17:06:45.819] [LAT] Path 8351: 79.0µs (0.1GB/s)
  [2026-06-12 17:06:45.824] [LAT] Path 8351: 3708.1µs (0.0GB/s)
  [2026-06-12 17:06:46.835] [LAT] Path 8351: 85.5µs (0.1GB/s)
  [2026-06-12 17:06:46.837] [LAT] Path 8351: 77.5µs (0.1GB/s)
  [2026-06-12 17:06:46.838] [LAT] Path 8351: 89.7µs (0.1GB/s)
  [2026-06-12 17:06:46.840] [LAT] Path 8351: 89.5µs (0.1GB/s)
  [2026-06-12 17:06:46.841] [LAT] Path 8351: 88.5µs (0.1GB/s)
  [2026-06-12 17:06:46.843] [LAT] Path 8351: 86.2µs (0.1GB/s)
  [2026-06-12 17:06:46.845] [LAT] Path 8351: 77.4µs (0.1GB/s)
  [2026-06-12 17:06:46.853] [BW] Path 8351: 6546.9µs (20.5GB/s)
  [2026-06-12 17:06:46.866] [BW] Path 8351: 11950.0µs (11.2GB/s)
  [2026-06-12 17:06:46.875] [BW] Path 8351: 7278.1µs (18.4GB/s)
  [2026-06-12 17:06:47.902] [BW] Path 8351: 17113.5µs (7.8GB/s)
  [2026-06-12 17:06:47.914] [BW] Path 8351: 9807.9µs (13.7GB/s)
  [2026-06-12 17:06:47.927] [BW] Path 8351: 12244.9µs (11.0GB/s)
  [2026-06-12 17:06:47.936] [BW] Path 8351: 7033.0µs (19.1GB/s)
  [2026-06-12 17:06:47.948] [BW] Path 8351: 10028.1µs (13.4GB/s)
  [2026-06-12 17:06:47.960] [BW] Path 8351: 10896.7µs (12.3GB/s)
  [2026-06-12 17:06:47.974] [BW] Path 8351: 12129.4µs (11.1GB/s)
  [2026-06-12 17:06:47.975] [LAT] Path 8351: 79.6µs (0.1GB/s)
  [2026-06-12 17:06:47.977] [LAT] Path 8351: 76.7µs (0.1GB/s)
  [2026-06-12 17:06:47.978] [LAT] Path 8351: 75.7µs (0.1GB/s)
  [2026-06-12 17:06:48.990] [LAT] Path 8351: 480.0µs (0.0GB/s)
  [2026-06-12 17:06:48.992] [LAT] Path 8351: 82.2µs (0.1GB/s)
  [2026-06-12 17:06:48.993] [LAT] Path 8351: 76.9µs (0.1GB/s)
  [2026-06-12 17:06:48.995] [LAT] Path 8351: 75.7µs (0.1GB/s)
  [2026-06-12 17:06:48.996] [LAT] Path 8351: 75.0µs (0.1GB/s)
  [2026-06-12 17:06:48.998] [LAT] Path 8351: 75.0µs (0.1GB/s)
  [2026-06-12 17:06:48.999] [LAT] Path 8351: 88.8µs (0.1GB/s)
  [2026-06-12 17:06:49.001] [LAT] Path 8351: 87.0µs (0.1GB/s)
  [2026-06-12 17:06:49.003] [LAT] Path 8351: 107.0µs (0.0GB/s)
  [2026-06-12 17:06:49.004] [LAT] Path 8351: 121.3µs (0.0GB/s)
  [2026-06-12 17:06:50.015] [LAT] Path 1478: 92.6µs (0.0GB/s)
  [2026-06-12 17:06:50.016] [LAT] Path 1478: 77.4µs (0.1GB/s)
  [2026-06-12 17:06:50.018] [LAT] Path 1478: 75.1µs (0.1GB/s)
  [2026-06-12 17:06:50.019] [LAT] Path 1478: 89.1µs (0.1GB/s)
  [2026-06-12 17:06:50.021] [LAT] Path 1478: 89.2µs (0.1GB/s)
  [2026-06-12 17:06:50.023] [LAT] Path 1478: 104.4µs (0.0GB/s)
  [2026-06-12 17:06:50.024] [LAT] Path 1478: 85.0µs (0.1GB/s)
  [2026-06-12 17:06:50.026] [LAT] Path 1478: 89.2µs (0.1GB/s)
  [2026-06-12 17:06:50.027] [LAT] Path 1478: 77.1µs (0.1GB/s)
  [2026-06-12 17:06:50.036] [BW] Path 1478: 7658.6µs (17.5GB/s)
  [2026-06-12 17:06:51.061] [BW] Path 8351: 14550.7µs (9.2GB/s)
  [2026-06-12 17:06:51.071] [BW] Path 8351: 8385.2µs (16.0GB/s)
  [2026-06-12 17:06:51.083] [BW] Path 8351: 10887.1µs (12.3GB/s)
  [2026-06-12 17:06:51.092] [BW] Path 8351: 6830.8µs (19.6GB/s)
  [2026-06-12 17:06:51.106] [BW] Path 8351: 12689.0µs (10.6GB/s)
  [2026-06-12 17:06:51.115] [BW] Path 8351: 7453.9µs (18.0GB/s)
  [2026-06-12 17:06:51.116] [LAT] Path 8351: 100.3µs (0.0GB/s)
  [2026-06-12 17:06:51.118] [LAT] Path 8351: 88.2µs (0.1GB/s)
  [2026-06-12 17:06:51.120] [LAT] Path 8351: 96.4µs (0.0GB/s)
  [2026-06-12 17:06:51.121] [LAT] Path 8351: 100.0µs (0.0GB/s)
  [2026-06-12 17:06:52.148] [BW] Path 8351: 15610.9µs (8.6GB/s)
  [2026-06-12 17:06:52.150] [LAT] Path 8351: 83.2µs (0.1GB/s)
  [2026-06-12 17:06:52.151] [LAT] Path 8351: 74.7µs (0.1GB/s)
  [2026-06-12 17:06:52.153] [LAT] Path 8351: 75.6µs (0.1GB/s)
  [2026-06-12 17:06:52.154] [LAT] Path 8351: 76.1µs (0.1GB/s)
  [2026-06-12 17:06:52.156] [LAT] Path 8351: 73.7µs (0.1GB/s)
  [2026-06-12 17:06:52.157] [LAT] Path 8351: 74.1µs (0.1GB/s)
  [2026-06-12 17:06:52.159] [LAT] Path 8351: 73.5µs (0.1GB/s)
  [2026-06-12 17:06:52.160] [LAT] Path 8351: 69.5µs (0.1GB/s)
  [2026-06-12 17:06:52.162] [LAT] Path 8351: 91.5µs (0.0GB/s)
  [2026-06-12 17:06:53.172] [LAT] Path 8351: 93.0µs (0.0GB/s)
  [2026-06-12 17:06:53.174] [LAT] Path 8351: 737.8µs (0.0GB/s)
  [2026-06-12 17:06:53.186] [BW] Path 8351: 10539.0µs (12.7GB/s)
  [2026-06-12 17:06:53.199] [BW] Path 8351: 10713.8µs (12.5GB/s)
  [2026-06-12 17:06:53.209] [BW] Path 8351: 9115.8µs (14.7GB/s)
  [2026-06-12 17:06:53.219] [BW] Path 8351: 8712.9µs (15.4GB/s)
  [2026-06-12 17:06:53.229] [BW] Path 8351: 8189.2µs (16.4GB/s)
  [2026-06-12 17:06:53.244] [BW] Path 8351: 13236.6µs (10.1GB/s)
  [2026-06-12 17:06:53.254] [BW] Path 8351: 9148.3µs (14.7GB/s)
  [2026-06-12 17:06:53.271] [BW] Path 8351: 15681.4µs (8.6GB/s)
  [2026-06-12 17:06:54.296] [BW] Path 8351: 13639.1µs (9.8GB/s)
  [2026-06-12 17:06:54.308] [BW] Path 8351: 11304.6µs (11.9GB/s)
  [2026-06-12 17:06:54.326] [BW] Path 8351: 16218.9µs (8.3GB/s)
  [2026-06-12 17:06:54.340] [BW] Path 8351: 12930.6µs (10.4GB/s)
  [2026-06-12 17:06:54.356] [BW] Path 8351: 14529.1µs (9.2GB/s)
  [2026-06-12 17:06:54.358] [LAT] Path 8351: 77.8µs (0.1GB/s)
  [2026-06-12 17:06:54.360] [LAT] Path 8351: 77.5µs (0.1GB/s)
  [2026-06-12 17:06:54.361] [LAT] Path 8351: 104.5µs (0.0GB/s)
  [2026-06-12 17:06:54.371] [LAT] Path 8351: 8313.3µs (0.0GB/s)
  [2026-06-12 17:06:54.372] [LAT] Path 8351: 90.7µs (0.1GB/s)
  [2026-06-12 17:06:55.393] [BW] Path 1478: 9228.9µs (14.5GB/s)
  [2026-06-12 17:06:55.405] [BW] Path 1478: 10601.9µs (12.7GB/s)
  [2026-06-12 17:06:55.413] [BW] Path 1478: 6762.6µs (19.9GB/s)
  [2026-06-12 17:06:55.424] [BW] Path 1478: 9533.0µs (14.1GB/s)
  [2026-06-12 17:06:55.426] [LAT] Path 1478: 80.2µs (0.1GB/s)
  [2026-06-12 17:06:55.427] [LAT] Path 1478: 76.3µs (0.1GB/s)
  [2026-06-12 17:06:55.429] [LAT] Path 1478: 70.0µs (0.1GB/s)
  [2026-06-12 17:06:55.430] [LAT] Path 1478: 119.5µs (0.0GB/s)
  [2026-06-12 17:06:55.437] [LAT] Path 1478: 5448.9µs (0.0GB/s)
  [2026-06-12 17:06:55.439] [LAT] Path 1478: 94.5µs (0.0GB/s)
  [2026-06-12 17:06:56.451] [LAT] Path 8351: 1627.6µs (0.0GB/s)
  [2026-06-12 17:06:56.453] [LAT] Path 8351: 77.0µs (0.1GB/s)
  [2026-06-12 17:06:56.464] [BW] Path 8351: 9674.7µs (13.9GB/s)
  [2026-06-12 17:06:56.480] [BW] Path 8351: 14666.1µs (9.2GB/s)
  [2026-06-12 17:06:56.490] [BW] Path 8351: 8616.4µs (15.6GB/s)
  [2026-06-12 17:06:56.500] [BW] Path 8351: 8816.6µs (15.2GB/s)
  [2026-06-12 17:06:56.511] [BW] Path 8351: 9549.4µs (14.1GB/s)
  [2026-06-12 17:06:56.521] [BW] Path 8351: 8488.1µs (15.8GB/s)
  [2026-06-12 17:06:56.540] [BW] Path 8351: 16910.7µs (7.9GB/s)
  [2026-06-12 17:06:56.548] [BW] Path 8351: 6914.1µs (19.4GB/s)
  [2026-06-12 17:06:57.562] [LAT] Path 1478: 3075.8µs (0.0GB/s)
  [2026-06-12 17:06:57.564] [LAT] Path 1478: 83.5µs (0.1GB/s)
  [2026-06-12 17:06:57.565] [LAT] Path 1478: 80.1µs (0.1GB/s)
  [2026-06-12 17:06:57.567] [LAT] Path 1478: 75.1µs (0.1GB/s)
  [2026-06-12 17:06:57.568] [LAT] Path 1478: 73.3µs (0.1GB/s)
  [2026-06-12 17:06:57.570] [LAT] Path 1478: 92.9µs (0.0GB/s)
  [2026-06-12 17:06:57.571] [LAT] Path 1478: 88.3µs (0.1GB/s)
  [2026-06-12 17:06:57.576] [LAT] Path 1478: 2753.9µs (0.0GB/s)
  [2026-06-12 17:06:57.577] [LAT] Path 1478: 81.7µs (0.1GB/s)
  [2026-06-12 17:06:57.579] [LAT] Path 1478: 79.7µs (0.1GB/s)
  [2026-06-12 17:06:58.590] [LAT] Path 1478: 103.2µs (0.0GB/s)
  [2026-06-12 17:06:58.591] [LAT] Path 1478: 76.8µs (0.1GB/s)
  [2026-06-12 17:06:58.593] [LAT] Path 1478: 76.9µs (0.1GB/s)
  [2026-06-12 17:06:58.594] [LAT] Path 1478: 76.0µs (0.1GB/s)
  [2026-06-12 17:06:58.596] [LAT] Path 1478: 94.5µs (0.0GB/s)
  [2026-06-12 17:06:58.597] [LAT] Path 1478: 92.8µs (0.0GB/s)
  [2026-06-12 17:06:58.599] [LAT] Path 1478: 93.9µs (0.0GB/s)
  [2026-06-12 17:06:58.601] [LAT] Path 1478: 94.7µs (0.0GB/s)
  [2026-06-12 17:06:58.602] [LAT] Path 1478: 97.5µs (0.0GB/s)
  [2026-06-12 17:06:58.604] [LAT] Path 1478: 76.4µs (0.1GB/s)
  [2026-06-12 17:06:59.621] [BW] Path 1478: 6895.6µs (19.5GB/s)
  [2026-06-12 17:06:59.631] [BW] Path 1478: 8571.6µs (15.7GB/s)
  [2026-06-12 17:06:59.642] [BW] Path 1478: 9367.2µs (14.3GB/s)
  [2026-06-12 17:06:59.652] [BW] Path 1478: 9013.9µs (14.9GB/s)
  [2026-06-12 17:06:59.662] [BW] Path 1478: 8035.9µs (16.7GB/s)
  [2026-06-12 17:06:59.663] [LAT] Path 1478: 79.8µs (0.1GB/s)
  [2026-06-12 17:06:59.665] [LAT] Path 1478: 78.2µs (0.1GB/s)
  [2026-06-12 17:06:59.667] [LAT] Path 1478: 93.1µs (0.0GB/s)
  [2026-06-12 17:06:59.668] [LAT] Path 1478: 98.7µs (0.0GB/s)
  [2026-06-12 17:06:59.670] [LAT] Path 1478: 93.8µs (0.0GB/s)
  [2026-06-12 17:07:00.680] [LAT] Path 1478: 91.0µs (0.1GB/s)
  [2026-06-12 17:07:00.682] [LAT] Path 1478: 104.2µs (0.0GB/s)
  [2026-06-12 17:07:00.683] [LAT] Path 1478: 86.8µs (0.1GB/s)
  [2026-06-12 17:07:00.685] [LAT] Path 1478: 91.9µs (0.0GB/s)
  [2026-06-12 17:07:00.687] [LAT] Path 1478: 74.2µs (0.1GB/s)
  [2026-06-12 17:07:00.688] [LAT] Path 1478: 75.0µs (0.1GB/s)
  [2026-06-12 17:07:00.695] [LAT] Path 1478: 5520.9µs (0.0GB/s)
  [2026-06-12 17:07:00.697] [LAT] Path 1478: 99.1µs (0.0GB/s)
  [2026-06-12 17:07:00.698] [LAT] Path 1478: 115.9µs (0.0GB/s)
  [2026-06-12 17:07:00.700] [LAT] Path 1478: 89.7µs (0.1GB/s)
  [2026-06-12 17:07:01.711] [LAT] Path 1478: 167.4µs (0.0GB/s)
  [2026-06-12 17:07:01.713] [LAT] Path 1478: 90.2µs (0.1GB/s)
  [2026-06-12 17:07:01.715] [LAT] Path 1478: 1123.5µs (0.0GB/s)
  [2026-06-12 17:07:01.717] [LAT] Path 1478: 75.3µs (0.1GB/s)
  [2026-06-12 17:07:01.718] [LAT] Path 1478: 72.2µs (0.1GB/s)
  [2026-06-12 17:07:01.720] [LAT] Path 1478: 73.1µs (0.1GB/s)
  [2026-06-12 17:07:01.721] [LAT] Path 1478: 77.7µs (0.1GB/s)
  [2026-06-12 17:07:01.723] [LAT] Path 1478: 73.4µs (0.1GB/s)
  [2026-06-12 17:07:01.724] [LAT] Path 1478: 69.8µs (0.1GB/s)
  [2026-06-12 17:07:01.726] [LAT] Path 1478: 92.4µs (0.0GB/s)
  [2026-06-12 17:07:02.755] [BW] Path 8351: 18307.7µs (7.3GB/s)
  [2026-06-12 17:07:02.766] [BW] Path 8351: 10155.1µs (13.2GB/s)
  [2026-06-12 17:07:02.778] [BW] Path 8351: 10549.1µs (12.7GB/s)
  [2026-06-12 17:07:02.788] [BW] Path 8351: 7842.4µs (17.1GB/s)
  [2026-06-12 17:07:02.798] [BW] Path 8351: 9253.2µs (14.5GB/s)
  [2026-06-12 17:07:02.812] [BW] Path 8351: 11864.0µs (11.3GB/s)
  [2026-06-12 17:07:02.824] [BW] Path 8351: 10504.4µs (12.8GB/s)
  [2026-06-12 17:07:02.840] [BW] Path 8351: 14378.0µs (9.3GB/s)
  [2026-06-12 17:07:02.850] [BW] Path 8351: 9088.2µs (14.8GB/s)
  [2026-06-12 17:07:02.852] [LAT] Path 8351: 77.2µs (0.1GB/s)
  [2026-06-12 17:07:03.862] [LAT] Path 8351: 137.4µs (0.0GB/s)
  [2026-06-12 17:07:03.864] [LAT] Path 8351: 87.0µs (0.1GB/s)
  [2026-06-12 17:07:03.865] [LAT] Path 8351: 97.2µs (0.0GB/s)
  [2026-06-12 17:07:03.867] [LAT] Path 8351: 90.7µs (0.1GB/s)
  [2026-06-12 17:07:03.869] [LAT] Path 8351: 94.3µs (0.0GB/s)
  [2026-06-12 17:07:03.870] [LAT] Path 8351: 77.7µs (0.1GB/s)
  [2026-06-12 17:07:03.872] [LAT] Path 8351: 76.1µs (0.1GB/s)
  [2026-06-12 17:07:03.873] [LAT] Path 8351: 74.4µs (0.1GB/s)
  [2026-06-12 17:07:03.875] [LAT] Path 8351: 78.4µs (0.1GB/s)
  [2026-06-12 17:07:03.876] [LAT] Path 8351: 73.4µs (0.1GB/s)
  [2026-06-12 17:07:04.887] [LAT] Path 8351: 102.0µs (0.0GB/s)
  [2026-06-12 17:07:04.888] [LAT] Path 8351: 74.2µs (0.1GB/s)
  [2026-06-12 17:07:04.890] [LAT] Path 8351: 77.0µs (0.1GB/s)
  [2026-06-12 17:07:04.892] [LAT] Path 8351: 69.9µs (0.1GB/s)
  [2026-06-12 17:07:04.893] [LAT] Path 8351: 86.7µs (0.1GB/s)
  [2026-06-12 17:07:04.895] [LAT] Path 8351: 91.7µs (0.0GB/s)
  [2026-06-12 17:07:04.907] [BW] Path 8351: 10312.4µs (13.0GB/s)
  [2026-06-12 17:07:04.917] [BW] Path 8351: 9043.4µs (14.8GB/s)
  [2026-06-12 17:07:04.926] [BW] Path 8351: 7243.9µs (18.5GB/s)
  [2026-06-12 17:07:04.939] [BW] Path 8351: 11869.2µs (11.3GB/s)
  [2026-06-12 17:07:05.950] [LAT] Path 1478: 97.5µs (0.0GB/s)
  [2026-06-12 17:07:05.951] [LAT] Path 1478: 86.8µs (0.1GB/s)
  [2026-06-12 17:07:05.953] [LAT] Path 1478: 76.3µs (0.1GB/s)
  [2026-06-12 17:07:05.954] [LAT] Path 1478: 83.4µs (0.1GB/s)
  [2026-06-12 17:07:05.956] [LAT] Path 1478: 96.3µs (0.0GB/s)
  [2026-06-12 17:07:05.957] [LAT] Path 1478: 69.5µs (0.1GB/s)
  [2026-06-12 17:07:05.959] [LAT] Path 1478: 81.8µs (0.1GB/s)
  [2026-06-12 17:07:05.961] [LAT] Path 1478: 79.6µs (0.1GB/s)
  [2026-06-12 17:07:05.962] [LAT] Path 1478: 81.3µs (0.1GB/s)
  [2026-06-12 17:07:05.964] [LAT] Path 1478: 80.4µs (0.1GB/s)
  [2026-06-12 17:07:06.987] [BW] Path 1478: 12888.6µs (10.4GB/s)
  [2026-06-12 17:07:07.001] [BW] Path 1478: 12922.9µs (10.4GB/s)
  [2026-06-12 17:07:07.018] [BW] Path 1478: 14942.1µs (9.0GB/s)
  [2026-06-12 17:07:07.035] [BW] Path 1478: 15697.1µs (8.6GB/s)
  [2026-06-12 17:07:07.037] [LAT] Path 1478: 94.5µs (0.0GB/s)
  [2026-06-12 17:07:07.038] [LAT] Path 1478: 70.7µs (0.1GB/s)
  [2026-06-12 17:07:07.040] [LAT] Path 1478: 74.4µs (0.1GB/s)
  [2026-06-12 17:07:07.041] [LAT] Path 1478: 72.2µs (0.1GB/s)
  [2026-06-12 17:07:07.043] [LAT] Path 1478: 72.8µs (0.1GB/s)
  [2026-06-12 17:07:07.044] [LAT] Path 1478: 73.8µs (0.1GB/s)
  [2026-06-12 17:07:08.063] [BW] Path 8351: 8250.4µs (16.3GB/s)
  [2026-06-12 17:07:08.078] [BW] Path 8351: 13232.8µs (10.1GB/s)
  [2026-06-12 17:07:08.089] [BW] Path 8351: 9770.2µs (13.7GB/s)
  [2026-06-12 17:07:08.106] [BW] Path 8351: 15112.4µs (8.9GB/s)
  [2026-06-12 17:07:08.115] [BW] Path 8351: 6894.6µs (19.5GB/s)
  [2026-06-12 17:07:08.127] [BW] Path 8351: 10894.6µs (12.3GB/s)
  [2026-06-12 17:07:08.135] [BW] Path 8351: 6750.1µs (19.9GB/s)
  [2026-06-12 17:07:08.151] [BW] Path 8351: 14707.6µs (9.1GB/s)
  [2026-06-12 17:07:08.162] [BW] Path 8351: 8679.0µs (15.5GB/s)
  [2026-06-12 17:07:08.180] [BW] Path 8351: 16662.1µs (8.1GB/s)
  [2026-06-12 17:07:09.209] [BW] Path 8351: 19469.4µs (6.9GB/s)
  [2026-06-12 17:07:09.228] [BW] Path 8351: 17293.3µs (7.8GB/s)
  [2026-06-12 17:07:09.230] [LAT] Path 8351: 78.5µs (0.1GB/s)
  [2026-06-12 17:07:09.231] [LAT] Path 8351: 75.2µs (0.1GB/s)
  [2026-06-12 17:07:09.233] [LAT] Path 8351: 89.7µs (0.1GB/s)
  [2026-06-12 17:07:09.235] [LAT] Path 8351: 87.7µs (0.1GB/s)
  [2026-06-12 17:07:09.236] [LAT] Path 8351: 104.3µs (0.0GB/s)
  [2026-06-12 17:07:09.238] [LAT] Path 8351: 86.0µs (0.1GB/s)
  [2026-06-12 17:07:09.239] [LAT] Path 8351: 91.0µs (0.1GB/s)
  [2026-06-12 17:07:09.241] [LAT] Path 8351: 76.2µs (0.1GB/s)
  [2026-06-12 17:07:10.252] [LAT] Path 1478: 111.6µs (0.0GB/s)
  [2026-06-12 17:07:10.254] [LAT] Path 1478: 96.8µs (0.0GB/s)
  [2026-06-12 17:07:10.255] [LAT] Path 1478: 96.3µs (0.0GB/s)
  [2026-06-12 17:07:10.257] [LAT] Path 1478: 92.5µs (0.0GB/s)
  [2026-06-12 17:07:10.258] [LAT] Path 1478: 92.3µs (0.0GB/s)
  [2026-06-12 17:07:10.260] [LAT] Path 1478: 76.4µs (0.1GB/s)
  [2026-06-12 17:07:10.261] [LAT] Path 1478: 74.5µs (0.1GB/s)
  [2026-06-12 17:07:10.267] [LAT] Path 1478: 4001.0µs (0.0GB/s)
  [2026-06-12 17:07:10.269] [LAT] Path 1478: 90.8µs (0.1GB/s)
  [2026-06-12 17:07:10.270] [LAT] Path 1478: 88.2µs (0.1GB/s)
  [2026-06-12 17:07:11.287] [BW] Path 1478: 6880.4µs (19.5GB/s)
  [2026-06-12 17:07:11.289] [LAT] Path 1478: 90.6µs (0.1GB/s)
  [2026-06-12 17:07:11.290] [LAT] Path 1478: 88.5µs (0.1GB/s)
  [2026-06-12 17:07:11.292] [LAT] Path 1478: 84.6µs (0.1GB/s)
  [2026-06-12 17:07:11.294] [LAT] Path 1478: 74.3µs (0.1GB/s)
  [2026-06-12 17:07:11.295] [LAT] Path 1478: 78.2µs (0.1GB/s)
  [2026-06-12 17:07:11.300] [LAT] Path 1478: 3190.5µs (0.0GB/s)
  [2026-06-12 17:07:11.302] [LAT] Path 1478: 740.4µs (0.0GB/s)
  [2026-06-12 17:07:11.304] [LAT] Path 1478: 86.7µs (0.1GB/s)
  [2026-06-12 17:07:11.305] [LAT] Path 1478: 97.0µs (0.0GB/s)
  [2026-06-12 17:07:12.316] [LAT] Path 8351: 116.5µs (0.0GB/s)
  [2026-06-12 17:07:12.317] [LAT] Path 8351: 99.8µs (0.0GB/s)
  [2026-06-12 17:07:12.319] [LAT] Path 8351: 107.4µs (0.0GB/s)
  [2026-06-12 17:07:12.329] [LAT] Path 8351: 8323.1µs (0.0GB/s)
  [2026-06-12 17:07:12.330] [LAT] Path 8351: 78.5µs (0.1GB/s)
  [2026-06-12 17:07:12.332] [LAT] Path 8351: 75.6µs (0.1GB/s)
  [2026-06-12 17:07:12.334] [LAT] Path 8351: 73.6µs (0.1GB/s)
  [2026-06-12 17:07:12.335] [LAT] Path 8351: 74.0µs (0.1GB/s)
  [2026-06-12 17:07:12.337] [LAT] Path 8351: 71.1µs (0.1GB/s)
  [2026-06-12 17:07:12.338] [LAT] Path 8351: 92.8µs (0.0GB/s)
  [2026-06-12 17:07:13.353] [LAT] Path 1478: 3924.3µs (0.0GB/s)
  [2026-06-12 17:07:13.354] [LAT] Path 1478: 89.4µs (0.1GB/s)
  [2026-06-12 17:07:13.356] [LAT] Path 1478: 88.9µs (0.1GB/s)
  [2026-06-12 17:07:13.358] [LAT] Path 1478: 87.2µs (0.1GB/s)
  [2026-06-12 17:07:13.359] [LAT] Path 1478: 87.1µs (0.1GB/s)
  [2026-06-12 17:07:13.361] [LAT] Path 1478: 90.6µs (0.1GB/s)
  [2026-06-12 17:07:13.363] [LAT] Path 1478: 367.0µs (0.0GB/s)
  [2026-06-12 17:07:13.371] [BW] Path 1478: 6699.4µs (20.0GB/s)
  [2026-06-12 17:07:13.382] [BW] Path 1478: 9470.4µs (14.2GB/s)
  [2026-06-12 17:07:13.383] [LAT] Path 1478: 156.7µs (0.0GB/s)
  [2026-06-12 17:07:14.394] [LAT] Path 1478: 96.8µs (0.0GB/s)
  [2026-06-12 17:07:14.395] [LAT] Path 1478: 77.1µs (0.1GB/s)
  [2026-06-12 17:07:14.397] [LAT] Path 1478: 75.7µs (0.1GB/s)
  [2026-06-12 17:07:14.401] [LAT] Path 1478: 2736.0µs (0.0GB/s)
  [2026-06-12 17:07:14.422] [BW] Path 1478: 19513.0µs (6.9GB/s)
  [2026-06-12 17:07:14.424] [LAT] Path 1478: 74.9µs (0.1GB/s)
  [2026-06-12 17:07:14.431] [LAT] Path 1478: 5171.7µs (0.0GB/s)
  [2026-06-12 17:07:14.433] [LAT] Path 1478: 653.1µs (0.0GB/s)
  [2026-06-12 17:07:14.434] [LAT] Path 1478: 90.8µs (0.1GB/s)
  [2026-06-12 17:07:14.436] [LAT] Path 1478: 116.1µs (0.0GB/s)
  [2026-06-12 17:07:15.447] [LAT] Path 8351: 94.4µs (0.0GB/s)
  [2026-06-12 17:07:15.452] [LAT] Path 8351: 3580.5µs (0.0GB/s)
  [2026-06-12 17:07:15.454] [LAT] Path 8351: 875.5µs (0.0GB/s)
  [2026-06-12 17:07:15.456] [LAT] Path 8351: 92.5µs (0.0GB/s)
  [2026-06-12 17:07:15.457] [LAT] Path 8351: 93.8µs (0.0GB/s)
  [2026-06-12 17:07:15.459] [LAT] Path 8351: 632.0µs (0.0GB/s)
  [2026-06-12 17:07:15.461] [LAT] Path 8351: 76.9µs (0.1GB/s)
  [2026-06-12 17:07:15.463] [LAT] Path 8351: 73.0µs (0.1GB/s)
  [2026-06-12 17:07:15.464] [LAT] Path 8351: 74.1µs (0.1GB/s)
  [2026-06-12 17:07:15.466] [LAT] Path 8351: 74.4µs (0.1GB/s)
  [2026-06-12 17:07:16.477] [LAT] Path 8351: 137.4µs (0.0GB/s)
  [2026-06-12 17:07:16.478] [LAT] Path 8351: 96.7µs (0.0GB/s)
  [2026-06-12 17:07:16.480] [LAT] Path 8351: 77.1µs (0.1GB/s)
  [2026-06-12 17:07:16.485] [LAT] Path 8351: 4151.7µs (0.0GB/s)
  [2026-06-12 17:07:16.487] [LAT] Path 8351: 74.8µs (0.1GB/s)
  [2026-06-12 17:07:16.489] [LAT] Path 8351: 81.2µs (0.1GB/s)
  [2026-06-12 17:07:16.501] [BW] Path 8351: 10437.0µs (12.9GB/s)
  [2026-06-12 17:07:16.510] [BW] Path 8351: 7900.7µs (17.0GB/s)
  [2026-06-12 17:07:16.520] [BW] Path 8351: 8288.6µs (16.2GB/s)
  [2026-06-12 17:07:16.532] [BW] Path 8351: 11068.6µs (12.1GB/s)
  [2026-06-12 17:07:17.543] [LAT] Path 1478: 103.4µs (0.0GB/s)
  [2026-06-12 17:07:17.545] [LAT] Path 1478: 96.0µs (0.0GB/s)
  [2026-06-12 17:07:17.547] [LAT] Path 1478: 400.6µs (0.0GB/s)
  [2026-06-12 17:07:17.548] [LAT] Path 1478: 76.0µs (0.1GB/s)
  [2026-06-12 17:07:17.550] [LAT] Path 1478: 76.2µs (0.1GB/s)
  [2026-06-12 17:07:17.551] [LAT] Path 1478: 74.7µs (0.1GB/s)
  [2026-06-12 17:07:17.553] [LAT] Path 1478: 75.2µs (0.1GB/s)
  [2026-06-12 17:07:17.554] [LAT] Path 1478: 77.0µs (0.1GB/s)
  [2026-06-12 17:07:17.556] [LAT] Path 1478: 75.4µs (0.1GB/s)
  [2026-06-12 17:07:17.558] [LAT] Path 1478: 95.6µs (0.0GB/s)
  [2026-06-12 17:07:18.568] [LAT] Path 1478: 96.2µs (0.0GB/s)
  [2026-06-12 17:07:18.570] [LAT] Path 1478: 89.7µs (0.1GB/s)
  [2026-06-12 17:07:18.571] [LAT] Path 1478: 97.6µs (0.0GB/s)
  [2026-06-12 17:07:18.573] [LAT] Path 1478: 109.2µs (0.0GB/s)
  [2026-06-12 17:07:18.574] [LAT] Path 1478: 107.6µs (0.0GB/s)
  [2026-06-12 17:07:18.576] [LAT] Path 1478: 90.8µs (0.1GB/s)
  [2026-06-12 17:07:18.578] [LAT] Path 1478: 95.8µs (0.0GB/s)
  [2026-06-12 17:07:18.579] [LAT] Path 1478: 115.8µs (0.0GB/s)
  [2026-06-12 17:07:18.581] [LAT] Path 1478: 86.5µs (0.1GB/s)
  [2026-06-12 17:07:18.582] [LAT] Path 1478: 84.3µs (0.1GB/s)
  [2026-06-12 17:07:19.593] [LAT] Path 1478: 112.9µs (0.0GB/s)
  [2026-06-12 17:07:19.595] [LAT] Path 1478: 75.4µs (0.1GB/s)
  [2026-06-12 17:07:19.598] [LAT] Path 1478: 1503.0µs (0.0GB/s)
  [2026-06-12 17:07:19.599] [LAT] Path 1478: 105.5µs (0.0GB/s)
  [2026-06-12 17:07:19.601] [LAT] Path 1478: 106.1µs (0.0GB/s)
  [2026-06-12 17:07:19.605] [LAT] Path 1478: 2164.4µs (0.0GB/s)
  [2026-06-12 17:07:19.606] [LAT] Path 1478: 78.3µs (0.1GB/s)
  [2026-06-12 17:07:19.608] [LAT] Path 1478: 74.8µs (0.1GB/s)
  [2026-06-12 17:07:19.609] [LAT] Path 1478: 74.0µs (0.1GB/s)
  [2026-06-12 17:07:19.611] [LAT] Path 1478: 74.3µs (0.1GB/s)
  [2026-06-12 17:07:20.638] [BW] Path 1478: 16721.2µs (8.0GB/s)
  [2026-06-12 17:07:20.647] [BW] Path 1478: 7766.2µs (17.3GB/s)
  [2026-06-12 17:07:20.659] [BW] Path 1478: 10388.9µs (12.9GB/s)
  [2026-06-12 17:07:20.668] [BW] Path 1478: 6877.9µs (19.5GB/s)
  [2026-06-12 17:07:20.681] [BW] Path 1478: 11294.4µs (11.9GB/s)
  [2026-06-12 17:07:20.690] [BW] Path 1478: 8292.1µs (16.2GB/s)
  [2026-06-12 17:07:20.710] [BW] Path 1478: 17766.3µs (7.5GB/s)
  [2026-06-12 17:07:20.711] [LAT] Path 1478: 159.4µs (0.0GB/s)
  [2026-06-12 17:07:20.713] [LAT] Path 1478: 75.8µs (0.1GB/s)
  [2026-06-12 17:07:20.714] [LAT] Path 1478: 84.9µs (0.1GB/s)
  [2026-06-12 17:07:21.725] [LAT] Path 1478: 130.6µs (0.0GB/s)
  [2026-06-12 17:07:21.727] [LAT] Path 1478: 87.0µs (0.1GB/s)
  [2026-06-12 17:07:21.729] [LAT] Path 1478: 78.7µs (0.1GB/s)
  [2026-06-12 17:07:21.730] [LAT] Path 1478: 77.8µs (0.1GB/s)
  [2026-06-12 17:07:21.732] [LAT] Path 1478: 74.9µs (0.1GB/s)
  [2026-06-12 17:07:21.733] [LAT] Path 1478: 75.7µs (0.1GB/s)
  [2026-06-12 17:07:21.735] [LAT] Path 1478: 74.8µs (0.1GB/s)
  [2026-06-12 17:07:21.736] [LAT] Path 1478: 75.2µs (0.1GB/s)
  [2026-06-12 17:07:21.739] [LAT] Path 1478: 1398.2µs (0.0GB/s)
  [2026-06-12 17:07:21.741] [LAT] Path 1478: 93.6µs (0.0GB/s)
  [2026-06-12 17:07:22.760] [BW] Path 8351: 8776.6µs (15.3GB/s)
  [2026-06-12 17:07:22.771] [BW] Path 8351: 9289.3µs (14.4GB/s)
  [2026-06-12 17:07:22.781] [BW] Path 8351: 8354.7µs (16.1GB/s)
  [2026-06-12 17:07:22.783] [LAT] Path 8351: 79.5µs (0.1GB/s)
  [2026-06-12 17:07:22.784] [LAT] Path 8351: 73.7µs (0.1GB/s)
  [2026-06-12 17:07:22.786] [LAT] Path 8351: 87.8µs (0.1GB/s)
  [2026-06-12 17:07:22.787] [LAT] Path 8351: 89.7µs (0.1GB/s)
  [2026-06-12 17:07:22.797] [BW] Path 8351: 8401.9µs (16.0GB/s)
  [2026-06-12 17:07:22.810] [BW] Path 8351: 11169.6µs (12.0GB/s)
  [2026-06-12 17:07:22.819] [BW] Path 8351: 7241.6µs (18.5GB/s)
  [2026-06-12 17:07:23.829] [LAT] Path 1478: 82.5µs (0.1GB/s)
  [2026-06-12 17:07:23.831] [LAT] Path 1478: 75.4µs (0.1GB/s)
  [2026-06-12 17:07:23.835] [LAT] Path 1478: 3079.7µs (0.0GB/s)
  [2026-06-12 17:07:23.837] [LAT] Path 1478: 96.0µs (0.0GB/s)
  [2026-06-12 17:07:23.839] [LAT] Path 1478: 89.5µs (0.1GB/s)
  [2026-06-12 17:07:23.840] [LAT] Path 1478: 93.6µs (0.0GB/s)
  [2026-06-12 17:07:23.842] [LAT] Path 1478: 93.0µs (0.0GB/s)
  [2026-06-12 17:07:23.843] [LAT] Path 1478: 73.4µs (0.1GB/s)
  [2026-06-12 17:07:23.848] [LAT] Path 1478: 3623.7µs (0.0GB/s)
  [2026-06-12 17:07:23.850] [LAT] Path 1478: 74.8µs (0.1GB/s)
  [2026-06-12 17:07:24.861] [LAT] Path 1478: 673.9µs (0.0GB/s)
  [2026-06-12 17:07:24.863] [LAT] Path 1478: 76.7µs (0.1GB/s)
  [2026-06-12 17:07:24.864] [LAT] Path 1478: 76.0µs (0.1GB/s)
  [2026-06-12 17:07:24.866] [LAT] Path 1478: 73.4µs (0.1GB/s)
  [2026-06-12 17:07:24.867] [LAT] Path 1478: 78.3µs (0.1GB/s)
  [2026-06-12 17:07:24.869] [LAT] Path 1478: 77.0µs (0.1GB/s)
  [2026-06-12 17:07:24.871] [LAT] Path 1478: 72.0µs (0.1GB/s)
  [2026-06-12 17:07:24.872] [LAT] Path 1478: 87.5µs (0.1GB/s)
  [2026-06-12 17:07:24.874] [LAT] Path 1478: 93.5µs (0.0GB/s)
  [2026-06-12 17:07:24.875] [LAT] Path 1478: 89.5µs (0.1GB/s)
  [2026-06-12 17:07:25.894] [BW] Path 8351: 7949.1µs (16.9GB/s)
  [2026-06-12 17:07:25.909] [BW] Path 8351: 13810.7µs (9.7GB/s)
  [2026-06-12 17:07:25.922] [BW] Path 8351: 11416.3µs (11.8GB/s)
  [2026-06-12 17:07:25.934] [BW] Path 8351: 10597.3µs (12.7GB/s)
  [2026-06-12 17:07:25.936] [LAT] Path 8351: 79.0µs (0.1GB/s)
  [2026-06-12 17:07:25.937] [LAT] Path 8351: 74.4µs (0.1GB/s)
  [2026-06-12 17:07:25.939] [LAT] Path 8351: 74.4µs (0.1GB/s)
  [2026-06-12 17:07:25.941] [LAT] Path 8351: 74.2µs (0.1GB/s)
  [2026-06-12 17:07:25.955] [BW] Path 8351: 12680.5µs (10.6GB/s)
  [2026-06-12 17:07:25.963] [BW] Path 8351: 6680.2µs (20.1GB/s)
  [2026-06-12 17:07:26.990] [BW] Path 8351: 16084.6µs (8.3GB/s)
  [2026-06-12 17:07:27.001] [BW] Path 8351: 9755.4µs (13.8GB/s)
  [2026-06-12 17:07:27.015] [BW] Path 8351: 12347.1µs (10.9GB/s)
  [2026-06-12 17:07:27.023] [BW] Path 8351: 6813.0µs (19.7GB/s)
  [2026-06-12 17:07:27.036] [BW] Path 8351: 11169.0µs (12.0GB/s)
  [2026-06-12 17:07:27.044] [BW] Path 8351: 6979.2µs (19.2GB/s)
  [2026-06-12 17:07:27.063] [BW] Path 8351: 17542.5µs (7.7GB/s)
  [2026-06-12 17:07:27.070] [LAT] Path 8351: 4886.1µs (0.0GB/s)
  [2026-06-12 17:07:27.071] [LAT] Path 8351: 72.9µs (0.1GB/s)
  [2026-06-12 17:07:27.073] [LAT] Path 8351: 95.2µs (0.0GB/s)
  [2026-06-12 17:07:28.099] [BW] Path 8351: 15426.8µs (8.7GB/s)
  [2026-06-12 17:07:28.108] [BW] Path 8351: 7520.1µs (17.9GB/s)
  [2026-06-12 17:07:28.118] [BW] Path 8351: 8820.9µs (15.2GB/s)
  [2026-06-12 17:07:28.120] [LAT] Path 8351: 78.0µs (0.1GB/s)
  [2026-06-12 17:07:28.122] [LAT] Path 8351: 75.3µs (0.1GB/s)
  [2026-06-12 17:07:28.123] [LAT] Path 8351: 77.4µs (0.1GB/s)
  [2026-06-12 17:07:28.125] [LAT] Path 8351: 87.3µs (0.1GB/s)
  [2026-06-12 17:07:28.126] [LAT] Path 8351: 87.2µs (0.1GB/s)
  [2026-06-12 17:07:28.128] [LAT] Path 8351: 83.0µs (0.1GB/s)
  [2026-06-12 17:07:28.129] [LAT] Path 8351: 90.2µs (0.1GB/s)
  [2026-06-12 17:07:29.143] [LAT] Path 1478: 2614.9µs (0.0GB/s)
  [2026-06-12 17:07:29.144] [LAT] Path 1478: 89.9µs (0.1GB/s)
  [2026-06-12 17:07:29.146] [LAT] Path 1478: 77.6µs (0.1GB/s)
  [2026-06-12 17:07:29.148] [LAT] Path 1478: 74.2µs (0.1GB/s)
  [2026-06-12 17:07:29.158] [BW] Path 1478: 8879.7µs (15.1GB/s)
  [2026-06-12 17:07:29.168] [BW] Path 1478: 8945.6µs (15.0GB/s)
  [2026-06-12 17:07:29.181] [BW] Path 1478: 10759.0µs (12.5GB/s)
  [2026-06-12 17:07:29.195] [BW] Path 1478: 12787.7µs (10.5GB/s)
  [2026-06-12 17:07:29.206] [BW] Path 1478: 9990.9µs (13.4GB/s)
  [2026-06-12 17:07:29.216] [BW] Path 1478: 8293.7µs (16.2GB/s)
  [2026-06-12 17:07:30.227] [LAT] Path 8351: 96.1µs (0.0GB/s)
  [2026-06-12 17:07:30.229] [LAT] Path 8351: 86.6µs (0.1GB/s)
  [2026-06-12 17:07:30.230] [LAT] Path 8351: 86.4µs (0.1GB/s)
  [2026-06-12 17:07:30.232] [LAT] Path 8351: 80.2µs (0.1GB/s)
  [2026-06-12 17:07:30.243] [BW] Path 8351: 9748.6µs (13.8GB/s)
  [2026-06-12 17:07:30.262] [BW] Path 8351: 17183.3µs (7.8GB/s)
  [2026-06-12 17:07:30.277] [BW] Path 8351: 14304.0µs (9.4GB/s)
  [2026-06-12 17:07:30.291] [BW] Path 8351: 12373.6µs (10.8GB/s)
  [2026-06-12 17:07:30.316] [BW] Path 8351: 23571.4µs (5.7GB/s)
  [2026-06-12 17:07:30.318] [LAT] Path 8351: 89.4µs (0.1GB/s)
  [2026-06-12 17:07:31.336] [BW] Path 1478: 7213.1µs (18.6GB/s)
  [2026-06-12 17:07:31.338] [LAT] Path 1478: 90.0µs (0.1GB/s)
  [2026-06-12 17:07:31.339] [LAT] Path 1478: 88.1µs (0.1GB/s)
  [2026-06-12 17:07:31.345] [LAT] Path 1478: 3833.2µs (0.0GB/s)
  [2026-06-12 17:07:31.346] [LAT] Path 1478: 79.2µs (0.1GB/s)
  [2026-06-12 17:07:31.348] [LAT] Path 1478: 74.9µs (0.1GB/s)
  [2026-06-12 17:07:31.350] [LAT] Path 1478: 81.5µs (0.1GB/s)
  [2026-06-12 17:07:31.351] [LAT] Path 1478: 75.6µs (0.1GB/s)
  [2026-06-12 17:07:31.353] [LAT] Path 1478: 75.4µs (0.1GB/s)
  [2026-06-12 17:07:31.354] [LAT] Path 1478: 76.6µs (0.1GB/s)
  [2026-06-12 17:07:32.375] [BW] Path 1478: 9673.2µs (13.9GB/s)
  [2026-06-12 17:07:32.389] [BW] Path 1478: 12868.1µs (10.4GB/s)
  [2026-06-12 17:07:32.404] [BW] Path 1478: 13320.5µs (10.1GB/s)
  [2026-06-12 17:07:32.417] [BW] Path 1478: 11996.8µs (11.2GB/s)
  [2026-06-12 17:07:32.427] [BW] Path 1478: 8069.2µs (16.6GB/s)
  [2026-06-12 17:07:32.439] [BW] Path 1478: 10152.5µs (13.2GB/s)
  [2026-06-12 17:07:32.440] [LAT] Path 1478: 92.4µs (0.0GB/s)
  [2026-06-12 17:07:32.442] [LAT] Path 1478: 76.8µs (0.1GB/s)
  [2026-06-12 17:07:32.443] [LAT] Path 1478: 75.4µs (0.1GB/s)
  [2026-06-12 17:07:32.445] [LAT] Path 1478: 74.5µs (0.1GB/s)
  [2026-06-12 17:07:33.455] [LAT] Path 8351: 100.7µs (0.0GB/s)
  [2026-06-12 17:07:33.457] [LAT] Path 8351: 95.2µs (0.0GB/s)
  [2026-06-12 17:07:33.459] [LAT] Path 8351: 98.4µs (0.0GB/s)
  [2026-06-12 17:07:33.460] [LAT] Path 8351: 88.5µs (0.1GB/s)
  [2026-06-12 17:07:33.462] [LAT] Path 8351: 96.3µs (0.0GB/s)
  [2026-06-12 17:07:33.463] [LAT] Path 8351: 114.5µs (0.0GB/s)
  [2026-06-12 17:07:33.465] [LAT] Path 8351: 81.4µs (0.1GB/s)
  [2026-06-12 17:07:33.466] [LAT] Path 8351: 96.2µs (0.0GB/s)
  [2026-06-12 17:07:33.468] [LAT] Path 8351: 77.2µs (0.1GB/s)
  [2026-06-12 17:07:33.470] [LAT] Path 8351: 75.9µs (0.1GB/s)
  [2026-06-12 17:07:34.480] [LAT] Path 8351: 99.8µs (0.0GB/s)
  [2026-06-12 17:07:34.482] [LAT] Path 8351: 95.7µs (0.0GB/s)
  [2026-06-12 17:07:34.483] [LAT] Path 8351: 95.0µs (0.0GB/s)
  [2026-06-12 17:07:34.492] [BW] Path 8351: 7234.2µs (18.6GB/s)
  [2026-06-12 17:07:34.493] [LAT] Path 8351: 78.4µs (0.1GB/s)
  [2026-06-12 17:07:34.495] [LAT] Path 8351: 75.1µs (0.1GB/s)
  [2026-06-12 17:07:34.497] [LAT] Path 8351: 75.3µs (0.1GB/s)
  [2026-06-12 17:07:34.498] [LAT] Path 8351: 94.7µs (0.0GB/s)
  [2026-06-12 17:07:34.500] [LAT] Path 8351: 88.1µs (0.1GB/s)
  [2026-06-12 17:07:34.514] [BW] Path 8351: 12844.4µs (10.4GB/s)
  [2026-06-12 17:07:35.538] [BW] Path 1478: 13420.3µs (10.0GB/s)
  [2026-06-12 17:07:35.549] [BW] Path 1478: 9903.8µs (13.6GB/s)
  [2026-06-12 17:07:35.561] [BW] Path 1478: 9738.3µs (13.8GB/s)
  [2026-06-12 17:07:35.569] [BW] Path 1478: 7171.9µs (18.7GB/s)
  [2026-06-12 17:07:35.582] [BW] Path 1478: 10724.4µs (12.5GB/s)
  [2026-06-12 17:07:35.585] [LAT] Path 1478: 1593.9µs (0.0GB/s)
  [2026-06-12 17:07:35.586] [LAT] Path 1478: 75.2µs (0.1GB/s)
  [2026-06-12 17:07:35.588] [LAT] Path 1478: 75.5µs (0.1GB/s)
  [2026-06-12 17:07:35.592] [LAT] Path 1478: 2193.1µs (0.0GB/s)
  [2026-06-12 17:07:35.593] [LAT] Path 1478: 93.9µs (0.0GB/s)
  [2026-06-12 17:07:36.604] [LAT] Path 1478: 126.0µs (0.0GB/s)
  [2026-06-12 17:07:36.605] [LAT] Path 1478: 103.0µs (0.0GB/s)
  [2026-06-12 17:07:36.607] [LAT] Path 1478: 86.8µs (0.1GB/s)
  [2026-06-12 17:07:36.609] [LAT] Path 1478: 98.1µs (0.0GB/s)
  [2026-06-12 17:07:36.610] [LAT] Path 1478: 116.2µs (0.0GB/s)
  [2026-06-12 17:07:36.612] [LAT] Path 1478: 71.2µs (0.1GB/s)
  [2026-06-12 17:07:36.613] [LAT] Path 1478: 75.4µs (0.1GB/s)
  [2026-06-12 17:07:36.615] [LAT] Path 1478: 73.1µs (0.1GB/s)
  [2026-06-12 17:07:36.616] [LAT] Path 1478: 76.2µs (0.1GB/s)
  [2026-06-12 17:07:36.618] [LAT] Path 1478: 76.7µs (0.1GB/s)
  [2026-06-12 17:07:37.628] [LAT] Path 1478: 79.3µs (0.1GB/s)
  [2026-06-12 17:07:37.630] [LAT] Path 1478: 77.6µs (0.1GB/s)
  [2026-06-12 17:07:37.632] [LAT] Path 1478: 75.8µs (0.1GB/s)
  [2026-06-12 17:07:37.633] [LAT] Path 1478: 74.8µs (0.1GB/s)
  [2026-06-12 17:07:37.635] [LAT] Path 1478: 681.9µs (0.0GB/s)
  [2026-06-12 17:07:37.637] [LAT] Path 1478: 95.1µs (0.0GB/s)
  [2026-06-12 17:07:37.638] [LAT] Path 1478: 94.2µs (0.0GB/s)
  [2026-06-12 17:07:37.641] [LAT] Path 1478: 795.8µs (0.0GB/s)
  [2026-06-12 17:07:37.642] [LAT] Path 1478: 77.5µs (0.1GB/s)
  [2026-06-12 17:07:37.644] [LAT] Path 1478: 75.0µs (0.1GB/s)
  [2026-06-12 17:07:38.664] [BW] Path 8351: 10231.8µs (13.1GB/s)
  [2026-06-12 17:07:38.679] [BW] Path 8351: 12990.8µs (10.3GB/s)
  [2026-06-12 17:07:38.690] [BW] Path 8351: 9705.0µs (13.8GB/s)
  [2026-06-12 17:07:38.701] [BW] Path 8351: 9322.4µs (14.4GB/s)
  [2026-06-12 17:07:38.711] [BW] Path 8351: 8651.0µs (15.5GB/s)
  [2026-06-12 17:07:38.713] [LAT] Path 8351: 94.7µs (0.0GB/s)
  [2026-06-12 17:07:38.721] [BW] Path 8351: 7158.7µs (18.8GB/s)
  [2026-06-12 17:07:38.739] [BW] Path 8351: 15686.9µs (8.6GB/s)
  [2026-06-12 17:07:38.749] [BW] Path 8351: 9434.7µs (14.2GB/s)
  [2026-06-12 17:07:38.767] [BW] Path 8351: 16370.5µs (8.2GB/s)
  [2026-06-12 17:07:39.796] [BW] Path 8351: 18472.3µs (7.3GB/s)
  [2026-06-12 17:07:39.798] [LAT] Path 8351: 82.6µs (0.1GB/s)
  [2026-06-12 17:07:39.800] [LAT] Path 8351: 77.7µs (0.1GB/s)
  [2026-06-12 17:07:39.801] [LAT] Path 8351: 75.2µs (0.1GB/s)
  [2026-06-12 17:07:39.803] [LAT] Path 8351: 73.5µs (0.1GB/s)
  [2026-06-12 17:07:39.804] [LAT] Path 8351: 75.5µs (0.1GB/s)
  [2026-06-12 17:07:39.806] [LAT] Path 8351: 69.0µs (0.1GB/s)
  [2026-06-12 17:07:39.807] [LAT] Path 8351: 88.9µs (0.1GB/s)
  [2026-06-12 17:07:39.809] [LAT] Path 8351: 87.9µs (0.1GB/s)
  [2026-06-12 17:07:39.811] [LAT] Path 8351: 105.1µs (0.0GB/s)
  [2026-06-12 17:07:40.821] [LAT] Path 8351: 93.2µs (0.0GB/s)
  [2026-06-12 17:07:40.823] [LAT] Path 8351: 75.8µs (0.1GB/s)
  [2026-06-12 17:07:40.824] [LAT] Path 8351: 74.5µs (0.1GB/s)
  [2026-06-12 17:07:40.826] [LAT] Path 8351: 71.5µs (0.1GB/s)
  [2026-06-12 17:07:40.827] [LAT] Path 8351: 88.1µs (0.1GB/s)
  [2026-06-12 17:07:40.838] [BW] Path 8351: 9322.3µs (14.4GB/s)
  [2026-06-12 17:07:40.848] [BW] Path 8351: 7936.2µs (16.9GB/s)
  [2026-06-12 17:07:40.860] [BW] Path 8351: 10957.8µs (12.2GB/s)
  [2026-06-12 17:07:40.872] [BW] Path 8351: 10085.9µs (13.3GB/s)
  [2026-06-12 17:07:40.880] [BW] Path 8351: 6959.5µs (19.3GB/s)
  [2026-06-12 17:07:41.891] [LAT] Path 1478: 142.0µs (0.0GB/s)
  [2026-06-12 17:07:41.893] [LAT] Path 1478: 78.1µs (0.1GB/s)
  [2026-06-12 17:07:41.894] [LAT] Path 1478: 76.1µs (0.1GB/s)
  [2026-06-12 17:07:41.896] [LAT] Path 1478: 71.9µs (0.1GB/s)
  [2026-06-12 17:07:41.897] [LAT] Path 1478: 90.1µs (0.1GB/s)
  [2026-06-12 17:07:41.899] [LAT] Path 1478: 86.6µs (0.1GB/s)
  [2026-06-12 17:07:41.901] [LAT] Path 1478: 86.4µs (0.1GB/s)
  [2026-06-12 17:07:41.902] [LAT] Path 1478: 113.6µs (0.0GB/s)
  [2026-06-12 17:07:41.904] [LAT] Path 1478: 82.8µs (0.1GB/s)
  [2026-06-12 17:07:41.905] [LAT] Path 1478: 76.7µs (0.1GB/s)
  [2026-06-12 17:07:42.929] [BW] Path 8351: 13527.6µs (9.9GB/s)
  [2026-06-12 17:07:42.941] [BW] Path 8351: 10662.9µs (12.6GB/s)
  [2026-06-12 17:07:42.943] [LAT] Path 8351: 79.2µs (0.1GB/s)
  [2026-06-12 17:07:42.944] [LAT] Path 8351: 76.0µs (0.1GB/s)
  [2026-06-12 17:07:42.946] [LAT] Path 8351: 76.0µs (0.1GB/s)
  [2026-06-12 17:07:42.948] [LAT] Path 8351: 190.4µs (0.0GB/s)
  [2026-06-12 17:07:42.953] [LAT] Path 8351: 3445.9µs (0.0GB/s)
  [2026-06-12 17:07:42.957] [LAT] Path 8351: 3233.3µs (0.0GB/s)
  [2026-06-12 17:07:42.959] [LAT] Path 8351: 70.7µs (0.1GB/s)
  [2026-06-12 17:07:42.960] [LAT] Path 8351: 69.8µs (0.1GB/s)
  [2026-06-12 17:07:43.971] [LAT] Path 8351: 72.6µs (0.1GB/s)
  [2026-06-12 17:07:43.972] [LAT] Path 8351: 73.1µs (0.1GB/s)
  [2026-06-12 17:07:43.974] [LAT] Path 8351: 72.6µs (0.1GB/s)
  [2026-06-12 17:07:43.976] [LAT] Path 8351: 69.8µs (0.1GB/s)
  [2026-06-12 17:07:43.977] [LAT] Path 8351: 70.3µs (0.1GB/s)
  [2026-06-12 17:07:43.989] [BW] Path 8351: 10267.1µs (13.1GB/s)
  [2026-06-12 17:07:43.997] [BW] Path 8351: 6728.0µs (19.9GB/s)
  [2026-06-12 17:07:44.010] [BW] Path 8351: 11672.9µs (11.5GB/s)
  [2026-06-12 17:07:44.020] [BW] Path 8351: 8545.3µs (15.7GB/s)
  [2026-06-12 17:07:44.031] [BW] Path 8351: 9645.0µs (13.9GB/s)
  [2026-06-12 17:07:45.042] [LAT] Path 1478: 118.2µs (0.0GB/s)
  [2026-06-12 17:07:45.044] [LAT] Path 1478: 75.4µs (0.1GB/s)
  [2026-06-12 17:07:45.045] [LAT] Path 1478: 74.8µs (0.1GB/s)
  [2026-06-12 17:07:45.047] [LAT] Path 1478: 72.6µs (0.1GB/s)
  [2026-06-12 17:07:45.049] [LAT] Path 1478: 74.9µs (0.1GB/s)
  [2026-06-12 17:07:45.050] [LAT] Path 1478: 71.8µs (0.1GB/s)
  [2026-06-12 17:07:45.052] [LAT] Path 1478: 76.4µs (0.1GB/s)
  [2026-06-12 17:07:45.053] [LAT] Path 1478: 85.0µs (0.1GB/s)
  [2026-06-12 17:07:45.059] [LAT] Path 1478: 4472.8µs (0.0GB/s)
  [2026-06-12 17:07:45.061] [LAT] Path 1478: 77.1µs (0.1GB/s)
  [2026-06-12 17:07:46.090] [BW] Path 8351: 19321.1µs (7.0GB/s)
  [2026-06-12 17:07:46.101] [BW] Path 8351: 9469.9µs (14.2GB/s)
  [2026-06-12 17:07:46.103] [LAT] Path 8351: 95.8µs (0.0GB/s)
  [2026-06-12 17:07:46.105] [LAT] Path 8351: 91.7µs (0.0GB/s)
  [2026-06-12 17:07:46.106] [LAT] Path 8351: 92.8µs (0.0GB/s)
  [2026-06-12 17:07:46.108] [LAT] Path 8351: 90.9µs (0.1GB/s)
  [2026-06-12 17:07:46.109] [LAT] Path 8351: 76.6µs (0.1GB/s)
  [2026-06-12 17:07:46.111] [LAT] Path 8351: 74.2µs (0.1GB/s)
  [2026-06-12 17:07:46.112] [LAT] Path 8351: 73.9µs (0.1GB/s)
  [2026-06-12 17:07:46.114] [LAT] Path 8351: 73.0µs (0.1GB/s)
  [2026-06-12 17:07:47.124] [LAT] Path 1478: 93.0µs (0.0GB/s)
  [2026-06-12 17:07:47.126] [LAT] Path 1478: 86.9µs (0.1GB/s)
  [2026-06-12 17:07:47.128] [LAT] Path 1478: 87.2µs (0.1GB/s)
  [2026-06-12 17:07:47.129] [LAT] Path 1478: 75.3µs (0.1GB/s)
  [2026-06-12 17:07:47.131] [LAT] Path 1478: 73.7µs (0.1GB/s)
  [2026-06-12 17:07:47.132] [LAT] Path 1478: 73.2µs (0.1GB/s)
  [2026-06-12 17:07:47.134] [LAT] Path 1478: 73.4µs (0.1GB/s)
  [2026-06-12 17:07:47.135] [LAT] Path 1478: 85.4µs (0.1GB/s)
  [2026-06-12 17:07:47.137] [LAT] Path 1478: 89.7µs (0.1GB/s)
  [2026-06-12 17:07:47.147] [BW] Path 1478: 8792.1µs (15.3GB/s)
  [2026-06-12 17:07:48.165] [BW] Path 1478: 7581.8µs (17.7GB/s)
  [2026-06-12 17:07:48.186] [BW] Path 1478: 19463.0µs (6.9GB/s)
  [2026-06-12 17:07:48.195] [BW] Path 1478: 6879.9µs (19.5GB/s)
  [2026-06-12 17:07:48.207] [BW] Path 1478: 10668.9µs (12.6GB/s)
  [2026-06-12 17:07:48.208] [LAT] Path 1478: 76.7µs (0.1GB/s)
  [2026-06-12 17:07:48.210] [LAT] Path 1478: 76.8µs (0.1GB/s)
  [2026-06-12 17:07:48.212] [LAT] Path 1478: 74.5µs (0.1GB/s)
  [2026-06-12 17:07:48.213] [LAT] Path 1478: 74.4µs (0.1GB/s)
  [2026-06-12 17:07:48.215] [LAT] Path 1478: 87.4µs (0.1GB/s)
  [2026-06-12 17:07:48.216] [LAT] Path 1478: 102.0µs (0.0GB/s)
  [2026-06-12 17:07:49.227] [LAT] Path 8351: 716.3µs (0.0GB/s)
  [2026-06-12 17:07:49.229] [LAT] Path 8351: 78.0µs (0.1GB/s)
  [2026-06-12 17:07:49.231] [LAT] Path 8351: 72.8µs (0.1GB/s)
  [2026-06-12 17:07:49.232] [LAT] Path 8351: 73.4µs (0.1GB/s)
  [2026-06-12 17:07:49.234] [LAT] Path 8351: 72.7µs (0.1GB/s)
  [2026-06-12 17:07:49.235] [LAT] Path 8351: 73.2µs (0.1GB/s)
  [2026-06-12 17:07:49.237] [LAT] Path 8351: 74.4µs (0.1GB/s)
  [2026-06-12 17:07:49.238] [LAT] Path 8351: 88.3µs (0.1GB/s)
  [2026-06-12 17:07:49.240] [LAT] Path 8351: 87.0µs (0.1GB/s)
  [2026-06-12 17:07:49.243] [LAT] Path 8351: 1776.0µs (0.0GB/s)
  [2026-06-12 17:07:50.254] [LAT] Path 1478: 103.8µs (0.0GB/s)
  [2026-06-12 17:07:50.255] [LAT] Path 1478: 76.3µs (0.1GB/s)
  [2026-06-12 17:07:50.257] [LAT] Path 1478: 75.5µs (0.1GB/s)
  [2026-06-12 17:07:50.258] [LAT] Path 1478: 72.8µs (0.1GB/s)
  [2026-06-12 17:07:50.260] [LAT] Path 1478: 75.9µs (0.1GB/s)
  [2026-06-12 17:07:50.262] [LAT] Path 1478: 87.6µs (0.1GB/s)
  [2026-06-12 17:07:50.263] [LAT] Path 1478: 87.4µs (0.1GB/s)
  [2026-06-12 17:07:50.265] [LAT] Path 1478: 85.2µs (0.1GB/s)
  [2026-06-12 17:07:50.266] [LAT] Path 1478: 87.0µs (0.1GB/s)
  [2026-06-12 17:07:50.274] [BW] Path 1478: 6571.7µs (20.4GB/s)
  [2026-06-12 17:07:51.295] [BW] Path 8351: 9952.4µs (13.5GB/s)
  [2026-06-12 17:07:51.314] [BW] Path 8351: 17449.0µs (7.7GB/s)
  [2026-06-12 17:07:51.323] [BW] Path 8351: 7966.4µs (16.9GB/s)
  [2026-06-12 17:07:51.336] [BW] Path 8351: 11414.0µs (11.8GB/s)
  [2026-06-12 17:07:51.345] [BW] Path 8351: 6968.7µs (19.3GB/s)
  [2026-06-12 17:07:51.356] [BW] Path 8351: 10037.3µs (13.4GB/s)
  [2026-06-12 17:07:51.369] [BW] Path 8351: 11320.9µs (11.9GB/s)
  [2026-06-12 17:07:51.371] [LAT] Path 8351: 95.9µs (0.0GB/s)
  [2026-06-12 17:07:51.372] [LAT] Path 8351: 94.3µs (0.0GB/s)
  [2026-06-12 17:07:51.374] [LAT] Path 8351: 75.2µs (0.1GB/s)
  [2026-06-12 17:07:52.385] [LAT] Path 8351: 140.0µs (0.0GB/s)
  [2026-06-12 17:07:52.388] [LAT] Path 8351: 2166.5µs (0.0GB/s)
  [2026-06-12 17:07:52.393] [LAT] Path 8351: 2734.2µs (0.0GB/s)
  [2026-06-12 17:07:52.394] [LAT] Path 8351: 75.2µs (0.1GB/s)
  [2026-06-12 17:07:52.396] [LAT] Path 8351: 74.6µs (0.1GB/s)
  [2026-06-12 17:07:52.397] [LAT] Path 8351: 73.8µs (0.1GB/s)
  [2026-06-12 17:07:52.399] [LAT] Path 8351: 91.2µs (0.0GB/s)
  [2026-06-12 17:07:52.401] [LAT] Path 8351: 91.5µs (0.0GB/s)
  [2026-06-12 17:07:52.402] [LAT] Path 8351: 85.2µs (0.1GB/s)
  [2026-06-12 17:07:52.404] [LAT] Path 8351: 94.5µs (0.0GB/s)
  [2026-06-12 17:07:53.426] [BW] Path 1478: 12299.2µs (10.9GB/s)
  [2026-06-12 17:07:53.435] [BW] Path 1478: 7024.3µs (19.1GB/s)
  [2026-06-12 17:07:53.446] [BW] Path 1478: 9973.8µs (13.5GB/s)
  [2026-06-12 17:07:53.456] [BW] Path 1478: 8002.4µs (16.8GB/s)
  [2026-06-12 17:07:53.457] [LAT] Path 1478: 96.6µs (0.0GB/s)
  [2026-06-12 17:07:53.459] [LAT] Path 1478: 154.1µs (0.0GB/s)
  [2026-06-12 17:07:53.460] [LAT] Path 1478: 74.3µs (0.1GB/s)
  [2026-06-12 17:07:53.471] [BW] Path 1478: 9396.9µs (14.3GB/s)
  [2026-06-12 17:07:53.491] [BW] Path 1478: 18152.0µs (7.4GB/s)
  [2026-06-12 17:07:53.500] [BW] Path 1478: 7522.8µs (17.8GB/s)
  [2026-06-12 17:07:54.525] [BW] Path 1478: 13920.0µs (9.6GB/s)
  [2026-06-12 17:07:54.538] [BW] Path 1478: 11713.4µs (11.5GB/s)
  [2026-06-12 17:07:54.556] [BW] Path 1478: 16529.2µs (8.1GB/s)
  [2026-06-12 17:07:54.566] [BW] Path 1478: 8761.3µs (15.3GB/s)
  [2026-06-12 17:07:54.568] [LAT] Path 1478: 78.2µs (0.1GB/s)
  [2026-06-12 17:07:54.571] [LAT] Path 1478: 1108.4µs (0.0GB/s)
  [2026-06-12 17:07:54.572] [LAT] Path 1478: 96.3µs (0.0GB/s)
  [2026-06-12 17:07:54.574] [LAT] Path 1478: 91.0µs (0.0GB/s)
  [2026-06-12 17:07:54.575] [LAT] Path 1478: 70.3µs (0.1GB/s)
  [2026-06-12 17:07:54.577] [LAT] Path 1478: 74.3µs (0.1GB/s)
  [2026-06-12 17:07:55.588] [LAT] Path 1478: 91.2µs (0.0GB/s)
  [2026-06-12 17:07:55.589] [LAT] Path 1478: 93.3µs (0.0GB/s)
  [2026-06-12 17:07:55.591] [LAT] Path 1478: 94.2µs (0.0GB/s)
  [2026-06-12 17:07:55.592] [LAT] Path 1478: 93.4µs (0.0GB/s)
  [2026-06-12 17:07:55.594] [LAT] Path 1478: 93.0µs (0.0GB/s)
  [2026-06-12 17:07:55.596] [LAT] Path 1478: 75.2µs (0.1GB/s)
  [2026-06-12 17:07:55.597] [LAT] Path 1478: 76.6µs (0.1GB/s)
  [2026-06-12 17:07:55.599] [LAT] Path 1478: 73.1µs (0.1GB/s)
  [2026-06-12 17:07:55.600] [LAT] Path 1478: 74.0µs (0.1GB/s)
  [2026-06-12 17:07:55.602] [LAT] Path 1478: 75.9µs (0.1GB/s)
  [2026-06-12 17:07:56.622] [BW] Path 8351: 9945.7µs (13.5GB/s)
  [2026-06-12 17:07:56.634] [BW] Path 8351: 10749.2µs (12.5GB/s)
  [2026-06-12 17:07:56.644] [BW] Path 8351: 8367.2µs (16.0GB/s)
  [2026-06-12 17:07:56.654] [BW] Path 8351: 8521.3µs (15.8GB/s)
  [2026-06-12 17:07:56.665] [BW] Path 8351: 9542.0µs (14.1GB/s)
  [2026-06-12 17:07:56.679] [BW] Path 8351: 12127.2µs (11.1GB/s)
  [2026-06-12 17:07:56.697] [BW] Path 8351: 16689.4µs (8.0GB/s)
  [2026-06-12 17:07:56.706] [BW] Path 8351: 7737.8µs (17.4GB/s)
  [2026-06-12 17:07:56.719] [BW] Path 8351: 10845.0µs (12.4GB/s)
  [2026-06-12 17:07:56.727] [BW] Path 8351: 6905.8µs (19.4GB/s)
  [2026-06-12 17:07:57.738] [LAT] Path 1478: 151.8µs (0.0GB/s)
  [2026-06-12 17:07:57.740] [LAT] Path 1478: 107.1µs (0.0GB/s)
  [2026-06-12 17:07:57.742] [LAT] Path 1478: 105.8µs (0.0GB/s)
  [2026-06-12 17:07:57.743] [LAT] Path 1478: 99.5µs (0.0GB/s)
  [2026-06-12 17:07:57.745] [LAT] Path 1478: 109.6µs (0.0GB/s)
  [2026-06-12 17:07:57.746] [LAT] Path 1478: 96.9µs (0.0GB/s)
  [2026-06-12 17:07:57.748] [LAT] Path 1478: 113.1µs (0.0GB/s)
  [2026-06-12 17:07:57.749] [LAT] Path 1478: 102.4µs (0.0GB/s)
  [2026-06-12 17:07:57.751] [LAT] Path 1478: 75.6µs (0.1GB/s)
  [2026-06-12 17:07:57.753] [LAT] Path 1478: 73.0µs (0.1GB/s)
  [2026-06-12 17:07:58.771] [BW] Path 8351: 8605.6µs (15.6GB/s)
  [2026-06-12 17:07:58.781] [BW] Path 8351: 8808.2µs (15.2GB/s)
  [2026-06-12 17:07:58.790] [BW] Path 8351: 7583.9µs (17.7GB/s)
  [2026-06-12 17:07:58.809] [BW] Path 8351: 17249.8µs (7.8GB/s)
  [2026-06-12 17:07:58.818] [BW] Path 8351: 7157.9µs (18.8GB/s)
  [2026-06-12 17:07:58.835] [BW] Path 8351: 15251.9µs (8.8GB/s)
  [2026-06-12 17:07:58.843] [BW] Path 8351: 7090.9µs (18.9GB/s)
  [2026-06-12 17:07:58.855] [BW] Path 8351: 10053.4µs (13.3GB/s)
  [2026-06-12 17:07:58.863] [BW] Path 8351: 6701.3µs (20.0GB/s)
  [2026-06-12 17:07:58.865] [LAT] Path 8351: 111.1µs (0.0GB/s)
  [2026-06-12 17:07:59.875] [LAT] Path 8351: 128.1µs (0.0GB/s)
  [2026-06-12 17:07:59.877] [LAT] Path 8351: 153.4µs (0.0GB/s)
  [2026-06-12 17:07:59.890] [BW] Path 8351: 11084.0µs (12.1GB/s)
  [2026-06-12 17:07:59.904] [BW] Path 8351: 12717.1µs (10.6GB/s)
  [2026-06-12 17:07:59.919] [BW] Path 8351: 14053.1µs (9.6GB/s)
  [2026-06-12 17:07:59.931] [BW] Path 8351: 9886.6µs (13.6GB/s)
  [2026-06-12 17:07:59.940] [BW] Path 8351: 7173.0µs (18.7GB/s)
  [2026-06-12 17:07:59.941] [LAT] Path 8351: 77.1µs (0.1GB/s)
  [2026-06-12 17:07:59.943] [LAT] Path 8351: 90.1µs (0.1GB/s)
  [2026-06-12 17:07:59.944] [LAT] Path 8351: 87.6µs (0.1GB/s)
  [2026-06-12 17:08:00.955] [LAT] Path 1478: 107.5µs (0.0GB/s)
  [2026-06-12 17:08:00.957] [LAT] Path 1478: 79.5µs (0.1GB/s)
  [2026-06-12 17:08:00.958] [LAT] Path 1478: 74.0µs (0.1GB/s)
  [2026-06-12 17:08:00.960] [LAT] Path 1478: 74.4µs (0.1GB/s)
  [2026-06-12 17:08:00.961] [LAT] Path 1478: 75.0µs (0.1GB/s)
  [2026-06-12 17:08:00.963] [LAT] Path 1478: 73.9µs (0.1GB/s)
  [2026-06-12 17:08:00.965] [LAT] Path 1478: 76.3µs (0.1GB/s)
  [2026-06-12 17:08:00.966] [LAT] Path 1478: 95.7µs (0.0GB/s)
  [2026-06-12 17:08:00.968] [LAT] Path 1478: 94.8µs (0.0GB/s)
  [2026-06-12 17:08:00.969] [LAT] Path 1478: 89.8µs (0.1GB/s)
  [2026-06-12 17:08:01.989] [BW] Path 8351: 9328.6µs (14.4GB/s)
  [2026-06-12 17:08:01.999] [BW] Path 8351: 7961.0µs (16.9GB/s)
  [2026-06-12 17:08:02.010] [BW] Path 8351: 10261.2µs (13.1GB/s)
  [2026-06-12 17:08:02.021] [BW] Path 8351: 9504.0µs (14.1GB/s)
  [2026-06-12 17:08:02.030] [BW] Path 8351: 6855.0µs (19.6GB/s)
  [2026-06-12 17:08:02.042] [BW] Path 8351: 10393.5µs (12.9GB/s)
  [2026-06-12 17:08:02.053] [BW] Path 8351: 9851.1µs (13.6GB/s)
  [2026-06-12 17:08:02.064] [BW] Path 8351: 9800.5µs (13.7GB/s)
  [2026-06-12 17:08:02.075] [BW] Path 8351: 8636.4µs (15.5GB/s)
  [2026-06-12 17:08:02.084] [BW] Path 8351: 8411.5µs (16.0GB/s)
  [2026-06-12 17:08:03.102] [BW] Path 8351: 7061.6µs (19.0GB/s)
  [2026-06-12 17:08:03.123] [BW] Path 8351: 19633.7µs (6.8GB/s)
  [2026-06-12 17:08:03.125] [LAT] Path 8351: 79.3µs (0.1GB/s)
  [2026-06-12 17:08:03.137] [BW] Path 8351: 10767.9µs (12.5GB/s)
  [2026-06-12 17:08:03.154] [BW] Path 8351: 14746.2µs (9.1GB/s)
  [2026-06-12 17:08:03.167] [BW] Path 8351: 11953.0µs (11.2GB/s)
  [2026-06-12 17:08:03.182] [BW] Path 8351: 13338.6µs (10.1GB/s)
  [2026-06-12 17:08:03.191] [BW] Path 8351: 7543.8µs (17.8GB/s)
  [2026-06-12 17:08:03.193] [LAT] Path 8351: 97.6µs (0.0GB/s)
  [2026-06-12 17:08:03.194] [LAT] Path 8351: 94.5µs (0.0GB/s)
  [2026-06-12 17:08:04.205] [LAT] Path 1478: 115.8µs (0.0GB/s)
  [2026-06-12 17:08:04.207] [LAT] Path 1478: 75.7µs (0.1GB/s)
  [2026-06-12 17:08:04.209] [LAT] Path 1478: 81.3µs (0.1GB/s)
  [2026-06-12 17:08:04.210] [LAT] Path 1478: 88.4µs (0.1GB/s)
  [2026-06-12 17:08:04.212] [LAT] Path 1478: 88.5µs (0.1GB/s)
  [2026-06-12 17:08:04.213] [LAT] Path 1478: 88.5µs (0.1GB/s)
  [2026-06-12 17:08:04.215] [LAT] Path 1478: 92.7µs (0.0GB/s)
  [2026-06-12 17:08:04.216] [LAT] Path 1478: 76.1µs (0.1GB/s)
  [2026-06-12 17:08:04.218] [LAT] Path 1478: 74.0µs (0.1GB/s)
  [2026-06-12 17:08:04.220] [LAT] Path 1478: 75.6µs (0.1GB/s)
  [2026-06-12 17:08:05.237] [BW] Path 8351: 7653.1µs (17.5GB/s)
  [2026-06-12 17:08:05.258] [BW] Path 8351: 19287.8µs (7.0GB/s)
  [2026-06-12 17:08:05.267] [BW] Path 8351: 6728.6µs (19.9GB/s)
  [2026-06-12 17:08:05.279] [BW] Path 8351: 10523.8µs (12.8GB/s)
  [2026-06-12 17:08:05.287] [BW] Path 8351: 6911.8µs (19.4GB/s)
  [2026-06-12 17:08:05.300] [BW] Path 8351: 11133.1µs (12.1GB/s)
  [2026-06-12 17:08:05.308] [BW] Path 8351: 7248.3µs (18.5GB/s)
  [2026-06-12 17:08:05.328] [BW] Path 8351: 18066.0µs (7.4GB/s)
  [2026-06-12 17:08:05.339] [BW] Path 8351: 9254.5µs (14.5GB/s)
  [2026-06-12 17:08:05.352] [BW] Path 8351: 11694.8µs (11.5GB/s)
  [2026-06-12 17:08:06.382] [BW] Path 8351: 19338.5µs (6.9GB/s)
  [2026-06-12 17:08:06.404] [BW] Path 8351: 20173.8µs (6.7GB/s)
  [2026-06-12 17:08:06.425] [BW] Path 8351: 19485.7µs (6.9GB/s)
  [2026-06-12 17:08:06.426] [LAT] Path 8351: 74.4µs (0.1GB/s)
  [2026-06-12 17:08:06.428] [LAT] Path 8351: 75.6µs (0.1GB/s)
  [2026-06-12 17:08:06.429] [LAT] Path 8351: 74.0µs (0.1GB/s)
  [2026-06-12 17:08:06.431] [LAT] Path 8351: 74.7µs (0.1GB/s)
  [2026-06-12 17:08:06.432] [LAT] Path 8351: 76.3µs (0.1GB/s)
  [2026-06-12 17:08:06.434] [LAT] Path 8351: 90.6µs (0.1GB/s)
  [2026-06-12 17:08:06.436] [LAT] Path 8351: 90.4µs (0.1GB/s)
  [2026-06-12 17:08:07.447] [LAT] Path 8351: 100.0µs (0.0GB/s)
  [2026-06-12 17:08:07.452] [LAT] Path 8351: 3629.9µs (0.0GB/s)
  [2026-06-12 17:08:07.453] [LAT] Path 8351: 74.5µs (0.1GB/s)
  [2026-06-12 17:08:07.455] [LAT] Path 8351: 70.2µs (0.1GB/s)
  [2026-06-12 17:08:07.457] [LAT] Path 8351: 94.8µs (0.0GB/s)
  [2026-06-12 17:08:07.458] [LAT] Path 8351: 91.9µs (0.0GB/s)
  [2026-06-12 17:08:07.460] [LAT] Path 8351: 95.3µs (0.0GB/s)
  [2026-06-12 17:08:07.461] [LAT] Path 8351: 93.0µs (0.0GB/s)
  [2026-06-12 17:08:07.463] [LAT] Path 8351: 71.4µs (0.1GB/s)
  [2026-06-12 17:08:07.471] [BW] Path 8351: 6567.0µs (20.4GB/s)
  [2026-06-12 17:08:08.493] [BW] Path 8351: 11671.0µs (11.5GB/s)
  [2026-06-12 17:08:08.501] [BW] Path 8351: 6764.8µs (19.8GB/s)
  [2026-06-12 17:08:08.514] [BW] Path 8351: 11135.1µs (12.1GB/s)
  [2026-06-12 17:08:08.523] [BW] Path 8351: 7055.6µs (19.0GB/s)
  [2026-06-12 17:08:08.540] [BW] Path 8351: 16099.6µs (8.3GB/s)
  [2026-06-12 17:08:08.548] [BW] Path 8351: 6819.0µs (19.7GB/s)
  [2026-06-12 17:08:08.566] [BW] Path 8351: 16213.5µs (8.3GB/s)
  [2026-06-12 17:08:08.575] [BW] Path 8351: 7575.2µs (17.7GB/s)
  [2026-06-12 17:08:08.577] [LAT] Path 8351: 91.8µs (0.0GB/s)
  [2026-06-12 17:08:08.587] [BW] Path 8351: 8596.5µs (15.6GB/s)
  [2026-06-12 17:08:09.598] [LAT] Path 1478: 135.2µs (0.0GB/s)
  [2026-06-12 17:08:09.600] [LAT] Path 1478: 154.1µs (0.0GB/s)
  [2026-06-12 17:08:09.601] [LAT] Path 1478: 75.0µs (0.1GB/s)
  [2026-06-12 17:08:09.603] [LAT] Path 1478: 75.8µs (0.1GB/s)
  [2026-06-12 17:08:09.604] [LAT] Path 1478: 74.9µs (0.1GB/s)
  [2026-06-12 17:08:09.606] [LAT] Path 1478: 76.2µs (0.1GB/s)
  [2026-06-12 17:08:09.608] [LAT] Path 1478: 71.5µs (0.1GB/s)
  [2026-06-12 17:08:09.609] [LAT] Path 1478: 95.8µs (0.0GB/s)
  [2026-06-12 17:08:09.614] [LAT] Path 1478: 3368.4µs (0.0GB/s)
  [2026-06-12 17:08:09.616] [LAT] Path 1478: 300.3µs (0.0GB/s)
  [2026-06-12 17:08:10.626] [LAT] Path 1478: 80.7µs (0.1GB/s)
  [2026-06-12 17:08:10.627] [LAT] Path 1478: 75.5µs (0.1GB/s)
  [2026-06-12 17:08:10.629] [LAT] Path 1478: 75.3µs (0.1GB/s)
  [2026-06-12 17:08:10.631] [LAT] Path 1478: 73.9µs (0.1GB/s)
  [2026-06-12 17:08:10.632] [LAT] Path 1478: 89.8µs (0.1GB/s)
  [2026-06-12 17:08:10.634] [LAT] Path 1478: 86.6µs (0.1GB/s)
  [2026-06-12 17:08:10.635] [LAT] Path 1478: 92.8µs (0.0GB/s)
  [2026-06-12 17:08:10.637] [LAT] Path 1478: 84.8µs (0.1GB/s)
  [2026-06-12 17:08:10.640] [LAT] Path 1478: 1361.4µs (0.0GB/s)
  [2026-06-12 17:08:10.641] [LAT] Path 1478: 74.0µs (0.1GB/s)
  [2026-06-12 17:08:11.654] [LAT] Path 1478: 2205.6µs (0.0GB/s)
  [2026-06-12 17:08:11.655] [LAT] Path 1478: 77.0µs (0.1GB/s)
  [2026-06-12 17:08:11.657] [LAT] Path 1478: 76.5µs (0.1GB/s)
  [2026-06-12 17:08:11.659] [LAT] Path 1478: 88.9µs (0.1GB/s)
  [2026-06-12 17:08:11.660] [LAT] Path 1478: 87.2µs (0.1GB/s)
  [2026-06-12 17:08:11.662] [LAT] Path 1478: 84.7µs (0.1GB/s)
  [2026-06-12 17:08:11.663] [LAT] Path 1478: 86.5µs (0.1GB/s)
  [2026-06-12 17:08:11.665] [LAT] Path 1478: 78.7µs (0.1GB/s)
  [2026-06-12 17:08:11.666] [LAT] Path 1478: 85.5µs (0.1GB/s)
  [2026-06-12 17:08:11.670] [LAT] Path 1478: 2132.6µs (0.0GB/s)
  [2026-06-12 17:08:12.681] [LAT] Path 8351: 361.2µs (0.0GB/s)
  [2026-06-12 17:08:12.682] [LAT] Path 8351: 105.9µs (0.0GB/s)
  [2026-06-12 17:08:12.684] [LAT] Path 8351: 101.0µs (0.0GB/s)
  [2026-06-12 17:08:12.694] [LAT] Path 8351: 8305.8µs (0.0GB/s)
  [2026-06-12 17:08:12.695] [LAT] Path 8351: 81.7µs (0.1GB/s)
  [2026-06-12 17:08:12.697] [LAT] Path 8351: 75.1µs (0.1GB/s)
  [2026-06-12 17:08:12.699] [LAT] Path 8351: 83.2µs (0.1GB/s)
  [2026-06-12 17:08:12.700] [LAT] Path 8351: 73.7µs (0.1GB/s)
  [2026-06-12 17:08:12.702] [LAT] Path 8351: 74.3µs (0.1GB/s)
  [2026-06-12 17:08:12.703] [LAT] Path 8351: 74.2µs (0.1GB/s)
  [2026-06-12 17:08:13.714] [LAT] Path 1478: 116.8µs (0.0GB/s)
  [2026-06-12 17:08:13.716] [LAT] Path 1478: 75.4µs (0.1GB/s)
  [2026-06-12 17:08:13.717] [LAT] Path 1478: 89.4µs (0.1GB/s)
  [2026-06-12 17:08:13.719] [LAT] Path 1478: 85.5µs (0.1GB/s)
  [2026-06-12 17:08:13.720] [LAT] Path 1478: 86.5µs (0.1GB/s)
  [2026-06-12 17:08:13.722] [LAT] Path 1478: 86.7µs (0.1GB/s)
  [2026-06-12 17:08:13.724] [LAT] Path 1478: 161.2µs (0.0GB/s)
  [2026-06-12 17:08:13.725] [LAT] Path 1478: 76.7µs (0.1GB/s)
  [2026-06-12 17:08:13.727] [LAT] Path 1478: 74.3µs (0.1GB/s)
  [2026-06-12 17:08:13.730] [LAT] Path 1478: 1440.3µs (0.0GB/s)
  [2026-06-12 17:08:14.755] [BW] Path 1478: 14766.5µs (9.1GB/s)
  [2026-06-12 17:08:14.766] [BW] Path 1478: 9849.9µs (13.6GB/s)
  [2026-06-12 17:08:14.779] [BW] Path 1478: 11160.4µs (12.0GB/s)
  [2026-06-12 17:08:14.790] [BW] Path 1478: 9412.6µs (14.3GB/s)
  [2026-06-12 17:08:14.800] [BW] Path 1478: 9110.1µs (14.7GB/s)
  [2026-06-12 17:08:14.810] [BW] Path 1478: 7987.0µs (16.8GB/s)
  [2026-06-12 17:08:14.823] [BW] Path 1478: 11604.8µs (11.6GB/s)
  [2026-06-12 17:08:14.825] [LAT] Path 1478: 303.4µs (0.0GB/s)
  [2026-06-12 17:08:14.826] [LAT] Path 1478: 79.3µs (0.1GB/s)
  [2026-06-12 17:08:14.828] [LAT] Path 1478: 73.8µs (0.1GB/s)
  [2026-06-12 17:08:15.838] [LAT] Path 8351: 79.2µs (0.1GB/s)
  [2026-06-12 17:08:15.840] [LAT] Path 8351: 75.3µs (0.1GB/s)
  [2026-06-12 17:08:15.841] [LAT] Path 8351: 74.9µs (0.1GB/s)
  [2026-06-12 17:08:15.843] [LAT] Path 8351: 71.8µs (0.1GB/s)
  [2026-06-12 17:08:15.844] [LAT] Path 8351: 146.3µs (0.0GB/s)
  [2026-06-12 17:08:15.846] [LAT] Path 8351: 73.4µs (0.1GB/s)
  [2026-06-12 17:08:15.847] [LAT] Path 8351: 92.1µs (0.0GB/s)
  [2026-06-12 17:08:15.849] [LAT] Path 8351: 93.5µs (0.0GB/s)
  [2026-06-12 17:08:15.860] [LAT] Path 8351: 9797.8µs (0.0GB/s)
  [2026-06-12 17:08:15.870] [BW] Path 8351: 8017.0µs (16.7GB/s)
  [2026-06-12 17:08:16.897] [BW] Path 8351: 16536.8µs (8.1GB/s)
  [2026-06-12 17:08:16.906] [BW] Path 8351: 6663.8µs (20.1GB/s)
  [2026-06-12 17:08:16.920] [BW] Path 8351: 13403.7µs (10.0GB/s)
  [2026-06-12 17:08:16.929] [BW] Path 8351: 7439.1µs (18.0GB/s)
  [2026-06-12 17:08:16.931] [LAT] Path 8351: 138.3µs (0.0GB/s)
  [2026-06-12 17:08:16.933] [LAT] Path 8351: 108.6µs (0.0GB/s)
  [2026-06-12 17:08:16.934] [LAT] Path 8351: 88.1µs (0.1GB/s)
  [2026-06-12 17:08:16.936] [LAT] Path 8351: 80.1µs (0.1GB/s)
  [2026-06-12 17:08:16.938] [LAT] Path 8351: 79.7µs (0.1GB/s)
  [2026-06-12 17:08:16.939] [LAT] Path 8351: 77.2µs (0.1GB/s)
  [2026-06-12 17:08:17.963] [BW] Path 8351: 12549.3µs (10.7GB/s)
  [2026-06-12 17:08:17.974] [BW] Path 8351: 10234.5µs (13.1GB/s)
  [2026-06-12 17:08:17.988] [BW] Path 8351: 12621.0µs (10.6GB/s)
  [2026-06-12 17:08:18.000] [BW] Path 8351: 10090.0µs (13.3GB/s)
  [2026-06-12 17:08:18.011] [BW] Path 8351: 9248.6µs (14.5GB/s)
  [2026-06-12 17:08:18.020] [BW] Path 8351: 7695.7µs (17.4GB/s)
  [2026-06-12 17:08:18.022] [LAT] Path 8351: 80.8µs (0.1GB/s)
  [2026-06-12 17:08:18.024] [LAT] Path 8351: 447.0µs (0.0GB/s)
  [2026-06-12 17:08:18.025] [LAT] Path 8351: 87.3µs (0.1GB/s)
  [2026-06-12 17:08:18.027] [LAT] Path 8351: 91.9µs (0.0GB/s)
  [2026-06-12 17:08:19.038] [LAT] Path 8351: 123.9µs (0.0GB/s)
  [2026-06-12 17:08:19.040] [LAT] Path 8351: 77.6µs (0.1GB/s)
  [2026-06-12 17:08:19.041] [LAT] Path 8351: 69.6µs (0.1GB/s)
  [2026-06-12 17:08:19.043] [LAT] Path 8351: 96.4µs (0.0GB/s)
  [2026-06-12 17:08:19.045] [LAT] Path 8351: 99.4µs (0.0GB/s)
  [2026-06-12 17:08:19.049] [LAT] Path 8351: 2742.0µs (0.0GB/s)
  [2026-06-12 17:08:19.051] [LAT] Path 8351: 77.2µs (0.1GB/s)
  [2026-06-12 17:08:19.052] [LAT] Path 8351: 77.3µs (0.1GB/s)
  [2026-06-12 17:08:19.054] [LAT] Path 8351: 78.2µs (0.1GB/s)
  [2026-06-12 17:08:19.055] [LAT] Path 8351: 77.0µs (0.1GB/s)
  [2026-06-12 17:08:20.066] [LAT] Path 1478: 80.6µs (0.1GB/s)
  [2026-06-12 17:08:20.067] [LAT] Path 1478: 77.7µs (0.1GB/s)
  [2026-06-12 17:08:20.070] [LAT] Path 1478: 1249.4µs (0.0GB/s)
  [2026-06-12 17:08:20.072] [LAT] Path 1478: 90.1µs (0.1GB/s)
  [2026-06-12 17:08:20.073] [LAT] Path 1478: 88.3µs (0.1GB/s)
  [2026-06-12 17:08:20.075] [LAT] Path 1478: 79.2µs (0.1GB/s)
  [2026-06-12 17:08:20.077] [LAT] Path 1478: 76.6µs (0.1GB/s)
  [2026-06-12 17:08:20.078] [LAT] Path 1478: 76.8µs (0.1GB/s)
  [2026-06-12 17:08:20.080] [LAT] Path 1478: 77.1µs (0.1GB/s)
  [2026-06-12 17:08:20.081] [LAT] Path 1478: 80.8µs (0.1GB/s)
  [2026-06-12 17:08:21.104] [BW] Path 8351: 12123.1µs (11.1GB/s)
  [2026-06-12 17:08:21.116] [BW] Path 8351: 10923.9µs (12.3GB/s)
  [2026-06-12 17:08:21.133] [BW] Path 8351: 15413.8µs (8.7GB/s)
  [2026-06-12 17:08:21.143] [BW] Path 8351: 7651.4µs (17.5GB/s)
  [2026-06-12 17:08:21.154] [BW] Path 8351: 10424.2µs (12.9GB/s)
  [2026-06-12 17:08:21.163] [BW] Path 8351: 6991.4µs (19.2GB/s)
  [2026-06-12 17:08:21.179] [BW] Path 8351: 14482.9µs (9.3GB/s)
  [2026-06-12 17:08:21.181] [LAT] Path 8351: 81.3µs (0.1GB/s)
  [2026-06-12 17:08:21.182] [LAT] Path 8351: 77.0µs (0.1GB/s)
  [2026-06-12 17:08:21.184] [LAT] Path 8351: 77.1µs (0.1GB/s)
  [2026-06-12 17:08:22.195] [LAT] Path 1478: 162.7µs (0.0GB/s)
  [2026-06-12 17:08:22.197] [LAT] Path 1478: 98.8µs (0.0GB/s)
  [2026-06-12 17:08:22.198] [LAT] Path 1478: 88.1µs (0.1GB/s)
  [2026-06-12 17:08:22.200] [LAT] Path 1478: 78.4µs (0.1GB/s)
  [2026-06-12 17:08:22.201] [LAT] Path 1478: 75.9µs (0.1GB/s)
  [2026-06-12 17:08:22.203] [LAT] Path 1478: 76.3µs (0.1GB/s)
  [2026-06-12 17:08:22.205] [LAT] Path 1478: 76.0µs (0.1GB/s)
  [2026-06-12 17:08:22.206] [LAT] Path 1478: 74.8µs (0.1GB/s)
  [2026-06-12 17:08:22.208] [LAT] Path 1478: 72.8µs (0.1GB/s)
  [2026-06-12 17:08:22.209] [LAT] Path 1478: 87.2µs (0.1GB/s)
  [2026-06-12 17:08:23.219] [LAT] Path 8351: 97.3µs (0.0GB/s)
  [2026-06-12 17:08:23.221] [LAT] Path 8351: 87.8µs (0.1GB/s)
  [2026-06-12 17:08:23.222] [LAT] Path 8351: 99.7µs (0.0GB/s)
  [2026-06-12 17:08:23.231] [BW] Path 8351: 6556.5µs (20.5GB/s)
  [2026-06-12 17:08:23.242] [BW] Path 8351: 10502.4µs (12.8GB/s)
  [2026-06-12 17:08:23.251] [BW] Path 8351: 6776.7µs (19.8GB/s)
  [2026-06-12 17:08:23.265] [BW] Path 8351: 12863.0µs (10.4GB/s)
  [2026-06-12 17:08:23.274] [BW] Path 8351: 7669.6µs (17.5GB/s)
  [2026-06-12 17:08:23.285] [BW] Path 8351: 9293.6µs (14.4GB/s)
  [2026-06-12 17:08:23.296] [BW] Path 8351: 9076.6µs (14.8GB/s)
  [2026-06-12 17:08:24.306] [LAT] Path 1478: 82.0µs (0.1GB/s)
  [2026-06-12 17:08:24.308] [LAT] Path 1478: 76.3µs (0.1GB/s)
  [2026-06-12 17:08:24.309] [LAT] Path 1478: 75.2µs (0.1GB/s)
  [2026-06-12 17:08:24.311] [LAT] Path 1478: 75.3µs (0.1GB/s)
  [2026-06-12 17:08:24.312] [LAT] Path 1478: 92.0µs (0.0GB/s)
  [2026-06-12 17:08:24.314] [LAT] Path 1478: 92.3µs (0.0GB/s)
  [2026-06-12 17:08:24.315] [LAT] Path 1478: 95.0µs (0.0GB/s)
  [2026-06-12 17:08:24.317] [LAT] Path 1478: 93.0µs (0.0GB/s)
  [2026-06-12 17:08:24.319] [LAT] Path 1478: 94.1µs (0.0GB/s)
  [2026-06-12 17:08:24.320] [LAT] Path 1478: 77.0µs (0.1GB/s)
  [2026-06-12 17:08:25.341] [BW] Path 8351: 9857.6µs (13.6GB/s)
  [2026-06-12 17:08:25.357] [BW] Path 8351: 15081.8µs (8.9GB/s)
  [2026-06-12 17:08:25.375] [BW] Path 8351: 16221.9µs (8.3GB/s)
  [2026-06-12 17:08:25.384] [BW] Path 8351: 7790.5µs (17.2GB/s)
  [2026-06-12 17:08:25.386] [LAT] Path 8351: 78.1µs (0.1GB/s)
  [2026-06-12 17:08:25.387] [LAT] Path 8351: 91.8µs (0.0GB/s)
  [2026-06-12 17:08:25.389] [LAT] Path 8351: 87.1µs (0.1GB/s)
  [2026-06-12 17:08:25.391] [LAT] Path 8351: 90.9µs (0.1GB/s)
  [2026-06-12 17:08:25.392] [LAT] Path 8351: 88.3µs (0.1GB/s)
  [2026-06-12 17:08:25.394] [LAT] Path 8351: 70.2µs (0.1GB/s)
  [2026-06-12 17:08:26.405] [LAT] Path 8351: 99.6µs (0.0GB/s)
  [2026-06-12 17:08:26.413] [BW] Path 8351: 7332.3µs (18.3GB/s)
  [2026-06-12 17:08:26.430] [BW] Path 8351: 15096.2µs (8.9GB/s)
  [2026-06-12 17:08:26.440] [BW] Path 8351: 8946.4µs (15.0GB/s)
  [2026-06-12 17:08:26.458] [BW] Path 8351: 16004.3µs (8.4GB/s)
  [2026-06-12 17:08:26.466] [BW] Path 8351: 6811.8µs (19.7GB/s)
  [2026-06-12 17:08:26.478] [BW] Path 8351: 10461.5µs (12.8GB/s)
  [2026-06-12 17:08:26.487] [BW] Path 8351: 7781.2µs (17.2GB/s)
  [2026-06-12 17:08:26.502] [BW] Path 8351: 12836.5µs (10.5GB/s)
  [2026-06-12 17:08:26.515] [BW] Path 8351: 11635.8µs (11.5GB/s)
  [2026-06-12 17:08:27.542] [BW] Path 1478: 16872.2µs (8.0GB/s)
  [2026-06-12 17:08:27.565] [BW] Path 1478: 20698.7µs (6.5GB/s)
  [2026-06-12 17:08:27.566] [LAT] Path 1478: 97.5µs (0.0GB/s)
  [2026-06-12 17:08:27.568] [LAT] Path 1478: 87.1µs (0.1GB/s)
  [2026-06-12 17:08:27.572] [LAT] Path 1478: 2274.8µs (0.0GB/s)
  [2026-06-12 17:08:27.573] [LAT] Path 1478: 77.3µs (0.1GB/s)
  [2026-06-12 17:08:27.575] [LAT] Path 1478: 76.2µs (0.1GB/s)
  [2026-06-12 17:08:27.576] [LAT] Path 1478: 76.8µs (0.1GB/s)
  [2026-06-12 17:08:27.578] [LAT] Path 1478: 74.8µs (0.1GB/s)
  [2026-06-12 17:08:27.579] [LAT] Path 1478: 73.4µs (0.1GB/s)
  [2026-06-12 17:08:28.598] [BW] Path 8351: 7588.2µs (17.7GB/s)
  [2026-06-12 17:08:28.609] [BW] Path 8351: 9311.3µs (14.4GB/s)
  [2026-06-12 17:08:28.617] [BW] Path 8351: 6623.5µs (20.3GB/s)
  [2026-06-12 17:08:28.629] [BW] Path 8351: 9831.8µs (13.7GB/s)
  [2026-06-12 17:08:28.637] [BW] Path 8351: 6651.6µs (20.2GB/s)
  [2026-06-12 17:08:28.648] [BW] Path 8351: 10064.8µs (13.3GB/s)
  [2026-06-12 17:08:28.657] [BW] Path 8351: 6607.7µs (20.3GB/s)
  [2026-06-12 17:08:28.667] [BW] Path 8351: 9272.4µs (14.5GB/s)
  [2026-06-12 17:08:28.676] [BW] Path 8351: 7315.7µs (18.4GB/s)
  [2026-06-12 17:08:28.686] [BW] Path 8351: 8522.6µs (15.8GB/s)
  [2026-06-12 17:08:29.700] [LAT] Path 1478: 169.1µs (0.0GB/s)
  [2026-06-12 17:08:29.702] [LAT] Path 1478: 95.7µs (0.0GB/s)
  [2026-06-12 17:08:29.706] [LAT] Path 1478: 2847.4µs (0.0GB/s)
  [2026-06-12 17:08:29.708] [LAT] Path 1478: 814.5µs (0.0GB/s)
  [2026-06-12 17:08:29.710] [LAT] Path 1478: 76.8µs (0.1GB/s)
  [2026-06-12 17:08:29.711] [LAT] Path 1478: 76.9µs (0.1GB/s)
  [2026-06-12 17:08:29.713] [LAT] Path 1478: 368.9µs (0.0GB/s)
  [2026-06-12 17:08:29.715] [LAT] Path 1478: 87.4µs (0.1GB/s)
  [2026-06-12 17:08:29.716] [LAT] Path 1478: 93.8µs (0.0GB/s)
  [2026-06-12 17:08:29.718] [LAT] Path 1478: 88.0µs (0.1GB/s)
  [2026-06-12 17:08:30.739] [BW] Path 8351: 7387.6µs (18.2GB/s)
  [2026-06-12 17:08:30.751] [BW] Path 8351: 9870.4µs (13.6GB/s)
  [2026-06-12 17:08:30.753] [LAT] Path 8351: 169.5µs (0.0GB/s)
  [2026-06-12 17:08:30.755] [LAT] Path 8351: 256.8µs (0.0GB/s)
  [2026-06-12 17:08:30.757] [LAT] Path 8351: 209.6µs (0.0GB/s)
  [2026-06-12 17:08:30.759] [LAT] Path 8351: 137.0µs (0.0GB/s)
  [2026-06-12 17:08:30.761] [LAT] Path 8351: 144.7µs (0.0GB/s)
  [2026-06-12 17:08:30.763] [LAT] Path 8351: 157.9µs (0.0GB/s)
  [2026-06-12 17:08:30.764] [LAT] Path 8351: 139.0µs (0.0GB/s)
  [2026-06-12 17:08:30.766] [LAT] Path 8351: 128.8µs (0.0GB/s)
  [2026-06-12 17:08:31.799] [LAT] Path 8351: 120.8µs (0.0GB/s)
  [2026-06-12 17:08:31.802] [LAT] Path 8351: 1079.4µs (0.0GB/s)
  [2026-06-12 17:08:31.803] [LAT] Path 8351: 93.9µs (0.0GB/s)
  [2026-06-12 17:08:31.805] [LAT] Path 8351: 89.6µs (0.1GB/s)
  [2026-06-12 17:08:31.806] [LAT] Path 8351: 101.2µs (0.0GB/s)
  [2026-06-12 17:08:31.808] [LAT] Path 8351: 93.0µs (0.0GB/s)
  [2026-06-12 17:08:31.810] [LAT] Path 8351: 73.6µs (0.1GB/s)
  [2026-06-12 17:08:31.811] [LAT] Path 8351: 129.2µs (0.0GB/s)
  [2026-06-12 17:08:31.813] [LAT] Path 8351: 95.7µs (0.0GB/s)
  [2026-06-12 17:08:31.815] [LAT] Path 8351: 73.4µs (0.1GB/s)
  [2026-06-12 17:08:32.889] [LAT] Path 51491: 188.2µs (0.0GB/s)
  [2026-06-12 17:08:32.892] [LAT] Path 51491: 454.7µs (0.0GB/s)
  [2026-06-12 17:08:32.894] [LAT] Path 51491: 363.4µs (0.0GB/s)
  [2026-06-12 17:08:32.896] [LAT] Path 51491: 152.7µs (0.0GB/s)
  [2026-06-12 17:08:32.898] [LAT] Path 51491: 147.8µs (0.0GB/s)
  [2026-06-12 17:08:32.900] [LAT] Path 51491: 168.8µs (0.0GB/s)
  [2026-06-12 17:08:32.902] [LAT] Path 51491: 104.3µs (0.0GB/s)
  [2026-06-12 17:08:32.904] [LAT] Path 51491: 101.9µs (0.0GB/s)
  [2026-06-12 17:08:32.906] [LAT] Path 51491: 109.3µs (0.0GB/s)
  [2026-06-12 17:08:32.908] [LAT] Path 51491: 113.2µs (0.0GB/s)
  [2026-06-12 17:08:34.237] [LAT] Path 51491: 169.5µs (0.0GB/s)
  [2026-06-12 17:08:34.239] [LAT] Path 51491: 104.7µs (0.0GB/s)
  [2026-06-12 17:08:34.251] [BW] Path 51491: 10379.6µs (12.9GB/s)
  [2026-06-12 17:08:34.263] [BW] Path 51491: 10187.3µs (13.2GB/s)
  [2026-06-12 17:08:34.271] [BW] Path 51491: 6775.4µs (19.8GB/s)
  [2026-06-12 17:08:34.286] [BW] Path 51491: 12586.1µs (10.7GB/s)
  [2026-06-12 17:08:34.294] [BW] Path 51491: 6955.6µs (19.3GB/s)
  [2026-06-12 17:08:34.305] [BW] Path 51491: 8995.0µs (14.9GB/s)
  [2026-06-12 17:08:34.317] [BW] Path 51491: 10821.8µs (12.4GB/s)
  [2026-06-12 17:08:34.327] [BW] Path 51491: 7665.8µs (17.5GB/s)
  [2026-06-12 17:08:35.365] [LAT] Path 51197: 137.0µs (0.0GB/s)
  [2026-06-12 17:08:35.374] [BW] Path 51197: 6516.2µs (20.6GB/s)
  [2026-06-12 17:08:35.387] [BW] Path 51197: 11608.6µs (11.6GB/s)
  [2026-06-12 17:08:35.398] [BW] Path 51197: 10209.1µs (13.2GB/s)
  [2026-06-12 17:08:35.408] [BW] Path 51197: 8523.8µs (15.8GB/s)
  [2026-06-12 17:08:35.418] [BW] Path 51197: 8524.5µs (15.7GB/s)
  [2026-06-12 17:08:35.428] [BW] Path 51197: 8186.4µs (16.4GB/s)
  [2026-06-12 17:08:35.440] [BW] Path 51197: 10126.7µs (13.2GB/s)
  [2026-06-12 17:08:35.449] [BW] Path 51197: 7842.9µs (17.1GB/s)
  [2026-06-12 17:08:35.460] [BW] Path 51197: 9171.9µs (14.6GB/s)
  [2026-06-12 17:08:36.745] [LAT] Path 8351: 144.9µs (0.0GB/s)
  [2026-06-12 17:08:36.747] [LAT] Path 8351: 83.5µs (0.1GB/s)
  [2026-06-12 17:08:36.749] [LAT] Path 8351: 83.4µs (0.1GB/s)
  [2026-06-12 17:08:36.752] [LAT] Path 8351: 1981.0µs (0.0GB/s)
  [2026-06-12 17:08:36.754] [LAT] Path 8351: 89.8µs (0.1GB/s)
  [2026-06-12 17:08:36.755] [LAT] Path 8351: 93.8µs (0.0GB/s)
  [2026-06-12 17:08:36.757] [LAT] Path 8351: 91.7µs (0.0GB/s)
  [2026-06-12 17:08:36.759] [LAT] Path 8351: 154.6µs (0.0GB/s)
  [2026-06-12 17:08:36.760] [LAT] Path 8351: 123.7µs (0.0GB/s)
  [2026-06-12 17:08:36.762] [LAT] Path 8351: 120.8µs (0.0GB/s)
  [2026-06-12 17:08:37.846] [LAT] Path 1478: 181.1µs (0.0GB/s)
  [2026-06-12 17:08:37.848] [LAT] Path 1478: 116.5µs (0.0GB/s)
  [2026-06-12 17:08:37.850] [LAT] Path 1478: 91.6µs (0.0GB/s)
  [2026-06-12 17:08:37.851] [LAT] Path 1478: 256.4µs (0.0GB/s)
  [2026-06-12 17:08:37.853] [LAT] Path 1478: 96.7µs (0.0GB/s)
  [2026-06-12 17:08:37.855] [LAT] Path 1478: 81.9µs (0.1GB/s)
  [2026-06-12 17:08:37.856] [LAT] Path 1478: 83.5µs (0.1GB/s)
  [2026-06-12 17:08:37.858] [LAT] Path 1478: 79.0µs (0.1GB/s)
  [2026-06-12 17:08:37.860] [LAT] Path 1478: 79.6µs (0.1GB/s)
  [2026-06-12 17:08:37.861] [LAT] Path 1478: 94.7µs (0.0GB/s)
  [2026-06-12 17:08:38.921] [LAT] Path 8351: 1751.9µs (0.0GB/s)
  [2026-06-12 17:08:38.923] [LAT] Path 8351: 124.8µs (0.0GB/s)
  [2026-06-12 17:08:38.925] [LAT] Path 8351: 114.1µs (0.0GB/s)
  [2026-06-12 17:08:38.927] [LAT] Path 8351: 132.0µs (0.0GB/s)
  [2026-06-12 17:08:38.929] [LAT] Path 8351: 435.9µs (0.0GB/s)
  [2026-06-12 17:08:38.931] [LAT] Path 8351: 121.4µs (0.0GB/s)
  [2026-06-12 17:08:38.933] [LAT] Path 8351: 126.4µs (0.0GB/s)
  [2026-06-12 17:08:38.934] [LAT] Path 8351: 127.0µs (0.0GB/s)
  [2026-06-12 17:08:38.936] [LAT] Path 8351: 117.7µs (0.0GB/s)
  [2026-06-12 17:08:38.938] [LAT] Path 8351: 115.7µs (0.0GB/s)
  [2026-06-12 17:08:40.187] [LAT] Path 1478: 184.0µs (0.0GB/s)
  [2026-06-12 17:08:40.189] [LAT] Path 1478: 93.6µs (0.0GB/s)
  [2026-06-12 17:08:40.197] [BW] Path 1478: 6575.6µs (20.4GB/s)
  [2026-06-12 17:08:40.209] [BW] Path 1478: 9977.8µs (13.4GB/s)
  [2026-06-12 17:08:40.221] [BW] Path 1478: 10327.1µs (13.0GB/s)
  [2026-06-12 17:08:40.231] [BW] Path 1478: 8432.1µs (15.9GB/s)
  [2026-06-12 17:08:40.241] [BW] Path 1478: 8341.9µs (16.1GB/s)
  [2026-06-12 17:08:40.252] [BW] Path 1478: 10187.0µs (13.2GB/s)
  [2026-06-12 17:08:40.264] [BW] Path 1478: 9767.5µs (13.7GB/s)
  [2026-06-12 17:08:40.274] [BW] Path 1478: 8539.0µs (15.7GB/s)
  [2026-06-12 17:08:41.310] [LAT] Path 8351: 185.9µs (0.0GB/s)
  [2026-06-12 17:08:41.312] [LAT] Path 8351: 143.9µs (0.0GB/s)
  [2026-06-12 17:08:41.313] [LAT] Path 8351: 131.7µs (0.0GB/s)
  [2026-06-12 17:08:41.318] [LAT] Path 8351: 2606.4µs (0.0GB/s)
  [2026-06-12 17:08:41.319] [LAT] Path 8351: 93.2µs (0.0GB/s)
  [2026-06-12 17:08:41.321] [LAT] Path 8351: 81.2µs (0.1GB/s)
  [2026-06-12 17:08:41.323] [LAT] Path 8351: 80.4µs (0.1GB/s)
  [2026-06-12 17:08:41.324] [LAT] Path 8351: 81.7µs (0.1GB/s)
  [2026-06-12 17:08:41.326] [LAT] Path 8351: 96.3µs (0.0GB/s)
  [2026-06-12 17:08:41.330] [LAT] Path 8351: 2786.6µs (0.0GB/s)
  [2026-06-12 17:08:42.354] [BW] Path 1478: 9414.2µs (14.3GB/s)
  [2026-06-12 17:08:42.363] [BW] Path 1478: 7630.9µs (17.6GB/s)
  [2026-06-12 17:08:42.368] [LAT] Path 1478: 2893.6µs (0.0GB/s)
  [2026-06-12 17:08:42.370] [LAT] Path 1478: 120.0µs (0.0GB/s)
  [2026-06-12 17:08:42.371] [LAT] Path 1478: 87.3µs (0.1GB/s)
  [2026-06-12 17:08:42.373] [LAT] Path 1478: 86.2µs (0.1GB/s)
  [2026-06-12 17:08:42.375] [LAT] Path 1478: 87.5µs (0.1GB/s)
  [2026-06-12 17:08:42.376] [LAT] Path 1478: 99.7µs (0.0GB/s)
  [2026-06-12 17:08:42.378] [LAT] Path 1478: 92.6µs (0.0GB/s)
  [2026-06-12 17:08:42.379] [LAT] Path 1478: 96.6µs (0.0GB/s)
  [2026-06-12 17:08:43.396] [LAT] Path 8351: 3004.5µs (0.0GB/s)
  [2026-06-12 17:08:43.398] [LAT] Path 8351: 100.0µs (0.0GB/s)
  [2026-06-12 17:08:43.400] [LAT] Path 8351: 83.5µs (0.1GB/s)
  [2026-06-12 17:08:43.401] [LAT] Path 8351: 79.7µs (0.1GB/s)
  [2026-06-12 17:08:43.403] [LAT] Path 8351: 76.4µs (0.1GB/s)
  [2026-06-12 17:08:43.404] [LAT] Path 8351: 76.7µs (0.1GB/s)
  [2026-06-12 17:08:43.406] [LAT] Path 8351: 92.8µs (0.0GB/s)
  [2026-06-12 17:08:43.408] [LAT] Path 8351: 89.6µs (0.1GB/s)
  [2026-06-12 17:08:43.409] [LAT] Path 8351: 99.5µs (0.0GB/s)
  [2026-06-12 17:08:43.411] [LAT] Path 8351: 114.5µs (0.0GB/s)
  [2026-06-12 17:08:44.425] [LAT] Path 1478: 183.1µs (0.0GB/s)
  [2026-06-12 17:08:44.426] [LAT] Path 1478: 87.3µs (0.1GB/s)
  [2026-06-12 17:08:44.428] [LAT] Path 1478: 201.6µs (0.0GB/s)
  [2026-06-12 17:08:44.430] [LAT] Path 1478: 144.0µs (0.0GB/s)
  [2026-06-12 17:08:44.431] [LAT] Path 1478: 96.6µs (0.0GB/s)
  [2026-06-12 17:08:44.433] [LAT] Path 1478: 91.7µs (0.0GB/s)
  [2026-06-12 17:08:44.434] [LAT] Path 1478: 92.0µs (0.0GB/s)
  [2026-06-12 17:08:44.436] [LAT] Path 1478: 92.8µs (0.0GB/s)
  [2026-06-12 17:08:44.438] [LAT] Path 1478: 77.5µs (0.1GB/s)
  [2026-06-12 17:08:44.439] [LAT] Path 1478: 80.5µs (0.1GB/s)
  [2026-06-12 17:08:45.453] [LAT] Path 1478: 167.0µs (0.0GB/s)
  [2026-06-12 17:08:45.455] [LAT] Path 1478: 110.3µs (0.0GB/s)
  [2026-06-12 17:08:45.456] [LAT] Path 1478: 99.9µs (0.0GB/s)
  [2026-06-12 17:08:45.458] [LAT] Path 1478: 97.1µs (0.0GB/s)
  [2026-06-12 17:08:45.459] [LAT] Path 1478: 92.0µs (0.0GB/s)
  [2026-06-12 17:08:45.461] [LAT] Path 1478: 83.8µs (0.1GB/s)
  [2026-06-12 17:08:45.462] [LAT] Path 1478: 98.7µs (0.0GB/s)
  [2026-06-12 17:08:45.464] [LAT] Path 1478: 81.0µs (0.1GB/s)
  [2026-06-12 17:08:45.466] [LAT] Path 1478: 79.9µs (0.1GB/s)
  [2026-06-12 17:08:45.467] [LAT] Path 1478: 79.8µs (0.1GB/s)
  [2026-06-12 17:08:46.481] [LAT] Path 8351: 174.1µs (0.0GB/s)
  [2026-06-12 17:08:46.482] [LAT] Path 8351: 101.6µs (0.0GB/s)
  [2026-06-12 17:08:46.484] [LAT] Path 8351: 90.6µs (0.1GB/s)
  [2026-06-12 17:08:46.486] [LAT] Path 8351: 90.3µs (0.1GB/s)
  [2026-06-12 17:08:46.487] [LAT] Path 8351: 88.1µs (0.1GB/s)
  [2026-06-12 17:08:46.489] [LAT] Path 8351: 75.8µs (0.1GB/s)
  [2026-06-12 17:08:46.492] [LAT] Path 8351: 1702.5µs (0.0GB/s)
  [2026-06-12 17:08:46.493] [LAT] Path 8351: 76.1µs (0.1GB/s)
  [2026-06-12 17:08:46.495] [LAT] Path 8351: 71.7µs (0.1GB/s)
  [2026-06-12 17:08:46.496] [LAT] Path 8351: 92.8µs (0.0GB/s)
  [2026-06-12 17:08:47.513] [LAT] Path 8351: 3169.2µs (0.0GB/s)
  [2026-06-12 17:08:47.515] [LAT] Path 8351: 105.1µs (0.0GB/s)
  [2026-06-12 17:08:47.516] [LAT] Path 8351: 84.7µs (0.1GB/s)
  [2026-06-12 17:08:47.518] [LAT] Path 8351: 82.5µs (0.1GB/s)
  [2026-06-12 17:08:47.520] [LAT] Path 8351: 79.2µs (0.1GB/s)
  [2026-06-12 17:08:47.521] [LAT] Path 8351: 95.3µs (0.0GB/s)
  [2026-06-12 17:08:47.523] [LAT] Path 8351: 91.7µs (0.0GB/s)
  [2026-06-12 17:08:47.525] [LAT] Path 8351: 93.1µs (0.0GB/s)
  [2026-06-12 17:08:47.526] [LAT] Path 8351: 91.5µs (0.0GB/s)
  [2026-06-12 17:08:47.528] [LAT] Path 8351: 82.1µs (0.1GB/s)
  [2026-06-12 17:08:48.541] [LAT] Path 1478: 179.9µs (0.0GB/s)
  [2026-06-12 17:08:48.543] [LAT] Path 1478: 109.4µs (0.0GB/s)
  [2026-06-12 17:08:48.545] [LAT] Path 1478: 103.5µs (0.0GB/s)
  [2026-06-12 17:08:48.546] [LAT] Path 1478: 99.8µs (0.0GB/s)
  [2026-06-12 17:08:48.548] [LAT] Path 1478: 95.7µs (0.0GB/s)
  [2026-06-12 17:08:48.549] [LAT] Path 1478: 86.4µs (0.1GB/s)
  [2026-06-12 17:08:48.551] [LAT] Path 1478: 81.8µs (0.1GB/s)
  [2026-06-12 17:08:48.553] [LAT] Path 1478: 81.8µs (0.1GB/s)
  [2026-06-12 17:08:48.554] [LAT] Path 1478: 81.1µs (0.1GB/s)
  [2026-06-12 17:08:48.556] [LAT] Path 1478: 531.3µs (0.0GB/s)
  [2026-06-12 17:08:49.772] [LAT] Path 8351: 185.5µs (0.0GB/s)
  [2026-06-12 17:08:49.774] [LAT] Path 8351: 94.3µs (0.0GB/s)
  [2026-06-12 17:08:49.775] [LAT] Path 8351: 85.3µs (0.1GB/s)
  [2026-06-12 17:08:49.777] [LAT] Path 8351: 79.3µs (0.1GB/s)
  [2026-06-12 17:08:49.778] [LAT] Path 8351: 80.2µs (0.1GB/s)
  [2026-06-12 17:08:49.780] [LAT] Path 8351: 79.5µs (0.1GB/s)
  [2026-06-12 17:08:49.781] [LAT] Path 8351: 78.9µs (0.1GB/s)
  [2026-06-12 17:08:49.783] [LAT] Path 8351: 90.7µs (0.1GB/s)
  [2026-06-12 17:08:49.784] [LAT] Path 8351: 92.9µs (0.0GB/s)
  [2026-06-12 17:08:49.786] [LAT] Path 8351: 90.8µs (0.1GB/s)
  [2026-06-12 17:08:50.801] [LAT] Path 1478: 194.6µs (0.0GB/s)
  [2026-06-12 17:08:50.804] [LAT] Path 1478: 1380.3µs (0.0GB/s)
  [2026-06-12 17:08:50.806] [LAT] Path 1478: 84.7µs (0.1GB/s)
  [2026-06-12 17:08:50.808] [LAT] Path 1478: 78.5µs (0.1GB/s)
  [2026-06-12 17:08:50.809] [LAT] Path 1478: 89.7µs (0.1GB/s)
  [2026-06-12 17:08:50.811] [LAT] Path 1478: 87.2µs (0.1GB/s)
  [2026-06-12 17:08:50.812] [LAT] Path 1478: 91.6µs (0.0GB/s)
  [2026-06-12 17:08:50.814] [LAT] Path 1478: 86.4µs (0.1GB/s)
  [2026-06-12 17:08:50.816] [LAT] Path 1478: 114.0µs (0.0GB/s)
  [2026-06-12 17:08:50.817] [LAT] Path 1478: 117.3µs (0.0GB/s)
  [2026-06-12 17:08:51.831] [LAT] Path 1478: 182.4µs (0.0GB/s)
  [2026-06-12 17:08:51.835] [LAT] Path 1478: 2522.1µs (0.0GB/s)
  [2026-06-12 17:08:51.838] [LAT] Path 1478: 757.5µs (0.0GB/s)
  [2026-06-12 17:08:51.839] [LAT] Path 1478: 96.5µs (0.0GB/s)
  [2026-06-12 17:08:51.841] [LAT] Path 1478: 92.2µs (0.0GB/s)
  [2026-06-12 17:08:51.843] [LAT] Path 1478: 517.0µs (0.0GB/s)
  [2026-06-12 17:08:51.844] [LAT] Path 1478: 82.2µs (0.1GB/s)
  [2026-06-12 17:08:51.846] [LAT] Path 1478: 78.6µs (0.1GB/s)
  [2026-06-12 17:08:51.848] [LAT] Path 1478: 79.3µs (0.1GB/s)
  [2026-06-12 17:08:51.849] [LAT] Path 1478: 83.0µs (0.1GB/s)
  [2026-06-12 17:08:52.863] [LAT] Path 8351: 183.1µs (0.0GB/s)
  [2026-06-12 17:08:52.867] [LAT] Path 8351: 2222.0µs (0.0GB/s)
  [2026-06-12 17:08:52.869] [LAT] Path 8351: 127.3µs (0.0GB/s)
  [2026-06-12 17:08:52.871] [LAT] Path 8351: 114.0µs (0.0GB/s)
  [2026-06-12 17:08:52.872] [LAT] Path 8351: 114.7µs (0.0GB/s)
  [2026-06-12 17:08:52.876] [LAT] Path 8351: 1664.9µs (0.0GB/s)
  [2026-06-12 17:08:52.877] [LAT] Path 8351: 132.3µs (0.0GB/s)
  [2026-06-12 17:08:52.879] [LAT] Path 8351: 106.6µs (0.0GB/s)
  [2026-06-12 17:08:52.881] [LAT] Path 8351: 94.1µs (0.0GB/s)
  [2026-06-12 17:08:52.883] [LAT] Path 8351: 106.3µs (0.0GB/s)
  [2026-06-12 17:08:53.896] [LAT] Path 1478: 174.6µs (0.0GB/s)
  [2026-06-12 17:08:53.898] [LAT] Path 1478: 88.2µs (0.1GB/s)
  [2026-06-12 17:08:53.899] [LAT] Path 1478: 80.4µs (0.1GB/s)
  [2026-06-12 17:08:53.901] [LAT] Path 1478: 78.4µs (0.1GB/s)
  [2026-06-12 17:08:53.902] [LAT] Path 1478: 88.4µs (0.1GB/s)
  [2026-06-12 17:08:53.904] [LAT] Path 1478: 94.4µs (0.0GB/s)
  [2026-06-12 17:08:53.906] [LAT] Path 1478: 92.3µs (0.0GB/s)
  [2026-06-12 17:08:53.907] [LAT] Path 1478: 87.6µs (0.1GB/s)
  [2026-06-12 17:08:53.909] [LAT] Path 1478: 87.0µs (0.1GB/s)
  [2026-06-12 17:08:53.911] [LAT] Path 1478: 893.3µs (0.0GB/s)
  [2026-06-12 17:08:54.924] [LAT] Path 1478: 192.6µs (0.0GB/s)
  [2026-06-12 17:08:54.925] [LAT] Path 1478: 87.3µs (0.1GB/s)
  [2026-06-12 17:08:54.927] [LAT] Path 1478: 85.2µs (0.1GB/s)
  [2026-06-12 17:08:54.928] [LAT] Path 1478: 79.7µs (0.1GB/s)
  [2026-06-12 17:08:54.930] [LAT] Path 1478: 79.3µs (0.1GB/s)
  [2026-06-12 17:08:54.931] [LAT] Path 1478: 77.6µs (0.1GB/s)
  [2026-06-12 17:08:54.933] [LAT] Path 1478: 92.6µs (0.0GB/s)
  [2026-06-12 17:08:54.934] [LAT] Path 1478: 102.1µs (0.0GB/s)
  [2026-06-12 17:08:54.936] [LAT] Path 1478: 88.5µs (0.1GB/s)
  [2026-06-12 17:08:54.938] [LAT] Path 1478: 88.3µs (0.1GB/s)
  [2026-06-12 17:08:55.949] [LAT] Path 1478: 195.7µs (0.0GB/s)
  [2026-06-12 17:08:55.950] [LAT] Path 1478: 97.5µs (0.0GB/s)
  [2026-06-12 17:08:55.952] [LAT] Path 1478: 85.2µs (0.1GB/s)
  [2026-06-12 17:08:55.953] [LAT] Path 1478: 79.9µs (0.1GB/s)
  [2026-06-12 17:08:55.955] [LAT] Path 1478: 79.2µs (0.1GB/s)
  [2026-06-12 17:08:55.957] [LAT] Path 1478: 80.4µs (0.1GB/s)
  [2026-06-12 17:08:55.958] [LAT] Path 1478: 95.6µs (0.0GB/s)
  [2026-06-12 17:08:55.960] [LAT] Path 1478: 88.1µs (0.1GB/s)
  [2026-06-12 17:08:55.961] [LAT] Path 1478: 89.2µs (0.1GB/s)
  [2026-06-12 17:08:55.963] [LAT] Path 1478: 89.6µs (0.1GB/s)
  [2026-06-12 17:08:56.977] [LAT] Path 1478: 183.9µs (0.0GB/s)
  [2026-06-12 17:08:56.978] [LAT] Path 1478: 95.1µs (0.0GB/s)
  [2026-06-12 17:08:56.980] [LAT] Path 1478: 89.2µs (0.1GB/s)
  [2026-06-12 17:08:56.981] [LAT] Path 1478: 100.4µs (0.0GB/s)
  [2026-06-12 17:08:56.983] [LAT] Path 1478: 93.2µs (0.0GB/s)
  [2026-06-12 17:08:56.985] [LAT] Path 1478: 92.1µs (0.0GB/s)
  [2026-06-12 17:08:56.986] [LAT] Path 1478: 92.7µs (0.0GB/s)
  [2026-06-12 17:08:56.988] [LAT] Path 1478: 84.2µs (0.1GB/s)
  [2026-06-12 17:08:56.989] [LAT] Path 1478: 86.2µs (0.1GB/s)
  [2026-06-12 17:08:56.991] [LAT] Path 1478: 84.3µs (0.1GB/s)
  [2026-06-12 17:08:58.004] [LAT] Path 8351: 186.9µs (0.0GB/s)
  [2026-06-12 17:08:58.006] [LAT] Path 8351: 86.8µs (0.1GB/s)
  [2026-06-12 17:08:58.008] [LAT] Path 8351: 96.0µs (0.0GB/s)
  [2026-06-12 17:08:58.009] [LAT] Path 8351: 93.7µs (0.0GB/s)
  [2026-06-12 17:08:58.011] [LAT] Path 8351: 89.4µs (0.1GB/s)
  [2026-06-12 17:08:58.012] [LAT] Path 8351: 90.0µs (0.1GB/s)
  [2026-06-12 17:08:58.014] [LAT] Path 8351: 76.3µs (0.1GB/s)
  [2026-06-12 17:08:58.015] [LAT] Path 8351: 81.2µs (0.1GB/s)
  [2026-06-12 17:08:58.017] [LAT] Path 8351: 83.7µs (0.1GB/s)
  [2026-06-12 17:08:58.019] [LAT] Path 8351: 77.2µs (0.1GB/s)
  [2026-06-12 17:08:59.032] [LAT] Path 8351: 169.9µs (0.0GB/s)
  [2026-06-12 17:08:59.034] [LAT] Path 8351: 143.8µs (0.0GB/s)
  [2026-06-12 17:08:59.036] [LAT] Path 8351: 131.5µs (0.0GB/s)
  [2026-06-12 17:08:59.038] [LAT] Path 8351: 129.0µs (0.0GB/s)
  [2026-06-12 17:08:59.039] [LAT] Path 8351: 119.4µs (0.0GB/s)
  [2026-06-12 17:08:59.041] [LAT] Path 8351: 120.0µs (0.0GB/s)
  [2026-06-12 17:08:59.045] [LAT] Path 8351: 2225.6µs (0.0GB/s)
  [2026-06-12 17:08:59.047] [LAT] Path 8351: 109.6µs (0.0GB/s)
  [2026-06-12 17:08:59.048] [LAT] Path 8351: 96.9µs (0.0GB/s)
  [2026-06-12 17:08:59.050] [LAT] Path 8351: 95.3µs (0.0GB/s)
  [2026-06-12 17:09:00.064] [LAT] Path 1478: 201.0µs (0.0GB/s)
  [2026-06-12 17:09:00.066] [LAT] Path 1478: 110.5µs (0.0GB/s)
  [2026-06-12 17:09:00.067] [LAT] Path 1478: 102.5µs (0.0GB/s)
  [2026-06-12 17:09:00.069] [LAT] Path 1478: 108.1µs (0.0GB/s)
  [2026-06-12 17:09:00.071] [LAT] Path 1478: 103.7µs (0.0GB/s)
  [2026-06-12 17:09:00.074] [LAT] Path 1478: 1494.2µs (0.0GB/s)
  [2026-06-12 17:09:00.075] [LAT] Path 1478: 96.4µs (0.0GB/s)
  [2026-06-12 17:09:00.077] [LAT] Path 1478: 90.5µs (0.1GB/s)
  [2026-06-12 17:09:00.079] [LAT] Path 1478: 82.9µs (0.1GB/s)
  [2026-06-12 17:09:00.080] [LAT] Path 1478: 81.5µs (0.1GB/s)
  [2026-06-12 17:09:01.094] [LAT] Path 1478: 176.4µs (0.0GB/s)
  [2026-06-12 17:09:01.096] [LAT] Path 1478: 91.8µs (0.0GB/s)
  [2026-06-12 17:09:01.097] [LAT] Path 1478: 85.4µs (0.1GB/s)
  [2026-06-12 17:09:01.099] [LAT] Path 1478: 862.1µs (0.0GB/s)
  [2026-06-12 17:09:01.101] [LAT] Path 1478: 96.5µs (0.0GB/s)
  [2026-06-12 17:09:01.103] [LAT] Path 1478: 93.3µs (0.0GB/s)
  [2026-06-12 17:09:01.104] [LAT] Path 1478: 134.8µs (0.0GB/s)
  [2026-06-12 17:09:01.106] [LAT] Path 1478: 115.7µs (0.0GB/s)
  [2026-06-12 17:09:01.108] [LAT] Path 1478: 117.1µs (0.0GB/s)
  [2026-06-12 17:09:01.109] [LAT] Path 1478: 116.8µs (0.0GB/s)
  [2026-06-12 17:09:02.123] [LAT] Path 8351: 173.7µs (0.0GB/s)
  [2026-06-12 17:09:02.125] [LAT] Path 8351: 92.5µs (0.0GB/s)
  [2026-06-12 17:09:02.126] [LAT] Path 8351: 89.1µs (0.1GB/s)
  [2026-06-12 17:09:02.128] [LAT] Path 8351: 85.2µs (0.1GB/s)
  [2026-06-12 17:09:02.129] [LAT] Path 8351: 88.7µs (0.1GB/s)
  [2026-06-12 17:09:02.131] [LAT] Path 8351: 76.0µs (0.1GB/s)
  [2026-06-12 17:09:02.132] [LAT] Path 8351: 75.2µs (0.1GB/s)
  [2026-06-12 17:09:02.134] [LAT] Path 8351: 74.9µs (0.1GB/s)
  [2026-06-12 17:09:02.135] [LAT] Path 8351: 78.6µs (0.1GB/s)
  [2026-06-12 17:09:02.137] [LAT] Path 8351: 325.0µs (0.0GB/s)
  [2026-06-12 17:09:03.151] [LAT] Path 8351: 202.6µs (0.0GB/s)
  [2026-06-12 17:09:03.152] [LAT] Path 8351: 90.1µs (0.1GB/s)
  [2026-06-12 17:09:03.154] [LAT] Path 8351: 86.9µs (0.1GB/s)
  [2026-06-12 17:09:03.155] [LAT] Path 8351: 79.3µs (0.1GB/s)
  [2026-06-12 17:09:03.157] [LAT] Path 8351: 80.4µs (0.1GB/s)
  [2026-06-12 17:09:03.158] [LAT] Path 8351: 78.5µs (0.1GB/s)
  [2026-06-12 17:09:03.160] [LAT] Path 8351: 97.0µs (0.0GB/s)
  [2026-06-12 17:09:03.161] [LAT] Path 8351: 94.9µs (0.0GB/s)
  [2026-06-12 17:09:03.163] [LAT] Path 8351: 85.7µs (0.1GB/s)
  [2026-06-12 17:09:03.165] [LAT] Path 8351: 88.5µs (0.1GB/s)
  [2026-06-12 17:09:04.178] [LAT] Path 8351: 176.5µs (0.0GB/s)
  [2026-06-12 17:09:04.180] [LAT] Path 8351: 76.3µs (0.1GB/s)
  [2026-06-12 17:09:04.183] [LAT] Path 8351: 1569.0µs (0.0GB/s)
  [2026-06-12 17:09:04.184] [LAT] Path 8351: 115.3µs (0.0GB/s)
  [2026-06-12 17:09:04.186] [LAT] Path 8351: 129.4µs (0.0GB/s)
  [2026-06-12 17:09:04.188] [LAT] Path 8351: 134.9µs (0.0GB/s)
  [2026-06-12 17:09:04.189] [LAT] Path 8351: 123.5µs (0.0GB/s)
  [2026-06-12 17:09:04.191] [LAT] Path 8351: 111.7µs (0.0GB/s)
  [2026-06-12 17:09:04.196] [LAT] Path 8351: 3685.4µs (0.0GB/s)
  [2026-06-12 17:09:04.199] [LAT] Path 8351: 1020.2µs (0.0GB/s)
  [2026-06-12 17:09:05.275] [LAT] Path 1478: 266.6µs (0.0GB/s)
  [2026-06-12 17:09:05.277] [LAT] Path 1478: 72.7µs (0.1GB/s)
  [2026-06-12 17:09:05.278] [LAT] Path 1478: 90.5µs (0.1GB/s)
  [2026-06-12 17:09:05.280] [LAT] Path 1478: 86.4µs (0.1GB/s)
  [2026-06-12 17:09:05.281] [LAT] Path 1478: 85.5µs (0.1GB/s)
  [2026-06-12 17:09:05.283] [LAT] Path 1478: 86.0µs (0.1GB/s)
  [2026-06-12 17:09:05.284] [LAT] Path 1478: 71.3µs (0.1GB/s)
  [2026-06-12 17:09:05.286] [LAT] Path 1478: 76.2µs (0.1GB/s)
  [2026-06-12 17:09:05.287] [LAT] Path 1478: 73.6µs (0.1GB/s)
  [2026-06-12 17:09:05.289] [LAT] Path 1478: 74.1µs (0.1GB/s)
  [2026-06-12 17:09:06.305] [LAT] Path 1478: 186.8µs (0.0GB/s)
  [2026-06-12 17:09:06.306] [LAT] Path 1478: 91.6µs (0.0GB/s)
  [2026-06-12 17:09:06.308] [LAT] Path 1478: 77.0µs (0.1GB/s)
  [2026-06-12 17:09:06.309] [LAT] Path 1478: 76.0µs (0.1GB/s)
  [2026-06-12 17:09:06.311] [LAT] Path 1478: 76.8µs (0.1GB/s)
  [2026-06-12 17:09:06.312] [LAT] Path 1478: 89.7µs (0.1GB/s)
  [2026-06-12 17:09:06.314] [LAT] Path 1478: 85.3µs (0.1GB/s)
  [2026-06-12 17:09:06.316] [LAT] Path 1478: 93.3µs (0.0GB/s)
  [2026-06-12 17:09:06.317] [LAT] Path 1478: 88.0µs (0.1GB/s)
  [2026-06-12 17:09:06.319] [LAT] Path 1478: 85.3µs (0.1GB/s)
  [2026-06-12 17:09:07.332] [LAT] Path 8351: 173.5µs (0.0GB/s)
  [2026-06-12 17:09:07.334] [LAT] Path 8351: 74.7µs (0.1GB/s)
  [2026-06-12 17:09:07.335] [LAT] Path 8351: 146.8µs (0.0GB/s)
  [2026-06-12 17:09:07.337] [LAT] Path 8351: 129.2µs (0.0GB/s)
  [2026-06-12 17:09:07.338] [LAT] Path 8351: 90.4µs (0.1GB/s)
  [2026-06-12 17:09:07.343] [LAT] Path 8351: 3026.1µs (0.0GB/s)
  [2026-06-12 17:09:07.346] [LAT] Path 8351: 1405.5µs (0.0GB/s)
  [2026-06-12 17:09:07.347] [LAT] Path 8351: 73.8µs (0.1GB/s)
  [2026-06-12 17:09:07.349] [LAT] Path 8351: 73.6µs (0.1GB/s)
  [2026-06-12 17:09:07.350] [LAT] Path 8351: 74.1µs (0.1GB/s)
  [2026-06-12 17:09:08.363] [LAT] Path 1478: 199.4µs (0.0GB/s)
  [2026-06-12 17:09:08.365] [LAT] Path 1478: 89.7µs (0.1GB/s)
  [2026-06-12 17:09:08.366] [LAT] Path 1478: 71.4µs (0.1GB/s)
  [2026-06-12 17:09:08.370] [LAT] Path 1478: 2024.1µs (0.0GB/s)
  [2026-06-12 17:09:08.371] [LAT] Path 1478: 77.5µs (0.1GB/s)
  [2026-06-12 17:09:08.373] [LAT] Path 1478: 84.0µs (0.1GB/s)
  [2026-06-12 17:09:08.374] [LAT] Path 1478: 90.8µs (0.1GB/s)
  [2026-06-12 17:09:08.376] [LAT] Path 1478: 86.6µs (0.1GB/s)
  [2026-06-12 17:09:08.377] [LAT] Path 1478: 85.7µs (0.1GB/s)
  [2026-06-12 17:09:08.379] [LAT] Path 1478: 88.7µs (0.1GB/s)
  [2026-06-12 17:09:09.395] [LAT] Path 8351: 2825.8µs (0.0GB/s)
  [2026-06-12 17:09:09.396] [LAT] Path 8351: 94.2µs (0.0GB/s)
  [2026-06-12 17:09:09.398] [LAT] Path 8351: 88.2µs (0.1GB/s)
  [2026-06-12 17:09:09.400] [LAT] Path 8351: 87.2µs (0.1GB/s)
  [2026-06-12 17:09:09.401] [LAT] Path 8351: 89.6µs (0.1GB/s)
  [2026-06-12 17:09:09.403] [LAT] Path 8351: 67.5µs (0.1GB/s)
  [2026-06-12 17:09:09.404] [LAT] Path 8351: 75.9µs (0.1GB/s)
  [2026-06-12 17:09:09.406] [LAT] Path 8351: 75.1µs (0.1GB/s)
  [2026-06-12 17:09:09.407] [LAT] Path 8351: 77.1µs (0.1GB/s)
  [2026-06-12 17:09:09.409] [LAT] Path 8351: 73.8µs (0.1GB/s)
  [2026-06-12 17:09:10.422] [LAT] Path 1478: 185.9µs (0.0GB/s)
  [2026-06-12 17:09:10.424] [LAT] Path 1478: 739.9µs (0.0GB/s)
  [2026-06-12 17:09:10.428] [LAT] Path 1478: 1935.7µs (0.0GB/s)
  [2026-06-12 17:09:10.429] [LAT] Path 1478: 77.2µs (0.1GB/s)
  [2026-06-12 17:09:10.431] [LAT] Path 1478: 70.6µs (0.1GB/s)
  [2026-06-12 17:09:10.432] [LAT] Path 1478: 87.9µs (0.1GB/s)
  [2026-06-12 17:09:10.434] [LAT] Path 1478: 89.9µs (0.1GB/s)
  [2026-06-12 17:09:10.435] [LAT] Path 1478: 85.5µs (0.1GB/s)
  [2026-06-12 17:09:10.437] [LAT] Path 1478: 84.3µs (0.1GB/s)
  [2026-06-12 17:09:10.438] [LAT] Path 1478: 71.9µs (0.1GB/s)
  [2026-06-12 17:09:11.453] [LAT] Path 8351: 1554.5µs (0.0GB/s)
  [2026-06-12 17:09:11.455] [LAT] Path 8351: 91.9µs (0.0GB/s)
  [2026-06-12 17:09:11.456] [LAT] Path 8351: 89.6µs (0.1GB/s)
  [2026-06-12 17:09:11.458] [LAT] Path 8351: 89.3µs (0.1GB/s)
  [2026-06-12 17:09:11.459] [LAT] Path 8351: 90.1µs (0.1GB/s)
  [2026-06-12 17:09:11.461] [LAT] Path 8351: 72.8µs (0.1GB/s)
  [2026-06-12 17:09:11.462] [LAT] Path 8351: 74.2µs (0.1GB/s)
  [2026-06-12 17:09:11.464] [LAT] Path 8351: 73.4µs (0.1GB/s)
  [2026-06-12 17:09:11.465] [LAT] Path 8351: 74.7µs (0.1GB/s)
  [2026-06-12 17:09:11.467] [LAT] Path 8351: 79.0µs (0.1GB/s)
  [2026-06-12 17:09:12.480] [LAT] Path 1478: 192.7µs (0.0GB/s)
  [2026-06-12 17:09:12.482] [LAT] Path 1478: 92.1µs (0.0GB/s)
  [2026-06-12 17:09:12.483] [LAT] Path 1478: 73.3µs (0.1GB/s)
  [2026-06-12 17:09:12.485] [LAT] Path 1478: 77.6µs (0.1GB/s)
  [2026-06-12 17:09:12.486] [LAT] Path 1478: 76.2µs (0.1GB/s)
  [2026-06-12 17:09:12.488] [LAT] Path 1478: 75.1µs (0.1GB/s)
  [2026-06-12 17:09:12.489] [LAT] Path 1478: 73.0µs (0.1GB/s)
  [2026-06-12 17:09:12.491] [LAT] Path 1478: 87.4µs (0.1GB/s)
  [2026-06-12 17:09:12.492] [LAT] Path 1478: 86.5µs (0.1GB/s)
  [2026-06-12 17:09:12.494] [LAT] Path 1478: 86.1µs (0.1GB/s)
  [2026-06-12 17:09:13.507] [LAT] Path 8351: 180.2µs (0.0GB/s)
  [2026-06-12 17:09:13.509] [LAT] Path 8351: 76.7µs (0.1GB/s)
  [2026-06-12 17:09:13.510] [LAT] Path 8351: 74.0µs (0.1GB/s)
  [2026-06-12 17:09:13.512] [LAT] Path 8351: 75.0µs (0.1GB/s)
  [2026-06-12 17:09:13.513] [LAT] Path 8351: 88.3µs (0.1GB/s)
  [2026-06-12 17:09:13.515] [LAT] Path 8351: 85.8µs (0.1GB/s)
  [2026-06-12 17:09:13.519] [LAT] Path 8351: 3129.3µs (0.0GB/s)
  [2026-06-12 17:09:13.521] [LAT] Path 8351: 77.0µs (0.1GB/s)
  [2026-06-12 17:09:13.522] [LAT] Path 8351: 75.0µs (0.1GB/s)
  [2026-06-12 17:09:13.524] [LAT] Path 8351: 103.9µs (0.0GB/s)
  [2026-06-12 17:09:14.537] [LAT] Path 1478: 186.2µs (0.0GB/s)
  [2026-06-12 17:09:14.539] [LAT] Path 1478: 88.2µs (0.1GB/s)
  [2026-06-12 17:09:14.540] [LAT] Path 1478: 87.8µs (0.1GB/s)
  [2026-06-12 17:09:14.542] [LAT] Path 1478: 71.7µs (0.1GB/s)
  [2026-06-12 17:09:14.543] [LAT] Path 1478: 77.7µs (0.1GB/s)
  [2026-06-12 17:09:14.545] [LAT] Path 1478: 81.8µs (0.1GB/s)
  [2026-06-12 17:09:14.546] [LAT] Path 1478: 76.7µs (0.1GB/s)
  [2026-06-12 17:09:14.548] [LAT] Path 1478: 70.6µs (0.1GB/s)
  [2026-06-12 17:09:14.549] [LAT] Path 1478: 86.6µs (0.1GB/s)
  [2026-06-12 17:09:14.551] [LAT] Path 1478: 88.8µs (0.1GB/s)
  [2026-06-12 17:09:15.563] [LAT] Path 8351: 188.2µs (0.0GB/s)
  [2026-06-12 17:09:15.565] [LAT] Path 8351: 73.9µs (0.1GB/s)
  [2026-06-12 17:09:15.566] [LAT] Path 8351: 76.9µs (0.1GB/s)
  [2026-06-12 17:09:15.568] [LAT] Path 8351: 76.8µs (0.1GB/s)
  [2026-06-12 17:09:15.569] [LAT] Path 8351: 83.0µs (0.1GB/s)
  [2026-06-12 17:09:15.571] [LAT] Path 8351: 73.6µs (0.1GB/s)
  [2026-06-12 17:09:15.572] [LAT] Path 8351: 90.2µs (0.1GB/s)
  [2026-06-12 17:09:15.574] [LAT] Path 8351: 86.1µs (0.1GB/s)
  [2026-06-12 17:09:15.575] [LAT] Path 8351: 88.2µs (0.1GB/s)
  [2026-06-12 17:09:15.577] [LAT] Path 8351: 85.8µs (0.1GB/s)
  [2026-06-12 17:09:16.590] [LAT] Path 8351: 161.3µs (0.0GB/s)
  [2026-06-12 17:09:16.594] [LAT] Path 8351: 2525.0µs (0.0GB/s)
  [2026-06-12 17:09:16.596] [LAT] Path 8351: 486.5µs (0.0GB/s)
  [2026-06-12 17:09:16.597] [LAT] Path 8351: 98.2µs (0.0GB/s)
  [2026-06-12 17:09:16.599] [LAT] Path 8351: 86.8µs (0.1GB/s)
  [2026-06-12 17:09:16.601] [LAT] Path 8351: 1070.0µs (0.0GB/s)
  [2026-06-12 17:09:16.603] [LAT] Path 8351: 75.9µs (0.1GB/s)
  [2026-06-12 17:09:16.604] [LAT] Path 8351: 74.1µs (0.1GB/s)
  [2026-06-12 17:09:16.606] [LAT] Path 8351: 72.8µs (0.1GB/s)
  [2026-06-12 17:09:16.607] [LAT] Path 8351: 73.3µs (0.1GB/s)
  [2026-06-12 17:09:17.621] [LAT] Path 1478: 234.6µs (0.0GB/s)
  [2026-06-12 17:09:17.623] [LAT] Path 1478: 99.8µs (0.0GB/s)
  [2026-06-12 17:09:17.624] [LAT] Path 1478: 77.3µs (0.1GB/s)
  [2026-06-12 17:09:17.626] [LAT] Path 1478: 75.3µs (0.1GB/s)
  [2026-06-12 17:09:17.627] [LAT] Path 1478: 75.4µs (0.1GB/s)
  [2026-06-12 17:09:17.629] [LAT] Path 1478: 75.2µs (0.1GB/s)
  [2026-06-12 17:09:17.630] [LAT] Path 1478: 69.9µs (0.1GB/s)
  [2026-06-12 17:09:17.632] [LAT] Path 1478: 88.7µs (0.1GB/s)
  [2026-06-12 17:09:17.633] [LAT] Path 1478: 86.5µs (0.1GB/s)
  [2026-06-12 17:09:17.635] [LAT] Path 1478: 85.5µs (0.1GB/s)
  [2026-06-12 17:09:18.648] [LAT] Path 8351: 175.0µs (0.0GB/s)
  [2026-06-12 17:09:18.649] [LAT] Path 8351: 76.1µs (0.1GB/s)
  [2026-06-12 17:09:18.651] [LAT] Path 8351: 74.9µs (0.1GB/s)
  [2026-06-12 17:09:18.652] [LAT] Path 8351: 74.3µs (0.1GB/s)
  [2026-06-12 17:09:18.655] [LAT] Path 8351: 1160.7µs (0.0GB/s)
  [2026-06-12 17:09:18.656] [LAT] Path 8351: 86.3µs (0.1GB/s)
  [2026-06-12 17:09:18.658] [LAT] Path 8351: 86.3µs (0.1GB/s)
  [2026-06-12 17:09:18.659] [LAT] Path 8351: 71.0µs (0.1GB/s)
  [2026-06-12 17:09:18.661] [LAT] Path 8351: 74.0µs (0.1GB/s)
  [2026-06-12 17:09:18.662] [LAT] Path 8351: 85.2µs (0.1GB/s)
  [2026-06-12 17:09:19.676] [LAT] Path 1478: 190.9µs (0.0GB/s)
  [2026-06-12 17:09:19.677] [LAT] Path 1478: 87.6µs (0.1GB/s)
  [2026-06-12 17:09:19.679] [LAT] Path 1478: 85.9µs (0.1GB/s)
  [2026-06-12 17:09:19.680] [LAT] Path 1478: 86.0µs (0.1GB/s)
  [2026-06-12 17:09:19.682] [LAT] Path 1478: 76.0µs (0.1GB/s)
  [2026-06-12 17:09:19.686] [LAT] Path 1478: 2972.9µs (0.0GB/s)
  [2026-06-12 17:09:19.688] [LAT] Path 1478: 76.7µs (0.1GB/s)
  [2026-06-12 17:09:19.689] [LAT] Path 1478: 87.9µs (0.1GB/s)
  [2026-06-12 17:09:19.691] [LAT] Path 1478: 89.4µs (0.1GB/s)
  [2026-06-12 17:09:19.692] [LAT] Path 1478: 98.3µs (0.0GB/s)
  [2026-06-12 17:09:20.706] [LAT] Path 8351: 173.7µs (0.0GB/s)
  [2026-06-12 17:09:20.708] [LAT] Path 8351: 76.8µs (0.1GB/s)
  [2026-06-12 17:09:20.709] [LAT] Path 8351: 75.4µs (0.1GB/s)
  [2026-06-12 17:09:20.711] [LAT] Path 8351: 100.8µs (0.0GB/s)
  [2026-06-12 17:09:20.712] [LAT] Path 8351: 85.9µs (0.1GB/s)
  [2026-06-12 17:09:20.714] [LAT] Path 8351: 86.4µs (0.1GB/s)
  [2026-06-12 17:09:20.715] [LAT] Path 8351: 88.5µs (0.1GB/s)
  [2026-06-12 17:09:20.717] [LAT] Path 8351: 86.2µs (0.1GB/s)
  [2026-06-12 17:09:20.718] [LAT] Path 8351: 77.1µs (0.1GB/s)
  [2026-06-12 17:09:20.720] [LAT] Path 8351: 73.0µs (0.1GB/s)
  [2026-06-12 17:09:21.733] [LAT] Path 1478: 284.5µs (0.0GB/s)
  [2026-06-12 17:09:21.735] [LAT] Path 1478: 94.8µs (0.0GB/s)
  [2026-06-12 17:09:21.736] [LAT] Path 1478: 86.4µs (0.1GB/s)
  [2026-06-12 17:09:21.738] [LAT] Path 1478: 85.8µs (0.1GB/s)
  [2026-06-12 17:09:21.739] [LAT] Path 1478: 75.7µs (0.1GB/s)
  [2026-06-12 17:09:21.743] [LAT] Path 1478: 2677.5µs (0.0GB/s)
  [2026-06-12 17:09:21.745] [LAT] Path 1478: 94.1µs (0.0GB/s)
  [2026-06-12 17:09:21.746] [LAT] Path 1478: 92.1µs (0.0GB/s)
  [2026-06-12 17:09:21.748] [LAT] Path 1478: 87.1µs (0.1GB/s)
  [2026-06-12 17:09:21.750] [LAT] Path 1478: 89.0µs (0.1GB/s)
  [2026-06-12 17:09:22.766] [LAT] Path 8351: 3208.9µs (0.0GB/s)
  [2026-06-12 17:09:22.768] [LAT] Path 8351: 77.0µs (0.1GB/s)
  [2026-06-12 17:09:22.769] [LAT] Path 8351: 92.0µs (0.0GB/s)
  [2026-06-12 17:09:22.771] [LAT] Path 8351: 83.7µs (0.1GB/s)
  [2026-06-12 17:09:22.774] [LAT] Path 8351: 2115.9µs (0.0GB/s)
  [2026-06-12 17:09:22.776] [LAT] Path 8351: 77.5µs (0.1GB/s)
  [2026-06-12 17:09:22.777] [LAT] Path 8351: 74.9µs (0.1GB/s)
  [2026-06-12 17:09:22.779] [LAT] Path 8351: 73.3µs (0.1GB/s)
  [2026-06-12 17:09:22.780] [LAT] Path 8351: 74.7µs (0.1GB/s)
  [2026-06-12 17:09:22.782] [LAT] Path 8351: 87.1µs (0.1GB/s)
  [2026-06-12 17:09:23.795] [LAT] Path 1478: 191.2µs (0.0GB/s)
  [2026-06-12 17:09:23.797] [LAT] Path 1478: 77.7µs (0.1GB/s)
  [2026-06-12 17:09:23.798] [LAT] Path 1478: 78.0µs (0.1GB/s)
  [2026-06-12 17:09:23.800] [LAT] Path 1478: 74.9µs (0.1GB/s)
  [2026-06-12 17:09:23.801] [LAT] Path 1478: 75.8µs (0.1GB/s)
  [2026-06-12 17:09:23.803] [LAT] Path 1478: 74.4µs (0.1GB/s)
  [2026-06-12 17:09:23.804] [LAT] Path 1478: 80.0µs (0.1GB/s)
  [2026-06-12 17:09:23.806] [LAT] Path 1478: 86.4µs (0.1GB/s)
  [2026-06-12 17:09:23.807] [LAT] Path 1478: 86.1µs (0.1GB/s)
  [2026-06-12 17:09:23.809] [LAT] Path 1478: 88.5µs (0.1GB/s)
  [2026-06-12 17:09:24.822] [LAT] Path 8351: 177.8µs (0.0GB/s)
  [2026-06-12 17:09:24.824] [LAT] Path 8351: 76.2µs (0.1GB/s)
  [2026-06-12 17:09:24.825] [LAT] Path 8351: 75.1µs (0.1GB/s)
  [2026-06-12 17:09:24.827] [LAT] Path 8351: 73.6µs (0.1GB/s)
  [2026-06-12 17:09:24.828] [LAT] Path 8351: 95.7µs (0.0GB/s)
  [2026-06-12 17:09:24.830] [LAT] Path 8351: 96.3µs (0.0GB/s)
  [2026-06-12 17:09:24.831] [LAT] Path 8351: 88.0µs (0.1GB/s)
  [2026-06-12 17:09:24.833] [LAT] Path 8351: 85.3µs (0.1GB/s)
  [2026-06-12 17:09:24.834] [LAT] Path 8351: 76.3µs (0.1GB/s)
  [2026-06-12 17:09:24.839] [LAT] Path 8351: 2973.7µs (0.0GB/s)
  [2026-06-12 17:09:25.852] [LAT] Path 1478: 193.2µs (0.0GB/s)
  [2026-06-12 17:09:25.854] [LAT] Path 1478: 92.6µs (0.0GB/s)
  [2026-06-12 17:09:25.855] [LAT] Path 1478: 86.6µs (0.1GB/s)
  [2026-06-12 17:09:25.857] [LAT] Path 1478: 76.0µs (0.1GB/s)
  [2026-06-12 17:09:25.858] [LAT] Path 1478: 73.4µs (0.1GB/s)
  [2026-06-12 17:09:25.863] [LAT] Path 1478: 2868.5µs (0.0GB/s)
  [2026-06-12 17:09:25.864] [LAT] Path 1478: 88.6µs (0.1GB/s)
  [2026-06-12 17:09:25.866] [LAT] Path 1478: 88.4µs (0.1GB/s)
  [2026-06-12 17:09:25.867] [LAT] Path 1478: 87.4µs (0.1GB/s)
  [2026-06-12 17:09:25.869] [LAT] Path 1478: 94.5µs (0.0GB/s)
  [2026-06-12 17:09:26.882] [LAT] Path 8351: 166.2µs (0.0GB/s)
  [2026-06-12 17:09:26.883] [LAT] Path 8351: 106.5µs (0.0GB/s)
  [2026-06-12 17:09:26.885] [LAT] Path 8351: 73.2µs (0.1GB/s)
  [2026-06-12 17:09:26.886] [LAT] Path 8351: 100.7µs (0.0GB/s)
  [2026-06-12 17:09:26.890] [LAT] Path 8351: 2042.7µs (0.0GB/s)
  [2026-06-12 17:09:26.891] [LAT] Path 8351: 85.2µs (0.1GB/s)
  [2026-06-12 17:09:26.893] [LAT] Path 8351: 67.1µs (0.1GB/s)
  [2026-06-12 17:09:26.894] [LAT] Path 8351: 71.4µs (0.1GB/s)
  [2026-06-12 17:09:26.896] [LAT] Path 8351: 72.8µs (0.1GB/s)
  [2026-06-12 17:09:26.897] [LAT] Path 8351: 69.9µs (0.1GB/s)
  [2026-06-12 17:09:27.910] [LAT] Path 1478: 181.6µs (0.0GB/s)
  [2026-06-12 17:09:27.912] [LAT] Path 1478: 91.2µs (0.0GB/s)
  [2026-06-12 17:09:27.913] [LAT] Path 1478: 90.5µs (0.1GB/s)
  [2026-06-12 17:09:27.915] [LAT] Path 1478: 86.5µs (0.1GB/s)
  [2026-06-12 17:09:27.917] [LAT] Path 1478: 1036.1µs (0.0GB/s)
  [2026-06-12 17:09:27.919] [LAT] Path 1478: 76.2µs (0.1GB/s)
  [2026-06-12 17:09:27.921] [LAT] Path 1478: 77.7µs (0.1GB/s)
  [2026-06-12 17:09:27.922] [LAT] Path 1478: 72.3µs (0.1GB/s)
  [2026-06-12 17:09:27.924] [LAT] Path 1478: 90.1µs (0.1GB/s)
  [2026-06-12 17:09:27.925] [LAT] Path 1478: 88.3µs (0.1GB/s)
  [2026-06-12 17:09:28.938] [LAT] Path 8351: 181.8µs (0.0GB/s)
  [2026-06-12 17:09:28.940] [LAT] Path 8351: 82.9µs (0.1GB/s)
  [2026-06-12 17:09:28.941] [LAT] Path 8351: 77.7µs (0.1GB/s)
  [2026-06-12 17:09:28.943] [LAT] Path 8351: 77.7µs (0.1GB/s)
  [2026-06-12 17:09:28.944] [LAT] Path 8351: 77.2µs (0.1GB/s)
  [2026-06-12 17:09:28.946] [LAT] Path 8351: 78.3µs (0.1GB/s)
  [2026-06-12 17:09:28.948] [LAT] Path 8351: 91.8µs (0.0GB/s)
  [2026-06-12 17:09:28.949] [LAT] Path 8351: 91.2µs (0.0GB/s)
  [2026-06-12 17:09:28.951] [LAT] Path 8351: 87.2µs (0.1GB/s)
  [2026-06-12 17:09:28.952] [LAT] Path 8351: 91.3µs (0.0GB/s)
  [2026-06-12 17:09:29.965] [LAT] Path 8351: 170.4µs (0.0GB/s)
  [2026-06-12 17:09:29.966] [LAT] Path 8351: 77.1µs (0.1GB/s)
  [2026-06-12 17:09:29.968] [LAT] Path 8351: 148.3µs (0.0GB/s)
  [2026-06-12 17:09:29.969] [LAT] Path 8351: 76.4µs (0.1GB/s)
  [2026-06-12 17:09:29.971] [LAT] Path 8351: 90.8µs (0.1GB/s)
  [2026-06-12 17:09:29.973] [LAT] Path 8351: 104.5µs (0.0GB/s)
  [2026-06-12 17:09:29.974] [LAT] Path 8351: 87.3µs (0.1GB/s)
  [2026-06-12 17:09:29.976] [LAT] Path 8351: 87.8µs (0.1GB/s)
  [2026-06-12 17:09:29.979] [LAT] Path 8351: 1565.9µs (0.0GB/s)
  [2026-06-12 17:09:29.980] [LAT] Path 8351: 73.9µs (0.1GB/s)
  [2026-06-12 17:09:30.993] [LAT] Path 1478: 170.5µs (0.0GB/s)
  [2026-06-12 17:09:30.995] [LAT] Path 1478: 87.6µs (0.1GB/s)
  [2026-06-12 17:09:30.996] [LAT] Path 1478: 92.9µs (0.0GB/s)
  [2026-06-12 17:09:30.998] [LAT] Path 1478: 93.0µs (0.0GB/s)
  [2026-06-12 17:09:30.999] [LAT] Path 1478: 90.7µs (0.1GB/s)
  [2026-06-12 17:09:31.001] [LAT] Path 1478: 90.2µs (0.1GB/s)
  [2026-06-12 17:09:31.002] [LAT] Path 1478: 80.5µs (0.1GB/s)
  [2026-06-12 17:09:31.004] [LAT] Path 1478: 81.8µs (0.1GB/s)
  [2026-06-12 17:09:31.008] [LAT] Path 1478: 2414.5µs (0.0GB/s)
  [2026-06-12 17:09:31.009] [LAT] Path 1478: 92.9µs (0.0GB/s)
  [2026-06-12 17:09:32.025] [LAT] Path 1478: 133.3µs (0.0GB/s)
  [2026-06-12 17:09:32.027] [LAT] Path 1478: 86.6µs (0.1GB/s)
  [2026-06-12 17:09:32.030] [LAT] Path 1478: 1510.8µs (0.0GB/s)
  [2026-06-12 17:09:32.032] [LAT] Path 1478: 98.6µs (0.0GB/s)
  [2026-06-12 17:09:32.033] [LAT] Path 1478: 91.5µs (0.0GB/s)
  [2026-06-12 17:09:32.035] [LAT] Path 1478: 78.4µs (0.1GB/s)
  [2026-06-12 17:09:32.036] [LAT] Path 1478: 77.1µs (0.1GB/s)
  [2026-06-12 17:09:32.038] [LAT] Path 1478: 79.0µs (0.1GB/s)
  [2026-06-12 17:09:32.039] [LAT] Path 1478: 76.5µs (0.1GB/s)
  [2026-06-12 17:09:32.041] [LAT] Path 1478: 75.8µs (0.1GB/s)
  [2026-06-12 17:09:33.147] [LAT] Path 8351: 206.2µs (0.0GB/s)
  [2026-06-12 17:09:33.149] [LAT] Path 8351: 95.5µs (0.0GB/s)
  [2026-06-12 17:09:33.151] [LAT] Path 8351: 86.8µs (0.1GB/s)
  [2026-06-12 17:09:33.152] [LAT] Path 8351: 74.4µs (0.1GB/s)
  [2026-06-12 17:09:33.154] [LAT] Path 8351: 78.1µs (0.1GB/s)
  [2026-06-12 17:09:33.156] [LAT] Path 8351: 81.0µs (0.1GB/s)
  [2026-06-12 17:09:33.157] [LAT] Path 8351: 87.3µs (0.1GB/s)
  [2026-06-12 17:09:33.159] [LAT] Path 8351: 101.5µs (0.0GB/s)
  [2026-06-12 17:09:33.160] [LAT] Path 8351: 85.9µs (0.1GB/s)
  [2026-06-12 17:09:33.162] [LAT] Path 8351: 94.0µs (0.0GB/s)
  [2026-06-12 17:09:34.263] [LAT] Path 706: 190.1µs (0.0GB/s)
  [2026-06-12 17:09:34.265] [LAT] Path 706: 93.6µs (0.0GB/s)
  [2026-06-12 17:09:34.267] [LAT] Path 706: 78.6µs (0.1GB/s)
  [2026-06-12 17:09:34.268] [LAT] Path 706: 79.2µs (0.1GB/s)
  [2026-06-12 17:09:34.270] [LAT] Path 706: 81.3µs (0.1GB/s)
  [2026-06-12 17:09:34.271] [LAT] Path 706: 76.9µs (0.1GB/s)
  [2026-06-12 17:09:34.273] [LAT] Path 706: 77.4µs (0.1GB/s)
  [2026-06-12 17:09:34.275] [LAT] Path 706: 90.7µs (0.1GB/s)
  [2026-06-12 17:09:34.276] [LAT] Path 706: 91.5µs (0.0GB/s)
  [2026-06-12 17:09:34.278] [LAT] Path 706: 100.8µs (0.0GB/s)
  [2026-06-12 17:09:35.386] [LAT] Path 1478: 265.1µs (0.0GB/s)
  [2026-06-12 17:09:35.387] [LAT] Path 1478: 173.4µs (0.0GB/s)
  [2026-06-12 17:09:35.389] [LAT] Path 1478: 137.5µs (0.0GB/s)
  [2026-06-12 17:09:35.391] [LAT] Path 1478: 163.7µs (0.0GB/s)
  [2026-06-12 17:09:35.392] [LAT] Path 1478: 184.9µs (0.0GB/s)
  [2026-06-12 17:09:35.394] [LAT] Path 1478: 140.2µs (0.0GB/s)
  [2026-06-12 17:09:35.395] [LAT] Path 1478: 79.0µs (0.1GB/s)
  [2026-06-12 17:09:35.397] [LAT] Path 1478: 80.4µs (0.1GB/s)
  [2026-06-12 17:09:35.398] [LAT] Path 1478: 107.0µs (0.0GB/s)
  [2026-06-12 17:09:35.400] [LAT] Path 1478: 93.9µs (0.0GB/s)
  [2026-06-12 17:09:36.501] [LAT] Path 1478: 170.4µs (0.0GB/s)
  [2026-06-12 17:09:36.503] [LAT] Path 1478: 83.2µs (0.1GB/s)
  [2026-06-12 17:09:36.504] [LAT] Path 1478: 84.5µs (0.1GB/s)
  [2026-06-12 17:09:36.506] [LAT] Path 1478: 80.5µs (0.1GB/s)
  [2026-06-12 17:09:36.507] [LAT] Path 1478: 78.6µs (0.1GB/s)
  [2026-06-12 17:09:36.509] [LAT] Path 1478: 77.9µs (0.1GB/s)
  [2026-06-12 17:09:36.510] [LAT] Path 1478: 75.4µs (0.1GB/s)
  [2026-06-12 17:09:36.512] [LAT] Path 1478: 76.8µs (0.1GB/s)
  [2026-06-12 17:09:36.513] [LAT] Path 1478: 93.6µs (0.0GB/s)
  [2026-06-12 17:09:36.517] [LAT] Path 1478: 2504.8µs (0.0GB/s)
  [2026-06-12 17:09:37.554] [BW] Path 47117: 9646.8µs (13.9GB/s)
  [2026-06-12 17:09:37.562] [BW] Path 47117: 6678.0µs (20.1GB/s)
  [2026-06-12 17:09:37.574] [BW] Path 47117: 9686.3µs (13.9GB/s)
  [2026-06-12 17:09:37.582] [BW] Path 47117: 6640.6µs (20.2GB/s)
  [2026-06-12 17:09:37.593] [BW] Path 47117: 9853.0µs (13.6GB/s)
  [2026-06-12 17:09:37.601] [BW] Path 47117: 6630.7µs (20.2GB/s)
  [2026-06-12 17:09:37.612] [BW] Path 47117: 9780.3µs (13.7GB/s)
  [2026-06-12 17:09:37.621] [BW] Path 47117: 6719.3µs (20.0GB/s)
  [2026-06-12 17:09:37.632] [BW] Path 47117: 9838.0µs (13.6GB/s)
  [2026-06-12 17:09:37.640] [BW] Path 47117: 6759.5µs (19.9GB/s)
  [2026-06-12 17:09:38.658] [BW] Path 48316: 6652.8µs (20.2GB/s)
  [2026-06-12 17:09:38.668] [BW] Path 48316: 8532.6µs (15.7GB/s)
  [2026-06-12 17:09:38.677] [BW] Path 48316: 7326.1µs (18.3GB/s)
  [2026-06-12 17:09:38.687] [BW] Path 48316: 9002.3µs (14.9GB/s)
  [2026-06-12 17:09:38.696] [BW] Path 48316: 6919.9µs (19.4GB/s)
  [2026-06-12 17:09:38.707] [BW] Path 48316: 9196.8µs (14.6GB/s)
  [2026-06-12 17:09:38.715] [BW] Path 48316: 6773.7µs (19.8GB/s)
  [2026-06-12 17:09:38.726] [BW] Path 48316: 9422.8µs (14.2GB/s)
  [2026-06-12 17:09:38.734] [BW] Path 48316: 6752.3µs (19.9GB/s)
  [2026-06-12 17:09:38.745] [BW] Path 48316: 9541.7µs (14.1GB/s)
  [2026-06-12 17:09:39.766] [BW] Path 48316: 9565.7µs (14.0GB/s)
  [2026-06-12 17:09:39.774] [BW] Path 48316: 6917.7µs (19.4GB/s)
  [2026-06-12 17:09:39.785] [BW] Path 48316: 8984.5µs (14.9GB/s)
  [2026-06-12 17:09:39.793] [BW] Path 48316: 7174.1µs (18.7GB/s)
  [2026-06-12 17:09:39.804] [BW] Path 48316: 8718.9µs (15.4GB/s)
  [2026-06-12 17:09:39.812] [BW] Path 48316: 7221.9µs (18.6GB/s)
  [2026-06-12 17:09:39.822] [BW] Path 48316: 8677.9µs (15.5GB/s)
  [2026-06-12 17:09:39.832] [BW] Path 48316: 7640.6µs (17.6GB/s)
  [2026-06-12 17:09:39.841] [BW] Path 48316: 8250.9µs (16.3GB/s)
  [2026-06-12 17:09:39.850] [BW] Path 48316: 7748.8µs (17.3GB/s)
  [2026-06-12 17:09:40.868] [LAT] Path 8351: 193.7µs (0.0GB/s)
  [2026-06-12 17:09:40.870] [LAT] Path 8351: 75.9µs (0.1GB/s)
  [2026-06-12 17:09:40.872] [LAT] Path 8351: 76.5µs (0.1GB/s)
  [2026-06-12 17:09:40.873] [LAT] Path 8351: 78.3µs (0.1GB/s)
  [2026-06-12 17:09:40.875] [LAT] Path 8351: 73.7µs (0.1GB/s)
  [2026-06-12 17:09:40.877] [LAT] Path 8351: 424.4µs (0.0GB/s)
  [2026-06-12 17:09:40.878] [LAT] Path 8351: 67.7µs (0.1GB/s)
  [2026-06-12 17:09:40.881] [LAT] Path 8351: 901.4µs (0.0GB/s)
  [2026-06-12 17:09:40.882] [LAT] Path 8351: 89.4µs (0.1GB/s)
  [2026-06-12 17:09:40.884] [LAT] Path 8351: 83.1µs (0.1GB/s)
  [2026-06-12 17:09:41.924] [BW] Path 48316: 10212.9µs (13.1GB/s)
  [2026-06-12 17:09:41.940] [BW] Path 48316: 14984.1µs (9.0GB/s)
  [2026-06-12 17:09:41.949] [BW] Path 48316: 7204.2µs (18.6GB/s)
  [2026-06-12 17:09:41.959] [BW] Path 48316: 8959.1µs (15.0GB/s)
  [2026-06-12 17:09:41.968] [BW] Path 48316: 7094.0µs (18.9GB/s)
  [2026-06-12 17:09:41.978] [BW] Path 48316: 9124.1µs (14.7GB/s)
  [2026-06-12 17:09:41.987] [BW] Path 48316: 6982.7µs (19.2GB/s)
  [2026-06-12 17:09:41.997] [BW] Path 48316: 9182.8µs (14.6GB/s)
  [2026-06-12 17:09:42.006] [BW] Path 48316: 6883.7µs (19.5GB/s)
  [2026-06-12 17:09:42.017] [BW] Path 48316: 9408.1µs (14.3GB/s)
  [2026-06-12 17:09:43.047] [BW] Path 48316: 8931.2µs (15.0GB/s)
  [2026-06-12 17:09:43.056] [BW] Path 48316: 7077.8µs (19.0GB/s)
  [2026-06-12 17:09:43.066] [BW] Path 48316: 9173.1µs (14.6GB/s)
  [2026-06-12 17:09:43.075] [BW] Path 48316: 6810.7µs (19.7GB/s)
  [2026-06-12 17:09:43.086] [BW] Path 48316: 9356.3µs (14.3GB/s)
  [2026-06-12 17:09:43.094] [BW] Path 48316: 6737.9µs (19.9GB/s)
  [2026-06-12 17:09:43.105] [BW] Path 48316: 9412.4µs (14.3GB/s)
  [2026-06-12 17:09:43.113] [BW] Path 48316: 6704.7µs (20.0GB/s)
  [2026-06-12 17:09:43.124] [BW] Path 48316: 9570.7µs (14.0GB/s)
  [2026-06-12 17:09:43.133] [BW] Path 48316: 6694.5µs (20.1GB/s)
  [2026-06-12 17:09:44.149] [BW] Path 47117: 6835.5µs (19.6GB/s)
  [2026-06-12 17:09:44.160] [BW] Path 47117: 8890.6µs (15.1GB/s)
  [2026-06-12 17:09:44.168] [BW] Path 47117: 7034.2µs (19.1GB/s)
  [2026-06-12 17:09:44.179] [BW] Path 47117: 9012.4µs (14.9GB/s)
  [2026-06-12 17:09:44.187] [BW] Path 47117: 6809.4µs (19.7GB/s)
  [2026-06-12 17:09:44.198] [BW] Path 47117: 9197.6µs (14.6GB/s)
  [2026-06-12 17:09:44.206] [BW] Path 47117: 6818.9µs (19.7GB/s)
  [2026-06-12 17:09:44.217] [BW] Path 47117: 9216.1µs (14.6GB/s)
  [2026-06-12 17:09:44.226] [BW] Path 47117: 6761.4µs (19.9GB/s)
  [2026-06-12 17:09:44.237] [BW] Path 47117: 9467.7µs (14.2GB/s)
  [2026-06-12 17:09:45.254] [BW] Path 48316: 7658.4µs (17.5GB/s)
  [2026-06-12 17:09:45.264] [BW] Path 48316: 8188.1µs (16.4GB/s)
  [2026-06-12 17:09:45.273] [BW] Path 48316: 7909.4µs (17.0GB/s)
  [2026-06-12 17:09:45.283] [BW] Path 48316: 7927.8µs (16.9GB/s)
  [2026-06-12 17:09:45.293] [BW] Path 48316: 8170.9µs (16.4GB/s)
  [2026-06-12 17:09:45.302] [BW] Path 48316: 7690.9µs (17.4GB/s)
  [2026-06-12 17:09:45.312] [BW] Path 48316: 8425.2µs (15.9GB/s)
  [2026-06-12 17:09:45.321] [BW] Path 48316: 7456.9µs (18.0GB/s)
  [2026-06-12 17:09:45.331] [BW] Path 48316: 8818.6µs (15.2GB/s)
  [2026-06-12 17:09:45.340] [BW] Path 48316: 7163.0µs (18.7GB/s)
  [2026-06-12 17:09:46.356] [BW] Path 48316: 6593.7µs (20.4GB/s)
  [2026-06-12 17:09:46.367] [BW] Path 48316: 9451.3µs (14.2GB/s)
  [2026-06-12 17:09:46.376] [BW] Path 48316: 6731.9µs (19.9GB/s)
  [2026-06-12 17:09:46.386] [BW] Path 48316: 9152.3µs (14.7GB/s)
  [2026-06-12 17:09:46.395] [BW] Path 48316: 7022.4µs (19.1GB/s)
  [2026-06-12 17:09:46.405] [BW] Path 48316: 8853.5µs (15.2GB/s)
  [2026-06-12 17:09:46.414] [BW] Path 48316: 7444.4µs (18.0GB/s)
  [2026-06-12 17:09:46.424] [BW] Path 48316: 8421.1µs (15.9GB/s)
  [2026-06-12 17:09:46.433] [BW] Path 48316: 7699.3µs (17.4GB/s)
  [2026-06-12 17:09:46.443] [BW] Path 48316: 8147.5µs (16.5GB/s)
  [2026-06-12 17:09:47.460] [BW] Path 48316: 6964.0µs (19.3GB/s)
  [2026-06-12 17:09:47.470] [BW] Path 48316: 8480.1µs (15.8GB/s)
  [2026-06-12 17:09:47.479] [BW] Path 48316: 7379.8µs (18.2GB/s)
  [2026-06-12 17:09:47.489] [BW] Path 48316: 8772.3µs (15.3GB/s)
  [2026-06-12 17:09:47.498] [BW] Path 48316: 7158.5µs (18.8GB/s)
  [2026-06-12 17:09:47.509] [BW] Path 48316: 9232.0µs (14.5GB/s)
  [2026-06-12 17:09:47.517] [BW] Path 48316: 6752.2µs (19.9GB/s)
  [2026-06-12 17:09:47.528] [BW] Path 48316: 9276.3µs (14.5GB/s)
  [2026-06-12 17:09:47.536] [BW] Path 48316: 6689.6µs (20.1GB/s)
  [2026-06-12 17:09:47.547] [BW] Path 48316: 9512.7µs (14.1GB/s)
  [2026-06-12 17:09:48.564] [BW] Path 48316: 6565.3µs (20.4GB/s)
  [2026-06-12 17:09:48.575] [BW] Path 48316: 9355.5µs (14.3GB/s)
  [2026-06-12 17:09:48.583] [BW] Path 48316: 6733.8µs (19.9GB/s)
  [2026-06-12 17:09:48.594] [BW] Path 48316: 9149.6µs (14.7GB/s)
  [2026-06-12 17:09:48.602] [BW] Path 48316: 6731.4µs (19.9GB/s)
  [2026-06-12 17:09:48.613] [BW] Path 48316: 9122.2µs (14.7GB/s)
  [2026-06-12 17:09:48.621] [BW] Path 48316: 6752.7µs (19.9GB/s)
  [2026-06-12 17:09:48.632] [BW] Path 48316: 9126.3µs (14.7GB/s)
  [2026-06-12 17:09:48.640] [BW] Path 48316: 6880.0µs (19.5GB/s)
  [2026-06-12 17:09:48.650] [BW] Path 48316: 8987.4µs (14.9GB/s)
  [2026-06-12 17:09:49.669] [BW] Path 48316: 8050.3µs (16.7GB/s)
  [2026-06-12 17:09:49.678] [BW] Path 48316: 7824.4µs (17.1GB/s)
  [2026-06-12 17:09:49.688] [BW] Path 48316: 8304.1µs (16.2GB/s)
  [2026-06-12 17:09:49.697] [BW] Path 48316: 7665.4µs (17.5GB/s)
  [2026-06-12 17:09:49.707] [BW] Path 48316: 8784.4µs (15.3GB/s)
  [2026-06-12 17:09:49.716] [BW] Path 48316: 7312.6µs (18.4GB/s)
  [2026-06-12 17:09:49.727] [BW] Path 48316: 8979.7µs (14.9GB/s)
  [2026-06-12 17:09:49.735] [BW] Path 48316: 7114.3µs (18.9GB/s)
  [2026-06-12 17:09:49.746] [BW] Path 48316: 9164.2µs (14.7GB/s)
  [2026-06-12 17:09:49.754] [BW] Path 48316: 6853.4µs (19.6GB/s)
  [2026-06-12 17:09:50.773] [BW] Path 47117: 8647.2µs (15.5GB/s)
  [2026-06-12 17:09:50.782] [BW] Path 47117: 7379.6µs (18.2GB/s)
  [2026-06-12 17:09:50.792] [BW] Path 47117: 8982.2µs (14.9GB/s)
  [2026-06-12 17:09:50.801] [BW] Path 47117: 7038.4µs (19.1GB/s)
  [2026-06-12 17:09:50.812] [BW] Path 47117: 9176.3µs (14.6GB/s)
  [2026-06-12 17:09:50.820] [BW] Path 47117: 6867.2µs (19.5GB/s)
  [2026-06-12 17:09:50.831] [BW] Path 47117: 9230.3µs (14.5GB/s)
  [2026-06-12 17:09:50.839] [BW] Path 47117: 6793.5µs (19.8GB/s)
  [2026-06-12 17:09:50.850] [BW] Path 47117: 9353.5µs (14.3GB/s)
  [2026-06-12 17:09:50.858] [BW] Path 47117: 6720.1µs (20.0GB/s)
  [2026-06-12 17:09:51.876] [BW] Path 47117: 7731.8µs (17.4GB/s)
  [2026-06-12 17:09:51.886] [BW] Path 47117: 8069.4µs (16.6GB/s)
  [2026-06-12 17:09:51.895] [BW] Path 47117: 8059.3µs (16.6GB/s)
  [2026-06-12 17:09:51.905] [BW] Path 47117: 7763.2µs (17.3GB/s)
  [2026-06-12 17:09:51.914] [BW] Path 47117: 8383.2µs (16.0GB/s)
  [2026-06-12 17:09:51.923] [BW] Path 47117: 7490.7µs (17.9GB/s)
  [2026-06-12 17:09:51.934] [BW] Path 47117: 8755.2µs (15.3GB/s)
  [2026-06-12 17:09:51.943] [BW] Path 47117: 7166.8µs (18.7GB/s)
  [2026-06-12 17:09:51.953] [BW] Path 47117: 8988.1µs (14.9GB/s)
  [2026-06-12 17:09:51.961] [BW] Path 47117: 6889.4µs (19.5GB/s)
  [2026-06-12 17:09:52.980] [BW] Path 47117: 7599.8µs (17.7GB/s)
  [2026-06-12 17:09:52.989] [BW] Path 47117: 8405.6µs (16.0GB/s)
  [2026-06-12 17:09:52.999] [BW] Path 47117: 7923.5µs (16.9GB/s)
  [2026-06-12 17:09:53.009] [BW] Path 47117: 8118.7µs (16.5GB/s)
  [2026-06-12 17:09:53.018] [BW] Path 47117: 8219.0µs (16.3GB/s)
  [2026-06-12 17:09:53.028] [BW] Path 47117: 7779.7µs (17.2GB/s)
  [2026-06-12 17:09:53.038] [BW] Path 47117: 8474.5µs (15.8GB/s)
  [2026-06-12 17:09:53.047] [BW] Path 47117: 7518.7µs (17.9GB/s)
  [2026-06-12 17:09:53.057] [BW] Path 47117: 8805.0µs (15.2GB/s)
  [2026-06-12 17:09:53.066] [BW] Path 47117: 7232.8µs (18.6GB/s)
  [2026-06-12 17:09:54.083] [BW] Path 48316: 6838.8µs (19.6GB/s)
  [2026-06-12 17:09:54.093] [BW] Path 48316: 8972.0µs (15.0GB/s)
  [2026-06-12 17:09:54.102] [BW] Path 48316: 7167.6µs (18.7GB/s)
  [2026-06-12 17:09:54.112] [BW] Path 48316: 8695.9µs (15.4GB/s)
  [2026-06-12 17:09:54.121] [BW] Path 48316: 7526.3µs (17.8GB/s)
  [2026-06-12 17:09:54.131] [BW] Path 48316: 8312.2µs (16.1GB/s)
  [2026-06-12 17:09:54.140] [BW] Path 48316: 7713.2µs (17.4GB/s)
  [2026-06-12 17:09:54.150] [BW] Path 48316: 8127.1µs (16.5GB/s)
  [2026-06-12 17:09:54.159] [BW] Path 48316: 8090.3µs (16.6GB/s)
  [2026-06-12 17:09:54.169] [BW] Path 48316: 7791.1µs (17.2GB/s)
  [2026-06-12 17:09:55.189] [BW] Path 47117: 9960.2µs (13.5GB/s)
  [2026-06-12 17:09:55.197] [BW] Path 47117: 6744.4µs (19.9GB/s)
  [2026-06-12 17:09:55.208] [BW] Path 47117: 9551.0µs (14.1GB/s)
  [2026-06-12 17:09:55.216] [BW] Path 47117: 6825.0µs (19.7GB/s)
  [2026-06-12 17:09:55.227] [BW] Path 47117: 9190.2µs (14.6GB/s)
  [2026-06-12 17:09:55.236] [BW] Path 47117: 7148.2µs (18.8GB/s)
  [2026-06-12 17:09:55.246] [BW] Path 47117: 8886.4µs (15.1GB/s)
  [2026-06-12 17:09:55.255] [BW] Path 47117: 7448.3µs (18.0GB/s)
  [2026-06-12 17:09:55.265] [BW] Path 47117: 8602.5µs (15.6GB/s)
  [2026-06-12 17:09:55.275] [BW] Path 47117: 7774.9µs (17.3GB/s)
  [2026-06-12 17:09:56.292] [BW] Path 48316: 7774.1µs (17.3GB/s)
  [2026-06-12 17:09:56.302] [BW] Path 48316: 8194.2µs (16.4GB/s)
  [2026-06-12 17:09:56.311] [BW] Path 48316: 7644.7µs (17.6GB/s)
  [2026-06-12 17:09:56.321] [BW] Path 48316: 8525.4µs (15.7GB/s)
  [2026-06-12 17:09:56.330] [BW] Path 48316: 7370.7µs (18.2GB/s)
  [2026-06-12 17:09:56.341] [BW] Path 48316: 8823.3µs (15.2GB/s)
  [2026-06-12 17:09:56.349] [BW] Path 48316: 7110.2µs (18.9GB/s)
  [2026-06-12 17:09:56.360] [BW] Path 48316: 8983.0µs (14.9GB/s)
  [2026-06-12 17:09:56.368] [BW] Path 48316: 6999.2µs (19.2GB/s)
  [2026-06-12 17:09:56.379] [BW] Path 48316: 9166.8µs (14.6GB/s)
  [2026-06-12 17:09:57.389] [LAT] Path 8351: 82.6µs (0.1GB/s)
  [2026-06-12 17:09:57.391] [LAT] Path 8351: 74.0µs (0.1GB/s)
  [2026-06-12 17:09:57.392] [LAT] Path 8351: 76.6µs (0.1GB/s)
  [2026-06-12 17:09:57.403] [BW] Path 8351: 9065.7µs (14.8GB/s)
  [2026-06-12 17:09:57.404] [LAT] Path 8351: 88.4µs (0.1GB/s)
  [2026-06-12 17:09:57.406] [LAT] Path 8351: 76.2µs (0.1GB/s)
  [2026-06-12 17:09:57.408] [LAT] Path 8351: 76.7µs (0.1GB/s)
  [2026-06-12 17:09:57.409] [LAT] Path 8351: 75.8µs (0.1GB/s)
  [2026-06-12 17:09:57.411] [LAT] Path 8351: 75.3µs (0.1GB/s)
  [2026-06-12 17:09:57.412] [LAT] Path 8351: 90.3µs (0.1GB/s)
  [2026-06-12 17:09:58.423] [LAT] Path 1478: 82.7µs (0.1GB/s)
  [2026-06-12 17:09:58.425] [LAT] Path 1478: 78.4µs (0.1GB/s)
  [2026-06-12 17:09:58.426] [LAT] Path 1478: 88.9µs (0.1GB/s)
  [2026-06-12 17:09:58.428] [LAT] Path 1478: 86.6µs (0.1GB/s)
  [2026-06-12 17:09:58.429] [LAT] Path 1478: 88.5µs (0.1GB/s)
  [2026-06-12 17:09:58.431] [LAT] Path 1478: 86.8µs (0.1GB/s)
  [2026-06-12 17:09:58.432] [LAT] Path 1478: 76.1µs (0.1GB/s)
  [2026-06-12 17:09:58.434] [LAT] Path 1478: 73.0µs (0.1GB/s)
  [2026-06-12 17:09:58.438] [LAT] Path 1478: 2097.2µs (0.0GB/s)
  [2026-06-12 17:09:58.439] [LAT] Path 1478: 86.7µs (0.1GB/s)
  [2026-06-12 17:09:59.449] [LAT] Path 1478: 94.6µs (0.0GB/s)
  [2026-06-12 17:09:59.451] [LAT] Path 1478: 87.5µs (0.1GB/s)
  [2026-06-12 17:09:59.453] [LAT] Path 1478: 88.1µs (0.1GB/s)
  [2026-06-12 17:09:59.454] [LAT] Path 1478: 75.3µs (0.1GB/s)
  [2026-06-12 17:09:59.456] [LAT] Path 1478: 75.0µs (0.1GB/s)
  [2026-06-12 17:09:59.457] [LAT] Path 1478: 74.2µs (0.1GB/s)
  [2026-06-12 17:09:59.459] [LAT] Path 1478: 73.7µs (0.1GB/s)
  [2026-06-12 17:09:59.460] [LAT] Path 1478: 74.1µs (0.1GB/s)
  [2026-06-12 17:09:59.462] [LAT] Path 1478: 86.1µs (0.1GB/s)
  [2026-06-12 17:09:59.464] [LAT] Path 1478: 84.9µs (0.1GB/s)
  [2026-06-12 17:10:00.476] [LAT] Path 8351: 79.7µs (0.1GB/s)
  [2026-06-12 17:10:00.478] [LAT] Path 8351: 83.0µs (0.1GB/s)
  [2026-06-12 17:10:00.479] [LAT] Path 8351: 74.5µs (0.1GB/s)
  [2026-06-12 17:10:00.481] [LAT] Path 8351: 72.6µs (0.1GB/s)
  [2026-06-12 17:10:00.482] [LAT] Path 8351: 73.3µs (0.1GB/s)
  [2026-06-12 17:10:00.484] [LAT] Path 8351: 88.4µs (0.1GB/s)
  [2026-06-12 17:10:00.486] [LAT] Path 8351: 85.0µs (0.1GB/s)
  [2026-06-12 17:10:00.487] [LAT] Path 8351: 86.7µs (0.1GB/s)
  [2026-06-12 17:10:00.489] [LAT] Path 8351: 85.6µs (0.1GB/s)
  [2026-06-12 17:10:00.491] [LAT] Path 8351: 1089.2µs (0.0GB/s)
  [2026-06-12 17:10:01.506] [LAT] Path 1478: 1930.5µs (0.0GB/s)
  [2026-06-12 17:10:01.507] [LAT] Path 1478: 88.0µs (0.1GB/s)
  [2026-06-12 17:10:01.509] [LAT] Path 1478: 86.9µs (0.1GB/s)
  [2026-06-12 17:10:01.510] [LAT] Path 1478: 87.1µs (0.1GB/s)
  [2026-06-12 17:10:01.512] [LAT] Path 1478: 87.2µs (0.1GB/s)
  [2026-06-12 17:10:01.514] [LAT] Path 1478: 76.1µs (0.1GB/s)
  [2026-06-12 17:10:01.515] [LAT] Path 1478: 74.1µs (0.1GB/s)
  [2026-06-12 17:10:01.517] [LAT] Path 1478: 73.2µs (0.1GB/s)
  [2026-06-12 17:10:01.518] [LAT] Path 1478: 76.2µs (0.1GB/s)
  [2026-06-12 17:10:01.520] [LAT] Path 1478: 76.7µs (0.1GB/s)
  [2026-06-12 17:10:02.532] [LAT] Path 1478: 123.8µs (0.0GB/s)
  [2026-06-12 17:10:02.536] [LAT] Path 1478: 2196.9µs (0.0GB/s)
  [2026-06-12 17:10:02.537] [LAT] Path 1478: 78.9µs (0.1GB/s)
  [2026-06-12 17:10:02.539] [LAT] Path 1478: 77.0µs (0.1GB/s)
  [2026-06-12 17:10:02.541] [LAT] Path 1478: 72.0µs (0.1GB/s)
  [2026-06-12 17:10:02.542] [LAT] Path 1478: 91.6µs (0.0GB/s)
  [2026-06-12 17:10:02.544] [LAT] Path 1478: 88.9µs (0.1GB/s)
  [2026-06-12 17:10:02.545] [LAT] Path 1478: 89.8µs (0.1GB/s)
  [2026-06-12 17:10:02.547] [LAT] Path 1478: 87.5µs (0.1GB/s)
  [2026-06-12 17:10:02.549] [LAT] Path 1478: 80.2µs (0.1GB/s)
  [2026-06-12 17:10:03.563] [LAT] Path 1478: 3342.2µs (0.0GB/s)
  [2026-06-12 17:10:03.565] [LAT] Path 1478: 85.7µs (0.1GB/s)
  [2026-06-12 17:10:03.566] [LAT] Path 1478: 78.3µs (0.1GB/s)
  [2026-06-12 17:10:03.568] [LAT] Path 1478: 76.3µs (0.1GB/s)
  [2026-06-12 17:10:03.569] [LAT] Path 1478: 70.3µs (0.1GB/s)
  [2026-06-12 17:10:03.571] [LAT] Path 1478: 91.6µs (0.0GB/s)
  [2026-06-12 17:10:03.573] [LAT] Path 1478: 89.3µs (0.1GB/s)
  [2026-06-12 17:10:03.574] [LAT] Path 1478: 89.5µs (0.1GB/s)
  [2026-06-12 17:10:03.576] [LAT] Path 1478: 88.1µs (0.1GB/s)
  [2026-06-12 17:10:03.577] [LAT] Path 1478: 77.5µs (0.1GB/s)
  [2026-06-12 17:10:04.590] [LAT] Path 8351: 2496.2µs (0.0GB/s)
  [2026-06-12 17:10:04.592] [LAT] Path 8351: 95.3µs (0.0GB/s)
  [2026-06-12 17:10:04.594] [LAT] Path 8351: 98.8µs (0.0GB/s)
  [2026-06-12 17:10:04.595] [LAT] Path 8351: 93.9µs (0.0GB/s)
  [2026-06-12 17:10:04.597] [LAT] Path 8351: 95.1µs (0.0GB/s)
  [2026-06-12 17:10:04.598] [LAT] Path 8351: 81.4µs (0.1GB/s)
  [2026-06-12 17:10:04.600] [LAT] Path 8351: 77.4µs (0.1GB/s)
  [2026-06-12 17:10:04.602] [LAT] Path 8351: 76.7µs (0.1GB/s)
  [2026-06-12 17:10:04.603] [LAT] Path 8351: 76.6µs (0.1GB/s)
  [2026-06-12 17:10:04.605] [LAT] Path 8351: 75.3µs (0.1GB/s)
  [2026-06-12 17:10:05.615] [LAT] Path 1478: 127.0µs (0.0GB/s)
  [2026-06-12 17:10:05.617] [LAT] Path 1478: 92.1µs (0.0GB/s)
  [2026-06-12 17:10:05.618] [LAT] Path 1478: 88.9µs (0.1GB/s)
  [2026-06-12 17:10:05.620] [LAT] Path 1478: 95.2µs (0.0GB/s)
  [2026-06-12 17:10:05.622] [LAT] Path 1478: 86.9µs (0.1GB/s)
  [2026-06-12 17:10:05.623] [LAT] Path 1478: 75.1µs (0.1GB/s)
  [2026-06-12 17:10:05.628] [LAT] Path 1478: 2892.1µs (0.0GB/s)
  [2026-06-12 17:10:05.629] [LAT] Path 1478: 78.3µs (0.1GB/s)
  [2026-06-12 17:10:05.631] [LAT] Path 1478: 91.1µs (0.0GB/s)
  [2026-06-12 17:10:05.632] [LAT] Path 1478: 89.0µs (0.1GB/s)
  [2026-06-12 17:10:06.643] [LAT] Path 1478: 81.5µs (0.1GB/s)
  [2026-06-12 17:10:06.644] [LAT] Path 1478: 92.2µs (0.0GB/s)
  [2026-06-12 17:10:06.648] [LAT] Path 1478: 2466.7µs (0.0GB/s)
  [2026-06-12 17:10:06.650] [LAT] Path 1478: 89.0µs (0.1GB/s)
  [2026-06-12 17:10:06.651] [LAT] Path 1478: 77.3µs (0.1GB/s)
  [2026-06-12 17:10:06.653] [LAT] Path 1478: 76.2µs (0.1GB/s)
  [2026-06-12 17:10:06.655] [LAT] Path 1478: 76.2µs (0.1GB/s)
  [2026-06-12 17:10:06.656] [LAT] Path 1478: 76.9µs (0.1GB/s)
  [2026-06-12 17:10:06.658] [LAT] Path 1478: 409.8µs (0.0GB/s)
  [2026-06-12 17:10:06.660] [LAT] Path 1478: 90.0µs (0.1GB/s)
  [2026-06-12 17:10:07.670] [LAT] Path 1478: 103.2µs (0.0GB/s)
  [2026-06-12 17:10:07.672] [LAT] Path 1478: 80.8µs (0.1GB/s)
  [2026-06-12 17:10:07.678] [LAT] Path 1478: 5074.0µs (0.0GB/s)
  [2026-06-12 17:10:07.680] [LAT] Path 1478: 73.2µs (0.1GB/s)
  [2026-06-12 17:10:07.681] [LAT] Path 1478: 85.4µs (0.1GB/s)
  [2026-06-12 17:10:07.683] [LAT] Path 1478: 112.6µs (0.0GB/s)
  [2026-06-12 17:10:07.685] [LAT] Path 1478: 88.8µs (0.1GB/s)
  [2026-06-12 17:10:07.686] [LAT] Path 1478: 87.7µs (0.1GB/s)
  [2026-06-12 17:10:07.688] [LAT] Path 1478: 112.3µs (0.0GB/s)
  [2026-06-12 17:10:07.690] [LAT] Path 1478: 90.6µs (0.1GB/s)
  [2026-06-12 17:10:08.701] [LAT] Path 1478: 150.0µs (0.0GB/s)
  [2026-06-12 17:10:08.705] [LAT] Path 1478: 2574.6µs (0.0GB/s)
  [2026-06-12 17:10:08.706] [LAT] Path 1478: 93.0µs (0.0GB/s)
  [2026-06-12 17:10:08.708] [LAT] Path 1478: 77.8µs (0.1GB/s)
  [2026-06-12 17:10:08.709] [LAT] Path 1478: 76.8µs (0.1GB/s)
  [2026-06-12 17:10:08.711] [LAT] Path 1478: 83.5µs (0.1GB/s)
  [2026-06-12 17:10:08.713] [LAT] Path 1478: 75.6µs (0.1GB/s)
  [2026-06-12 17:10:08.714] [LAT] Path 1478: 91.8µs (0.0GB/s)
  [2026-06-12 17:10:08.716] [LAT] Path 1478: 89.1µs (0.1GB/s)
  [2026-06-12 17:10:08.717] [LAT] Path 1478: 86.4µs (0.1GB/s)
  [2026-06-12 17:10:09.728] [LAT] Path 8351: 83.0µs (0.1GB/s)
  [2026-06-12 17:10:09.749] [BW] Path 8351: 19202.9µs (7.0GB/s)
  [2026-06-12 17:10:09.758] [BW] Path 8351: 7613.4µs (17.6GB/s)
  [2026-06-12 17:10:09.772] [BW] Path 8351: 13036.3µs (10.3GB/s)
  [2026-06-12 17:10:09.781] [BW] Path 8351: 6893.4µs (19.5GB/s)
  [2026-06-12 17:10:09.792] [BW] Path 8351: 10299.1µs (13.0GB/s)
  [2026-06-12 17:10:09.802] [BW] Path 8351: 7807.7µs (17.2GB/s)
  [2026-06-12 17:10:09.819] [BW] Path 8351: 16103.8µs (8.3GB/s)
  [2026-06-12 17:10:09.834] [BW] Path 8351: 12881.1µs (10.4GB/s)
  [2026-06-12 17:10:09.845] [BW] Path 8351: 9932.2µs (13.5GB/s)
  [2026-06-12 17:10:10.856] [LAT] Path 1478: 108.7µs (0.0GB/s)
  [2026-06-12 17:10:10.861] [LAT] Path 1478: 3322.5µs (0.0GB/s)
  [2026-06-12 17:10:10.865] [LAT] Path 1478: 2747.0µs (0.0GB/s)
  [2026-06-12 17:10:10.867] [LAT] Path 1478: 78.8µs (0.1GB/s)
  [2026-06-12 17:10:10.868] [LAT] Path 1478: 79.8µs (0.1GB/s)
  [2026-06-12 17:10:10.870] [LAT] Path 1478: 77.4µs (0.1GB/s)
  [2026-06-12 17:10:10.871] [LAT] Path 1478: 92.4µs (0.0GB/s)
  [2026-06-12 17:10:10.873] [LAT] Path 1478: 97.3µs (0.0GB/s)
  [2026-06-12 17:10:10.875] [LAT] Path 1478: 90.8µs (0.1GB/s)
  [2026-06-12 17:10:10.876] [LAT] Path 1478: 95.5µs (0.0GB/s)
  [2026-06-12 17:10:11.894] [BW] Path 8351: 6683.6µs (20.1GB/s)
  [2026-06-12 17:10:11.896] [LAT] Path 8351: 84.1µs (0.1GB/s)
  [2026-06-12 17:10:11.897] [LAT] Path 8351: 70.4µs (0.1GB/s)
  [2026-06-12 17:10:11.899] [LAT] Path 8351: 89.2µs (0.1GB/s)
  [2026-06-12 17:10:11.900] [LAT] Path 8351: 89.2µs (0.1GB/s)
  [2026-06-12 17:10:11.902] [LAT] Path 8351: 88.6µs (0.1GB/s)
  [2026-06-12 17:10:11.911] [BW] Path 8351: 7355.1µs (18.2GB/s)
  [2026-06-12 17:10:11.922] [BW] Path 8351: 9991.5µs (13.4GB/s)
  [2026-06-12 17:10:11.932] [BW] Path 8351: 8647.2µs (15.5GB/s)
  [2026-06-12 17:10:11.944] [BW] Path 8351: 10656.6µs (12.6GB/s)
  [2026-06-12 17:10:12.955] [LAT] Path 1478: 104.5µs (0.0GB/s)
  [2026-06-12 17:10:12.957] [LAT] Path 1478: 92.7µs (0.0GB/s)
  [2026-06-12 17:10:12.966] [BW] Path 1478: 8409.2µs (16.0GB/s)
  [2026-06-12 17:10:12.985] [BW] Path 1478: 16664.2µs (8.1GB/s)
  [2026-06-12 17:10:13.003] [LAT] Path 1478: 75.5µs (0.1GB/s)
  [2026-06-12 17:10:13.005] [LAT] Path 1478: 75.1µs (0.1GB/s)
  [2026-06-12 17:10:13.006] [LAT] Path 1478: 72.5µs (0.1GB/s)
  [2026-06-12 17:10:13.008] [LAT] Path 1478: 73.0µs (0.1GB/s)
  [2026-06-12 17:10:13.009] [LAT] Path 1478: 86.7µs (0.1GB/s)
  [2026-06-12 17:10:13.011] [LAT] Path 1478: 91.9µs (0.0GB/s)
  [2026-06-12 17:10:14.022] [LAT] Path 1478: 103.1µs (0.0GB/s)
  [2026-06-12 17:10:14.023] [LAT] Path 1478: 96.7µs (0.0GB/s)
  [2026-06-12 17:10:14.025] [LAT] Path 1478: 77.0µs (0.1GB/s)
  [2026-06-12 17:10:14.027] [LAT] Path 1478: 93.0µs (0.0GB/s)
  [2026-06-12 17:10:14.028] [LAT] Path 1478: 73.8µs (0.1GB/s)
  [2026-06-12 17:10:14.030] [LAT] Path 1478: 74.8µs (0.1GB/s)
  [2026-06-12 17:10:14.031] [LAT] Path 1478: 74.2µs (0.1GB/s)
  [2026-06-12 17:10:14.033] [LAT] Path 1478: 74.0µs (0.1GB/s)
  [2026-06-12 17:10:14.034] [LAT] Path 1478: 92.4µs (0.0GB/s)
  [2026-06-12 17:10:14.036] [LAT] Path 1478: 92.1µs (0.0GB/s)
  [2026-06-12 17:10:15.053] [BW] Path 8351: 6776.4µs (19.8GB/s)
  [2026-06-12 17:10:15.055] [LAT] Path 8351: 195.8µs (0.0GB/s)
  [2026-06-12 17:10:15.056] [LAT] Path 8351: 91.6µs (0.0GB/s)
  [2026-06-12 17:10:15.058] [LAT] Path 8351: 87.9µs (0.1GB/s)
  [2026-06-12 17:10:15.060] [LAT] Path 8351: 87.5µs (0.1GB/s)
  [2026-06-12 17:10:15.068] [BW] Path 8351: 6724.1µs (20.0GB/s)
  [2026-06-12 17:10:15.082] [BW] Path 8351: 12675.5µs (10.6GB/s)
  [2026-06-12 17:10:15.090] [BW] Path 8351: 6809.1µs (19.7GB/s)
  [2026-06-12 17:10:15.101] [BW] Path 8351: 9640.8µs (13.9GB/s)
  [2026-06-12 17:10:15.113] [BW] Path 8351: 9639.8µs (13.9GB/s)
  [2026-06-12 17:10:16.132] [BW] Path 8351: 8635.6µs (15.5GB/s)
  [2026-06-12 17:10:16.144] [BW] Path 8351: 11142.0µs (12.1GB/s)
  [2026-06-12 17:10:16.154] [BW] Path 8351: 8382.5µs (16.0GB/s)
  [2026-06-12 17:10:16.164] [BW] Path 8351: 8824.4µs (15.2GB/s)
  [2026-06-12 17:10:16.166] [LAT] Path 8351: 78.2µs (0.1GB/s)
  [2026-06-12 17:10:16.182] [BW] Path 8351: 14981.7µs (9.0GB/s)
  [2026-06-12 17:10:16.194] [BW] Path 8351: 9808.4µs (13.7GB/s)
  [2026-06-12 17:10:16.215] [BW] Path 8351: 19512.2µs (6.9GB/s)
  [2026-06-12 17:10:16.226] [BW] Path 8351: 10050.4µs (13.3GB/s)
  [2026-06-12 17:10:16.247] [BW] Path 8351: 18783.8µs (7.2GB/s)
  [2026-06-12 17:10:17.258] [LAT] Path 1478: 125.2µs (0.0GB/s)
  [2026-06-12 17:10:17.259] [LAT] Path 1478: 113.4µs (0.0GB/s)
  [2026-06-12 17:10:17.261] [LAT] Path 1478: 92.0µs (0.0GB/s)
  [2026-06-12 17:10:17.263] [LAT] Path 1478: 92.6µs (0.0GB/s)
  [2026-06-12 17:10:17.264] [LAT] Path 1478: 91.0µs (0.1GB/s)
  [2026-06-12 17:10:17.266] [LAT] Path 1478: 96.9µs (0.0GB/s)
  [2026-06-12 17:10:17.270] [LAT] Path 1478: 2231.8µs (0.0GB/s)
  [2026-06-12 17:10:17.271] [LAT] Path 1478: 75.7µs (0.1GB/s)
  [2026-06-12 17:10:17.273] [LAT] Path 1478: 75.8µs (0.1GB/s)
  [2026-06-12 17:10:17.275] [LAT] Path 1478: 605.6µs (0.0GB/s)
  [2026-06-12 17:10:18.286] [LAT] Path 8351: 118.5µs (0.0GB/s)
  [2026-06-12 17:10:18.287] [LAT] Path 8351: 86.4µs (0.1GB/s)
  [2026-06-12 17:10:18.289] [LAT] Path 8351: 84.3µs (0.1GB/s)
  [2026-06-12 17:10:18.300] [BW] Path 8351: 9454.0µs (14.2GB/s)
  [2026-06-12 17:10:18.320] [BW] Path 8351: 18891.4µs (7.1GB/s)
  [2026-06-12 17:10:18.329] [BW] Path 8351: 7405.7µs (18.1GB/s)
  [2026-06-12 17:10:18.342] [BW] Path 8351: 10872.0µs (12.3GB/s)
  [2026-06-12 17:10:18.350] [BW] Path 8351: 7298.8µs (18.4GB/s)
  [2026-06-12 17:10:18.362] [BW] Path 8351: 10253.2µs (13.1GB/s)
  [2026-06-12 17:10:18.376] [BW] Path 8351: 12525.7µs (10.7GB/s)
  [2026-06-12 17:10:19.387] [LAT] Path 1478: 90.7µs (0.1GB/s)
  [2026-06-12 17:10:19.389] [LAT] Path 1478: 78.2µs (0.1GB/s)
  [2026-06-12 17:10:19.390] [LAT] Path 1478: 75.3µs (0.1GB/s)
  [2026-06-12 17:10:19.392] [LAT] Path 1478: 74.1µs (0.1GB/s)
  [2026-06-12 17:10:19.393] [LAT] Path 1478: 75.7µs (0.1GB/s)
  [2026-06-12 17:10:19.395] [LAT] Path 1478: 99.3µs (0.0GB/s)
  [2026-06-12 17:10:19.397] [LAT] Path 1478: 95.0µs (0.0GB/s)
  [2026-06-12 17:10:19.398] [LAT] Path 1478: 92.4µs (0.0GB/s)
  [2026-06-12 17:10:19.400] [LAT] Path 1478: 100.2µs (0.0GB/s)
  [2026-06-12 17:10:19.402] [LAT] Path 1478: 640.6µs (0.0GB/s)
  [2026-06-12 17:10:20.412] [LAT] Path 1478: 85.6µs (0.1GB/s)
  [2026-06-12 17:10:20.414] [LAT] Path 1478: 76.6µs (0.1GB/s)
  [2026-06-12 17:10:20.416] [LAT] Path 1478: 77.8µs (0.1GB/s)
  [2026-06-12 17:10:20.417] [LAT] Path 1478: 95.4µs (0.0GB/s)
  [2026-06-12 17:10:20.419] [LAT] Path 1478: 92.8µs (0.0GB/s)
  [2026-06-12 17:10:20.420] [LAT] Path 1478: 94.9µs (0.0GB/s)
  [2026-06-12 17:10:20.422] [LAT] Path 1478: 93.7µs (0.0GB/s)
  [2026-06-12 17:10:20.424] [LAT] Path 1478: 75.9µs (0.1GB/s)
  [2026-06-12 17:10:20.425] [LAT] Path 1478: 75.8µs (0.1GB/s)
  [2026-06-12 17:10:20.427] [LAT] Path 1478: 74.2µs (0.1GB/s)
  [2026-06-12 17:10:21.437] [LAT] Path 8351: 137.1µs (0.0GB/s)
  [2026-06-12 17:10:21.454] [BW] Path 8351: 15362.2µs (8.7GB/s)
  [2026-06-12 17:10:21.465] [BW] Path 8351: 9552.3µs (14.1GB/s)
  [2026-06-12 17:10:21.477] [BW] Path 8351: 10821.6µs (12.4GB/s)
  [2026-06-12 17:10:21.486] [BW] Path 8351: 7481.3µs (17.9GB/s)
  [2026-06-12 17:10:21.498] [BW] Path 8351: 10552.1µs (12.7GB/s)
  [2026-06-12 17:10:21.507] [BW] Path 8351: 6866.3µs (19.6GB/s)
  [2026-06-12 17:10:21.526] [BW] Path 8351: 18041.7µs (7.4GB/s)
  [2026-06-12 17:10:21.536] [BW] Path 8351: 8431.6µs (15.9GB/s)
  [2026-06-12 17:10:21.552] [BW] Path 8351: 14620.6µs (9.2GB/s)
  [2026-06-12 17:10:22.586] [BW] Path 8351: 22592.2µs (5.9GB/s)
  [2026-06-12 17:10:22.604] [BW] Path 8351: 16486.6µs (8.1GB/s)
  [2026-06-12 17:10:22.629] [BW] Path 8351: 23101.3µs (5.8GB/s)
  [2026-06-12 17:10:22.630] [LAT] Path 8351: 80.4µs (0.1GB/s)
  [2026-06-12 17:10:22.632] [LAT] Path 8351: 153.4µs (0.0GB/s)
  [2026-06-12 17:10:22.634] [LAT] Path 8351: 78.2µs (0.1GB/s)
  [2026-06-12 17:10:22.635] [LAT] Path 8351: 77.1µs (0.1GB/s)
  [2026-06-12 17:10:22.637] [LAT] Path 8351: 97.7µs (0.0GB/s)
  [2026-06-12 17:10:22.638] [LAT] Path 8351: 95.6µs (0.0GB/s)
  [2026-06-12 17:10:22.640] [LAT] Path 8351: 89.8µs (0.1GB/s)
  [2026-06-12 17:10:23.651] [LAT] Path 1478: 93.0µs (0.0GB/s)
  [2026-06-12 17:10:23.653] [LAT] Path 1478: 89.4µs (0.1GB/s)
  [2026-06-12 17:10:23.654] [LAT] Path 1478: 79.8µs (0.1GB/s)
  [2026-06-12 17:10:23.656] [LAT] Path 1478: 75.5µs (0.1GB/s)
  [2026-06-12 17:10:23.657] [LAT] Path 1478: 76.8µs (0.1GB/s)
  [2026-06-12 17:10:23.659] [LAT] Path 1478: 75.9µs (0.1GB/s)
  [2026-06-12 17:10:23.660] [LAT] Path 1478: 77.4µs (0.1GB/s)
  [2026-06-12 17:10:23.662] [LAT] Path 1478: 89.1µs (0.1GB/s)
  [2026-06-12 17:10:23.664] [LAT] Path 1478: 86.2µs (0.1GB/s)
  [2026-06-12 17:10:23.665] [LAT] Path 1478: 86.4µs (0.1GB/s)
  [2026-06-12 17:10:24.676] [LAT] Path 8351: 157.6µs (0.0GB/s)
  [2026-06-12 17:10:24.678] [LAT] Path 8351: 82.8µs (0.1GB/s)
  [2026-06-12 17:10:24.679] [LAT] Path 8351: 76.8µs (0.1GB/s)
  [2026-06-12 17:10:24.681] [LAT] Path 8351: 76.5µs (0.1GB/s)
  [2026-06-12 17:10:24.690] [BW] Path 8351: 7997.1µs (16.8GB/s)
  [2026-06-12 17:10:24.702] [BW] Path 8351: 10509.2µs (12.8GB/s)
  [2026-06-12 17:10:24.713] [BW] Path 8351: 8982.2µs (14.9GB/s)
  [2026-06-12 17:10:24.722] [BW] Path 8351: 8317.0µs (16.1GB/s)
  [2026-06-12 17:10:24.735] [BW] Path 8351: 11486.6µs (11.7GB/s)
  [2026-06-12 17:10:24.737] [LAT] Path 8351: 96.6µs (0.0GB/s)
  [2026-06-12 17:10:25.748] [LAT] Path 1478: 108.9µs (0.0GB/s)
  [2026-06-12 17:10:25.749] [LAT] Path 1478: 108.7µs (0.0GB/s)
  [2026-06-12 17:10:25.751] [LAT] Path 1478: 108.9µs (0.0GB/s)
  [2026-06-12 17:10:25.753] [LAT] Path 1478: 91.5µs (0.0GB/s)
  [2026-06-12 17:10:25.754] [LAT] Path 1478: 94.9µs (0.0GB/s)
  [2026-06-12 17:10:25.756] [LAT] Path 1478: 76.5µs (0.1GB/s)
  [2026-06-12 17:10:25.757] [LAT] Path 1478: 74.9µs (0.1GB/s)
  [2026-06-12 17:10:25.759] [LAT] Path 1478: 74.0µs (0.1GB/s)
  [2026-06-12 17:10:25.760] [LAT] Path 1478: 75.2µs (0.1GB/s)
  [2026-06-12 17:10:25.762] [LAT] Path 1478: 73.5µs (0.1GB/s)
  [2026-06-12 17:10:26.773] [LAT] Path 1478: 100.3µs (0.0GB/s)
  [2026-06-12 17:10:26.774] [LAT] Path 1478: 80.7µs (0.1GB/s)
  [2026-06-12 17:10:26.776] [LAT] Path 1478: 77.3µs (0.1GB/s)
  [2026-06-12 17:10:26.777] [LAT] Path 1478: 75.9µs (0.1GB/s)
  [2026-06-12 17:10:26.779] [LAT] Path 1478: 73.7µs (0.1GB/s)
  [2026-06-12 17:10:26.780] [LAT] Path 1478: 75.1µs (0.1GB/s)
  [2026-06-12 17:10:26.782] [LAT] Path 1478: 75.3µs (0.1GB/s)
  [2026-06-12 17:10:26.785] [LAT] Path 1478: 1374.0µs (0.0GB/s)
  [2026-06-12 17:10:26.786] [LAT] Path 1478: 94.2µs (0.0GB/s)
  [2026-06-12 17:10:26.788] [LAT] Path 1478: 91.8µs (0.0GB/s)
  [2026-06-12 17:10:27.806] [BW] Path 1478: 7281.5µs (18.4GB/s)
  [2026-06-12 17:10:27.825] [BW] Path 1478: 18230.1µs (7.4GB/s)
  [2026-06-12 17:10:27.834] [BW] Path 1478: 6816.5µs (19.7GB/s)
  [2026-06-12 17:10:27.848] [BW] Path 1478: 13034.1µs (10.3GB/s)
  [2026-06-12 17:10:27.857] [BW] Path 1478: 6757.8µs (19.9GB/s)
  [2026-06-12 17:10:27.869] [BW] Path 1478: 11036.7µs (12.2GB/s)
  [2026-06-12 17:10:27.871] [LAT] Path 1478: 80.2µs (0.1GB/s)
  [2026-06-12 17:10:27.872] [LAT] Path 1478: 76.7µs (0.1GB/s)
  [2026-06-12 17:10:27.874] [LAT] Path 1478: 79.3µs (0.1GB/s)
  [2026-06-12 17:10:27.875] [LAT] Path 1478: 141.2µs (0.0GB/s)
  [2026-06-12 17:10:28.890] [LAT] Path 8351: 4190.3µs (0.0GB/s)
  [2026-06-12 17:10:28.892] [LAT] Path 8351: 87.5µs (0.1GB/s)
  [2026-06-12 17:10:28.893] [LAT] Path 8351: 116.0µs (0.0GB/s)
  [2026-06-12 17:10:28.898] [LAT] Path 8351: 3076.7µs (0.0GB/s)
  [2026-06-12 17:10:28.900] [LAT] Path 8351: 76.5µs (0.1GB/s)
  [2026-06-12 17:10:28.901] [LAT] Path 8351: 74.4µs (0.1GB/s)
  [2026-06-12 17:10:28.903] [LAT] Path 8351: 73.5µs (0.1GB/s)
  [2026-06-12 17:10:28.904] [LAT] Path 8351: 76.9µs (0.1GB/s)
  [2026-06-12 17:10:28.906] [LAT] Path 8351: 74.6µs (0.1GB/s)
  [2026-06-12 17:10:28.907] [LAT] Path 8351: 67.6µs (0.1GB/s)
  [2026-06-12 17:10:29.919] [LAT] Path 1478: 1554.6µs (0.0GB/s)
  [2026-06-12 17:10:29.928] [BW] Path 1478: 6913.4µs (19.4GB/s)
  [2026-06-12 17:10:29.929] [LAT] Path 1478: 76.2µs (0.1GB/s)
  [2026-06-12 17:10:29.931] [LAT] Path 1478: 93.1µs (0.0GB/s)
  [2026-06-12 17:10:29.933] [LAT] Path 1478: 93.9µs (0.0GB/s)
  [2026-06-12 17:10:29.934] [LAT] Path 1478: 92.4µs (0.0GB/s)
  [2026-06-12 17:10:29.936] [LAT] Path 1478: 95.1µs (0.0GB/s)
  [2026-06-12 17:10:29.937] [LAT] Path 1478: 92.2µs (0.0GB/s)
  [2026-06-12 17:10:29.939] [LAT] Path 1478: 77.4µs (0.1GB/s)
  [2026-06-12 17:10:29.940] [LAT] Path 1478: 75.4µs (0.1GB/s)
  [2026-06-12 17:10:30.951] [LAT] Path 8351: 136.6µs (0.0GB/s)
  [2026-06-12 17:10:30.969] [BW] Path 8351: 16516.8µs (8.1GB/s)
  [2026-06-12 17:10:30.977] [BW] Path 8351: 6718.2µs (20.0GB/s)
  [2026-06-12 17:10:30.995] [BW] Path 8351: 15845.6µs (8.5GB/s)
  [2026-06-12 17:10:31.003] [BW] Path 8351: 7048.8µs (19.0GB/s)
  [2026-06-12 17:10:31.015] [BW] Path 8351: 10605.1µs (12.7GB/s)
  [2026-06-12 17:10:31.025] [BW] Path 8351: 7699.8µs (17.4GB/s)
  [2026-06-12 17:10:31.040] [BW] Path 8351: 13512.7µs (9.9GB/s)
  [2026-06-12 17:10:31.048] [BW] Path 8351: 6894.5µs (19.5GB/s)
  [2026-06-12 17:10:31.068] [BW] Path 8351: 18140.8µs (7.4GB/s)
  [2026-06-12 17:10:32.079] [LAT] Path 8351: 118.3µs (0.0GB/s)
  [2026-06-12 17:10:32.081] [LAT] Path 8351: 78.1µs (0.1GB/s)
  [2026-06-12 17:10:32.082] [LAT] Path 8351: 77.6µs (0.1GB/s)
  [2026-06-12 17:10:32.084] [LAT] Path 8351: 83.2µs (0.1GB/s)
  [2026-06-12 17:10:32.085] [LAT] Path 8351: 92.5µs (0.0GB/s)
  [2026-06-12 17:10:32.087] [LAT] Path 8351: 94.0µs (0.0GB/s)
  [2026-06-12 17:10:32.091] [LAT] Path 8351: 2577.4µs (0.0GB/s)
  [2026-06-12 17:10:32.093] [LAT] Path 8351: 78.6µs (0.1GB/s)
  [2026-06-12 17:10:32.094] [LAT] Path 8351: 75.3µs (0.1GB/s)
  [2026-06-12 17:10:32.096] [LAT] Path 8351: 75.3µs (0.1GB/s)
  [2026-06-12 17:10:33.119] [LAT] Path 1478: 80.8µs (0.1GB/s)
  [2026-06-12 17:10:33.120] [LAT] Path 1478: 75.8µs (0.1GB/s)
  [2026-06-12 17:10:33.122] [LAT] Path 1478: 77.3µs (0.1GB/s)
  [2026-06-12 17:10:33.123] [LAT] Path 1478: 75.2µs (0.1GB/s)
  [2026-06-12 17:10:33.125] [LAT] Path 1478: 478.0µs (0.0GB/s)
  [2026-06-12 17:10:33.127] [LAT] Path 1478: 87.8µs (0.1GB/s)
  [2026-06-12 17:10:33.129] [LAT] Path 1478: 89.0µs (0.1GB/s)
  [2026-06-12 17:10:33.131] [LAT] Path 1478: 1012.5µs (0.0GB/s)
  [2026-06-12 17:10:33.133] [LAT] Path 1478: 78.3µs (0.1GB/s)
  [2026-06-12 17:10:33.134] [LAT] Path 1478: 77.5µs (0.1GB/s)
  [2026-06-12 17:10:34.145] [LAT] Path 8351: 130.8µs (0.0GB/s)
  [2026-06-12 17:10:34.147] [LAT] Path 8351: 76.7µs (0.1GB/s)
  [2026-06-12 17:10:34.148] [LAT] Path 8351: 78.2µs (0.1GB/s)
  [2026-06-12 17:10:34.150] [LAT] Path 8351: 75.9µs (0.1GB/s)
  [2026-06-12 17:10:34.163] [BW] Path 8351: 11267.4µs (11.9GB/s)
  [2026-06-12 17:10:34.171] [BW] Path 8351: 6870.4µs (19.5GB/s)
  [2026-06-12 17:10:34.185] [BW] Path 8351: 12292.4µs (10.9GB/s)
  [2026-06-12 17:10:34.193] [BW] Path 8351: 6768.1µs (19.8GB/s)
  [2026-06-12 17:10:34.196] [LAT] Path 8351: 983.6µs (0.0GB/s)
  [2026-06-12 17:10:34.210] [BW] Path 8351: 13143.2µs (10.2GB/s)
  [2026-06-12 17:10:35.228] [LAT] Path 8351: 7513.6µs (0.0GB/s)
  [2026-06-12 17:10:35.230] [LAT] Path 8351: 86.4µs (0.1GB/s)
  [2026-06-12 17:10:35.232] [LAT] Path 8351: 77.1µs (0.1GB/s)
  [2026-06-12 17:10:35.233] [LAT] Path 8351: 78.3µs (0.1GB/s)
  [2026-06-12 17:10:35.235] [LAT] Path 8351: 76.8µs (0.1GB/s)
  [2026-06-12 17:10:35.237] [LAT] Path 8351: 75.6µs (0.1GB/s)
  [2026-06-12 17:10:35.238] [LAT] Path 8351: 77.0µs (0.1GB/s)
  [2026-06-12 17:10:35.240] [LAT] Path 8351: 98.7µs (0.0GB/s)
  [2026-06-12 17:10:35.241] [LAT] Path 8351: 93.2µs (0.0GB/s)
  [2026-06-12 17:10:35.245] [LAT] Path 8351: 1771.4µs (0.0GB/s)
  [2026-06-12 17:10:36.255] [LAT] Path 1478: 445.4µs (0.0GB/s)
  [2026-06-12 17:10:36.257] [LAT] Path 1478: 79.1µs (0.1GB/s)
  [2026-06-12 17:10:36.258] [LAT] Path 1478: 86.2µs (0.1GB/s)
  [2026-06-12 17:10:36.260] [LAT] Path 1478: 78.2µs (0.1GB/s)
  [2026-06-12 17:10:36.262] [LAT] Path 1478: 72.7µs (0.1GB/s)
  [2026-06-12 17:10:36.263] [LAT] Path 1478: 89.0µs (0.1GB/s)
  [2026-06-12 17:10:36.265] [LAT] Path 1478: 90.3µs (0.1GB/s)
  [2026-06-12 17:10:36.266] [LAT] Path 1478: 87.7µs (0.1GB/s)
  [2026-06-12 17:10:36.268] [LAT] Path 1478: 88.6µs (0.1GB/s)
  [2026-06-12 17:10:36.270] [LAT] Path 1478: 80.6µs (0.1GB/s)
  [2026-06-12 17:10:37.280] [LAT] Path 8351: 149.0µs (0.0GB/s)
  [2026-06-12 17:10:37.282] [LAT] Path 8351: 80.7µs (0.1GB/s)
  [2026-06-12 17:10:37.284] [LAT] Path 8351: 79.5µs (0.1GB/s)
  [2026-06-12 17:10:37.285] [LAT] Path 8351: 75.7µs (0.1GB/s)
  [2026-06-12 17:10:37.287] [LAT] Path 8351: 76.2µs (0.1GB/s)
  [2026-06-12 17:10:37.298] [BW] Path 8351: 10274.1µs (13.1GB/s)
  [2026-06-12 17:10:37.308] [BW] Path 8351: 7582.9µs (17.7GB/s)
  [2026-06-12 17:10:37.320] [BW] Path 8351: 10516.4µs (12.8GB/s)
  [2026-06-12 17:10:37.329] [BW] Path 8351: 7903.1µs (17.0GB/s)
  [2026-06-12 17:10:37.350] [BW] Path 8351: 19174.7µs (7.0GB/s)
  [2026-06-12 17:10:38.360] [LAT] Path 8351: 88.6µs (0.1GB/s)
  [2026-06-12 17:10:38.364] [LAT] Path 8351: 2083.8µs (0.0GB/s)
  [2026-06-12 17:10:38.366] [LAT] Path 8351: 772.8µs (0.0GB/s)
  [2026-06-12 17:10:38.368] [LAT] Path 8351: 92.7µs (0.0GB/s)
  [2026-06-12 17:10:38.370] [LAT] Path 8351: 98.0µs (0.0GB/s)
  [2026-06-12 17:10:38.372] [LAT] Path 8351: 1314.9µs (0.0GB/s)
  [2026-06-12 17:10:38.374] [LAT] Path 8351: 78.9µs (0.1GB/s)
  [2026-06-12 17:10:38.376] [LAT] Path 8351: 77.2µs (0.1GB/s)
  [2026-06-12 17:10:38.377] [LAT] Path 8351: 76.7µs (0.1GB/s)
  [2026-06-12 17:10:38.379] [LAT] Path 8351: 78.3µs (0.1GB/s)
  [2026-06-12 17:10:39.391] [LAT] Path 8351: 1171.2µs (0.0GB/s)
  [2026-06-12 17:10:39.392] [LAT] Path 8351: 92.1µs (0.0GB/s)
  [2026-06-12 17:10:39.394] [LAT] Path 8351: 87.6µs (0.1GB/s)
  [2026-06-12 17:10:39.395] [LAT] Path 8351: 87.3µs (0.1GB/s)
  [2026-06-12 17:10:39.397] [LAT] Path 8351: 88.7µs (0.1GB/s)
  [2026-06-12 17:10:39.399] [LAT] Path 8351: 78.3µs (0.1GB/s)
  [2026-06-12 17:10:39.400] [LAT] Path 8351: 75.9µs (0.1GB/s)
  [2026-06-12 17:10:39.410] [BW] Path 8351: 8187.6µs (16.4GB/s)
  [2026-06-12 17:10:39.419] [BW] Path 8351: 8107.9µs (16.6GB/s)
  [2026-06-12 17:10:39.433] [BW] Path 8351: 11700.5µs (11.5GB/s)
  [2026-06-12 17:10:40.443] [LAT] Path 1478: 140.5µs (0.0GB/s)
  [2026-06-12 17:10:40.445] [LAT] Path 1478: 88.0µs (0.1GB/s)
  [2026-06-12 17:10:40.446] [LAT] Path 1478: 77.8µs (0.1GB/s)
  [2026-06-12 17:10:40.448] [LAT] Path 1478: 75.8µs (0.1GB/s)
  [2026-06-12 17:10:40.450] [LAT] Path 1478: 78.5µs (0.1GB/s)
  [2026-06-12 17:10:40.451] [LAT] Path 1478: 74.3µs (0.1GB/s)
  [2026-06-12 17:10:40.453] [LAT] Path 1478: 565.5µs (0.0GB/s)
  [2026-06-12 17:10:40.455] [LAT] Path 1478: 88.2µs (0.1GB/s)
  [2026-06-12 17:10:40.456] [LAT] Path 1478: 87.8µs (0.1GB/s)
  [2026-06-12 17:10:40.459] [LAT] Path 1478: 1387.8µs (0.0GB/s)
  [2026-06-12 17:10:41.472] [LAT] Path 1478: 2051.4µs (0.0GB/s)
  [2026-06-12 17:10:41.473] [LAT] Path 1478: 115.8µs (0.0GB/s)
  [2026-06-12 17:10:41.475] [LAT] Path 1478: 92.8µs (0.0GB/s)
  [2026-06-12 17:10:41.477] [LAT] Path 1478: 86.9µs (0.1GB/s)
  [2026-06-12 17:10:41.478] [LAT] Path 1478: 101.6µs (0.0GB/s)
  [2026-06-12 17:10:41.480] [LAT] Path 1478: 89.0µs (0.1GB/s)
  [2026-06-12 17:10:41.481] [LAT] Path 1478: 98.0µs (0.0GB/s)
  [2026-06-12 17:10:41.483] [LAT] Path 1478: 93.5µs (0.0GB/s)
  [2026-06-12 17:10:41.485] [LAT] Path 1478: 100.1µs (0.0GB/s)
  [2026-06-12 17:10:41.486] [LAT] Path 1478: 72.8µs (0.1GB/s)
  [2026-06-12 17:10:42.512] [BW] Path 8351: 14824.5µs (9.1GB/s)
  [2026-06-12 17:10:42.513] [LAT] Path 8351: 81.9µs (0.1GB/s)
  [2026-06-12 17:10:42.515] [LAT] Path 8351: 78.2µs (0.1GB/s)
  [2026-06-12 17:10:42.517] [LAT] Path 8351: 79.2µs (0.1GB/s)
  [2026-06-12 17:10:42.518] [LAT] Path 8351: 99.4µs (0.0GB/s)
  [2026-06-12 17:10:42.520] [LAT] Path 8351: 93.4µs (0.0GB/s)
  [2026-06-12 17:10:42.522] [LAT] Path 8351: 99.3µs (0.0GB/s)
  [2026-06-12 17:10:42.523] [LAT] Path 8351: 96.0µs (0.0GB/s)
  [2026-06-12 17:10:42.525] [LAT] Path 8351: 78.7µs (0.1GB/s)
  [2026-06-12 17:10:42.536] [BW] Path 8351: 9505.8µs (14.1GB/s)
  [2026-06-12 17:10:43.553] [BW] Path 1478: 6724.8µs (20.0GB/s)
  [2026-06-12 17:10:43.569] [BW] Path 1478: 14253.0µs (9.4GB/s)
  [2026-06-12 17:10:43.582] [BW] Path 1478: 11387.6µs (11.8GB/s)
  [2026-06-12 17:10:43.594] [BW] Path 1478: 10601.5µs (12.7GB/s)
  [2026-06-12 17:10:43.603] [BW] Path 1478: 7730.0µs (17.4GB/s)
  [2026-06-12 17:10:43.605] [LAT] Path 1478: 90.2µs (0.1GB/s)
  [2026-06-12 17:10:43.606] [LAT] Path 1478: 89.1µs (0.1GB/s)
  [2026-06-12 17:10:43.608] [LAT] Path 1478: 85.9µs (0.1GB/s)
  [2026-06-12 17:10:43.610] [LAT] Path 1478: 78.2µs (0.1GB/s)
  [2026-06-12 17:10:43.611] [LAT] Path 1478: 75.1µs (0.1GB/s)
  [2026-06-12 17:10:44.642] [BW] Path 8351: 20297.1µs (6.6GB/s)
  [2026-06-12 17:10:44.666] [BW] Path 8351: 22028.5µs (6.1GB/s)
  [2026-06-12 17:10:44.667] [LAT] Path 8351: 116.7µs (0.0GB/s)
  [2026-06-12 17:10:44.669] [LAT] Path 8351: 73.4µs (0.1GB/s)
  [2026-06-12 17:10:44.671] [LAT] Path 8351: 77.4µs (0.1GB/s)
  [2026-06-12 17:10:44.672] [LAT] Path 8351: 78.7µs (0.1GB/s)
  [2026-06-12 17:10:44.674] [LAT] Path 8351: 77.3µs (0.1GB/s)
  [2026-06-12 17:10:44.675] [LAT] Path 8351: 74.8µs (0.1GB/s)
  [2026-06-12 17:10:44.677] [LAT] Path 8351: 76.9µs (0.1GB/s)
  [2026-06-12 17:10:44.679] [LAT] Path 8351: 93.4µs (0.0GB/s)
  [2026-06-12 17:10:45.689] [LAT] Path 1478: 96.5µs (0.0GB/s)
  [2026-06-12 17:10:45.693] [LAT] Path 1478: 2414.2µs (0.0GB/s)
  [2026-06-12 17:10:45.697] [LAT] Path 1478: 1882.1µs (0.0GB/s)
  [2026-06-12 17:10:45.698] [LAT] Path 1478: 78.0µs (0.1GB/s)
  [2026-06-12 17:10:45.700] [LAT] Path 1478: 70.1µs (0.1GB/s)
  [2026-06-12 17:10:45.702] [LAT] Path 1478: 90.9µs (0.1GB/s)
  [2026-06-12 17:10:45.703] [LAT] Path 1478: 88.4µs (0.1GB/s)
  [2026-06-12 17:10:45.705] [LAT] Path 1478: 89.2µs (0.1GB/s)
  [2026-06-12 17:10:45.706] [LAT] Path 1478: 88.3µs (0.1GB/s)
  [2026-06-12 17:10:45.708] [LAT] Path 1478: 78.8µs (0.1GB/s)
  [2026-06-12 17:10:46.718] [LAT] Path 8351: 124.0µs (0.0GB/s)
  [2026-06-12 17:10:46.720] [LAT] Path 8351: 77.8µs (0.1GB/s)
  [2026-06-12 17:10:46.722] [LAT] Path 8351: 77.9µs (0.1GB/s)
  [2026-06-12 17:10:46.723] [LAT] Path 8351: 69.5µs (0.1GB/s)
  [2026-06-12 17:10:46.725] [LAT] Path 8351: 90.9µs (0.1GB/s)
  [2026-06-12 17:10:46.726] [LAT] Path 8351: 90.0µs (0.1GB/s)
  [2026-06-12 17:10:46.738] [BW] Path 8351: 9748.7µs (13.8GB/s)
  [2026-06-12 17:10:46.749] [BW] Path 8351: 9475.6µs (14.2GB/s)
  [2026-06-12 17:10:46.758] [BW] Path 8351: 7386.6µs (18.2GB/s)
  [2026-06-12 17:10:46.771] [BW] Path 8351: 11671.9µs (11.5GB/s)
  [2026-06-12 17:10:47.782] [LAT] Path 1478: 100.6µs (0.0GB/s)
  [2026-06-12 17:10:47.784] [LAT] Path 1478: 512.6µs (0.0GB/s)
  [2026-06-12 17:10:47.788] [LAT] Path 1478: 2934.7µs (0.0GB/s)
  [2026-06-12 17:10:47.790] [LAT] Path 1478: 75.9µs (0.1GB/s)
  [2026-06-12 17:10:47.791] [LAT] Path 1478: 74.3µs (0.1GB/s)
  [2026-06-12 17:10:47.793] [LAT] Path 1478: 71.0µs (0.1GB/s)
  [2026-06-12 17:10:47.795] [LAT] Path 1478: 109.7µs (0.0GB/s)
  [2026-06-12 17:10:47.796] [LAT] Path 1478: 104.5µs (0.0GB/s)
  [2026-06-12 17:10:47.798] [LAT] Path 1478: 101.0µs (0.0GB/s)
  [2026-06-12 17:10:47.799] [LAT] Path 1478: 96.2µs (0.0GB/s)
  [2026-06-12 17:10:48.810] [LAT] Path 1478: 75.9µs (0.1GB/s)
  [2026-06-12 17:10:48.812] [LAT] Path 1478: 93.1µs (0.0GB/s)
  [2026-06-12 17:10:48.813] [LAT] Path 1478: 94.9µs (0.0GB/s)
  [2026-06-12 17:10:48.815] [LAT] Path 1478: 95.5µs (0.0GB/s)
  [2026-06-12 17:10:48.816] [LAT] Path 1478: 97.2µs (0.0GB/s)
  [2026-06-12 17:10:48.818] [LAT] Path 1478: 78.9µs (0.1GB/s)
  [2026-06-12 17:10:48.820] [LAT] Path 1478: 77.1µs (0.1GB/s)
  [2026-06-12 17:10:48.826] [LAT] Path 1478: 4710.4µs (0.0GB/s)
  [2026-06-12 17:10:48.827] [LAT] Path 1478: 96.2µs (0.0GB/s)
  [2026-06-12 17:10:48.829] [LAT] Path 1478: 94.0µs (0.0GB/s)
  [2026-06-12 17:10:49.851] [BW] Path 1478: 11095.8µs (12.1GB/s)
  [2026-06-12 17:10:49.866] [BW] Path 1478: 13833.5µs (9.7GB/s)
  [2026-06-12 17:10:49.879] [BW] Path 1478: 11347.7µs (11.8GB/s)
  [2026-06-12 17:10:49.890] [BW] Path 1478: 9195.0µs (14.6GB/s)
  [2026-06-12 17:10:49.900] [BW] Path 1478: 8772.9µs (15.3GB/s)
  [2026-06-12 17:10:49.911] [BW] Path 1478: 9543.8µs (14.1GB/s)
  [2026-06-12 17:10:49.914] [LAT] Path 1478: 1053.0µs (0.0GB/s)
  [2026-06-12 17:10:49.915] [LAT] Path 1478: 81.6µs (0.1GB/s)
  [2026-06-12 17:10:49.917] [LAT] Path 1478: 77.8µs (0.1GB/s)
  [2026-06-12 17:10:49.919] [LAT] Path 1478: 73.8µs (0.1GB/s)
  [2026-06-12 17:10:50.947] [BW] Path 8351: 18058.7µs (7.4GB/s)
  [2026-06-12 17:10:50.949] [LAT] Path 8351: 80.0µs (0.1GB/s)
  [2026-06-12 17:10:50.951] [LAT] Path 8351: 112.5µs (0.0GB/s)
  [2026-06-12 17:10:50.952] [LAT] Path 8351: 97.6µs (0.0GB/s)
  [2026-06-12 17:10:50.954] [LAT] Path 8351: 94.4µs (0.0GB/s)
  [2026-06-12 17:10:50.955] [LAT] Path 8351: 103.8µs (0.0GB/s)
  [2026-06-12 17:10:50.957] [LAT] Path 8351: 91.6µs (0.0GB/s)
  [2026-06-12 17:10:50.959] [LAT] Path 8351: 99.1µs (0.0GB/s)
  [2026-06-12 17:10:50.960] [LAT] Path 8351: 104.9µs (0.0GB/s)
  [2026-06-12 17:10:50.962] [LAT] Path 8351: 90.4µs (0.1GB/s)
  [2026-06-12 17:10:51.973] [LAT] Path 8351: 122.9µs (0.0GB/s)
  [2026-06-12 17:10:51.974] [LAT] Path 8351: 98.0µs (0.0GB/s)
  [2026-06-12 17:10:51.976] [LAT] Path 8351: 98.4µs (0.0GB/s)
  [2026-06-12 17:10:51.990] [BW] Path 8351: 12706.5µs (10.6GB/s)
  [2026-06-12 17:10:51.992] [LAT] Path 8351: 77.6µs (0.1GB/s)
  [2026-06-12 17:10:51.993] [LAT] Path 8351: 78.0µs (0.1GB/s)
  [2026-06-12 17:10:51.995] [LAT] Path 8351: 76.3µs (0.1GB/s)
  [2026-06-12 17:10:51.997] [LAT] Path 8351: 76.5µs (0.1GB/s)
  [2026-06-12 17:10:51.998] [LAT] Path 8351: 91.2µs (0.0GB/s)
  [2026-06-12 17:10:52.009] [BW] Path 8351: 8830.8µs (15.2GB/s)
  [2026-06-12 17:10:53.019] [LAT] Path 1478: 125.9µs (0.0GB/s)
  [2026-06-12 17:10:53.021] [LAT] Path 1478: 85.3µs (0.1GB/s)
  [2026-06-12 17:10:53.023] [LAT] Path 1478: 100.9µs (0.0GB/s)
  [2026-06-12 17:10:53.024] [LAT] Path 1478: 88.0µs (0.1GB/s)
  [2026-06-12 17:10:53.026] [LAT] Path 1478: 95.2µs (0.0GB/s)
  [2026-06-12 17:10:53.027] [LAT] Path 1478: 73.0µs (0.1GB/s)
  [2026-06-12 17:10:53.029] [LAT] Path 1478: 76.1µs (0.1GB/s)
  [2026-06-12 17:10:53.031] [LAT] Path 1478: 88.2µs (0.1GB/s)
  [2026-06-12 17:10:53.032] [LAT] Path 1478: 76.2µs (0.1GB/s)
  [2026-06-12 17:10:53.034] [LAT] Path 1478: 75.3µs (0.1GB/s)
  [2026-06-12 17:10:54.044] [LAT] Path 1478: 97.5µs (0.0GB/s)
  [2026-06-12 17:10:54.046] [LAT] Path 1478: 688.3µs (0.0GB/s)
  [2026-06-12 17:10:54.048] [LAT] Path 1478: 76.4µs (0.1GB/s)
  [2026-06-12 17:10:54.049] [LAT] Path 1478: 81.1µs (0.1GB/s)
  [2026-06-12 17:10:54.055] [LAT] Path 1478: 4076.6µs (0.0GB/s)
  [2026-06-12 17:10:54.057] [LAT] Path 1478: 89.2µs (0.1GB/s)
  [2026-06-12 17:10:54.058] [LAT] Path 1478: 95.9µs (0.0GB/s)
  [2026-06-12 17:10:54.060] [LAT] Path 1478: 129.1µs (0.0GB/s)
  [2026-06-12 17:10:54.061] [LAT] Path 1478: 106.1µs (0.0GB/s)
  [2026-06-12 17:10:54.063] [LAT] Path 1478: 104.7µs (0.0GB/s)
  [2026-06-12 17:10:55.082] [BW] Path 8351: 8551.8µs (15.7GB/s)
  [2026-06-12 17:10:55.091] [BW] Path 8351: 7734.5µs (17.4GB/s)
  [2026-06-12 17:10:55.093] [LAT] Path 8351: 79.4µs (0.1GB/s)
  [2026-06-12 17:10:55.095] [LAT] Path 8351: 74.4µs (0.1GB/s)
  [2026-06-12 17:10:55.096] [LAT] Path 8351: 91.5µs (0.0GB/s)
  [2026-06-12 17:10:55.104] [LAT] Path 8351: 6038.1µs (0.0GB/s)
  [2026-06-12 17:10:55.107] [LAT] Path 8351: 1624.8µs (0.0GB/s)
  [2026-06-12 17:10:55.108] [LAT] Path 8351: 77.4µs (0.1GB/s)
  [2026-06-12 17:10:55.110] [LAT] Path 8351: 76.0µs (0.1GB/s)
  [2026-06-12 17:10:55.113] [LAT] Path 8351: 1424.1µs (0.0GB/s)
  [2026-06-12 17:10:56.138] [BW] Path 1478: 14091.4µs (9.5GB/s)
  [2026-06-12 17:10:56.149] [BW] Path 1478: 9766.1µs (13.7GB/s)
  [2026-06-12 17:10:56.168] [BW] Path 1478: 17421.0µs (7.7GB/s)
  [2026-06-12 17:10:56.178] [BW] Path 1478: 7862.1µs (17.1GB/s)
  [2026-06-12 17:10:56.188] [BW] Path 1478: 9004.2µs (14.9GB/s)
  [2026-06-12 17:10:56.199] [BW] Path 1478: 8912.0µs (15.1GB/s)
  [2026-06-12 17:10:56.200] [LAT] Path 1478: 91.3µs (0.0GB/s)
  [2026-06-12 17:10:56.202] [LAT] Path 1478: 86.2µs (0.1GB/s)
  [2026-06-12 17:10:56.203] [LAT] Path 1478: 78.8µs (0.1GB/s)
  [2026-06-12 17:10:56.205] [LAT] Path 1478: 76.0µs (0.1GB/s)
  [2026-06-12 17:10:57.216] [LAT] Path 8351: 96.1µs (0.0GB/s)
  [2026-06-12 17:10:57.218] [LAT] Path 8351: 899.1µs (0.0GB/s)
  [2026-06-12 17:10:57.220] [LAT] Path 8351: 106.0µs (0.0GB/s)
  [2026-06-12 17:10:57.222] [LAT] Path 8351: 91.5µs (0.0GB/s)
  [2026-06-12 17:10:57.230] [LAT] Path 8351: 7379.2µs (0.0GB/s)
  [2026-06-12 17:10:57.232] [LAT] Path 8351: 81.8µs (0.1GB/s)
  [2026-06-12 17:10:57.234] [LAT] Path 8351: 78.4µs (0.1GB/s)
  [2026-06-12 17:10:57.235] [LAT] Path 8351: 76.5µs (0.1GB/s)
  [2026-06-12 17:10:57.237] [LAT] Path 8351: 75.6µs (0.1GB/s)
  [2026-06-12 17:10:57.239] [LAT] Path 8351: 73.8µs (0.1GB/s)
  [2026-06-12 17:10:58.249] [LAT] Path 1478: 86.5µs (0.1GB/s)
  [2026-06-12 17:10:58.251] [LAT] Path 1478: 78.2µs (0.1GB/s)
  [2026-06-12 17:10:58.252] [LAT] Path 1478: 77.1µs (0.1GB/s)
  [2026-06-12 17:10:58.254] [LAT] Path 1478: 76.4µs (0.1GB/s)
  [2026-06-12 17:10:58.256] [LAT] Path 1478: 79.1µs (0.1GB/s)
  [2026-06-12 17:10:58.257] [LAT] Path 1478: 96.7µs (0.0GB/s)
  [2026-06-12 17:10:58.259] [LAT] Path 1478: 94.6µs (0.0GB/s)
  [2026-06-12 17:10:58.261] [LAT] Path 1478: 94.1µs (0.0GB/s)
  [2026-06-12 17:10:58.262] [LAT] Path 1478: 96.4µs (0.0GB/s)
  [2026-06-12 17:10:58.272] [BW] Path 1478: 8651.5µs (15.5GB/s)
  [2026-06-12 17:10:59.290] [BW] Path 8351: 6630.6µs (20.2GB/s)
  [2026-06-12 17:10:59.301] [BW] Path 8351: 10254.1µs (13.1GB/s)
  [2026-06-12 17:10:59.310] [BW] Path 8351: 6695.7µs (20.1GB/s)
  [2026-06-12 17:10:59.311] [LAT] Path 8351: 91.6µs (0.0GB/s)
  [2026-06-12 17:10:59.316] [LAT] Path 8351: 3261.4µs (0.0GB/s)
  [2026-06-12 17:10:59.319] [LAT] Path 8351: 1692.6µs (0.0GB/s)
  [2026-06-12 17:10:59.321] [LAT] Path 8351: 78.6µs (0.1GB/s)
  [2026-06-12 17:10:59.322] [LAT] Path 8351: 87.9µs (0.1GB/s)
  [2026-06-12 17:10:59.324] [LAT] Path 8351: 94.1µs (0.0GB/s)
  [2026-06-12 17:10:59.326] [LAT] Path 8351: 88.2µs (0.1GB/s)
  [2026-06-12 17:11:00.338] [LAT] Path 8351: 79.7µs (0.1GB/s)
  [2026-06-12 17:11:00.340] [LAT] Path 8351: 76.1µs (0.1GB/s)
  [2026-06-12 17:11:00.341] [LAT] Path 8351: 76.0µs (0.1GB/s)
  [2026-06-12 17:11:00.343] [LAT] Path 8351: 76.8µs (0.1GB/s)
  [2026-06-12 17:11:00.346] [LAT] Path 8351: 1217.1µs (0.0GB/s)
  [2026-06-12 17:11:00.347] [LAT] Path 8351: 87.7µs (0.1GB/s)
  [2026-06-12 17:11:00.349] [LAT] Path 8351: 87.9µs (0.1GB/s)
  [2026-06-12 17:11:00.351] [LAT] Path 8351: 75.2µs (0.1GB/s)
  [2026-06-12 17:11:00.352] [LAT] Path 8351: 77.9µs (0.1GB/s)
  [2026-06-12 17:11:00.354] [LAT] Path 8351: 77.4µs (0.1GB/s)
  [2026-06-12 17:11:01.377] [BW] Path 1478: 10916.3µs (12.3GB/s)
  [2026-06-12 17:11:01.379] [LAT] Path 1478: 82.0µs (0.1GB/s)
  [2026-06-12 17:11:01.380] [LAT] Path 1478: 78.5µs (0.1GB/s)
  [2026-06-12 17:11:01.382] [LAT] Path 1478: 76.9µs (0.1GB/s)
  [2026-06-12 17:11:01.384] [LAT] Path 1478: 77.8µs (0.1GB/s)
  [2026-06-12 17:11:01.385] [LAT] Path 1478: 94.4µs (0.0GB/s)
  [2026-06-12 17:11:01.387] [LAT] Path 1478: 90.8µs (0.1GB/s)
  [2026-06-12 17:11:01.393] [LAT] Path 1478: 4583.3µs (0.0GB/s)
  [2026-06-12 17:11:01.395] [LAT] Path 1478: 78.3µs (0.1GB/s)
  [2026-06-12 17:11:01.396] [LAT] Path 1478: 78.6µs (0.1GB/s)
  [2026-06-12 17:11:02.407] [LAT] Path 8351: 144.8µs (0.0GB/s)
  [2026-06-12 17:11:02.409] [LAT] Path 8351: 80.8µs (0.1GB/s)
  [2026-06-12 17:11:02.410] [LAT] Path 8351: 93.9µs (0.0GB/s)
  [2026-06-12 17:11:02.414] [LAT] Path 8351: 2029.5µs (0.0GB/s)
  [2026-06-12 17:11:02.416] [LAT] Path 8351: 97.1µs (0.0GB/s)
  [2026-06-12 17:11:02.417] [LAT] Path 8351: 75.7µs (0.1GB/s)
  [2026-06-12 17:11:02.419] [LAT] Path 8351: 78.4µs (0.1GB/s)
  [2026-06-12 17:11:02.420] [LAT] Path 8351: 77.0µs (0.1GB/s)
  [2026-06-12 17:11:02.422] [LAT] Path 8351: 77.6µs (0.1GB/s)
  [2026-06-12 17:11:02.424] [LAT] Path 8351: 77.2µs (0.1GB/s)
  [2026-06-12 17:11:03.434] [LAT] Path 1478: 82.5µs (0.1GB/s)
  [2026-06-12 17:11:03.436] [LAT] Path 1478: 77.7µs (0.1GB/s)
  [2026-06-12 17:11:03.437] [LAT] Path 1478: 77.6µs (0.1GB/s)
  [2026-06-12 17:11:03.439] [LAT] Path 1478: 94.6µs (0.0GB/s)
  [2026-06-12 17:11:03.440] [LAT] Path 1478: 93.2µs (0.0GB/s)
  [2026-06-12 17:11:03.444] [LAT] Path 1478: 1858.7µs (0.0GB/s)
  [2026-06-12 17:11:03.445] [LAT] Path 1478: 76.4µs (0.1GB/s)
  [2026-06-12 17:11:03.447] [LAT] Path 1478: 75.6µs (0.1GB/s)
  [2026-06-12 17:11:03.448] [LAT] Path 1478: 77.2µs (0.1GB/s)
  [2026-06-12 17:11:03.450] [LAT] Path 1478: 76.3µs (0.1GB/s)
  [2026-06-12 17:11:04.461] [LAT] Path 8351: 118.3µs (0.0GB/s)
  [2026-06-12 17:11:04.474] [BW] Path 8351: 11218.9µs (12.0GB/s)
  [2026-06-12 17:11:04.483] [BW] Path 8351: 7368.4µs (18.2GB/s)
  [2026-06-12 17:11:04.495] [BW] Path 8351: 10434.4µs (12.9GB/s)
  [2026-06-12 17:11:04.503] [BW] Path 8351: 6777.6µs (19.8GB/s)
  [2026-06-12 17:11:04.520] [BW] Path 8351: 15676.6µs (8.6GB/s)
  [2026-06-12 17:11:04.529] [BW] Path 8351: 7684.5µs (17.5GB/s)
  [2026-06-12 17:11:04.548] [BW] Path 8351: 17525.3µs (7.7GB/s)
  [2026-06-12 17:11:04.557] [BW] Path 8351: 7204.4µs (18.6GB/s)
  [2026-06-12 17:11:04.569] [BW] Path 8351: 9988.8µs (13.4GB/s)
  [2026-06-12 17:11:05.601] [BW] Path 8351: 21414.2µs (6.3GB/s)
  [2026-06-12 17:11:05.623] [BW] Path 8351: 20644.6µs (6.5GB/s)
  [2026-06-12 17:11:05.634] [BW] Path 8351: 9355.2µs (14.3GB/s)
  [2026-06-12 17:11:05.648] [BW] Path 8351: 13083.1µs (10.3GB/s)
  [2026-06-12 17:11:05.650] [LAT] Path 8351: 101.1µs (0.0GB/s)
  [2026-06-12 17:11:05.652] [LAT] Path 8351: 213.1µs (0.0GB/s)
  [2026-06-12 17:11:05.656] [LAT] Path 8351: 3021.0µs (0.0GB/s)
  [2026-06-12 17:11:05.658] [LAT] Path 8351: 77.1µs (0.1GB/s)
  [2026-06-12 17:11:05.659] [LAT] Path 8351: 77.3µs (0.1GB/s)
  [2026-06-12 17:11:05.661] [LAT] Path 8351: 76.8µs (0.1GB/s)
  [2026-06-12 17:11:06.672] [LAT] Path 8351: 82.3µs (0.1GB/s)
  [2026-06-12 17:11:06.674] [LAT] Path 8351: 76.6µs (0.1GB/s)
  [2026-06-12 17:11:06.675] [LAT] Path 8351: 78.9µs (0.1GB/s)
  [2026-06-12 17:11:06.677] [LAT] Path 8351: 75.0µs (0.1GB/s)
  [2026-06-12 17:11:06.678] [LAT] Path 8351: 99.2µs (0.0GB/s)
  [2026-06-12 17:11:06.692] [BW] Path 8351: 11813.0µs (11.4GB/s)
  [2026-06-12 17:11:06.701] [BW] Path 8351: 7456.7µs (18.0GB/s)
  [2026-06-12 17:11:06.711] [BW] Path 8351: 8751.6µs (15.3GB/s)
  [2026-06-12 17:11:06.723] [BW] Path 8351: 10300.4µs (13.0GB/s)
  [2026-06-12 17:11:06.734] [BW] Path 8351: 9364.9µs (14.3GB/s)
  [2026-06-12 17:11:07.752] [BW] Path 8351: 7001.8µs (19.2GB/s)
  [2026-06-12 17:11:07.770] [BW] Path 8351: 17045.1µs (7.9GB/s)
  [2026-06-12 17:11:07.779] [BW] Path 8351: 7245.4µs (18.5GB/s)
  [2026-06-12 17:11:07.791] [BW] Path 8351: 10032.7µs (13.4GB/s)
  [2026-06-12 17:11:07.799] [BW] Path 8351: 7008.2µs (19.1GB/s)
  [2026-06-12 17:11:07.815] [BW] Path 8351: 14442.0µs (9.3GB/s)
  [2026-06-12 17:11:07.817] [LAT] Path 8351: 80.4µs (0.1GB/s)
  [2026-06-12 17:11:07.823] [LAT] Path 8351: 4314.1µs (0.0GB/s)
  [2026-06-12 17:11:07.825] [LAT] Path 8351: 905.6µs (0.0GB/s)
  [2026-06-12 17:11:07.827] [LAT] Path 8351: 96.2µs (0.0GB/s)
  [2026-06-12 17:11:08.872] [LAT] Path 1478: 99.7µs (0.0GB/s)
  [2026-06-12 17:11:08.874] [LAT] Path 1478: 83.0µs (0.1GB/s)
  [2026-06-12 17:11:08.876] [LAT] Path 1478: 76.2µs (0.1GB/s)
  [2026-06-12 17:11:08.877] [LAT] Path 1478: 78.4µs (0.1GB/s)
  [2026-06-12 17:11:08.879] [LAT] Path 1478: 75.3µs (0.1GB/s)
  [2026-06-12 17:11:08.880] [LAT] Path 1478: 77.1µs (0.1GB/s)
  [2026-06-12 17:11:08.882] [LAT] Path 1478: 90.9µs (0.1GB/s)
  [2026-06-12 17:11:08.884] [LAT] Path 1478: 91.7µs (0.0GB/s)
  [2026-06-12 17:11:08.885] [LAT] Path 1478: 90.1µs (0.1GB/s)
  [2026-06-12 17:11:08.887] [LAT] Path 1478: 86.2µs (0.1GB/s)
  [2026-06-12 17:11:09.898] [LAT] Path 1478: 91.8µs (0.0GB/s)
  [2026-06-12 17:11:09.899] [LAT] Path 1478: 89.6µs (0.1GB/s)
  [2026-06-12 17:11:09.901] [LAT] Path 1478: 89.0µs (0.1GB/s)
  [2026-06-12 17:11:09.903] [LAT] Path 1478: 85.7µs (0.1GB/s)
  [2026-06-12 17:11:09.904] [LAT] Path 1478: 77.7µs (0.1GB/s)
  [2026-06-12 17:11:09.914] [BW] Path 1478: 7975.7µs (16.8GB/s)
  [2026-06-12 17:11:09.931] [BW] Path 1478: 15259.0µs (8.8GB/s)
  [2026-06-12 17:11:09.939] [BW] Path 1478: 6745.4µs (19.9GB/s)
  [2026-06-12 17:11:09.954] [BW] Path 1478: 13833.0µs (9.7GB/s)
  [2026-06-12 17:11:09.963] [BW] Path 1478: 7500.4µs (17.9GB/s)
  [2026-06-12 17:11:10.988] [BW] Path 1478: 13739.5µs (9.8GB/s)
  [2026-06-12 17:11:10.999] [BW] Path 1478: 9597.4µs (14.0GB/s)
  [2026-06-12 17:11:11.001] [LAT] Path 1478: 87.3µs (0.1GB/s)
  [2026-06-12 17:11:11.002] [LAT] Path 1478: 77.1µs (0.1GB/s)
  [2026-06-12 17:11:11.004] [LAT] Path 1478: 75.3µs (0.1GB/s)
  [2026-06-12 17:11:11.005] [LAT] Path 1478: 76.5µs (0.1GB/s)
  [2026-06-12 17:11:11.008] [LAT] Path 1478: 1719.4µs (0.0GB/s)
  [2026-06-12 17:11:11.010] [LAT] Path 1478: 93.9µs (0.0GB/s)
  [2026-06-12 17:11:11.012] [LAT] Path 1478: 94.1µs (0.0GB/s)
  [2026-06-12 17:11:11.013] [LAT] Path 1478: 78.9µs (0.1GB/s)
  [2026-06-12 17:11:12.024] [LAT] Path 1478: 134.3µs (0.0GB/s)
  [2026-06-12 17:11:12.026] [LAT] Path 1478: 77.8µs (0.1GB/s)
  [2026-06-12 17:11:12.027] [LAT] Path 1478: 70.7µs (0.1GB/s)
  [2026-06-12 17:11:12.029] [LAT] Path 1478: 90.4µs (0.1GB/s)
  [2026-06-12 17:11:12.031] [LAT] Path 1478: 90.2µs (0.1GB/s)
  [2026-06-12 17:11:12.032] [LAT] Path 1478: 94.1µs (0.0GB/s)
  [2026-06-12 17:11:12.034] [LAT] Path 1478: 88.8µs (0.1GB/s)
  [2026-06-12 17:11:12.035] [LAT] Path 1478: 81.1µs (0.1GB/s)
  [2026-06-12 17:11:12.037] [LAT] Path 1478: 77.8µs (0.1GB/s)
  [2026-06-12 17:11:12.039] [LAT] Path 1478: 86.3µs (0.1GB/s)
  [2026-06-12 17:11:13.056] [BW] Path 8351: 6682.9µs (20.1GB/s)
  [2026-06-12 17:11:13.070] [BW] Path 8351: 12585.4µs (10.7GB/s)
  [2026-06-12 17:11:13.082] [BW] Path 8351: 11080.3µs (12.1GB/s)
  [2026-06-12 17:11:13.095] [BW] Path 8351: 11175.5µs (12.0GB/s)
  [2026-06-12 17:11:13.104] [BW] Path 8351: 7262.3µs (18.5GB/s)
  [2026-06-12 17:11:13.116] [BW] Path 8351: 10616.5µs (12.6GB/s)
  [2026-06-12 17:11:13.124] [BW] Path 8351: 6825.1µs (19.7GB/s)
  [2026-06-12 17:11:13.145] [BW] Path 8351: 18768.4µs (7.2GB/s)
  [2026-06-12 17:11:13.153] [BW] Path 8351: 6844.8µs (19.6GB/s)
  [2026-06-12 17:11:13.169] [BW] Path 8351: 14214.8µs (9.4GB/s)
  [2026-06-12 17:11:14.189] [BW] Path 8351: 8758.9µs (15.3GB/s)
  [2026-06-12 17:11:14.198] [BW] Path 8351: 8116.1µs (16.5GB/s)
  [2026-06-12 17:11:14.210] [BW] Path 8351: 10161.4µs (13.2GB/s)
  [2026-06-12 17:11:14.223] [BW] Path 8351: 11708.8µs (11.5GB/s)
  [2026-06-12 17:11:14.241] [BW] Path 8351: 16242.4µs (8.3GB/s)
  [2026-06-12 17:11:14.251] [BW] Path 8351: 8258.9µs (16.2GB/s)
  [2026-06-12 17:11:14.264] [BW] Path 8351: 11386.2µs (11.8GB/s)
  [2026-06-12 17:11:14.272] [BW] Path 8351: 6811.3µs (19.7GB/s)
  [2026-06-12 17:11:14.285] [BW] Path 8351: 11342.9µs (11.8GB/s)
  [2026-06-12 17:11:14.293] [BW] Path 8351: 6701.4µs (20.0GB/s)
  [2026-06-12 17:11:15.304] [LAT] Path 1478: 119.5µs (0.0GB/s)
  [2026-06-12 17:11:15.306] [LAT] Path 1478: 74.8µs (0.1GB/s)
  [2026-06-12 17:11:15.307] [LAT] Path 1478: 78.1µs (0.1GB/s)
  [2026-06-12 17:11:15.309] [LAT] Path 1478: 76.6µs (0.1GB/s)
  [2026-06-12 17:11:15.310] [LAT] Path 1478: 76.8µs (0.1GB/s)
  [2026-06-12 17:11:15.312] [LAT] Path 1478: 75.9µs (0.1GB/s)
  [2026-06-12 17:11:15.313] [LAT] Path 1478: 70.5µs (0.1GB/s)
  [2026-06-12 17:11:15.315] [LAT] Path 1478: 130.6µs (0.0GB/s)
  [2026-06-12 17:11:15.324] [LAT] Path 1478: 7040.7µs (0.0GB/s)
  [2026-06-12 17:11:15.326] [LAT] Path 1478: 600.2µs (0.0GB/s)
  [2026-06-12 17:11:16.336] [LAT] Path 8351: 94.5µs (0.0GB/s)
  [2026-06-12 17:11:16.338] [LAT] Path 8351: 87.0µs (0.1GB/s)
  [2026-06-12 17:11:16.346] [BW] Path 8351: 6581.3µs (20.4GB/s)
  [2026-06-12 17:11:16.362] [BW] Path 8351: 14160.4µs (9.5GB/s)
  [2026-06-12 17:11:16.370] [BW] Path 8351: 6860.6µs (19.6GB/s)
  [2026-06-12 17:11:16.382] [BW] Path 8351: 10165.3µs (13.2GB/s)
  [2026-06-12 17:11:16.391] [BW] Path 8351: 7701.2µs (17.4GB/s)
  [2026-06-12 17:11:16.404] [BW] Path 8351: 11062.0µs (12.1GB/s)
  [2026-06-12 17:11:16.414] [BW] Path 8351: 8693.2µs (15.4GB/s)
  [2026-06-12 17:11:16.432] [BW] Path 8351: 16672.7µs (8.1GB/s)
  [2026-06-12 17:11:17.447] [LAT] Path 1478: 3225.0µs (0.0GB/s)
  [2026-06-12 17:11:17.448] [LAT] Path 1478: 79.2µs (0.1GB/s)
  [2026-06-12 17:11:17.450] [LAT] Path 1478: 75.2µs (0.1GB/s)
  [2026-06-12 17:11:17.451] [LAT] Path 1478: 77.7µs (0.1GB/s)
  [2026-06-12 17:11:17.453] [LAT] Path 1478: 94.8µs (0.0GB/s)
  [2026-06-12 17:11:17.455] [LAT] Path 1478: 93.2µs (0.0GB/s)
  [2026-06-12 17:11:17.456] [LAT] Path 1478: 94.2µs (0.0GB/s)
  [2026-06-12 17:11:17.458] [LAT] Path 1478: 93.3µs (0.0GB/s)
  [2026-06-12 17:11:17.459] [LAT] Path 1478: 79.0µs (0.1GB/s)
  [2026-06-12 17:11:17.461] [LAT] Path 1478: 75.8µs (0.1GB/s)
  [2026-06-12 17:11:18.482] [BW] Path 8351: 10262.1µs (13.1GB/s)
  [2026-06-12 17:11:18.491] [BW] Path 8351: 8111.0µs (16.6GB/s)
  [2026-06-12 17:11:18.501] [BW] Path 8351: 8518.7µs (15.8GB/s)
  [2026-06-12 17:11:18.511] [BW] Path 8351: 8721.9µs (15.4GB/s)
  [2026-06-12 17:11:18.513] [LAT] Path 8351: 92.2µs (0.0GB/s)
  [2026-06-12 17:11:18.515] [LAT] Path 8351: 74.1µs (0.1GB/s)
  [2026-06-12 17:11:18.518] [LAT] Path 8351: 1593.9µs (0.0GB/s)
  [2026-06-12 17:11:18.519] [LAT] Path 8351: 75.3µs (0.1GB/s)
  [2026-06-12 17:11:18.521] [LAT] Path 8351: 72.8µs (0.1GB/s)
  [2026-06-12 17:11:18.523] [LAT] Path 8351: 132.0µs (0.0GB/s)
  [2026-06-12 17:11:19.533] [LAT] Path 8351: 80.4µs (0.1GB/s)
  [2026-06-12 17:11:19.535] [LAT] Path 8351: 76.6µs (0.1GB/s)
  [2026-06-12 17:11:19.536] [LAT] Path 8351: 94.7µs (0.0GB/s)
  [2026-06-12 17:11:19.555] [BW] Path 8351: 16944.8µs (7.9GB/s)
  [2026-06-12 17:11:19.563] [BW] Path 8351: 6983.4µs (19.2GB/s)
  [2026-06-12 17:11:19.578] [BW] Path 8351: 12674.4µs (10.6GB/s)
  [2026-06-12 17:11:19.586] [BW] Path 8351: 7254.7µs (18.5GB/s)
  [2026-06-12 17:11:19.598] [BW] Path 8351: 9644.5µs (13.9GB/s)
  [2026-06-12 17:11:19.607] [BW] Path 8351: 8072.6µs (16.6GB/s)
  [2026-06-12 17:11:19.622] [BW] Path 8351: 13470.6µs (10.0GB/s)
  [2026-06-12 17:11:20.646] [BW] Path 8351: 13376.2µs (10.0GB/s)
  [2026-06-12 17:11:20.658] [BW] Path 8351: 10337.4µs (13.0GB/s)
  [2026-06-12 17:11:20.662] [LAT] Path 8351: 1869.6µs (0.0GB/s)
  [2026-06-12 17:11:20.663] [LAT] Path 8351: 93.0µs (0.0GB/s)
  [2026-06-12 17:11:20.665] [LAT] Path 8351: 94.3µs (0.0GB/s)
  [2026-06-12 17:11:20.666] [LAT] Path 8351: 112.7µs (0.0GB/s)
  [2026-06-12 17:11:20.668] [LAT] Path 8351: 96.1µs (0.0GB/s)
  [2026-06-12 17:11:20.670] [LAT] Path 8351: 79.3µs (0.1GB/s)
  [2026-06-12 17:11:20.671] [LAT] Path 8351: 77.1µs (0.1GB/s)
  [2026-06-12 17:11:20.673] [LAT] Path 8351: 75.1µs (0.1GB/s)
  [2026-06-12 17:11:21.684] [LAT] Path 8351: 143.5µs (0.0GB/s)
  [2026-06-12 17:11:21.686] [LAT] Path 8351: 98.6µs (0.0GB/s)
  [2026-06-12 17:11:21.687] [LAT] Path 8351: 96.3µs (0.0GB/s)
  [2026-06-12 17:11:21.689] [LAT] Path 8351: 94.3µs (0.0GB/s)
  [2026-06-12 17:11:21.690] [LAT] Path 8351: 80.6µs (0.1GB/s)
  [2026-06-12 17:11:21.692] [LAT] Path 8351: 82.7µs (0.1GB/s)
  [2026-06-12 17:11:21.694] [LAT] Path 8351: 79.5µs (0.1GB/s)
  [2026-06-12 17:11:21.695] [LAT] Path 8351: 77.9µs (0.1GB/s)
  [2026-06-12 17:11:21.697] [LAT] Path 8351: 81.3µs (0.1GB/s)
  [2026-06-12 17:11:21.698] [LAT] Path 8351: 103.5µs (0.0GB/s)
  [2026-06-12 17:11:22.709] [LAT] Path 8351: 106.3µs (0.0GB/s)
  [2026-06-12 17:11:22.711] [LAT] Path 8351: 81.3µs (0.1GB/s)
  [2026-06-12 17:11:22.722] [BW] Path 8351: 10230.0µs (13.1GB/s)
  [2026-06-12 17:11:22.732] [BW] Path 8351: 7701.9µs (17.4GB/s)
  [2026-06-12 17:11:22.743] [BW] Path 8351: 9286.2µs (14.4GB/s)
  [2026-06-12 17:11:22.760] [BW] Path 8351: 16376.7µs (8.2GB/s)
  [2026-06-12 17:11:22.773] [BW] Path 8351: 11208.1µs (12.0GB/s)
  [2026-06-12 17:11:22.788] [BW] Path 8351: 13063.6µs (10.3GB/s)
  [2026-06-12 17:11:22.796] [BW] Path 8351: 6898.9µs (19.5GB/s)
  [2026-06-12 17:11:22.809] [BW] Path 8351: 10800.4µs (12.4GB/s)
  [2026-06-12 17:11:23.839] [BW] Path 8351: 20011.4µs (6.7GB/s)
  [2026-06-12 17:11:23.859] [BW] Path 8351: 17585.1µs (7.6GB/s)
  [2026-06-12 17:11:23.884] [BW] Path 8351: 24074.4µs (5.6GB/s)
  [2026-06-12 17:11:23.896] [BW] Path 8351: 10177.9µs (13.2GB/s)
  [2026-06-12 17:11:23.898] [LAT] Path 8351: 99.3µs (0.0GB/s)
  [2026-06-12 17:11:23.899] [LAT] Path 8351: 97.3µs (0.0GB/s)
  [2026-06-12 17:11:23.901] [LAT] Path 8351: 96.7µs (0.0GB/s)
  [2026-06-12 17:11:23.902] [LAT] Path 8351: 102.8µs (0.0GB/s)
  [2026-06-12 17:11:23.904] [LAT] Path 8351: 81.1µs (0.1GB/s)
  [2026-06-12 17:11:23.910] [LAT] Path 8351: 4947.8µs (0.0GB/s)
  [2026-06-12 17:11:24.922] [LAT] Path 8351: 92.8µs (0.0GB/s)
  [2026-06-12 17:11:24.923] [LAT] Path 8351: 87.1µs (0.1GB/s)
  [2026-06-12 17:11:24.925] [LAT] Path 8351: 86.9µs (0.1GB/s)
  [2026-06-12 17:11:24.927] [LAT] Path 8351: 460.2µs (0.0GB/s)
  [2026-06-12 17:11:24.928] [LAT] Path 8351: 74.2µs (0.1GB/s)
  [2026-06-12 17:11:24.930] [LAT] Path 8351: 75.2µs (0.1GB/s)
  [2026-06-12 17:11:24.941] [BW] Path 8351: 9477.3µs (14.2GB/s)
  [2026-06-12 17:11:24.951] [BW] Path 8351: 8928.0µs (15.0GB/s)
  [2026-06-12 17:11:24.963] [BW] Path 8351: 10569.4µs (12.7GB/s)
  [2026-06-12 17:11:24.972] [BW] Path 8351: 6722.9µs (20.0GB/s)
  [2026-06-12 17:11:25.989] [BW] Path 8351: 7253.5µs (18.5GB/s)
  [2026-06-12 17:11:26.004] [BW] Path 8351: 13422.0µs (10.0GB/s)
  [2026-06-12 17:11:26.012] [BW] Path 8351: 6762.1µs (19.9GB/s)
  [2026-06-12 17:11:26.025] [BW] Path 8351: 10566.1µs (12.7GB/s)
  [2026-06-12 17:11:26.034] [BW] Path 8351: 7498.6µs (17.9GB/s)
  [2026-06-12 17:11:26.041] [LAT] Path 8351: 5915.3µs (0.0GB/s)
  [2026-06-12 17:11:26.043] [LAT] Path 8351: 77.8µs (0.1GB/s)
  [2026-06-12 17:11:26.044] [LAT] Path 8351: 79.5µs (0.1GB/s)
  [2026-06-12 17:11:26.046] [LAT] Path 8351: 76.4µs (0.1GB/s)
  [2026-06-12 17:11:26.047] [LAT] Path 8351: 76.2µs (0.1GB/s)
  [2026-06-12 17:11:27.059] [LAT] Path 8351: 121.9µs (0.0GB/s)
  [2026-06-12 17:11:27.060] [LAT] Path 8351: 90.0µs (0.1GB/s)
  [2026-06-12 17:11:27.062] [LAT] Path 8351: 88.8µs (0.1GB/s)
  [2026-06-12 17:11:27.063] [LAT] Path 8351: 105.6µs (0.0GB/s)
  [2026-06-12 17:11:27.065] [LAT] Path 8351: 88.7µs (0.1GB/s)
  [2026-06-12 17:11:27.066] [LAT] Path 8351: 78.8µs (0.1GB/s)
  [2026-06-12 17:11:27.070] [LAT] Path 8351: 2201.6µs (0.0GB/s)
  [2026-06-12 17:11:27.072] [LAT] Path 8351: 75.4µs (0.1GB/s)
  [2026-06-12 17:11:27.073] [LAT] Path 8351: 74.6µs (0.1GB/s)
  [2026-06-12 17:11:27.075] [LAT] Path 8351: 89.7µs (0.1GB/s)
  [2026-06-12 17:11:28.086] [LAT] Path 1478: 87.1µs (0.1GB/s)
  [2026-06-12 17:11:28.087] [LAT] Path 1478: 75.6µs (0.1GB/s)
  [2026-06-12 17:11:28.089] [LAT] Path 1478: 74.6µs (0.1GB/s)
  [2026-06-12 17:11:28.090] [LAT] Path 1478: 76.3µs (0.1GB/s)
  [2026-06-12 17:11:28.092] [LAT] Path 1478: 87.6µs (0.1GB/s)
  [2026-06-12 17:11:28.094] [LAT] Path 1478: 112.1µs (0.0GB/s)
  [2026-06-12 17:11:28.099] [LAT] Path 1478: 3397.0µs (0.0GB/s)
  [2026-06-12 17:11:28.100] [LAT] Path 1478: 79.9µs (0.1GB/s)
  [2026-06-12 17:11:28.102] [LAT] Path 1478: 75.3µs (0.1GB/s)
  [2026-06-12 17:11:28.103] [LAT] Path 1478: 74.3µs (0.1GB/s)
  [2026-06-12 17:11:29.254] [LAT] Path 1478: 110.3µs (0.0GB/s)
  [2026-06-12 17:11:29.256] [LAT] Path 1478: 87.4µs (0.1GB/s)
  [2026-06-12 17:11:29.257] [LAT] Path 1478: 78.7µs (0.1GB/s)
  [2026-06-12 17:11:29.259] [LAT] Path 1478: 77.9µs (0.1GB/s)
  [2026-06-12 17:11:29.260] [LAT] Path 1478: 75.0µs (0.1GB/s)
  [2026-06-12 17:11:29.262] [LAT] Path 1478: 75.4µs (0.1GB/s)
  [2026-06-12 17:11:29.264] [LAT] Path 1478: 122.6µs (0.0GB/s)
  [2026-06-12 17:11:29.265] [LAT] Path 1478: 102.6µs (0.0GB/s)
  [2026-06-12 17:11:29.267] [LAT] Path 1478: 90.9µs (0.1GB/s)
  [2026-06-12 17:11:29.269] [LAT] Path 1478: 93.2µs (0.0GB/s)
  [2026-06-12 17:11:30.282] [LAT] Path 8351: 131.8µs (0.0GB/s)
  [2026-06-12 17:11:30.283] [LAT] Path 8351: 89.6µs (0.1GB/s)
  [2026-06-12 17:11:30.292] [BW] Path 8351: 6861.5µs (19.6GB/s)
  [2026-06-12 17:11:30.293] [LAT] Path 8351: 79.6µs (0.1GB/s)
  [2026-06-12 17:11:30.308] [BW] Path 8351: 12738.5µs (10.5GB/s)
  [2026-06-12 17:11:30.316] [BW] Path 8351: 6997.1µs (19.2GB/s)
  [2026-06-12 17:11:30.336] [BW] Path 8351: 18636.3µs (7.2GB/s)
  [2026-06-12 17:11:30.345] [BW] Path 8351: 7076.3µs (19.0GB/s)
  [2026-06-12 17:11:30.357] [BW] Path 8351: 10415.5µs (12.9GB/s)
  [2026-06-12 17:11:30.366] [BW] Path 8351: 7439.1µs (18.0GB/s)
  [2026-06-12 17:11:31.377] [LAT] Path 1478: 96.8µs (0.0GB/s)
  [2026-06-12 17:11:31.378] [LAT] Path 1478: 108.3µs (0.0GB/s)
  [2026-06-12 17:11:31.380] [LAT] Path 1478: 105.6µs (0.0GB/s)
  [2026-06-12 17:11:31.381] [LAT] Path 1478: 76.9µs (0.1GB/s)
  [2026-06-12 17:11:31.383] [LAT] Path 1478: 76.2µs (0.1GB/s)
  [2026-06-12 17:11:31.385] [LAT] Path 1478: 75.6µs (0.1GB/s)
  [2026-06-12 17:11:31.386] [LAT] Path 1478: 75.5µs (0.1GB/s)
  [2026-06-12 17:11:31.388] [LAT] Path 1478: 74.7µs (0.1GB/s)
  [2026-06-12 17:11:31.389] [LAT] Path 1478: 77.1µs (0.1GB/s)
  [2026-06-12 17:11:31.391] [LAT] Path 1478: 101.3µs (0.0GB/s)
  [2026-06-12 17:11:32.409] [BW] Path 8351: 7582.0µs (17.7GB/s)
  [2026-06-12 17:11:32.411] [LAT] Path 8351: 82.4µs (0.1GB/s)
  [2026-06-12 17:11:32.412] [LAT] Path 8351: 77.3µs (0.1GB/s)
  [2026-06-12 17:11:32.414] [LAT] Path 8351: 98.5µs (0.0GB/s)
  [2026-06-12 17:11:32.416] [LAT] Path 8351: 91.4µs (0.0GB/s)
  [2026-06-12 17:11:32.417] [LAT] Path 8351: 94.0µs (0.0GB/s)
  [2026-06-12 17:11:32.419] [LAT] Path 8351: 94.5µs (0.0GB/s)
  [2026-06-12 17:11:32.420] [LAT] Path 8351: 96.8µs (0.0GB/s)
  [2026-06-12 17:11:32.422] [LAT] Path 8351: 76.8µs (0.1GB/s)
  [2026-06-12 17:11:32.424] [LAT] Path 8351: 75.9µs (0.1GB/s)
  [2026-06-12 17:11:33.441] [BW] Path 1478: 6985.2µs (19.2GB/s)
  [2026-06-12 17:11:33.458] [BW] Path 1478: 15618.1µs (8.6GB/s)
  [2026-06-12 17:11:33.469] [BW] Path 1478: 9553.8µs (14.1GB/s)
  [2026-06-12 17:11:33.487] [BW] Path 1478: 16338.4µs (8.2GB/s)
  [2026-06-12 17:11:33.496] [BW] Path 1478: 7412.0µs (18.1GB/s)
  [2026-06-12 17:11:33.507] [BW] Path 1478: 9752.5µs (13.8GB/s)
  [2026-06-12 17:11:33.509] [LAT] Path 1478: 81.1µs (0.1GB/s)
  [2026-06-12 17:11:33.511] [LAT] Path 1478: 75.6µs (0.1GB/s)
  [2026-06-12 17:11:33.512] [LAT] Path 1478: 74.5µs (0.1GB/s)
  [2026-06-12 17:11:33.514] [LAT] Path 1478: 89.5µs (0.1GB/s)
  [2026-06-12 17:11:34.525] [LAT] Path 1478: 103.7µs (0.0GB/s)
  [2026-06-12 17:11:34.531] [LAT] Path 1478: 5194.9µs (0.0GB/s)
  [2026-06-12 17:11:34.536] [LAT] Path 1478: 3248.2µs (0.0GB/s)
  [2026-06-12 17:11:34.538] [LAT] Path 1478: 77.3µs (0.1GB/s)
  [2026-06-12 17:11:34.539] [LAT] Path 1478: 74.1µs (0.1GB/s)
  [2026-06-12 17:11:34.541] [LAT] Path 1478: 73.8µs (0.1GB/s)
  [2026-06-12 17:11:34.542] [LAT] Path 1478: 98.9µs (0.0GB/s)
  [2026-06-12 17:11:34.544] [LAT] Path 1478: 91.4µs (0.0GB/s)
  [2026-06-12 17:11:34.546] [LAT] Path 1478: 101.3µs (0.0GB/s)
  [2026-06-12 17:11:34.547] [LAT] Path 1478: 102.8µs (0.0GB/s)
  [2026-06-12 17:11:35.558] [LAT] Path 1478: 160.2µs (0.0GB/s)
  [2026-06-12 17:11:35.560] [LAT] Path 1478: 77.2µs (0.1GB/s)
  [2026-06-12 17:11:35.561] [LAT] Path 1478: 75.9µs (0.1GB/s)
  [2026-06-12 17:11:35.563] [LAT] Path 1478: 69.7µs (0.1GB/s)
  [2026-06-12 17:11:35.564] [LAT] Path 1478: 96.2µs (0.0GB/s)
  [2026-06-12 17:11:35.566] [LAT] Path 1478: 97.7µs (0.0GB/s)
  [2026-06-12 17:11:35.568] [LAT] Path 1478: 93.9µs (0.0GB/s)
  [2026-06-12 17:11:35.569] [LAT] Path 1478: 92.5µs (0.0GB/s)
  [2026-06-12 17:11:35.571] [LAT] Path 1478: 77.6µs (0.1GB/s)
  [2026-06-12 17:11:35.577] [LAT] Path 1478: 4198.5µs (0.0GB/s)
  [2026-06-12 17:11:36.605] [BW] Path 1478: 17646.9µs (7.6GB/s)
  [2026-06-12 17:11:36.615] [BW] Path 1478: 8795.4µs (15.3GB/s)
  [2026-06-12 17:11:36.629] [BW] Path 1478: 12817.1µs (10.5GB/s)
  [2026-06-12 17:11:36.638] [BW] Path 1478: 7019.0µs (19.1GB/s)
  [2026-06-12 17:11:36.650] [BW] Path 1478: 10293.5µs (13.0GB/s)
  [2026-06-12 17:11:36.651] [LAT] Path 1478: 78.6µs (0.1GB/s)
  [2026-06-12 17:11:36.653] [LAT] Path 1478: 75.7µs (0.1GB/s)
  [2026-06-12 17:11:36.655] [LAT] Path 1478: 73.5µs (0.1GB/s)
  [2026-06-12 17:11:36.656] [LAT] Path 1478: 88.8µs (0.1GB/s)
  [2026-06-12 17:11:36.661] [LAT] Path 1478: 3450.8µs (0.0GB/s)
  [2026-06-12 17:11:37.672] [LAT] Path 1478: 109.0µs (0.0GB/s)
  [2026-06-12 17:11:37.673] [LAT] Path 1478: 94.2µs (0.0GB/s)
  [2026-06-12 17:11:37.680] [LAT] Path 1478: 4554.6µs (0.0GB/s)
  [2026-06-12 17:11:37.681] [LAT] Path 1478: 75.7µs (0.1GB/s)
  [2026-06-12 17:11:37.683] [LAT] Path 1478: 75.8µs (0.1GB/s)
  [2026-06-12 17:11:37.684] [LAT] Path 1478: 77.1µs (0.1GB/s)
  [2026-06-12 17:11:37.686] [LAT] Path 1478: 74.3µs (0.1GB/s)
  [2026-06-12 17:11:37.688] [LAT] Path 1478: 74.7µs (0.1GB/s)
  [2026-06-12 17:11:37.689] [LAT] Path 1478: 76.1µs (0.1GB/s)
  [2026-06-12 17:11:37.691] [LAT] Path 1478: 106.3µs (0.0GB/s)
  [2026-06-12 17:11:38.701] [LAT] Path 1478: 94.5µs (0.0GB/s)
  [2026-06-12 17:11:38.703] [LAT] Path 1478: 76.0µs (0.1GB/s)
  [2026-06-12 17:11:38.705] [LAT] Path 1478: 77.3µs (0.1GB/s)
  [2026-06-12 17:11:38.706] [LAT] Path 1478: 75.0µs (0.1GB/s)
  [2026-06-12 17:11:38.708] [LAT] Path 1478: 77.6µs (0.1GB/s)
  [2026-06-12 17:11:38.709] [LAT] Path 1478: 96.8µs (0.0GB/s)
  [2026-06-12 17:11:38.711] [LAT] Path 1478: 94.7µs (0.0GB/s)
  [2026-06-12 17:11:38.713] [LAT] Path 1478: 91.5µs (0.0GB/s)
  [2026-06-12 17:11:38.714] [LAT] Path 1478: 92.1µs (0.0GB/s)
  [2026-06-12 17:11:38.724] [BW] Path 1478: 8678.6µs (15.5GB/s)
  [2026-06-12 17:11:39.752] [BW] Path 8351: 17254.7µs (7.8GB/s)
  [2026-06-12 17:11:39.765] [BW] Path 8351: 10837.0µs (12.4GB/s)
  [2026-06-12 17:11:39.778] [BW] Path 8351: 12383.8µs (10.8GB/s)
  [2026-06-12 17:11:39.780] [LAT] Path 8351: 80.0µs (0.1GB/s)
  [2026-06-12 17:11:39.782] [LAT] Path 8351: 74.6µs (0.1GB/s)
  [2026-06-12 17:11:39.783] [LAT] Path 8351: 75.1µs (0.1GB/s)
  [2026-06-12 17:11:39.795] [BW] Path 8351: 10532.3µs (12.7GB/s)
  [2026-06-12 17:11:39.804] [BW] Path 8351: 7570.3µs (17.7GB/s)
  [2026-06-12 17:11:39.819] [BW] Path 8351: 13501.5µs (9.9GB/s)
  [2026-06-12 17:11:39.834] [BW] Path 8351: 13036.0µs (10.3GB/s)
  [2026-06-12 17:11:40.853] [BW] Path 1478: 8859.2µs (15.2GB/s)
  [2026-06-12 17:11:40.855] [LAT] Path 1478: 103.5µs (0.0GB/s)
  [2026-06-12 17:11:40.857] [LAT] Path 1478: 98.4µs (0.0GB/s)
  [2026-06-12 17:11:40.858] [LAT] Path 1478: 93.9µs (0.0GB/s)
  [2026-06-12 17:11:40.860] [LAT] Path 1478: 95.2µs (0.0GB/s)
  [2026-06-12 17:11:40.862] [LAT] Path 1478: 76.0µs (0.1GB/s)
  [2026-06-12 17:11:40.867] [LAT] Path 1478: 3804.9µs (0.0GB/s)
  [2026-06-12 17:11:40.868] [LAT] Path 1478: 73.9µs (0.1GB/s)
  [2026-06-12 17:11:40.870] [LAT] Path 1478: 75.4µs (0.1GB/s)
  [2026-06-12 17:11:40.872] [LAT] Path 1478: 96.7µs (0.0GB/s)
  [2026-06-12 17:11:41.891] [BW] Path 8351: 9146.3µs (14.7GB/s)
  [2026-06-12 17:11:41.901] [BW] Path 8351: 8168.8µs (16.4GB/s)
  [2026-06-12 17:11:41.903] [LAT] Path 8351: 103.2µs (0.0GB/s)
  [2026-06-12 17:11:41.904] [LAT] Path 8351: 111.8µs (0.0GB/s)
  [2026-06-12 17:11:41.906] [LAT] Path 8351: 101.9µs (0.0GB/s)
  [2026-06-12 17:11:41.907] [LAT] Path 8351: 78.2µs (0.1GB/s)
  [2026-06-12 17:11:41.916] [BW] Path 8351: 7001.7µs (19.2GB/s)
  [2026-06-12 17:11:41.927] [BW] Path 8351: 9274.7µs (14.5GB/s)
  [2026-06-12 17:11:41.936] [BW] Path 8351: 7871.2µs (17.1GB/s)
  [2026-06-12 17:11:41.949] [BW] Path 8351: 11597.7µs (11.6GB/s)
  [2026-06-12 17:11:42.960] [LAT] Path 1478: 116.3µs (0.0GB/s)
  [2026-06-12 17:11:42.962] [LAT] Path 1478: 76.6µs (0.1GB/s)
  [2026-06-12 17:11:42.969] [LAT] Path 1478: 5232.2µs (0.0GB/s)
  [2026-06-12 17:11:42.970] [LAT] Path 1478: 97.9µs (0.0GB/s)
  [2026-06-12 17:11:42.972] [LAT] Path 1478: 93.5µs (0.0GB/s)
  [2026-06-12 17:11:42.974] [LAT] Path 1478: 91.8µs (0.0GB/s)
  [2026-06-12 17:11:42.975] [LAT] Path 1478: 93.4µs (0.0GB/s)
  [2026-06-12 17:11:42.977] [LAT] Path 1478: 74.1µs (0.1GB/s)
  [2026-06-12 17:11:42.982] [LAT] Path 1478: 3674.1µs (0.0GB/s)
  [2026-06-12 17:11:42.984] [LAT] Path 1478: 73.1µs (0.1GB/s)
  [2026-06-12 17:11:43.994] [LAT] Path 1478: 108.8µs (0.0GB/s)
  [2026-06-12 17:11:43.997] [LAT] Path 1478: 1766.8µs (0.0GB/s)
  [2026-06-12 17:11:44.002] [LAT] Path 1478: 3074.5µs (0.0GB/s)
  [2026-06-12 17:11:44.004] [LAT] Path 1478: 76.2µs (0.1GB/s)
  [2026-06-12 17:11:44.005] [LAT] Path 1478: 75.2µs (0.1GB/s)
  [2026-06-12 17:11:44.007] [LAT] Path 1478: 75.1µs (0.1GB/s)
  [2026-06-12 17:11:44.008] [LAT] Path 1478: 95.3µs (0.0GB/s)
  [2026-06-12 17:11:44.010] [LAT] Path 1478: 88.5µs (0.1GB/s)
  [2026-06-12 17:11:44.012] [LAT] Path 1478: 95.0µs (0.0GB/s)
  [2026-06-12 17:11:44.013] [LAT] Path 1478: 92.2µs (0.0GB/s)
  [2026-06-12 17:11:45.024] [LAT] Path 1478: 80.7µs (0.1GB/s)
  [2026-06-12 17:11:45.025] [LAT] Path 1478: 75.6µs (0.1GB/s)
  [2026-06-12 17:11:45.027] [LAT] Path 1478: 74.8µs (0.1GB/s)
  [2026-06-12 17:11:45.028] [LAT] Path 1478: 74.9µs (0.1GB/s)
  [2026-06-12 17:11:45.032] [LAT] Path 1478: 1711.3µs (0.0GB/s)
  [2026-06-12 17:11:45.033] [LAT] Path 1478: 88.1µs (0.1GB/s)
  [2026-06-12 17:11:45.035] [LAT] Path 1478: 88.8µs (0.1GB/s)
  [2026-06-12 17:11:45.036] [LAT] Path 1478: 76.5µs (0.1GB/s)
  [2026-06-12 17:11:45.038] [LAT] Path 1478: 75.4µs (0.1GB/s)
  [2026-06-12 17:11:45.040] [LAT] Path 1478: 75.3µs (0.1GB/s)
  [2026-06-12 17:11:46.058] [BW] Path 8351: 8500.9µs (15.8GB/s)
  [2026-06-12 17:11:46.068] [BW] Path 8351: 8301.1µs (16.2GB/s)
  [2026-06-12 17:11:46.079] [BW] Path 8351: 9523.6µs (14.1GB/s)
  [2026-06-12 17:11:46.090] [BW] Path 8351: 9298.8µs (14.4GB/s)
  [2026-06-12 17:11:46.110] [BW] Path 8351: 17961.8µs (7.5GB/s)
  [2026-06-12 17:11:46.118] [BW] Path 8351: 7399.1µs (18.1GB/s)
  [2026-06-12 17:11:46.131] [BW] Path 8351: 11163.2µs (12.0GB/s)
  [2026-06-12 17:11:46.140] [BW] Path 8351: 6939.1µs (19.3GB/s)
  [2026-06-12 17:11:46.152] [BW] Path 8351: 11022.9µs (12.2GB/s)
  [2026-06-12 17:11:46.154] [LAT] Path 8351: 81.2µs (0.1GB/s)
  [2026-06-12 17:11:47.164] [LAT] Path 8351: 100.1µs (0.0GB/s)
  [2026-06-12 17:11:47.166] [LAT] Path 8351: 75.5µs (0.1GB/s)
  [2026-06-12 17:11:47.168] [LAT] Path 8351: 75.0µs (0.1GB/s)
  [2026-06-12 17:11:47.169] [LAT] Path 8351: 74.8µs (0.1GB/s)
  [2026-06-12 17:11:47.171] [LAT] Path 8351: 75.5µs (0.1GB/s)
  [2026-06-12 17:11:47.172] [LAT] Path 8351: 69.9µs (0.1GB/s)
  [2026-06-12 17:11:47.174] [LAT] Path 8351: 90.1µs (0.1GB/s)
  [2026-06-12 17:11:47.176] [LAT] Path 8351: 90.4µs (0.1GB/s)
  [2026-06-12 17:11:47.177] [LAT] Path 8351: 86.6µs (0.1GB/s)
  [2026-06-12 17:11:47.179] [LAT] Path 8351: 89.2µs (0.1GB/s)
  [2026-06-12 17:11:48.189] [LAT] Path 8351: 110.9µs (0.0GB/s)
  [2026-06-12 17:11:48.191] [LAT] Path 8351: 77.0µs (0.1GB/s)
  [2026-06-12 17:11:48.202] [BW] Path 8351: 9341.6µs (14.4GB/s)
  [2026-06-12 17:11:48.210] [BW] Path 8351: 7098.6µs (18.9GB/s)
  [2026-06-12 17:11:48.223] [BW] Path 8351: 10757.8µs (12.5GB/s)
  [2026-06-12 17:11:48.233] [BW] Path 8351: 8492.5µs (15.8GB/s)
  [2026-06-12 17:11:48.245] [BW] Path 8351: 11108.2µs (12.1GB/s)
  [2026-06-12 17:11:48.254] [BW] Path 8351: 7060.4µs (19.0GB/s)
  [2026-06-12 17:11:48.266] [BW] Path 8351: 10054.0µs (13.3GB/s)
  [2026-06-12 17:11:48.277] [BW] Path 8351: 9635.0µs (13.9GB/s)
  [2026-06-12 17:11:49.288] [LAT] Path 1478: 106.5µs (0.0GB/s)
  [2026-06-12 17:11:49.290] [LAT] Path 1478: 78.5µs (0.1GB/s)
  [2026-06-12 17:11:49.291] [LAT] Path 1478: 91.6µs (0.0GB/s)
  [2026-06-12 17:11:49.293] [LAT] Path 1478: 87.7µs (0.1GB/s)
  [2026-06-12 17:11:49.294] [LAT] Path 1478: 99.8µs (0.0GB/s)
  [2026-06-12 17:11:49.296] [LAT] Path 1478: 87.0µs (0.1GB/s)
  [2026-06-12 17:11:49.298] [LAT] Path 1478: 80.5µs (0.1GB/s)
  [2026-06-12 17:11:49.299] [LAT] Path 1478: 79.3µs (0.1GB/s)
  [2026-06-12 17:11:49.301] [LAT] Path 1478: 73.8µs (0.1GB/s)
  [2026-06-12 17:11:49.302] [LAT] Path 1478: 88.1µs (0.1GB/s)
  [2026-06-12 17:11:50.313] [LAT] Path 1478: 101.3µs (0.0GB/s)
  [2026-06-12 17:11:50.316] [LAT] Path 1478: 899.1µs (0.0GB/s)
  [2026-06-12 17:11:50.317] [LAT] Path 1478: 97.2µs (0.0GB/s)
  [2026-06-12 17:11:50.319] [LAT] Path 1478: 91.9µs (0.0GB/s)
  [2026-06-12 17:11:50.321] [LAT] Path 1478: 442.7µs (0.0GB/s)
  [2026-06-12 17:11:50.322] [LAT] Path 1478: 79.4µs (0.1GB/s)
  [2026-06-12 17:11:50.324] [LAT] Path 1478: 75.8µs (0.1GB/s)
  [2026-06-12 17:11:50.326] [LAT] Path 1478: 75.0µs (0.1GB/s)
  [2026-06-12 17:11:50.327] [LAT] Path 1478: 74.1µs (0.1GB/s)
  [2026-06-12 17:11:50.329] [LAT] Path 1478: 73.4µs (0.1GB/s)
  [2026-06-12 17:11:51.348] [BW] Path 8351: 8892.8µs (15.1GB/s)
  [2026-06-12 17:11:51.357] [BW] Path 8351: 8345.0µs (16.1GB/s)
  [2026-06-12 17:11:51.368] [BW] Path 8351: 8513.1µs (15.8GB/s)
  [2026-06-12 17:11:51.380] [BW] Path 8351: 11278.7µs (11.9GB/s)
  [2026-06-12 17:11:51.389] [BW] Path 8351: 7039.6µs (19.1GB/s)
  [2026-06-12 17:11:51.401] [BW] Path 8351: 10785.8µs (12.4GB/s)
  [2026-06-12 17:11:51.410] [BW] Path 8351: 6928.7µs (19.4GB/s)
  [2026-06-12 17:11:51.429] [BW] Path 8351: 17405.4µs (7.7GB/s)
  [2026-06-12 17:11:51.437] [BW] Path 8351: 6778.7µs (19.8GB/s)
  [2026-06-12 17:11:51.453] [BW] Path 8351: 14835.6µs (9.1GB/s)
  [2026-06-12 17:11:52.464] [LAT] Path 1478: 135.3µs (0.0GB/s)
  [2026-06-12 17:11:52.466] [LAT] Path 1478: 77.8µs (0.1GB/s)
  [2026-06-12 17:11:52.468] [LAT] Path 1478: 75.2µs (0.1GB/s)
  [2026-06-12 17:11:52.469] [LAT] Path 1478: 74.2µs (0.1GB/s)
  [2026-06-12 17:11:52.471] [LAT] Path 1478: 72.0µs (0.1GB/s)
  [2026-06-12 17:11:52.472] [LAT] Path 1478: 74.4µs (0.1GB/s)
  [2026-06-12 17:11:52.474] [LAT] Path 1478: 93.9µs (0.0GB/s)
  [2026-06-12 17:11:52.475] [LAT] Path 1478: 89.3µs (0.1GB/s)
  [2026-06-12 17:11:52.477] [LAT] Path 1478: 96.0µs (0.0GB/s)
  [2026-06-12 17:11:52.478] [LAT] Path 1478: 92.3µs (0.0GB/s)
  [2026-06-12 17:11:53.500] [BW] Path 8351: 11149.2µs (12.0GB/s)
  [2026-06-12 17:11:53.520] [BW] Path 8351: 18625.0µs (7.2GB/s)
  [2026-06-12 17:11:53.529] [BW] Path 8351: 7910.5µs (17.0GB/s)
  [2026-06-12 17:11:53.541] [BW] Path 8351: 10531.7µs (12.7GB/s)
  [2026-06-12 17:11:53.543] [LAT] Path 8351: 79.9µs (0.1GB/s)
  [2026-06-12 17:11:53.544] [LAT] Path 8351: 76.0µs (0.1GB/s)
  [2026-06-12 17:11:53.546] [LAT] Path 8351: 77.0µs (0.1GB/s)
  [2026-06-12 17:11:53.547] [LAT] Path 8351: 72.4µs (0.1GB/s)
  [2026-06-12 17:11:53.549] [LAT] Path 8351: 88.9µs (0.1GB/s)
  [2026-06-12 17:11:53.551] [LAT] Path 8351: 86.2µs (0.1GB/s)
  [2026-06-12 17:11:54.561] [LAT] Path 1478: 95.1µs (0.0GB/s)
  [2026-06-12 17:11:54.563] [LAT] Path 1478: 90.2µs (0.1GB/s)
  [2026-06-12 17:11:54.564] [LAT] Path 1478: 88.5µs (0.1GB/s)
  [2026-06-12 17:11:54.566] [LAT] Path 1478: 87.8µs (0.1GB/s)
  [2026-06-12 17:11:54.568] [LAT] Path 1478: 79.2µs (0.1GB/s)
  [2026-06-12 17:11:54.577] [BW] Path 1478: 7970.6µs (16.8GB/s)
  [2026-06-12 17:11:54.594] [BW] Path 1478: 15952.8µs (8.4GB/s)
  [2026-06-12 17:11:54.606] [BW] Path 1478: 10537.4µs (12.7GB/s)
  [2026-06-12 17:11:54.618] [BW] Path 1478: 10453.5µs (12.8GB/s)
  [2026-06-12 17:11:54.629] [BW] Path 1478: 8980.0µs (14.9GB/s)
  [2026-06-12 17:11:55.653] [BW] Path 8351: 13231.3µs (10.1GB/s)
  [2026-06-12 17:11:55.666] [BW] Path 8351: 11893.0µs (11.3GB/s)
  [2026-06-12 17:11:55.685] [BW] Path 8351: 16917.2µs (7.9GB/s)
  [2026-06-12 17:11:55.696] [BW] Path 8351: 9778.9µs (13.7GB/s)
  [2026-06-12 17:11:55.716] [BW] Path 8351: 18758.6µs (7.2GB/s)
  [2026-06-12 17:11:55.718] [LAT] Path 8351: 80.0µs (0.1GB/s)
  [2026-06-12 17:11:55.719] [LAT] Path 8351: 75.2µs (0.1GB/s)
  [2026-06-12 17:11:55.721] [LAT] Path 8351: 76.0µs (0.1GB/s)
  [2026-06-12 17:11:55.722] [LAT] Path 8351: 74.8µs (0.1GB/s)
  [2026-06-12 17:11:55.724] [LAT] Path 8351: 74.3µs (0.1GB/s)
  [2026-06-12 17:11:56.741] [BW] Path 1478: 6604.4µs (20.3GB/s)
  [2026-06-12 17:11:56.754] [BW] Path 1478: 10716.2µs (12.5GB/s)
  [2026-06-12 17:11:56.757] [LAT] Path 1478: 1743.8µs (0.0GB/s)
  [2026-06-12 17:11:56.758] [LAT] Path 1478: 75.6µs (0.1GB/s)
  [2026-06-12 17:11:56.760] [LAT] Path 1478: 76.4µs (0.1GB/s)
  [2026-06-12 17:11:56.762] [LAT] Path 1478: 104.1µs (0.0GB/s)
  [2026-06-12 17:11:56.763] [LAT] Path 1478: 87.2µs (0.1GB/s)
  [2026-06-12 17:11:56.765] [LAT] Path 1478: 116.5µs (0.0GB/s)
  [2026-06-12 17:11:56.766] [LAT] Path 1478: 113.2µs (0.0GB/s)
  [2026-06-12 17:11:56.768] [LAT] Path 1478: 91.3µs (0.0GB/s)
  [2026-06-12 17:11:57.778] [LAT] Path 8351: 109.5µs (0.0GB/s)
  [2026-06-12 17:11:57.780] [LAT] Path 8351: 94.8µs (0.0GB/s)
  [2026-06-12 17:11:57.781] [LAT] Path 8351: 73.2µs (0.1GB/s)
  [2026-06-12 17:11:57.792] [BW] Path 8351: 9472.8µs (14.2GB/s)
  [2026-06-12 17:11:57.811] [BW] Path 8351: 17650.7µs (7.6GB/s)
  [2026-06-12 17:11:57.821] [BW] Path 8351: 8305.8µs (16.2GB/s)
  [2026-06-12 17:11:57.831] [BW] Path 8351: 8683.2µs (15.5GB/s)
  [2026-06-12 17:11:57.842] [BW] Path 8351: 9602.5µs (14.0GB/s)
  [2026-06-12 17:11:57.853] [BW] Path 8351: 8761.3µs (15.3GB/s)
  [2026-06-12 17:11:57.854] [LAT] Path 8351: 77.6µs (0.1GB/s)
  [2026-06-12 17:11:58.865] [LAT] Path 8351: 134.0µs (0.0GB/s)
  [2026-06-12 17:11:58.867] [LAT] Path 8351: 75.0µs (0.1GB/s)
  [2026-06-12 17:11:58.871] [LAT] Path 8351: 3051.4µs (0.0GB/s)
  [2026-06-12 17:11:58.873] [LAT] Path 8351: 79.0µs (0.1GB/s)
  [2026-06-12 17:11:58.874] [LAT] Path 8351: 74.5µs (0.1GB/s)
  [2026-06-12 17:11:58.876] [LAT] Path 8351: 68.8µs (0.1GB/s)
  [2026-06-12 17:11:58.878] [LAT] Path 8351: 93.1µs (0.0GB/s)
  [2026-06-12 17:11:58.879] [LAT] Path 8351: 98.3µs (0.0GB/s)
  [2026-06-12 17:11:58.881] [LAT] Path 8351: 92.5µs (0.0GB/s)
  [2026-06-12 17:11:58.882] [LAT] Path 8351: 86.9µs (0.1GB/s)
  [2026-06-12 17:11:59.893] [LAT] Path 1478: 82.5µs (0.1GB/s)
  [2026-06-12 17:11:59.894] [LAT] Path 1478: 76.4µs (0.1GB/s)
  [2026-06-12 17:11:59.896] [LAT] Path 1478: 76.4µs (0.1GB/s)
  [2026-06-12 17:11:59.897] [LAT] Path 1478: 75.2µs (0.1GB/s)
  [2026-06-12 17:11:59.899] [LAT] Path 1478: 75.3µs (0.1GB/s)
  [2026-06-12 17:11:59.901] [LAT] Path 1478: 110.3µs (0.0GB/s)
  [2026-06-12 17:11:59.902] [LAT] Path 1478: 93.3µs (0.0GB/s)
  [2026-06-12 17:11:59.904] [LAT] Path 1478: 114.8µs (0.0GB/s)
  [2026-06-12 17:11:59.905] [LAT] Path 1478: 92.0µs (0.0GB/s)
  [2026-06-12 17:11:59.907] [LAT] Path 1478: 93.3µs (0.0GB/s)
  [2026-06-12 17:12:00.917] [LAT] Path 8351: 98.8µs (0.0GB/s)
  [2026-06-12 17:12:00.935] [BW] Path 8351: 16543.3µs (8.1GB/s)
  [2026-06-12 17:12:00.944] [BW] Path 8351: 7262.8µs (18.5GB/s)
  [2026-06-12 17:12:00.958] [BW] Path 8351: 12478.7µs (10.8GB/s)
  [2026-06-12 17:12:00.967] [BW] Path 8351: 7735.4µs (17.4GB/s)
  [2026-06-12 17:12:00.978] [BW] Path 8351: 9285.2µs (14.5GB/s)
  [2026-06-12 17:12:00.988] [BW] Path 8351: 8364.1µs (16.1GB/s)
  [2026-06-12 17:12:01.004] [BW] Path 8351: 14509.0µs (9.2GB/s)
  [2026-06-12 17:12:01.019] [BW] Path 8351: 13445.3µs (10.0GB/s)
  [2026-06-12 17:12:01.020] [LAT] Path 8351: 98.0µs (0.0GB/s)
  [2026-06-12 17:12:02.032] [LAT] Path 8351: 179.9µs (0.0GB/s)
  [2026-06-12 17:12:02.033] [LAT] Path 8351: 79.2µs (0.1GB/s)
  [2026-06-12 17:12:02.035] [LAT] Path 8351: 75.9µs (0.1GB/s)
  [2026-06-12 17:12:02.036] [LAT] Path 8351: 76.6µs (0.1GB/s)
  [2026-06-12 17:12:02.038] [LAT] Path 8351: 76.3µs (0.1GB/s)
  [2026-06-12 17:12:02.039] [LAT] Path 8351: 75.3µs (0.1GB/s)
  [2026-06-12 17:12:02.041] [LAT] Path 8351: 74.7µs (0.1GB/s)
  [2026-06-12 17:12:02.042] [LAT] Path 8351: 109.3µs (0.0GB/s)
  [2026-06-12 17:12:02.050] [LAT] Path 8351: 5683.7µs (0.0GB/s)
  [2026-06-12 17:12:02.051] [LAT] Path 8351: 98.9µs (0.0GB/s)
  [2026-06-12 17:12:03.062] [LAT] Path 8351: 114.3µs (0.0GB/s)
  [2026-06-12 17:12:03.070] [BW] Path 8351: 6560.7µs (20.5GB/s)
  [2026-06-12 17:12:03.081] [BW] Path 8351: 9838.5µs (13.6GB/s)
  [2026-06-12 17:12:03.085] [LAT] Path 8351: 1910.6µs (0.0GB/s)
  [2026-06-12 17:12:03.086] [LAT] Path 8351: 79.2µs (0.1GB/s)
  [2026-06-12 17:12:03.088] [LAT] Path 8351: 77.4µs (0.1GB/s)
  [2026-06-12 17:12:03.089] [LAT] Path 8351: 77.1µs (0.1GB/s)
  [2026-06-12 17:12:03.091] [LAT] Path 8351: 75.3µs (0.1GB/s)
  [2026-06-12 17:12:03.093] [LAT] Path 8351: 90.9µs (0.1GB/s)
  [2026-06-12 17:12:03.104] [BW] Path 8351: 9446.9µs (14.2GB/s)
  [2026-06-12 17:12:04.121] [BW] Path 8351: 6808.5µs (19.7GB/s)
  [2026-06-12 17:12:04.138] [BW] Path 8351: 15964.1µs (8.4GB/s)
  [2026-06-12 17:12:04.147] [BW] Path 8351: 7283.9µs (18.4GB/s)
  [2026-06-12 17:12:04.166] [BW] Path 8351: 17496.8µs (7.7GB/s)
  [2026-06-12 17:12:04.174] [BW] Path 8351: 6811.6µs (19.7GB/s)
  [2026-06-12 17:12:04.187] [BW] Path 8351: 10715.3µs (12.5GB/s)
  [2026-06-12 17:12:04.195] [BW] Path 8351: 7180.5µs (18.7GB/s)
  [2026-06-12 17:12:04.197] [LAT] Path 8351: 88.5µs (0.1GB/s)
  [2026-06-12 17:12:04.198] [LAT] Path 8351: 91.6µs (0.0GB/s)
  [2026-06-12 17:12:04.200] [LAT] Path 8351: 85.8µs (0.1GB/s)
  [2026-06-12 17:12:05.211] [LAT] Path 8351: 114.7µs (0.0GB/s)
  [2026-06-12 17:12:05.213] [LAT] Path 8351: 76.7µs (0.1GB/s)
  [2026-06-12 17:12:05.214] [LAT] Path 8351: 76.4µs (0.1GB/s)
  [2026-06-12 17:12:05.216] [LAT] Path 8351: 71.3µs (0.1GB/s)
  [2026-06-12 17:12:05.217] [LAT] Path 8351: 93.1µs (0.0GB/s)
  [2026-06-12 17:12:05.219] [LAT] Path 8351: 92.6µs (0.0GB/s)
  [2026-06-12 17:12:05.220] [LAT] Path 8351: 94.3µs (0.0GB/s)
  [2026-06-12 17:12:05.222] [LAT] Path 8351: 91.0µs (0.1GB/s)
  [2026-06-12 17:12:05.223] [LAT] Path 8351: 73.0µs (0.1GB/s)
  [2026-06-12 17:12:05.234] [BW] Path 8351: 9465.5µs (14.2GB/s)
  [2026-06-12 17:12:06.245] [LAT] Path 8351: 97.3µs (0.0GB/s)
  [2026-06-12 17:12:06.246] [LAT] Path 8351: 88.0µs (0.1GB/s)
  [2026-06-12 17:12:06.248] [LAT] Path 8351: 76.6µs (0.1GB/s)
  [2026-06-12 17:12:06.250] [LAT] Path 8351: 76.5µs (0.1GB/s)
  [2026-06-12 17:12:06.251] [LAT] Path 8351: 73.8µs (0.1GB/s)
  [2026-06-12 17:12:06.263] [BW] Path 8351: 10120.8µs (13.3GB/s)
  [2026-06-12 17:12:06.271] [BW] Path 8351: 6674.2µs (20.1GB/s)
  [2026-06-12 17:12:06.283] [BW] Path 8351: 10733.0µs (12.5GB/s)
  [2026-06-12 17:12:06.295] [BW] Path 8351: 10694.9µs (12.6GB/s)
  [2026-06-12 17:12:06.306] [BW] Path 8351: 9090.6µs (14.8GB/s)
  [2026-06-12 17:12:07.318] [LAT] Path 1478: 1647.0µs (0.0GB/s)
  [2026-06-12 17:12:07.320] [LAT] Path 1478: 79.1µs (0.1GB/s)
  [2026-06-12 17:12:07.321] [LAT] Path 1478: 76.9µs (0.1GB/s)
  [2026-06-12 17:12:07.323] [LAT] Path 1478: 74.8µs (0.1GB/s)
  [2026-06-12 17:12:07.324] [LAT] Path 1478: 75.3µs (0.1GB/s)
  [2026-06-12 17:12:07.326] [LAT] Path 1478: 87.1µs (0.1GB/s)
  [2026-06-12 17:12:07.327] [LAT] Path 1478: 85.7µs (0.1GB/s)
  [2026-06-12 17:12:07.329] [LAT] Path 1478: 89.7µs (0.1GB/s)
  [2026-06-12 17:12:07.330] [LAT] Path 1478: 100.8µs (0.0GB/s)
  [2026-06-12 17:12:07.332] [LAT] Path 1478: 87.3µs (0.1GB/s)
  [2026-06-12 17:12:08.358] [BW] Path 8351: 15553.9µs (8.6GB/s)
  [2026-06-12 17:12:08.360] [LAT] Path 8351: 100.8µs (0.0GB/s)
  [2026-06-12 17:12:08.363] [LAT] Path 8351: 1525.6µs (0.0GB/s)
  [2026-06-12 17:12:08.364] [LAT] Path 8351: 75.3µs (0.1GB/s)
  [2026-06-12 17:12:08.366] [LAT] Path 8351: 73.9µs (0.1GB/s)
  [2026-06-12 17:12:08.369] [LAT] Path 8351: 1502.9µs (0.0GB/s)
  [2026-06-12 17:12:08.370] [LAT] Path 8351: 107.7µs (0.0GB/s)
  [2026-06-12 17:12:08.372] [LAT] Path 8351: 97.4µs (0.0GB/s)
  [2026-06-12 17:12:08.374] [LAT] Path 8351: 94.6µs (0.0GB/s)
  [2026-06-12 17:12:08.375] [LAT] Path 8351: 93.5µs (0.0GB/s)
  [2026-06-12 17:12:09.386] [LAT] Path 1478: 83.4µs (0.1GB/s)
  [2026-06-12 17:12:09.387] [LAT] Path 1478: 71.3µs (0.1GB/s)
  [2026-06-12 17:12:09.389] [LAT] Path 1478: 87.7µs (0.1GB/s)
  [2026-06-12 17:12:09.390] [LAT] Path 1478: 96.7µs (0.0GB/s)
  [2026-06-12 17:12:09.392] [LAT] Path 1478: 106.8µs (0.0GB/s)
  [2026-06-12 17:12:09.394] [LAT] Path 1478: 112.1µs (0.0GB/s)
  [2026-06-12 17:12:09.395] [LAT] Path 1478: 86.0µs (0.1GB/s)
  [2026-06-12 17:12:09.397] [LAT] Path 1478: 72.3µs (0.1GB/s)
  [2026-06-12 17:12:09.398] [LAT] Path 1478: 76.3µs (0.1GB/s)
  [2026-06-12 17:12:09.400] [LAT] Path 1478: 73.9µs (0.1GB/s)
  [2026-06-12 17:12:10.410] [LAT] Path 8351: 80.6µs (0.1GB/s)
  [2026-06-12 17:12:10.412] [LAT] Path 8351: 79.7µs (0.1GB/s)
  [2026-06-12 17:12:10.428] [BW] Path 8351: 15283.7µs (8.8GB/s)
  [2026-06-12 17:12:10.440] [BW] Path 8351: 9975.0µs (13.5GB/s)
  [2026-06-12 17:12:10.454] [BW] Path 8351: 12508.3µs (10.7GB/s)
  [2026-06-12 17:12:10.462] [BW] Path 8351: 7089.1µs (18.9GB/s)
  [2026-06-12 17:12:10.475] [BW] Path 8351: 10820.7µs (12.4GB/s)
  [2026-06-12 17:12:10.476] [LAT] Path 8351: 78.9µs (0.1GB/s)
  [2026-06-12 17:12:10.478] [LAT] Path 8351: 75.8µs (0.1GB/s)
  [2026-06-12 17:12:10.479] [LAT] Path 8351: 75.3µs (0.1GB/s)
  [2026-06-12 17:12:11.490] [LAT] Path 1478: 214.2µs (0.0GB/s)
  [2026-06-12 17:12:11.492] [LAT] Path 1478: 97.2µs (0.0GB/s)
  [2026-06-12 17:12:11.493] [LAT] Path 1478: 79.8µs (0.1GB/s)
  [2026-06-12 17:12:11.495] [LAT] Path 1478: 73.8µs (0.1GB/s)
  [2026-06-12 17:12:11.497] [LAT] Path 1478: 73.6µs (0.1GB/s)
  [2026-06-12 17:12:11.498] [LAT] Path 1478: 74.1µs (0.1GB/s)
  [2026-06-12 17:12:11.500] [LAT] Path 1478: 77.2µs (0.1GB/s)
  [2026-06-12 17:12:11.501] [LAT] Path 1478: 72.5µs (0.1GB/s)
  [2026-06-12 17:12:11.503] [LAT] Path 1478: 105.3µs (0.0GB/s)
  [2026-06-12 17:12:11.504] [LAT] Path 1478: 94.5µs (0.0GB/s)
  [2026-06-12 17:12:12.522] [BW] Path 8351: 7498.9µs (17.9GB/s)
  [2026-06-12 17:12:12.534] [BW] Path 8351: 9745.8µs (13.8GB/s)
  [2026-06-12 17:12:12.544] [BW] Path 8351: 8602.2µs (15.6GB/s)
  [2026-06-12 17:12:12.545] [LAT] Path 8351: 93.3µs (0.0GB/s)
  [2026-06-12 17:12:12.547] [LAT] Path 8351: 87.0µs (0.1GB/s)
  [2026-06-12 17:12:12.549] [LAT] Path 8351: 87.3µs (0.1GB/s)
  [2026-06-12 17:12:12.558] [BW] Path 8351: 7587.8µs (17.7GB/s)
  [2026-06-12 17:12:12.569] [BW] Path 8351: 9703.7µs (13.8GB/s)
  [2026-06-12 17:12:12.579] [BW] Path 8351: 8402.7µs (16.0GB/s)
  [2026-06-12 17:12:12.592] [BW] Path 8351: 11873.0µs (11.3GB/s)
  [2026-06-12 17:12:13.612] [BW] Path 8351: 9218.8µs (14.6GB/s)
  [2026-06-12 17:12:13.622] [BW] Path 8351: 8560.0µs (15.7GB/s)
  [2026-06-12 17:12:13.632] [BW] Path 8351: 8378.6µs (16.0GB/s)
  [2026-06-12 17:12:13.633] [LAT] Path 8351: 77.2µs (0.1GB/s)
  [2026-06-12 17:12:13.635] [LAT] Path 8351: 73.9µs (0.1GB/s)
  [2026-06-12 17:12:13.636] [LAT] Path 8351: 76.1µs (0.1GB/s)
  [2026-06-12 17:12:13.638] [LAT] Path 8351: 96.8µs (0.0GB/s)
  [2026-06-12 17:12:13.640] [LAT] Path 8351: 95.0µs (0.0GB/s)
  [2026-06-12 17:12:13.641] [LAT] Path 8351: 94.1µs (0.0GB/s)
  [2026-06-12 17:12:13.650] [BW] Path 8351: 7360.5µs (18.2GB/s)
  [2026-06-12 17:12:14.661] [LAT] Path 1478: 138.5µs (0.0GB/s)
  [2026-06-12 17:12:14.663] [LAT] Path 1478: 93.7µs (0.0GB/s)
  [2026-06-12 17:12:14.664] [LAT] Path 1478: 79.0µs (0.1GB/s)
  [2026-06-12 17:12:14.666] [LAT] Path 1478: 75.0µs (0.1GB/s)
  [2026-06-12 17:12:14.667] [LAT] Path 1478: 75.2µs (0.1GB/s)
  [2026-06-12 17:12:14.669] [LAT] Path 1478: 75.0µs (0.1GB/s)
  [2026-06-12 17:12:14.670] [LAT] Path 1478: 89.2µs (0.1GB/s)
  [2026-06-12 17:12:14.672] [LAT] Path 1478: 71.3µs (0.1GB/s)
  [2026-06-12 17:12:14.674] [LAT] Path 1478: 849.5µs (0.0GB/s)
  [2026-06-12 17:12:14.676] [LAT] Path 1478: 92.6µs (0.0GB/s)
  [2026-06-12 17:12:15.686] [LAT] Path 1478: 82.1µs (0.1GB/s)
  [2026-06-12 17:12:15.687] [LAT] Path 1478: 76.8µs (0.1GB/s)
  [2026-06-12 17:12:15.689] [LAT] Path 1478: 75.2µs (0.1GB/s)
  [2026-06-12 17:12:15.691] [LAT] Path 1478: 73.7µs (0.1GB/s)
  [2026-06-12 17:12:15.692] [LAT] Path 1478: 74.8µs (0.1GB/s)
  [2026-06-12 17:12:15.695] [LAT] Path 1478: 986.4µs (0.0GB/s)
  [2026-06-12 17:12:15.696] [LAT] Path 1478: 88.1µs (0.1GB/s)
  [2026-06-12 17:12:15.698] [LAT] Path 1478: 87.3µs (0.1GB/s)
  [2026-06-12 17:12:15.699] [LAT] Path 1478: 73.3µs (0.1GB/s)
  [2026-06-12 17:12:15.701] [LAT] Path 1478: 74.3µs (0.1GB/s)
  [2026-06-12 17:12:16.711] [LAT] Path 1478: 78.9µs (0.1GB/s)
  [2026-06-12 17:12:16.712] [LAT] Path 1478: 76.3µs (0.1GB/s)
  [2026-06-12 17:12:16.725] [BW] Path 1478: 11852.1µs (11.3GB/s)
  [2026-06-12 17:12:16.741] [BW] Path 1478: 13837.1µs (9.7GB/s)
  [2026-06-12 17:12:16.742] [LAT] Path 1478: 78.5µs (0.1GB/s)
  [2026-06-12 17:12:16.744] [LAT] Path 1478: 76.8µs (0.1GB/s)
  [2026-06-12 17:12:16.746] [LAT] Path 1478: 75.6µs (0.1GB/s)
  [2026-06-12 17:12:16.747] [LAT] Path 1478: 89.6µs (0.1GB/s)
  [2026-06-12 17:12:16.749] [LAT] Path 1478: 83.9µs (0.1GB/s)
  [2026-06-12 17:12:16.750] [LAT] Path 1478: 87.5µs (0.1GB/s)
  [2026-06-12 17:12:17.779] [BW] Path 8351: 17746.3µs (7.6GB/s)
  [2026-06-12 17:12:17.783] [LAT] Path 8351: 3195.2µs (0.0GB/s)
  [2026-06-12 17:12:17.785] [LAT] Path 8351: 98.5µs (0.0GB/s)
  [2026-06-12 17:12:17.787] [LAT] Path 8351: 95.5µs (0.0GB/s)
  [2026-06-12 17:12:17.788] [LAT] Path 8351: 92.6µs (0.0GB/s)
  [2026-06-12 17:12:17.790] [LAT] Path 8351: 91.9µs (0.0GB/s)
  [2026-06-12 17:12:17.791] [LAT] Path 8351: 70.5µs (0.1GB/s)
  [2026-06-12 17:12:17.793] [LAT] Path 8351: 78.6µs (0.1GB/s)
  [2026-06-12 17:12:17.795] [LAT] Path 8351: 86.8µs (0.1GB/s)
  [2026-06-12 17:12:17.796] [LAT] Path 8351: 75.4µs (0.1GB/s)
  [2026-06-12 17:12:18.816] [BW] Path 8351: 9087.7µs (14.8GB/s)
  [2026-06-12 17:12:18.817] [LAT] Path 8351: 90.8µs (0.1GB/s)
  [2026-06-12 17:12:18.819] [LAT] Path 8351: 79.6µs (0.1GB/s)
  [2026-06-12 17:12:18.823] [LAT] Path 8351: 2468.0µs (0.0GB/s)
  [2026-06-12 17:12:18.824] [LAT] Path 8351: 74.3µs (0.1GB/s)
  [2026-06-12 17:12:18.826] [LAT] Path 8351: 89.5µs (0.1GB/s)
  [2026-06-12 17:12:18.839] [BW] Path 8351: 11637.1µs (11.5GB/s)
  [2026-06-12 17:12:18.848] [BW] Path 8351: 7661.0µs (17.5GB/s)
  [2026-06-12 17:12:18.858] [BW] Path 8351: 8607.4µs (15.6GB/s)
  [2026-06-12 17:12:18.869] [BW] Path 8351: 9021.0µs (14.9GB/s)
  [2026-06-12 17:12:19.890] [BW] Path 8351: 10762.9µs (12.5GB/s)
  [2026-06-12 17:12:19.898] [BW] Path 8351: 7340.1µs (18.3GB/s)
  [2026-06-12 17:12:19.911] [BW] Path 8351: 10645.2µs (12.6GB/s)
  [2026-06-12 17:12:19.919] [BW] Path 8351: 6777.8µs (19.8GB/s)
  [2026-06-12 17:12:19.920] [LAT] Path 8351: 91.4µs (0.0GB/s)
  [2026-06-12 17:12:19.922] [LAT] Path 8351: 90.0µs (0.1GB/s)
  [2026-06-12 17:12:19.924] [LAT] Path 8351: 86.0µs (0.1GB/s)
  [2026-06-12 17:12:19.925] [LAT] Path 8351: 90.6µs (0.1GB/s)
  [2026-06-12 17:12:19.927] [LAT] Path 8351: 88.1µs (0.1GB/s)
  [2026-06-12 17:12:19.928] [LAT] Path 8351: 73.0µs (0.1GB/s)
  [2026-06-12 17:12:20.940] [LAT] Path 8351: 151.2µs (0.0GB/s)
  [2026-06-12 17:12:20.941] [LAT] Path 8351: 79.2µs (0.1GB/s)
  [2026-06-12 17:12:20.943] [LAT] Path 8351: 97.2µs (0.0GB/s)
  [2026-06-12 17:12:20.944] [LAT] Path 8351: 94.7µs (0.0GB/s)
  [2026-06-12 17:12:20.946] [LAT] Path 8351: 96.3µs (0.0GB/s)
  [2026-06-12 17:12:20.947] [LAT] Path 8351: 95.2µs (0.0GB/s)
  [2026-06-12 17:12:20.949] [LAT] Path 8351: 79.0µs (0.1GB/s)
  [2026-06-12 17:12:20.955] [LAT] Path 8351: 4478.4µs (0.0GB/s)
  [2026-06-12 17:12:20.957] [LAT] Path 8351: 72.3µs (0.1GB/s)
  [2026-06-12 17:12:20.958] [LAT] Path 8351: 93.9µs (0.0GB/s)
  [2026-06-12 17:12:21.969] [LAT] Path 8351: 109.1µs (0.0GB/s)
  [2026-06-12 17:12:21.971] [LAT] Path 8351: 117.4µs (0.0GB/s)
  [2026-06-12 17:12:21.972] [LAT] Path 8351: 117.4µs (0.0GB/s)
  [2026-06-12 17:12:21.974] [LAT] Path 8351: 87.5µs (0.1GB/s)
  [2026-06-12 17:12:21.975] [LAT] Path 8351: 88.5µs (0.1GB/s)
  [2026-06-12 17:12:21.984] [BW] Path 8351: 7422.4µs (18.1GB/s)
  [2026-06-12 17:12:21.996] [BW] Path 8351: 9698.3µs (13.8GB/s)
  [2026-06-12 17:12:22.004] [BW] Path 8351: 6707.0µs (20.0GB/s)
  [2026-06-12 17:12:22.019] [BW] Path 8351: 13901.6µs (9.7GB/s)
  [2026-06-12 17:12:22.028] [BW] Path 8351: 6925.9µs (19.4GB/s)
  [2026-06-12 17:12:23.038] [LAT] Path 1478: 81.7µs (0.1GB/s)
  [2026-06-12 17:12:23.040] [LAT] Path 1478: 74.9µs (0.1GB/s)
  [2026-06-12 17:12:23.041] [LAT] Path 1478: 76.9µs (0.1GB/s)
  [2026-06-12 17:12:23.043] [LAT] Path 1478: 75.0µs (0.1GB/s)
  [2026-06-12 17:12:23.044] [LAT] Path 1478: 93.1µs (0.0GB/s)
  [2026-06-12 17:12:23.046] [LAT] Path 1478: 89.0µs (0.1GB/s)
  [2026-06-12 17:12:23.048] [LAT] Path 1478: 89.0µs (0.1GB/s)
  [2026-06-12 17:12:23.049] [LAT] Path 1478: 83.2µs (0.1GB/s)
  [2026-06-12 17:12:23.051] [LAT] Path 1478: 87.4µs (0.1GB/s)
  [2026-06-12 17:12:23.052] [LAT] Path 1478: 77.2µs (0.1GB/s)
  [2026-06-12 17:12:24.080] [BW] Path 8351: 17129.4µs (7.8GB/s)
  [2026-06-12 17:12:24.090] [BW] Path 8351: 8215.1µs (16.3GB/s)
  [2026-06-12 17:12:24.108] [BW] Path 8351: 17174.7µs (7.8GB/s)
  [2026-06-12 17:12:24.110] [LAT] Path 8351: 82.7µs (0.1GB/s)
  [2026-06-12 17:12:24.112] [LAT] Path 8351: 76.5µs (0.1GB/s)
  [2026-06-12 17:12:24.113] [LAT] Path 8351: 80.6µs (0.1GB/s)
  [2026-06-12 17:12:24.115] [LAT] Path 8351: 79.7µs (0.1GB/s)
  [2026-06-12 17:12:24.116] [LAT] Path 8351: 75.8µs (0.1GB/s)
  [2026-06-12 17:12:24.118] [LAT] Path 8351: 75.9µs (0.1GB/s)
  [2026-06-12 17:12:24.119] [LAT] Path 8351: 97.2µs (0.0GB/s)
  [2026-06-12 17:12:25.130] [LAT] Path 1478: 83.0µs (0.1GB/s)
  [2026-06-12 17:12:25.132] [LAT] Path 1478: 74.2µs (0.1GB/s)
  [2026-06-12 17:12:25.133] [LAT] Path 1478: 90.5µs (0.1GB/s)
  [2026-06-12 17:12:25.135] [LAT] Path 1478: 87.2µs (0.1GB/s)
  [2026-06-12 17:12:25.136] [LAT] Path 1478: 89.4µs (0.1GB/s)
  [2026-06-12 17:12:25.138] [LAT] Path 1478: 86.9µs (0.1GB/s)
  [2026-06-12 17:12:25.139] [LAT] Path 1478: 72.0µs (0.1GB/s)
  [2026-06-12 17:12:25.141] [LAT] Path 1478: 78.3µs (0.1GB/s)
  [2026-06-12 17:12:25.155] [BW] Path 1478: 11952.2µs (11.2GB/s)
  [2026-06-12 17:12:25.164] [BW] Path 1478: 7887.1µs (17.0GB/s)
  [2026-06-12 17:12:26.181] [BW] Path 1478: 7034.4µs (19.1GB/s)
  [2026-06-12 17:12:26.194] [BW] Path 1478: 10950.5µs (12.3GB/s)
  [2026-06-12 17:12:26.202] [BW] Path 1478: 6791.4µs (19.8GB/s)
  [2026-06-12 17:12:26.223] [BW] Path 1478: 19244.0µs (7.0GB/s)
  [2026-06-12 17:12:26.224] [LAT] Path 1478: 78.7µs (0.1GB/s)
  [2026-06-12 17:12:26.231] [LAT] Path 1478: 4929.3µs (0.0GB/s)
  [2026-06-12 17:12:26.233] [LAT] Path 1478: 1007.2µs (0.0GB/s)
  [2026-06-12 17:12:26.235] [LAT] Path 1478: 92.2µs (0.0GB/s)
  [2026-06-12 17:12:26.236] [LAT] Path 1478: 103.0µs (0.0GB/s)
  [2026-06-12 17:12:26.239] [LAT] Path 1478: 1158.5µs (0.0GB/s)
  [2026-06-12 17:12:27.250] [LAT] Path 8351: 123.2µs (0.0GB/s)
  [2026-06-12 17:12:27.252] [LAT] Path 8351: 77.8µs (0.1GB/s)
  [2026-06-12 17:12:27.253] [LAT] Path 8351: 76.2µs (0.1GB/s)
  [2026-06-12 17:12:27.255] [LAT] Path 8351: 73.0µs (0.1GB/s)
  [2026-06-12 17:12:27.256] [LAT] Path 8351: 73.8µs (0.1GB/s)
  [2026-06-12 17:12:27.258] [LAT] Path 8351: 75.8µs (0.1GB/s)
  [2026-06-12 17:12:27.260] [LAT] Path 8351: 99.1µs (0.0GB/s)
  [2026-06-12 17:12:27.261] [LAT] Path 8351: 92.2µs (0.0GB/s)
  [2026-06-12 17:12:27.263] [LAT] Path 8351: 91.3µs (0.0GB/s)
  [2026-06-12 17:12:27.264] [LAT] Path 8351: 90.8µs (0.1GB/s)
  [2026-06-12 17:12:28.287] [BW] Path 8351: 12434.9µs (10.8GB/s)
  [2026-06-12 17:12:28.297] [BW] Path 8351: 8622.7µs (15.6GB/s)
  [2026-06-12 17:12:28.307] [BW] Path 8351: 8333.3µs (16.1GB/s)
  [2026-06-12 17:12:28.319] [BW] Path 8351: 10118.9µs (13.3GB/s)
  [2026-06-12 17:12:28.328] [BW] Path 8351: 7441.8µs (18.0GB/s)
  [2026-06-12 17:12:28.348] [BW] Path 8351: 18661.2µs (7.2GB/s)
  [2026-06-12 17:12:28.357] [BW] Path 8351: 7404.6µs (18.1GB/s)
  [2026-06-12 17:12:28.370] [BW] Path 8351: 11821.2µs (11.3GB/s)
  [2026-06-12 17:12:28.379] [BW] Path 8351: 6867.4µs (19.5GB/s)
  [2026-06-12 17:12:28.391] [BW] Path 8351: 10935.0µs (12.3GB/s)
  [2026-06-12 17:12:29.406] [LAT] Path 1478: 4009.7µs (0.0GB/s)
  [2026-06-12 17:12:29.407] [LAT] Path 1478: 80.3µs (0.1GB/s)
  [2026-06-12 17:12:29.409] [LAT] Path 1478: 77.1µs (0.1GB/s)
  [2026-06-12 17:12:29.410] [LAT] Path 1478: 102.3µs (0.0GB/s)
  [2026-06-12 17:12:29.412] [LAT] Path 1478: 182.9µs (0.0GB/s)
  [2026-06-12 17:12:29.414] [LAT] Path 1478: 89.8µs (0.1GB/s)
  [2026-06-12 17:12:29.415] [LAT] Path 1478: 90.3µs (0.1GB/s)
  [2026-06-12 17:12:29.417] [LAT] Path 1478: 70.5µs (0.1GB/s)
  [2026-06-12 17:12:29.418] [LAT] Path 1478: 87.0µs (0.1GB/s)
  [2026-06-12 17:12:29.424] [LAT] Path 1478: 3869.1µs (0.0GB/s)
  [2026-06-12 17:12:30.442] [BW] Path 8351: 7266.2µs (18.5GB/s)
  [2026-06-12 17:12:30.454] [BW] Path 8351: 10109.7µs (13.3GB/s)
  [2026-06-12 17:12:30.467] [BW] Path 8351: 11615.8µs (11.6GB/s)
  [2026-06-12 17:12:30.468] [LAT] Path 8351: 99.1µs (0.0GB/s)
  [2026-06-12 17:12:30.470] [LAT] Path 8351: 93.5µs (0.0GB/s)
  [2026-06-12 17:12:30.474] [LAT] Path 8351: 2595.9µs (0.0GB/s)
  [2026-06-12 17:12:30.476] [LAT] Path 8351: 79.6µs (0.1GB/s)
  [2026-06-12 17:12:30.477] [LAT] Path 8351: 77.2µs (0.1GB/s)
  [2026-06-12 17:12:30.479] [LAT] Path 8351: 75.8µs (0.1GB/s)
  [2026-06-12 17:12:30.480] [LAT] Path 8351: 74.6µs (0.1GB/s)
  [2026-06-12 17:12:31.494] [LAT] Path 8351: 2615.0µs (0.0GB/s)
  [2026-06-12 17:12:31.507] [BW] Path 8351: 12040.1µs (11.2GB/s)
  [2026-06-12 17:12:31.516] [BW] Path 8351: 7274.2µs (18.4GB/s)
  [2026-06-12 17:12:31.527] [BW] Path 8351: 9877.5µs (13.6GB/s)
  [2026-06-12 17:12:31.539] [BW] Path 8351: 10222.5µs (13.1GB/s)
  [2026-06-12 17:12:31.553] [BW] Path 8351: 12352.0µs (10.9GB/s)
  [2026-06-12 17:12:31.566] [BW] Path 8351: 11749.2µs (11.4GB/s)
  [2026-06-12 17:12:31.579] [BW] Path 8351: 11437.1µs (11.7GB/s)
  [2026-06-12 17:12:31.590] [BW] Path 8351: 9272.1µs (14.5GB/s)
  [2026-06-12 17:12:31.599] [BW] Path 8351: 7734.5µs (17.4GB/s)
  [2026-06-12 17:12:32.634] [BW] Path 8351: 23755.9µs (5.7GB/s)
  [2026-06-12 17:12:32.652] [BW] Path 8351: 16419.6µs (8.2GB/s)
  [2026-06-12 17:12:32.653] [LAT] Path 8351: 170.2µs (0.0GB/s)
  [2026-06-12 17:12:32.655] [LAT] Path 8351: 74.2µs (0.1GB/s)
  [2026-06-12 17:12:32.657] [LAT] Path 8351: 78.2µs (0.1GB/s)
  [2026-06-12 17:12:32.658] [LAT] Path 8351: 78.3µs (0.1GB/s)
  [2026-06-12 17:12:32.660] [LAT] Path 8351: 75.8µs (0.1GB/s)
  [2026-06-12 17:12:32.661] [LAT] Path 8351: 74.9µs (0.1GB/s)
  [2026-06-12 17:12:32.663] [LAT] Path 8351: 90.2µs (0.1GB/s)
  [2026-06-12 17:12:32.665] [LAT] Path 8351: 91.2µs (0.0GB/s)
  [2026-06-12 17:12:33.675] [LAT] Path 8351: 108.6µs (0.0GB/s)
  [2026-06-12 17:12:33.677] [LAT] Path 8351: 93.8µs (0.0GB/s)
  [2026-06-12 17:12:33.687] [BW] Path 8351: 8968.3µs (15.0GB/s)
  [2026-06-12 17:12:33.697] [BW] Path 8351: 8459.0µs (15.9GB/s)
  [2026-06-12 17:12:33.699] [LAT] Path 8351: 122.2µs (0.0GB/s)
  [2026-06-12 17:12:33.701] [LAT] Path 8351: 98.9µs (0.0GB/s)
  [2026-06-12 17:12:33.702] [LAT] Path 8351: 81.7µs (0.1GB/s)
  [2026-06-12 17:12:33.704] [LAT] Path 8351: 80.2µs (0.1GB/s)
  [2026-06-12 17:12:33.716] [BW] Path 8351: 10270.5µs (13.1GB/s)
  [2026-06-12 17:12:33.725] [BW] Path 8351: 7664.2µs (17.5GB/s)
  [2026-06-12 17:12:34.742] [BW] Path 8351: 6572.3µs (20.4GB/s)
  [2026-06-12 17:12:34.763] [BW] Path 8351: 19198.7µs (7.0GB/s)
  [2026-06-12 17:12:34.773] [BW] Path 8351: 8023.6µs (16.7GB/s)
  [2026-06-12 17:12:34.784] [BW] Path 8351: 10238.4µs (13.1GB/s)
  [2026-06-12 17:12:34.794] [BW] Path 8351: 7678.8µs (17.5GB/s)
  [2026-06-12 17:12:34.804] [BW] Path 8351: 9253.3µs (14.5GB/s)
  [2026-06-12 17:12:34.821] [BW] Path 8351: 14927.4µs (9.0GB/s)
  [2026-06-12 17:12:34.822] [LAT] Path 8351: 103.5µs (0.0GB/s)
  [2026-06-12 17:12:34.824] [LAT] Path 8351: 76.0µs (0.1GB/s)
  [2026-06-12 17:12:34.826] [LAT] Path 8351: 79.0µs (0.1GB/s)
  [2026-06-12 17:12:35.837] [LAT] Path 8351: 104.7µs (0.0GB/s)
  [2026-06-12 17:12:35.846] [BW] Path 8351: 7246.7µs (18.5GB/s)
  [2026-06-12 17:12:35.862] [BW] Path 8351: 14694.7µs (9.1GB/s)
  [2026-06-12 17:12:35.864] [LAT] Path 8351: 81.0µs (0.1GB/s)
  [2026-06-12 17:12:35.868] [LAT] Path 8351: 3099.3µs (0.0GB/s)
  [2026-06-12 17:12:35.870] [LAT] Path 8351: 681.5µs (0.0GB/s)
  [2026-06-12 17:12:35.872] [LAT] Path 8351: 97.1µs (0.0GB/s)
  [2026-06-12 17:12:35.874] [LAT] Path 8351: 98.7µs (0.0GB/s)
  [2026-06-12 17:12:35.876] [LAT] Path 8351: 597.2µs (0.0GB/s)
  [2026-06-12 17:12:35.877] [LAT] Path 8351: 82.8µs (0.1GB/s)
  [2026-06-12 17:12:36.898] [BW] Path 8351: 10156.9µs (13.2GB/s)
  [2026-06-12 17:12:36.910] [BW] Path 8351: 9959.7µs (13.5GB/s)
  [2026-06-12 17:12:36.918] [BW] Path 8351: 7090.6µs (18.9GB/s)
  [2026-06-12 17:12:36.931] [BW] Path 8351: 11063.6µs (12.1GB/s)
  [2026-06-12 17:12:36.940] [BW] Path 8351: 7422.6µs (18.1GB/s)
  [2026-06-12 17:12:36.961] [BW] Path 8351: 19087.2µs (7.0GB/s)
  [2026-06-12 17:12:36.970] [BW] Path 8351: 8300.6µs (16.2GB/s)
  [2026-06-12 17:12:36.983] [BW] Path 8351: 10608.6µs (12.7GB/s)
  [2026-06-12 17:12:36.992] [BW] Path 8351: 7515.1µs (17.9GB/s)
  [2026-06-12 17:12:37.003] [BW] Path 8351: 9450.8µs (14.2GB/s)
  [2026-06-12 17:12:38.026] [BW] Path 8351: 12693.1µs (10.6GB/s)
  [2026-06-12 17:12:38.040] [BW] Path 8351: 12403.7µs (10.8GB/s)
  [2026-06-12 17:12:38.056] [BW] Path 8351: 14979.3µs (9.0GB/s)
  [2026-06-12 17:12:38.075] [BW] Path 8351: 17490.3µs (7.7GB/s)
  [2026-06-12 17:12:38.077] [LAT] Path 8351: 82.8µs (0.1GB/s)
  [2026-06-12 17:12:38.079] [LAT] Path 8351: 115.2µs (0.0GB/s)
  [2026-06-12 17:12:38.090] [LAT] Path 8351: 10184.8µs (0.0GB/s)
  [2026-06-12 17:12:38.096] [LAT] Path 8351: 4444.4µs (0.0GB/s)
  [2026-06-12 17:12:38.098] [LAT] Path 8351: 75.5µs (0.1GB/s)
  [2026-06-12 17:12:38.100] [LAT] Path 8351: 70.6µs (0.1GB/s)
  [2026-06-12 17:12:39.111] [LAT] Path 8351: 130.4µs (0.0GB/s)
  [2026-06-12 17:12:39.112] [LAT] Path 8351: 89.7µs (0.1GB/s)
  [2026-06-12 17:12:39.114] [LAT] Path 8351: 77.8µs (0.1GB/s)
  [2026-06-12 17:12:39.115] [LAT] Path 8351: 76.5µs (0.1GB/s)
  [2026-06-12 17:12:39.117] [LAT] Path 8351: 74.2µs (0.1GB/s)
  [2026-06-12 17:12:39.119] [LAT] Path 8351: 74.0µs (0.1GB/s)
  [2026-06-12 17:12:39.120] [LAT] Path 8351: 76.0µs (0.1GB/s)
  [2026-06-12 17:12:39.122] [LAT] Path 8351: 90.8µs (0.1GB/s)
  [2026-06-12 17:12:39.123] [LAT] Path 8351: 89.1µs (0.1GB/s)
  [2026-06-12 17:12:39.125] [LAT] Path 8351: 87.0µs (0.1GB/s)
  [2026-06-12 17:12:40.146] [BW] Path 8351: 10831.3µs (12.4GB/s)
  [2026-06-12 17:12:40.160] [BW] Path 8351: 12180.4µs (11.0GB/s)
  [2026-06-12 17:12:40.176] [BW] Path 8351: 14971.7µs (9.0GB/s)
  [2026-06-12 17:12:40.188] [BW] Path 8351: 9628.8µs (13.9GB/s)
  [2026-06-12 17:12:40.198] [BW] Path 8351: 9260.9µs (14.5GB/s)
  [2026-06-12 17:12:40.209] [BW] Path 8351: 8994.8µs (14.9GB/s)
  [2026-06-12 17:12:40.218] [BW] Path 8351: 7907.0µs (17.0GB/s)
  [2026-06-12 17:12:40.235] [BW] Path 8351: 15062.6µs (8.9GB/s)
  [2026-06-12 17:12:40.243] [BW] Path 8351: 6710.9µs (20.0GB/s)
  [2026-06-12 17:12:40.261] [BW] Path 8351: 16013.0µs (8.4GB/s)
  [2026-06-12 17:12:41.271] [LAT] Path 1478: 100.0µs (0.0GB/s)
  [2026-06-12 17:12:41.273] [LAT] Path 1478: 82.6µs (0.1GB/s)
  [2026-06-12 17:12:41.278] [LAT] Path 1478: 3525.3µs (0.0GB/s)
  [2026-06-12 17:12:41.279] [LAT] Path 1478: 95.4µs (0.0GB/s)
  [2026-06-12 17:12:41.281] [LAT] Path 1478: 94.6µs (0.0GB/s)
  [2026-06-12 17:12:41.283] [LAT] Path 1478: 89.7µs (0.1GB/s)
  [2026-06-12 17:12:41.284] [LAT] Path 1478: 94.7µs (0.0GB/s)
  [2026-06-12 17:12:41.286] [LAT] Path 1478: 73.9µs (0.1GB/s)
  [2026-06-12 17:12:41.287] [LAT] Path 1478: 78.0µs (0.1GB/s)
  [2026-06-12 17:12:41.289] [LAT] Path 1478: 75.2µs (0.1GB/s)
  [2026-06-12 17:12:42.300] [LAT] Path 1478: 127.2µs (0.0GB/s)
  [2026-06-12 17:12:42.302] [LAT] Path 1478: 80.5µs (0.1GB/s)
  [2026-06-12 17:12:42.303] [LAT] Path 1478: 75.0µs (0.1GB/s)
  [2026-06-12 17:12:42.305] [LAT] Path 1478: 75.1µs (0.1GB/s)
  [2026-06-12 17:12:42.306] [LAT] Path 1478: 75.0µs (0.1GB/s)
  [2026-06-12 17:12:42.308] [LAT] Path 1478: 89.4µs (0.1GB/s)
  [2026-06-12 17:12:42.309] [LAT] Path 1478: 86.6µs (0.1GB/s)
  [2026-06-12 17:12:42.319] [BW] Path 1478: 7918.7µs (16.9GB/s)
  [2026-06-12 17:12:42.330] [BW] Path 1478: 9321.8µs (14.4GB/s)
  [2026-06-12 17:12:42.338] [BW] Path 1478: 7003.8µs (19.2GB/s)
  [2026-06-12 17:12:43.349] [LAT] Path 1478: 84.5µs (0.1GB/s)
  [2026-06-12 17:12:43.350] [LAT] Path 1478: 91.8µs (0.0GB/s)
  [2026-06-12 17:12:43.352] [LAT] Path 1478: 91.2µs (0.0GB/s)
  [2026-06-12 17:12:43.353] [LAT] Path 1478: 87.5µs (0.1GB/s)
  [2026-06-12 17:12:43.355] [LAT] Path 1478: 86.3µs (0.1GB/s)
  [2026-06-12 17:12:43.356] [LAT] Path 1478: 78.8µs (0.1GB/s)
  [2026-06-12 17:12:43.358] [LAT] Path 1478: 77.8µs (0.1GB/s)
  [2026-06-12 17:12:43.360] [LAT] Path 1478: 75.1µs (0.1GB/s)
  [2026-06-12 17:12:43.361] [LAT] Path 1478: 75.7µs (0.1GB/s)
  [2026-06-12 17:12:43.363] [LAT] Path 1478: 75.5µs (0.1GB/s)
  [2026-06-12 17:12:44.373] [LAT] Path 8351: 99.0µs (0.0GB/s)
  [2026-06-12 17:12:44.374] [LAT] Path 8351: 96.3µs (0.0GB/s)
  [2026-06-12 17:12:44.376] [LAT] Path 8351: 91.9µs (0.0GB/s)
  [2026-06-12 17:12:44.378] [LAT] Path 8351: 99.0µs (0.0GB/s)
  [2026-06-12 17:12:44.379] [LAT] Path 8351: 114.3µs (0.0GB/s)
  [2026-06-12 17:12:44.381] [LAT] Path 8351: 100.8µs (0.0GB/s)
  [2026-06-12 17:12:44.382] [LAT] Path 8351: 93.5µs (0.0GB/s)
  [2026-06-12 17:12:44.384] [LAT] Path 8351: 92.9µs (0.0GB/s)
  [2026-06-12 17:12:44.385] [LAT] Path 8351: 76.5µs (0.1GB/s)
  [2026-06-12 17:12:44.387] [LAT] Path 8351: 75.9µs (0.1GB/s)
  [2026-06-12 17:12:45.398] [LAT] Path 8351: 102.9µs (0.0GB/s)
  [2026-06-12 17:12:45.402] [LAT] Path 8351: 2379.6µs (0.0GB/s)
  [2026-06-12 17:12:45.403] [LAT] Path 8351: 75.1µs (0.1GB/s)
  [2026-06-12 17:12:45.415] [BW] Path 8351: 10647.3µs (12.6GB/s)
  [2026-06-12 17:12:45.418] [LAT] Path 8351: 1563.5µs (0.0GB/s)
  [2026-06-12 17:12:45.420] [LAT] Path 8351: 74.6µs (0.1GB/s)
  [2026-06-12 17:12:45.422] [LAT] Path 8351: 76.7µs (0.1GB/s)
  [2026-06-12 17:12:45.424] [LAT] Path 8351: 1408.4µs (0.0GB/s)
  [2026-06-12 17:12:45.426] [LAT] Path 8351: 94.4µs (0.0GB/s)
  [2026-06-12 17:12:45.443] [BW] Path 8351: 15320.3µs (8.8GB/s)
  [2026-06-12 17:12:46.461] [BW] Path 8351: 7616.6µs (17.6GB/s)
  [2026-06-12 17:12:46.476] [BW] Path 8351: 13321.2µs (10.1GB/s)
  [2026-06-12 17:12:46.484] [BW] Path 8351: 6977.8µs (19.2GB/s)
  [2026-06-12 17:12:46.496] [BW] Path 8351: 10020.6µs (13.4GB/s)
  [2026-06-12 17:12:46.505] [BW] Path 8351: 8029.3µs (16.7GB/s)
  [2026-06-12 17:12:46.522] [BW] Path 8351: 14682.7µs (9.1GB/s)
  [2026-06-12 17:12:46.531] [BW] Path 8351: 8072.5µs (16.6GB/s)
  [2026-06-12 17:12:46.548] [BW] Path 8351: 14998.6µs (8.9GB/s)
  [2026-06-12 17:12:46.549] [LAT] Path 8351: 79.9µs (0.1GB/s)
  [2026-06-12 17:12:46.551] [LAT] Path 8351: 76.7µs (0.1GB/s)
  [2026-06-12 17:12:47.562] [LAT] Path 1478: 103.2µs (0.0GB/s)
  [2026-06-12 17:12:47.566] [LAT] Path 1478: 2999.6µs (0.0GB/s)
  [2026-06-12 17:12:47.569] [LAT] Path 1478: 1419.1µs (0.0GB/s)
  [2026-06-12 17:12:47.571] [LAT] Path 1478: 75.0µs (0.1GB/s)
  [2026-06-12 17:12:47.572] [LAT] Path 1478: 78.1µs (0.1GB/s)
  [2026-06-12 17:12:47.575] [LAT] Path 1478: 1851.5µs (0.0GB/s)
  [2026-06-12 17:12:47.577] [LAT] Path 1478: 95.9µs (0.0GB/s)
  [2026-06-12 17:12:47.579] [LAT] Path 1478: 91.8µs (0.0GB/s)
  [2026-06-12 17:12:47.580] [LAT] Path 1478: 94.5µs (0.0GB/s)
  [2026-06-12 17:12:47.582] [LAT] Path 1478: 91.4µs (0.0GB/s)
  [2026-06-12 17:12:48.593] [LAT] Path 1478: 107.1µs (0.0GB/s)
  [2026-06-12 17:12:48.594] [LAT] Path 1478: 77.0µs (0.1GB/s)
  [2026-06-12 17:12:48.596] [LAT] Path 1478: 91.2µs (0.0GB/s)
  [2026-06-12 17:12:48.597] [LAT] Path 1478: 88.3µs (0.1GB/s)
  [2026-06-12 17:12:48.599] [LAT] Path 1478: 90.6µs (0.1GB/s)
  [2026-06-12 17:12:48.601] [LAT] Path 1478: 86.1µs (0.1GB/s)
  [2026-06-12 17:12:48.602] [LAT] Path 1478: 72.3µs (0.1GB/s)
  [2026-06-12 17:12:48.604] [LAT] Path 1478: 77.5µs (0.1GB/s)
  [2026-06-12 17:12:48.605] [LAT] Path 1478: 80.4µs (0.1GB/s)
  [2026-06-12 17:12:48.607] [LAT] Path 1478: 74.6µs (0.1GB/s)
  [2026-06-12 17:12:49.627] [BW] Path 1478: 9478.1µs (14.2GB/s)
  [2026-06-12 17:12:49.636] [BW] Path 1478: 7553.8µs (17.8GB/s)
  [2026-06-12 17:12:49.648] [BW] Path 1478: 10384.0µs (12.9GB/s)
  [2026-06-12 17:12:49.659] [BW] Path 1478: 9640.5µs (13.9GB/s)
  [2026-06-12 17:12:49.679] [BW] Path 1478: 18674.2µs (7.2GB/s)
  [2026-06-12 17:12:49.681] [LAT] Path 1478: 82.2µs (0.1GB/s)
  [2026-06-12 17:12:49.687] [LAT] Path 1478: 5053.1µs (0.0GB/s)
  [2026-06-12 17:12:49.689] [LAT] Path 1478: 785.8µs (0.0GB/s)
  [2026-06-12 17:12:49.691] [LAT] Path 1478: 90.6µs (0.1GB/s)
  [2026-06-12 17:12:49.693] [LAT] Path 1478: 89.7µs (0.1GB/s)
  [2026-06-12 17:12:50.708] [LAT] Path 1478: 5208.8µs (0.0GB/s)
  [2026-06-12 17:12:50.710] [LAT] Path 1478: 100.6µs (0.0GB/s)
  [2026-06-12 17:12:50.711] [LAT] Path 1478: 94.9µs (0.0GB/s)
  [2026-06-12 17:12:50.713] [LAT] Path 1478: 92.6µs (0.0GB/s)
  [2026-06-12 17:12:50.714] [LAT] Path 1478: 91.6µs (0.0GB/s)
  [2026-06-12 17:12:50.716] [LAT] Path 1478: 69.7µs (0.1GB/s)
  [2026-06-12 17:12:50.717] [LAT] Path 1478: 76.0µs (0.1GB/s)
  [2026-06-12 17:12:50.719] [LAT] Path 1478: 73.5µs (0.1GB/s)
  [2026-06-12 17:12:50.721] [LAT] Path 1478: 75.1µs (0.1GB/s)
  [2026-06-12 17:12:50.722] [LAT] Path 1478: 75.8µs (0.1GB/s)
  [2026-06-12 17:12:51.733] [LAT] Path 8351: 143.3µs (0.0GB/s)
  [2026-06-12 17:12:51.735] [LAT] Path 8351: 92.5µs (0.0GB/s)
  [2026-06-12 17:12:51.737] [LAT] Path 8351: 89.4µs (0.1GB/s)
  [2026-06-12 17:12:51.738] [LAT] Path 8351: 88.9µs (0.1GB/s)
  [2026-06-12 17:12:51.740] [LAT] Path 8351: 88.5µs (0.1GB/s)
  [2026-06-12 17:12:51.741] [LAT] Path 8351: 78.2µs (0.1GB/s)
  [2026-06-12 17:12:51.750] [BW] Path 8351: 7010.7µs (19.1GB/s)
  [2026-06-12 17:12:51.760] [BW] Path 8351: 9259.2µs (14.5GB/s)
  [2026-06-12 17:12:51.770] [BW] Path 8351: 7987.3µs (16.8GB/s)
  [2026-06-12 17:12:51.782] [BW] Path 8351: 10405.1µs (12.9GB/s)
  [2026-06-12 17:12:52.807] [BW] Path 8351: 15466.7µs (8.7GB/s)
  [2026-06-12 17:12:52.819] [BW] Path 8351: 9708.1µs (13.8GB/s)
  [2026-06-12 17:12:52.833] [BW] Path 8351: 12800.6µs (10.5GB/s)
  [2026-06-12 17:12:52.842] [BW] Path 8351: 7899.9µs (17.0GB/s)
  [2026-06-12 17:12:52.854] [BW] Path 8351: 10245.7µs (13.1GB/s)
  [2026-06-12 17:12:52.862] [BW] Path 8351: 6809.7µs (19.7GB/s)
  [2026-06-12 17:12:52.880] [BW] Path 8351: 16120.3µs (8.3GB/s)
  [2026-06-12 17:12:52.891] [BW] Path 8351: 9472.1µs (14.2GB/s)
  [2026-06-12 17:12:52.911] [BW] Path 8351: 18751.2µs (7.2GB/s)
  [2026-06-12 17:12:52.924] [BW] Path 8351: 11411.7µs (11.8GB/s)
  [2026-06-12 17:12:53.943] [BW] Path 8351: 7826.4µs (17.1GB/s)
  [2026-06-12 17:12:53.954] [BW] Path 8351: 9623.4µs (13.9GB/s)
  [2026-06-12 17:12:53.956] [LAT] Path 8351: 84.9µs (0.1GB/s)
  [2026-06-12 17:12:53.957] [LAT] Path 8351: 107.7µs (0.0GB/s)
  [2026-06-12 17:12:53.959] [LAT] Path 8351: 75.7µs (0.1GB/s)
  [2026-06-12 17:12:53.967] [LAT] Path 8351: 6550.2µs (0.0GB/s)
  [2026-06-12 17:12:53.969] [LAT] Path 8351: 702.3µs (0.0GB/s)
  [2026-06-12 17:12:53.971] [LAT] Path 8351: 90.6µs (0.1GB/s)
  [2026-06-12 17:12:53.972] [LAT] Path 8351: 93.2µs (0.0GB/s)
  [2026-06-12 17:12:53.975] [LAT] Path 8351: 949.4µs (0.0GB/s)
  [2026-06-12 17:12:54.986] [LAT] Path 1478: 110.1µs (0.0GB/s)
  [2026-06-12 17:12:54.987] [LAT] Path 1478: 76.7µs (0.1GB/s)
  [2026-06-12 17:12:54.992] [LAT] Path 1478: 3019.7µs (0.0GB/s)
  [2026-06-12 17:12:55.012] [BW] Path 1478: 18987.7µs (7.1GB/s)
  [2026-06-12 17:12:55.021] [BW] Path 1478: 7493.9µs (17.9GB/s)
  [2026-06-12 17:12:55.033] [BW] Path 1478: 10323.1µs (13.0GB/s)
  [2026-06-12 17:12:55.041] [BW] Path 1478: 6796.0µs (19.8GB/s)
  [2026-06-12 17:12:55.054] [BW] Path 1478: 11234.1µs (11.9GB/s)
  [2026-06-12 17:12:55.065] [BW] Path 1478: 9480.9µs (14.2GB/s)
  [2026-06-12 17:12:55.083] [BW] Path 1478: 16445.1µs (8.2GB/s)
  [2026-06-12 17:12:56.094] [LAT] Path 8351: 113.1µs (0.0GB/s)
  [2026-06-12 17:12:56.096] [LAT] Path 8351: 78.1µs (0.1GB/s)
  [2026-06-12 17:12:56.113] [BW] Path 8351: 15771.6µs (8.5GB/s)
  [2026-06-12 17:12:56.132] [BW] Path 8351: 17141.2µs (7.8GB/s)
  [2026-06-12 17:12:56.133] [LAT] Path 8351: 85.8µs (0.1GB/s)
  [2026-06-12 17:12:56.135] [LAT] Path 8351: 97.9µs (0.0GB/s)
  [2026-06-12 17:12:56.136] [LAT] Path 8351: 85.7µs (0.1GB/s)
  [2026-06-12 17:12:56.138] [LAT] Path 8351: 91.4µs (0.0GB/s)
  [2026-06-12 17:12:56.140] [LAT] Path 8351: 101.1µs (0.0GB/s)
  [2026-06-12 17:12:56.141] [LAT] Path 8351: 89.1µs (0.1GB/s)
  [2026-06-12 17:12:57.152] [LAT] Path 1478: 81.2µs (0.1GB/s)
  [2026-06-12 17:12:57.153] [LAT] Path 1478: 76.1µs (0.1GB/s)
  [2026-06-12 17:12:57.155] [LAT] Path 1478: 75.4µs (0.1GB/s)
  [2026-06-12 17:12:57.157] [LAT] Path 1478: 74.7µs (0.1GB/s)
  [2026-06-12 17:12:57.158] [LAT] Path 1478: 75.5µs (0.1GB/s)
  [2026-06-12 17:12:57.160] [LAT] Path 1478: 88.9µs (0.1GB/s)
  [2026-06-12 17:12:57.161] [LAT] Path 1478: 90.8µs (0.1GB/s)
  [2026-06-12 17:12:57.163] [LAT] Path 1478: 92.5µs (0.0GB/s)
  [2026-06-12 17:12:57.164] [LAT] Path 1478: 101.2µs (0.0GB/s)
  [2026-06-12 17:12:57.166] [LAT] Path 1478: 113.1µs (0.0GB/s)
  [2026-06-12 17:12:58.177] [LAT] Path 8351: 121.1µs (0.0GB/s)
  [2026-06-12 17:12:58.187] [BW] Path 8351: 8534.4µs (15.7GB/s)
  [2026-06-12 17:12:58.199] [BW] Path 8351: 10801.6µs (12.4GB/s)
  [2026-06-12 17:12:58.211] [BW] Path 8351: 10655.3µs (12.6GB/s)
  [2026-06-12 17:12:58.229] [BW] Path 8351: 16512.1µs (8.1GB/s)
  [2026-06-12 17:12:58.239] [BW] Path 8351: 7892.6µs (17.0GB/s)
  [2026-06-12 17:12:58.251] [BW] Path 8351: 10805.4µs (12.4GB/s)
  [2026-06-12 17:12:58.259] [BW] Path 8351: 6805.2µs (19.7GB/s)
  [2026-06-12 17:12:58.273] [BW] Path 8351: 12044.4µs (11.1GB/s)
  [2026-06-12 17:12:58.282] [BW] Path 8351: 7445.0µs (18.0GB/s)
  [2026-06-12 17:12:59.293] [LAT] Path 1478: 105.1µs (0.0GB/s)
  [2026-06-12 17:12:59.294] [LAT] Path 1478: 114.7µs (0.0GB/s)
  [2026-06-12 17:12:59.296] [LAT] Path 1478: 93.0µs (0.0GB/s)
  [2026-06-12 17:12:59.297] [LAT] Path 1478: 91.4µs (0.0GB/s)
  [2026-06-12 17:12:59.299] [LAT] Path 1478: 105.8µs (0.0GB/s)
  [2026-06-12 17:12:59.301] [LAT] Path 1478: 92.5µs (0.0GB/s)
  [2026-06-12 17:12:59.302] [LAT] Path 1478: 88.3µs (0.1GB/s)
  [2026-06-12 17:12:59.304] [LAT] Path 1478: 526.7µs (0.0GB/s)
  [2026-06-12 17:12:59.306] [LAT] Path 1478: 76.8µs (0.1GB/s)
  [2026-06-12 17:12:59.307] [LAT] Path 1478: 74.8µs (0.1GB/s)
  [2026-06-12 17:13:00.329] [BW] Path 8351: 11464.7µs (11.7GB/s)
  [2026-06-12 17:13:00.341] [BW] Path 8351: 9688.1µs (13.8GB/s)
  [2026-06-12 17:13:00.350] [BW] Path 8351: 7982.1µs (16.8GB/s)
  [2026-06-12 17:13:00.361] [BW] Path 8351: 9327.3µs (14.4GB/s)
  [2026-06-12 17:13:00.362] [LAT] Path 8351: 100.6µs (0.0GB/s)
  [2026-06-12 17:13:00.365] [LAT] Path 8351: 1162.0µs (0.0GB/s)
  [2026-06-12 17:13:00.367] [LAT] Path 8351: 75.5µs (0.1GB/s)
  [2026-06-12 17:13:00.368] [LAT] Path 8351: 76.8µs (0.1GB/s)
  [2026-06-12 17:13:00.370] [LAT] Path 8351: 77.0µs (0.1GB/s)
  [2026-06-12 17:13:00.383] [BW] Path 8351: 12072.5µs (11.1GB/s)
  [2026-06-12 17:13:01.394] [LAT] Path 1478: 122.7µs (0.0GB/s)
  [2026-06-12 17:13:01.396] [LAT] Path 1478: 84.0µs (0.1GB/s)
  [2026-06-12 17:13:01.398] [LAT] Path 1478: 85.8µs (0.1GB/s)
  [2026-06-12 17:13:01.399] [LAT] Path 1478: 76.0µs (0.1GB/s)
  [2026-06-12 17:13:01.401] [LAT] Path 1478: 75.2µs (0.1GB/s)
  [2026-06-12 17:13:01.402] [LAT] Path 1478: 75.0µs (0.1GB/s)
  [2026-06-12 17:13:01.404] [LAT] Path 1478: 73.5µs (0.1GB/s)
  [2026-06-12 17:13:01.406] [LAT] Path 1478: 77.8µs (0.1GB/s)
  [2026-06-12 17:13:01.407] [LAT] Path 1478: 88.5µs (0.1GB/s)
  [2026-06-12 17:13:01.409] [LAT] Path 1478: 87.1µs (0.1GB/s)
  [2026-06-12 17:13:02.419] [LAT] Path 1478: 112.6µs (0.0GB/s)
  [2026-06-12 17:13:02.421] [LAT] Path 1478: 76.4µs (0.1GB/s)
  [2026-06-12 17:13:02.423] [LAT] Path 1478: 71.7µs (0.1GB/s)
  [2026-06-12 17:13:02.424] [LAT] Path 1478: 76.1µs (0.1GB/s)
  [2026-06-12 17:13:02.426] [LAT] Path 1478: 95.7µs (0.0GB/s)
  [2026-06-12 17:13:02.427] [LAT] Path 1478: 104.6µs (0.0GB/s)
  [2026-06-12 17:13:02.438] [LAT] Path 1478: 8813.9µs (0.0GB/s)
  [2026-06-12 17:13:02.439] [LAT] Path 1478: 79.7µs (0.1GB/s)
  [2026-06-12 17:13:02.441] [LAT] Path 1478: 75.8µs (0.1GB/s)
  [2026-06-12 17:13:02.442] [LAT] Path 1478: 75.3µs (0.1GB/s)
  [2026-06-12 17:13:03.465] [BW] Path 8351: 11832.4µs (11.3GB/s)
  [2026-06-12 17:13:03.466] [LAT] Path 8351: 80.3µs (0.1GB/s)
  [2026-06-12 17:13:03.468] [LAT] Path 8351: 75.6µs (0.1GB/s)
  [2026-06-12 17:13:03.470] [LAT] Path 8351: 73.7µs (0.1GB/s)
  [2026-06-12 17:13:03.471] [LAT] Path 8351: 94.6µs (0.0GB/s)
  [2026-06-12 17:13:03.473] [LAT] Path 8351: 94.9µs (0.0GB/s)
  [2026-06-12 17:13:03.474] [LAT] Path 8351: 92.5µs (0.0GB/s)
  [2026-06-12 17:13:03.476] [LAT] Path 8351: 94.3µs (0.0GB/s)
  [2026-06-12 17:13:03.477] [LAT] Path 8351: 78.8µs (0.1GB/s)
  [2026-06-12 17:13:03.486] [BW] Path 8351: 7015.2µs (19.1GB/s)
  [2026-06-12 17:13:04.511] [BW] Path 1478: 14511.5µs (9.2GB/s)
  [2026-06-12 17:13:04.522] [BW] Path 1478: 9545.7µs (14.1GB/s)
  [2026-06-12 17:13:04.534] [BW] Path 1478: 10125.7µs (13.3GB/s)
  [2026-06-12 17:13:04.542] [BW] Path 1478: 6794.3µs (19.8GB/s)
  [2026-06-12 17:13:04.556] [BW] Path 1478: 12032.3µs (11.2GB/s)
  [2026-06-12 17:13:04.557] [LAT] Path 1478: 82.5µs (0.1GB/s)
  [2026-06-12 17:13:04.559] [LAT] Path 1478: 74.9µs (0.1GB/s)
  [2026-06-12 17:13:04.561] [LAT] Path 1478: 74.2µs (0.1GB/s)
  [2026-06-12 17:13:04.562] [LAT] Path 1478: 73.6µs (0.1GB/s)
  [2026-06-12 17:13:04.564] [LAT] Path 1478: 73.6µs (0.1GB/s)
  [2026-06-12 17:13:05.596] [BW] Path 8351: 21640.8µs (6.2GB/s)
  [2026-06-12 17:13:05.606] [BW] Path 8351: 8417.6µs (15.9GB/s)
  [2026-06-12 17:13:05.607] [LAT] Path 8351: 79.9µs (0.1GB/s)
  [2026-06-12 17:13:05.609] [LAT] Path 8351: 78.8µs (0.1GB/s)
  [2026-06-12 17:13:05.610] [LAT] Path 8351: 98.6µs (0.0GB/s)
  [2026-06-12 17:13:05.612] [LAT] Path 8351: 93.7µs (0.0GB/s)
  [2026-06-12 17:13:05.614] [LAT] Path 8351: 91.8µs (0.0GB/s)
  [2026-06-12 17:13:05.615] [LAT] Path 8351: 94.5µs (0.0GB/s)
  [2026-06-12 17:13:05.617] [LAT] Path 8351: 77.3µs (0.1GB/s)
  [2026-06-12 17:13:05.618] [LAT] Path 8351: 74.3µs (0.1GB/s)
  [2026-06-12 17:13:06.629] [LAT] Path 1478: 80.4µs (0.1GB/s)
  [2026-06-12 17:13:06.631] [LAT] Path 1478: 75.5µs (0.1GB/s)
  [2026-06-12 17:13:06.632] [LAT] Path 1478: 92.9µs (0.0GB/s)
  [2026-06-12 17:13:06.634] [LAT] Path 1478: 90.5µs (0.1GB/s)
  [2026-06-12 17:13:06.635] [LAT] Path 1478: 87.1µs (0.1GB/s)
  [2026-06-12 17:13:06.637] [LAT] Path 1478: 87.6µs (0.1GB/s)
  [2026-06-12 17:13:06.639] [LAT] Path 1478: 80.5µs (0.1GB/s)
  [2026-06-12 17:13:06.640] [LAT] Path 1478: 76.0µs (0.1GB/s)
  [2026-06-12 17:13:06.645] [LAT] Path 1478: 3052.0µs (0.0GB/s)
  [2026-06-12 17:13:06.646] [LAT] Path 1478: 89.6µs (0.1GB/s)
  [2026-06-12 17:13:07.657] [LAT] Path 1478: 370.4µs (0.0GB/s)
  [2026-06-12 17:13:07.659] [LAT] Path 1478: 87.4µs (0.1GB/s)
  [2026-06-12 17:13:07.660] [LAT] Path 1478: 86.1µs (0.1GB/s)
  [2026-06-12 17:13:07.663] [LAT] Path 1478: 1244.6µs (0.0GB/s)
  [2026-06-12 17:13:07.665] [LAT] Path 1478: 78.6µs (0.1GB/s)
  [2026-06-12 17:13:07.666] [LAT] Path 1478: 76.3µs (0.1GB/s)
  [2026-06-12 17:13:07.668] [LAT] Path 1478: 73.8µs (0.1GB/s)
  [2026-06-12 17:13:07.669] [LAT] Path 1478: 73.0µs (0.1GB/s)
  [2026-06-12 17:13:07.671] [LAT] Path 1478: 73.7µs (0.1GB/s)
  [2026-06-12 17:13:07.673] [LAT] Path 1478: 74.9µs (0.1GB/s)
  [2026-06-12 17:13:08.682] [LAT] Path 1478: 88.1µs (0.1GB/s)
  [2026-06-12 17:13:08.684] [LAT] Path 1478: 84.2µs (0.1GB/s)
  [2026-06-12 17:13:08.685] [LAT] Path 1478: 98.6µs (0.0GB/s)
  [2026-06-12 17:13:08.687] [LAT] Path 1478: 100.0µs (0.0GB/s)
  [2026-06-12 17:13:08.689] [LAT] Path 1478: 86.4µs (0.1GB/s)
  [2026-06-12 17:13:08.690] [LAT] Path 1478: 119.4µs (0.0GB/s)
  [2026-06-12 17:13:08.692] [LAT] Path 1478: 98.6µs (0.0GB/s)
  [2026-06-12 17:13:08.693] [LAT] Path 1478: 102.5µs (0.0GB/s)
  [2026-06-12 17:13:08.695] [LAT] Path 1478: 113.7µs (0.0GB/s)
  [2026-06-12 17:13:08.697] [LAT] Path 1478: 111.9µs (0.0GB/s)
  [2026-06-12 17:13:09.714] [BW] Path 8351: 7019.1µs (19.1GB/s)
  [2026-06-12 17:13:09.726] [BW] Path 8351: 10297.1µs (13.0GB/s)
  [2026-06-12 17:13:09.734] [BW] Path 8351: 6650.1µs (20.2GB/s)
  [2026-06-12 17:13:09.736] [LAT] Path 8351: 87.3µs (0.1GB/s)
  [2026-06-12 17:13:09.737] [LAT] Path 8351: 86.7µs (0.1GB/s)
  [2026-06-12 17:13:09.745] [LAT] Path 8351: 5970.7µs (0.0GB/s)
  [2026-06-12 17:13:09.756] [BW] Path 8351: 9598.9µs (14.0GB/s)
  [2026-06-12 17:13:09.774] [BW] Path 8351: 16986.1µs (7.9GB/s)
  [2026-06-12 17:13:09.783] [BW] Path 8351: 6881.7µs (19.5GB/s)
  [2026-06-12 17:13:09.794] [BW] Path 8351: 9372.0µs (14.3GB/s)
  [2026-06-12 17:13:10.805] [LAT] Path 8351: 118.7µs (0.0GB/s)
  [2026-06-12 17:13:10.807] [LAT] Path 8351: 799.2µs (0.0GB/s)
  [2026-06-12 17:13:10.812] [LAT] Path 8351: 3142.8µs (0.0GB/s)
  [2026-06-12 17:13:10.823] [BW] Path 8351: 9360.8µs (14.3GB/s)
  [2026-06-12 17:13:10.832] [BW] Path 8351: 7536.0µs (17.8GB/s)
  [2026-06-12 17:13:10.844] [BW] Path 8351: 10488.5µs (12.8GB/s)
  [2026-06-12 17:13:10.854] [BW] Path 8351: 8942.4µs (15.0GB/s)
  [2026-06-12 17:13:10.874] [BW] Path 8351: 18794.3µs (7.1GB/s)
  [2026-06-12 17:13:10.884] [BW] Path 8351: 8217.2µs (16.3GB/s)
  [2026-06-12 17:13:10.897] [BW] Path 8351: 11594.4µs (11.6GB/s)
  [2026-06-12 17:13:11.908] [LAT] Path 8351: 134.1µs (0.0GB/s)
  [2026-06-12 17:13:11.910] [LAT] Path 8351: 71.0µs (0.1GB/s)
  [2026-06-12 17:13:11.912] [LAT] Path 8351: 93.3µs (0.0GB/s)
  [2026-06-12 17:13:11.913] [LAT] Path 8351: 98.7µs (0.0GB/s)
  [2026-06-12 17:13:11.915] [LAT] Path 8351: 95.5µs (0.0GB/s)
  [2026-06-12 17:13:11.916] [LAT] Path 8351: 92.6µs (0.0GB/s)
  [2026-06-12 17:13:11.919] [LAT] Path 8351: 872.0µs (0.0GB/s)
  [2026-06-12 17:13:11.920] [LAT] Path 8351: 72.9µs (0.1GB/s)
  [2026-06-12 17:13:11.922] [LAT] Path 8351: 74.5µs (0.1GB/s)
  [2026-06-12 17:13:11.926] [LAT] Path 8351: 2418.8µs (0.0GB/s)
  [2026-06-12 17:13:12.936] [LAT] Path 8351: 117.3µs (0.0GB/s)
  [2026-06-12 17:13:12.938] [LAT] Path 8351: 87.9µs (0.1GB/s)
  [2026-06-12 17:13:12.940] [LAT] Path 8351: 86.9µs (0.1GB/s)
  [2026-06-12 17:13:12.941] [LAT] Path 8351: 85.6µs (0.1GB/s)
  [2026-06-12 17:13:12.943] [LAT] Path 8351: 75.5µs (0.1GB/s)
  [2026-06-12 17:13:12.944] [LAT] Path 8351: 75.0µs (0.1GB/s)
  [2026-06-12 17:13:12.954] [BW] Path 8351: 8103.3µs (16.6GB/s)
  [2026-06-12 17:13:12.963] [BW] Path 8351: 8171.3µs (16.4GB/s)
  [2026-06-12 17:13:12.977] [BW] Path 8351: 12150.0µs (11.1GB/s)
  [2026-06-12 17:13:12.986] [BW] Path 8351: 7648.8µs (17.6GB/s)
  [2026-06-12 17:13:13.997] [LAT] Path 1478: 127.3µs (0.0GB/s)
  [2026-06-12 17:13:13.999] [LAT] Path 1478: 78.8µs (0.1GB/s)
  [2026-06-12 17:13:14.000] [LAT] Path 1478: 75.0µs (0.1GB/s)
  [2026-06-12 17:13:14.002] [LAT] Path 1478: 75.4µs (0.1GB/s)
  [2026-06-12 17:13:14.004] [LAT] Path 1478: 73.2µs (0.1GB/s)
  [2026-06-12 17:13:14.005] [LAT] Path 1478: 72.3µs (0.1GB/s)
  [2026-06-12 17:13:14.007] [LAT] Path 1478: 73.2µs (0.1GB/s)
  [2026-06-12 17:13:14.008] [LAT] Path 1478: 88.6µs (0.1GB/s)
  [2026-06-12 17:13:14.010] [LAT] Path 1478: 110.2µs (0.0GB/s)
  [2026-06-12 17:13:14.011] [LAT] Path 1478: 82.5µs (0.1GB/s)
  [2026-06-12 17:13:15.038] [BW] Path 8351: 15853.5µs (8.5GB/s)
  [2026-06-12 17:13:15.047] [BW] Path 8351: 7782.4µs (17.2GB/s)
  [2026-06-12 17:13:15.049] [LAT] Path 8351: 78.9µs (0.1GB/s)
  [2026-06-12 17:13:15.051] [LAT] Path 8351: 708.0µs (0.0GB/s)
  [2026-06-12 17:13:15.053] [LAT] Path 8351: 820.0µs (0.0GB/s)
  [2026-06-12 17:13:15.055] [LAT] Path 8351: 91.5µs (0.0GB/s)
  [2026-06-12 17:13:15.056] [LAT] Path 8351: 86.0µs (0.1GB/s)
  [2026-06-12 17:13:15.059] [LAT] Path 8351: 798.0µs (0.0GB/s)
  [2026-06-12 17:13:15.060] [LAT] Path 8351: 77.5µs (0.1GB/s)
  [2026-06-12 17:13:15.062] [LAT] Path 8351: 75.1µs (0.1GB/s)
  [2026-06-12 17:13:16.072] [LAT] Path 1478: 174.9µs (0.0GB/s)
  [2026-06-12 17:13:16.074] [LAT] Path 1478: 76.7µs (0.1GB/s)
  [2026-06-12 17:13:16.075] [LAT] Path 1478: 79.1µs (0.1GB/s)
  [2026-06-12 17:13:16.077] [LAT] Path 1478: 87.7µs (0.1GB/s)
  [2026-06-12 17:13:16.079] [LAT] Path 1478: 84.2µs (0.1GB/s)
  [2026-06-12 17:13:16.089] [BW] Path 1478: 8665.0µs (15.5GB/s)
  [2026-06-12 17:13:16.092] [LAT] Path 1478: 1992.6µs (0.0GB/s)
  [2026-06-12 17:13:16.094] [LAT] Path 1478: 82.3µs (0.1GB/s)
  [2026-06-12 17:13:16.095] [LAT] Path 1478: 87.7µs (0.1GB/s)
  [2026-06-12 17:13:16.109] [BW] Path 1478: 11566.1µs (11.6GB/s)
  [2026-06-12 17:13:17.127] [BW] Path 1478: 8219.7µs (16.3GB/s)
  [2026-06-12 17:13:17.147] [BW] Path 1478: 17924.2µs (7.5GB/s)
  [2026-06-12 17:13:17.156] [BW] Path 1478: 7896.8µs (17.0GB/s)
  [2026-06-12 17:13:17.167] [BW] Path 1478: 9084.9µs (14.8GB/s)
  [2026-06-12 17:13:17.168] [LAT] Path 1478: 77.8µs (0.1GB/s)
  [2026-06-12 17:13:17.170] [LAT] Path 1478: 218.9µs (0.0GB/s)
  [2026-06-12 17:13:17.172] [LAT] Path 1478: 603.2µs (0.0GB/s)
  [2026-06-12 17:13:17.174] [LAT] Path 1478: 87.0µs (0.1GB/s)
  [2026-06-12 17:13:17.175] [LAT] Path 1478: 89.6µs (0.1GB/s)
  [2026-06-12 17:13:17.178] [LAT] Path 1478: 1023.9µs (0.0GB/s)
  [2026-06-12 17:13:18.189] [LAT] Path 1478: 116.8µs (0.0GB/s)
  [2026-06-12 17:13:18.190] [LAT] Path 1478: 77.3µs (0.1GB/s)
  [2026-06-12 17:13:18.192] [LAT] Path 1478: 75.3µs (0.1GB/s)
  [2026-06-12 17:13:18.193] [LAT] Path 1478: 75.0µs (0.1GB/s)
  [2026-06-12 17:13:18.195] [LAT] Path 1478: 72.8µs (0.1GB/s)
  [2026-06-12 17:13:18.197] [LAT] Path 1478: 74.0µs (0.1GB/s)
  [2026-06-12 17:13:18.198] [LAT] Path 1478: 74.4µs (0.1GB/s)
  [2026-06-12 17:13:18.200] [LAT] Path 1478: 88.7µs (0.1GB/s)
  [2026-06-12 17:13:18.201] [LAT] Path 1478: 121.2µs (0.0GB/s)
  [2026-06-12 17:13:18.203] [LAT] Path 1478: 106.4µs (0.0GB/s)
  [2026-06-12 17:13:19.213] [LAT] Path 1478: 81.8µs (0.1GB/s)
  [2026-06-12 17:13:19.215] [LAT] Path 1478: 75.3µs (0.1GB/s)
  [2026-06-12 17:13:19.217] [LAT] Path 1478: 75.1µs (0.1GB/s)
  [2026-06-12 17:13:19.219] [LAT] Path 1478: 1067.0µs (0.0GB/s)
  [2026-06-12 17:13:19.221] [LAT] Path 1478: 87.0µs (0.1GB/s)
  [2026-06-12 17:13:19.222] [LAT] Path 1478: 86.0µs (0.1GB/s)
  [2026-06-12 17:13:19.224] [LAT] Path 1478: 73.9µs (0.1GB/s)
  [2026-06-12 17:13:19.226] [LAT] Path 1478: 75.7µs (0.1GB/s)
  [2026-06-12 17:13:19.227] [LAT] Path 1478: 73.3µs (0.1GB/s)
  [2026-06-12 17:13:19.238] [BW] Path 1478: 9776.4µs (13.7GB/s)
  [2026-06-12 17:13:20.249] [LAT] Path 8351: 125.9µs (0.0GB/s)
  [2026-06-12 17:13:20.251] [LAT] Path 8351: 576.2µs (0.0GB/s)
  [2026-06-12 17:13:20.271] [BW] Path 8351: 18750.2µs (7.2GB/s)
  [2026-06-12 17:13:20.280] [BW] Path 8351: 7030.8µs (19.1GB/s)
  [2026-06-12 17:13:20.292] [BW] Path 8351: 10795.2µs (12.4GB/s)
  [2026-06-12 17:13:20.300] [BW] Path 8351: 6796.2µs (19.8GB/s)
  [2026-06-12 17:13:20.313] [BW] Path 8351: 11282.5µs (11.9GB/s)
  [2026-06-12 17:13:20.315] [LAT] Path 8351: 79.7µs (0.1GB/s)
  [2026-06-12 17:13:20.316] [LAT] Path 8351: 75.6µs (0.1GB/s)
  [2026-06-12 17:13:20.318] [LAT] Path 8351: 77.3µs (0.1GB/s)
  [2026-06-12 17:13:21.330] [LAT] Path 8351: 1583.0µs (0.0GB/s)
  [2026-06-12 17:13:21.331] [LAT] Path 8351: 93.8µs (0.0GB/s)
  [2026-06-12 17:13:21.333] [LAT] Path 8351: 88.7µs (0.1GB/s)
  [2026-06-12 17:13:21.335] [LAT] Path 8351: 87.4µs (0.1GB/s)
  [2026-06-12 17:13:21.336] [LAT] Path 8351: 90.7µs (0.1GB/s)
  [2026-06-12 17:13:21.338] [LAT] Path 8351: 78.7µs (0.1GB/s)
  [2026-06-12 17:13:21.339] [LAT] Path 8351: 77.0µs (0.1GB/s)
  [2026-06-12 17:13:21.341] [LAT] Path 8351: 78.8µs (0.1GB/s)
  [2026-06-12 17:13:21.343] [LAT] Path 8351: 78.8µs (0.1GB/s)
  [2026-06-12 17:13:21.344] [LAT] Path 8351: 80.0µs (0.1GB/s)
  [2026-06-12 17:13:22.365] [BW] Path 1478: 10625.9µs (12.6GB/s)
  [2026-06-12 17:13:22.373] [BW] Path 1478: 6628.6µs (20.2GB/s)
  [2026-06-12 17:13:22.388] [BW] Path 1478: 13431.3µs (10.0GB/s)
  [2026-06-12 17:13:22.397] [BW] Path 1478: 7544.6µs (17.8GB/s)
  [2026-06-12 17:13:22.399] [LAT] Path 1478: 91.3µs (0.0GB/s)
  [2026-06-12 17:13:22.403] [LAT] Path 1478: 2535.6µs (0.0GB/s)
  [2026-06-12 17:13:22.406] [LAT] Path 1478: 1735.6µs (0.0GB/s)
  [2026-06-12 17:13:22.408] [LAT] Path 1478: 76.3µs (0.1GB/s)
  [2026-06-12 17:13:22.410] [LAT] Path 1478: 70.6µs (0.1GB/s)
  [2026-06-12 17:13:22.422] [BW] Path 1478: 10948.3µs (12.3GB/s)
  [2026-06-12 17:13:23.443] [BW] Path 8351: 10139.7µs (13.2GB/s)
  [2026-06-12 17:13:23.451] [BW] Path 8351: 6838.5µs (19.6GB/s)
  [2026-06-12 17:13:23.469] [BW] Path 8351: 15731.0µs (8.5GB/s)
  [2026-06-12 17:13:23.470] [LAT] Path 8351: 80.8µs (0.1GB/s)
  [2026-06-12 17:13:23.472] [LAT] Path 8351: 77.3µs (0.1GB/s)
  [2026-06-12 17:13:23.473] [LAT] Path 8351: 75.7µs (0.1GB/s)
  [2026-06-12 17:13:23.475] [LAT] Path 8351: 75.3µs (0.1GB/s)
  [2026-06-12 17:13:23.477] [LAT] Path 8351: 75.1µs (0.1GB/s)
  [2026-06-12 17:13:23.478] [LAT] Path 8351: 77.2µs (0.1GB/s)
  [2026-06-12 17:13:23.481] [LAT] Path 8351: 1410.8µs (0.0GB/s)
  [2026-06-12 17:13:24.492] [LAT] Path 8351: 97.5µs (0.0GB/s)
  [2026-06-12 17:13:24.493] [LAT] Path 8351: 95.4µs (0.0GB/s)
  [2026-06-12 17:13:24.508] [BW] Path 8351: 13477.8µs (10.0GB/s)
  [2026-06-12 17:13:24.517] [BW] Path 8351: 6728.6µs (19.9GB/s)
  [2026-06-12 17:13:24.518] [LAT] Path 8351: 92.5µs (0.0GB/s)
  [2026-06-12 17:13:24.520] [LAT] Path 8351: 170.7µs (0.0GB/s)
  [2026-06-12 17:13:24.521] [LAT] Path 8351: 88.0µs (0.1GB/s)
  [2026-06-12 17:13:24.523] [LAT] Path 8351: 88.1µs (0.1GB/s)
  [2026-06-12 17:13:24.525] [LAT] Path 8351: 72.5µs (0.1GB/s)
  [2026-06-12 17:13:24.526] [LAT] Path 8351: 75.8µs (0.1GB/s)
  [2026-06-12 17:13:25.546] [BW] Path 8351: 9744.8µs (13.8GB/s)
  [2026-06-12 17:13:25.548] [LAT] Path 8351: 81.5µs (0.1GB/s)
  [2026-06-12 17:13:25.559] [BW] Path 8351: 9977.4µs (13.4GB/s)
  [2026-06-12 17:13:25.570] [BW] Path 8351: 9167.4µs (14.6GB/s)
  [2026-06-12 17:13:25.586] [BW] Path 8351: 14107.4µs (9.5GB/s)
  [2026-06-12 17:13:25.598] [BW] Path 8351: 10918.1µs (12.3GB/s)
  [2026-06-12 17:13:25.610] [BW] Path 8351: 10125.5µs (13.3GB/s)
  [2026-06-12 17:13:25.618] [BW] Path 8351: 6907.7µs (19.4GB/s)
  [2026-06-12 17:13:25.631] [BW] Path 8351: 11001.6µs (12.2GB/s)
  [2026-06-12 17:13:25.640] [BW] Path 8351: 7938.2µs (16.9GB/s)
  [2026-06-12 17:13:26.669] [BW] Path 8351: 17269.4µs (7.8GB/s)
  [2026-06-12 17:13:26.678] [BW] Path 8351: 8186.4µs (16.4GB/s)
  [2026-06-12 17:13:26.684] [LAT] Path 8351: 4064.5µs (0.0GB/s)
  [2026-06-12 17:13:26.685] [LAT] Path 8351: 81.1µs (0.1GB/s)
  [2026-06-12 17:13:26.687] [LAT] Path 8351: 75.2µs (0.1GB/s)
  [2026-06-12 17:13:26.689] [LAT] Path 8351: 77.0µs (0.1GB/s)
  [2026-06-12 17:13:26.690] [LAT] Path 8351: 75.6µs (0.1GB/s)
  [2026-06-12 17:13:26.692] [LAT] Path 8351: 74.5µs (0.1GB/s)
  [2026-06-12 17:13:26.693] [LAT] Path 8351: 74.3µs (0.1GB/s)
  [2026-06-12 17:13:26.695] [LAT] Path 8351: 95.9µs (0.0GB/s)
  [2026-06-12 17:13:27.706] [LAT] Path 8351: 100.2µs (0.0GB/s)
  [2026-06-12 17:13:27.707] [LAT] Path 8351: 99.3µs (0.0GB/s)
  [2026-06-12 17:13:27.709] [LAT] Path 8351: 79.4µs (0.1GB/s)
  [2026-06-12 17:13:27.718] [BW] Path 8351: 7869.9µs (17.1GB/s)
  [2026-06-12 17:13:27.737] [BW] Path 8351: 16843.4µs (8.0GB/s)
  [2026-06-12 17:13:27.745] [BW] Path 8351: 7073.3µs (19.0GB/s)
  [2026-06-12 17:13:27.756] [BW] Path 8351: 9275.9µs (14.5GB/s)
  [2026-06-12 17:13:27.766] [BW] Path 8351: 8526.5µs (15.7GB/s)
  [2026-06-12 17:13:27.768] [LAT] Path 8351: 110.2µs (0.0GB/s)
  [2026-06-12 17:13:27.769] [LAT] Path 8351: 118.3µs (0.0GB/s)
  [2026-06-12 17:13:28.795] [BW] Path 8351: 14978.8µs (9.0GB/s)
  [2026-06-12 17:13:28.806] [BW] Path 8351: 9755.9µs (13.8GB/s)
  [2026-06-12 17:13:28.819] [BW] Path 8351: 11697.1µs (11.5GB/s)
  [2026-06-12 17:13:28.830] [BW] Path 8351: 8648.1µs (15.5GB/s)
  [2026-06-12 17:13:28.839] [BW] Path 8351: 8255.1µs (16.3GB/s)
  [2026-06-12 17:13:28.851] [BW] Path 8351: 9800.3µs (13.7GB/s)
  [2026-06-12 17:13:28.863] [BW] Path 8351: 11126.4µs (12.1GB/s)
  [2026-06-12 17:13:28.883] [BW] Path 8351: 18431.3µs (7.3GB/s)
  [2026-06-12 17:13:28.893] [BW] Path 8351: 7766.6µs (17.3GB/s)
  [2026-06-12 17:13:28.894] [LAT] Path 8351: 76.2µs (0.1GB/s)
  [2026-06-12 17:13:29.922] [BW] Path 1478: 16641.1µs (8.1GB/s)
  [2026-06-12 17:13:29.933] [BW] Path 1478: 9711.1µs (13.8GB/s)
  [2026-06-12 17:13:29.949] [BW] Path 1478: 14189.4µs (9.5GB/s)
  [2026-06-12 17:13:29.960] [BW] Path 1478: 9247.7µs (14.5GB/s)
  [2026-06-12 17:13:29.961] [LAT] Path 1478: 78.7µs (0.1GB/s)
  [2026-06-12 17:13:29.963] [LAT] Path 1478: 75.7µs (0.1GB/s)
  [2026-06-12 17:13:29.965] [LAT] Path 1478: 70.1µs (0.1GB/s)
  [2026-06-12 17:13:29.966] [LAT] Path 1478: 94.1µs (0.0GB/s)
  [2026-06-12 17:13:29.968] [LAT] Path 1478: 94.0µs (0.0GB/s)
  [2026-06-12 17:13:29.969] [LAT] Path 1478: 91.7µs (0.0GB/s)
  [2026-06-12 17:13:30.980] [LAT] Path 8351: 94.8µs (0.0GB/s)
  [2026-06-12 17:13:30.982] [LAT] Path 8351: 73.6µs (0.1GB/s)
  [2026-06-12 17:13:30.983] [LAT] Path 8351: 76.6µs (0.1GB/s)
  [2026-06-12 17:13:30.985] [LAT] Path 8351: 76.2µs (0.1GB/s)
  [2026-06-12 17:13:30.995] [BW] Path 8351: 8967.7µs (15.0GB/s)
  [2026-06-12 17:13:31.004] [BW] Path 8351: 7360.3µs (18.2GB/s)
  [2026-06-12 17:13:31.019] [BW] Path 8351: 13116.1µs (10.2GB/s)
  [2026-06-12 17:13:31.027] [BW] Path 8351: 6838.4µs (19.6GB/s)
  [2026-06-12 17:13:31.039] [BW] Path 8351: 10958.8µs (12.2GB/s)
  [2026-06-12 17:13:31.048] [BW] Path 8351: 6930.1µs (19.4GB/s)
  [2026-06-12 17:13:32.067] [BW] Path 8351: 8396.1µs (16.0GB/s)
  [2026-06-12 17:13:32.081] [BW] Path 8351: 13434.4µs (10.0GB/s)
  [2026-06-12 17:13:32.094] [BW] Path 8351: 10972.0µs (12.2GB/s)
  [2026-06-12 17:13:32.110] [BW] Path 8351: 14113.9µs (9.5GB/s)
  [2026-06-12 17:13:32.124] [BW] Path 8351: 13264.7µs (10.1GB/s)
  [2026-06-12 17:13:32.142] [BW] Path 8351: 16235.0µs (8.3GB/s)
  [2026-06-12 17:13:32.151] [BW] Path 8351: 7448.3µs (18.0GB/s)
  [2026-06-12 17:13:32.167] [BW] Path 8351: 14972.2µs (9.0GB/s)
  [2026-06-12 17:13:32.169] [LAT] Path 8351: 96.8µs (0.0GB/s)
  [2026-06-12 17:13:32.171] [LAT] Path 8351: 76.5µs (0.1GB/s)
  [2026-06-12 17:13:33.182] [LAT] Path 1478: 130.6µs (0.0GB/s)
  [2026-06-12 17:13:33.183] [LAT] Path 1478: 77.6µs (0.1GB/s)
  [2026-06-12 17:13:33.185] [LAT] Path 1478: 95.3µs (0.0GB/s)
  [2026-06-12 17:13:33.186] [LAT] Path 1478: 93.6µs (0.0GB/s)
  [2026-06-12 17:13:33.188] [LAT] Path 1478: 93.7µs (0.0GB/s)
  [2026-06-12 17:13:33.189] [LAT] Path 1478: 92.0µs (0.0GB/s)
  [2026-06-12 17:13:33.191] [LAT] Path 1478: 75.0µs (0.1GB/s)
  [2026-06-12 17:13:33.193] [LAT] Path 1478: 74.4µs (0.1GB/s)
  [2026-06-12 17:13:33.194] [LAT] Path 1478: 76.6µs (0.1GB/s)
  [2026-06-12 17:13:33.196] [LAT] Path 1478: 75.3µs (0.1GB/s)
  [2026-06-12 17:13:34.214] [BW] Path 8351: 7986.2µs (16.8GB/s)
  [2026-06-12 17:13:34.231] [BW] Path 8351: 15912.4µs (8.4GB/s)
  [2026-06-12 17:13:34.240] [BW] Path 8351: 7201.6µs (18.6GB/s)
  [2026-06-12 17:13:34.251] [BW] Path 8351: 9697.3µs (13.8GB/s)
  [2026-06-12 17:13:34.260] [BW] Path 8351: 7914.3µs (17.0GB/s)
  [2026-06-12 17:13:34.272] [BW] Path 8351: 10356.7µs (13.0GB/s)
  [2026-06-12 17:13:34.282] [BW] Path 8351: 8458.4µs (15.9GB/s)
  [2026-06-12 17:13:34.299] [BW] Path 8351: 14921.6µs (9.0GB/s)
  [2026-06-12 17:13:34.310] [BW] Path 8351: 9450.1µs (14.2GB/s)
  [2026-06-12 17:13:34.320] [BW] Path 8351: 9477.6µs (14.2GB/s)
  [2026-06-12 17:13:35.350] [BW] Path 8351: 19356.4µs (6.9GB/s)
  [2026-06-12 17:13:35.371] [BW] Path 8351: 19673.8µs (6.8GB/s)
  [2026-06-12 17:13:35.394] [BW] Path 8351: 21220.4µs (6.3GB/s)
  [2026-06-12 17:13:35.396] [LAT] Path 8351: 81.1µs (0.1GB/s)
  [2026-06-12 17:13:35.397] [LAT] Path 8351: 79.4µs (0.1GB/s)
  [2026-06-12 17:13:35.399] [LAT] Path 8351: 74.9µs (0.1GB/s)
  [2026-06-12 17:13:35.400] [LAT] Path 8351: 76.0µs (0.1GB/s)
  [2026-06-12 17:13:35.402] [LAT] Path 8351: 75.9µs (0.1GB/s)
  [2026-06-12 17:13:35.404] [LAT] Path 8351: 88.2µs (0.1GB/s)
  [2026-06-12 17:13:35.405] [LAT] Path 8351: 88.1µs (0.1GB/s)
  [2026-06-12 17:13:36.416] [LAT] Path 8351: 131.9µs (0.0GB/s)
  [2026-06-12 17:13:36.417] [LAT] Path 8351: 92.8µs (0.0GB/s)
  [2026-06-12 17:13:36.419] [LAT] Path 8351: 91.3µs (0.0GB/s)
  [2026-06-12 17:13:36.420] [LAT] Path 8351: 76.2µs (0.1GB/s)
  [2026-06-12 17:13:36.427] [LAT] Path 8351: 5686.7µs (0.0GB/s)
  [2026-06-12 17:13:36.430] [LAT] Path 8351: 756.8µs (0.0GB/s)
  [2026-06-12 17:13:36.431] [LAT] Path 8351: 93.5µs (0.0GB/s)
  [2026-06-12 17:13:36.433] [LAT] Path 8351: 91.6µs (0.0GB/s)
  [2026-06-12 17:13:36.435] [LAT] Path 8351: 802.3µs (0.0GB/s)
  [2026-06-12 17:13:36.443] [BW] Path 8351: 6542.6µs (20.5GB/s)
  [2026-06-12 17:13:37.460] [BW] Path 8351: 6552.4µs (20.5GB/s)
  [2026-06-12 17:13:37.472] [BW] Path 8351: 11034.4µs (12.2GB/s)
  [2026-06-12 17:13:37.481] [BW] Path 8351: 7081.2µs (18.9GB/s)
  [2026-06-12 17:13:37.493] [BW] Path 8351: 10749.4µs (12.5GB/s)
  [2026-06-12 17:13:37.501] [BW] Path 8351: 6806.0µs (19.7GB/s)
  [2026-06-12 17:13:37.522] [BW] Path 8351: 19434.2µs (6.9GB/s)
  [2026-06-12 17:13:37.533] [BW] Path 8351: 9631.2µs (13.9GB/s)
  [2026-06-12 17:13:37.547] [BW] Path 8351: 11723.6µs (11.4GB/s)
  [2026-06-12 17:13:37.556] [BW] Path 8351: 8018.8µs (16.7GB/s)
  [2026-06-12 17:13:37.558] [LAT] Path 8351: 89.7µs (0.1GB/s)
  [2026-06-12 17:13:38.571] [LAT] Path 1478: 2079.2µs (0.0GB/s)
  [2026-06-12 17:13:38.572] [LAT] Path 1478: 77.4µs (0.1GB/s)
  [2026-06-12 17:13:38.574] [LAT] Path 1478: 74.7µs (0.1GB/s)
  [2026-06-12 17:13:38.576] [LAT] Path 1478: 514.9µs (0.0GB/s)
  [2026-06-12 17:13:38.578] [LAT] Path 1478: 93.6µs (0.0GB/s)
  [2026-06-12 17:13:38.579] [LAT] Path 1478: 91.5µs (0.0GB/s)
  [2026-06-12 17:13:38.581] [LAT] Path 1478: 92.4µs (0.0GB/s)
  [2026-06-12 17:13:38.582] [LAT] Path 1478: 95.0µs (0.0GB/s)
  [2026-06-12 17:13:38.584] [LAT] Path 1478: 70.5µs (0.1GB/s)
  [2026-06-12 17:13:38.586] [LAT] Path 1478: 75.2µs (0.1GB/s)
  [2026-06-12 17:13:39.596] [LAT] Path 1478: 95.9µs (0.0GB/s)
  [2026-06-12 17:13:39.598] [LAT] Path 1478: 76.8µs (0.1GB/s)
  [2026-06-12 17:13:39.599] [LAT] Path 1478: 74.9µs (0.1GB/s)
  [2026-06-12 17:13:39.601] [LAT] Path 1478: 73.5µs (0.1GB/s)
  [2026-06-12 17:13:39.602] [LAT] Path 1478: 75.2µs (0.1GB/s)
  [2026-06-12 17:13:39.604] [LAT] Path 1478: 77.0µs (0.1GB/s)
  [2026-06-12 17:13:39.605] [LAT] Path 1478: 93.7µs (0.0GB/s)
  [2026-06-12 17:13:39.607] [LAT] Path 1478: 84.0µs (0.1GB/s)
  [2026-06-12 17:13:39.609] [LAT] Path 1478: 85.7µs (0.1GB/s)
  [2026-06-12 17:13:39.610] [LAT] Path 1478: 86.2µs (0.1GB/s)
  [2026-06-12 17:13:40.620] [LAT] Path 1478: 93.4µs (0.0GB/s)
  [2026-06-12 17:13:40.622] [LAT] Path 1478: 77.8µs (0.1GB/s)
  [2026-06-12 17:13:40.626] [LAT] Path 1478: 2223.7µs (0.0GB/s)
  [2026-06-12 17:13:40.627] [LAT] Path 1478: 77.2µs (0.1GB/s)
  [2026-06-12 17:13:40.629] [LAT] Path 1478: 76.7µs (0.1GB/s)
  [2026-06-12 17:13:40.631] [LAT] Path 1478: 108.5µs (0.0GB/s)
  [2026-06-12 17:13:40.632] [LAT] Path 1478: 98.1µs (0.0GB/s)
  [2026-06-12 17:13:40.634] [LAT] Path 1478: 85.7µs (0.1GB/s)
  [2026-06-12 17:13:40.635] [LAT] Path 1478: 95.2µs (0.0GB/s)
  [2026-06-12 17:13:40.637] [LAT] Path 1478: 94.1µs (0.0GB/s)
  [2026-06-12 17:13:41.647] [LAT] Path 1478: 95.0µs (0.0GB/s)
  [2026-06-12 17:13:41.649] [LAT] Path 1478: 100.6µs (0.0GB/s)
  [2026-06-12 17:13:41.650] [LAT] Path 1478: 98.8µs (0.0GB/s)
  [2026-06-12 17:13:41.652] [LAT] Path 1478: 93.5µs (0.0GB/s)
  [2026-06-12 17:13:41.654] [LAT] Path 1478: 77.8µs (0.1GB/s)
  [2026-06-12 17:13:41.655] [LAT] Path 1478: 74.3µs (0.1GB/s)
  [2026-06-12 17:13:41.657] [LAT] Path 1478: 75.2µs (0.1GB/s)
  [2026-06-12 17:13:41.658] [LAT] Path 1478: 75.3µs (0.1GB/s)
  [2026-06-12 17:13:41.660] [LAT] Path 1478: 77.0µs (0.1GB/s)
  [2026-06-12 17:13:41.661] [LAT] Path 1478: 77.7µs (0.1GB/s)
  [2026-06-12 17:13:42.672] [LAT] Path 1478: 154.1µs (0.0GB/s)
  [2026-06-12 17:13:42.674] [LAT] Path 1478: 77.7µs (0.1GB/s)
  [2026-06-12 17:13:42.676] [LAT] Path 1478: 76.5µs (0.1GB/s)
  [2026-06-12 17:13:42.677] [LAT] Path 1478: 74.7µs (0.1GB/s)
  [2026-06-12 17:13:42.679] [LAT] Path 1478: 89.0µs (0.1GB/s)
  [2026-06-12 17:13:42.680] [LAT] Path 1478: 87.1µs (0.1GB/s)
  [2026-06-12 17:13:42.685] [LAT] Path 1478: 3371.0µs (0.0GB/s)
  [2026-06-12 17:13:42.686] [LAT] Path 1478: 86.8µs (0.1GB/s)
  [2026-06-12 17:13:42.688] [LAT] Path 1478: 74.9µs (0.1GB/s)
  [2026-06-12 17:13:42.689] [LAT] Path 1478: 74.7µs (0.1GB/s)
  [2026-06-12 17:13:43.707] [BW] Path 1478: 6844.8µs (19.6GB/s)
  [2026-06-12 17:13:43.725] [BW] Path 1478: 17241.8µs (7.8GB/s)
  [2026-06-12 17:13:43.735] [BW] Path 1478: 8238.7µs (16.3GB/s)
  [2026-06-12 17:13:43.748] [BW] Path 1478: 11198.7µs (12.0GB/s)
  [2026-06-12 17:13:43.756] [BW] Path 1478: 6785.1µs (19.8GB/s)
  [2026-06-12 17:13:43.768] [BW] Path 1478: 10171.8µs (13.2GB/s)
  [2026-06-12 17:13:43.770] [LAT] Path 1478: 82.5µs (0.1GB/s)
  [2026-06-12 17:13:43.771] [LAT] Path 1478: 80.9µs (0.1GB/s)
  [2026-06-12 17:13:43.773] [LAT] Path 1478: 79.1µs (0.1GB/s)
  [2026-06-12 17:13:43.775] [LAT] Path 1478: 78.6µs (0.1GB/s)
  [2026-06-12 17:13:44.785] [LAT] Path 8351: 158.8µs (0.0GB/s)
  [2026-06-12 17:13:44.787] [LAT] Path 8351: 79.6µs (0.1GB/s)
  [2026-06-12 17:13:44.789] [LAT] Path 8351: 107.7µs (0.0GB/s)
  [2026-06-12 17:13:44.790] [LAT] Path 8351: 99.5µs (0.0GB/s)
  [2026-06-12 17:13:44.792] [LAT] Path 8351: 98.5µs (0.0GB/s)
  [2026-06-12 17:13:44.794] [LAT] Path 8351: 115.2µs (0.0GB/s)
  [2026-06-12 17:13:44.795] [LAT] Path 8351: 89.6µs (0.1GB/s)
  [2026-06-12 17:13:44.797] [LAT] Path 8351: 102.3µs (0.0GB/s)
  [2026-06-12 17:13:44.799] [LAT] Path 8351: 105.8µs (0.0GB/s)
  [2026-06-12 17:13:44.800] [LAT] Path 8351: 101.8µs (0.0GB/s)
  [2026-06-12 17:13:45.811] [LAT] Path 8351: 676.2µs (0.0GB/s)
  [2026-06-12 17:13:45.812] [LAT] Path 8351: 77.6µs (0.1GB/s)
  [2026-06-12 17:13:45.814] [LAT] Path 8351: 74.5µs (0.1GB/s)
  [2026-06-12 17:13:45.815] [LAT] Path 8351: 73.7µs (0.1GB/s)
  [2026-06-12 17:13:45.817] [LAT] Path 8351: 73.7µs (0.1GB/s)
  [2026-06-12 17:13:45.818] [LAT] Path 8351: 108.3µs (0.0GB/s)
  [2026-06-12 17:13:45.820] [LAT] Path 8351: 121.0µs (0.0GB/s)
  [2026-06-12 17:13:45.822] [LAT] Path 8351: 88.0µs (0.1GB/s)
  [2026-06-12 17:13:45.823] [LAT] Path 8351: 90.5µs (0.1GB/s)
  [2026-06-12 17:13:45.825] [LAT] Path 8351: 93.2µs (0.0GB/s)
  [2026-06-12 17:13:46.852] [BW] Path 8351: 17264.9µs (7.8GB/s)
  [2026-06-12 17:13:46.860] [BW] Path 8351: 6893.7µs (19.5GB/s)
  [2026-06-12 17:13:46.876] [BW] Path 8351: 13921.4µs (9.6GB/s)
  [2026-06-12 17:13:46.884] [BW] Path 8351: 7074.2µs (19.0GB/s)
  [2026-06-12 17:13:46.895] [BW] Path 8351: 9847.4µs (13.6GB/s)
  [2026-06-12 17:13:46.905] [BW] Path 8351: 8082.1µs (16.6GB/s)
  [2026-06-12 17:13:46.919] [BW] Path 8351: 12952.1µs (10.4GB/s)
  [2026-06-12 17:13:46.933] [BW] Path 8351: 12585.1µs (10.7GB/s)
  [2026-06-12 17:13:46.947] [BW] Path 8351: 12660.5µs (10.6GB/s)
  [2026-06-12 17:13:46.949] [LAT] Path 8351: 78.8µs (0.1GB/s)
  [2026-06-12 17:13:47.960] [LAT] Path 8351: 77.8µs (0.1GB/s)
  [2026-06-12 17:13:47.961] [LAT] Path 8351: 93.1µs (0.0GB/s)
  [2026-06-12 17:13:47.965] [LAT] Path 8351: 2659.4µs (0.0GB/s)
  [2026-06-12 17:13:47.968] [LAT] Path 8351: 616.1µs (0.0GB/s)
  [2026-06-12 17:13:47.969] [LAT] Path 8351: 78.0µs (0.1GB/s)
  [2026-06-12 17:13:47.971] [LAT] Path 8351: 77.6µs (0.1GB/s)
  [2026-06-12 17:13:47.973] [LAT] Path 8351: 465.0µs (0.0GB/s)
  [2026-06-12 17:13:47.974] [LAT] Path 8351: 91.9µs (0.0GB/s)
  [2026-06-12 17:13:47.976] [LAT] Path 8351: 95.9µs (0.0GB/s)
  [2026-06-12 17:13:47.978] [LAT] Path 8351: 95.7µs (0.0GB/s)
  [2026-06-12 17:13:48.988] [LAT] Path 8351: 131.9µs (0.0GB/s)
  [2026-06-12 17:13:48.990] [LAT] Path 8351: 95.3µs (0.0GB/s)
  [2026-06-12 17:13:48.991] [LAT] Path 8351: 96.8µs (0.0GB/s)
  [2026-06-12 17:13:48.993] [LAT] Path 8351: 70.2µs (0.1GB/s)
  [2026-06-12 17:13:48.994] [LAT] Path 8351: 77.1µs (0.1GB/s)
  [2026-06-12 17:13:48.996] [LAT] Path 8351: 75.0µs (0.1GB/s)
  [2026-06-12 17:13:48.998] [LAT] Path 8351: 74.4µs (0.1GB/s)
  [2026-06-12 17:13:48.999] [LAT] Path 8351: 75.2µs (0.1GB/s)
  [2026-06-12 17:13:49.010] [BW] Path 8351: 9684.2µs (13.9GB/s)
  [2026-06-12 17:13:49.019] [BW] Path 8351: 6709.0µs (20.0GB/s)
  [2026-06-12 17:13:50.032] [LAT] Path 1478: 3044.2µs (0.0GB/s)
  [2026-06-12 17:13:50.033] [LAT] Path 1478: 79.0µs (0.1GB/s)
  [2026-06-12 17:13:50.035] [LAT] Path 1478: 88.7µs (0.1GB/s)
  [2026-06-12 17:13:50.037] [LAT] Path 1478: 88.4µs (0.1GB/s)
  [2026-06-12 17:13:50.040] [LAT] Path 1478: 2238.5µs (0.0GB/s)
  [2026-06-12 17:13:50.042] [LAT] Path 1478: 77.2µs (0.1GB/s)
  [2026-06-12 17:13:50.044] [LAT] Path 1478: 75.2µs (0.1GB/s)
  [2026-06-12 17:13:50.045] [LAT] Path 1478: 74.4µs (0.1GB/s)
  [2026-06-12 17:13:50.047] [LAT] Path 1478: 72.7µs (0.1GB/s)
  [2026-06-12 17:13:50.048] [LAT] Path 1478: 90.8µs (0.1GB/s)
  [2026-06-12 17:13:51.082] [BW] Path 8351: 23505.8µs (5.7GB/s)
  [2026-06-12 17:13:51.084] [LAT] Path 8351: 73.7µs (0.1GB/s)
  [2026-06-12 17:13:51.085] [LAT] Path 8351: 76.0µs (0.1GB/s)
  [2026-06-12 17:13:51.087] [LAT] Path 8351: 75.0µs (0.1GB/s)
  [2026-06-12 17:13:51.088] [LAT] Path 8351: 74.9µs (0.1GB/s)
  [2026-06-12 17:13:51.090] [LAT] Path 8351: 73.9µs (0.1GB/s)
  [2026-06-12 17:13:51.091] [LAT] Path 8351: 77.5µs (0.1GB/s)
  [2026-06-12 17:13:51.093] [LAT] Path 8351: 69.0µs (0.1GB/s)
  [2026-06-12 17:13:51.095] [LAT] Path 8351: 114.0µs (0.0GB/s)
  [2026-06-12 17:13:51.096] [LAT] Path 8351: 95.3µs (0.0GB/s)
  [2026-06-12 17:13:52.107] [LAT] Path 8351: 179.1µs (0.0GB/s)
  [2026-06-12 17:13:52.109] [LAT] Path 8351: 106.2µs (0.0GB/s)
  [2026-06-12 17:13:52.120] [BW] Path 8351: 10307.2µs (13.0GB/s)
  [2026-06-12 17:13:52.141] [BW] Path 8351: 18813.3µs (7.1GB/s)
  [2026-06-12 17:13:52.149] [BW] Path 8351: 7235.0µs (18.6GB/s)
  [2026-06-12 17:13:52.161] [BW] Path 8351: 10484.7µs (12.8GB/s)
  [2026-06-12 17:13:52.169] [BW] Path 8351: 6715.0µs (20.0GB/s)
  [2026-06-12 17:13:52.183] [BW] Path 8351: 12371.5µs (10.8GB/s)
  [2026-06-12 17:13:52.191] [BW] Path 8351: 6728.5µs (19.9GB/s)
  [2026-06-12 17:13:52.203] [BW] Path 8351: 9587.8µs (14.0GB/s)
  [2026-06-12 17:13:53.213] [LAT] Path 1478: 112.7µs (0.0GB/s)
  [2026-06-12 17:13:53.215] [LAT] Path 1478: 80.2µs (0.1GB/s)
  [2026-06-12 17:13:53.217] [LAT] Path 1478: 76.2µs (0.1GB/s)
  [2026-06-12 17:13:53.218] [LAT] Path 1478: 75.1µs (0.1GB/s)
  [2026-06-12 17:13:53.220] [LAT] Path 1478: 74.9µs (0.1GB/s)
  [2026-06-12 17:13:53.221] [LAT] Path 1478: 75.1µs (0.1GB/s)
  [2026-06-12 17:13:53.223] [LAT] Path 1478: 68.2µs (0.1GB/s)
  [2026-06-12 17:13:53.224] [LAT] Path 1478: 96.8µs (0.0GB/s)
  [2026-06-12 17:13:53.226] [LAT] Path 1478: 94.7µs (0.0GB/s)
  [2026-06-12 17:13:53.227] [LAT] Path 1478: 92.9µs (0.0GB/s)
  [2026-06-12 17:13:54.252] [BW] Path 8351: 14336.1µs (9.4GB/s)
  [2026-06-12 17:13:54.260] [BW] Path 8351: 6611.1µs (20.3GB/s)
  [2026-06-12 17:13:54.262] [LAT] Path 8351: 112.4µs (0.0GB/s)
  [2026-06-12 17:13:54.263] [LAT] Path 8351: 92.0µs (0.0GB/s)
  [2026-06-12 17:13:54.265] [LAT] Path 8351: 94.1µs (0.0GB/s)
  [2026-06-12 17:13:54.267] [LAT] Path 8351: 78.8µs (0.1GB/s)
  [2026-06-12 17:13:54.268] [LAT] Path 8351: 82.9µs (0.1GB/s)
  [2026-06-12 17:13:54.270] [LAT] Path 8351: 82.3µs (0.1GB/s)
  [2026-06-12 17:13:54.272] [LAT] Path 8351: 79.1µs (0.1GB/s)
  [2026-06-12 17:13:54.273] [LAT] Path 8351: 86.9µs (0.1GB/s)
  [2026-06-12 17:13:55.285] [LAT] Path 8351: 1074.5µs (0.0GB/s)
  [2026-06-12 17:13:55.287] [LAT] Path 8351: 115.9µs (0.0GB/s)
  [2026-06-12 17:13:55.288] [LAT] Path 8351: 97.6µs (0.0GB/s)
  [2026-06-12 17:13:55.290] [LAT] Path 8351: 76.8µs (0.1GB/s)
  [2026-06-12 17:13:55.291] [LAT] Path 8351: 78.5µs (0.1GB/s)
  [2026-06-12 17:13:55.293] [LAT] Path 8351: 77.6µs (0.1GB/s)
  [2026-06-12 17:13:55.294] [LAT] Path 8351: 85.5µs (0.1GB/s)
  [2026-06-12 17:13:55.296] [LAT] Path 8351: 75.5µs (0.1GB/s)
  [2026-06-12 17:13:55.308] [BW] Path 8351: 10068.0µs (13.3GB/s)
  [2026-06-12 17:13:55.316] [BW] Path 8351: 6686.8µs (20.1GB/s)
  [2026-06-12 17:13:56.329] [LAT] Path 1478: 2543.8µs (0.0GB/s)
  [2026-06-12 17:13:56.330] [LAT] Path 1478: 76.0µs (0.1GB/s)
  [2026-06-12 17:13:56.332] [LAT] Path 1478: 92.0µs (0.0GB/s)
  [2026-06-12 17:13:56.333] [LAT] Path 1478: 95.0µs (0.0GB/s)
  [2026-06-12 17:13:56.338] [LAT] Path 1478: 2927.2µs (0.0GB/s)
  [2026-06-12 17:13:56.339] [LAT] Path 1478: 83.9µs (0.1GB/s)
  [2026-06-12 17:13:56.341] [LAT] Path 1478: 77.7µs (0.1GB/s)
  [2026-06-12 17:13:56.343] [LAT] Path 1478: 75.0µs (0.1GB/s)
  [2026-06-12 17:13:56.344] [LAT] Path 1478: 70.7µs (0.1GB/s)
  [2026-06-12 17:13:56.346] [LAT] Path 1478: 86.5µs (0.1GB/s)
  [2026-06-12 17:13:57.357] [LAT] Path 1478: 715.4µs (0.0GB/s)
  [2026-06-12 17:13:57.358] [LAT] Path 1478: 89.5µs (0.1GB/s)
  [2026-06-12 17:13:57.360] [LAT] Path 1478: 76.5µs (0.1GB/s)
  [2026-06-12 17:13:57.365] [LAT] Path 1478: 3103.0µs (0.0GB/s)
  [2026-06-12 17:13:57.366] [LAT] Path 1478: 112.6µs (0.0GB/s)
  [2026-06-12 17:13:57.368] [LAT] Path 1478: 92.5µs (0.0GB/s)
  [2026-06-12 17:13:57.370] [LAT] Path 1478: 94.6µs (0.0GB/s)
  [2026-06-12 17:13:57.371] [LAT] Path 1478: 108.5µs (0.0GB/s)
  [2026-06-12 17:13:57.373] [LAT] Path 1478: 94.2µs (0.0GB/s)
  [2026-06-12 17:13:57.374] [LAT] Path 1478: 97.0µs (0.0GB/s)
  [2026-06-12 17:13:58.385] [LAT] Path 1478: 137.8µs (0.0GB/s)
  [2026-06-12 17:13:58.387] [LAT] Path 1478: 77.5µs (0.1GB/s)
  [2026-06-12 17:13:58.388] [LAT] Path 1478: 91.4µs (0.0GB/s)
  [2026-06-12 17:13:58.390] [LAT] Path 1478: 88.8µs (0.1GB/s)
  [2026-06-12 17:13:58.392] [LAT] Path 1478: 90.5µs (0.1GB/s)
  [2026-06-12 17:13:58.393] [LAT] Path 1478: 86.6µs (0.1GB/s)
  [2026-06-12 17:13:58.395] [LAT] Path 1478: 76.1µs (0.1GB/s)
  [2026-06-12 17:13:58.396] [LAT] Path 1478: 74.0µs (0.1GB/s)
  [2026-06-12 17:13:58.398] [LAT] Path 1478: 74.6µs (0.1GB/s)
  [2026-06-12 17:13:58.399] [LAT] Path 1478: 74.2µs (0.1GB/s)
  [2026-06-12 17:13:59.418] [BW] Path 8351: 8365.1µs (16.1GB/s)
  [2026-06-12 17:13:59.431] [BW] Path 8351: 11006.6µs (12.2GB/s)
  [2026-06-12 17:13:59.448] [BW] Path 8351: 15498.1µs (8.7GB/s)
  [2026-06-12 17:13:59.458] [BW] Path 8351: 8985.1µs (14.9GB/s)
  [2026-06-12 17:13:59.470] [BW] Path 8351: 9985.7µs (13.4GB/s)
  [2026-06-12 17:13:59.479] [BW] Path 8351: 8036.4µs (16.7GB/s)
  [2026-06-12 17:13:59.491] [BW] Path 8351: 9974.6µs (13.5GB/s)
  [2026-06-12 17:13:59.499] [BW] Path 8351: 7078.3µs (19.0GB/s)
  [2026-06-12 17:13:59.519] [BW] Path 8351: 18090.9µs (7.4GB/s)
  [2026-06-12 17:13:59.530] [BW] Path 8351: 9739.6µs (13.8GB/s)
  [2026-06-12 17:14:00.541] [LAT] Path 1478: 95.2µs (0.0GB/s)
  [2026-06-12 17:14:00.543] [LAT] Path 1478: 77.8µs (0.1GB/s)
  [2026-06-12 17:14:00.544] [LAT] Path 1478: 76.3µs (0.1GB/s)
  [2026-06-12 17:14:00.546] [LAT] Path 1478: 76.4µs (0.1GB/s)
  [2026-06-12 17:14:00.547] [LAT] Path 1478: 78.4µs (0.1GB/s)
  [2026-06-12 17:14:00.549] [LAT] Path 1478: 79.2µs (0.1GB/s)
  [2026-06-12 17:14:00.550] [LAT] Path 1478: 77.5µs (0.1GB/s)
  [2026-06-12 17:14:00.552] [LAT] Path 1478: 93.5µs (0.0GB/s)
  [2026-06-12 17:14:00.554] [LAT] Path 1478: 87.4µs (0.1GB/s)
  [2026-06-12 17:14:00.555] [LAT] Path 1478: 87.9µs (0.1GB/s)
  [2026-06-12 17:14:01.566] [LAT] Path 8351: 134.3µs (0.0GB/s)
  [2026-06-12 17:14:01.568] [LAT] Path 8351: 79.5µs (0.1GB/s)
  [2026-06-12 17:14:01.569] [LAT] Path 8351: 74.9µs (0.1GB/s)
  [2026-06-12 17:14:01.571] [LAT] Path 8351: 74.7µs (0.1GB/s)
  [2026-06-12 17:14:01.572] [LAT] Path 8351: 73.0µs (0.1GB/s)
  [2026-06-12 17:14:01.574] [LAT] Path 8351: 73.5µs (0.1GB/s)
  [2026-06-12 17:14:01.576] [LAT] Path 8351: 75.3µs (0.1GB/s)
  [2026-06-12 17:14:01.577] [LAT] Path 8351: 96.5µs (0.0GB/s)
  [2026-06-12 17:14:01.579] [LAT] Path 8351: 94.2µs (0.0GB/s)
  [2026-06-12 17:14:01.591] [BW] Path 8351: 11181.3µs (12.0GB/s)
  [2026-06-12 17:14:02.611] [BW] Path 8351: 9171.4µs (14.6GB/s)
  [2026-06-12 17:14:02.622] [BW] Path 8351: 8811.0µs (15.2GB/s)
  [2026-06-12 17:14:02.632] [BW] Path 8351: 9206.6µs (14.6GB/s)
  [2026-06-12 17:14:02.641] [BW] Path 8351: 7696.4µs (17.4GB/s)
  [2026-06-12 17:14:02.658] [BW] Path 8351: 15249.7µs (8.8GB/s)
  [2026-06-12 17:14:02.668] [BW] Path 8351: 8023.9µs (16.7GB/s)
  [2026-06-12 17:14:02.686] [BW] Path 8351: 16489.7µs (8.1GB/s)
  [2026-06-12 17:14:02.694] [BW] Path 8351: 6798.4µs (19.7GB/s)
  [2026-06-12 17:14:02.696] [LAT] Path 8351: 310.6µs (0.0GB/s)
  [2026-06-12 17:14:02.707] [BW] Path 8351: 10060.6µs (13.3GB/s)
  [2026-06-12 17:14:03.718] [LAT] Path 1478: 133.4µs (0.0GB/s)
  [2026-06-12 17:14:03.720] [LAT] Path 1478: 85.4µs (0.1GB/s)
  [2026-06-12 17:14:03.722] [LAT] Path 1478: 77.6µs (0.1GB/s)
  [2026-06-12 17:14:03.723] [LAT] Path 1478: 76.6µs (0.1GB/s)
  [2026-06-12 17:14:03.725] [LAT] Path 1478: 74.7µs (0.1GB/s)
  [2026-06-12 17:14:03.726] [LAT] Path 1478: 74.2µs (0.1GB/s)
  [2026-06-12 17:14:03.728] [LAT] Path 1478: 95.3µs (0.0GB/s)
  [2026-06-12 17:14:03.730] [LAT] Path 1478: 96.0µs (0.0GB/s)
  [2026-06-12 17:14:03.731] [LAT] Path 1478: 93.8µs (0.0GB/s)
  [2026-06-12 17:14:03.733] [LAT] Path 1478: 96.0µs (0.0GB/s)
  [2026-06-12 17:14:04.744] [LAT] Path 1478: 112.2µs (0.0GB/s)
  [2026-06-12 17:14:04.745] [LAT] Path 1478: 79.7µs (0.1GB/s)
  [2026-06-12 17:14:04.747] [LAT] Path 1478: 75.8µs (0.1GB/s)
  [2026-06-12 17:14:04.748] [LAT] Path 1478: 75.7µs (0.1GB/s)
  [2026-06-12 17:14:04.750] [LAT] Path 1478: 76.5µs (0.1GB/s)
  [2026-06-12 17:14:04.752] [LAT] Path 1478: 325.8µs (0.0GB/s)
  [2026-06-12 17:14:04.753] [LAT] Path 1478: 87.0µs (0.1GB/s)
  [2026-06-12 17:14:04.755] [LAT] Path 1478: 87.4µs (0.1GB/s)
  [2026-06-12 17:14:04.758] [LAT] Path 1478: 1250.6µs (0.0GB/s)
  [2026-06-12 17:14:04.759] [LAT] Path 1478: 78.3µs (0.1GB/s)
  [2026-06-12 17:14:05.776] [BW] Path 8351: 6782.5µs (19.8GB/s)
  [2026-06-12 17:14:05.789] [BW] Path 8351: 10959.8µs (12.2GB/s)
  [2026-06-12 17:14:05.802] [BW] Path 8351: 11834.3µs (11.3GB/s)
  [2026-06-12 17:14:05.819] [BW] Path 8351: 14829.6µs (9.1GB/s)
  [2026-06-12 17:14:05.832] [BW] Path 8351: 11741.4µs (11.4GB/s)
  [2026-06-12 17:14:05.842] [BW] Path 8351: 8258.8µs (16.2GB/s)
  [2026-06-12 17:14:05.853] [BW] Path 8351: 10133.6µs (13.2GB/s)
  [2026-06-12 17:14:05.855] [LAT] Path 8351: 92.1µs (0.0GB/s)
  [2026-06-12 17:14:05.863] [BW] Path 8351: 6945.7µs (19.3GB/s)
  [2026-06-12 17:14:05.882] [BW] Path 8351: 16734.4µs (8.0GB/s)
  [2026-06-12 17:14:06.894] [LAT] Path 8351: 1477.6µs (0.0GB/s)
  [2026-06-12 17:14:06.896] [LAT] Path 8351: 92.2µs (0.0GB/s)
  [2026-06-12 17:14:06.912] [BW] Path 8351: 15295.2µs (8.8GB/s)
  [2026-06-12 17:14:06.926] [BW] Path 8351: 12000.9µs (11.2GB/s)
  [2026-06-12 17:14:06.928] [LAT] Path 8351: 97.1µs (0.0GB/s)
  [2026-06-12 17:14:06.929] [LAT] Path 8351: 95.2µs (0.0GB/s)
  [2026-06-12 17:14:06.931] [LAT] Path 8351: 90.3µs (0.1GB/s)
  [2026-06-12 17:14:06.932] [LAT] Path 8351: 76.5µs (0.1GB/s)
  [2026-06-12 17:14:06.934] [LAT] Path 8351: 75.3µs (0.1GB/s)
  [2026-06-12 17:14:06.935] [LAT] Path 8351: 75.7µs (0.1GB/s)
  [2026-06-12 17:14:07.953] [BW] Path 8351: 6761.7µs (19.9GB/s)
  [2026-06-12 17:14:07.965] [BW] Path 8351: 10935.9µs (12.3GB/s)
  [2026-06-12 17:14:07.973] [BW] Path 8351: 6770.4µs (19.8GB/s)
  [2026-06-12 17:14:07.988] [BW] Path 8351: 13344.5µs (10.1GB/s)
  [2026-06-12 17:14:07.997] [BW] Path 8351: 6719.1µs (20.0GB/s)
  [2026-06-12 17:14:08.017] [BW] Path 8351: 18842.9µs (7.1GB/s)
  [2026-06-12 17:14:08.025] [BW] Path 8351: 6811.1µs (19.7GB/s)
  [2026-06-12 17:14:08.037] [BW] Path 8351: 10313.4µs (13.0GB/s)
  [2026-06-12 17:14:08.047] [BW] Path 8351: 7794.7µs (17.2GB/s)
  [2026-06-12 17:14:08.059] [BW] Path 8351: 10847.5µs (12.4GB/s)
  [2026-06-12 17:14:09.084] [BW] Path 8351: 14729.1µs (9.1GB/s)
  [2026-06-12 17:14:09.093] [BW] Path 8351: 8065.6µs (16.6GB/s)
  [2026-06-12 17:14:09.113] [BW] Path 8351: 18624.3µs (7.2GB/s)
  [2026-06-12 17:14:09.133] [BW] Path 8351: 17835.5µs (7.5GB/s)
  [2026-06-12 17:14:09.156] [BW] Path 8351: 21964.3µs (6.1GB/s)
  [2026-06-12 17:14:09.175] [BW] Path 8351: 17488.7µs (7.7GB/s)
  [2026-06-12 17:14:09.188] [BW] Path 8351: 11110.7µs (12.1GB/s)
  [2026-06-12 17:14:09.189] [LAT] Path 8351: 81.2µs (0.1GB/s)
  [2026-06-12 17:14:09.191] [LAT] Path 8351: 94.0µs (0.0GB/s)
  [2026-06-12 17:14:09.193] [LAT] Path 8351: 91.8µs (0.0GB/s)
  [2026-06-12 17:14:10.204] [LAT] Path 8351: 147.3µs (0.0GB/s)
  [2026-06-12 17:14:10.206] [LAT] Path 8351: 80.2µs (0.1GB/s)
  [2026-06-12 17:14:10.207] [LAT] Path 8351: 75.6µs (0.1GB/s)
  [2026-06-12 17:14:10.213] [LAT] Path 8351: 4522.2µs (0.0GB/s)
  [2026-06-12 17:14:10.215] [LAT] Path 8351: 90.4µs (0.1GB/s)
  [2026-06-12 17:14:10.216] [LAT] Path 8351: 88.0µs (0.1GB/s)
  [2026-06-12 17:14:10.218] [LAT] Path 8351: 85.8µs (0.1GB/s)
  [2026-06-12 17:14:10.227] [BW] Path 8351: 7346.3µs (18.3GB/s)
  [2026-06-12 17:14:10.238] [BW] Path 8351: 9739.0µs (13.8GB/s)
  [2026-06-12 17:14:10.246] [BW] Path 8351: 6736.2µs (19.9GB/s)
  [2026-06-12 17:14:11.257] [LAT] Path 1478: 82.0µs (0.1GB/s)
  [2026-06-12 17:14:11.259] [LAT] Path 1478: 75.1µs (0.1GB/s)
  [2026-06-12 17:14:11.262] [LAT] Path 1478: 1821.6µs (0.0GB/s)
  [2026-06-12 17:14:11.263] [LAT] Path 1478: 85.8µs (0.1GB/s)
  [2026-06-12 17:14:11.265] [LAT] Path 1478: 91.6µs (0.0GB/s)
  [2026-06-12 17:14:11.267] [LAT] Path 1478: 75.7µs (0.1GB/s)
  [2026-06-12 17:14:11.268] [LAT] Path 1478: 74.3µs (0.1GB/s)
  [2026-06-12 17:14:11.270] [LAT] Path 1478: 73.9µs (0.1GB/s)
  [2026-06-12 17:14:11.271] [LAT] Path 1478: 74.7µs (0.1GB/s)
  [2026-06-12 17:14:11.273] [LAT] Path 1478: 107.7µs (0.0GB/s)
  [2026-06-12 17:14:12.306] [BW] Path 8351: 22005.2µs (6.1GB/s)
  [2026-06-12 17:14:12.307] [LAT] Path 8351: 82.8µs (0.1GB/s)
  [2026-06-12 17:14:12.309] [LAT] Path 8351: 74.4µs (0.1GB/s)
  [2026-06-12 17:14:12.310] [LAT] Path 8351: 74.7µs (0.1GB/s)
  [2026-06-12 17:14:12.312] [LAT] Path 8351: 75.2µs (0.1GB/s)
  [2026-06-12 17:14:12.314] [LAT] Path 8351: 90.2µs (0.1GB/s)
  [2026-06-12 17:14:12.315] [LAT] Path 8351: 112.9µs (0.0GB/s)
  [2026-06-12 17:14:12.323] [LAT] Path 8351: 6589.6µs (0.0GB/s)
  [2026-06-12 17:14:12.325] [LAT] Path 8351: 79.7µs (0.1GB/s)
  [2026-06-12 17:14:12.326] [LAT] Path 8351: 82.1µs (0.1GB/s)
  [2026-06-12 17:14:13.338] [LAT] Path 1478: 791.5µs (0.0GB/s)
  [2026-06-12 17:14:13.340] [LAT] Path 1478: 94.8µs (0.0GB/s)
  [2026-06-12 17:14:13.341] [LAT] Path 1478: 94.0µs (0.0GB/s)
  [2026-06-12 17:14:13.343] [LAT] Path 1478: 94.0µs (0.0GB/s)
  [2026-06-12 17:14:13.345] [LAT] Path 1478: 94.0µs (0.0GB/s)
  [2026-06-12 17:14:13.346] [LAT] Path 1478: 92.0µs (0.0GB/s)
  [2026-06-12 17:14:13.348] [LAT] Path 1478: 76.0µs (0.1GB/s)
  [2026-06-12 17:14:13.349] [LAT] Path 1478: 76.5µs (0.1GB/s)
  [2026-06-12 17:14:13.351] [LAT] Path 1478: 74.2µs (0.1GB/s)
  [2026-06-12 17:14:13.352] [LAT] Path 1478: 75.1µs (0.1GB/s)
  [2026-06-12 17:14:14.374] [BW] Path 8351: 10956.3µs (12.2GB/s)
  [2026-06-12 17:14:14.382] [BW] Path 8351: 7164.4µs (18.7GB/s)
  [2026-06-12 17:14:14.395] [BW] Path 8351: 10721.2µs (12.5GB/s)
  [2026-06-12 17:14:14.403] [BW] Path 8351: 6794.8µs (19.8GB/s)
  [2026-06-12 17:14:14.420] [BW] Path 8351: 16143.7µs (8.3GB/s)
  [2026-06-12 17:14:14.431] [BW] Path 8351: 8650.1µs (15.5GB/s)
  [2026-06-12 17:14:14.448] [BW] Path 8351: 15988.0µs (8.4GB/s)
  [2026-06-12 17:14:14.457] [BW] Path 8351: 7600.0µs (17.7GB/s)
  [2026-06-12 17:14:14.468] [BW] Path 8351: 9561.6µs (14.0GB/s)
  [2026-06-12 17:14:14.472] [LAT] Path 8351: 2251.1µs (0.0GB/s)
  [2026-06-12 17:14:15.483] [LAT] Path 1478: 102.9µs (0.0GB/s)
  [2026-06-12 17:14:15.484] [LAT] Path 1478: 90.5µs (0.1GB/s)
  [2026-06-12 17:14:15.486] [LAT] Path 1478: 92.1µs (0.0GB/s)
  [2026-06-12 17:14:15.488] [LAT] Path 1478: 89.8µs (0.1GB/s)
  [2026-06-12 17:14:15.489] [LAT] Path 1478: 71.9µs (0.1GB/s)
  [2026-06-12 17:14:15.491] [LAT] Path 1478: 75.0µs (0.1GB/s)
  [2026-06-12 17:14:15.492] [LAT] Path 1478: 75.1µs (0.1GB/s)
  [2026-06-12 17:14:15.494] [LAT] Path 1478: 74.2µs (0.1GB/s)
  [2026-06-12 17:14:15.495] [LAT] Path 1478: 74.6µs (0.1GB/s)
  [2026-06-12 17:14:15.497] [LAT] Path 1478: 74.4µs (0.1GB/s)
  [2026-06-12 17:14:16.508] [LAT] Path 8351: 109.9µs (0.0GB/s)
  [2026-06-12 17:14:16.509] [LAT] Path 8351: 76.5µs (0.1GB/s)
  [2026-06-12 17:14:16.511] [LAT] Path 8351: 74.3µs (0.1GB/s)
  [2026-06-12 17:14:16.512] [LAT] Path 8351: 75.5µs (0.1GB/s)
  [2026-06-12 17:14:16.525] [BW] Path 8351: 10624.1µs (12.6GB/s)
  [2026-06-12 17:14:16.533] [BW] Path 8351: 6688.0µs (20.1GB/s)
  [2026-06-12 17:14:16.546] [BW] Path 8351: 11985.0µs (11.2GB/s)
  [2026-06-12 17:14:16.555] [BW] Path 8351: 7266.7µs (18.5GB/s)
  [2026-06-12 17:14:16.565] [BW] Path 8351: 8993.5µs (14.9GB/s)
  [2026-06-12 17:14:16.577] [BW] Path 8351: 9998.2µs (13.4GB/s)
  [2026-06-12 17:14:17.599] [BW] Path 8351: 11226.8µs (12.0GB/s)
  [2026-06-12 17:14:17.608] [BW] Path 8351: 7965.4µs (16.9GB/s)
  [2026-06-12 17:14:17.620] [BW] Path 8351: 9862.2µs (13.6GB/s)
  [2026-06-12 17:14:17.628] [BW] Path 8351: 7032.9µs (19.1GB/s)
  [2026-06-12 17:14:17.630] [LAT] Path 8351: 78.4µs (0.1GB/s)
  [2026-06-12 17:14:17.648] [BW] Path 8351: 16391.0µs (8.2GB/s)
  [2026-06-12 17:14:17.657] [BW] Path 8351: 7852.7µs (17.1GB/s)
  [2026-06-12 17:14:17.677] [BW] Path 8351: 18024.8µs (7.5GB/s)
  [2026-06-12 17:14:17.687] [BW] Path 8351: 8759.1µs (15.3GB/s)
  [2026-06-12 17:14:17.707] [BW] Path 8351: 19073.3µs (7.0GB/s)
  [2026-06-12 17:14:18.718] [LAT] Path 1478: 81.4µs (0.1GB/s)
  [2026-06-12 17:14:18.720] [LAT] Path 1478: 75.2µs (0.1GB/s)
  [2026-06-12 17:14:18.721] [LAT] Path 1478: 91.8µs (0.0GB/s)
  [2026-06-12 17:14:18.723] [LAT] Path 1478: 91.6µs (0.0GB/s)
  [2026-06-12 17:14:18.724] [LAT] Path 1478: 92.6µs (0.0GB/s)
  [2026-06-12 17:14:18.726] [LAT] Path 1478: 91.5µs (0.0GB/s)
  [2026-06-12 17:14:18.728] [LAT] Path 1478: 90.4µs (0.1GB/s)
  [2026-06-12 17:14:18.729] [LAT] Path 1478: 74.2µs (0.1GB/s)
  [2026-06-12 17:14:18.731] [LAT] Path 1478: 71.4µs (0.1GB/s)
  [2026-06-12 17:14:18.732] [LAT] Path 1478: 73.6µs (0.1GB/s)
  [2026-06-12 17:14:19.743] [LAT] Path 8351: 117.6µs (0.0GB/s)
  [2026-06-12 17:14:19.744] [LAT] Path 8351: 72.6µs (0.1GB/s)
  [2026-06-12 17:14:19.746] [LAT] Path 8351: 89.3µs (0.1GB/s)
  [2026-06-12 17:14:19.760] [BW] Path 8351: 12900.8µs (10.4GB/s)
  [2026-06-12 17:14:19.774] [BW] Path 8351: 11745.4µs (11.4GB/s)
  [2026-06-12 17:14:19.788] [BW] Path 8351: 13127.3µs (10.2GB/s)
  [2026-06-12 17:14:19.799] [BW] Path 8351: 9191.5µs (14.6GB/s)
  [2026-06-12 17:14:19.808] [BW] Path 8351: 7847.2µs (17.1GB/s)
  [2026-06-12 17:14:19.820] [BW] Path 8351: 10120.2µs (13.3GB/s)
  [2026-06-12 17:14:19.830] [BW] Path 8351: 8711.9µs (15.4GB/s)
  [2026-06-12 17:14:20.841] [LAT] Path 8351: 80.7µs (0.1GB/s)
  [2026-06-12 17:14:20.842] [LAT] Path 8351: 106.9µs (0.0GB/s)
  [2026-06-12 17:14:20.844] [LAT] Path 8351: 194.8µs (0.0GB/s)
  [2026-06-12 17:14:20.857] [BW] Path 8351: 11340.9µs (11.8GB/s)
  [2026-06-12 17:14:20.859] [LAT] Path 8351: 77.0µs (0.1GB/s)
  [2026-06-12 17:14:20.860] [LAT] Path 8351: 77.2µs (0.1GB/s)
  [2026-06-12 17:14:20.862] [LAT] Path 8351: 75.3µs (0.1GB/s)
  [2026-06-12 17:14:20.863] [LAT] Path 8351: 74.3µs (0.1GB/s)
  [2026-06-12 17:14:20.865] [LAT] Path 8351: 98.8µs (0.0GB/s)
  [2026-06-12 17:14:20.866] [LAT] Path 8351: 104.6µs (0.0GB/s)
  [2026-06-12 17:14:21.877] [LAT] Path 1478: 113.4µs (0.0GB/s)
  [2026-06-12 17:14:21.879] [LAT] Path 1478: 78.5µs (0.1GB/s)
  [2026-06-12 17:14:21.880] [LAT] Path 1478: 76.9µs (0.1GB/s)
  [2026-06-12 17:14:21.882] [LAT] Path 1478: 75.9µs (0.1GB/s)
  [2026-06-12 17:14:21.884] [LAT] Path 1478: 74.6µs (0.1GB/s)
  [2026-06-12 17:14:21.885] [LAT] Path 1478: 75.1µs (0.1GB/s)
  [2026-06-12 17:14:21.887] [LAT] Path 1478: 88.2µs (0.1GB/s)
  [2026-06-12 17:14:21.888] [LAT] Path 1478: 89.0µs (0.1GB/s)
  [2026-06-12 17:14:21.892] [LAT] Path 1478: 2374.3µs (0.0GB/s)
  [2026-06-12 17:14:21.894] [LAT] Path 1478: 80.1µs (0.1GB/s)
  [2026-06-12 17:14:22.904] [LAT] Path 1478: 108.3µs (0.0GB/s)
  [2026-06-12 17:14:22.910] [LAT] Path 1478: 3745.0µs (0.0GB/s)
  [2026-06-12 17:14:22.923] [BW] Path 1478: 12083.0µs (11.1GB/s)
  [2026-06-12 17:14:22.932] [BW] Path 1478: 6902.2µs (19.4GB/s)
  [2026-06-12 17:14:22.943] [BW] Path 1478: 9996.6µs (13.4GB/s)
  [2026-06-12 17:14:22.953] [BW] Path 1478: 8094.1µs (16.6GB/s)
  [2026-06-12 17:14:22.967] [BW] Path 1478: 12871.3µs (10.4GB/s)
  [2026-06-12 17:14:22.979] [BW] Path 1478: 10729.1µs (12.5GB/s)
  [2026-06-12 17:14:22.995] [BW] Path 1478: 14361.2µs (9.3GB/s)
  [2026-06-12 17:14:22.997] [LAT] Path 1478: 77.9µs (0.1GB/s)
  [2026-06-12 17:14:24.007] [LAT] Path 8351: 85.3µs (0.1GB/s)
  [2026-06-12 17:14:24.009] [LAT] Path 8351: 72.7µs (0.1GB/s)
  [2026-06-12 17:14:24.010] [LAT] Path 8351: 80.0µs (0.1GB/s)
  [2026-06-12 17:14:24.012] [LAT] Path 8351: 75.5µs (0.1GB/s)
  [2026-06-12 17:14:24.013] [LAT] Path 8351: 96.6µs (0.0GB/s)
  [2026-06-12 17:14:24.015] [LAT] Path 8351: 91.5µs (0.0GB/s)
  [2026-06-12 17:14:24.017] [LAT] Path 8351: 91.5µs (0.0GB/s)
  [2026-06-12 17:14:24.018] [LAT] Path 8351: 93.8µs (0.0GB/s)
  [2026-06-12 17:14:24.020] [LAT] Path 8351: 76.4µs (0.1GB/s)
  [2026-06-12 17:14:24.026] [LAT] Path 8351: 4599.8µs (0.0GB/s)
  [2026-06-12 17:14:25.036] [LAT] Path 8351: 131.3µs (0.0GB/s)
  [2026-06-12 17:14:25.038] [LAT] Path 8351: 90.6µs (0.1GB/s)
  [2026-06-12 17:14:25.040] [LAT] Path 8351: 89.3µs (0.1GB/s)
  [2026-06-12 17:14:25.041] [LAT] Path 8351: 76.0µs (0.1GB/s)
  [2026-06-12 17:14:25.043] [LAT] Path 8351: 75.8µs (0.1GB/s)
  [2026-06-12 17:14:25.044] [LAT] Path 8351: 77.8µs (0.1GB/s)
  [2026-06-12 17:14:25.055] [BW] Path 8351: 9076.3µs (14.8GB/s)
  [2026-06-12 17:14:25.064] [BW] Path 8351: 7115.5µs (18.9GB/s)
  [2026-06-12 17:14:25.078] [BW] Path 8351: 12454.1µs (10.8GB/s)
  [2026-06-12 17:14:25.086] [BW] Path 8351: 6699.0µs (20.0GB/s)
  [2026-06-12 17:14:26.105] [BW] Path 8351: 7934.6µs (16.9GB/s)
  [2026-06-12 17:14:26.118] [BW] Path 8351: 11966.6µs (11.2GB/s)
  [2026-06-12 17:14:26.134] [BW] Path 8351: 14564.1µs (9.2GB/s)
  [2026-06-12 17:14:26.147] [BW] Path 8351: 10718.0µs (12.5GB/s)
  [2026-06-12 17:14:26.158] [BW] Path 8351: 9585.2µs (14.0GB/s)
  [2026-06-12 17:14:26.167] [BW] Path 8351: 8068.9µs (16.6GB/s)
  [2026-06-12 17:14:26.179] [BW] Path 8351: 10242.8µs (13.1GB/s)
  [2026-06-12 17:14:26.189] [BW] Path 8351: 8071.8µs (16.6GB/s)
  [2026-06-12 17:14:26.190] [LAT] Path 8351: 93.9µs (0.0GB/s)
  [2026-06-12 17:14:26.192] [LAT] Path 8351: 95.1µs (0.0GB/s)
  [2026-06-12 17:14:27.203] [LAT] Path 1478: 99.0µs (0.0GB/s)
  [2026-06-12 17:14:27.205] [LAT] Path 1478: 80.0µs (0.1GB/s)
  [2026-06-12 17:14:27.206] [LAT] Path 1478: 76.4µs (0.1GB/s)
  [2026-06-12 17:14:27.208] [LAT] Path 1478: 77.7µs (0.1GB/s)
  [2026-06-12 17:14:27.210] [LAT] Path 1478: 77.0µs (0.1GB/s)
  [2026-06-12 17:14:27.211] [LAT] Path 1478: 77.1µs (0.1GB/s)
  [2026-06-12 17:14:27.213] [LAT] Path 1478: 70.8µs (0.1GB/s)
  [2026-06-12 17:14:27.214] [LAT] Path 1478: 131.9µs (0.0GB/s)
  [2026-06-12 17:14:27.221] [LAT] Path 1478: 4788.1µs (0.0GB/s)
  [2026-06-12 17:14:27.222] [LAT] Path 1478: 76.3µs (0.1GB/s)
  [2026-06-12 17:14:28.233] [LAT] Path 8351: 94.1µs (0.0GB/s)
  [2026-06-12 17:14:28.243] [BW] Path 8351: 8528.9µs (15.7GB/s)
  [2026-06-12 17:14:28.257] [BW] Path 8351: 12159.4µs (11.0GB/s)
  [2026-06-12 17:14:28.266] [BW] Path 8351: 7421.1µs (18.1GB/s)
  [2026-06-12 17:14:28.278] [BW] Path 8351: 10745.5µs (12.5GB/s)
  [2026-06-12 17:14:28.286] [BW] Path 8351: 6816.3µs (19.7GB/s)
  [2026-06-12 17:14:28.305] [BW] Path 8351: 16634.5µs (8.1GB/s)
  [2026-06-12 17:14:28.314] [BW] Path 8351: 7990.1µs (16.8GB/s)
  [2026-06-12 17:14:28.330] [BW] Path 8351: 14568.5µs (9.2GB/s)
  [2026-06-12 17:14:28.339] [BW] Path 8351: 7093.0µs (18.9GB/s)
  [2026-06-12 17:14:29.350] [LAT] Path 1478: 112.3µs (0.0GB/s)
  [2026-06-12 17:14:29.352] [LAT] Path 1478: 76.8µs (0.1GB/s)
  [2026-06-12 17:14:29.353] [LAT] Path 1478: 98.6µs (0.0GB/s)
  [2026-06-12 17:14:29.355] [LAT] Path 1478: 94.4µs (0.0GB/s)
  [2026-06-12 17:14:29.356] [LAT] Path 1478: 94.0µs (0.0GB/s)
  [2026-06-12 17:14:29.358] [LAT] Path 1478: 95.2µs (0.0GB/s)
  [2026-06-12 17:14:29.360] [LAT] Path 1478: 77.2µs (0.1GB/s)
  [2026-06-12 17:14:29.361] [LAT] Path 1478: 76.4µs (0.1GB/s)
  [2026-06-12 17:14:29.363] [LAT] Path 1478: 82.9µs (0.1GB/s)
  [2026-06-12 17:14:29.364] [LAT] Path 1478: 76.5µs (0.1GB/s)
  [2026-06-12 17:14:30.375] [LAT] Path 1478: 89.4µs (0.1GB/s)
  [2026-06-12 17:14:30.376] [LAT] Path 1478: 75.9µs (0.1GB/s)
  [2026-06-12 17:14:30.380] [LAT] Path 1478: 2039.2µs (0.0GB/s)
  [2026-06-12 17:14:30.381] [LAT] Path 1478: 90.7µs (0.1GB/s)
  [2026-06-12 17:14:30.383] [LAT] Path 1478: 87.2µs (0.1GB/s)
  [2026-06-12 17:14:30.385] [LAT] Path 1478: 87.8µs (0.1GB/s)
  [2026-06-12 17:14:30.386] [LAT] Path 1478: 87.8µs (0.1GB/s)
  [2026-06-12 17:14:30.388] [LAT] Path 1478: 78.0µs (0.1GB/s)
  [2026-06-12 17:14:30.392] [LAT] Path 1478: 2617.8µs (0.0GB/s)
  [2026-06-12 17:14:30.393] [LAT] Path 1478: 75.3µs (0.1GB/s)
  [2026-06-12 17:14:31.407] [LAT] Path 1478: 2692.4µs (0.0GB/s)
  [2026-06-12 17:14:31.408] [LAT] Path 1478: 72.7µs (0.1GB/s)
  [2026-06-12 17:14:31.410] [LAT] Path 1478: 92.0µs (0.0GB/s)
  [2026-06-12 17:14:31.411] [LAT] Path 1478: 86.5µs (0.1GB/s)
  [2026-06-12 17:14:31.416] [LAT] Path 1478: 2854.3µs (0.0GB/s)
  [2026-06-12 17:14:31.417] [LAT] Path 1478: 80.0µs (0.1GB/s)
  [2026-06-12 17:14:31.427] [BW] Path 1478: 8252.5µs (16.3GB/s)
  [2026-06-12 17:14:31.438] [BW] Path 1478: 9836.2µs (13.7GB/s)
  [2026-06-12 17:14:31.454] [BW] Path 1478: 14077.7µs (9.5GB/s)
  [2026-06-12 17:14:31.467] [BW] Path 1478: 11602.3µs (11.6GB/s)
  [2026-06-12 17:14:32.487] [BW] Path 1478: 9572.1µs (14.0GB/s)
  [2026-06-12 17:14:32.504] [BW] Path 1478: 15528.1µs (8.6GB/s)
  [2026-06-12 17:14:32.519] [BW] Path 1478: 12830.1µs (10.5GB/s)
  [2026-06-12 17:14:32.520] [LAT] Path 1478: 97.0µs (0.0GB/s)
  [2026-06-12 17:14:32.522] [LAT] Path 1478: 86.4µs (0.1GB/s)
  [2026-06-12 17:14:32.523] [LAT] Path 1478: 72.6µs (0.1GB/s)
  [2026-06-12 17:14:32.525] [LAT] Path 1478: 75.2µs (0.1GB/s)
  [2026-06-12 17:14:32.527] [LAT] Path 1478: 86.9µs (0.1GB/s)
  [2026-06-12 17:14:32.528] [LAT] Path 1478: 75.6µs (0.1GB/s)
  [2026-06-12 17:14:32.530] [LAT] Path 1478: 73.4µs (0.1GB/s)
  [2026-06-12 17:14:33.540] [LAT] Path 1478: 180.2µs (0.0GB/s)
  [2026-06-12 17:14:33.542] [LAT] Path 1478: 89.8µs (0.1GB/s)
  [2026-06-12 17:14:33.543] [LAT] Path 1478: 90.9µs (0.1GB/s)
  [2026-06-12 17:14:33.545] [LAT] Path 1478: 92.7µs (0.0GB/s)
  [2026-06-12 17:14:33.547] [LAT] Path 1478: 100.7µs (0.0GB/s)
  [2026-06-12 17:14:33.548] [LAT] Path 1478: 72.7µs (0.1GB/s)
  [2026-06-12 17:14:33.550] [LAT] Path 1478: 74.6µs (0.1GB/s)
  [2026-06-12 17:14:33.551] [LAT] Path 1478: 76.1µs (0.1GB/s)
  [2026-06-12 17:14:33.553] [LAT] Path 1478: 73.5µs (0.1GB/s)
  [2026-06-12 17:14:33.554] [LAT] Path 1478: 69.4µs (0.1GB/s)
  [2026-06-12 17:14:34.571] [BW] Path 8351: 6782.3µs (19.8GB/s)
  [2026-06-12 17:14:34.585] [BW] Path 8351: 12554.3µs (10.7GB/s)
  [2026-06-12 17:14:34.594] [BW] Path 8351: 7189.8µs (18.7GB/s)
  [2026-06-12 17:14:34.614] [BW] Path 8351: 18791.6µs (7.1GB/s)
  [2026-06-12 17:14:34.623] [BW] Path 8351: 7004.9µs (19.2GB/s)
  [2026-06-12 17:14:34.634] [BW] Path 8351: 9989.1µs (13.4GB/s)
  [2026-06-12 17:14:34.644] [BW] Path 8351: 8079.4µs (16.6GB/s)
  [2026-06-12 17:14:34.656] [BW] Path 8351: 10392.9µs (12.9GB/s)
  [2026-06-12 17:14:34.671] [BW] Path 8351: 14112.5µs (9.5GB/s)
  [2026-06-12 17:14:34.685] [BW] Path 8351: 12157.5µs (11.0GB/s)
  [2026-06-12 17:14:35.714] [BW] Path 8351: 19020.2µs (7.1GB/s)
  [2026-06-12 17:14:35.716] [LAT] Path 8351: 85.0µs (0.1GB/s)
  [2026-06-12 17:14:35.717] [LAT] Path 8351: 76.3µs (0.1GB/s)
  [2026-06-12 17:14:35.738] [BW] Path 8351: 18585.5µs (7.2GB/s)
  [2026-06-12 17:14:35.739] [LAT] Path 8351: 92.4µs (0.0GB/s)
  [2026-06-12 17:14:35.741] [LAT] Path 8351: 90.3µs (0.1GB/s)
  [2026-06-12 17:14:35.742] [LAT] Path 8351: 96.4µs (0.0GB/s)
  [2026-06-12 17:14:35.744] [LAT] Path 8351: 87.3µs (0.1GB/s)
  [2026-06-12 17:14:35.745] [LAT] Path 8351: 98.8µs (0.0GB/s)
  [2026-06-12 17:14:35.747] [LAT] Path 8351: 100.4µs (0.0GB/s)
  [2026-06-12 17:14:36.758] [LAT] Path 1478: 89.6µs (0.1GB/s)
  [2026-06-12 17:14:36.759] [LAT] Path 1478: 75.1µs (0.1GB/s)
  [2026-06-12 17:14:36.761] [LAT] Path 1478: 80.1µs (0.1GB/s)
  [2026-06-12 17:14:36.762] [LAT] Path 1478: 96.7µs (0.0GB/s)
  [2026-06-12 17:14:36.764] [LAT] Path 1478: 87.0µs (0.1GB/s)
  [2026-06-12 17:14:36.766] [LAT] Path 1478: 90.1µs (0.1GB/s)
  [2026-06-12 17:14:36.767] [LAT] Path 1478: 87.1µs (0.1GB/s)
  [2026-06-12 17:14:36.769] [LAT] Path 1478: 76.3µs (0.1GB/s)
  [2026-06-12 17:14:36.770] [LAT] Path 1478: 78.6µs (0.1GB/s)
  [2026-06-12 17:14:36.772] [LAT] Path 1478: 75.0µs (0.1GB/s)
  [2026-06-12 17:14:37.792] [BW] Path 1478: 10007.4µs (13.4GB/s)
  [2026-06-12 17:14:37.812] [BW] Path 1478: 19092.3µs (7.0GB/s)
  [2026-06-12 17:14:37.822] [BW] Path 1478: 8128.2µs (16.5GB/s)
  [2026-06-12 17:14:37.835] [BW] Path 1478: 11188.5µs (12.0GB/s)
  [2026-06-12 17:14:37.843] [BW] Path 1478: 6890.6µs (19.5GB/s)
  [2026-06-12 17:14:37.855] [BW] Path 1478: 10262.4µs (13.1GB/s)
  [2026-06-12 17:14:37.861] [LAT] Path 1478: 4193.9µs (0.0GB/s)
  [2026-06-12 17:14:37.862] [LAT] Path 1478: 93.9µs (0.0GB/s)
  [2026-06-12 17:14:37.864] [LAT] Path 1478: 91.7µs (0.0GB/s)
  [2026-06-12 17:14:37.865] [LAT] Path 1478: 93.1µs (0.0GB/s)
  [2026-06-12 17:14:38.876] [LAT] Path 1478: 102.8µs (0.0GB/s)
  [2026-06-12 17:14:38.878] [LAT] Path 1478: 74.1µs (0.1GB/s)
  [2026-06-12 17:14:38.879] [LAT] Path 1478: 75.0µs (0.1GB/s)
  [2026-06-12 17:14:38.881] [LAT] Path 1478: 96.5µs (0.0GB/s)
  [2026-06-12 17:14:38.882] [LAT] Path 1478: 95.7µs (0.0GB/s)
  [2026-06-12 17:14:38.884] [LAT] Path 1478: 104.6µs (0.0GB/s)
  [2026-06-12 17:14:38.885] [LAT] Path 1478: 103.9µs (0.0GB/s)
  [2026-06-12 17:14:38.887] [LAT] Path 1478: 91.9µs (0.0GB/s)
  [2026-06-12 17:14:38.889] [LAT] Path 1478: 93.6µs (0.0GB/s)
  [2026-06-12 17:14:38.890] [LAT] Path 1478: 108.8µs (0.0GB/s)
  [2026-06-12 17:14:39.900] [LAT] Path 1478: 93.4µs (0.0GB/s)
  [2026-06-12 17:14:39.902] [LAT] Path 1478: 76.0µs (0.1GB/s)
  [2026-06-12 17:14:39.903] [LAT] Path 1478: 69.4µs (0.1GB/s)
  [2026-06-12 17:14:39.905] [LAT] Path 1478: 87.1µs (0.1GB/s)
  [2026-06-12 17:14:39.909] [LAT] Path 1478: 2445.6µs (0.0GB/s)
  [2026-06-12 17:14:39.910] [LAT] Path 1478: 85.1µs (0.1GB/s)
  [2026-06-12 17:14:39.912] [LAT] Path 1478: 74.5µs (0.1GB/s)
  [2026-06-12 17:14:39.913] [LAT] Path 1478: 74.4µs (0.1GB/s)
  [2026-06-12 17:14:39.915] [LAT] Path 1478: 73.0µs (0.1GB/s)
  [2026-06-12 17:14:39.916] [LAT] Path 1478: 72.8µs (0.1GB/s)
  [2026-06-12 17:14:40.936] [BW] Path 1478: 9771.0µs (13.7GB/s)
  [2026-06-12 17:14:40.957] [BW] Path 1478: 19583.8µs (6.8GB/s)
  [2026-06-12 17:14:40.966] [BW] Path 1478: 6788.4µs (19.8GB/s)
  [2026-06-12 17:14:40.978] [BW] Path 1478: 10435.9µs (12.9GB/s)
  [2026-06-12 17:14:40.987] [BW] Path 1478: 7682.8µs (17.5GB/s)
  [2026-06-12 17:14:41.000] [BW] Path 1478: 11243.7µs (11.9GB/s)
  [2026-06-12 17:14:41.001] [LAT] Path 1478: 78.0µs (0.1GB/s)
  [2026-06-12 17:14:41.003] [LAT] Path 1478: 74.8µs (0.1GB/s)
  [2026-06-12 17:14:41.004] [LAT] Path 1478: 74.0µs (0.1GB/s)
  [2026-06-12 17:14:41.006] [LAT] Path 1478: 92.8µs (0.0GB/s)
  [2026-06-12 17:14:42.018] [LAT] Path 1478: 1458.6µs (0.0GB/s)
  [2026-06-12 17:14:42.020] [LAT] Path 1478: 83.1µs (0.1GB/s)
  [2026-06-12 17:14:42.021] [LAT] Path 1478: 75.3µs (0.1GB/s)
  [2026-06-12 17:14:42.023] [LAT] Path 1478: 75.7µs (0.1GB/s)
  [2026-06-12 17:14:42.025] [LAT] Path 1478: 74.5µs (0.1GB/s)
  [2026-06-12 17:14:42.026] [LAT] Path 1478: 73.6µs (0.1GB/s)
  [2026-06-12 17:14:42.028] [LAT] Path 1478: 75.4µs (0.1GB/s)
  [2026-06-12 17:14:42.029] [LAT] Path 1478: 102.0µs (0.0GB/s)
  [2026-06-12 17:14:42.031] [LAT] Path 1478: 89.6µs (0.1GB/s)
  [2026-06-12 17:14:42.042] [LAT] Path 1478: 9335.2µs (0.0GB/s)
  [2026-06-12 17:14:43.059] [LAT] Path 8351: 6479.6µs (0.0GB/s)
  [2026-06-12 17:14:43.060] [LAT] Path 8351: 83.3µs (0.1GB/s)
  [2026-06-12 17:14:43.062] [LAT] Path 8351: 75.0µs (0.1GB/s)
  [2026-06-12 17:14:43.063] [LAT] Path 8351: 75.4µs (0.1GB/s)
  [2026-06-12 17:14:43.065] [LAT] Path 8351: 74.4µs (0.1GB/s)
  [2026-06-12 17:14:43.067] [LAT] Path 8351: 71.8µs (0.1GB/s)
  [2026-06-12 17:14:43.068] [LAT] Path 8351: 73.6µs (0.1GB/s)
  [2026-06-12 17:14:43.070] [LAT] Path 8351: 93.3µs (0.0GB/s)
  [2026-06-12 17:14:43.071] [LAT] Path 8351: 92.7µs (0.0GB/s)
  [2026-06-12 17:14:43.086] [BW] Path 8351: 12840.7µs (10.4GB/s)
  [2026-06-12 17:14:44.104] [BW] Path 8351: 8313.4µs (16.1GB/s)
  [2026-06-12 17:14:44.116] [BW] Path 8351: 10726.1µs (12.5GB/s)
  [2026-06-12 17:14:44.127] [BW] Path 8351: 8724.6µs (15.4GB/s)
  [2026-06-12 17:14:44.137] [BW] Path 8351: 8381.3µs (16.0GB/s)
  [2026-06-12 17:14:44.149] [BW] Path 8351: 11313.5µs (11.9GB/s)
  [2026-06-12 17:14:44.162] [BW] Path 8351: 11280.6µs (11.9GB/s)
  [2026-06-12 17:14:44.182] [BW] Path 8351: 17914.2µs (7.5GB/s)
  [2026-06-12 17:14:44.190] [BW] Path 8351: 6810.0µs (19.7GB/s)
  [2026-06-12 17:14:44.192] [LAT] Path 8351: 89.9µs (0.1GB/s)
  [2026-06-12 17:14:44.203] [BW] Path 8351: 10122.9µs (13.3GB/s)
  [2026-06-12 17:14:45.214] [LAT] Path 8351: 139.5µs (0.0GB/s)
  [2026-06-12 17:14:45.216] [LAT] Path 8351: 102.0µs (0.0GB/s)
  [2026-06-12 17:14:45.217] [LAT] Path 8351: 161.5µs (0.0GB/s)
  [2026-06-12 17:14:45.219] [LAT] Path 8351: 95.0µs (0.0GB/s)
  [2026-06-12 17:14:45.221] [LAT] Path 8351: 86.0µs (0.1GB/s)
  [2026-06-12 17:14:45.222] [LAT] Path 8351: 80.8µs (0.1GB/s)
  [2026-06-12 17:14:45.229] [LAT] Path 8351: 5424.2µs (0.0GB/s)
  [2026-06-12 17:14:45.249] [BW] Path 8351: 18605.2µs (7.2GB/s)
  [2026-06-12 17:14:45.259] [BW] Path 8351: 7810.0µs (17.2GB/s)
  [2026-06-12 17:14:45.282] [BW] Path 8351: 21868.4µs (6.1GB/s)
  [2026-06-12 17:14:46.303] [BW] Path 8351: 10047.3µs (13.4GB/s)
  [2026-06-12 17:14:46.314] [BW] Path 8351: 9106.7µs (14.7GB/s)
  [2026-06-12 17:14:46.315] [LAT] Path 8351: 93.2µs (0.0GB/s)
  [2026-06-12 17:14:46.324] [BW] Path 8351: 6858.5µs (19.6GB/s)
  [2026-06-12 17:14:46.338] [BW] Path 8351: 12915.6µs (10.4GB/s)
  [2026-06-12 17:14:46.349] [BW] Path 8351: 9795.3µs (13.7GB/s)
  [2026-06-12 17:14:46.368] [BW] Path 8351: 17385.9µs (7.7GB/s)
  [2026-06-12 17:14:46.378] [BW] Path 8351: 7759.4µs (17.3GB/s)
  [2026-06-12 17:14:46.388] [BW] Path 8351: 9164.2µs (14.7GB/s)
  [2026-06-12 17:14:46.399] [BW] Path 8351: 8700.3µs (15.4GB/s)
  [2026-06-12 17:14:47.411] [LAT] Path 1478: 2002.2µs (0.0GB/s)
  [2026-06-12 17:14:47.413] [LAT] Path 1478: 78.0µs (0.1GB/s)
  [2026-06-12 17:14:47.415] [LAT] Path 1478: 74.4µs (0.1GB/s)
  [2026-06-12 17:14:47.417] [LAT] Path 1478: 721.9µs (0.0GB/s)
  [2026-06-12 17:14:47.418] [LAT] Path 1478: 97.4µs (0.0GB/s)
  [2026-06-12 17:14:47.420] [LAT] Path 1478: 98.0µs (0.0GB/s)
  [2026-06-12 17:14:47.422] [LAT] Path 1478: 96.4µs (0.0GB/s)
  [2026-06-12 17:14:47.423] [LAT] Path 1478: 86.8µs (0.1GB/s)
  [2026-06-12 17:14:47.425] [LAT] Path 1478: 73.3µs (0.1GB/s)
  [2026-06-12 17:14:47.426] [LAT] Path 1478: 75.5µs (0.1GB/s)
  [2026-06-12 17:14:48.447] [BW] Path 8351: 10199.1µs (13.2GB/s)
  [2026-06-12 17:14:48.455] [BW] Path 8351: 6684.3µs (20.1GB/s)
  [2026-06-12 17:14:48.474] [BW] Path 8351: 17354.1µs (7.7GB/s)
  [2026-06-12 17:14:48.482] [BW] Path 8351: 6751.2µs (19.9GB/s)
  [2026-06-12 17:14:48.484] [LAT] Path 8351: 77.3µs (0.1GB/s)
  [2026-06-12 17:14:48.502] [BW] Path 8351: 16380.6µs (8.2GB/s)
  [2026-06-12 17:14:48.510] [BW] Path 8351: 6943.0µs (19.3GB/s)
  [2026-06-12 17:14:48.521] [BW] Path 8351: 9424.6µs (14.2GB/s)
  [2026-06-12 17:14:48.523] [LAT] Path 8351: 78.4µs (0.1GB/s)
  [2026-06-12 17:14:48.524] [LAT] Path 8351: 74.9µs (0.1GB/s)
  [2026-06-12 17:14:49.550] [BW] Path 1478: 14800.7µs (9.1GB/s)
  [2026-06-12 17:14:49.561] [BW] Path 1478: 9460.2µs (14.2GB/s)
  [2026-06-12 17:14:49.576] [BW] Path 1478: 13772.7µs (9.8GB/s)
  [2026-06-12 17:14:49.586] [BW] Path 1478: 7812.4µs (17.2GB/s)
  [2026-06-12 17:14:49.597] [BW] Path 1478: 10201.0µs (13.2GB/s)
  [2026-06-12 17:14:49.606] [BW] Path 1478: 6820.6µs (19.7GB/s)
  [2026-06-12 17:14:49.622] [BW] Path 1478: 14907.7µs (9.0GB/s)
  [2026-06-12 17:14:49.624] [LAT] Path 1478: 78.6µs (0.1GB/s)
  [2026-06-12 17:14:49.625] [LAT] Path 1478: 77.0µs (0.1GB/s)
  [2026-06-12 17:14:49.627] [LAT] Path 1478: 76.0µs (0.1GB/s)
  [2026-06-12 17:14:50.638] [LAT] Path 8351: 99.8µs (0.0GB/s)
  [2026-06-12 17:14:50.639] [LAT] Path 8351: 103.0µs (0.0GB/s)
  [2026-06-12 17:14:50.641] [LAT] Path 8351: 79.0µs (0.1GB/s)
  [2026-06-12 17:14:50.649] [LAT] Path 8351: 6470.2µs (0.0GB/s)
  [2026-06-12 17:14:50.650] [LAT] Path 8351: 71.7µs (0.1GB/s)
  [2026-06-12 17:14:50.652] [LAT] Path 8351: 88.8µs (0.1GB/s)
  [2026-06-12 17:14:50.654] [LAT] Path 8351: 88.1µs (0.1GB/s)
  [2026-06-12 17:14:50.655] [LAT] Path 8351: 91.4µs (0.0GB/s)
  [2026-06-12 17:14:50.657] [LAT] Path 8351: 90.5µs (0.1GB/s)
  [2026-06-12 17:14:50.658] [LAT] Path 8351: 73.7µs (0.1GB/s)
  [2026-06-12 17:14:51.669] [LAT] Path 1478: 140.8µs (0.0GB/s)
  [2026-06-12 17:14:51.671] [LAT] Path 1478: 75.4µs (0.1GB/s)
  [2026-06-12 17:14:51.673] [LAT] Path 1478: 75.6µs (0.1GB/s)
  [2026-06-12 17:14:51.674] [LAT] Path 1478: 74.2µs (0.1GB/s)
  [2026-06-12 17:14:51.676] [LAT] Path 1478: 92.8µs (0.0GB/s)
  [2026-06-12 17:14:51.679] [LAT] Path 1478: 1741.3µs (0.0GB/s)
  [2026-06-12 17:14:51.680] [LAT] Path 1478: 92.5µs (0.0GB/s)
  [2026-06-12 17:14:51.682] [LAT] Path 1478: 73.4µs (0.1GB/s)
  [2026-06-12 17:14:51.684] [LAT] Path 1478: 76.9µs (0.1GB/s)
  [2026-06-12 17:14:51.685] [LAT] Path 1478: 74.3µs (0.1GB/s)
  [2026-06-12 17:14:52.704] [BW] Path 8351: 8447.2µs (15.9GB/s)
  [2026-06-12 17:14:52.717] [BW] Path 8351: 11694.4µs (11.5GB/s)
  [2026-06-12 17:14:52.726] [BW] Path 8351: 7647.0µs (17.6GB/s)
  [2026-06-12 17:14:52.737] [BW] Path 8351: 9409.9µs (14.3GB/s)
  [2026-06-12 17:14:52.749] [BW] Path 8351: 10510.5µs (12.8GB/s)
  [2026-06-12 17:14:52.762] [BW] Path 8351: 10922.3µs (12.3GB/s)
  [2026-06-12 17:14:52.773] [BW] Path 8351: 9786.5µs (13.7GB/s)
  [2026-06-12 17:14:52.789] [BW] Path 8351: 14126.7µs (9.5GB/s)
  [2026-06-12 17:14:52.790] [LAT] Path 8351: 78.8µs (0.1GB/s)
  [2026-06-12 17:14:52.802] [BW] Path 8351: 10216.8µs (13.1GB/s)
  [2026-06-12 17:14:53.813] [LAT] Path 8351: 93.2µs (0.0GB/s)
  [2026-06-12 17:14:53.815] [LAT] Path 8351: 111.0µs (0.0GB/s)
  [2026-06-12 17:14:53.816] [LAT] Path 8351: 148.4µs (0.0GB/s)
  [2026-06-12 17:14:53.818] [LAT] Path 8351: 88.9µs (0.1GB/s)
  [2026-06-12 17:14:53.819] [LAT] Path 8351: 84.5µs (0.1GB/s)
  [2026-06-12 17:14:53.821] [LAT] Path 8351: 70.0µs (0.1GB/s)
  [2026-06-12 17:14:53.822] [LAT] Path 8351: 83.7µs (0.1GB/s)
  [2026-06-12 17:14:53.824] [LAT] Path 8351: 76.5µs (0.1GB/s)
  [2026-06-12 17:14:53.826] [LAT] Path 8351: 75.7µs (0.1GB/s)
  [2026-06-12 17:14:53.827] [LAT] Path 8351: 75.0µs (0.1GB/s)
  [2026-06-12 17:14:54.838] [LAT] Path 1478: 78.9µs (0.1GB/s)
  [2026-06-12 17:14:54.839] [LAT] Path 1478: 76.0µs (0.1GB/s)
  [2026-06-12 17:14:54.841] [LAT] Path 1478: 70.1µs (0.1GB/s)
  [2026-06-12 17:14:54.843] [LAT] Path 1478: 749.2µs (0.0GB/s)
  [2026-06-12 17:14:54.844] [LAT] Path 1478: 85.6µs (0.1GB/s)
  [2026-06-12 17:14:54.846] [LAT] Path 1478: 86.0µs (0.1GB/s)
  [2026-06-12 17:14:54.848] [LAT] Path 1478: 657.2µs (0.0GB/s)
  [2026-06-12 17:14:54.850] [LAT] Path 1478: 75.2µs (0.1GB/s)
  [2026-06-12 17:14:54.851] [LAT] Path 1478: 74.3µs (0.1GB/s)
  [2026-06-12 17:14:54.853] [LAT] Path 1478: 75.6µs (0.1GB/s)
  [2026-06-12 17:14:55.871] [BW] Path 1478: 7958.2µs (16.9GB/s)
  [2026-06-12 17:14:55.881] [BW] Path 1478: 8969.9µs (15.0GB/s)
  [2026-06-12 17:14:55.892] [BW] Path 1478: 8736.5µs (15.4GB/s)
  [2026-06-12 17:14:55.893] [LAT] Path 1478: 112.0µs (0.0GB/s)
  [2026-06-12 17:14:55.895] [LAT] Path 1478: 92.5µs (0.0GB/s)
  [2026-06-12 17:14:55.896] [LAT] Path 1478: 90.5µs (0.1GB/s)
  [2026-06-12 17:14:55.898] [LAT] Path 1478: 78.2µs (0.1GB/s)
  [2026-06-12 17:14:55.905] [LAT] Path 1478: 5442.8µs (0.0GB/s)
  [2026-06-12 17:14:55.908] [LAT] Path 1478: 1104.3µs (0.0GB/s)
  [2026-06-12 17:14:55.909] [LAT] Path 1478: 89.9µs (0.1GB/s)
  [2026-06-12 17:14:56.920] [LAT] Path 1478: 96.6µs (0.0GB/s)
  [2026-06-12 17:14:56.921] [LAT] Path 1478: 82.6µs (0.1GB/s)
  [2026-06-12 17:14:56.923] [LAT] Path 1478: 110.4µs (0.0GB/s)
  [2026-06-12 17:14:56.925] [LAT] Path 1478: 90.9µs (0.1GB/s)
  [2026-06-12 17:14:56.926] [LAT] Path 1478: 99.3µs (0.0GB/s)
  [2026-06-12 17:14:56.928] [LAT] Path 1478: 95.5µs (0.0GB/s)
  [2026-06-12 17:14:56.930] [LAT] Path 1478: 100.9µs (0.0GB/s)
  [2026-06-12 17:14:56.931] [LAT] Path 1478: 84.0µs (0.1GB/s)
  [2026-06-12 17:14:56.933] [LAT] Path 1478: 71.3µs (0.1GB/s)
  [2026-06-12 17:14:56.934] [LAT] Path 1478: 79.9µs (0.1GB/s)
  [2026-06-12 17:14:57.945] [LAT] Path 1478: 125.0µs (0.0GB/s)
  [2026-06-12 17:14:57.947] [LAT] Path 1478: 76.5µs (0.1GB/s)
  [2026-06-12 17:14:57.948] [LAT] Path 1478: 75.6µs (0.1GB/s)
  [2026-06-12 17:14:57.950] [LAT] Path 1478: 74.2µs (0.1GB/s)
  [2026-06-12 17:14:57.951] [LAT] Path 1478: 77.3µs (0.1GB/s)
  [2026-06-12 17:14:57.953] [LAT] Path 1478: 93.7µs (0.0GB/s)
  [2026-06-12 17:14:57.955] [LAT] Path 1478: 94.1µs (0.0GB/s)
  [2026-06-12 17:14:57.956] [LAT] Path 1478: 92.7µs (0.0GB/s)
  [2026-06-12 17:14:57.958] [LAT] Path 1478: 95.8µs (0.0GB/s)
  [2026-06-12 17:14:57.959] [LAT] Path 1478: 75.4µs (0.1GB/s)
  [2026-06-12 17:14:58.981] [BW] Path 1478: 10952.5µs (12.2GB/s)
  [2026-06-12 17:14:58.998] [BW] Path 1478: 15171.5µs (8.8GB/s)
  [2026-06-12 17:14:59.008] [BW] Path 1478: 8925.0µs (15.0GB/s)
  [2026-06-12 17:14:59.018] [BW] Path 1478: 8055.2µs (16.7GB/s)
  [2026-06-12 17:14:59.029] [BW] Path 1478: 9802.8µs (13.7GB/s)
  [2026-06-12 17:14:59.039] [BW] Path 1478: 8231.8µs (16.3GB/s)
  [2026-06-12 17:14:59.040] [LAT] Path 1478: 80.1µs (0.1GB/s)
  [2026-06-12 17:14:59.042] [LAT] Path 1478: 79.1µs (0.1GB/s)
  [2026-06-12 17:14:59.044] [LAT] Path 1478: 100.3µs (0.0GB/s)
  [2026-06-12 17:14:59.045] [LAT] Path 1478: 97.7µs (0.0GB/s)
  [2026-06-12 17:15:00.056] [LAT] Path 1478: 87.0µs (0.1GB/s)
  [2026-06-12 17:15:00.057] [LAT] Path 1478: 115.5µs (0.0GB/s)
  [2026-06-12 17:15:00.059] [LAT] Path 1478: 89.8µs (0.1GB/s)
  [2026-06-12 17:15:00.061] [LAT] Path 1478: 94.1µs (0.0GB/s)
  [2026-06-12 17:15:00.062] [LAT] Path 1478: 76.8µs (0.1GB/s)
  [2026-06-12 17:15:00.064] [LAT] Path 1478: 74.4µs (0.1GB/s)
  [2026-06-12 17:15:00.065] [LAT] Path 1478: 74.9µs (0.1GB/s)
  [2026-06-12 17:15:00.067] [LAT] Path 1478: 74.3µs (0.1GB/s)
  [2026-06-12 17:15:00.068] [LAT] Path 1478: 73.5µs (0.1GB/s)
  [2026-06-12 17:15:00.070] [LAT] Path 1478: 67.5µs (0.1GB/s)
  [2026-06-12 17:15:01.081] [LAT] Path 1478: 130.8µs (0.0GB/s)
  [2026-06-12 17:15:01.085] [LAT] Path 1478: 3042.0µs (0.0GB/s)
  [2026-06-12 17:15:01.089] [LAT] Path 1478: 1630.6µs (0.0GB/s)
  [2026-06-12 17:15:01.090] [LAT] Path 1478: 76.9µs (0.1GB/s)
  [2026-06-12 17:15:01.092] [LAT] Path 1478: 77.8µs (0.1GB/s)
  [2026-06-12 17:15:01.094] [LAT] Path 1478: 1160.2µs (0.0GB/s)
  [2026-06-12 17:15:01.096] [LAT] Path 1478: 93.3µs (0.0GB/s)
  [2026-06-12 17:15:01.097] [LAT] Path 1478: 90.7µs (0.1GB/s)
  [2026-06-12 17:15:01.099] [LAT] Path 1478: 93.1µs (0.0GB/s)
  [2026-06-12 17:15:01.101] [LAT] Path 1478: 92.7µs (0.0GB/s)
  [2026-06-12 17:15:02.124] [BW] Path 8351: 13450.2µs (10.0GB/s)
  [2026-06-12 17:15:02.140] [BW] Path 8351: 13742.8µs (9.8GB/s)
  [2026-06-12 17:15:02.149] [BW] Path 8351: 7842.5µs (17.1GB/s)
  [2026-06-12 17:15:02.161] [BW] Path 8351: 10149.7µs (13.2GB/s)
  [2026-06-12 17:15:02.169] [BW] Path 8351: 6921.6µs (19.4GB/s)
  [2026-06-12 17:15:02.185] [BW] Path 8351: 14109.8µs (9.5GB/s)
  [2026-06-12 17:15:02.193] [BW] Path 8351: 6950.6µs (19.3GB/s)
  [2026-06-12 17:15:02.213] [BW] Path 8351: 18227.8µs (7.4GB/s)
  [2026-06-12 17:15:02.221] [BW] Path 8351: 6815.4µs (19.7GB/s)
  [2026-06-12 17:15:02.223] [LAT] Path 8351: 76.8µs (0.1GB/s)
  [2026-06-12 17:15:03.234] [LAT] Path 1478: 106.0µs (0.0GB/s)
  [2026-06-12 17:15:03.236] [LAT] Path 1478: 156.9µs (0.0GB/s)
  [2026-06-12 17:15:03.237] [LAT] Path 1478: 141.7µs (0.0GB/s)
  [2026-06-12 17:15:03.242] [LAT] Path 1478: 2824.4µs (0.0GB/s)
  [2026-06-12 17:15:03.243] [LAT] Path 1478: 92.3µs (0.0GB/s)
  [2026-06-12 17:15:03.248] [LAT] Path 1478: 3084.0µs (0.0GB/s)
  [2026-06-12 17:15:03.249] [LAT] Path 1478: 90.8µs (0.1GB/s)
  [2026-06-12 17:15:03.251] [LAT] Path 1478: 77.5µs (0.1GB/s)
  [2026-06-12 17:15:03.253] [LAT] Path 1478: 76.1µs (0.1GB/s)
  [2026-06-12 17:15:03.254] [LAT] Path 1478: 77.1µs (0.1GB/s)
  [2026-06-12 17:15:04.265] [LAT] Path 1478: 80.0µs (0.1GB/s)
  [2026-06-12 17:15:04.266] [LAT] Path 1478: 75.4µs (0.1GB/s)
  [2026-06-12 17:15:04.268] [LAT] Path 1478: 74.6µs (0.1GB/s)
  [2026-06-12 17:15:04.269] [LAT] Path 1478: 87.5µs (0.1GB/s)
  [2026-06-12 17:15:04.271] [LAT] Path 1478: 86.2µs (0.1GB/s)
  [2026-06-12 17:15:04.273] [LAT] Path 1478: 86.6µs (0.1GB/s)
  [2026-06-12 17:15:04.274] [LAT] Path 1478: 85.6µs (0.1GB/s)
  [2026-06-12 17:15:04.276] [LAT] Path 1478: 75.6µs (0.1GB/s)
  [2026-06-12 17:15:04.277] [LAT] Path 1478: 73.3µs (0.1GB/s)
  [2026-06-12 17:15:04.279] [LAT] Path 1478: 73.9µs (0.1GB/s)
  [2026-06-12 17:15:05.297] [BW] Path 1478: 7672.3µs (17.5GB/s)
  [2026-06-12 17:15:05.308] [BW] Path 1478: 9344.0µs (14.4GB/s)
  [2026-06-12 17:15:05.318] [BW] Path 1478: 8977.9µs (14.9GB/s)
  [2026-06-12 17:15:05.332] [BW] Path 1478: 12205.9µs (11.0GB/s)
  [2026-06-12 17:15:05.349] [BW] Path 1478: 14929.2µs (9.0GB/s)
  [2026-06-12 17:15:05.350] [LAT] Path 1478: 92.3µs (0.0GB/s)
  [2026-06-12 17:15:05.352] [LAT] Path 1478: 76.9µs (0.1GB/s)
  [2026-06-12 17:15:05.353] [LAT] Path 1478: 76.5µs (0.1GB/s)
  [2026-06-12 17:15:05.355] [LAT] Path 1478: 72.5µs (0.1GB/s)
  [2026-06-12 17:15:05.356] [LAT] Path 1478: 74.1µs (0.1GB/s)
  [2026-06-12 17:15:06.367] [LAT] Path 1478: 96.5µs (0.0GB/s)
  [2026-06-12 17:15:06.369] [LAT] Path 1478: 94.0µs (0.0GB/s)
  [2026-06-12 17:15:06.370] [LAT] Path 1478: 77.6µs (0.1GB/s)
  [2026-06-12 17:15:06.372] [LAT] Path 1478: 76.9µs (0.1GB/s)
  [2026-06-12 17:15:06.376] [LAT] Path 1478: 2542.6µs (0.0GB/s)
  [2026-06-12 17:15:06.377] [LAT] Path 1478: 94.0µs (0.0GB/s)
  [2026-06-12 17:15:06.379] [LAT] Path 1478: 87.2µs (0.1GB/s)
  [2026-06-12 17:15:06.381] [LAT] Path 1478: 88.1µs (0.1GB/s)
  [2026-06-12 17:15:06.382] [LAT] Path 1478: 92.0µs (0.0GB/s)
  [2026-06-12 17:15:06.384] [LAT] Path 1478: 76.6µs (0.1GB/s)
  [2026-06-12 17:15:07.394] [LAT] Path 1478: 117.6µs (0.0GB/s)
  [2026-06-12 17:15:07.396] [LAT] Path 1478: 74.7µs (0.1GB/s)
  [2026-06-12 17:15:07.397] [LAT] Path 1478: 74.6µs (0.1GB/s)
  [2026-06-12 17:15:07.399] [LAT] Path 1478: 72.8µs (0.1GB/s)
  [2026-06-12 17:15:07.400] [LAT] Path 1478: 74.8µs (0.1GB/s)
  [2026-06-12 17:15:07.402] [LAT] Path 1478: 87.4µs (0.1GB/s)
  [2026-06-12 17:15:07.404] [LAT] Path 1478: 84.7µs (0.1GB/s)
  [2026-06-12 17:15:07.405] [LAT] Path 1478: 86.0µs (0.1GB/s)
  [2026-06-12 17:15:07.407] [LAT] Path 1478: 85.0µs (0.1GB/s)
  [2026-06-12 17:15:07.408] [LAT] Path 1478: 78.4µs (0.1GB/s)
  [2026-06-12 17:15:08.426] [BW] Path 1478: 7741.8µs (17.3GB/s)
  [2026-06-12 17:15:08.439] [BW] Path 1478: 11233.1µs (11.9GB/s)
  [2026-06-12 17:15:08.447] [BW] Path 1478: 6778.8µs (19.8GB/s)
  [2026-06-12 17:15:08.459] [BW] Path 1478: 10495.8µs (12.8GB/s)
  [2026-06-12 17:15:08.469] [BW] Path 1478: 7646.6µs (17.6GB/s)
  [2026-06-12 17:15:08.470] [LAT] Path 1478: 95.2µs (0.0GB/s)
  [2026-06-12 17:15:08.472] [LAT] Path 1478: 96.0µs (0.0GB/s)
  [2026-06-12 17:15:08.473] [LAT] Path 1478: 95.5µs (0.0GB/s)
  [2026-06-12 17:15:08.475] [LAT] Path 1478: 90.0µs (0.1GB/s)
  [2026-06-12 17:15:08.477] [LAT] Path 1478: 77.2µs (0.1GB/s)
  [2026-06-12 17:15:09.487] [LAT] Path 8351: 90.2µs (0.1GB/s)
  [2026-06-12 17:15:09.488] [LAT] Path 8351: 77.7µs (0.1GB/s)
  [2026-06-12 17:15:09.490] [LAT] Path 8351: 76.3µs (0.1GB/s)
  [2026-06-12 17:15:09.492] [LAT] Path 8351: 75.0µs (0.1GB/s)
  [2026-06-12 17:15:09.493] [LAT] Path 8351: 75.0µs (0.1GB/s)
  [2026-06-12 17:15:09.495] [LAT] Path 8351: 74.3µs (0.1GB/s)
  [2026-06-12 17:15:09.496] [LAT] Path 8351: 68.3µs (0.1GB/s)
  [2026-06-12 17:15:09.498] [LAT] Path 8351: 97.2µs (0.0GB/s)
  [2026-06-12 17:15:09.500] [LAT] Path 8351: 95.1µs (0.0GB/s)
  [2026-06-12 17:15:09.501] [LAT] Path 8351: 99.2µs (0.0GB/s)
  [2026-06-12 17:15:10.512] [LAT] Path 8351: 150.3µs (0.0GB/s)
  [2026-06-12 17:15:10.514] [LAT] Path 8351: 89.1µs (0.1GB/s)
  [2026-06-12 17:15:10.515] [LAT] Path 8351: 88.0µs (0.1GB/s)
  [2026-06-12 17:15:10.517] [LAT] Path 8351: 79.0µs (0.1GB/s)
  [2026-06-12 17:15:10.524] [LAT] Path 8351: 5595.1µs (0.0GB/s)
  [2026-06-12 17:15:10.526] [LAT] Path 8351: 693.8µs (0.0GB/s)
  [2026-06-12 17:15:10.528] [LAT] Path 8351: 91.3µs (0.0GB/s)
  [2026-06-12 17:15:10.529] [LAT] Path 8351: 92.0µs (0.0GB/s)
  [2026-06-12 17:15:10.532] [LAT] Path 8351: 1126.5µs (0.0GB/s)
  [2026-06-12 17:15:10.534] [LAT] Path 8351: 77.8µs (0.1GB/s)
  [2026-06-12 17:15:11.552] [BW] Path 8351: 7892.3µs (17.0GB/s)
  [2026-06-12 17:15:11.568] [BW] Path 8351: 15038.6µs (8.9GB/s)
  [2026-06-12 17:15:11.580] [BW] Path 8351: 10546.8µs (12.7GB/s)
  [2026-06-12 17:15:11.593] [BW] Path 8351: 10927.7µs (12.3GB/s)
  [2026-06-12 17:15:11.601] [BW] Path 8351: 6834.9µs (19.6GB/s)
  [2026-06-12 17:15:11.613] [BW] Path 8351: 10800.0µs (12.4GB/s)
  [2026-06-12 17:15:11.626] [BW] Path 8351: 10671.4µs (12.6GB/s)
  [2026-06-12 17:15:11.642] [BW] Path 8351: 14993.5µs (8.9GB/s)
  [2026-06-12 17:15:11.650] [BW] Path 8351: 6658.4µs (20.2GB/s)
  [2026-06-12 17:15:11.652] [LAT] Path 8351: 99.8µs (0.0GB/s)
  [2026-06-12 17:15:12.663] [LAT] Path 1478: 119.7µs (0.0GB/s)
  [2026-06-12 17:15:12.664] [LAT] Path 1478: 89.4µs (0.1GB/s)
  [2026-06-12 17:15:12.666] [LAT] Path 1478: 78.5µs (0.1GB/s)
  [2026-06-12 17:15:12.668] [LAT] Path 1478: 82.5µs (0.1GB/s)
  [2026-06-12 17:15:12.669] [LAT] Path 1478: 75.6µs (0.1GB/s)
  [2026-06-12 17:15:12.671] [LAT] Path 1478: 74.3µs (0.1GB/s)
  [2026-06-12 17:15:12.672] [LAT] Path 1478: 92.9µs (0.0GB/s)
  [2026-06-12 17:15:12.676] [LAT] Path 1478: 2233.4µs (0.0GB/s)
  [2026-06-12 17:15:12.678] [LAT] Path 1478: 92.6µs (0.0GB/s)
  [2026-06-12 17:15:12.679] [LAT] Path 1478: 80.9µs (0.1GB/s)
  [2026-06-12 17:15:13.690] [LAT] Path 1478: 110.7µs (0.0GB/s)
  [2026-06-12 17:15:13.692] [LAT] Path 1478: 73.7µs (0.1GB/s)
  [2026-06-12 17:15:13.693] [LAT] Path 1478: 74.8µs (0.1GB/s)
  [2026-06-12 17:15:13.695] [LAT] Path 1478: 69.9µs (0.1GB/s)
  [2026-06-12 17:15:13.696] [LAT] Path 1478: 94.3µs (0.0GB/s)
  [2026-06-12 17:15:13.698] [LAT] Path 1478: 95.2µs (0.0GB/s)
  [2026-06-12 17:15:13.700] [LAT] Path 1478: 186.7µs (0.0GB/s)
  [2026-06-12 17:15:13.701] [LAT] Path 1478: 87.3µs (0.1GB/s)
  [2026-06-12 17:15:13.703] [LAT] Path 1478: 71.7µs (0.1GB/s)
  [2026-06-12 17:15:13.704] [LAT] Path 1478: 67.0µs (0.1GB/s)
  [2026-06-12 17:15:14.721] [BW] Path 8351: 6595.5µs (20.4GB/s)
  [2026-06-12 17:15:14.736] [BW] Path 8351: 13176.4µs (10.2GB/s)
  [2026-06-12 17:15:14.745] [BW] Path 8351: 7339.6µs (18.3GB/s)
  [2026-06-12 17:15:14.757] [BW] Path 8351: 10730.9µs (12.5GB/s)
  [2026-06-12 17:15:14.765] [BW] Path 8351: 6859.1µs (19.6GB/s)
  [2026-06-12 17:15:14.784] [BW] Path 8351: 17020.1µs (7.9GB/s)
  [2026-06-12 17:15:14.792] [BW] Path 8351: 6994.9µs (19.2GB/s)
  [2026-06-12 17:15:14.810] [BW] Path 8351: 16399.1µs (8.2GB/s)
  [2026-06-12 17:15:14.812] [LAT] Path 8351: 72.9µs (0.1GB/s)
  [2026-06-12 17:15:14.821] [BW] Path 8351: 7580.1µs (17.7GB/s)
  [2026-06-12 17:15:15.831] [LAT] Path 1478: 102.4µs (0.0GB/s)
  [2026-06-12 17:15:15.833] [LAT] Path 1478: 162.0µs (0.0GB/s)
  [2026-06-12 17:15:15.834] [LAT] Path 1478: 119.3µs (0.0GB/s)
  [2026-06-12 17:15:15.836] [LAT] Path 1478: 89.5µs (0.1GB/s)
  [2026-06-12 17:15:15.838] [LAT] Path 1478: 93.9µs (0.0GB/s)
  [2026-06-12 17:15:15.839] [LAT] Path 1478: 92.4µs (0.0GB/s)
  [2026-06-12 17:15:15.841] [LAT] Path 1478: 72.2µs (0.1GB/s)
  [2026-06-12 17:15:15.842] [LAT] Path 1478: 75.1µs (0.1GB/s)
  [2026-06-12 17:15:15.844] [LAT] Path 1478: 75.1µs (0.1GB/s)
  [2026-06-12 17:15:15.846] [LAT] Path 1478: 72.8µs (0.1GB/s)
  [2026-06-12 17:15:16.856] [LAT] Path 1478: 84.8µs (0.1GB/s)
  [2026-06-12 17:15:16.858] [LAT] Path 1478: 92.7µs (0.0GB/s)
  [2026-06-12 17:15:16.859] [LAT] Path 1478: 87.7µs (0.1GB/s)
  [2026-06-12 17:15:16.861] [LAT] Path 1478: 85.2µs (0.1GB/s)
  [2026-06-12 17:15:16.862] [LAT] Path 1478: 94.6µs (0.0GB/s)
  [2026-06-12 17:15:16.864] [LAT] Path 1478: 71.7µs (0.1GB/s)
  [2026-06-12 17:15:16.868] [LAT] Path 1478: 2289.4µs (0.0GB/s)
  [2026-06-12 17:15:16.869] [LAT] Path 1478: 76.7µs (0.1GB/s)
  [2026-06-12 17:15:16.871] [LAT] Path 1478: 75.3µs (0.1GB/s)
  [2026-06-12 17:15:16.873] [LAT] Path 1478: 90.4µs (0.1GB/s)
  [2026-06-12 17:15:17.893] [BW] Path 1478: 10300.2µs (13.0GB/s)
  [2026-06-12 17:15:17.901] [BW] Path 1478: 6794.5µs (19.8GB/s)
  [2026-06-12 17:15:17.914] [BW] Path 1478: 11264.8µs (11.9GB/s)
  [2026-06-12 17:15:17.923] [BW] Path 1478: 7175.9µs (18.7GB/s)
  [2026-06-12 17:15:17.941] [BW] Path 1478: 17002.7µs (7.9GB/s)
  [2026-06-12 17:15:17.943] [LAT] Path 1478: 75.1µs (0.1GB/s)
  [2026-06-12 17:15:17.944] [LAT] Path 1478: 75.4µs (0.1GB/s)
  [2026-06-12 17:15:17.952] [LAT] Path 1478: 5570.3µs (0.0GB/s)
  [2026-06-12 17:15:17.953] [LAT] Path 1478: 91.1µs (0.0GB/s)
  [2026-06-12 17:15:17.955] [LAT] Path 1478: 87.6µs (0.1GB/s)
  [2026-06-12 17:15:18.965] [LAT] Path 8351: 80.5µs (0.1GB/s)
  [2026-06-12 17:15:18.967] [LAT] Path 8351: 84.2µs (0.1GB/s)
  [2026-06-12 17:15:18.969] [LAT] Path 8351: 90.3µs (0.1GB/s)
  [2026-06-12 17:15:18.970] [LAT] Path 8351: 152.8µs (0.0GB/s)
  [2026-06-12 17:15:18.972] [LAT] Path 8351: 90.8µs (0.1GB/s)
  [2026-06-12 17:15:18.973] [LAT] Path 8351: 72.3µs (0.1GB/s)
  [2026-06-12 17:15:18.975] [LAT] Path 8351: 77.5µs (0.1GB/s)
  [2026-06-12 17:15:18.977] [LAT] Path 8351: 80.8µs (0.1GB/s)
  [2026-06-12 17:15:18.978] [LAT] Path 8351: 78.7µs (0.1GB/s)
  [2026-06-12 17:15:18.980] [LAT] Path 8351: 78.1µs (0.1GB/s)
  [2026-06-12 17:15:19.990] [LAT] Path 1478: 137.4µs (0.0GB/s)
  [2026-06-12 17:15:19.992] [LAT] Path 1478: 96.1µs (0.0GB/s)
  [2026-06-12 17:15:19.993] [LAT] Path 1478: 93.7µs (0.0GB/s)
  [2026-06-12 17:15:19.995] [LAT] Path 1478: 92.2µs (0.0GB/s)
  [2026-06-12 17:15:19.998] [LAT] Path 1478: 1599.8µs (0.0GB/s)
  [2026-06-12 17:15:20.000] [LAT] Path 1478: 78.9µs (0.1GB/s)
  [2026-06-12 17:15:20.001] [LAT] Path 1478: 77.5µs (0.1GB/s)
  [2026-06-12 17:15:20.004] [LAT] Path 1478: 1198.5µs (0.0GB/s)
  [2026-06-12 17:15:20.006] [LAT] Path 1478: 90.7µs (0.1GB/s)
  [2026-06-12 17:15:20.007] [LAT] Path 1478: 86.8µs (0.1GB/s)
  [2026-06-12 17:15:21.023] [BW] Path 1478: 6752.9µs (19.9GB/s)
  [2026-06-12 17:15:21.031] [BW] Path 1478: 6907.2µs (19.4GB/s)
  [2026-06-12 17:15:21.040] [BW] Path 1478: 6745.6µs (19.9GB/s)
  [2026-06-12 17:15:21.048] [BW] Path 1478: 6837.4µs (19.6GB/s)
  [2026-06-12 17:15:21.050] [LAT] Path 8351: 74.0µs (0.1GB/s)
  [2026-06-12 17:15:21.051] [LAT] Path 8351: 73.8µs (0.1GB/s)
  [2026-06-12 17:15:21.053] [LAT] Path 8351: 72.9µs (0.1GB/s)
  [2026-06-12 17:15:21.555] [LAT] Path 27734: 75.7µs (0.1GB/s)
  [2026-06-12 17:15:21.557] [LAT] Path 27734: 73.9µs (0.1GB/s)
  [2026-06-12 17:15:21.558] [LAT] Path 27734: 74.3µs (0.1GB/s)
  [2026-06-12 17:15:22.061] [LAT] Path 27734: 134.5µs (0.0GB/s)
  [2026-06-12 17:16:25.628] [LAT] Path 45135: 195.1µs (0.0GB/s)
  [2026-06-12 17:16:25.630] [LAT] Path 45135: 108.7µs (0.0GB/s)
  [2026-06-12 17:16:25.632] [LAT] Path 45135: 109.2µs (0.0GB/s)
  [2026-06-12 17:16:25.633] [LAT] Path 45135: 99.6µs (0.0GB/s)
  [2026-06-12 17:16:25.635] [LAT] Path 45135: 95.0µs (0.0GB/s)
  [2026-06-12 17:16:25.636] [LAT] Path 706: 94.0µs (0.0GB/s)
  [2026-06-12 17:16:25.638] [LAT] Path 51197: 95.7µs (0.0GB/s)
  [2026-06-12 17:16:25.640] [LAT] Path 51197: 98.0µs (0.0GB/s)
  [2026-06-12 17:16:25.641] [LAT] Path 51197: 100.2µs (0.0GB/s)
  [2026-06-12 17:16:26.150] [LAT] Path 27734: 144.7µs (0.0GB/s)
  [2026-06-12 17:16:26.151] [LAT] Path 27734: 82.4µs (0.1GB/s)
  [2026-06-12 17:16:26.153] [LAT] Path 27734: 384.0µs (0.0GB/s)
  [2026-06-12 17:16:26.155] [LAT] Path 27734: 73.5µs (0.1GB/s)
  [2026-06-12 17:16:26.156] [LAT] Path 27734: 93.8µs (0.0GB/s)
  [2026-06-12 17:16:26.158] [LAT] Path 27734: 89.9µs (0.1GB/s)
  [2026-06-12 17:16:26.159] [LAT] Path 27734: 77.1µs (0.1GB/s)
  [2026-06-12 17:16:26.161] [LAT] Path 51197: 266.5µs (0.0GB/s)
  [2026-06-12 17:16:26.163] [LAT] Path 51197: 83.2µs (0.1GB/s)
  [2026-06-12 17:16:26.164] [LAT] Path 51197: 27.1µs (0.1GB/s)
  [2026-06-12 17:16:27.201] [LAT] Path 706: 208.1µs (0.0GB/s)
  [2026-06-12 17:16:27.203] [LAT] Path 706: 79.3µs (0.1GB/s)
  [2026-06-12 17:16:27.204] [LAT] Path 706: 78.1µs (0.1GB/s)
  [2026-06-12 17:16:27.206] [LAT] Path 706: 79.2µs (0.1GB/s)
  [2026-06-12 17:16:27.216] [BW] Path 706: 8521.0µs (15.8GB/s)
  [2026-06-12 17:16:27.224] [BW] Path 706: 6568.8µs (20.4GB/s)
  [2026-06-12 17:16:27.235] [BW] Path 706: 9122.0µs (14.7GB/s)
  [2026-06-12 17:16:27.236] [LAT] Path 706: 28.1µs (0.1GB/s)
  [2026-06-12 17:16:27.244] [BW] Path 706: 6549.9µs (20.5GB/s)
  [2026-06-12 17:16:27.253] [BW] Path 706: 7130.9µs (18.8GB/s)
  [2026-06-12 17:16:28.584] [LAT] Path 40797: 167.8µs (0.0GB/s)
  [2026-06-12 17:16:28.593] [BW] Path 40797: 6807.7µs (19.7GB/s)
  [2026-06-12 17:16:28.601] [BW] Path 40797: 6544.7µs (20.5GB/s)
  [2026-06-12 17:16:28.609] [BW] Path 40797: 6573.2µs (20.4GB/s)
  [2026-06-12 17:16:28.620] [BW] Path 40797: 9111.8µs (14.7GB/s)
  [2026-06-12 17:16:28.628] [BW] Path 40797: 6741.9µs (19.9GB/s)
  [2026-06-12 17:16:28.636] [BW] Path 40797: 6558.0µs (20.5GB/s)
  [2026-06-12 17:16:28.647] [BW] Path 40797: 9076.7µs (14.8GB/s)
  [2026-06-12 17:16:28.655] [BW] Path 40797: 6701.5µs (20.0GB/s)
  [2026-06-12 17:16:28.663] [BW] Path 40797: 6576.2µs (20.4GB/s)
  [2026-06-12 17:16:29.723] [LAT] Path 27010: 161.3µs (0.0GB/s)
  [2026-06-12 17:16:29.734] [BW] Path 27010: 9222.3µs (14.6GB/s)
  [2026-06-12 17:16:29.742] [BW] Path 27010: 6696.1µs (20.0GB/s)
  [2026-06-12 17:16:29.751] [BW] Path 27010: 6811.7µs (19.7GB/s)
  [2026-06-12 17:16:29.759] [BW] Path 27010: 6521.6µs (20.6GB/s)
  [2026-06-12 17:16:29.769] [BW] Path 27010: 8579.0µs (15.6GB/s)
  [2026-06-12 17:16:29.777] [BW] Path 27010: 7102.9µs (18.9GB/s)
  [2026-06-12 17:16:29.787] [BW] Path 27010: 8532.6µs (15.7GB/s)
  [2026-06-12 17:16:29.798] [BW] Path 27010: 9311.3µs (14.4GB/s)
  [2026-06-12 17:16:29.807] [BW] Path 27010: 6934.9µs (19.4GB/s)
  [2026-06-12 17:16:30.932] [LAT] Path 51491: 142.7µs (0.0GB/s)
  [2026-06-12 17:16:30.934] [LAT] Path 51491: 89.1µs (0.1GB/s)
  [2026-06-12 17:16:30.936] [LAT] Path 51491: 101.9µs (0.0GB/s)
  [2026-06-12 17:16:30.937] [LAT] Path 51491: 103.4µs (0.0GB/s)
  [2026-06-12 17:16:30.939] [LAT] Path 51491: 81.0µs (0.1GB/s)
  [2026-06-12 17:16:30.941] [LAT] Path 51491: 82.2µs (0.1GB/s)
  [2026-06-12 17:16:30.942] [LAT] Path 51491: 103.8µs (0.0GB/s)
  [2026-06-12 17:16:30.944] [LAT] Path 51491: 317.7µs (0.0GB/s)
  [2026-06-12 17:16:30.946] [LAT] Path 51491: 87.5µs (0.1GB/s)
  [2026-06-12 17:16:30.948] [LAT] Path 51491: 72.7µs (0.1GB/s)
  [2026-06-12 17:16:32.188] [LAT] Path 51491: 512.1µs (0.0GB/s)
  [2026-06-12 17:16:32.196] [BW] Path 51491: 6529.4µs (20.6GB/s)
  [2026-06-12 17:16:32.205] [BW] Path 51491: 7143.1µs (18.8GB/s)
  [2026-06-12 17:16:32.213] [BW] Path 51491: 6500.0µs (20.6GB/s)
  [2026-06-12 17:16:32.223] [BW] Path 51491: 8649.8µs (15.5GB/s)
  [2026-06-12 17:16:32.231] [BW] Path 51491: 6531.9µs (20.6GB/s)
  [2026-06-12 17:16:32.240] [BW] Path 51491: 6635.9µs (20.2GB/s)
  [2026-06-12 17:16:32.250] [BW] Path 51491: 9102.5µs (14.8GB/s)
  [2026-06-12 17:16:32.258] [BW] Path 51491: 6566.3µs (20.4GB/s)
  [2026-06-12 17:16:32.269] [BW] Path 51491: 8712.5µs (15.4GB/s)
  [2026-06-12 17:16:33.310] [BW] Path 51491: 8707.4µs (15.4GB/s)
  [2026-06-12 17:16:33.320] [BW] Path 51491: 8987.9µs (14.9GB/s)
  [2026-06-12 17:16:33.329] [BW] Path 51491: 7137.8µs (18.8GB/s)
  [2026-06-12 17:16:33.337] [BW] Path 51491: 6639.5µs (20.2GB/s)
  [2026-06-12 17:16:33.348] [BW] Path 51491: 9240.7µs (14.5GB/s)
  [2026-06-12 17:16:33.357] [BW] Path 51491: 7011.2µs (19.1GB/s)
  [2026-06-12 17:16:33.366] [BW] Path 51491: 7355.5µs (18.2GB/s)
  [2026-06-12 17:16:33.378] [BW] Path 51491: 10423.5µs (12.9GB/s)
  [2026-06-12 17:16:33.392] [BW] Path 51491: 12714.6µs (10.6GB/s)
  [2026-06-12 17:16:33.400] [BW] Path 51491: 6519.6µs (20.6GB/s)
  [2026-06-12 17:17:22.749] [LAT] Path 45135: 175.7µs (0.0GB/s)
  [2026-06-12 17:17:22.758] [BW] Path 45135: 6496.2µs (20.7GB/s)
  [2026-06-12 17:17:22.759] [LAT] Path 45135: 78.6µs (0.1GB/s)
  [2026-06-12 17:17:22.761] [LAT] Path 45135: 75.0µs (0.1GB/s)
  [2026-06-12 17:17:22.762] [LAT] Path 45135: 71.4µs (0.1GB/s)
  [2026-06-12 17:17:22.764] [LAT] Path 45135: 78.2µs (0.1GB/s)
  [2026-06-12 17:17:22.765] [LAT] Path 45135: 72.7µs (0.1GB/s)
  [2026-06-12 17:17:22.767] [LAT] Path 45135: 75.4µs (0.1GB/s)
  [2026-06-12 17:17:22.768] [LAT] Path 45135: 74.4µs (0.1GB/s)
  [2026-06-12 17:17:22.770] [LAT] Path 45135: 73.5µs (0.1GB/s)
  [2026-06-12 17:17:23.282] [LAT] Path 45135: 147.7µs (0.0GB/s)
  [2026-06-12 17:17:23.283] [LAT] Path 45135: 185.5µs (0.0GB/s)
  [2026-06-12 17:17:23.285] [LAT] Path 45135: 123.5µs (0.0GB/s)
  [2026-06-12 17:17:23.287] [LAT] Path 45135: 143.6µs (0.0GB/s)
  [2026-06-12 17:17:23.288] [LAT] Path 45135: 78.2µs (0.1GB/s)
  [2026-06-12 17:17:23.290] [LAT] Path 45135: 72.9µs (0.1GB/s)
  [2026-06-12 17:17:23.292] [LAT] Path 45135: 72.8µs (0.1GB/s)
  [2026-06-12 17:17:23.293] [LAT] Path 45135: 74.2µs (0.1GB/s)
  [2026-06-12 17:17:23.295] [LAT] Path 45135: 73.6µs (0.1GB/s)
  [2026-06-12 17:17:23.296] [LAT] Path 45135: 72.5µs (0.1GB/s)
  [2026-06-12 17:17:24.327] [LAT] Path 45135: 166.4µs (0.0GB/s)
  [2026-06-12 17:17:24.329] [LAT] Path 45135: 79.4µs (0.1GB/s)
  [2026-06-12 17:17:24.330] [LAT] Path 45135: 76.1µs (0.1GB/s)
  [2026-06-12 17:17:24.332] [LAT] Path 45135: 73.4µs (0.1GB/s)
  [2026-06-12 17:17:24.333] [LAT] Path 45135: 71.1µs (0.1GB/s)
  [2026-06-12 17:17:24.335] [LAT] Path 45135: 171.2µs (0.0GB/s)
  [2026-06-12 17:17:24.336] [LAT] Path 45135: 67.9µs (0.1GB/s)
  [2026-06-12 17:17:24.338] [LAT] Path 45135: 73.3µs (0.1GB/s)
  [2026-06-12 17:17:24.339] [LAT] Path 45135: 71.5µs (0.1GB/s)
  [2026-06-12 17:17:24.341] [LAT] Path 45135: 73.3µs (0.1GB/s)
  [2026-06-12 17:17:25.380] [LAT] Path 27010: 160.1µs (0.0GB/s)
  [2026-06-12 17:17:25.381] [LAT] Path 27010: 77.0µs (0.1GB/s)
  [2026-06-12 17:17:25.383] [LAT] Path 27010: 77.7µs (0.1GB/s)
  [2026-06-12 17:17:25.384] [LAT] Path 27010: 73.7µs (0.1GB/s)
  [2026-06-12 17:17:25.386] [LAT] Path 27010: 70.4µs (0.1GB/s)
  [2026-06-12 17:17:25.387] [LAT] Path 27010: 76.5µs (0.1GB/s)
  [2026-06-12 17:17:25.389] [LAT] Path 27010: 69.6µs (0.1GB/s)
  [2026-06-12 17:17:25.391] [LAT] Path 27010: 74.2µs (0.1GB/s)
  [2026-06-12 17:17:25.392] [LAT] Path 27010: 74.8µs (0.1GB/s)
  [2026-06-12 17:17:25.394] [LAT] Path 27010: 75.8µs (0.1GB/s)
  [2026-06-12 17:17:26.430] [LAT] Path 18787: 128.6µs (0.0GB/s)
  [2026-06-12 17:17:26.432] [LAT] Path 18787: 80.2µs (0.1GB/s)
  [2026-06-12 17:17:26.433] [LAT] Path 18787: 77.8µs (0.1GB/s)
  [2026-06-12 17:17:26.435] [LAT] Path 18787: 75.7µs (0.1GB/s)
  [2026-06-12 17:17:26.436] [LAT] Path 18787: 76.1µs (0.1GB/s)
  [2026-06-12 17:17:26.438] [LAT] Path 18787: 77.5µs (0.1GB/s)
  [2026-06-12 17:17:26.440] [LAT] Path 18787: 76.5µs (0.1GB/s)
  [2026-06-12 17:17:26.441] [LAT] Path 18787: 78.1µs (0.1GB/s)
  [2026-06-12 17:17:26.443] [LAT] Path 18787: 77.1µs (0.1GB/s)
  [2026-06-12 17:17:26.444] [LAT] Path 18787: 78.0µs (0.1GB/s)
  [2026-06-12 17:17:27.481] [LAT] Path 40797: 175.3µs (0.0GB/s)
  [2026-06-12 17:17:27.482] [LAT] Path 40797: 78.2µs (0.1GB/s)
  [2026-06-12 17:17:27.484] [LAT] Path 40797: 78.9µs (0.1GB/s)
  [2026-06-12 17:17:27.485] [LAT] Path 40797: 70.6µs (0.1GB/s)
  [2026-06-12 17:17:27.487] [LAT] Path 40797: 76.0µs (0.1GB/s)
  [2026-06-12 17:17:27.488] [LAT] Path 40797: 74.2µs (0.1GB/s)
  [2026-06-12 17:17:27.490] [LAT] Path 40797: 73.7µs (0.1GB/s)
  [2026-06-12 17:17:27.491] [LAT] Path 40797: 73.2µs (0.1GB/s)
  [2026-06-12 17:17:27.493] [LAT] Path 40797: 73.1µs (0.1GB/s)
  [2026-06-12 17:17:27.494] [LAT] Path 40797: 72.5µs (0.1GB/s)
  [2026-06-12 17:17:28.546] [LAT] Path 706: 172.0µs (0.0GB/s)
  [2026-06-12 17:17:28.548] [LAT] Path 706: 81.0µs (0.1GB/s)
  [2026-06-12 17:17:28.550] [LAT] Path 706: 333.4µs (0.0GB/s)
  [2026-06-12 17:17:28.551] [LAT] Path 706: 75.2µs (0.1GB/s)
  [2026-06-12 17:17:28.553] [LAT] Path 706: 69.3µs (0.1GB/s)
  [2026-06-12 17:17:28.554] [LAT] Path 706: 76.3µs (0.1GB/s)
  [2026-06-12 17:17:28.556] [LAT] Path 706: 75.5µs (0.1GB/s)
  [2026-06-12 17:17:28.557] [LAT] Path 706: 73.2µs (0.1GB/s)
  [2026-06-12 17:17:28.559] [LAT] Path 706: 72.5µs (0.1GB/s)
  [2026-06-12 17:17:28.561] [LAT] Path 706: 72.8µs (0.1GB/s)
  [2026-06-12 17:17:29.629] [LAT] Path 8351: 166.9µs (0.0GB/s)
  [2026-06-12 17:17:29.631] [LAT] Path 8351: 93.7µs (0.0GB/s)
  [2026-06-12 17:17:29.633] [LAT] Path 8351: 373.2µs (0.0GB/s)
  [2026-06-12 17:17:29.634] [LAT] Path 8351: 77.0µs (0.1GB/s)
  [2026-06-12 17:17:29.636] [LAT] Path 8351: 70.7µs (0.1GB/s)
  [2026-06-12 17:17:29.637] [LAT] Path 8351: 72.9µs (0.1GB/s)
  [2026-06-12 17:17:29.639] [LAT] Path 8351: 72.9µs (0.1GB/s)
  [2026-06-12 17:17:29.640] [LAT] Path 8351: 73.4µs (0.1GB/s)
  [2026-06-12 17:17:29.642] [LAT] Path 8351: 74.7µs (0.1GB/s)
  [2026-06-12 17:17:29.644] [LAT] Path 8351: 72.5µs (0.1GB/s)
  [2026-06-12 17:17:30.692] [BW] Path 51197: 6725.8µs (20.0GB/s)
  [2026-06-12 17:17:30.693] [LAT] Path 51197: 103.1µs (0.0GB/s)
  [2026-06-12 17:17:30.695] [LAT] Path 51197: 82.3µs (0.1GB/s)
  [2026-06-12 17:17:30.697] [LAT] Path 51197: 83.0µs (0.1GB/s)
  [2026-06-12 17:17:30.698] [LAT] Path 51197: 77.9µs (0.1GB/s)
  [2026-06-12 17:17:30.700] [LAT] Path 51197: 79.5µs (0.1GB/s)
  [2026-06-12 17:17:30.701] [LAT] Path 51197: 77.8µs (0.1GB/s)
  [2026-06-12 17:17:30.703] [LAT] Path 51197: 77.3µs (0.1GB/s)
  [2026-06-12 17:17:30.705] [LAT] Path 51197: 77.9µs (0.1GB/s)
  [2026-06-12 17:17:30.706] [LAT] Path 51197: 81.8µs (0.1GB/s)
  [2026-06-12 17:17:31.773] [BW] Path 51197: 6561.1µs (20.5GB/s)
  [2026-06-12 17:17:31.775] [LAT] Path 51197: 154.0µs (0.0GB/s)
  [2026-06-12 17:17:31.776] [LAT] Path 51197: 128.5µs (0.0GB/s)
  [2026-06-12 17:17:31.778] [LAT] Path 51197: 126.4µs (0.0GB/s)
  [2026-06-12 17:17:31.780] [LAT] Path 51197: 75.2µs (0.1GB/s)
  [2026-06-12 17:17:31.781] [LAT] Path 51197: 74.5µs (0.1GB/s)
  [2026-06-12 17:17:31.783] [LAT] Path 51197: 126.1µs (0.0GB/s)
  [2026-06-12 17:17:31.784] [LAT] Path 51197: 74.4µs (0.1GB/s)
  [2026-06-12 17:17:31.786] [LAT] Path 51197: 83.0µs (0.1GB/s)
  [2026-06-12 17:17:31.787] [LAT] Path 51197: 84.9µs (0.1GB/s)
  [2026-06-12 17:23:14.633] [LAT] Path 706: 144.4µs (0.0GB/s)
  [2026-06-12 17:23:14.634] [LAT] Path 706: 82.0µs (0.1GB/s)
  [2026-06-12 17:23:14.636] [LAT] Path 706: 336.4µs (0.0GB/s)
  [2026-06-12 17:23:14.646] [BW] Path 706: 8278.5µs (16.2GB/s)
  [2026-06-12 17:23:14.654] [BW] Path 706: 6665.5µs (20.1GB/s)
  [2026-06-12 17:23:14.656] [LAT] Path 706: 27.8µs (0.1GB/s)
  [2026-06-12 17:23:14.666] [BW] Path 706: 8756.9µs (15.3GB/s)
  [2026-06-12 17:23:14.674] [BW] Path 706: 6630.1µs (20.2GB/s)
  [2026-06-12 17:23:14.684] [BW] Path 706: 8556.2µs (15.7GB/s)
  [2026-06-12 17:23:14.686] [LAT] Path 706: 28.5µs (0.1GB/s)
  [2026-06-12 17:23:15.723] [LAT] Path 27010: 232.9µs (0.0GB/s)
  [2026-06-12 17:23:15.724] [LAT] Path 27010: 147.9µs (0.0GB/s)
  [2026-06-12 17:23:15.733] [BW] Path 27010: 7096.5µs (18.9GB/s)
  [2026-06-12 17:23:15.741] [BW] Path 27010: 6595.2µs (20.4GB/s)
  [2026-06-12 17:23:15.743] [LAT] Path 27010: 29.7µs (0.1GB/s)
  [2026-06-12 17:23:15.753] [BW] Path 27010: 8611.6µs (15.6GB/s)
  [2026-06-12 17:23:15.763] [BW] Path 27010: 8393.4µs (16.0GB/s)
  [2026-06-12 17:23:15.772] [BW] Path 27010: 8254.1µs (16.3GB/s)
  [2026-06-12 17:23:15.774] [LAT] Path 27010: 28.1µs (0.1GB/s)
  [2026-06-12 17:23:15.782] [BW] Path 27010: 6534.2µs (20.5GB/s)
  [2026-06-12 17:23:17.136] [LAT] Path 18787: 145.2µs (0.0GB/s)
  [2026-06-12 17:23:17.137] [LAT] Path 18787: 78.6µs (0.1GB/s)
  [2026-06-12 17:23:17.145] [BW] Path 18787: 6744.8µs (19.9GB/s)
  [2026-06-12 17:23:17.154] [BW] Path 18787: 6519.8µs (20.6GB/s)
  [2026-06-12 17:23:17.164] [BW] Path 18787: 8976.3µs (14.9GB/s)
  [2026-06-12 17:23:17.172] [BW] Path 18787: 6574.1µs (20.4GB/s)
  [2026-06-12 17:23:17.182] [BW] Path 18787: 8008.1µs (16.8GB/s)
  [2026-06-12 17:23:17.192] [BW] Path 18787: 9241.4µs (14.5GB/s)
  [2026-06-12 17:23:17.200] [BW] Path 18787: 6601.4µs (20.3GB/s)
  [2026-06-12 17:23:17.208] [BW] Path 18787: 6552.3µs (20.5GB/s)
  [2026-06-12 17:23:18.272] [BW] Path 27010: 9540.7µs (14.1GB/s)
  [2026-06-12 17:23:18.280] [BW] Path 27010: 6594.2µs (20.4GB/s)
  [2026-06-12 17:23:18.290] [BW] Path 27010: 8463.2µs (15.9GB/s)
  [2026-06-12 17:23:18.301] [BW] Path 27010: 9801.3µs (13.7GB/s)
  [2026-06-12 17:23:18.310] [BW] Path 27010: 6880.3µs (19.5GB/s)
  [2026-06-12 17:23:18.318] [BW] Path 27010: 6545.8µs (20.5GB/s)
  [2026-06-12 17:23:18.327] [BW] Path 27010: 7366.6µs (18.2GB/s)
  [2026-06-12 17:23:18.336] [BW] Path 27010: 7697.9µs (17.4GB/s)
  [2026-06-12 17:23:18.344] [BW] Path 27010: 6803.8µs (19.7GB/s)
  [2026-06-12 17:23:18.352] [BW] Path 27010: 6551.1µs (20.5GB/s)
  [2026-06-12 17:23:19.406] [LAT] Path 27010: 148.1µs (0.0GB/s)
  [2026-06-12 17:23:19.408] [LAT] Path 27010: 81.3µs (0.1GB/s)
  [2026-06-12 17:23:19.410] [LAT] Path 27010: 79.2µs (0.1GB/s)
  [2026-06-12 17:23:19.412] [LAT] Path 27010: 87.8µs (0.1GB/s)
  [2026-06-12 17:23:19.413] [LAT] Path 27010: 94.8µs (0.0GB/s)
  [2026-06-12 17:23:19.415] [LAT] Path 27010: 87.2µs (0.1GB/s)
  [2026-06-12 17:23:19.417] [LAT] Path 27010: 72.8µs (0.1GB/s)
  [2026-06-12 17:23:19.418] [LAT] Path 27010: 79.9µs (0.1GB/s)
  [2026-06-12 17:23:19.420] [LAT] Path 27010: 78.1µs (0.1GB/s)
  [2026-06-12 17:23:19.422] [LAT] Path 27010: 84.3µs (0.1GB/s)
  [2026-06-12 17:23:20.732] [LAT] Path 8351: 146.3µs (0.0GB/s)
  [2026-06-12 17:23:20.734] [LAT] Path 8351: 82.4µs (0.1GB/s)
  [2026-06-12 17:23:20.742] [BW] Path 8351: 6549.7µs (20.5GB/s)
  [2026-06-12 17:23:20.752] [BW] Path 8351: 8426.4µs (15.9GB/s)
  [2026-06-12 17:23:20.763] [BW] Path 8351: 9724.1µs (13.8GB/s)
  [2026-06-12 17:23:20.771] [BW] Path 8351: 6575.8µs (20.4GB/s)
  [2026-06-12 17:23:20.779] [BW] Path 8351: 6529.3µs (20.6GB/s)
  [2026-06-12 17:23:20.790] [BW] Path 8351: 9191.2µs (14.6GB/s)
  [2026-06-12 17:23:20.798] [BW] Path 8351: 6794.4µs (19.8GB/s)
  [2026-06-12 17:23:20.806] [BW] Path 8351: 6482.0µs (20.7GB/s)
  [2026-06-12 17:23:21.840] [BW] Path 706: 6647.9µs (20.2GB/s)
  [2026-06-12 17:23:21.850] [BW] Path 706: 8915.5µs (15.1GB/s)
  [2026-06-12 17:23:21.858] [BW] Path 706: 6686.1µs (20.1GB/s)
  [2026-06-12 17:23:21.868] [BW] Path 706: 8462.1µs (15.9GB/s)
  [2026-06-12 17:23:21.879] [BW] Path 706: 9325.7µs (14.4GB/s)
  [2026-06-12 17:23:21.887] [BW] Path 706: 6767.3µs (19.8GB/s)
  [2026-06-12 17:23:21.895] [BW] Path 706: 6559.3µs (20.5GB/s)
  [2026-06-12 17:23:21.904] [BW] Path 706: 6922.5µs (19.4GB/s)
  [2026-06-12 17:23:21.913] [BW] Path 706: 8100.3µs (16.6GB/s)
  [2026-06-12 17:23:21.921] [BW] Path 706: 6540.3µs (20.5GB/s)
  [2026-06-12 17:24:12.270] [LAT] Path 18787: 139.2µs (0.0GB/s)
  [2026-06-12 17:24:12.271] [LAT] Path 18787: 80.9µs (0.1GB/s)
  [2026-06-12 17:24:12.273] [LAT] Path 18787: 80.2µs (0.1GB/s)
  [2026-06-12 17:24:12.274] [LAT] Path 18787: 78.0µs (0.1GB/s)
  [2026-06-12 17:24:12.276] [LAT] Path 18787: 79.1µs (0.1GB/s)
  [2026-06-12 17:24:12.277] [LAT] Path 18787: 79.6µs (0.1GB/s)
  [2026-06-12 17:24:12.279] [LAT] Path 18787: 75.3µs (0.1GB/s)
  [2026-06-12 17:24:12.280] [LAT] Path 18787: 75.8µs (0.1GB/s)
  [2026-06-12 17:24:12.282] [LAT] Path 18787: 77.4µs (0.1GB/s)
  [2026-06-12 17:24:12.283] [LAT] Path 18787: 76.8µs (0.1GB/s)
  [2026-06-12 17:24:12.790] [LAT] Path 18787: 134.2µs (0.0GB/s)
  [2026-06-12 17:24:12.791] [LAT] Path 18787: 78.7µs (0.1GB/s)
  [2026-06-12 17:24:12.793] [LAT] Path 18787: 79.5µs (0.1GB/s)
  [2026-06-12 17:24:12.795] [LAT] Path 18787: 76.2µs (0.1GB/s)
  [2026-06-12 17:24:12.796] [LAT] Path 18787: 78.0µs (0.1GB/s)
  [2026-06-12 17:24:12.798] [LAT] Path 18787: 76.4µs (0.1GB/s)
  [2026-06-12 17:24:12.799] [LAT] Path 18787: 78.0µs (0.1GB/s)
  [2026-06-12 17:24:12.801] [LAT] Path 18787: 76.3µs (0.1GB/s)
  [2026-06-12 17:24:12.802] [LAT] Path 18787: 77.3µs (0.1GB/s)
  [2026-06-12 17:24:12.804] [LAT] Path 18787: 93.2µs (0.0GB/s)
  [2026-06-12 17:24:13.840] [LAT] Path 18787: 147.5µs (0.0GB/s)
  [2026-06-12 17:24:13.842] [LAT] Path 18787: 94.9µs (0.0GB/s)
  [2026-06-12 17:24:13.843] [LAT] Path 18787: 92.9µs (0.0GB/s)
  [2026-06-12 17:24:13.845] [LAT] Path 18787: 91.5µs (0.0GB/s)
  [2026-06-12 17:24:13.847] [LAT] Path 18787: 90.6µs (0.1GB/s)
  [2026-06-12 17:24:13.848] [LAT] Path 18787: 91.3µs (0.0GB/s)
  [2026-06-12 17:24:13.850] [LAT] Path 18787: 93.5µs (0.0GB/s)
  [2026-06-12 17:24:13.852] [LAT] Path 18787: 93.7µs (0.0GB/s)
  [2026-06-12 17:24:13.853] [LAT] Path 18787: 91.9µs (0.0GB/s)
  [2026-06-12 17:24:13.855] [LAT] Path 18787: 92.8µs (0.0GB/s)
  [2026-06-12 17:24:16.371] [LAT] Path 27010: 178.5µs (0.0GB/s)
  [2026-06-12 17:24:16.372] [LAT] Path 27010: 89.0µs (0.1GB/s)
  [2026-06-12 17:24:16.374] [LAT] Path 27010: 86.5µs (0.1GB/s)
  [2026-06-12 17:24:16.375] [LAT] Path 27010: 83.9µs (0.1GB/s)
  [2026-06-12 17:24:16.377] [LAT] Path 27010: 85.6µs (0.1GB/s)
  [2026-06-12 17:24:16.379] [LAT] Path 27010: 329.3µs (0.0GB/s)
  [2026-06-12 17:24:16.380] [LAT] Path 27010: 326.3µs (0.0GB/s)
  [2026-06-12 17:24:16.382] [LAT] Path 27010: 77.2µs (0.1GB/s)
  [2026-06-12 17:24:16.383] [LAT] Path 27010: 69.1µs (0.1GB/s)
  [2026-06-12 17:24:16.385] [LAT] Path 27010: 78.3µs (0.1GB/s)
  [2026-06-12 17:24:16.895] [LAT] Path 8351: 81.7µs (0.1GB/s)
  [2026-06-12 17:24:16.896] [LAT] Path 8351: 75.7µs (0.1GB/s)
  [2026-06-12 17:24:16.900] [LAT] Path 8351: 2233.3µs (0.0GB/s)
  [2026-06-12 17:24:16.902] [LAT] Path 8351: 76.0µs (0.1GB/s)
  [2026-06-12 17:24:16.903] [LAT] Path 8351: 73.2µs (0.1GB/s)
  [2026-06-12 17:24:16.905] [LAT] Path 8351: 76.6µs (0.1GB/s)
  [2026-06-12 17:24:16.906] [LAT] Path 8351: 72.8µs (0.1GB/s)
  [2026-06-12 17:24:16.908] [LAT] Path 8351: 72.0µs (0.1GB/s)
  [2026-06-12 17:24:16.909] [LAT] Path 8351: 73.5µs (0.1GB/s)
  [2026-06-12 17:24:16.910] [LAT] Path 8351: 76.5µs (0.1GB/s)
  [2026-06-12 17:24:18.001] [LAT] Path 45135: 98.7µs (0.0GB/s)
  [2026-06-12 17:24:18.003] [LAT] Path 45135: 74.5µs (0.1GB/s)
  [2026-06-12 17:24:18.004] [LAT] Path 45135: 152.5µs (0.0GB/s)
  [2026-06-12 17:24:18.006] [LAT] Path 45135: 185.0µs (0.0GB/s)
  [2026-06-12 17:24:18.008] [LAT] Path 45135: 255.3µs (0.0GB/s)
  [2026-06-12 17:24:18.010] [LAT] Path 45135: 74.8µs (0.1GB/s)
  [2026-06-12 17:24:18.011] [LAT] Path 45135: 73.2µs (0.1GB/s)
  [2026-06-12 17:24:18.013] [LAT] Path 45135: 78.8µs (0.1GB/s)
  [2026-06-12 17:24:18.015] [LAT] Path 45135: 378.1µs (0.0GB/s)
  [2026-06-12 17:24:18.016] [LAT] Path 45135: 71.5µs (0.1GB/s)
  [2026-06-12 17:24:19.087] [LAT] Path 51491: 65.3µs (0.1GB/s)
  [2026-06-12 17:24:19.088] [LAT] Path 51491: 78.0µs (0.1GB/s)
  [2026-06-12 17:24:19.090] [LAT] Path 51491: 80.4µs (0.1GB/s)
  [2026-06-12 17:24:19.092] [LAT] Path 51491: 78.4µs (0.1GB/s)
  [2026-06-12 17:24:19.093] [LAT] Path 51491: 81.1µs (0.1GB/s)
  [2026-06-12 17:24:19.095] [LAT] Path 51491: 78.3µs (0.1GB/s)
  [2026-06-12 17:24:19.096] [LAT] Path 51491: 75.7µs (0.1GB/s)
  [2026-06-12 17:24:19.098] [LAT] Path 51491: 82.5µs (0.1GB/s)
  [2026-06-12 17:24:19.099] [LAT] Path 51491: 73.6µs (0.1GB/s)
  [2026-06-12 17:24:19.101] [LAT] Path 51491: 81.9µs (0.1GB/s)
  [2026-06-12 17:24:20.168] [LAT] Path 40797: 181.1µs (0.0GB/s)
  [2026-06-12 17:24:20.170] [LAT] Path 40797: 107.2µs (0.0GB/s)
  [2026-06-12 17:24:20.172] [LAT] Path 40797: 90.3µs (0.1GB/s)
  [2026-06-12 17:24:20.174] [LAT] Path 40797: 177.9µs (0.0GB/s)
  [2026-06-12 17:24:20.175] [LAT] Path 40797: 178.4µs (0.0GB/s)
  [2026-06-12 17:24:20.177] [LAT] Path 40797: 81.7µs (0.1GB/s)
  [2026-06-12 17:24:20.178] [LAT] Path 40797: 74.4µs (0.1GB/s)
  [2026-06-12 17:24:20.180] [LAT] Path 40797: 81.4µs (0.1GB/s)
  [2026-06-12 17:24:20.182] [LAT] Path 40797: 79.8µs (0.1GB/s)
  [2026-06-12 17:24:20.183] [LAT] Path 40797: 80.5µs (0.1GB/s)
  [2026-06-12 17:24:21.248] [LAT] Path 51197: 178.3µs (0.0GB/s)
  [2026-06-12 17:24:21.250] [LAT] Path 51197: 102.2µs (0.0GB/s)
  [2026-06-12 17:24:21.252] [LAT] Path 51197: 82.7µs (0.1GB/s)
  [2026-06-12 17:24:21.253] [LAT] Path 51197: 81.2µs (0.1GB/s)
  [2026-06-12 17:24:21.255] [LAT] Path 51197: 78.2µs (0.1GB/s)
  [2026-06-12 17:24:21.256] [LAT] Path 51197: 78.5µs (0.1GB/s)
  [2026-06-12 17:24:21.258] [LAT] Path 51197: 76.9µs (0.1GB/s)
  [2026-06-12 17:24:21.259] [LAT] Path 51197: 78.2µs (0.1GB/s)
  [2026-06-12 17:24:21.261] [LAT] Path 51197: 77.5µs (0.1GB/s)
  [2026-06-12 17:24:21.263] [LAT] Path 51197: 75.6µs (0.1GB/s)
  [2026-06-12 17:30:04.120] [LAT] Path 51491: 199.2µs (0.0GB/s)
  [2026-06-12 17:30:04.122] [LAT] Path 51491: 134.0µs (0.0GB/s)
  [2026-06-12 17:30:04.123] [LAT] Path 51491: 146.9µs (0.0GB/s)
  [2026-06-12 17:30:04.131] [BW] Path 51491: 6508.5µs (20.6GB/s)
  [2026-06-12 17:30:04.133] [LAT] Path 51491: 56.2µs (0.1GB/s)
  [2026-06-12 17:30:04.142] [BW] Path 51491: 7032.4µs (19.1GB/s)
  [2026-06-12 17:30:04.152] [BW] Path 51491: 8290.0µs (16.2GB/s)
  [2026-06-12 17:30:04.161] [BW] Path 51491: 8135.6µs (16.5GB/s)
  [2026-06-12 17:30:04.163] [LAT] Path 51491: 28.2µs (0.1GB/s)
  [2026-06-12 17:30:04.171] [BW] Path 51491: 6579.8µs (20.4GB/s)
  [2026-06-12 17:30:05.206] [LAT] Path 8351: 136.6µs (0.0GB/s)
  [2026-06-12 17:30:05.207] [LAT] Path 8351: 78.0µs (0.1GB/s)
  [2026-06-12 17:30:05.209] [LAT] Path 8351: 30.0µs (0.1GB/s)
  [2026-06-12 17:30:05.219] [BW] Path 8351: 8391.7µs (16.0GB/s)
  [2026-06-12 17:30:05.228] [BW] Path 8351: 7838.1µs (17.1GB/s)
  [2026-06-12 17:30:05.236] [BW] Path 8351: 6492.5µs (20.7GB/s)
  [2026-06-12 17:30:05.238] [LAT] Path 8351: 67.0µs (0.1GB/s)
  [2026-06-12 17:30:05.246] [BW] Path 8351: 6569.9µs (20.4GB/s)
  [2026-06-12 17:30:05.257] [BW] Path 8351: 8623.4µs (15.6GB/s)
  [2026-06-12 17:30:05.265] [BW] Path 8351: 6682.4µs (20.1GB/s)
  [2026-06-12 17:30:06.578] [LAT] Path 27010: 164.7µs (0.0GB/s)
  [2026-06-12 17:30:06.580] [LAT] Path 27010: 88.5µs (0.1GB/s)
  [2026-06-12 17:30:06.582] [LAT] Path 27010: 83.1µs (0.1GB/s)
  [2026-06-12 17:30:06.584] [LAT] Path 27010: 88.6µs (0.1GB/s)
  [2026-06-12 17:30:06.585] [LAT] Path 27010: 95.4µs (0.0GB/s)
  [2026-06-12 17:30:06.587] [LAT] Path 27010: 97.5µs (0.0GB/s)
  [2026-06-12 17:30:06.589] [LAT] Path 27010: 82.5µs (0.1GB/s)
  [2026-06-12 17:30:06.591] [LAT] Path 27010: 70.2µs (0.1GB/s)
  [2026-06-12 17:30:06.592] [LAT] Path 27010: 78.4µs (0.1GB/s)
  [2026-06-12 17:30:06.594] [LAT] Path 27010: 98.4µs (0.0GB/s)
  [2026-06-12 17:30:07.714] [LAT] Path 18787: 144.2µs (0.0GB/s)
  [2026-06-12 17:30:07.715] [LAT] Path 18787: 158.3µs (0.0GB/s)
  [2026-06-12 17:30:07.724] [BW] Path 18787: 6710.8µs (20.0GB/s)
  [2026-06-12 17:30:07.732] [BW] Path 18787: 6712.4µs (20.0GB/s)
  [2026-06-12 17:30:07.742] [BW] Path 18787: 8873.8µs (15.1GB/s)
  [2026-06-12 17:30:07.750] [BW] Path 18787: 6494.1µs (20.7GB/s)
  [2026-06-12 17:30:07.758] [BW] Path 18787: 6822.4µs (19.7GB/s)
  [2026-06-12 17:30:07.769] [BW] Path 18787: 8937.1µs (15.0GB/s)
  [2026-06-12 17:30:07.777] [BW] Path 18787: 6509.1µs (20.6GB/s)
  [2026-06-12 17:30:07.787] [BW] Path 18787: 8663.3µs (15.5GB/s)
  [2026-06-12 17:30:08.846] [BW] Path 706: 8615.1µs (15.6GB/s)
  [2026-06-12 17:30:08.855] [BW] Path 706: 6720.4µs (20.0GB/s)
  [2026-06-12 17:30:08.863] [BW] Path 706: 6666.9µs (20.1GB/s)
  [2026-06-12 17:30:08.872] [BW] Path 706: 6689.8µs (20.1GB/s)
  [2026-06-12 17:30:08.881] [BW] Path 706: 6640.6µs (20.2GB/s)
  [2026-06-12 17:30:08.883] [LAT] Path 706: 126.1µs (0.0GB/s)
  [2026-06-12 17:30:08.885] [LAT] Path 706: 74.2µs (0.1GB/s)
  [2026-06-12 17:30:08.886] [LAT] Path 706: 75.1µs (0.1GB/s)
  [2026-06-12 17:30:08.888] [LAT] Path 706: 79.2µs (0.1GB/s)
  [2026-06-12 17:30:08.890] [LAT] Path 706: 76.0µs (0.1GB/s)
  [2026-06-12 17:30:10.190] [BW] Path 51491: 6845.0µs (19.6GB/s)
  [2026-06-12 17:30:10.199] [BW] Path 51491: 7400.4µs (18.1GB/s)
  [2026-06-12 17:30:10.208] [BW] Path 51491: 7165.7µs (18.7GB/s)
  [2026-06-12 17:30:10.216] [BW] Path 51491: 6603.7µs (20.3GB/s)
  [2026-06-12 17:30:10.224] [BW] Path 51491: 6521.3µs (20.6GB/s)
  [2026-06-12 17:30:10.235] [BW] Path 51491: 9044.0µs (14.8GB/s)
  [2026-06-12 17:30:10.243] [BW] Path 51491: 6513.3µs (20.6GB/s)
  [2026-06-12 17:30:10.253] [BW] Path 51491: 8766.2µs (15.3GB/s)
  [2026-06-12 17:30:10.264] [BW] Path 51491: 9226.8µs (14.6GB/s)
  [2026-06-12 17:30:10.272] [BW] Path 51491: 6917.3µs (19.4GB/s)
  [2026-06-12 17:30:11.312] [BW] Path 51491: 7152.8µs (18.8GB/s)
  [2026-06-12 17:30:11.320] [BW] Path 51491: 6659.1µs (20.2GB/s)
  [2026-06-12 17:30:11.329] [BW] Path 51491: 6731.1µs (19.9GB/s)
  [2026-06-12 17:30:11.340] [BW] Path 51491: 9047.1µs (14.8GB/s)
  [2026-06-12 17:30:11.348] [BW] Path 51491: 6566.0µs (20.4GB/s)
  [2026-06-12 17:30:11.356] [BW] Path 51491: 6567.3µs (20.4GB/s)
  [2026-06-12 17:30:11.366] [BW] Path 51491: 8477.5µs (15.8GB/s)
  [2026-06-12 17:30:11.374] [BW] Path 51491: 6574.2µs (20.4GB/s)
  [2026-06-12 17:30:11.384] [BW] Path 51491: 8543.7µs (15.7GB/s)
  [2026-06-12 17:30:11.395] [BW] Path 51491: 9615.1µs (14.0GB/s)
  [2026-06-12 17:30:12.641] [LAT] Path 45135: 179.0µs (0.0GB/s)
  [2026-06-12 17:30:12.643] [LAT] Path 45135: 79.3µs (0.1GB/s)
  [2026-06-12 17:30:12.645] [LAT] Path 45135: 74.2µs (0.1GB/s)
  [2026-06-12 17:30:12.646] [LAT] Path 45135: 74.3µs (0.1GB/s)
  [2026-06-12 17:30:12.648] [LAT] Path 45135: 72.8µs (0.1GB/s)
  [2026-06-12 17:30:12.650] [LAT] Path 45135: 72.5µs (0.1GB/s)
  [2026-06-12 17:30:12.651] [LAT] Path 45135: 73.1µs (0.1GB/s)
  [2026-06-12 17:30:12.653] [LAT] Path 45135: 74.8µs (0.1GB/s)
  [2026-06-12 17:30:12.655] [LAT] Path 45135: 86.4µs (0.1GB/s)
  [2026-06-12 17:30:12.656] [LAT] Path 45135: 72.9µs (0.1GB/s)
  [2026-06-12 17:31:00.280] [LAT] Path 27010: 185.0µs (0.0GB/s)
  [2026-06-12 17:31:00.282] [LAT] Path 27010: 97.4µs (0.0GB/s)
  [2026-06-12 17:31:00.283] [LAT] Path 27010: 91.4µs (0.0GB/s)
  [2026-06-12 17:31:00.285] [LAT] Path 27010: 93.7µs (0.0GB/s)
  [2026-06-12 17:31:00.287] [LAT] Path 27010: 108.7µs (0.0GB/s)
  [2026-06-12 17:31:00.288] [LAT] Path 27010: 93.1µs (0.0GB/s)
  [2026-06-12 17:31:00.290] [LAT] Path 27010: 95.0µs (0.0GB/s)
  [2026-06-12 17:31:00.291] [LAT] Path 27010: 90.0µs (0.1GB/s)
  [2026-06-12 17:31:00.293] [LAT] Path 27010: 91.3µs (0.0GB/s)
  [2026-06-12 17:31:00.295] [LAT] Path 27010: 88.0µs (0.1GB/s)
  [2026-06-12 17:31:00.811] [LAT] Path 27010: 172.5µs (0.0GB/s)
  [2026-06-12 17:31:00.813] [LAT] Path 27010: 75.5µs (0.1GB/s)
  [2026-06-12 17:31:00.815] [LAT] Path 27010: 75.2µs (0.1GB/s)
  [2026-06-12 17:31:00.816] [LAT] Path 27010: 74.7µs (0.1GB/s)
  [2026-06-12 17:31:00.818] [LAT] Path 27010: 74.8µs (0.1GB/s)
  [2026-06-12 17:31:00.819] [LAT] Path 27010: 73.8µs (0.1GB/s)
  [2026-06-12 17:31:00.821] [LAT] Path 27010: 74.4µs (0.1GB/s)
  [2026-06-12 17:31:00.823] [LAT] Path 27010: 89.6µs (0.1GB/s)
  [2026-06-12 17:31:00.824] [LAT] Path 27010: 76.7µs (0.1GB/s)
  [2026-06-12 17:31:00.826] [LAT] Path 27010: 76.2µs (0.1GB/s)
  [2026-06-12 17:31:01.853] [LAT] Path 27010: 177.2µs (0.0GB/s)
  [2026-06-12 17:31:01.855] [LAT] Path 27010: 79.6µs (0.1GB/s)
  [2026-06-12 17:31:01.856] [LAT] Path 27010: 90.5µs (0.1GB/s)
  [2026-06-12 17:31:01.858] [LAT] Path 27010: 77.2µs (0.1GB/s)
  [2026-06-12 17:31:01.859] [LAT] Path 27010: 102.7µs (0.0GB/s)
  [2026-06-12 17:31:01.861] [LAT] Path 27010: 126.5µs (0.0GB/s)
  [2026-06-12 17:31:01.862] [LAT] Path 27010: 118.4µs (0.0GB/s)
  [2026-06-12 17:31:01.864] [LAT] Path 27010: 69.6µs (0.1GB/s)
  [2026-06-12 17:31:01.865] [LAT] Path 27010: 69.0µs (0.1GB/s)
  [2026-06-12 17:31:01.867] [LAT] Path 27010: 68.4µs (0.1GB/s)
  [2026-06-12 17:31:03.379] [LAT] Path 45135: 172.7µs (0.0GB/s)
  [2026-06-12 17:31:03.381] [LAT] Path 45135: 90.4µs (0.1GB/s)
  [2026-06-12 17:31:03.382] [LAT] Path 45135: 76.8µs (0.1GB/s)
  [2026-06-12 17:31:03.384] [LAT] Path 45135: 76.5µs (0.1GB/s)
  [2026-06-12 17:31:03.385] [LAT] Path 45135: 75.4µs (0.1GB/s)
  [2026-06-12 17:31:03.387] [LAT] Path 45135: 72.9µs (0.1GB/s)
  [2026-06-12 17:31:03.388] [LAT] Path 45135: 79.7µs (0.1GB/s)
  [2026-06-12 17:31:03.390] [LAT] Path 45135: 74.8µs (0.1GB/s)
  [2026-06-12 17:31:03.391] [LAT] Path 45135: 74.7µs (0.1GB/s)
  [2026-06-12 17:31:03.393] [LAT] Path 45135: 75.8µs (0.1GB/s)
  [2026-06-12 17:31:03.902] [LAT] Path 45135: 167.6µs (0.0GB/s)
  [2026-06-12 17:31:03.904] [LAT] Path 45135: 83.2µs (0.1GB/s)
  [2026-06-12 17:31:03.905] [LAT] Path 45135: 71.8µs (0.1GB/s)
  [2026-06-12 17:31:03.907] [LAT] Path 45135: 73.9µs (0.1GB/s)
  [2026-06-12 17:31:03.908] [LAT] Path 45135: 75.9µs (0.1GB/s)
  [2026-06-12 17:31:03.910] [LAT] Path 45135: 83.6µs (0.1GB/s)
  [2026-06-12 17:31:03.911] [LAT] Path 45135: 75.7µs (0.1GB/s)
  [2026-06-12 17:31:03.913] [LAT] Path 45135: 76.2µs (0.1GB/s)
  [2026-06-12 17:31:03.915] [LAT] Path 45135: 74.7µs (0.1GB/s)
  [2026-06-12 17:31:03.916] [LAT] Path 45135: 77.6µs (0.1GB/s)
  [2026-06-12 17:31:04.948] [LAT] Path 45135: 190.0µs (0.0GB/s)
  [2026-06-12 17:31:04.950] [LAT] Path 45135: 106.5µs (0.0GB/s)
  [2026-06-12 17:31:04.951] [LAT] Path 45135: 97.0µs (0.0GB/s)
  [2026-06-12 17:31:04.953] [LAT] Path 45135: 80.3µs (0.1GB/s)
  [2026-06-12 17:31:04.954] [LAT] Path 45135: 77.1µs (0.1GB/s)
  [2026-06-12 17:31:04.956] [LAT] Path 45135: 75.4µs (0.1GB/s)
  [2026-06-12 17:31:04.957] [LAT] Path 45135: 75.2µs (0.1GB/s)
  [2026-06-12 17:31:04.959] [LAT] Path 45135: 76.0µs (0.1GB/s)
  [2026-06-12 17:31:04.961] [LAT] Path 45135: 75.9µs (0.1GB/s)
  [2026-06-12 17:31:04.962] [LAT] Path 45135: 75.5µs (0.1GB/s)
  [2026-06-12 17:31:06.000] [LAT] Path 18787: 34.2µs (0.1GB/s)
  [2026-06-12 17:31:06.002] [LAT] Path 18787: 95.2µs (0.0GB/s)
  [2026-06-12 17:31:06.004] [LAT] Path 18787: 82.9µs (0.1GB/s)
  [2026-06-12 17:31:06.005] [LAT] Path 18787: 76.9µs (0.1GB/s)
  [2026-06-12 17:31:06.007] [LAT] Path 18787: 74.8µs (0.1GB/s)
  [2026-06-12 17:31:06.008] [LAT] Path 18787: 76.2µs (0.1GB/s)
  [2026-06-12 17:31:06.010] [LAT] Path 18787: 76.7µs (0.1GB/s)
  [2026-06-12 17:31:06.012] [LAT] Path 18787: 79.7µs (0.1GB/s)
  [2026-06-12 17:31:06.013] [LAT] Path 18787: 77.5µs (0.1GB/s)
  [2026-06-12 17:31:06.015] [LAT] Path 18787: 75.6µs (0.1GB/s)
  [2026-06-12 17:31:07.040] [LAT] Path 18787: 170.6µs (0.0GB/s)
  [2026-06-12 17:31:07.041] [LAT] Path 18787: 81.0µs (0.1GB/s)
  [2026-06-12 17:31:08.547] [LAT] Path 51197: 172.5µs (0.0GB/s)
  [2026-06-12 17:31:08.548] [LAT] Path 51197: 77.0µs (0.1GB/s)
  [2026-06-12 17:31:09.054] [LAT] Path 51197: 168.8µs (0.0GB/s)
  [2026-06-12 17:31:09.056] [LAT] Path 51197: 74.3µs (0.1GB/s)
  [2026-06-12 17:31:09.057] [LAT] Path 51197: 73.5µs (0.1GB/s)
  [2026-06-12 17:31:09.059] [LAT] Path 51197: 71.8µs (0.1GB/s)
  [2026-06-12 17:31:09.060] [LAT] Path 51197: 76.1µs (0.1GB/s)
  [2026-06-12 17:31:09.062] [LAT] Path 51197: 75.2µs (0.1GB/s)
  [2026-06-12 17:31:09.063] [LAT] Path 51197: 75.1µs (0.1GB/s)
  [2026-06-12 17:31:09.065] [LAT] Path 51197: 80.3µs (0.1GB/s)
  [2026-06-12 17:31:09.067] [LAT] Path 51197: 75.8µs (0.1GB/s)
  [2026-06-12 17:31:09.068] [LAT] Path 51197: 78.0µs (0.1GB/s)
  [2026-06-12 17:31:10.132] [LAT] Path 51197: 168.4µs (0.0GB/s)
  [2026-06-12 17:31:10.134] [LAT] Path 51197: 146.3µs (0.0GB/s)
  [2026-06-12 17:31:10.136] [LAT] Path 51197: 73.1µs (0.1GB/s)
  [2026-06-12 17:31:10.137] [LAT] Path 51197: 72.1µs (0.1GB/s)
  [2026-06-12 17:31:10.139] [LAT] Path 51197: 338.6µs (0.0GB/s)
  [2026-06-12 17:31:10.141] [LAT] Path 51197: 69.5µs (0.1GB/s)
  [2026-06-12 17:31:10.142] [LAT] Path 51197: 74.9µs (0.1GB/s)
  [2026-06-12 17:31:10.144] [LAT] Path 51197: 70.8µs (0.1GB/s)
  [2026-06-12 17:31:10.145] [LAT] Path 51197: 85.5µs (0.1GB/s)
  [2026-06-12 17:31:10.147] [LAT] Path 51197: 335.8µs (0.0GB/s)
  [2026-06-12 17:31:11.271] [LAT] Path 8351: 175.2µs (0.0GB/s)
  [2026-06-12 17:31:11.273] [LAT] Path 8351: 101.0µs (0.0GB/s)
  [2026-06-12 17:31:11.275] [LAT] Path 8351: 93.5µs (0.0GB/s)
  [2026-06-12 17:31:11.277] [LAT] Path 8351: 388.9µs (0.0GB/s)
  [2026-06-12 17:31:11.278] [LAT] Path 8351: 83.3µs (0.1GB/s)
  [2026-06-12 17:31:11.280] [LAT] Path 8351: 77.2µs (0.1GB/s)
  [2026-06-12 17:31:11.282] [LAT] Path 8351: 74.8µs (0.1GB/s)
  [2026-06-12 17:31:11.283] [LAT] Path 8351: 73.5µs (0.1GB/s)
  [2026-06-12 17:31:11.285] [LAT] Path 8351: 79.7µs (0.1GB/s)
  [2026-06-12 17:31:11.286] [LAT] Path 8351: 72.3µs (0.1GB/s)
  [2026-06-12 17:36:55.639] [LAT] Path 51491: 42.4µs (0.1GB/s)
  [2026-06-12 17:36:55.647] [BW] Path 51491: 6512.8µs (20.6GB/s)
  [2026-06-12 17:36:55.657] [BW] Path 51491: 8714.4µs (15.4GB/s)
  [2026-06-12 17:36:55.665] [BW] Path 51491: 6529.4µs (20.6GB/s)
  [2026-06-12 17:36:55.667] [LAT] Path 51491: 25.3µs (0.2GB/s)
  [2026-06-12 17:36:55.678] [BW] Path 51491: 8912.0µs (15.1GB/s)
  [2026-06-12 17:36:55.686] [BW] Path 51491: 6547.6µs (20.5GB/s)
  [2026-06-12 17:36:55.696] [BW] Path 51491: 8657.0µs (15.5GB/s)
  [2026-06-12 17:36:55.698] [LAT] Path 51491: 29.3µs (0.1GB/s)
  [2026-06-12 17:36:55.706] [BW] Path 51491: 6582.9µs (20.4GB/s)
  [2026-06-12 17:36:56.744] [LAT] Path 27010: 135.6µs (0.0GB/s)
  [2026-06-12 17:36:56.745] [LAT] Path 27010: 81.5µs (0.1GB/s)
  [2026-06-12 17:36:56.748] [LAT] Path 27010: 80.4µs (0.1GB/s)
  [2026-06-12 17:36:56.749] [LAT] Path 27010: 88.6µs (0.1GB/s)
  [2026-06-12 17:36:56.751] [LAT] Path 27010: 82.8µs (0.1GB/s)
  [2026-06-12 17:36:56.759] [BW] Path 27010: 6678.8µs (20.1GB/s)
  [2026-06-12 17:36:56.769] [BW] Path 27010: 8583.8µs (15.6GB/s)
  [2026-06-12 17:36:56.779] [BW] Path 27010: 8545.8µs (15.7GB/s)
  [2026-06-12 17:36:56.781] [LAT] Path 27010: 62.1µs (0.1GB/s)
  [2026-06-12 17:36:56.790] [BW] Path 27010: 6941.9µs (19.3GB/s)
  [2026-06-12 17:36:58.145] [BW] Path 51491: 6596.2µs (20.4GB/s)
  [2026-06-12 17:36:58.156] [BW] Path 51491: 9074.9µs (14.8GB/s)
  [2026-06-12 17:36:58.164] [BW] Path 51491: 6540.9µs (20.5GB/s)
  [2026-06-12 17:36:58.172] [BW] Path 51491: 6652.4µs (20.2GB/s)
  [2026-06-12 17:36:58.182] [BW] Path 51491: 8579.4µs (15.6GB/s)
  [2026-06-12 17:36:58.193] [BW] Path 51491: 8898.3µs (15.1GB/s)
  [2026-06-12 17:36:58.201] [BW] Path 51491: 6541.4µs (20.5GB/s)
  [2026-06-12 17:36:58.209] [BW] Path 51491: 6537.5µs (20.5GB/s)
  [2026-06-12 17:36:58.220] [BW] Path 51491: 9451.9µs (14.2GB/s)
  [2026-06-12 17:36:58.228] [BW] Path 51491: 6496.9µs (20.7GB/s)
  [2026-06-12 17:36:59.284] [LAT] Path 40797: 158.0µs (0.0GB/s)
  [2026-06-12 17:36:59.292] [BW] Path 40797: 6825.6µs (19.7GB/s)
  [2026-06-12 17:36:59.303] [BW] Path 40797: 9333.5µs (14.4GB/s)
  [2026-06-12 17:36:59.312] [BW] Path 40797: 6891.5µs (19.5GB/s)
  [2026-06-12 17:36:59.320] [BW] Path 40797: 6774.5µs (19.8GB/s)
  [2026-06-12 17:36:59.331] [BW] Path 40797: 9178.4µs (14.6GB/s)
  [2026-06-12 17:36:59.339] [BW] Path 40797: 6966.7µs (19.3GB/s)
  [2026-06-12 17:36:59.347] [BW] Path 40797: 6615.7µs (20.3GB/s)
  [2026-06-12 17:36:59.356] [BW] Path 40797: 6888.3µs (19.5GB/s)
  [2026-06-12 17:36:59.364] [BW] Path 40797: 7298.9µs (18.4GB/s)
  [2026-06-12 17:37:00.418] [LAT] Path 8351: 149.8µs (0.0GB/s)
  [2026-06-12 17:37:00.420] [LAT] Path 8351: 160.5µs (0.0GB/s)
  [2026-06-12 17:37:00.422] [LAT] Path 8351: 138.4µs (0.0GB/s)
  [2026-06-12 17:37:00.424] [LAT] Path 8351: 80.1µs (0.1GB/s)
  [2026-06-12 17:37:00.425] [LAT] Path 8351: 90.3µs (0.1GB/s)
  [2026-06-12 17:37:00.427] [LAT] Path 8351: 88.8µs (0.1GB/s)
  [2026-06-12 17:37:00.429] [LAT] Path 8351: 88.3µs (0.1GB/s)
  [2026-06-12 17:37:00.431] [LAT] Path 8351: 88.5µs (0.1GB/s)
  [2026-06-12 17:37:00.432] [LAT] Path 8351: 72.3µs (0.1GB/s)
  [2026-06-12 17:37:00.434] [LAT] Path 8351: 74.7µs (0.1GB/s)
  [2026-06-12 17:37:01.744] [LAT] Path 45135: 140.4µs (0.0GB/s)
  [2026-06-12 17:37:01.745] [LAT] Path 45135: 79.6µs (0.1GB/s)
  [2026-06-12 17:37:01.753] [BW] Path 45135: 6567.7µs (20.4GB/s)
  [2026-06-12 17:37:01.764] [BW] Path 45135: 8959.0µs (15.0GB/s)
  [2026-06-12 17:37:01.772] [BW] Path 45135: 6807.4µs (19.7GB/s)
  [2026-06-12 17:37:01.782] [BW] Path 45135: 8732.5µs (15.4GB/s)
  [2026-06-12 17:37:01.793] [BW] Path 45135: 9254.2µs (14.5GB/s)
  [2026-06-12 17:37:01.801] [BW] Path 45135: 6654.4µs (20.2GB/s)
  [2026-06-12 17:37:01.810] [BW] Path 45135: 6787.6µs (19.8GB/s)
  [2026-06-12 17:37:01.818] [BW] Path 45135: 6495.1µs (20.7GB/s)
  [2026-06-12 17:37:02.850] [BW] Path 27010: 6585.7µs (20.4GB/s)
  [2026-06-12 17:37:02.861] [BW] Path 27010: 9370.7µs (14.3GB/s)
  [2026-06-12 17:37:02.869] [BW] Path 27010: 6532.6µs (20.6GB/s)
  [2026-06-12 17:37:02.877] [BW] Path 27010: 6634.6µs (20.2GB/s)
  [2026-06-12 17:37:02.887] [BW] Path 27010: 9104.6µs (14.7GB/s)
  [2026-06-12 17:37:02.896] [BW] Path 27010: 7048.5µs (19.0GB/s)
  [2026-06-12 17:37:02.904] [BW] Path 27010: 6592.4µs (20.4GB/s)
  [2026-06-12 17:37:02.913] [BW] Path 27010: 7764.1µs (17.3GB/s)
  [2026-06-12 17:37:02.923] [BW] Path 27010: 8777.5µs (15.3GB/s)
  [2026-06-12 17:37:02.931] [BW] Path 27010: 6692.7µs (20.1GB/s)
  [2026-06-12 17:37:56.298] [LAT] Path 18787: 142.7µs (0.0GB/s)
  [2026-06-12 17:37:56.299] [LAT] Path 18787: 93.2µs (0.0GB/s)
  [2026-06-12 17:37:56.301] [LAT] Path 18787: 109.3µs (0.0GB/s)
  [2026-06-12 17:37:56.303] [LAT] Path 18787: 74.5µs (0.1GB/s)
  [2026-06-12 17:37:56.304] [LAT] Path 18787: 72.8µs (0.1GB/s)
  [2026-06-12 17:37:56.306] [LAT] Path 18787: 72.6µs (0.1GB/s)
  [2026-06-12 17:37:56.307] [LAT] Path 18787: 72.0µs (0.1GB/s)
  [2026-06-12 17:37:56.309] [LAT] Path 18787: 72.5µs (0.1GB/s)
  [2026-06-12 17:37:56.311] [LAT] Path 18787: 76.7µs (0.1GB/s)
  [2026-06-12 17:37:56.312] [LAT] Path 18787: 87.7µs (0.1GB/s)
  [2026-06-12 17:37:57.367] [LAT] Path 8351: 140.6µs (0.0GB/s)
  [2026-06-12 17:37:57.369] [LAT] Path 8351: 73.8µs (0.1GB/s)
  [2026-06-12 17:37:57.370] [LAT] Path 8351: 74.8µs (0.1GB/s)
  [2026-06-12 17:37:57.372] [LAT] Path 8351: 76.2µs (0.1GB/s)
  [2026-06-12 17:37:57.374] [LAT] Path 8351: 98.1µs (0.0GB/s)
  [2026-06-12 17:37:57.375] [LAT] Path 8351: 410.3µs (0.0GB/s)
  [2026-06-12 17:37:57.377] [LAT] Path 8351: 73.0µs (0.1GB/s)
  [2026-06-12 17:37:57.379] [LAT] Path 8351: 71.0µs (0.1GB/s)
  [2026-06-12 17:37:57.380] [LAT] Path 8351: 73.0µs (0.1GB/s)
  [2026-06-12 17:37:57.382] [LAT] Path 8351: 73.6µs (0.1GB/s)
  [2026-06-12 17:37:58.431] [LAT] Path 45135: 168.0µs (0.0GB/s)
  [2026-06-12 17:37:58.440] [BW] Path 45135: 6531.3µs (20.6GB/s)
  [2026-06-12 17:37:58.441] [LAT] Path 45135: 72.3µs (0.1GB/s)
  [2026-06-12 17:37:58.443] [LAT] Path 45135: 76.2µs (0.1GB/s)
  [2026-06-12 17:37:58.444] [LAT] Path 45135: 70.6µs (0.1GB/s)
  [2026-06-12 17:37:58.446] [LAT] Path 45135: 74.6µs (0.1GB/s)
  [2026-06-12 17:37:58.447] [LAT] Path 45135: 72.8µs (0.1GB/s)
  [2026-06-12 17:37:58.449] [LAT] Path 45135: 72.8µs (0.1GB/s)
  [2026-06-12 17:37:58.450] [LAT] Path 45135: 80.2µs (0.1GB/s)
  [2026-06-12 17:37:58.452] [LAT] Path 45135: 75.7µs (0.1GB/s)
  [2026-06-12 17:37:59.519] [BW] Path 27010: 6629.7µs (20.2GB/s)
  [2026-06-12 17:37:59.521] [LAT] Path 27010: 82.9µs (0.1GB/s)
  [2026-06-12 17:37:59.523] [LAT] Path 27010: 27.5µs (0.1GB/s)
  [2026-06-12 17:37:59.525] [LAT] Path 27010: 73.3µs (0.1GB/s)
  [2026-06-12 17:37:59.526] [LAT] Path 27010: 74.9µs (0.1GB/s)
  [2026-06-12 17:37:59.528] [LAT] Path 27010: 72.6µs (0.1GB/s)
  [2026-06-12 17:37:59.529] [LAT] Path 27010: 76.1µs (0.1GB/s)
  [2026-06-12 17:37:59.531] [LAT] Path 27010: 73.6µs (0.1GB/s)
  [2026-06-12 17:37:59.532] [LAT] Path 27010: 70.1µs (0.1GB/s)
  [2026-06-12 17:37:59.534] [LAT] Path 27010: 70.9µs (0.1GB/s)
  [2026-06-12 17:38:00.572] [LAT] Path 40797: 169.7µs (0.0GB/s)
  [2026-06-12 17:38:00.580] [BW] Path 40797: 6559.4µs (20.5GB/s)
  [2026-06-12 17:38:00.582] [LAT] Path 40797: 74.6µs (0.1GB/s)
  [2026-06-12 17:38:00.583] [LAT] Path 40797: 73.6µs (0.1GB/s)
  [2026-06-12 17:38:00.585] [LAT] Path 40797: 71.9µs (0.1GB/s)
  [2026-06-12 17:38:00.586] [LAT] Path 40797: 72.4µs (0.1GB/s)
  [2026-06-12 17:38:00.588] [LAT] Path 40797: 75.5µs (0.1GB/s)
  [2026-06-12 17:38:00.589] [LAT] Path 40797: 75.7µs (0.1GB/s)
  [2026-06-12 17:38:00.591] [LAT] Path 40797: 75.4µs (0.1GB/s)
  [2026-06-12 17:38:00.592] [LAT] Path 40797: 77.0µs (0.1GB/s)
  [2026-06-12 17:38:01.641] [LAT] Path 51491: 175.8µs (0.0GB/s)
  [2026-06-12 17:38:01.643] [LAT] Path 51491: 77.5µs (0.1GB/s)
  [2026-06-12 17:38:01.644] [LAT] Path 51491: 73.2µs (0.1GB/s)
  [2026-06-12 17:38:01.646] [LAT] Path 51491: 72.3µs (0.1GB/s)
  [2026-06-12 17:38:01.647] [LAT] Path 51491: 74.0µs (0.1GB/s)
  [2026-06-12 17:38:01.649] [LAT] Path 51491: 155.6µs (0.0GB/s)
  [2026-06-12 17:38:01.651] [LAT] Path 51491: 71.5µs (0.1GB/s)
  [2026-06-12 17:38:01.652] [LAT] Path 51491: 72.3µs (0.1GB/s)
  [2026-06-12 17:38:01.654] [LAT] Path 51491: 70.7µs (0.1GB/s)
  [2026-06-12 17:38:01.655] [LAT] Path 51491: 75.0µs (0.1GB/s)
  [2026-06-12 17:38:02.761] [LAT] Path 51491: 201.3µs (0.0GB/s)
  [2026-06-12 17:38:02.763] [LAT] Path 51491: 76.4µs (0.1GB/s)
  [2026-06-12 17:38:02.765] [LAT] Path 51491: 77.8µs (0.1GB/s)
  [2026-06-12 17:38:02.766] [LAT] Path 51491: 73.8µs (0.1GB/s)
  [2026-06-12 17:38:02.768] [LAT] Path 51491: 74.5µs (0.1GB/s)
  [2026-06-12 17:38:02.769] [LAT] Path 51491: 72.9µs (0.1GB/s)
  [2026-06-12 17:38:02.770] [LAT] Path 51491: 78.6µs (0.1GB/s)
  [2026-06-12 17:38:02.772] [LAT] Path 51491: 68.2µs (0.1GB/s)
  [2026-06-12 17:38:02.773] [LAT] Path 51491: 68.2µs (0.1GB/s)
  [2026-06-12 17:38:02.775] [LAT] Path 51491: 68.3µs (0.1GB/s)
  [2026-06-12 17:43:45.651] [LAT] Path 51491: 116.7µs (0.0GB/s)
  [2026-06-12 17:43:45.652] [LAT] Path 51491: 86.8µs (0.1GB/s)
  [2026-06-12 17:43:45.662] [BW] Path 51491: 7980.9µs (16.8GB/s)
  [2026-06-12 17:43:45.664] [LAT] Path 51491: 187.2µs (0.0GB/s)
  [2026-06-12 17:43:45.665] [LAT] Path 51491: 28.1µs (0.1GB/s)
  [2026-06-12 17:43:45.675] [BW] Path 51491: 8603.5µs (15.6GB/s)
  [2026-06-12 17:43:45.684] [BW] Path 51491: 6748.4µs (19.9GB/s)
  [2026-06-12 17:43:45.695] [BW] Path 51491: 9631.2µs (13.9GB/s)
  [2026-06-12 17:43:45.697] [LAT] Path 51491: 32.2µs (0.1GB/s)
  [2026-06-12 17:43:45.705] [BW] Path 51491: 6592.9µs (20.4GB/s)
  [2026-06-12 17:43:46.743] [LAT] Path 51197: 131.9µs (0.0GB/s)
  [2026-06-12 17:43:46.744] [LAT] Path 51197: 204.2µs (0.0GB/s)
  [2026-06-12 17:43:46.755] [BW] Path 51197: 8423.9µs (15.9GB/s)
  [2026-06-12 17:43:46.763] [BW] Path 51197: 7004.9µs (19.2GB/s)
  [2026-06-12 17:43:46.765] [LAT] Path 51197: 59.8µs (0.1GB/s)
  [2026-06-12 17:43:46.774] [BW] Path 51197: 6784.2µs (19.8GB/s)
  [2026-06-12 17:43:46.783] [BW] Path 51197: 7204.2µs (18.6GB/s)
  [2026-06-12 17:43:46.791] [BW] Path 51197: 6548.3µs (20.5GB/s)
  [2026-06-12 17:43:46.794] [LAT] Path 51197: 135.3µs (0.0GB/s)
  [2026-06-12 17:43:46.802] [BW] Path 51197: 6633.2µs (20.2GB/s)
  [2026-06-12 17:43:48.155] [BW] Path 51491: 6713.2µs (20.0GB/s)
  [2026-06-12 17:43:48.164] [BW] Path 51491: 6526.6µs (20.6GB/s)
  [2026-06-12 17:43:48.173] [BW] Path 51491: 7334.7µs (18.3GB/s)
  [2026-06-12 17:43:48.182] [BW] Path 51491: 7290.8µs (18.4GB/s)
  [2026-06-12 17:43:48.190] [BW] Path 51491: 6853.8µs (19.6GB/s)
  [2026-06-12 17:43:48.199] [BW] Path 51491: 6594.7µs (20.4GB/s)
  [2026-06-12 17:43:48.209] [BW] Path 51491: 8956.9µs (15.0GB/s)
  [2026-06-12 17:43:48.217] [BW] Path 51491: 6521.0µs (20.6GB/s)
  [2026-06-12 17:43:48.226] [BW] Path 51491: 6762.5µs (19.9GB/s)
  [2026-06-12 17:43:48.237] [BW] Path 51491: 9612.4µs (14.0GB/s)
  [2026-06-12 17:43:49.295] [LAT] Path 706: 159.8µs (0.0GB/s)
  [2026-06-12 17:43:49.298] [LAT] Path 706: 114.5µs (0.0GB/s)
  [2026-06-12 17:43:49.308] [BW] Path 706: 9096.7µs (14.8GB/s)
  [2026-06-12 17:43:49.316] [BW] Path 706: 6568.6µs (20.4GB/s)
  [2026-06-12 17:43:49.325] [BW] Path 706: 6611.8µs (20.3GB/s)
  [2026-06-12 17:43:49.334] [BW] Path 706: 7450.3µs (18.0GB/s)
  [2026-06-12 17:43:49.344] [BW] Path 706: 8256.1µs (16.3GB/s)
  [2026-06-12 17:43:49.352] [BW] Path 706: 6592.1µs (20.4GB/s)
  [2026-06-12 17:43:49.360] [BW] Path 706: 6722.2µs (20.0GB/s)
  [2026-06-12 17:43:49.371] [BW] Path 706: 9196.8µs (14.6GB/s)
  [2026-06-12 17:43:50.439] [LAT] Path 27010: 141.3µs (0.0GB/s)
  [2026-06-12 17:43:50.441] [LAT] Path 27010: 126.8µs (0.0GB/s)
  [2026-06-12 17:43:50.443] [LAT] Path 27010: 125.1µs (0.0GB/s)
  [2026-06-12 17:43:50.445] [LAT] Path 27010: 123.8µs (0.0GB/s)
  [2026-06-12 17:43:50.447] [LAT] Path 27010: 85.1µs (0.1GB/s)
  [2026-06-12 17:43:50.449] [LAT] Path 27010: 68.6µs (0.1GB/s)
  [2026-06-12 17:43:50.451] [LAT] Path 27010: 81.0µs (0.1GB/s)
  [2026-06-12 17:43:50.453] [LAT] Path 27010: 84.0µs (0.1GB/s)
  [2026-06-12 17:43:50.454] [LAT] Path 27010: 84.6µs (0.1GB/s)
  [2026-06-12 17:43:50.456] [LAT] Path 27010: 82.5µs (0.1GB/s)
  [2026-06-12 17:43:51.754] [BW] Path 51197: 6583.6µs (20.4GB/s)
  [2026-06-12 17:43:51.764] [BW] Path 51197: 8439.2µs (15.9GB/s)
  [2026-06-12 17:43:51.772] [BW] Path 51197: 6593.4µs (20.4GB/s)
  [2026-06-12 17:43:51.782] [BW] Path 51197: 8467.8µs (15.8GB/s)
  [2026-06-12 17:43:51.793] [BW] Path 51197: 9265.7µs (14.5GB/s)
  [2026-06-12 17:43:51.801] [BW] Path 51197: 6606.8µs (20.3GB/s)
  [2026-06-12 17:43:51.810] [BW] Path 51197: 6587.7µs (20.4GB/s)
  [2026-06-12 17:43:51.821] [BW] Path 51197: 9211.8µs (14.6GB/s)
  [2026-06-12 17:43:51.829] [BW] Path 51197: 6625.0µs (20.3GB/s)
  [2026-06-12 17:43:51.837] [BW] Path 51197: 6579.8µs (20.4GB/s)
  [2026-06-12 17:43:52.874] [BW] Path 40797: 7542.0µs (17.8GB/s)
  [2026-06-12 17:43:52.887] [BW] Path 40797: 10803.8µs (12.4GB/s)
  [2026-06-12 17:43:52.899] [BW] Path 40797: 10366.5µs (12.9GB/s)
  [2026-06-12 17:43:52.908] [BW] Path 40797: 7149.3µs (18.8GB/s)
  [2026-06-12 17:43:52.916] [BW] Path 40797: 6551.8µs (20.5GB/s)
  [2026-06-12 17:43:52.925] [BW] Path 40797: 6558.5µs (20.5GB/s)
  [2026-06-12 17:43:52.933] [BW] Path 40797: 6625.4µs (20.3GB/s)
  [2026-06-12 17:43:52.941] [BW] Path 40797: 6594.4µs (20.4GB/s)
  [2026-06-12 17:43:52.950] [BW] Path 40797: 6586.7µs (20.4GB/s)
  [2026-06-12 17:43:52.958] [BW] Path 40797: 6546.5µs (20.5GB/s)
  [2026-06-12 17:44:41.838] [LAT] Path 45135: 171.8µs (0.0GB/s)
  [2026-06-12 17:44:41.840] [LAT] Path 45135: 76.3µs (0.1GB/s)
  [2026-06-12 17:44:41.842] [LAT] Path 45135: 71.2µs (0.1GB/s)
  [2026-06-12 17:44:41.843] [LAT] Path 45135: 74.7µs (0.1GB/s)
  [2026-06-12 17:44:41.845] [LAT] Path 45135: 72.7µs (0.1GB/s)
  [2026-06-12 17:44:41.846] [LAT] Path 45135: 73.4µs (0.1GB/s)
  [2026-06-12 17:44:41.848] [LAT] Path 45135: 73.3µs (0.1GB/s)
  [2026-06-12 17:44:41.849] [LAT] Path 45135: 73.7µs (0.1GB/s)
  [2026-06-12 17:44:41.851] [LAT] Path 45135: 73.0µs (0.1GB/s)
  [2026-06-12 17:44:41.852] [LAT] Path 45135: 75.0µs (0.1GB/s)
  [2026-06-12 17:44:42.370] [LAT] Path 45135: 170.3µs (0.0GB/s)
  [2026-06-12 17:44:42.372] [LAT] Path 45135: 79.7µs (0.1GB/s)
  [2026-06-12 17:44:42.374] [LAT] Path 45135: 74.7µs (0.1GB/s)
  [2026-06-12 17:44:42.375] [LAT] Path 45135: 75.5µs (0.1GB/s)
  [2026-06-12 17:44:42.377] [LAT] Path 45135: 74.7µs (0.1GB/s)
  [2026-06-12 17:44:42.378] [LAT] Path 45135: 71.9µs (0.1GB/s)
  [2026-06-12 17:44:42.380] [LAT] Path 45135: 80.4µs (0.1GB/s)
  [2026-06-12 17:44:42.382] [LAT] Path 45135: 75.2µs (0.1GB/s)
  [2026-06-12 17:44:42.383] [LAT] Path 45135: 74.4µs (0.1GB/s)
  [2026-06-12 17:44:42.385] [LAT] Path 45135: 74.6µs (0.1GB/s)
  [2026-06-12 17:44:43.456] [LAT] Path 27010: 257.4µs (0.0GB/s)
  [2026-06-12 17:44:43.457] [LAT] Path 27010: 146.0µs (0.0GB/s)
  [2026-06-12 17:44:43.459] [LAT] Path 27010: 136.4µs (0.0GB/s)
  [2026-06-12 17:44:43.461] [LAT] Path 27010: 140.4µs (0.0GB/s)
  [2026-06-12 17:44:43.462] [LAT] Path 27010: 143.8µs (0.0GB/s)
  [2026-06-12 17:44:43.464] [LAT] Path 27010: 142.6µs (0.0GB/s)
  [2026-06-12 17:44:43.465] [LAT] Path 27010: 87.6µs (0.1GB/s)
  [2026-06-12 17:44:43.467] [LAT] Path 27010: 86.4µs (0.1GB/s)
  [2026-06-12 17:44:43.469] [LAT] Path 27010: 88.1µs (0.1GB/s)
  [2026-06-12 17:44:43.470] [LAT] Path 27010: 86.7µs (0.1GB/s)
  [2026-06-12 17:44:44.504] [LAT] Path 27010: 172.4µs (0.0GB/s)
  [2026-06-12 17:44:44.506] [LAT] Path 27010: 76.7µs (0.1GB/s)
  [2026-06-12 17:44:44.508] [LAT] Path 27010: 72.9µs (0.1GB/s)
  [2026-06-12 17:44:44.509] [LAT] Path 27010: 73.2µs (0.1GB/s)
  [2026-06-12 17:44:44.510] [LAT] Path 27010: 78.1µs (0.1GB/s)
  [2026-06-12 17:44:44.512] [LAT] Path 27010: 150.9µs (0.0GB/s)
  [2026-06-12 17:44:44.514] [LAT] Path 27010: 127.6µs (0.0GB/s)
  [2026-06-12 17:44:44.515] [LAT] Path 27010: 74.1µs (0.1GB/s)
  [2026-06-12 17:44:44.517] [LAT] Path 27010: 73.4µs (0.1GB/s)
  [2026-06-12 17:44:44.518] [LAT] Path 27010: 72.4µs (0.1GB/s)
  [2026-06-12 17:44:47.525] [LAT] Path 706: 167.4µs (0.0GB/s)
  [2026-06-12 17:44:48.031] [LAT] Path 706: 184.0µs (0.0GB/s)
  [2026-06-12 17:44:48.033] [LAT] Path 706: 102.8µs (0.0GB/s)
  [2026-06-12 17:44:48.035] [LAT] Path 706: 86.7µs (0.1GB/s)
  [2026-06-12 17:44:48.036] [LAT] Path 706: 81.5µs (0.1GB/s)
  [2026-06-12 17:44:48.038] [LAT] Path 706: 75.1µs (0.1GB/s)
  [2026-06-12 17:44:48.040] [LAT] Path 706: 74.2µs (0.1GB/s)
  [2026-06-12 17:44:48.041] [LAT] Path 706: 73.9µs (0.1GB/s)
  [2026-06-12 17:44:48.043] [LAT] Path 706: 73.3µs (0.1GB/s)
  [2026-06-12 17:44:48.044] [LAT] Path 706: 74.1µs (0.1GB/s)
  [2026-06-12 17:44:48.046] [LAT] Path 706: 76.2µs (0.1GB/s)
  [2026-06-12 17:44:49.123] [LAT] Path 18787: 398.5µs (0.0GB/s)
  [2026-06-12 17:44:49.125] [LAT] Path 18787: 77.9µs (0.1GB/s)
  [2026-06-12 17:44:49.126] [LAT] Path 18787: 75.8µs (0.1GB/s)
  [2026-06-12 17:44:49.128] [LAT] Path 18787: 73.3µs (0.1GB/s)
  [2026-06-12 17:44:49.130] [LAT] Path 18787: 385.1µs (0.0GB/s)
  [2026-06-12 17:44:49.131] [LAT] Path 18787: 71.2µs (0.1GB/s)
  [2026-06-12 17:44:49.133] [LAT] Path 18787: 75.0µs (0.1GB/s)
  [2026-06-12 17:44:49.134] [LAT] Path 18787: 86.1µs (0.1GB/s)
  [2026-06-12 17:44:49.136] [LAT] Path 18787: 72.5µs (0.1GB/s)
  [2026-06-12 17:44:49.138] [LAT] Path 18787: 77.0µs (0.1GB/s)
  [2026-06-12 17:44:50.209] [LAT] Path 51491: 180.1µs (0.0GB/s)
  [2026-06-12 17:44:50.211] [LAT] Path 51491: 83.4µs (0.1GB/s)
  [2026-06-12 17:44:50.212] [LAT] Path 51491: 91.5µs (0.0GB/s)
  [2026-06-12 17:44:50.214] [LAT] Path 51491: 85.6µs (0.1GB/s)
  [2026-06-12 17:44:50.215] [LAT] Path 51491: 85.8µs (0.1GB/s)
  [2026-06-12 17:44:50.217] [LAT] Path 51491: 90.0µs (0.1GB/s)
  [2026-06-12 17:44:50.218] [LAT] Path 51491: 86.5µs (0.1GB/s)
  [2026-06-12 17:44:50.220] [LAT] Path 51491: 83.9µs (0.1GB/s)
  [2026-06-12 17:44:50.221] [LAT] Path 51491: 85.0µs (0.1GB/s)
  [2026-06-12 17:44:50.223] [LAT] Path 51491: 80.1µs (0.1GB/s)
  [2026-06-12 17:44:51.247] [LAT] Path 51491: 175.6µs (0.0GB/s)
  [2026-06-12 17:44:51.248] [LAT] Path 51491: 78.4µs (0.1GB/s)
  [2026-06-12 17:44:51.250] [LAT] Path 51491: 81.6µs (0.1GB/s)
  [2026-06-12 17:44:51.251] [LAT] Path 51491: 71.9µs (0.1GB/s)
  [2026-06-12 17:44:51.253] [LAT] Path 51491: 76.7µs (0.1GB/s)
  [2026-06-12 17:44:51.254] [LAT] Path 51491: 82.6µs (0.1GB/s)
  [2026-06-12 17:44:51.256] [LAT] Path 51491: 76.2µs (0.1GB/s)
  [2026-06-12 17:44:51.258] [LAT] Path 51491: 72.3µs (0.1GB/s)
  [2026-06-12 17:44:51.259] [LAT] Path 51491: 72.7µs (0.1GB/s)
  [2026-06-12 17:44:51.261] [LAT] Path 51491: 72.2µs (0.1GB/s)
  [2026-06-12 17:44:52.316] [LAT] Path 51197: 36.7µs (0.1GB/s)
  [2026-06-12 17:44:52.318] [LAT] Path 51197: 74.4µs (0.1GB/s)
  [2026-06-12 17:44:52.319] [LAT] Path 51197: 74.6µs (0.1GB/s)
  [2026-06-12 17:44:52.321] [LAT] Path 51197: 77.0µs (0.1GB/s)
  [2026-06-12 17:44:52.331] [LAT] Path 51197: 8133.1µs (0.0GB/s)
  [2026-06-12 17:44:52.333] [LAT] Path 51197: 85.0µs (0.1GB/s)
  [2026-06-12 17:44:52.335] [LAT] Path 51197: 70.2µs (0.1GB/s)
  [2026-06-12 17:44:52.336] [LAT] Path 51197: 72.8µs (0.1GB/s)
  [2026-06-12 17:44:52.338] [LAT] Path 51197: 70.7µs (0.1GB/s)
  [2026-06-12 17:44:52.339] [LAT] Path 51197: 73.5µs (0.1GB/s)
  [2026-06-12 17:44:53.387] [LAT] Path 40797: 167.9µs (0.0GB/s)
  [2026-06-12 17:44:53.389] [LAT] Path 40797: 76.3µs (0.1GB/s)
  [2026-06-12 17:44:53.397] [BW] Path 40797: 6475.3µs (20.7GB/s)
  [2026-06-12 17:44:53.399] [LAT] Path 40797: 156.6µs (0.0GB/s)
  [2026-06-12 17:44:53.400] [LAT] Path 40797: 80.1µs (0.1GB/s)
  [2026-06-12 17:44:53.402] [LAT] Path 40797: 76.4µs (0.1GB/s)
  [2026-06-12 17:44:53.404] [LAT] Path 40797: 75.8µs (0.1GB/s)
  [2026-06-12 17:44:53.405] [LAT] Path 40797: 74.1µs (0.1GB/s)
  [2026-06-12 17:44:53.407] [LAT] Path 40797: 75.1µs (0.1GB/s)
  [2026-06-12 17:44:53.408] [LAT] Path 40797: 74.7µs (0.1GB/s)
  [2026-06-12 17:44:54.436] [LAT] Path 40797: 174.2µs (0.0GB/s)
  [2026-06-12 17:44:54.437] [LAT] Path 40797: 77.3µs (0.1GB/s)
  [2026-06-12 17:50:36.769] [LAT] Path 51197: 396.1µs (0.0GB/s)
  [2026-06-12 17:50:36.771] [LAT] Path 51197: 76.9µs (0.1GB/s)
  [2026-06-12 17:50:36.772] [LAT] Path 51197: 74.8µs (0.1GB/s)
  [2026-06-12 17:50:36.774] [LAT] Path 51197: 73.5µs (0.1GB/s)
  [2026-06-12 17:50:36.775] [LAT] Path 51197: 92.2µs (0.0GB/s)
  [2026-06-12 17:50:36.784] [BW] Path 51197: 7734.2µs (17.4GB/s)
  [2026-06-12 17:50:36.786] [LAT] Path 51197: 27.1µs (0.1GB/s)
  [2026-06-12 17:50:36.787] [LAT] Path 40797: 73.9µs (0.1GB/s)
  [2026-06-12 17:50:36.789] [LAT] Path 40797: 75.3µs (0.1GB/s)
  [2026-06-12 17:50:36.790] [LAT] Path 40797: 76.9µs (0.1GB/s)
  [2026-06-12 17:50:37.817] [LAT] Path 51197: 32.3µs (0.1GB/s)
  [2026-06-12 17:50:37.827] [BW] Path 51197: 8820.5µs (15.2GB/s)
  [2026-06-12 17:50:37.835] [BW] Path 51197: 6587.6µs (20.4GB/s)
  [2026-06-12 17:50:37.845] [BW] Path 51197: 8700.6µs (15.4GB/s)
  [2026-06-12 17:50:37.847] [LAT] Path 51197: 28.8µs (0.1GB/s)
  [2026-06-12 17:50:37.857] [BW] Path 51197: 8285.2µs (16.2GB/s)
  [2026-06-12 17:50:37.867] [BW] Path 51197: 8886.4µs (15.1GB/s)
  [2026-06-12 17:50:37.875] [BW] Path 51197: 6581.1µs (20.4GB/s)
  [2026-06-12 17:50:37.877] [LAT] Path 51197: 29.3µs (0.1GB/s)
  [2026-06-12 17:50:37.886] [BW] Path 51197: 7080.9µs (19.0GB/s)
  [2026-06-12 17:50:39.027] [BW] Path 8351: 6586.6µs (20.4GB/s)
  [2026-06-12 17:50:39.029] [LAT] Path 8351: 102.5µs (0.0GB/s)
  [2026-06-12 17:50:39.031] [LAT] Path 8351: 402.4µs (0.0GB/s)
  [2026-06-12 17:50:39.032] [LAT] Path 8351: 80.0µs (0.1GB/s)
  [2026-06-12 17:50:39.034] [LAT] Path 8351: 79.5µs (0.1GB/s)
  [2026-06-12 17:50:39.036] [LAT] Path 8351: 80.4µs (0.1GB/s)
  [2026-06-12 17:50:39.037] [LAT] Path 8351: 92.8µs (0.0GB/s)
  [2026-06-12 17:50:39.039] [LAT] Path 8351: 92.4µs (0.0GB/s)
  [2026-06-12 17:50:39.041] [LAT] Path 8351: 100.6µs (0.0GB/s)
  [2026-06-12 17:50:39.043] [LAT] Path 8351: 84.9µs (0.1GB/s)
  [2026-06-12 17:50:40.303] [LAT] Path 18787: 166.1µs (0.0GB/s)
  [2026-06-12 17:50:40.311] [BW] Path 18787: 6687.1µs (20.1GB/s)
  [2026-06-12 17:50:40.320] [BW] Path 18787: 6799.9µs (19.7GB/s)
  [2026-06-12 17:50:40.329] [BW] Path 18787: 7529.9µs (17.8GB/s)
  [2026-06-12 17:50:40.337] [BW] Path 18787: 6632.4µs (20.2GB/s)
  [2026-06-12 17:50:40.347] [BW] Path 18787: 8782.2µs (15.3GB/s)
  [2026-06-12 17:50:40.358] [BW] Path 18787: 9269.2µs (14.5GB/s)
  [2026-06-12 17:50:40.366] [BW] Path 18787: 6650.7µs (20.2GB/s)
  [2026-06-12 17:50:40.374] [BW] Path 18787: 6644.1µs (20.2GB/s)
  [2026-06-12 17:50:40.385] [BW] Path 18787: 9314.5µs (14.4GB/s)
  [2026-06-12 17:50:41.418] [LAT] Path 51491: 137.8µs (0.0GB/s)
  [2026-06-12 17:50:41.420] [LAT] Path 51491: 167.1µs (0.0GB/s)
  [2026-06-12 17:50:41.429] [BW] Path 51491: 7778.6µs (17.2GB/s)
  [2026-06-12 17:50:41.438] [BW] Path 51491: 7992.8µs (16.8GB/s)
  [2026-06-12 17:50:41.448] [BW] Path 51491: 7567.9µs (17.7GB/s)
  [2026-06-12 17:50:41.456] [BW] Path 51491: 6547.5µs (20.5GB/s)
  [2026-06-12 17:50:41.464] [BW] Path 51491: 6556.3µs (20.5GB/s)
  [2026-06-12 17:50:41.472] [BW] Path 51491: 6519.9µs (20.6GB/s)
  [2026-06-12 17:50:41.480] [BW] Path 51491: 6498.1µs (20.6GB/s)
  [2026-06-12 17:50:41.488] [BW] Path 51491: 6672.9µs (20.1GB/s)
  [2026-06-12 17:50:42.787] [LAT] Path 8351: 162.6µs (0.0GB/s)
  [2026-06-12 17:50:42.795] [BW] Path 8351: 6541.7µs (20.5GB/s)
  [2026-06-12 17:50:42.805] [BW] Path 8351: 8466.2µs (15.8GB/s)
  [2026-06-12 17:50:42.816] [BW] Path 8351: 9764.0µs (13.8GB/s)
  [2026-06-12 17:50:42.824] [BW] Path 8351: 6541.2µs (20.5GB/s)
  [2026-06-12 17:50:42.833] [BW] Path 8351: 6880.2µs (19.5GB/s)
  [2026-06-12 17:50:42.841] [BW] Path 8351: 7100.5µs (18.9GB/s)
  [2026-06-12 17:50:42.850] [BW] Path 8351: 7831.1µs (17.1GB/s)
  [2026-06-12 17:50:42.858] [BW] Path 8351: 6522.6µs (20.6GB/s)
  [2026-06-12 17:50:42.867] [BW] Path 8351: 6897.9µs (19.5GB/s)
  [2026-06-12 17:50:43.918] [LAT] Path 27010: 139.8µs (0.0GB/s)
  [2026-06-12 17:50:43.920] [LAT] Path 27010: 98.2µs (0.0GB/s)
  [2026-06-12 17:50:43.928] [BW] Path 27010: 6727.0µs (19.9GB/s)
  [2026-06-12 17:50:43.938] [BW] Path 27010: 8455.1µs (15.9GB/s)
  [2026-06-12 17:50:43.949] [BW] Path 27010: 9263.7µs (14.5GB/s)
  [2026-06-12 17:50:43.957] [BW] Path 27010: 6591.0µs (20.4GB/s)
  [2026-06-12 17:50:43.965] [BW] Path 27010: 6520.0µs (20.6GB/s)
  [2026-06-12 17:50:43.973] [BW] Path 27010: 6859.8µs (19.6GB/s)
  [2026-06-12 17:50:43.983] [BW] Path 27010: 8190.4µs (16.4GB/s)
  [2026-06-12 17:50:43.991] [BW] Path 27010: 6498.2µs (20.6GB/s)
  [2026-06-12 17:50:45.181] [LAT] Path 27010: 175.4µs (0.0GB/s)
  [2026-06-12 17:50:45.183] [LAT] Path 27010: 79.5µs (0.1GB/s)
  [2026-06-12 17:50:45.184] [LAT] Path 27010: 73.8µs (0.1GB/s)
  [2026-06-12 17:50:45.186] [LAT] Path 27010: 72.6µs (0.1GB/s)
  [2026-06-12 17:50:45.188] [LAT] Path 27010: 73.4µs (0.1GB/s)
  [2026-06-12 17:50:45.189] [LAT] Path 27010: 74.2µs (0.1GB/s)
  [2026-06-12 17:50:45.191] [LAT] Path 27010: 73.5µs (0.1GB/s)
  [2026-06-12 17:50:45.193] [LAT] Path 27010: 72.8µs (0.1GB/s)
  [2026-06-12 17:50:45.194] [LAT] Path 27010: 72.9µs (0.1GB/s)
  [2026-06-12 17:50:45.196] [LAT] Path 27010: 73.9µs (0.1GB/s)
  [2026-06-12 17:51:34.885] [LAT] Path 45135: 168.1µs (0.0GB/s)
  [2026-06-12 17:51:34.887] [LAT] Path 45135: 68.2µs (0.1GB/s)
  [2026-06-12 17:51:34.888] [LAT] Path 45135: 72.8µs (0.1GB/s)
  [2026-06-12 17:51:34.890] [LAT] Path 45135: 73.0µs (0.1GB/s)
  [2026-06-12 17:51:34.891] [LAT] Path 45135: 72.8µs (0.1GB/s)
  [2026-06-12 17:51:34.893] [LAT] Path 45135: 71.4µs (0.1GB/s)
  [2026-06-12 17:51:34.894] [LAT] Path 45135: 72.9µs (0.1GB/s)
  [2026-06-12 17:51:34.896] [LAT] Path 45135: 71.0µs (0.1GB/s)
  [2026-06-12 17:51:34.897] [LAT] Path 45135: 72.2µs (0.1GB/s)
  [2026-06-12 17:51:34.899] [LAT] Path 45135: 71.3µs (0.1GB/s)
  [2026-06-12 17:51:35.417] [BW] Path 45135: 6673.5µs (20.1GB/s)
  [2026-06-12 17:51:35.419] [LAT] Path 45135: 86.4µs (0.1GB/s)
  [2026-06-12 17:51:35.420] [LAT] Path 45135: 73.4µs (0.1GB/s)
  [2026-06-12 17:51:35.422] [LAT] Path 45135: 73.0µs (0.1GB/s)
  [2026-06-12 17:51:35.424] [LAT] Path 45135: 78.4µs (0.1GB/s)
  [2026-06-12 17:51:35.425] [LAT] Path 45135: 73.5µs (0.1GB/s)
  [2026-06-12 17:51:35.427] [LAT] Path 45135: 72.2µs (0.1GB/s)
  [2026-06-12 17:51:35.428] [LAT] Path 45135: 72.0µs (0.1GB/s)
  [2026-06-12 17:51:35.430] [LAT] Path 45135: 71.1µs (0.1GB/s)
  [2026-06-12 17:51:35.431] [LAT] Path 45135: 73.5µs (0.1GB/s)
  [2026-06-12 17:51:36.498] [LAT] Path 27010: 175.3µs (0.0GB/s)
  [2026-06-12 17:51:36.499] [LAT] Path 27010: 80.0µs (0.1GB/s)
  [2026-06-12 17:51:36.501] [LAT] Path 27010: 75.3µs (0.1GB/s)
  [2026-06-12 17:51:36.503] [LAT] Path 27010: 70.1µs (0.1GB/s)
  [2026-06-12 17:51:36.504] [LAT] Path 27010: 74.4µs (0.1GB/s)
  [2026-06-12 17:51:36.506] [LAT] Path 27010: 78.8µs (0.1GB/s)
  [2026-06-12 17:51:36.507] [LAT] Path 27010: 73.2µs (0.1GB/s)
  [2026-06-12 17:51:36.509] [LAT] Path 27010: 75.2µs (0.1GB/s)
  [2026-06-12 17:51:36.510] [LAT] Path 27010: 75.6µs (0.1GB/s)
  [2026-06-12 17:51:36.512] [LAT] Path 27010: 73.1µs (0.1GB/s)
  [2026-06-12 17:51:37.549] [LAT] Path 8351: 140.7µs (0.0GB/s)
  [2026-06-12 17:51:37.550] [LAT] Path 8351: 113.2µs (0.0GB/s)
  [2026-06-12 17:51:37.559] [BW] Path 8351: 6890.6µs (19.5GB/s)
  [2026-06-12 17:51:37.560] [LAT] Path 8351: 80.1µs (0.1GB/s)
  [2026-06-12 17:51:37.562] [LAT] Path 8351: 78.9µs (0.1GB/s)
  [2026-06-12 17:51:37.564] [LAT] Path 8351: 83.3µs (0.1GB/s)
  [2026-06-12 17:51:37.566] [LAT] Path 8351: 389.7µs (0.0GB/s)
  [2026-06-12 17:51:37.567] [LAT] Path 8351: 80.6µs (0.1GB/s)
  [2026-06-12 17:51:37.569] [LAT] Path 8351: 74.5µs (0.1GB/s)
  [2026-06-12 17:51:37.570] [LAT] Path 8351: 74.5µs (0.1GB/s)
  [2026-06-12 17:51:38.633] [LAT] Path 8351: 137.1µs (0.0GB/s)
  [2026-06-12 17:51:38.634] [LAT] Path 8351: 92.7µs (0.0GB/s)
  [2026-06-12 17:51:38.636] [LAT] Path 8351: 78.5µs (0.1GB/s)
  [2026-06-12 17:51:38.638] [LAT] Path 8351: 97.3µs (0.0GB/s)
  [2026-06-12 17:51:38.639] [LAT] Path 8351: 82.8µs (0.1GB/s)
  [2026-06-12 17:51:38.641] [LAT] Path 8351: 75.6µs (0.1GB/s)
  [2026-06-12 17:51:38.642] [LAT] Path 8351: 76.2µs (0.1GB/s)
  [2026-06-12 17:51:38.644] [LAT] Path 8351: 73.2µs (0.1GB/s)
  [2026-06-12 17:51:38.645] [LAT] Path 8351: 75.9µs (0.1GB/s)
  [2026-06-12 17:51:38.647] [LAT] Path 8351: 73.4µs (0.1GB/s)
  [2026-06-12 17:51:39.700] [BW] Path 51491: 6644.9µs (20.2GB/s)
  [2026-06-12 17:51:39.702] [LAT] Path 51491: 131.3µs (0.0GB/s)
  [2026-06-12 17:51:39.704] [LAT] Path 51491: 194.2µs (0.0GB/s)
  [2026-06-12 17:51:39.706] [LAT] Path 51491: 177.8µs (0.0GB/s)
  [2026-06-12 17:51:39.708] [LAT] Path 51491: 190.8µs (0.0GB/s)
  [2026-06-12 17:51:39.710] [LAT] Path 51491: 184.1µs (0.0GB/s)
  [2026-06-12 17:51:39.711] [LAT] Path 51491: 200.1µs (0.0GB/s)
  [2026-06-12 17:51:39.713] [LAT] Path 51491: 112.1µs (0.0GB/s)
  [2026-06-12 17:51:39.715] [LAT] Path 51491: 112.8µs (0.0GB/s)
  [2026-06-12 17:51:39.717] [LAT] Path 51491: 112.7µs (0.0GB/s)
  [2026-06-12 17:51:40.779] [LAT] Path 706: 186.3µs (0.0GB/s)
  [2026-06-12 17:51:40.780] [LAT] Path 706: 88.4µs (0.1GB/s)
  [2026-06-12 17:51:40.782] [LAT] Path 706: 83.2µs (0.1GB/s)
  [2026-06-12 17:51:40.784] [LAT] Path 706: 79.3µs (0.1GB/s)
  [2026-06-12 17:51:40.785] [LAT] Path 706: 78.9µs (0.1GB/s)
  [2026-06-12 17:51:40.787] [LAT] Path 706: 77.1µs (0.1GB/s)
  [2026-06-12 17:51:40.788] [LAT] Path 706: 78.4µs (0.1GB/s)
  [2026-06-12 17:51:40.790] [LAT] Path 706: 75.1µs (0.1GB/s)
  [2026-06-12 17:51:40.792] [LAT] Path 706: 74.6µs (0.1GB/s)
  [2026-06-12 17:51:40.793] [LAT] Path 706: 77.8µs (0.1GB/s)
  [2026-06-12 17:51:41.885] [LAT] Path 40797: 177.5µs (0.0GB/s)
  [2026-06-12 17:51:41.887] [LAT] Path 40797: 121.6µs (0.0GB/s)
  [2026-06-12 17:51:41.889] [LAT] Path 40797: 116.5µs (0.0GB/s)
  [2026-06-12 17:51:41.890] [LAT] Path 40797: 115.0µs (0.0GB/s)
  [2026-06-12 17:51:41.892] [LAT] Path 40797: 90.3µs (0.1GB/s)
  [2026-06-12 17:51:41.894] [LAT] Path 40797: 86.4µs (0.1GB/s)
  [2026-06-12 17:51:41.895] [LAT] Path 40797: 82.3µs (0.1GB/s)
  [2026-06-12 17:51:41.897] [LAT] Path 40797: 77.3µs (0.1GB/s)
  [2026-06-12 17:51:41.899] [LAT] Path 40797: 76.6µs (0.1GB/s)
  [2026-06-12 17:51:41.900] [LAT] Path 40797: 77.2µs (0.1GB/s)
  [2026-06-12 17:57:25.760] [LAT] Path 51491: 207.2µs (0.0GB/s)
  [2026-06-12 17:57:25.762] [LAT] Path 51491: 77.6µs (0.1GB/s)
  [2026-06-12 17:57:25.763] [LAT] Path 51491: 77.8µs (0.1GB/s)
  [2026-06-12 17:57:25.773] [BW] Path 51491: 8225.2µs (16.3GB/s)
  [2026-06-12 17:57:25.775] [LAT] Path 51491: 32.8µs (0.1GB/s)
  [2026-06-12 17:57:25.783] [BW] Path 51491: 6630.3µs (20.2GB/s)
  [2026-06-12 17:57:25.793] [BW] Path 51491: 8591.2µs (15.6GB/s)
  [2026-06-12 17:57:25.801] [BW] Path 51491: 6523.8µs (20.6GB/s)
  [2026-06-12 17:57:25.803] [LAT] Path 51491: 108.5µs (0.0GB/s)
  [2026-06-12 17:57:25.812] [BW] Path 51491: 7062.9µs (19.0GB/s)
  [2026-06-12 17:57:26.848] [LAT] Path 40797: 142.0µs (0.0GB/s)
  [2026-06-12 17:57:26.850] [LAT] Path 40797: 77.8µs (0.1GB/s)
  [2026-06-12 17:57:26.860] [BW] Path 40797: 8613.9µs (15.6GB/s)
  [2026-06-12 17:57:26.870] [BW] Path 40797: 8388.5µs (16.0GB/s)
  [2026-06-12 17:57:26.872] [LAT] Path 40797: 45.0µs (0.1GB/s)
  [2026-06-12 17:57:26.881] [BW] Path 40797: 8060.6µs (16.6GB/s)
  [2026-06-12 17:57:26.889] [BW] Path 40797: 6576.8µs (20.4GB/s)
  [2026-06-12 17:57:26.899] [BW] Path 40797: 7935.1µs (16.9GB/s)
  [2026-06-12 17:57:26.901] [LAT] Path 40797: 29.2µs (0.1GB/s)
  [2026-06-12 17:57:26.911] [BW] Path 40797: 8591.8µs (15.6GB/s)
  [2026-06-12 17:57:28.274] [BW] Path 51491: 9148.6µs (14.7GB/s)
  [2026-06-12 17:57:28.282] [BW] Path 51491: 6780.5µs (19.8GB/s)
  [2026-06-12 17:57:28.291] [BW] Path 51491: 6682.2µs (20.1GB/s)
  [2026-06-12 17:57:28.301] [BW] Path 51491: 8973.6µs (15.0GB/s)
  [2026-06-12 17:57:28.309] [BW] Path 51491: 6643.1µs (20.2GB/s)
  [2026-06-12 17:57:28.319] [BW] Path 51491: 8764.6µs (15.3GB/s)
  [2026-06-12 17:57:28.330] [BW] Path 51491: 9254.0µs (14.5GB/s)
  [2026-06-12 17:57:28.339] [BW] Path 51491: 6713.1µs (20.0GB/s)
  [2026-06-12 17:57:28.347] [BW] Path 51491: 6965.6µs (19.3GB/s)
  [2026-06-12 17:57:28.358] [BW] Path 51491: 9193.3µs (14.6GB/s)
  [2026-06-12 17:57:29.413] [LAT] Path 8351: 163.7µs (0.0GB/s)
  [2026-06-12 17:57:29.415] [LAT] Path 8351: 79.3µs (0.1GB/s)
  [2026-06-12 17:57:29.423] [BW] Path 8351: 6666.8µs (20.1GB/s)
  [2026-06-12 17:57:29.431] [BW] Path 8351: 6584.5µs (20.4GB/s)
  [2026-06-12 17:57:29.440] [BW] Path 8351: 8341.3µs (16.1GB/s)
  [2026-06-12 17:57:29.449] [BW] Path 8351: 6686.1µs (20.1GB/s)
  [2026-06-12 17:57:29.457] [BW] Path 8351: 6522.2µs (20.6GB/s)
  [2026-06-12 17:57:29.468] [BW] Path 8351: 9258.0µs (14.5GB/s)
  [2026-06-12 17:57:29.476] [BW] Path 8351: 6726.6µs (19.9GB/s)
  [2026-06-12 17:57:29.484] [BW] Path 8351: 6498.6µs (20.6GB/s)
  [2026-06-12 17:57:30.538] [LAT] Path 27010: 168.1µs (0.0GB/s)
  [2026-06-12 17:57:30.539] [LAT] Path 27010: 76.5µs (0.1GB/s)
  [2026-06-12 17:57:30.541] [LAT] Path 27010: 74.4µs (0.1GB/s)
  [2026-06-12 17:57:30.543] [LAT] Path 27010: 72.3µs (0.1GB/s)
  [2026-06-12 17:57:30.544] [LAT] Path 27010: 75.8µs (0.1GB/s)
  [2026-06-12 17:57:30.546] [LAT] Path 27010: 74.7µs (0.1GB/s)
  [2026-06-12 17:57:30.548] [LAT] Path 27010: 76.6µs (0.1GB/s)
  [2026-06-12 17:57:30.549] [LAT] Path 27010: 72.8µs (0.1GB/s)
  [2026-06-12 17:57:30.551] [LAT] Path 27010: 73.4µs (0.1GB/s)
  [2026-06-12 17:57:30.553] [LAT] Path 27010: 78.4µs (0.1GB/s)
  [2026-06-12 17:57:31.869] [BW] Path 40797: 6838.0µs (19.6GB/s)
  [2026-06-12 17:57:31.879] [BW] Path 40797: 8506.7µs (15.8GB/s)
  [2026-06-12 17:57:31.890] [BW] Path 40797: 8957.5µs (15.0GB/s)
  [2026-06-12 17:57:31.898] [BW] Path 40797: 6641.6µs (20.2GB/s)
  [2026-06-12 17:57:31.906] [BW] Path 40797: 6473.3µs (20.7GB/s)
  [2026-06-12 17:57:31.917] [BW] Path 40797: 9231.9µs (14.5GB/s)
  [2026-06-12 17:57:31.925] [BW] Path 40797: 6561.4µs (20.5GB/s)
  [2026-06-12 17:57:31.933] [BW] Path 40797: 6539.1µs (20.5GB/s)
  [2026-06-12 17:57:31.943] [BW] Path 40797: 9061.2µs (14.8GB/s)
  [2026-06-12 17:57:31.952] [BW] Path 40797: 6755.1µs (19.9GB/s)
  [2026-06-12 17:57:32.988] [BW] Path 51197: 8695.0µs (15.4GB/s)
  [2026-06-12 17:57:32.999] [BW] Path 51197: 9207.6µs (14.6GB/s)
  [2026-06-12 17:57:33.007] [BW] Path 51197: 6649.3µs (20.2GB/s)
  [2026-06-12 17:57:33.015] [BW] Path 51197: 6731.7µs (19.9GB/s)
  [2026-06-12 17:57:33.023] [BW] Path 51197: 6839.8µs (19.6GB/s)
  [2026-06-12 17:57:33.032] [BW] Path 51197: 7893.0µs (17.0GB/s)
  [2026-06-12 17:57:33.041] [BW] Path 51197: 6661.8µs (20.1GB/s)
  [2026-06-12 17:57:33.049] [BW] Path 51197: 6573.2µs (20.4GB/s)
  [2026-06-12 17:57:33.061] [BW] Path 51197: 10506.8µs (12.8GB/s)
  [2026-06-12 17:57:33.075] [BW] Path 51197: 13121.7µs (10.2GB/s)
  [2026-06-12 17:58:22.428] [LAT] Path 27010: 172.7µs (0.0GB/s)
  [2026-06-12 17:58:22.430] [LAT] Path 27010: 73.7µs (0.1GB/s)
  [2026-06-12 17:58:22.431] [LAT] Path 27010: 74.0µs (0.1GB/s)
  [2026-06-12 17:58:22.433] [LAT] Path 27010: 72.4µs (0.1GB/s)
  [2026-06-12 17:58:22.434] [LAT] Path 27010: 74.3µs (0.1GB/s)
  [2026-06-12 17:58:22.436] [LAT] Path 27010: 71.4µs (0.1GB/s)
  [2026-06-12 17:58:22.437] [LAT] Path 27010: 72.1µs (0.1GB/s)
  [2026-06-12 17:58:22.439] [LAT] Path 27010: 72.1µs (0.1GB/s)
  [2026-06-12 17:58:22.440] [LAT] Path 27010: 74.3µs (0.1GB/s)
  [2026-06-12 17:58:22.442] [LAT] Path 27010: 72.0µs (0.1GB/s)
  [2026-06-12 17:58:22.962] [BW] Path 27010: 6610.1µs (20.3GB/s)
  [2026-06-12 17:58:22.964] [LAT] Path 27010: 87.2µs (0.1GB/s)
  [2026-06-12 17:58:22.965] [LAT] Path 27010: 76.7µs (0.1GB/s)
  [2026-06-12 17:58:22.967] [LAT] Path 27010: 80.4µs (0.1GB/s)
  [2026-06-12 17:58:22.969] [LAT] Path 27010: 76.6µs (0.1GB/s)
  [2026-06-12 17:58:22.970] [LAT] Path 27010: 76.9µs (0.1GB/s)
  [2026-06-12 17:58:22.972] [LAT] Path 27010: 76.4µs (0.1GB/s)
  [2026-06-12 17:58:22.973] [LAT] Path 27010: 75.7µs (0.1GB/s)
  [2026-06-12 17:58:22.975] [LAT] Path 27010: 75.7µs (0.1GB/s)
  [2026-06-12 17:58:22.976] [LAT] Path 27010: 74.9µs (0.1GB/s)
  [2026-06-12 17:58:24.009] [LAT] Path 27010: 174.8µs (0.0GB/s)
  [2026-06-12 17:58:24.011] [LAT] Path 27010: 76.7µs (0.1GB/s)
  [2026-06-12 17:58:24.012] [LAT] Path 27010: 76.9µs (0.1GB/s)
  [2026-06-12 17:58:24.014] [LAT] Path 27010: 75.7µs (0.1GB/s)
  [2026-06-12 17:58:24.015] [LAT] Path 27010: 75.2µs (0.1GB/s)
  [2026-06-12 17:58:24.017] [LAT] Path 27010: 74.7µs (0.1GB/s)
  [2026-06-12 17:58:24.018] [LAT] Path 27010: 75.2µs (0.1GB/s)
  [2026-06-12 17:58:24.020] [LAT] Path 27010: 77.0µs (0.1GB/s)
  [2026-06-12 17:58:24.021] [LAT] Path 27010: 76.0µs (0.1GB/s)
  [2026-06-12 17:58:24.023] [LAT] Path 27010: 75.4µs (0.1GB/s)
  [2026-06-12 17:58:25.065] [LAT] Path 45135: 166.2µs (0.0GB/s)
  [2026-06-12 17:58:25.066] [LAT] Path 45135: 79.2µs (0.1GB/s)
  [2026-06-12 17:58:25.068] [LAT] Path 45135: 75.9µs (0.1GB/s)
  [2026-06-12 17:58:25.069] [LAT] Path 45135: 76.9µs (0.1GB/s)
  [2026-06-12 17:58:25.071] [LAT] Path 45135: 76.3µs (0.1GB/s)
  [2026-06-12 17:58:25.073] [LAT] Path 45135: 76.7µs (0.1GB/s)
  [2026-06-12 17:58:25.074] [LAT] Path 45135: 76.9µs (0.1GB/s)
  [2026-06-12 17:58:25.076] [LAT] Path 45135: 80.9µs (0.1GB/s)
  [2026-06-12 17:58:25.077] [LAT] Path 45135: 77.4µs (0.1GB/s)
  [2026-06-12 17:58:25.079] [LAT] Path 45135: 77.4µs (0.1GB/s)
  [2026-06-12 17:58:29.101] [LAT] Path 18787: 138.8µs (0.0GB/s)
  [2026-06-12 17:58:29.109] [BW] Path 18787: 6496.6µs (20.7GB/s)
  [2026-06-12 17:58:29.110] [LAT] Path 18787: 79.0µs (0.1GB/s)
  [2026-06-12 17:58:29.112] [LAT] Path 18787: 80.4µs (0.1GB/s)
  [2026-06-12 17:58:29.113] [LAT] Path 18787: 79.9µs (0.1GB/s)
  [2026-06-12 17:58:29.115] [LAT] Path 18787: 78.6µs (0.1GB/s)
  [2026-06-12 17:58:29.116] [LAT] Path 18787: 79.0µs (0.1GB/s)
  [2026-06-12 17:58:29.118] [LAT] Path 18787: 78.8µs (0.1GB/s)
  [2026-06-12 17:58:29.119] [LAT] Path 18787: 79.7µs (0.1GB/s)
  [2026-06-12 17:58:29.121] [LAT] Path 18787: 79.5µs (0.1GB/s)
  [2026-06-12 17:58:29.632] [LAT] Path 18787: 142.1µs (0.0GB/s)
  [2026-06-12 17:58:29.634] [LAT] Path 18787: 80.9µs (0.1GB/s)
  [2026-06-12 17:58:29.636] [LAT] Path 18787: 79.7µs (0.1GB/s)
  [2026-06-12 17:58:29.637] [LAT] Path 18787: 76.7µs (0.1GB/s)
  [2026-06-12 17:58:29.639] [LAT] Path 18787: 80.9µs (0.1GB/s)
  [2026-06-12 17:58:29.640] [LAT] Path 18787: 94.8µs (0.0GB/s)
  [2026-06-12 17:58:29.642] [LAT] Path 18787: 84.2µs (0.1GB/s)
  [2026-06-12 17:58:29.644] [LAT] Path 18787: 76.9µs (0.1GB/s)
  [2026-06-12 17:58:29.645] [LAT] Path 18787: 81.3µs (0.1GB/s)
  [2026-06-12 17:58:29.647] [LAT] Path 18787: 79.2µs (0.1GB/s)
  [2026-06-12 17:58:30.705] [BW] Path 40797: 6692.7µs (20.1GB/s)
  [2026-06-12 17:58:30.707] [LAT] Path 40797: 417.6µs (0.0GB/s)
  [2026-06-12 17:58:30.709] [LAT] Path 40797: 76.1µs (0.1GB/s)
  [2026-06-12 17:58:30.710] [LAT] Path 40797: 76.1µs (0.1GB/s)
  [2026-06-12 17:58:30.712] [LAT] Path 40797: 70.4µs (0.1GB/s)
  [2026-06-12 17:58:30.713] [LAT] Path 40797: 78.3µs (0.1GB/s)
  [2026-06-12 17:58:30.715] [LAT] Path 40797: 68.6µs (0.1GB/s)
  [2026-06-12 17:58:30.717] [LAT] Path 40797: 74.0µs (0.1GB/s)
  [2026-06-12 17:58:30.718] [LAT] Path 40797: 74.0µs (0.1GB/s)
  [2026-06-12 17:58:30.720] [LAT] Path 40797: 377.0µs (0.0GB/s)
  [2026-06-12 17:58:31.837] [BW] Path 8351: 7234.4µs (18.6GB/s)
  [2026-06-12 17:58:31.838] [LAT] Path 8351: 86.2µs (0.1GB/s)
  [2026-06-12 17:58:31.847] [BW] Path 8351: 7384.2µs (18.2GB/s)
  [2026-06-12 17:58:31.849] [LAT] Path 8351: 88.1µs (0.1GB/s)
  [2026-06-12 17:58:31.850] [LAT] Path 8351: 78.0µs (0.1GB/s)
  [2026-06-12 17:58:31.852] [LAT] Path 8351: 77.9µs (0.1GB/s)
  [2026-06-12 17:58:31.854] [LAT] Path 8351: 83.8µs (0.1GB/s)
  [2026-06-12 17:58:31.855] [LAT] Path 8351: 75.4µs (0.1GB/s)
  [2026-06-12 17:58:31.857] [LAT] Path 8351: 79.0µs (0.1GB/s)
  [2026-06-12 17:58:31.858] [LAT] Path 8351: 77.6µs (0.1GB/s)
  [2026-06-12 17:58:32.924] [LAT] Path 51491: 179.2µs (0.0GB/s)
  [2026-06-12 17:58:32.925] [LAT] Path 51491: 75.0µs (0.1GB/s)
  [2026-06-12 17:58:32.927] [LAT] Path 51491: 77.7µs (0.1GB/s)
  [2026-06-12 17:58:32.928] [LAT] Path 51491: 75.6µs (0.1GB/s)
  [2026-06-12 17:58:32.930] [LAT] Path 51491: 75.4µs (0.1GB/s)
  [2026-06-12 17:58:32.931] [LAT] Path 51491: 74.5µs (0.1GB/s)
  [2026-06-12 17:58:32.933] [LAT] Path 51491: 75.7µs (0.1GB/s)
  [2026-06-12 17:58:32.934] [LAT] Path 51491: 76.0µs (0.1GB/s)
  [2026-06-12 17:58:32.936] [LAT] Path 51491: 76.1µs (0.1GB/s)
  [2026-06-12 17:58:32.937] [LAT] Path 51491: 72.7µs (0.1GB/s)
  [2026-06-12 17:58:33.970] [LAT] Path 51197: 172.6µs (0.0GB/s)
  [2026-06-12 17:58:33.978] [BW] Path 51197: 6502.7µs (20.6GB/s)
  [2026-06-12 17:58:33.979] [LAT] Path 51197: 78.4µs (0.1GB/s)
  [2026-06-12 17:58:33.981] [LAT] Path 51197: 80.5µs (0.1GB/s)
  [2026-06-12 17:58:33.982] [LAT] Path 51197: 77.9µs (0.1GB/s)
  [2026-06-12 17:58:33.984] [LAT] Path 51197: 77.6µs (0.1GB/s)
  [2026-06-12 17:58:33.985] [LAT] Path 51197: 75.8µs (0.1GB/s)
  [2026-06-12 17:58:33.987] [LAT] Path 51197: 77.7µs (0.1GB/s)
  [2026-06-12 17:58:33.989] [LAT] Path 51197: 76.1µs (0.1GB/s)
  [2026-06-12 17:58:33.990] [LAT] Path 51197: 77.8µs (0.1GB/s)
  [2026-06-12 18:04:16.332] [LAT] Path 51491: 152.5µs (0.0GB/s)
  [2026-06-12 18:04:16.333] [LAT] Path 51491: 82.0µs (0.1GB/s)
  [2026-06-12 18:04:16.344] [BW] Path 51491: 8763.4µs (15.3GB/s)
  [2026-06-12 18:04:16.352] [BW] Path 51491: 6534.2µs (20.5GB/s)
  [2026-06-12 18:04:16.354] [LAT] Path 51491: 51.8µs (0.1GB/s)
  [2026-06-12 18:04:16.364] [BW] Path 51491: 8761.5µs (15.3GB/s)
  [2026-06-12 18:04:16.372] [BW] Path 51491: 6733.2µs (19.9GB/s)
  [2026-06-12 18:04:16.382] [BW] Path 51491: 8464.0µs (15.9GB/s)
  [2026-06-12 18:04:16.384] [LAT] Path 51491: 28.4µs (0.1GB/s)
  [2026-06-12 18:04:16.394] [BW] Path 51491: 8624.1µs (15.6GB/s)
  [2026-06-12 18:04:17.429] [LAT] Path 40797: 138.9µs (0.0GB/s)
  [2026-06-12 18:04:17.431] [LAT] Path 40797: 78.1µs (0.1GB/s)
  [2026-06-12 18:04:17.432] [LAT] Path 40797: 68.7µs (0.1GB/s)
  [2026-06-12 18:04:17.442] [BW] Path 40797: 8699.3µs (15.4GB/s)
  [2026-06-12 18:04:17.450] [BW] Path 40797: 6535.7µs (20.5GB/s)
  [2026-06-12 18:04:17.454] [LAT] Path 40797: 215.8µs (0.0GB/s)
  [2026-06-12 18:04:17.464] [BW] Path 40797: 8365.9µs (16.0GB/s)
  [2026-06-12 18:04:17.472] [BW] Path 40797: 6662.1µs (20.1GB/s)
  [2026-06-12 18:04:17.483] [BW] Path 40797: 8994.8µs (14.9GB/s)
  [2026-06-12 18:04:17.484] [LAT] Path 40797: 28.2µs (0.1GB/s)
  [2026-06-12 18:04:18.878] [BW] Path 51491: 6545.7µs (20.5GB/s)
  [2026-06-12 18:04:18.887] [BW] Path 51491: 8091.5µs (16.6GB/s)
  [2026-06-12 18:04:18.899] [BW] Path 51491: 9984.9µs (13.4GB/s)
  [2026-06-12 18:04:18.907] [BW] Path 51491: 6784.1µs (19.8GB/s)
  [2026-06-12 18:04:18.915] [BW] Path 51491: 6484.8µs (20.7GB/s)
  [2026-06-12 18:04:18.925] [BW] Path 51491: 8109.9µs (16.6GB/s)
  [2026-06-12 18:04:18.933] [BW] Path 51491: 6667.5µs (20.1GB/s)
  [2026-06-12 18:04:18.941] [BW] Path 51491: 6515.7µs (20.6GB/s)
  [2026-06-12 18:04:18.949] [BW] Path 51491: 6547.9µs (20.5GB/s)
  [2026-06-12 18:04:18.960] [BW] Path 51491: 8967.2µs (15.0GB/s)
  [2026-06-12 18:04:20.014] [LAT] Path 27010: 145.6µs (0.0GB/s)
  [2026-06-12 18:04:20.025] [BW] Path 27010: 9224.1µs (14.6GB/s)
  [2026-06-12 18:04:20.033] [BW] Path 27010: 6516.2µs (20.6GB/s)
  [2026-06-12 18:04:20.041] [BW] Path 27010: 6674.0µs (20.1GB/s)
  [2026-06-12 18:04:20.050] [BW] Path 27010: 6974.2µs (19.2GB/s)
  [2026-06-12 18:04:20.059] [BW] Path 27010: 7667.7µs (17.5GB/s)
  [2026-06-12 18:04:20.067] [BW] Path 27010: 6525.3µs (20.6GB/s)
  [2026-06-12 18:04:20.075] [BW] Path 27010: 6756.6µs (19.9GB/s)
  [2026-06-12 18:04:20.085] [BW] Path 27010: 8943.9µs (15.0GB/s)
  [2026-06-12 18:04:20.094] [BW] Path 27010: 6540.4µs (20.5GB/s)
  [2026-06-12 18:04:21.147] [LAT] Path 45135: 165.1µs (0.0GB/s)
  [2026-06-12 18:04:21.149] [LAT] Path 45135: 70.9µs (0.1GB/s)
  [2026-06-12 18:04:21.151] [LAT] Path 45135: 75.3µs (0.1GB/s)
  [2026-06-12 18:04:21.152] [LAT] Path 45135: 76.2µs (0.1GB/s)
  [2026-06-12 18:04:21.154] [LAT] Path 45135: 79.2µs (0.1GB/s)
  [2026-06-12 18:04:21.156] [LAT] Path 45135: 85.4µs (0.1GB/s)
  [2026-06-12 18:04:21.157] [LAT] Path 45135: 74.4µs (0.1GB/s)
  [2026-06-12 18:04:21.159] [LAT] Path 45135: 75.1µs (0.1GB/s)
  [2026-06-12 18:04:21.161] [LAT] Path 45135: 74.4µs (0.1GB/s)
  [2026-06-12 18:04:21.162] [LAT] Path 45135: 76.2µs (0.1GB/s)
  [2026-06-12 18:04:22.479] [BW] Path 40797: 6621.0µs (20.3GB/s)
  [2026-06-12 18:04:22.487] [BW] Path 40797: 6892.7µs (19.5GB/s)
  [2026-06-12 18:04:22.498] [BW] Path 40797: 9221.4µs (14.6GB/s)
  [2026-06-12 18:04:22.506] [BW] Path 40797: 6520.6µs (20.6GB/s)
  [2026-06-12 18:04:22.514] [BW] Path 40797: 6721.0µs (20.0GB/s)
  [2026-06-12 18:04:22.525] [BW] Path 40797: 8962.4µs (15.0GB/s)
  [2026-06-12 18:04:22.533] [BW] Path 40797: 7238.9µs (18.5GB/s)
  [2026-06-12 18:04:22.542] [BW] Path 40797: 6859.1µs (19.6GB/s)
  [2026-06-12 18:04:22.551] [BW] Path 40797: 7436.3µs (18.1GB/s)
  [2026-06-12 18:04:22.561] [BW] Path 40797: 8457.1µs (15.9GB/s)
  [2026-06-12 18:04:23.599] [BW] Path 51491: 9539.2µs (14.1GB/s)
  [2026-06-12 18:04:23.607] [BW] Path 51491: 6548.3µs (20.5GB/s)
  [2026-06-12 18:04:23.616] [BW] Path 51491: 6552.9µs (20.5GB/s)
  [2026-06-12 18:04:23.627] [BW] Path 51491: 9456.9µs (14.2GB/s)
  [2026-06-12 18:04:23.635] [BW] Path 51491: 6518.2µs (20.6GB/s)
  [2026-06-12 18:04:23.643] [BW] Path 51491: 6549.0µs (20.5GB/s)
  [2026-06-12 18:04:23.651] [BW] Path 51491: 6728.3µs (19.9GB/s)
  [2026-06-12 18:04:23.660] [BW] Path 51491: 8075.1µs (16.6GB/s)
  [2026-06-12 18:04:23.669] [BW] Path 51491: 6582.3µs (20.4GB/s)
  [2026-06-12 18:04:23.679] [BW] Path 51491: 8745.9µs (15.3GB/s)
  [2026-06-12 18:05:14.033] [LAT] Path 45135: 174.7µs (0.0GB/s)
  [2026-06-12 18:05:14.034] [LAT] Path 45135: 72.2µs (0.1GB/s)
  [2026-06-12 18:05:14.036] [LAT] Path 45135: 73.0µs (0.1GB/s)
  [2026-06-12 18:05:14.037] [LAT] Path 45135: 71.2µs (0.1GB/s)
  [2026-06-12 18:05:14.039] [LAT] Path 45135: 70.7µs (0.1GB/s)
  [2026-06-12 18:05:14.040] [LAT] Path 45135: 69.8µs (0.1GB/s)
  [2026-06-12 18:05:14.041] [LAT] Path 45135: 72.4µs (0.1GB/s)
  [2026-06-12 18:05:14.547] [LAT] Path 27734: 178.1µs (0.0GB/s)
  [2026-06-12 18:05:14.548] [LAT] Path 27734: 77.8µs (0.1GB/s)
  [2026-06-12 18:05:14.550] [LAT] Path 27734: 74.8µs (0.1GB/s)
  [2026-06-12 18:05:14.551] [LAT] Path 27734: 75.5µs (0.1GB/s)
  [2026-06-12 18:05:14.552] [LAT] Path 27734: 73.7µs (0.1GB/s)
  [2026-06-12 18:05:14.555] [LAT] Path 45135: 73.7µs (0.1GB/s)
  [2026-06-12 18:05:14.556] [LAT] Path 45135: 74.1µs (0.1GB/s)
  [2026-06-12 18:05:14.558] [LAT] Path 45135: 73.7µs (0.1GB/s)
  [2026-06-12 18:05:14.560] [LAT] Path 45135: 72.0µs (0.1GB/s)
  [2026-06-12 18:05:14.561] [LAT] Path 45135: 75.9µs (0.1GB/s)
  [2026-06-12 18:05:15.597] [LAT] Path 45135: 120.5µs (0.0GB/s)
  [2026-06-12 18:05:15.598] [LAT] Path 45135: 76.3µs (0.1GB/s)
  [2026-06-12 18:05:15.600] [LAT] Path 45135: 79.8µs (0.1GB/s)
  [2026-06-12 18:05:15.602] [LAT] Path 45135: 76.3µs (0.1GB/s)
  [2026-06-12 18:05:15.603] [LAT] Path 45135: 74.8µs (0.1GB/s)
  [2026-06-12 18:05:15.605] [LAT] Path 45135: 117.6µs (0.0GB/s)
  [2026-06-12 18:05:15.607] [LAT] Path 45135: 73.8µs (0.1GB/s)
  [2026-06-12 18:05:15.609] [LAT] Path 45135: 72.4µs (0.1GB/s)
  [2026-06-12 18:05:15.610] [LAT] Path 45135: 74.3µs (0.1GB/s)
  [2026-06-12 18:05:15.612] [LAT] Path 45135: 78.1µs (0.1GB/s)
  [2026-06-12 18:05:16.646] [LAT] Path 18787: 122.8µs (0.0GB/s)
  [2026-06-12 18:05:16.647] [LAT] Path 18787: 80.2µs (0.1GB/s)
  [2026-06-12 18:05:16.649] [LAT] Path 18787: 154.5µs (0.0GB/s)
  [2026-06-12 18:05:16.651] [LAT] Path 18787: 143.3µs (0.0GB/s)
  [2026-06-12 18:05:16.652] [LAT] Path 18787: 75.3µs (0.1GB/s)
  [2026-06-12 18:05:16.654] [LAT] Path 18787: 76.7µs (0.1GB/s)
  [2026-06-12 18:05:16.656] [LAT] Path 18787: 120.5µs (0.0GB/s)
  [2026-06-12 18:05:16.658] [LAT] Path 18787: 80.0µs (0.1GB/s)
  [2026-06-12 18:05:16.659] [LAT] Path 18787: 71.1µs (0.1GB/s)
  [2026-06-12 18:05:16.661] [LAT] Path 18787: 74.7µs (0.1GB/s)
  [2026-06-12 18:05:18.215] [LAT] Path 27010: 238.6µs (0.0GB/s)
  [2026-06-12 18:05:18.223] [BW] Path 27010: 6586.2µs (20.4GB/s)
  [2026-06-12 18:05:18.225] [LAT] Path 27010: 76.4µs (0.1GB/s)
  [2026-06-12 18:05:18.226] [LAT] Path 27010: 74.0µs (0.1GB/s)
  [2026-06-12 18:05:18.228] [LAT] Path 27010: 71.6µs (0.1GB/s)
  [2026-06-12 18:05:18.229] [LAT] Path 27010: 72.3µs (0.1GB/s)
  [2026-06-12 18:05:18.230] [LAT] Path 27010: 82.0µs (0.1GB/s)
  [2026-06-12 18:05:18.232] [LAT] Path 27010: 71.5µs (0.1GB/s)
  [2026-06-12 18:05:18.233] [LAT] Path 27010: 70.0µs (0.1GB/s)
  [2026-06-12 18:05:18.235] [LAT] Path 27010: 70.5µs (0.1GB/s)
  [2026-06-12 18:05:18.742] [LAT] Path 27010: 75.8µs (0.1GB/s)
  [2026-06-12 18:05:18.743] [LAT] Path 27010: 70.9µs (0.1GB/s)
  [2026-06-12 18:05:18.745] [LAT] Path 27010: 72.5µs (0.1GB/s)
  [2026-06-12 18:05:18.746] [LAT] Path 27010: 71.4µs (0.1GB/s)
  [2026-06-12 18:05:18.748] [LAT] Path 27010: 70.0µs (0.1GB/s)
  [2026-06-12 18:05:18.749] [LAT] Path 27010: 69.9µs (0.1GB/s)
  [2026-06-12 18:05:18.751] [LAT] Path 27010: 74.4µs (0.1GB/s)
  [2026-06-12 18:05:18.752] [LAT] Path 27010: 71.3µs (0.1GB/s)
  [2026-06-12 18:05:18.754] [LAT] Path 27010: 71.7µs (0.1GB/s)
  [2026-06-12 18:05:18.756] [LAT] Path 27010: 72.3µs (0.1GB/s)
  [2026-06-12 18:05:19.790] [LAT] Path 27010: 132.6µs (0.0GB/s)
  [2026-06-12 18:05:19.792] [LAT] Path 27010: 92.3µs (0.0GB/s)
  [2026-06-12 18:05:19.793] [LAT] Path 27010: 79.2µs (0.1GB/s)
  [2026-06-12 18:05:19.795] [LAT] Path 27010: 77.0µs (0.1GB/s)
  [2026-06-12 18:05:19.797] [LAT] Path 27010: 79.4µs (0.1GB/s)
  [2026-06-12 18:05:19.799] [LAT] Path 27010: 74.5µs (0.1GB/s)
  [2026-06-12 18:05:19.800] [LAT] Path 27010: 77.5µs (0.1GB/s)
  [2026-06-12 18:05:19.802] [LAT] Path 27010: 77.5µs (0.1GB/s)
  [2026-06-12 18:05:19.804] [LAT] Path 27010: 77.0µs (0.1GB/s)
  [2026-06-12 18:05:19.805] [LAT] Path 27010: 76.9µs (0.1GB/s)
  [2026-06-12 18:05:20.852] [LAT] Path 8351: 164.8µs (0.0GB/s)
  [2026-06-12 18:05:20.853] [LAT] Path 8351: 80.5µs (0.1GB/s)
  [2026-06-12 18:05:20.855] [LAT] Path 8351: 77.4µs (0.1GB/s)
  [2026-06-12 18:05:20.857] [LAT] Path 8351: 76.6µs (0.1GB/s)
  [2026-06-12 18:05:20.859] [LAT] Path 8351: 74.4µs (0.1GB/s)
  [2026-06-12 18:05:20.860] [LAT] Path 8351: 74.8µs (0.1GB/s)
  [2026-06-12 18:05:20.862] [LAT] Path 8351: 366.7µs (0.0GB/s)
  [2026-06-12 18:05:20.864] [LAT] Path 8351: 78.8µs (0.1GB/s)
  [2026-06-12 18:05:20.866] [LAT] Path 8351: 77.8µs (0.1GB/s)
  [2026-06-12 18:05:20.867] [LAT] Path 8351: 76.6µs (0.1GB/s)
  [2026-06-12 18:05:21.966] [LAT] Path 40797: 178.9µs (0.0GB/s)
  [2026-06-12 18:05:21.967] [LAT] Path 40797: 79.6µs (0.1GB/s)
  [2026-06-12 18:05:21.969] [LAT] Path 40797: 84.3µs (0.1GB/s)
  [2026-06-12 18:05:21.970] [LAT] Path 40797: 81.6µs (0.1GB/s)
  [2026-06-12 18:05:21.972] [LAT] Path 40797: 81.1µs (0.1GB/s)
  [2026-06-12 18:05:21.973] [LAT] Path 40797: 79.9µs (0.1GB/s)
  [2026-06-12 18:05:21.975] [LAT] Path 40797: 95.3µs (0.0GB/s)
  [2026-06-12 18:05:21.976] [LAT] Path 40797: 97.4µs (0.0GB/s)
  [2026-06-12 18:05:21.978] [LAT] Path 40797: 95.9µs (0.0GB/s)
  [2026-06-12 18:05:21.980] [LAT] Path 40797: 85.0µs (0.1GB/s)
  [2026-06-12 18:05:23.054] [LAT] Path 40797: 178.9µs (0.0GB/s)
  [2026-06-12 18:05:23.056] [LAT] Path 40797: 94.5µs (0.0GB/s)
  [2026-06-12 18:05:23.058] [LAT] Path 40797: 79.7µs (0.1GB/s)
  [2026-06-12 18:05:23.059] [LAT] Path 40797: 78.2µs (0.1GB/s)
  [2026-06-12 18:05:23.061] [LAT] Path 40797: 77.3µs (0.1GB/s)
  [2026-06-12 18:05:23.062] [LAT] Path 40797: 78.0µs (0.1GB/s)
  [2026-06-12 18:05:23.064] [LAT] Path 40797: 78.2µs (0.1GB/s)
  [2026-06-12 18:05:23.065] [LAT] Path 40797: 77.4µs (0.1GB/s)
  [2026-06-12 18:05:23.067] [LAT] Path 40797: 77.0µs (0.1GB/s)
  [2026-06-12 18:05:23.069] [LAT] Path 40797: 76.7µs (0.1GB/s)
  [2026-06-12 18:07:27.721] [LAT] Path 51491: 178.6µs (0.0GB/s)
  [2026-06-12 18:07:27.729] [BW] Path 51491: 6722.1µs (20.0GB/s)
  [2026-06-12 18:07:27.737] [BW] Path 51491: 6778.2µs (19.8GB/s)
  [2026-06-12 18:07:27.748] [BW] Path 51491: 9305.5µs (14.4GB/s)
  [2026-06-12 18:07:27.750] [LAT] Path 51491: 29.0µs (0.1GB/s)
  [2026-06-12 18:07:27.758] [BW] Path 51491: 6656.5µs (20.2GB/s)
  [2026-06-12 18:07:27.768] [BW] Path 51491: 9074.1µs (14.8GB/s)
  [2026-06-12 18:07:27.776] [BW] Path 51491: 6681.2µs (20.1GB/s)
  [2026-06-12 18:07:27.778] [LAT] Path 51491: 31.2µs (0.1GB/s)
  [2026-06-12 18:07:27.789] [BW] Path 51491: 8779.9µs (15.3GB/s)
  [2026-06-12 18:07:28.824] [LAT] Path 18787: 141.9µs (0.0GB/s)
  [2026-06-12 18:07:28.825] [LAT] Path 18787: 84.2µs (0.1GB/s)
  [2026-06-12 18:07:28.827] [LAT] Path 18787: 77.8µs (0.1GB/s)
  [2026-06-12 18:07:28.836] [BW] Path 18787: 7196.9µs (18.6GB/s)
  [2026-06-12 18:07:28.844] [BW] Path 18787: 6925.8µs (19.4GB/s)
  [2026-06-12 18:07:28.854] [BW] Path 18787: 8710.6µs (15.4GB/s)
  [2026-06-12 18:07:28.856] [LAT] Path 18787: 29.0µs (0.1GB/s)
  [2026-06-12 18:07:28.866] [BW] Path 18787: 8452.9µs (15.9GB/s)
  [2026-06-12 18:07:28.876] [BW] Path 18787: 8571.1µs (15.7GB/s)
  [2026-06-12 18:07:28.884] [BW] Path 18787: 6665.5µs (20.1GB/s)
  [2026-06-12 18:07:30.220] [LAT] Path 27010: 148.3µs (0.0GB/s)
  [2026-06-12 18:07:30.222] [LAT] Path 27010: 83.2µs (0.1GB/s)
  [2026-06-12 18:07:30.224] [LAT] Path 27010: 78.9µs (0.1GB/s)
  [2026-06-12 18:07:30.225] [LAT] Path 27010: 82.9µs (0.1GB/s)
  [2026-06-12 18:07:30.227] [LAT] Path 27010: 80.2µs (0.1GB/s)
  [2026-06-12 18:07:30.229] [LAT] Path 27010: 71.8µs (0.1GB/s)
  [2026-06-12 18:07:30.230] [LAT] Path 27010: 78.0µs (0.1GB/s)
  [2026-06-12 18:07:30.232] [LAT] Path 27010: 76.8µs (0.1GB/s)
  [2026-06-12 18:07:30.233] [LAT] Path 27010: 98.5µs (0.0GB/s)
  [2026-06-12 18:07:30.236] [LAT] Path 27010: 456.0µs (0.0GB/s)
  [2026-06-12 18:07:31.307] [LAT] Path 706: 383.2µs (0.0GB/s)
  [2026-06-12 18:07:31.308] [LAT] Path 706: 80.3µs (0.1GB/s)
  [2026-06-12 18:07:31.319] [BW] Path 706: 9231.2µs (14.5GB/s)
  [2026-06-12 18:07:31.328] [BW] Path 706: 6747.0µs (19.9GB/s)
  [2026-06-12 18:07:31.336] [BW] Path 706: 6486.9µs (20.7GB/s)
  [2026-06-12 18:07:31.344] [BW] Path 706: 7075.1µs (19.0GB/s)
  [2026-06-12 18:07:31.353] [BW] Path 706: 7481.2µs (17.9GB/s)
  [2026-06-12 18:07:31.361] [BW] Path 706: 6722.9µs (20.0GB/s)
  [2026-06-12 18:07:31.370] [BW] Path 706: 6524.9µs (20.6GB/s)
  [2026-06-12 18:07:31.380] [BW] Path 706: 8993.2µs (14.9GB/s)
  [2026-06-12 18:07:32.432] [LAT] Path 18787: 178.0µs (0.0GB/s)
  [2026-06-12 18:07:32.434] [LAT] Path 18787: 87.2µs (0.1GB/s)
  [2026-06-12 18:07:32.436] [LAT] Path 18787: 155.4µs (0.0GB/s)
  [2026-06-12 18:07:32.437] [LAT] Path 18787: 127.1µs (0.0GB/s)
  [2026-06-12 18:07:32.439] [LAT] Path 18787: 78.9µs (0.1GB/s)
  [2026-06-12 18:07:32.441] [LAT] Path 18787: 76.6µs (0.1GB/s)
  [2026-06-12 18:07:32.442] [LAT] Path 18787: 80.8µs (0.1GB/s)
  [2026-06-12 18:07:32.444] [LAT] Path 18787: 78.3µs (0.1GB/s)
  [2026-06-12 18:07:32.446] [LAT] Path 18787: 79.3µs (0.1GB/s)
  [2026-06-12 18:07:32.447] [LAT] Path 18787: 77.2µs (0.1GB/s)
  [2026-06-12 18:07:33.756] [BW] Path 51491: 8998.5µs (14.9GB/s)
  [2026-06-12 18:07:33.764] [BW] Path 51491: 6567.4µs (20.4GB/s)
  [2026-06-12 18:07:33.774] [BW] Path 51491: 8402.1µs (16.0GB/s)
  [2026-06-12 18:07:33.785] [BW] Path 51491: 9338.8µs (14.4GB/s)
  [2026-06-12 18:07:33.793] [BW] Path 51491: 6552.8µs (20.5GB/s)
  [2026-06-12 18:07:33.801] [BW] Path 51491: 6542.8µs (20.5GB/s)
  [2026-06-12 18:07:33.811] [BW] Path 51491: 7864.5µs (17.1GB/s)
  [2026-06-12 18:07:33.819] [BW] Path 51491: 7333.5µs (18.3GB/s)
  [2026-06-12 18:07:33.827] [BW] Path 51491: 6518.4µs (20.6GB/s)
  [2026-06-12 18:07:33.835] [BW] Path 51491: 6587.2µs (20.4GB/s)
  [2026-06-12 18:07:34.909] [LAT] Path 45135: 157.2µs (0.0GB/s)
  [2026-06-12 18:07:34.917] [BW] Path 45135: 6502.8µs (20.6GB/s)
  [2026-06-12 18:07:34.925] [BW] Path 45135: 6542.8µs (20.5GB/s)
  [2026-06-12 18:07:34.936] [BW] Path 45135: 9615.2µs (14.0GB/s)
  [2026-06-12 18:07:34.944] [BW] Path 45135: 6524.7µs (20.6GB/s)
  [2026-06-12 18:07:34.952] [BW] Path 45135: 6531.0µs (20.6GB/s)
  [2026-06-12 18:07:34.963] [BW] Path 45135: 9456.5µs (14.2GB/s)
  [2026-06-12 18:07:34.971] [BW] Path 45135: 6520.1µs (20.6GB/s)
  [2026-06-12 18:07:34.978] [BW] Path 45135: 6542.1µs (20.5GB/s)
  [2026-06-12 18:07:34.988] [BW] Path 45135: 7916.4µs (16.9GB/s)
  [2026-06-12 18:07:36.251] [LAT] Path 27010: 180.6µs (0.0GB/s)
  [2026-06-12 18:07:36.253] [LAT] Path 27010: 77.4µs (0.1GB/s)
  [2026-06-12 18:07:36.254] [LAT] Path 27010: 74.5µs (0.1GB/s)
  [2026-06-12 18:07:36.256] [LAT] Path 27010: 72.7µs (0.1GB/s)
  [2026-06-12 18:07:36.258] [LAT] Path 27010: 72.3µs (0.1GB/s)
  [2026-06-12 18:07:36.259] [LAT] Path 27010: 73.0µs (0.1GB/s)
  [2026-06-12 18:07:36.261] [LAT] Path 27010: 74.3µs (0.1GB/s)
  [2026-06-12 18:07:36.262] [LAT] Path 27010: 73.6µs (0.1GB/s)
  [2026-06-12 18:07:36.264] [LAT] Path 27010: 73.8µs (0.1GB/s)
  [2026-06-12 18:07:36.266] [LAT] Path 27010: 73.0µs (0.1GB/s)
  [2026-06-12 18:08:28.352] [LAT] Path 45135: 172.2µs (0.0GB/s)
  [2026-06-12 18:08:28.354] [LAT] Path 45135: 76.4µs (0.1GB/s)
  [2026-06-12 18:08:28.859] [LAT] Path 45135: 166.8µs (0.0GB/s)
  [2026-06-12 18:08:28.861] [LAT] Path 45135: 77.3µs (0.1GB/s)
  [2026-06-12 18:08:28.862] [LAT] Path 45135: 73.1µs (0.1GB/s)
  [2026-06-12 18:08:28.864] [LAT] Path 45135: 75.6µs (0.1GB/s)
  [2026-06-12 18:08:28.865] [LAT] Path 45135: 77.2µs (0.1GB/s)
  [2026-06-12 18:08:28.867] [LAT] Path 45135: 143.7µs (0.0GB/s)
  [2026-06-12 18:08:28.869] [LAT] Path 45135: 74.0µs (0.1GB/s)
  [2026-06-12 18:08:28.870] [LAT] Path 45135: 72.5µs (0.1GB/s)
  [2026-06-12 18:08:28.872] [LAT] Path 45135: 72.8µs (0.1GB/s)
  [2026-06-12 18:08:28.873] [LAT] Path 45135: 73.3µs (0.1GB/s)
  [2026-06-12 18:08:29.906] [LAT] Path 45135: 176.2µs (0.0GB/s)
  [2026-06-12 18:08:29.908] [LAT] Path 45135: 75.1µs (0.1GB/s)
  [2026-06-12 18:08:29.910] [LAT] Path 45135: 76.1µs (0.1GB/s)
  [2026-06-12 18:08:29.911] [LAT] Path 45135: 72.6µs (0.1GB/s)
  [2026-06-12 18:08:29.913] [LAT] Path 45135: 69.2µs (0.1GB/s)
  [2026-06-12 18:08:29.914] [LAT] Path 45135: 72.0µs (0.1GB/s)
  [2026-06-12 18:08:29.916] [LAT] Path 45135: 72.8µs (0.1GB/s)
  [2026-06-12 18:08:29.917] [LAT] Path 45135: 71.6µs (0.1GB/s)
  [2026-06-12 18:08:29.919] [LAT] Path 45135: 70.4µs (0.1GB/s)
  [2026-06-12 18:08:29.921] [LAT] Path 45135: 71.4µs (0.1GB/s)
  [2026-06-12 18:08:32.437] [LAT] Path 706: 176.2µs (0.0GB/s)
  [2026-06-12 18:08:32.438] [LAT] Path 706: 86.7µs (0.1GB/s)
  [2026-06-12 18:08:32.440] [LAT] Path 706: 72.8µs (0.1GB/s)
  [2026-06-12 18:08:32.441] [LAT] Path 706: 72.0µs (0.1GB/s)
  [2026-06-12 18:08:32.443] [LAT] Path 706: 71.2µs (0.1GB/s)
  [2026-06-12 18:08:32.444] [LAT] Path 706: 71.5µs (0.1GB/s)
  [2026-06-12 18:08:32.446] [LAT] Path 706: 72.6µs (0.1GB/s)
  [2026-06-12 18:08:32.447] [LAT] Path 706: 70.0µs (0.1GB/s)
  [2026-06-12 18:08:32.449] [LAT] Path 706: 74.5µs (0.1GB/s)
  [2026-06-12 18:08:32.450] [LAT] Path 706: 73.8µs (0.1GB/s)
  [2026-06-12 18:08:32.955] [LAT] Path 27734: 125.8µs (0.0GB/s)
  [2026-06-12 18:08:32.956] [LAT] Path 27734: 72.8µs (0.1GB/s)
  [2026-06-12 18:08:32.958] [LAT] Path 27734: 72.3µs (0.1GB/s)
  [2026-06-12 18:08:32.959] [LAT] Path 27734: 73.2µs (0.1GB/s)
  [2026-06-12 18:08:32.961] [LAT] Path 27734: 74.5µs (0.1GB/s)
  [2026-06-12 18:08:32.962] [LAT] Path 27734: 71.9µs (0.1GB/s)
  [2026-06-12 18:08:32.964] [LAT] Path 27734: 74.6µs (0.1GB/s)
  [2026-06-12 18:08:32.965] [LAT] Path 27734: 73.1µs (0.1GB/s)
  [2026-06-12 18:08:32.967] [LAT] Path 27734: 72.2µs (0.1GB/s)
  [2026-06-12 18:08:32.970] [LAT] Path 706: 73.3µs (0.1GB/s)
  [2026-06-12 18:08:34.022] [LAT] Path 27010: 168.7µs (0.0GB/s)
  [2026-06-12 18:08:34.023] [LAT] Path 27010: 75.1µs (0.1GB/s)
  [2026-06-12 18:08:34.025] [LAT] Path 27010: 72.2µs (0.1GB/s)
  [2026-06-12 18:08:34.027] [LAT] Path 27010: 70.5µs (0.1GB/s)
  [2026-06-12 18:08:34.028] [LAT] Path 27010: 71.8µs (0.1GB/s)
  [2026-06-12 18:08:34.030] [LAT] Path 27010: 72.8µs (0.1GB/s)
  [2026-06-12 18:08:34.031] [LAT] Path 27010: 74.3µs (0.1GB/s)
  [2026-06-12 18:08:34.033] [LAT] Path 27010: 70.8µs (0.1GB/s)
  [2026-06-12 18:08:34.034] [LAT] Path 27010: 72.6µs (0.1GB/s)
  [2026-06-12 18:08:34.036] [LAT] Path 27010: 71.6µs (0.1GB/s)
  [2026-06-12 18:08:35.114] [LAT] Path 51197: 246.6µs (0.0GB/s)
  [2026-06-12 18:08:35.116] [LAT] Path 51197: 365.2µs (0.0GB/s)
  [2026-06-12 18:08:35.118] [LAT] Path 51197: 73.0µs (0.1GB/s)
  [2026-06-12 18:08:35.119] [LAT] Path 51197: 74.9µs (0.1GB/s)
  [2026-06-12 18:08:35.121] [LAT] Path 51197: 74.4µs (0.1GB/s)
  [2026-06-12 18:08:35.122] [LAT] Path 51197: 74.6µs (0.1GB/s)
  [2026-06-12 18:08:35.124] [LAT] Path 51197: 72.5µs (0.1GB/s)
  [2026-06-12 18:08:35.125] [LAT] Path 51197: 74.1µs (0.1GB/s)
  [2026-06-12 18:08:35.127] [LAT] Path 51197: 73.6µs (0.1GB/s)
  [2026-06-12 18:08:35.129] [LAT] Path 51197: 76.6µs (0.1GB/s)
  [2026-06-12 18:08:36.257] [LAT] Path 8351: 143.1µs (0.0GB/s)
  [2026-06-12 18:08:36.258] [LAT] Path 8351: 97.2µs (0.0GB/s)
  [2026-06-12 18:08:36.260] [LAT] Path 8351: 82.1µs (0.1GB/s)
  [2026-06-12 18:08:36.262] [LAT] Path 8351: 73.2µs (0.1GB/s)
  [2026-06-12 18:08:36.263] [LAT] Path 8351: 73.2µs (0.1GB/s)
  [2026-06-12 18:08:36.265] [LAT] Path 8351: 73.5µs (0.1GB/s)
  [2026-06-12 18:08:36.266] [LAT] Path 8351: 72.0µs (0.1GB/s)
  [2026-06-12 18:08:36.268] [LAT] Path 8351: 73.4µs (0.1GB/s)
  [2026-06-12 18:08:36.270] [LAT] Path 8351: 73.3µs (0.1GB/s)
  [2026-06-12 18:08:36.271] [LAT] Path 8351: 85.3µs (0.1GB/s)
  [2026-06-12 18:08:37.334] [LAT] Path 18787: 213.6µs (0.0GB/s)
  [2026-06-12 18:08:37.336] [LAT] Path 18787: 78.3µs (0.1GB/s)
  [2026-06-12 18:08:37.337] [LAT] Path 18787: 79.0µs (0.1GB/s)
  [2026-06-12 18:08:37.339] [LAT] Path 18787: 85.6µs (0.1GB/s)
  [2026-06-12 18:08:37.340] [LAT] Path 18787: 75.0µs (0.1GB/s)
  [2026-06-12 18:08:37.349] [LAT] Path 40797: 87.5µs (0.1GB/s)
  [2026-06-12 18:08:37.351] [LAT] Path 40797: 74.7µs (0.1GB/s)
  [2026-06-12 18:08:37.352] [LAT] Path 40797: 74.5µs (0.1GB/s)
  [2026-06-12 18:08:37.354] [LAT] Path 40797: 72.5µs (0.1GB/s)
  [2026-06-12 18:08:37.356] [LAT] Path 40797: 72.9µs (0.1GB/s)
