PID,TID,Source,Destination,Size_MB,Latency_us,Bandwidth_GBps,Start_ns,End_ns,WallStart_ns,WallEnd_ns
2771269,2771269,Host(NUMA 0),NPU 2,24.50,2885.74,8.90,716340471897747,716340474783487,1777455000471492872,1777455000474378612
2771269,2771269,Host(NUMA 0),NPU 2,31.50,3649.31,9.05,716340474914468,716340478563781,1777455000473516458,1777455000477165771
2771269,2771269,Host(NUMA 0),NPU 2,259.00,36244.99,7.49,716340479001492,716340515246479,1777455000477795313,1777455000514040300
2770322,2770322,Host(NUMA 1),Device ?,128.00,10341.58,12.98,716340517169366,716340527510942,1777455000515844287,1777455000526185863
2771269,2771269,Host(NUMA 0),NPU 2,129.50,15632.50,8.69,716340515442750,716340531075254,1777455000514044541,1777455000529677045
2771269,2771269,Host(NUMA 0),NPU 2,24.50,3017.48,8.51,716340531473936,716340534491416,1777455000530067907,1777455000533085387
2771269,2771269,Host(NUMA 0),NPU 2,31.50,3765.34,8.77,716340534604077,716340538369420,1777455000533192868,1777455000536958211
2771269,2771269,Host(NUMA 0),NPU 2,259.00,28041.85,9.68,716340538777971,716340566819820,1777455000537522842,1777455000565564691
2771269,2771269,Host(NUMA 0),NPU 2,129.50,15375.52,8.83,716340567004630,716340582380154,1777455000565669261,1777455000581044785
2771269,2771269,Host(NUMA 0),NPU 2,24.50,3105.69,8.27,716340582774685,716340585880376,1777455000581367926,1777455000584473617
2771269,2771269,Host(NUMA 0),NPU 2,31.50,3855.23,8.57,716340585993327,716340589848560,1777455000584584428,1777455000588439661
2771271,2771271,Host(NUMA 2),NPU 4,24.50,4490.39,5.72,716340587498602,716340591988988,1777455000586114692,1777455000590605078
2771271,2771271,Host(NUMA 2),NPU 4,31.50,5660.82,5.83,716340592144488,716340597805308,1777455000590751189,1777455000596412009
2771269,2771269,Host(NUMA 0),NPU 2,259.00,27860.06,9.75,716340590248402,716340618108459,1777455000589007723,1777455000616867780
2771269,2771269,Host(NUMA 0),NPU 2,129.50,14149.24,9.60,716340618295950,716340632445189,1777455000616976791,1777455000631126030
2771269,2771269,Host(NUMA 0),NPU 2,24.50,2965.41,8.66,716340632912501,716340635877911,1777455000631518042,1777455000634483452
2771271,2771271,Host(NUMA 2),NPU 4,259.00,39834.09,6.82,716340598269600,716340638103689,1777455000596850791,1777455000636684880
2771269,2771269,Host(NUMA 0),NPU 2,31.50,3518.56,9.39,716340635985232,716340639503794,1777455000634556223,1777455000638074785
2771271,2771271,Host(NUMA 2),NPU 4,129.50,19283.43,7.04,716340638316740,716340657600167,1777455000637046792,1777455000656330219
2771271,2771271,Host(NUMA 2),NPU 4,24.50,3658.17,7.02,716340658011699,716340661669872,1777455000656601929,1777455000660260102
2771271,2771271,Host(NUMA 2),NPU 4,31.50,4295.86,7.69,716340661781662,716340666077527,1777455000660393673,1777455000664689538
2771269,2771269,Host(NUMA 0),NPU 2,259.00,26301.70,10.33,716340639971986,716340666273688,1777455000638678477,1777455000664980179
2771272,2771272,Host(NUMA 0),NPU 5,24.50,3684.82,6.97,716340673626984,716340677311807,1777455000672270334,1777455000675955157
2771269,2771269,Host(NUMA 2),NPU 2,129.50,14302.33,9.49,716340666447728,716340680750059,1777455000665046548,1777455000679348879
2771272,2771272,Host(NUMA 0),NPU 5,31.50,4838.53,6.83,716340677445097,716340682283624,1777455000676016708,1777455000680855235
2771269,2771269,Host(NUMA 2),NPU 2,24.50,3274.51,7.85,716340681355261,716340684629772,1777455000679927452,1777455000683201963
2771269,2771269,Host(NUMA 2),NPU 2,31.50,2403.76,13.74,716340684763453,716340687167211,1777455000683334904,1777455000685738662
2771269,2771269,Host(NUMA 1),NPU 2,259.00,16309.38,16.65,716340687588883,716340703898260,1777455000686251534,1777455000702560911
2771270,2771270,Host(NUMA 1),NPU 3,24.50,3166.89,8.11,716340701428131,716340704595022,1777455000700001082,1777455000703167973
2771271,2771271,Host(NUMA 2),NPU 4,259.00,37898.03,7.17,716340666690469,716340704588502,1777455000665421040,1777455000703319073
2771270,2771270,Host(NUMA 1),NPU 3,31.50,4636.77,7.12,716340704698072,716340709334839,1777455000703262762,1777455000707899529
2771272,2771272,Host(NUMA 0),NPU 5,259.00,29147.21,9.32,716340682775576,716340711922788,1777455000681355346,1777455000710502558
2771269,2771269,Host(NUMA 1),NPU 2,129.50,17888.98,7.59,716340704350181,716340722239164,1777455000702936722,1777455000720825705
2771269,2771269,Host(NUMA 2),NPU 2,24.50,2098.91,12.24,716340723155567,716340725254474,1777455000721719768,1777455000723818675
2771272,2771272,Host(NUMA 0),NPU 5,129.50,14627.30,9.28,716340712145788,716340726773090,1777455000710711428,1777455000725338730
2771271,2771271,Host(NUMA 2),NPU 4,129.50,22608.52,6.01,716340704760203,716340727368722,1777455000703319603,1777455000725928122
2771269,2771269,Host(NUMA 2),NPU 2,31.50,2465.35,13.40,716340725382395,716340727847743,1777455000723947456,1777455000726412804
2771272,2771272,Host(NUMA 0),NPU 5,24.50,3001.04,8.56,716340727309542,716340730310582,1777455000725869113,1777455000728870153
2771271,2771271,Host(NUMA 2),NPU 4,24.50,4477.01,5.74,716340727789003,716340732266009,1777455000726344964,1777455000730821970
2771272,2771272,Host(NUMA 0),NPU 5,31.50,3897.14,8.48,716340730421683,716340734318826,1777455000728981084,1777455000732878227
2771271,2771271,Host(NUMA 2),NPU 4,31.50,5524.40,5.98,716340732380749,716340737905149,1777455000730938879,1777455000736463279
2771269,2771269,Host(NUMA 2),NPU 2,259.00,15782.58,17.21,716340728264455,716340744047040,1777455000726825296,1777455000742607881
2771270,2771270,Host(NUMA 1),NPU 3,259.00,36806.14,7.38,716340709820530,716340746626669,1777455000708376141,1777455000745182280
2771269,2771269,Host(NUMA 2),NPU 2,129.50,16873.37,8.05,716340744199831,716340761073200,1777455000742771551,1777455000759644920
2771270,2771270,Host(NUMA 1),NPU 3,129.50,14791.12,9.18,716340746823400,716340761614522,1777455000745373440,1777455000760164562
2771272,2771272,Host(NUMA 0),NPU 5,259.00,27374.55,9.92,716340734746468,716340762121014,1777455000733303878,1777455000760678424
2771270,2771270,Host(NUMA 1),NPU 3,24.50,2969.30,8.65,716340761954283,716340764923583,1777455000760491384,1777455000763460684
2771269,2771269,Host(NUMA 2),NPU 2,24.50,3386.62,7.59,716340761520601,716340764907223,1777455000760241142,1777455000763627764
2771269,2771269,Host(NUMA 2),NPU 2,31.50,2470.21,13.37,716340765025014,716340767495222,1777455000763578675,1777455000766048883
2771270,2771270,Host(NUMA 1),NPU 3,31.50,3799.63,8.69,716340765008734,716340768808367,1777455000763555774,1777455000767355407
2771272,2771272,Host(NUMA 0),NPU 5,129.50,11033.69,12.31,716340762313344,716340773347033,1777455000760882874,1777455000771916563
2771272,2771272,Host(NUMA 0),NPU 5,24.50,2142.72,11.99,716340773809704,716340775952422,1777455000772385675,1777455000774528393
2771272,2771272,Host(NUMA 0),NPU 5,31.50,2434.60,13.57,716340776075362,716340778509961,1777455000774635602,1777455000777070201
2771271,2771271,Host(NUMA 2),NPU 4,259.00,50181.31,5.41,716340738342920,716340788524226,1777455000736911061,1777455000787092367
2771269,2771269,Host(NUMA 2),NPU 2,259.00,31635.60,8.58,716340767906644,716340799542245,1777455000766471514,1777455000798107115
2771270,2771270,Host(NUMA 1),NPU 3,259.00,30701.64,8.85,716340769138948,716340799840586,1777455000767669158,1777455000798370796
2771272,2771272,Host(NUMA 0),NPU 5,259.00,20965.67,12.95,716340778909982,716340799875656,1777455000777666053,1777455000798631727
2771272,2771272,Host(NUMA 0),NPU 5,129.50,11375.63,11.94,716340800091796,716340811467426,1777455000798654997,1777455000810030627
2771271,2771271,Host(NUMA 2),NPU 4,129.50,22840.29,5.95,716340788711577,716340811551867,1777455000787468628,1777455000810308918
2771272,2771272,Host(NUMA 0),NPU 5,24.50,2421.07,10.61,716340811847978,716340814269046,1777455000810403619,1777455000812824687
2771270,2771270,Host(NUMA 1),NPU 3,129.50,15328.71,8.86,716340800032556,716340815361270,1777455000798578526,1777455000813907240
2771271,2771271,Host(NUMA 2),NPU 4,24.50,4424.01,5.81,716340811930288,716340816354293,1777455000810487679,1777455000814911684
2771269,2771269,Host(NUMA 0),NPU 2,129.50,16758.71,8.10,716340799715605,716340816474314,1777455000798435756,1777455000815194465
2771272,2771272,Host(NUMA 0),NPU 5,31.50,2555.50,12.93,716340814374586,716340816930085,1777455000812897947,1777455000815453446
2771270,2771270,Host(NUMA 1),NPU 3,24.50,2858.83,8.99,716340815686941,716340818545771,1777455000814234982,1777455000817093812
2771270,2771270,Host(NUMA 1),NPU 3,31.50,3619.50,9.13,716340818633761,716340822253264,1777455000817183632,1777455000820803135
2771271,2771271,Host(NUMA 2),NPU 4,31.50,5835.41,5.66,716340816466384,716340822301794,1777455000815245656,1777455000821081066
2771272,2771272,Host(NUMA 0),NPU 5,259.00,25287.45,10.74,716340817349427,716340842636875,1777455000815932428,1777455000841219876
2771270,2771270,Host(NUMA 1),NPU 3,259.00,27377.73,9.92,716340822590945,716340849968671,1777455000821148686,1777455000848526412
2771272,2771272,Host(NUMA 0),NPU 5,129.50,13346.49,10.17,716340842846766,716340856193253,1777455000841406766,1777455000854753253
2771272,2771272,Host(NUMA 0),NPU 5,24.50,1923.07,13.36,716340856591994,716340858515061,1777455000855147685,1777455000857070752
2771271,2771271,Host(NUMA 2),NPU 4,259.00,37862.19,7.17,716340822759136,716340860621328,1777455000821313287,1777455000859175479
2771272,2771272,Host(NUMA 0),NPU 5,31.50,2769.95,11.92,716340858621371,716340861391321,1777455000857175562,1777455000859945512
2771270,2771270,Host(NUMA 1),NPU 3,129.50,12547.40,10.82,716340850152922,716340862700326,1777455000848702022,1777455000861249426
2771270,2771270,Host(NUMA 1),NPU 3,24.50,2661.97,9.65,716340863017777,716340865679746,1777455000861565008,1777455000864226977
2771270,2771270,Host(NUMA 1),NPU 3,31.50,3527.26,9.36,716340865764106,716340869291369,1777455000864310456,1777455000867837719
2771271,2771271,Host(NUMA 2),NPU 4,129.50,21324.38,6.37,716340860773569,716340882097944,1777455000859349089,1777455000880673464
2771272,2771272,Host(NUMA 0),NPU 5,259.00,20543.49,13.22,716340861801203,716340882344695,1777455000860392423,1777455000880935915
2771271,2771271,Host(NUMA 2),NPU 4,24.50,4942.40,5.20,716340882481735,716340887424132,1777455000881038016,1777455000885980413
2771271,2771271,Host(NUMA 2),NPU 4,31.50,5912.30,5.59,716340887531693,716340893443993,1777455000886087354,1777455000891999654
2771272,2771272,Host(NUMA 0),NPU 5,129.50,11971.32,11.34,716340882546895,716340894518217,1777455000881100656,1777455000893071978
2771270,2771270,Host(NUMA 1),NPU 3,259.00,25729.99,10.56,716340869704940,716340895434930,1777455000868254711,1777455000893984701
2771272,2771272,Host(NUMA 0),NPU 5,24.50,4856.20,5.29,716340894895598,716340899751795,1777455000893452029,1777455000898308226
2771272,2771272,Host(NUMA 0),NPU 5,31.50,6301.99,5.24,716340899864316,716340906166308,1777455000898420746,1777455000904722738
2771270,2771270,Host(NUMA 1),NPU 3,129.50,12695.02,10.70,716340895601771,716340908296795,1777455000894149812,1777455000906844836
2771270,2771270,Host(NUMA 1),NPU 3,24.50,2893.16,8.88,716340908612336,716340911505497,1777455000907161196,1777455000910054357
2771270,2771270,Host(NUMA 1),NPU 3,31.50,3375.55,9.79,716340911586447,716340914961999,1777455000910131167,1777455000913506719
2771272,2771272,Host(NUMA 0),NPU 5,259.00,22354.35,12.15,716340906593819,716340928948168,1777455000905168149,1777455000927522498
2771271,2771271,Host(NUMA 2),NPU 4,259.00,39403.51,6.89,716340893949605,716340933353113,1777455000892504706,1777455000931908214
2771272,2771272,Host(NUMA 0),NPU 5,129.50,11982.42,11.33,716340929069648,716340941052070,1777455000927625609,1777455000939608031
2771270,2771270,Host(NUMA 1),NPU 3,259.00,27064.47,10.03,716340915286370,716340942350845,1777455000913838120,1777455000940902595
2771272,2771272,Host(NUMA 0),NPU 5,24.50,2802.25,9.17,716340941409771,716340944212021,1777455000939962352,1777455000942764602
2771272,2771272,Host(NUMA 0),NPU 5,31.50,2811.15,11.75,716340944321062,716340947132211,1777455000942879103,1777455000945690252
2771271,2771271,Host(NUMA 2),NPU 4,129.50,21656.49,6.27,716340933514964,716340955171450,1777455000932070994,1777455000953727480
2771270,2771270,Host(NUMA 1),NPU 3,129.50,13630.09,9.96,716340942521715,716340956151803,1777455000941077346,1777455000954707434
2771270,2771270,Host(NUMA 1),NPU 3,24.50,2857.37,8.99,716340956537904,716340959395274,1777455000955082375,1777455000957939745
2771271,2771271,Host(NUMA 2),NPU 4,24.50,4372.95,5.87,716340955543701,716340959916656,1777455000954111272,1777455000958484227
2771270,2771270,Host(NUMA 1),NPU 3,31.50,3253.30,10.15,716340959477965,716340962731266,1777455000958031616,1777455000961284917
2771271,2771271,Host(NUMA 2),NPU 4,31.50,6163.37,5.36,716340960042247,716340966205618,1777455000958604818,1777455000964768189
2771272,2771272,Host(NUMA 0),NPU 5,259.00,36984.44,7.34,716340947530533,716340984514972,1777455000946102464,1777455000983086903
2771270,2771270,Host(NUMA 1),NPU 3,259.00,26970.10,10.07,716340963057297,716340990027392,1777455000961606197,1777455000988576292
2771272,2771272,Host(NUMA 0),NPU 5,129.50,9413.38,14.43,716340984641603,716340994054986,1777455000983203413,1777455000992616796
2771271,2771271,Host(NUMA 2),NPU 4,259.00,35985.69,7.55,716340966643940,716341002629626,1777455000965206660,1777455001001192346
2771270,2771270,Host(NUMA 1),NPU 3,129.50,13288.74,10.22,716340990196552,716341003485289,1777455000988740842,1777455001002029579
2771270,2771270,Host(NUMA 1),NPU 3,24.50,2797.94,9.18,716341003799300,716341006597240,1777455001002344930,1777455001005142870
2771270,2771270,Host(NUMA 1),NPU 3,31.50,3246.04,10.18,716341006678980,716341009925021,1777455001006079394,1777455001009325435
2771271,2771271,Host(NUMA 2),NPU 4,129.50,17076.61,7.95,716341002786236,716341019862846,1777455001001371487,1777455001018448097
2771271,2771271,Host(NUMA 2),NPU 4,24.50,3424.30,7.50,716341020347198,716341023771500,1777455001018906868,1777455001022331170
2771271,2771271,Host(NUMA 2),NPU 4,31.50,4329.30,7.63,716341023882830,716341028212125,1777455001022438281,1777455001026767576
2771270,2771270,Host(NUMA 1),NPU 3,259.00,26745.05,10.15,716341010252192,716341036997246,1777455001008808433,1777455001035553487
2771270,2771270,Host(NUMA 1),NPU 3,129.50,13585.58,10.00,716341037171197,716341050756774,1777455001035720298,1777455001049305875
2771271,2771271,Host(NUMA 2),NPU 4,259.00,115114.33,2.36,716341028623027,716341143737360,1777455001027222768,1777455001142337101
2771271,2771271,Host(NUMA 2),NPU 4,129.50,15824.09,8.58,716341144045132,716341159869227,1777455001142620273,1777455001158444368
2771273,2771273,Host(NUMA 3),NPU 6,24.50,3208.30,8.01,716341263068679,716341266276980,1777455001261673950,1777455001264882251
2771273,2771273,Host(NUMA 3),NPU 6,31.50,4426.41,7.46,716341266402711,716341270829126,1777455001264960412,1777455001269386827
2771273,2771273,Host(NUMA 3),NPU 6,259.00,30160.21,9.00,716341271241718,716341301401923,1777455001269832459,1777455001299992664
2771273,2771273,Host(NUMA 3),NPU 6,129.50,39025.56,3.48,716341301631544,716341340657101,1777455001300199695,1777455001339225252
2771273,2771273,Host(NUMA 3),NPU 6,24.50,3404.74,7.55,716341341289293,716341344694035,1777455001339848864,1777455001343253606
2771273,2771273,Host(NUMA 3),NPU 6,31.50,4089.68,8.08,716341344816906,716341348906590,1777455001343377106,1777455001347466790
2771267,2771267,Host(NUMA 1),NPU 0,1039.50,129955.24,8.39,716341297550250,716341427505495,1777455001296156851,1777455001426112096
2771267,2771267,Host(NUMA 1),NPU 0,24.50,3047.13,8.43,716341428458069,716341431505199,1777455001427015930,1777455001430063060
2771267,2771267,Host(NUMA 1),NPU 0,31.50,4045.86,8.16,716341431607910,716341435653774,1777455001430163931,1777455001434209795
2771276,2771276,Host(NUMA 3),NPU 7,24.50,3429.12,7.49,716341449753813,716341453182936,1777455001448349003,1777455001451778126
2771276,2771276,Host(NUMA 3),NPU 7,31.50,4270.98,7.73,716341453316686,716341457587671,1777455001451872307,1777455001456143292
2771273,2771273,Host(NUMA 3),NPU 6,259.00,108883.77,2.49,716341349404152,716341458287923,1777455001347963983,1777455001456847754
2771267,2771267,Host(NUMA 1),NPU 0,259.00,28569.58,9.51,716341436038605,716341464608186,1777455001434592645,1777455001463162226
2771267,2771267,Host(NUMA 1),NPU 0,129.50,15826.60,8.58,716341464764376,716341480590972,1777455001463315476,1777455001479142072
2771267,2771267,Host(NUMA 1),NPU 0,24.50,3002.12,8.56,716341480933583,716341483935703,1777455001479493824,1777455001482495944
2771267,2771267,Host(NUMA 1),NPU 0,31.50,3882.42,8.51,716341484042404,716341487924827,1777455001482605765,1777455001486488188
2771276,2771276,Host(NUMA 3),NPU 7,259.00,35925.78,7.56,716341458015792,716341493941568,1777455001456581063,1777455001492506839
2771273,2771273,Host(NUMA 3),NPU 6,129.50,51304.63,2.65,716341458583364,716341509887994,1777455001457148695,1777455001508453325
2771276,2771276,Host(NUMA 3),NPU 7,129.50,18440.92,7.36,716341494128989,716341512569914,1777455001492687039,1777455001511127964
2771273,2771273,Host(NUMA 3),NPU 6,24.50,3690.27,6.96,716341510313496,716341514003769,1777455001508869886,1777455001512560159
2771276,2771276,Host(NUMA 3),NPU 7,24.50,3840.93,6.69,716341512954895,716341516795829,1777455001511509815,1777455001515350749
2771267,2771267,Host(NUMA 1),NPU 0,259.00,29624.06,9.17,716341488428959,716341518053023,1777455001486980320,1777455001516604384
2771273,2771273,Host(NUMA 3),NPU 6,31.50,5956.07,5.55,716341514115269,716341520071340,1777455001512672490,1777455001518628561
2771276,2771276,Host(NUMA 3),NPU 7,31.50,5008.04,6.60,716341516905239,716341521913276,1777455001515465050,1777455001520473087
2771267,2771267,Host(NUMA 1),NPU 0,129.50,16067.44,8.45,716341518209044,716341534276480,1777455001516757824,1777455001532825260
2771267,2771267,Host(NUMA 1),NPU 0,24.50,3107.08,8.27,716341534669261,716341537776342,1777455001533222182,1777455001536329263
2771267,2771267,Host(NUMA 1),NPU 0,31.50,4151.24,7.96,716341537873662,716341542024907,1777455001536424403,1777455001540575648
2771276,2771276,Host(NUMA 3),NPU 7,259.00,36876.39,7.36,716341522360168,716341559236557,1777455001520928859,1777455001557805248
2771267,2771267,Host(NUMA 1),NPU 0,259.00,27978.93,9.71,716341542517409,716341570496337,1777455001541083039,1777455001569061967
2771276,2771276,Host(NUMA 3),NPU 7,129.50,16574.67,8.19,716341559407448,716341575982116,1777455001557969319,1777455001574543987
2771276,2771276,Host(NUMA 3),NPU 7,24.50,3120.60,8.23,716341576376137,716341579496738,1777455001574932078,1777455001578052679
2771276,2771276,Host(NUMA 3),NPU 7,31.50,4416.03,7.48,716341579611319,716341584027354,1777455001578169320,1777455001582585355
2771267,2771267,Host(NUMA 1),NPU 0,129.50,15810.64,8.59,716341570650107,716341586460743,1777455001569205287,1777455001585015923
2771267,2771267,Host(NUMA 1),NPU 0,24.50,3172.75,8.10,716341586796664,716341589969415,1777455001585347005,1777455001588519756
2771267,2771267,Host(NUMA 1),NPU 0,31.50,4084.16,8.09,716341590066345,716341594150510,1777455001588619685,1777455001592703850
2771273,2771273,Host(NUMA 3),NPU 6,259.00,88415.26,3.07,716341520517902,716341608933162,1777455001519084652,1777455001607499912
2771276,2771276,Host(NUMA 3),NPU 7,259.00,38092.84,7.13,716341584438306,716341622531149,1777455001583004077,1777455001621096920
2771267,2771267,Host(NUMA 1),NPU 0,259.00,28742.94,9.45,716341594517181,716341623260122,1777455001593069891,1777455001621812832
2771273,2771273,Host(NUMA 3),NPU 6,129.50,19291.10,7.04,716341609119522,716341628410620,1777455001607681162,1777455001626972260
2771273,2771273,Host(NUMA 3),NPU 6,24.50,4576.04,5.61,716341628820241,716341633396277,1777455001627374242,1777455001631950278
2771273,2771273,Host(NUMA 3),NPU 6,31.50,4645.79,7.11,716341633512068,716341638157854,1777455001632067669,1777455001636713455
2771267,2771267,Host(NUMA 1),NPU 0,129.50,16057.52,8.46,716341623420212,716341639477729,1777455001621971112,1777455001638028629
2771276,2771276,Host(NUMA 3),NPU 7,129.50,19299.20,7.04,716341622698530,716341641997728,1777455001621257260,1777455001640556458
2771267,2771267,Host(NUMA 1),NPU 0,24.50,3008.04,8.54,716341639804930,716341642812970,1777455001638362951,1777455001641370991
2771276,2771276,Host(NUMA 3),NPU 7,24.50,4176.59,6.15,716341642355789,716341646532383,1777455001640922320,1777455001645098914
2771267,2771267,Host(NUMA 1),NPU 0,31.50,4123.39,8.01,716341642909541,716341647032935,1777455001641464932,1777455001645588326
2771276,2771276,Host(NUMA 3),NPU 7,31.50,4335.91,7.62,716341646642694,716341650978609,1777455001645204195,1777455001649540110
2771267,2771267,Host(NUMA 1),NPU 0,259.00,30240.99,8.98,716341647400677,716341677641663,1777455001645968427,1777455001676209413
2771267,2771267,Host(NUMA 1),NPU 0,129.50,14384.15,9.44,716341677784643,716341692168793,1777455001676342904,1777455001690727054
2771276,2771276,Host(NUMA 3),NPU 7,259.00,42376.40,6.41,716341651374780,716341693751179,1777455001649936581,1777455001692312980
2771267,2771267,Host(NUMA 1),NPU 0,24.50,2212.48,11.61,716341692495625,716341694708102,1777455001691047266,1777455001693259743
2771267,2771267,Host(NUMA 1),NPU 0,31.50,3353.73,9.85,716341694801143,716341698154874,1777455001693354724,1777455001696708455
2771276,2771276,Host(NUMA 3),NPU 7,129.50,16064.63,8.45,716341693944000,716341710008626,1777455001692509321,1777455001708573947
2771276,2771276,Host(NUMA 3),NPU 7,24.50,3440.62,7.47,716341710388677,716341713829299,1777455001708950088,1777455001712390710
2771276,2771276,Host(NUMA 3),NPU 7,31.50,3896.36,8.48,716341713942440,716341717838803,1777455001712501271,1777455001716397634
2771273,2771273,Host(NUMA 3),NPU 6,259.00,83115.80,3.27,716341638568466,716341721684267,1777455001637145037,1777455001720260838
2771267,2771267,Host(NUMA 1),NPU 0,259.00,24115.44,11.26,716341698516496,716341722631940,1777455001697071757,1777455001721187201
2771267,2771267,Host(NUMA 1),NPU 0,129.50,12786.18,10.62,716341722776441,716341735562626,1777455001721333701,1777455001734119886
2771267,2771267,Host(NUMA 1),NPU 0,24.50,2474.35,10.38,716341735876317,716341738350665,1777455001734428278,1777455001736902626
2771267,2771267,Host(NUMA 1),NPU 0,31.50,3062.41,10.79,716341738443166,716341741505576,1777455001736996967,1777455001740059377
2771273,2771273,Host(NUMA 3),NPU 6,129.50,31577.67,4.30,716341721882868,716341753460538,1777455001720446969,1777455001752024639
2771273,2771273,Host(NUMA 3),NPU 6,24.50,6370.70,4.03,716341753888220,716341760258922,1777455001752448541,1777455001758819243
2771273,2771273,Host(NUMA 3),NPU 6,31.50,4326.82,7.63,716341760405883,716341764732708,1777455001758962893,1777455001763289718
2771267,2771267,Host(NUMA 1),NPU 0,259.00,27456.92,9.89,716341741856208,716341769313124,1777455001740414139,1777455001767871055
2771276,2771276,Host(NUMA 3),NPU 7,259.00,51342.12,5.29,716341718249845,716341769591965,1777455001716816596,1777455001768158716
2771267,2771267,Host(NUMA 1),NPU 0,129.50,13288.53,10.22,716341769458114,716341782746641,1777455001768011045,1777455001781299572
2771276,2771276,Host(NUMA 3),NPU 7,129.50,17246.90,7.87,716341769781266,716341787028166,1777455001768353837,1777455001785600737
2771276,2771276,Host(NUMA 3),NPU 7,24.50,3482.21,7.38,716341787403607,716341790885820,1777455001785967237,1777455001789449450
2771276,2771276,Host(NUMA 3),NPU 7,31.50,4184.32,7.89,716341790997410,716341795181735,1777455001789567950,1777455001793752275
2771276,2771276,Host(NUMA 3),NPU 7,259.00,30771.01,8.83,716341795678816,716341826449824,1777455001794256277,1777455001825027285
2771273,2771273,Host(NUMA 3),NPU 6,259.00,69132.08,3.93,716341765156979,716341834289062,1777455001763725449,1777455001832857532
2771276,2771276,Host(NUMA 3),NPU 7,129.50,15653.27,8.67,716341826573075,716341842226350,1777455001825130975,1777455001840784250
2771276,2771276,Host(NUMA 3),NPU 7,24.50,2988.08,8.60,716341842569041,716341845557121,1777455001841133022,1777455001844121102
2771276,2771276,Host(NUMA 3),NPU 7,31.50,3757.27,8.79,716341845666702,716341849423975,1777455001844230622,1777455001847987895
2771273,2771273,Host(NUMA 3),NPU 6,129.50,29563.32,4.59,716341834511233,716341864074556,1777455001833075844,1777455001862639167
2771273,2771273,Host(NUMA 3),NPU 6,24.50,7100.94,3.62,716341864467658,716341871568603,1777455001863035368,1777455001870136313
2771273,2771273,Host(NUMA 3),NPU 6,31.50,10877.28,3.04,716341871688273,716341882565551,1777455001870258044,1777455001881135322
2771276,2771276,Host(NUMA 3),NPU 7,259.00,89910.53,3.02,716341849860906,716341939771432,1777455001848437616,1777455001938348142
2771273,2771273,Host(NUMA 3),NPU 6,259.00,66398.86,4.09,716341882981723,716341949380585,1777455001881545594,1777455001947944456
2771276,2771276,Host(NUMA 3),NPU 7,129.50,19281.24,7.04,716341939958992,716341959240230,1777455001938522653,1777455001957803891
2771273,2771273,Host(NUMA 3),NPU 6,129.50,45164.55,3.01,716341949564036,716341994728584,1777455001948132357,1777455001993296905
2771273,2771273,Host(NUMA 3),NPU 6,24.50,10513.40,2.44,716341995125816,716342005639213,1777455001993690316,1777455002004203713
2771273,2771273,Host(NUMA 3),NPU 6,31.50,12983.15,2.54,716342005799283,716342018782429,1777455002004367243,1777455002017350389
2771273,2771273,Host(NUMA 3),NPU 6,259.00,63077.45,4.31,716342019208820,716342082286272,1777455002017812460,1777455002080889912
2771273,2771273,Host(NUMA 3),NPU 6,129.50,37774.03,3.59,716342082484752,716342120258785,1777455002081054013,1777455002118828046
2771273,2771273,Host(NUMA 3),NPU 6,1039.50,144878.03,7.52,716342120634656,716342265512685,1777455002119372677,1777455002264250706
2771276,2771276,Host(NUMA 3),NPU 7,1039.50,379167.05,2.87,716341959595761,716342338762812,1777455001958268932,1777455002337435983
2771268,2771268,Host(NUMA 0),NPU 1,1039.50,1690173.03,0.64,716341243675551,716342933848581,1777455001242330132,1777455002932503162
2771268,2771268,Host(NUMA 0),NPU 1,24.50,3034.86,8.47,716342934850845,716342937885706,1777455002933418775,1777455002936453636
2771268,2771268,Host(NUMA 0),NPU 1,31.50,3506.38,9.42,716342938007026,716342941513408,1777455002936571447,1777455002940077829
2771268,2771268,Host(NUMA 0),NPU 1,259.00,28084.01,9.67,716342941918030,716342970002038,1777455002940486581,1777455002968570589
2771268,2771268,Host(NUMA 0),NPU 1,129.50,12896.83,10.53,716342970149299,716342983046124,1777455002968710100,1777455002981606925
2771268,2771268,Host(NUMA 0),NPU 1,24.50,2841.21,9.04,716342983377125,716342986218335,1777455002981937546,1777455002984778756
2771268,2771268,Host(NUMA 0),NPU 1,31.50,3217.71,10.27,716342986316686,716342989534397,1777455002984883907,1777455002988101618
2771268,2771268,Host(NUMA 0),NPU 1,259.00,27574.02,9.85,716342989904018,716343017478035,1777455002988474169,1777455003016048186
2771268,2771268,Host(NUMA 0),NPU 1,129.50,13603.35,9.98,716343017638726,716343031242074,1777455003016202386,1777455003029805734
2771268,2771268,Host(NUMA 0),NPU 1,24.50,2655.00,9.68,716343031575645,716343034230644,1777455003030133896,1777455003032788895
2771268,2771268,Host(NUMA 0),NPU 1,31.50,3314.92,9.96,716343034329694,716343037644616,1777455003032889505,1777455003036204427
2771268,2771268,Host(NUMA 0),NPU 1,259.00,29401.50,9.24,716343038031197,716343067432701,1777455003036598057,1777455003065999561
2771268,2771268,Host(NUMA 0),NPU 1,129.50,28171.49,4.82,716343067616871,716343095788360,1777455003066186282,1777455003094357771
2771268,2771268,Host(NUMA 0),NPU 1,24.50,2731.20,9.41,716343096301982,716343099033182,1777455003094860612,1777455003097591812
2771268,2771268,Host(NUMA 0),NPU 1,31.50,3279.26,10.07,716343099140782,716343102420044,1777455003097699522,1777455003100978784
2771268,2771268,Host(NUMA 0),NPU 1,259.00,40989.86,6.63,716343102799195,716343143789059,1777455003101369386,1777455003142359250
2771268,2771268,Host(NUMA 0),NPU 1,129.50,126108.11,1.08,716343143997640,716343270105753,1777455003142619741,1777455003268727854
2771268,2771268,Host(NUMA 0),NPU 1,24.50,14429.01,1.78,716343270586465,716343285015476,1777455003269149915,1777455003283578926
2771268,2771268,Host(NUMA 0),NPU 1,31.50,26137.13,1.26,716343285181096,716343311318228,1777455003283758817,1777455003309895949
2771268,2771268,Host(NUMA 0),NPU 1,259.00,140059.63,1.94,716343311770830,716343451830462,1777455003310363061,1777455003450422693
2771268,2771268,Host(NUMA 0),NPU 1,129.50,63791.35,2.13,716343452091773,716343515883127,1777455003450679044,1777455003514470398
2771268,2771268,Host(NUMA 0),NPU 1,24.50,8539.99,3.01,716343516349969,716343524889959,1777455003514916810,1777455003523456800
2771268,2771268,Host(NUMA 0),NPU 1,31.50,20902.24,1.58,716343525045449,716343545947693,1777455003523619400,1777455003544521644
2770322,2770322,Host(NUMA 1),Device ?,128.00,129717.29,1.03,716343555400626,716343685117912,1777455003553980727,1777455003683698013
2771268,2771268,Host(NUMA 0),NPU 1,259.00,214000.08,1.27,716343546427825,716343760427907,1777455003545003876,1777455003759003958
2771268,2771268,Host(NUMA 0),NPU 1,129.50,71593.88,1.90,716343760626298,716343832220179,1777455003759213599,1777455003830807480
2771268,2771268,Host(NUMA 0),NPU 1,24.50,8735.13,2.94,716343832644601,716343841379732,1777455003831210481,1777455003839945612
2771268,2771268,Host(NUMA 0),NPU 1,31.50,9079.08,3.64,716343841540512,716343850619594,1777455003840104583,1777455003849183665
2771268,2771268,Host(NUMA 0),NPU 1,259.00,138309.42,1.96,716343851078756,716343989388172,1777455003849649426,1777455003987958842
2771268,2771268,Host(NUMA 0),NPU 1,129.50,129948.30,1.04,716343989577642,716344119525940,1777455003988168093,1777455004118116391
2969697,2969733,Host(NUMA 0),NPU 2,128.00,6497.91,20.66,721816881767326,721816888265240,1777460476880673403,1777460476887171317
2969697,2969733,Host(NUMA 0),NPU 2,128.00,5902.33,22.74,721816888286911,721816894189244,1777460476886866117,1777460476892768450
2969697,2969733,Host(NUMA 0),NPU 2,128.00,5859.39,22.91,721816894201964,721816900061356,1777460476892789240,1777460476898648632
2969697,2969735,Host(NUMA 0),NPU 2,128.00,5887.80,22.80,721816901698092,721816907585895,1777460476900283448,1777460476906171251
2969697,2969735,Host(NUMA 0),NPU 2,128.00,5856.20,22.92,721816907602205,721816913458407,1777460476906164101,1777460476912020303
2969697,2969735,Host(NUMA 0),NPU 2,128.00,5858.67,22.91,721816913469937,721816919328609,1777460476912026012,1777460476917884684
2969697,2969734,Host(NUMA 0),NPU 2,128.00,5931.47,22.63,721816921527645,721816927459119,1777460476920113711,1777460476926045185
2969697,2969734,Host(NUMA 0),NPU 2,128.00,5873.53,22.85,721816927481500,721816933355032,1777460476926038535,1777460476931912067
2969697,2969734,Host(NUMA 0),NPU 2,128.00,5860.85,22.90,721816933366582,721816939227434,1777460476931917927,1777460476937778779
2969697,2969736,Host(NUMA 0),NPU 2,128.00,5871.13,22.86,721816941188481,721816947059613,1777460476939757217,1777460476945628349
2969697,2969736,Host(NUMA 0),NPU 2,128.00,5861.31,22.90,721816947072334,721816952933646,1777460476945629749,1777460476951491061
2969697,2969736,Host(NUMA 0),NPU 2,128.00,5858.18,22.91,721816952943796,721816958801978,1777460476951494031,1777460476957352213
2969697,2969736,Host(NUMA 0),NPU 2,128.00,23112.34,5.81,721816959874844,721816982987180,1777460476958433639,1777460476981545975
2969697,2969735,Host(NUMA 0),NPU 2,128.00,23147.39,5.80,721816959875935,721816983023321,1777460476958652178,1777460476981799564
2969697,2969733,Host(NUMA 0),NPU 2,128.00,23150.56,5.80,721816959873334,721816983023891,1777460476958781372,1777460476981931929
2969697,2969734,Host(NUMA 0),NPU 2,128.00,23136.31,5.80,721816959874814,721816983011121,1777460476958922136,1777460476982058443
2969697,2969735,Host(NUMA 0),NPU 2,128.00,23190.68,5.79,721816983055092,721817006245770,1777460476981606908,1777460477004797586
2969697,2969733,Host(NUMA 0),NPU 2,128.00,23192.45,5.79,721816983055182,721817006247630,1777460476981779104,1777460477004971552
2969697,2969734,Host(NUMA 0),NPU 2,128.00,23188.19,5.79,721816983049332,721817006237520,1777460476981909448,1777460477005097636
2969697,2969736,Host(NUMA 0),NPU 2,128.00,23190.89,5.79,721816983046652,721817006237540,1777460476982028702,1777460477005219590
2969697,2969735,Host(NUMA 0),NPU 2,128.00,23473.27,5.72,721817006275681,721817029748949,1777460477004832276,1777460477028305544
2969697,2969733,Host(NUMA 0),NPU 2,128.00,23469.66,5.72,721817006279512,721817029749169,1777460477005016053,1777460477028485710
2969697,2969734,Host(NUMA 0),NPU 2,128.00,23462.71,5.72,721817006278031,721817029740738,1777460477005156158,1777460477028618865
2969697,2969736,Host(NUMA 0),NPU 2,128.00,23469.93,5.72,721817006270831,721817029740758,1777460477005276442,1777460477028746369
2969697,2969735,Host(NUMA 0),NPU 2,128.00,23359.47,5.75,721817029779080,721817053138553,1777460477028333575,1777460477051693048
2969697,2969733,Host(NUMA 0),NPU 2,128.00,23360.38,5.75,721817029778830,721817053139213,1777460477028510931,1777460477051871314
2969697,2969734,Host(NUMA 0),NPU 2,128.00,23355.27,5.75,721817029771949,721817053127222,1777460477028639085,1777460477051994358
2969697,2969736,Host(NUMA 0),NPU 2,128.00,23355.27,5.75,721817029771999,721817053127272,1777460477028782780,1777460477052138053
2969697,2969735,Host(NUMA 0),NPU 2,128.00,23346.57,5.75,721817053167624,721817076514196,1777460477051716840,1777460477075063412
2969697,2969733,Host(NUMA 0),NPU 2,128.00,23346.83,5.75,721817053167564,721817076514396,1777460477051893126,1777460477075239958
2969697,2969734,Host(NUMA 0),NPU 2,128.00,23343.14,5.75,721817053160783,721817076503926,1777460477052021519,1777460477075364662
2969697,2969736,Host(NUMA 0),NPU 2,128.00,23343.66,5.75,721817053160673,721817076504336,1777460477052143603,1777460477075487266
2969697,2969735,Host(NUMA 0),NPU 2,128.00,23353.90,5.75,721817076542267,721817099896170,1777460477075109123,1777460477098463026
2969697,2969733,Host(NUMA 0),NPU 2,128.00,23355.37,5.75,721817076542777,721817099898150,1777460477075278089,1777460477098633462
2969697,2969734,Host(NUMA 0),NPU 2,128.00,23350.01,5.75,721817076537767,721817099887780,1777460477075406983,1777460477098756996
2969697,2969736,Host(NUMA 0),NPU 2,128.00,23350.05,5.75,721817076537807,721817099887860,1777460477075530207,1777460477098880260
2969697,2969734,Host(NUMA 0),NPU 2,128.00,23170.48,5.79,721817099919911,721817123090388,1777460477098477516,1777460477121647993
2969697,2969736,Host(NUMA 0),NPU 2,128.00,23170.56,5.79,721817099919841,721817123090398,1777460477098650622,1777460477121821179
2969697,2969735,Host(NUMA 0),NPU 2,128.00,23179.94,5.79,721817099923601,721817123103538,1777460477098842389,1777460477122022326
2969697,2969733,Host(NUMA 0),NPU 2,128.00,23178.59,5.79,721817099924861,721817123103448,1777460477098972774,1777460477122151361
2969697,2969735,Host(NUMA 0),NPU 2,128.00,23240.34,5.78,721817123132399,721817146372738,1777460477121683655,1777460477144923994
2969697,2969733,Host(NUMA 0),NPU 2,128.00,23242.85,5.77,721817123132659,721817146375508,1777460477121855721,1777460477145098570
2969697,2969734,Host(NUMA 0),NPU 2,128.00,23237.52,5.78,721817123129649,721817146367168,1777460477121973234,1777460477145210753
2969697,2969736,Host(NUMA 0),NPU 2,128.00,23238.08,5.78,721817123129259,721817146367338,1777460477122087948,1777460477145326027
2969697,2969735,Host(NUMA 0),NPU 2,128.00,23321.24,5.76,721817146400759,721817169722001,1777460477144953564,1777460477168274806
2969697,2969733,Host(NUMA 0),NPU 2,128.00,23320.58,5.76,721817146402909,721817169723491,1777460477145129120,1777460477168449702
2969697,2969734,Host(NUMA 0),NPU 2,128.00,23313.62,5.76,721817146398919,721817169712541,1777460477145265935,1777460477168579557
2969697,2969736,Host(NUMA 0),NPU 2,128.00,23313.75,5.76,721817146398809,721817169712561,1777460477145384849,1777460477168698601
2969697,2969735,Host(NUMA 0),NPU 2,128.00,23342.74,5.75,721817169751132,721817193093875,1777460477168321278,1777460477191664021
2969697,2969733,Host(NUMA 0),NPU 2,128.00,23342.02,5.75,721817169751882,721817193093905,1777460477168493624,1777460477191835647
2969697,2969734,Host(NUMA 0),NPU 2,128.00,23354.66,5.75,721817169755052,721817193109715,1777460477168597488,1777460477191952151
2969697,2969736,Host(NUMA 0),NPU 2,128.00,23354.57,5.75,721817169755222,721817193109795,1777460477168713052,1777460477192067625
2969697,2969735,Host(NUMA 0),NPU 2,128.00,23209.37,5.78,721817193140076,721817216349444,1777460477191695302,1777460477214904670
2969697,2969733,Host(NUMA 0),NPU 2,128.00,23213.65,5.78,721817193136266,721817216349914,1777460477191857137,1777460477215070785
2969697,2969734,Host(NUMA 0),NPU 2,128.00,23220.57,5.78,721817193139176,721817216359745,1777460477191971151,1777460477215191720
2969697,2969736,Host(NUMA 0),NPU 2,128.00,23220.66,5.78,721817193139106,721817216359765,1777460477192094365,1777460477215315024
2969697,2969735,Host(NUMA 0),NPU 2,128.00,23163.82,5.79,721817216381385,721817239545202,1777460477214940600,1777460477238104417
2969697,2969733,Host(NUMA 0),NPU 2,128.00,23162.71,5.79,721817216383686,721817239546392,1777460477215116577,1777460477238279283
2969697,2969734,Host(NUMA 0),NPU 2,128.00,23174.74,5.79,721817216388476,721817239563213,1777460477215339694,1777460477238514431
2969697,2969736,Host(NUMA 0),NPU 2,128.00,23174.96,5.79,721817216388386,721817239563343,1777460477215482789,1777460477238657746
2969697,2969734,Host(NUMA 0),NPU 2,128.00,23153.68,5.80,721817239591974,721817262745650,1777460477238153569,1777460477261307245
2969697,2969735,Host(NUMA 0),NPU 2,128.00,23201.89,5.78,721817239593894,721817262795781,1777460477238365637,1777460477261567524
2969697,2969733,Host(NUMA 0),NPU 2,128.00,23201.15,5.78,721817239590003,721817262791151,1777460477238496931,1777460477261698079
2969697,2969736,Host(NUMA 0),NPU 2,128.00,23188.31,5.79,721817239592044,721817262780351,1777460477238632416,1777460477261820723
2969697,2969734,Host(NUMA 0),NPU 2,128.00,23278.92,5.77,721817262825872,721817286104793,1777460477261383467,1777460477284662388
2969697,2969736,Host(NUMA 0),NPU 2,128.00,23279.71,5.77,721817262825142,721817286104853,1777460477261569734,1777460477284849445
2969697,2969735,Host(NUMA 0),NPU 2,128.00,23304.74,5.76,721817262831583,721817286136324,1777460477261752821,1777460477285057562
2969697,2969733,Host(NUMA 0),NPU 2,128.00,23308.24,5.76,721817262828112,721817286136354,1777460477261876134,1777460477285184376
2969697,2969734,Host(NUMA 0),NPU 2,128.00,23187.74,5.79,721817286168505,721817309356242,1777460477284728941,1777460477307916678
2969697,2969736,Host(NUMA 0),NPU 2,128.00,23188.02,5.79,721817286168415,721817309356432,1777460477286458800,1777460477309646817
2969697,2969735,Host(NUMA 0),NPU 2,128.00,23229.81,5.78,721817286178885,721817309408694,1777460477286641446,1777460477309871255
2969697,2969733,Host(NUMA 0),NPU 2,128.00,23230.11,5.78,721817286178975,721817309409084,1777460477286765850,1777460477309995959
2969697,2969734,Host(NUMA 0),NPU 2,128.00,23229.54,5.78,721817309434525,721817332664064,1777460477307998130,1777460477331227669
2969697,2969736,Host(NUMA 0),NPU 2,128.00,23229.68,5.78,721817309434445,721817332664124,1777460477308173266,1777460477331402945
2969697,2969735,Host(NUMA 0),NPU 2,128.00,23250.22,5.77,721817309442925,721817332693145,1777460477308355422,1777460477331605642
2969697,2969733,Host(NUMA 0),NPU 2,128.00,23251.51,5.77,721817309443025,721817332694535,1777460477308476806,1777460477331728316
2969697,2969734,Host(NUMA 0),NPU 2,128.00,23164.12,5.79,721817332717975,721817355882092,1777460477331277640,1777460477354441757
2969697,2969736,Host(NUMA 0),NPU 2,128.00,23163.47,5.79,721817332718645,721817355882112,1777460477331450656,1777460477354614123
2969697,2969735,Host(NUMA 0),NPU 2,128.00,23175.89,5.79,721817332725806,721817355901693,1777460477331638263,1777460477354814150
2969697,2969733,Host(NUMA 0),NPU 2,128.00,23175.92,5.79,721817332726096,721817355902013,1777460477331761887,1777460477354937804
2969697,2969734,Host(NUMA 0),NPU 2,128.00,23251.77,5.77,721817355924033,721817379175803,1777460477354483948,1777460477377735718
2969697,2969736,Host(NUMA 0),NPU 2,128.00,23252.28,5.77,721817355923563,721817379175843,1777460477354654314,1777460477377906594
2969697,2969735,Host(NUMA 0),NPU 2,128.00,23258.23,5.77,721817355930844,721817379189073,1777460477354853612,1777460477378111841
2969697,2969733,Host(NUMA 0),NPU 2,128.00,23260.44,5.77,721817355930814,721817379191253,1777460477354968876,1777460477378229315
2969697,2969734,Host(NUMA 0),NPU 2,128.00,23243.03,5.77,721817379215524,721817402458553,1777460477377772010,1777460477401015039
2969697,2969736,Host(NUMA 0),NPU 2,128.00,23240.06,5.78,721817379218514,721817402458573,1777460477377945156,1777460477401185215
2969697,2969735,Host(NUMA 0),NPU 2,128.00,23251.74,5.77,721817379220454,721817402472194,1777460477378140402,1777460477401392142
2969697,2969733,Host(NUMA 0),NPU 2,128.00,23249.70,5.77,721817379222714,721817402472414,1777460477378269536,1777460477401519236
2969697,2969733,Host(NUMA 0),NPU 2,128.00,23370.28,5.74,721817402501055,721817425871338,1777460477401055931,1777460477424426214
2969697,2969734,Host(NUMA 0),NPU 2,128.00,23364.64,5.74,721817402495535,721817425860178,1777460477401241277,1777460477424605920
2969697,2969736,Host(NUMA 0),NPU 2,128.00,23366.18,5.74,721817402494025,721817425860208,1777460477401371711,1777460477424737894
2969697,2969735,Host(NUMA 0),NPU 2,128.00,23369.92,5.74,721817402500915,721817425870838,1777460477401594359,1777460477424964282
2969697,2969735,Host(NUMA 0),NPU 2,128.00,23406.71,5.73,721817425902359,721817449309064,1777460477424457575,1777460477447864280
2969697,2969733,Host(NUMA 0),NPU 2,128.00,23408.72,5.73,721817425902239,721817449310964,1777460477424641611,1777460477448050336
2969697,2969734,Host(NUMA 0),NPU 2,128.00,23402.24,5.74,721817425898559,721817449300794,1777460477424768665,1777460477448170900
2969697,2969736,Host(NUMA 0),NPU 2,128.00,23401.47,5.74,721817425898569,721817449300034,1777460477424896899,1777460477448298364
2969697,2969735,Host(NUMA 0),NPU 2,128.00,23241.54,5.77,721817449335455,721817472576994,1777460477447897041,1777460477471138580
2969697,2969733,Host(NUMA 0),NPU 2,128.00,23294.44,5.76,721817449341415,721817472635856,1777460477448117868,1777460477471412309
2969697,2969734,Host(NUMA 0),NPU 2,128.00,23295.39,5.76,721817449338135,721817472633526,1777460477448246953,1777460477471542344
2969697,2969736,Host(NUMA 0),NPU 2,128.00,23295.44,5.76,721817449338105,721817472633546,1777460477448371117,1777460477471666558
2969697,2969735,Host(NUMA 0),NPU 2,128.00,23207.32,5.78,721817472667127,721817495874445,1777460477471231163,1777460477494438481
2969697,2969733,Host(NUMA 0),NPU 2,128.00,23208.53,5.78,721817472666947,721817495875475,1777460477471434870,1777460477494643398
2969697,2969734,Host(NUMA 0),NPU 2,128.00,23206.91,5.78,721817472661107,721817495868015,1777460477471563514,1777460477494770422
2969697,2969736,Host(NUMA 0),NPU 2,128.00,23207.53,5.78,721817472660467,721817495867995,1777460477471691019,1777460477494898547
2969697,2969735,Host(NUMA 0),NPU 2,128.00,23181.25,5.79,721817495903526,721817519084773,1777460477494474062,1777460477517655309
2969697,2969733,Host(NUMA 0),NPU 2,128.00,23181.77,5.79,721817495904056,721817519085823,1777460477494647168,1777460477517828935
2969697,2969734,Host(NUMA 0),NPU 2,128.00,23177.93,5.79,721817495899836,721817519077763,1777460477494770502,1777460477517948429
2969697,2969736,Host(NUMA 0),NPU 2,128.00,23178.21,5.79,721817495899616,721817519077823,1777460477494884866,1777460477518063073
2969697,2969734,Host(NUMA 0),NPU 2,128.00,23160.61,5.80,721817519108604,721817542269210,1777460477517670730,1777460477540831336
2969697,2969736,Host(NUMA 0),NPU 2,128.00,23160.69,5.80,721817519108544,721817542269230,1777460477517842946,1777460477541003632
2969697,2969735,Host(NUMA 0),NPU 2,128.00,23169.79,5.79,721817519113004,721817542282791,1777460477518035202,1777460477541204989
2969697,2969733,Host(NUMA 0),NPU 2,128.00,23170.29,5.79,721817519113124,721817542283411,1777460477518161686,1777460477541331973
2969697,2969733,Host(NUMA 0),NPU 2,128.00,23193.06,5.79,721817542311672,721817565504729,1777460477540863688,1777460477564056745
2969697,2969734,Host(NUMA 0),NPU 2,128.00,23186.20,5.79,721817542307462,721817565493659,1777460477541057314,1777460477564243511
2969697,2969736,Host(NUMA 0),NPU 2,128.00,23186.57,5.79,721817542307412,721817565493979,1777460477541177118,1777460477564363685
2969697,2969735,Host(NUMA 0),NPU 2,128.00,23192.87,5.79,721817542311392,721817565504259,1777460477541386976,1777460477564579843
2969697,2969733,Host(NUMA 0),NPU 2,128.00,23219.50,5.78,721817565535520,721817588755019,1777460477564086715,1777460477587306214
2969697,2969734,Host(NUMA 0),NPU 2,128.00,23212.22,5.78,721817565532060,721817588744278,1777460477564269352,1777460477587481570
2969697,2969736,Host(NUMA 0),NPU 2,128.00,23213.15,5.78,721817565531150,721817588744298,1777460477564386936,1777460477587600084
2969697,2969735,Host(NUMA 0),NPU 2,128.00,23219.30,5.78,721817565535640,721817588754939,1777460477564599323,1777460477587818622
2969697,2969733,Host(NUMA 0),NPU 2,128.00,23197.88,5.79,721817588783510,721817611981387,1777460477587336906,1777460477610534783
2969697,2969734,Host(NUMA 0),NPU 2,128.00,23190.49,5.79,721817588778900,721817611969387,1777460477587517022,1777460477610707509
2969697,2969736,Host(NUMA 0),NPU 2,128.00,23191.19,5.79,721817588778220,721817611969407,1777460477587632346,1777460477610823533
2969697,2969735,Host(NUMA 0),NPU 2,128.00,23197.97,5.79,721817588783310,721817611981277,1777460477587848233,1777460477611046200
2969697,2969734,Host(NUMA 0),NPU 2,128.00,23194.22,5.79,721817612013908,721817635208126,1777460477610578544,1777460477633772762
2969697,2969736,Host(NUMA 0),NPU 2,128.00,23194.74,5.79,721817612010828,721817635205566,1777460477610752930,1777460477633947668
2969697,2969735,Host(NUMA 0),NPU 2,128.00,23208.62,5.78,721817612016509,721817635225127,1777460477610938687,1777460477634147305
2969697,2969733,Host(NUMA 0),NPU 2,128.00,23208.31,5.78,721817612016669,721817635224977,1777460477611061341,1777460477634269649
2969697,2969734,Host(NUMA 0),NPU 2,128.00,23163.66,5.79,721817635251717,721817658415374,1777460477633816773,1777460477656980430
2969697,2969736,Host(NUMA 0),NPU 2,128.00,23164.74,5.79,721817635250647,721817658415384,1777460477633992589,1777460477657157326
2969697,2969735,Host(NUMA 0),NPU 2,128.00,23174.71,5.79,721817635254028,721817658428734,1777460477634190547,1777460477657365253
2969697,2969733,Host(NUMA 0),NPU 2,128.00,23175.85,5.79,721817635254058,721817658429904,1777460477634307251,1777460477657483097
2969697,2969735,Host(NUMA 0),NPU 2,128.00,23132.50,5.80,721817658455965,721817681588461,1777460477657005530,1777460477680138026
2969697,2969733,Host(NUMA 0),NPU 2,128.00,23185.97,5.79,721817658462816,721817681648783,1777460477657224338,1777460477680410305
2969697,2969734,Host(NUMA 0),NPU 2,128.00,23183.09,5.79,721817658461365,721817681644453,1777460477657355342,1777460477680538430
2969697,2969736,Host(NUMA 0),NPU 2,128.00,23183.11,5.79,721817658461345,721817681644453,1777460477657483516,1777460477680666624
2969697,2969734,Host(NUMA 0),NPU 2,128.00,23102.00,5.81,721817681673434,721817704775438,1777460477680231959,1777460477703333963
2969697,2969736,Host(NUMA 0),NPU 2,128.00,23101.76,5.81,721817681672694,721817704774458,1777460477680411595,1777460477703513359
2969697,2969735,Host(NUMA 0),NPU 2,128.00,23113.60,5.81,721817681679414,721817704793018,1777460477680610173,1777460477703723777
2969697,2969733,Host(NUMA 0),NPU 2,128.00,23114.69,5.81,721817681679304,721817704793999,1777460477680733996,1777460477703848691
2969697,2969735,Host(NUMA 0),NPU 2,128.00,23159.80,5.80,721817704819259,721817727979056,1777460477703378374,1777460477726538171
2969697,2969733,Host(NUMA 0),NPU 2,128.00,23191.26,5.79,721817704820719,721817728011977,1777460477703616962,1777460477726808220
2969697,2969734,Host(NUMA 0),NPU 2,128.00,23197.97,5.79,721817704823820,721817728021787,1777460477703738038,1777460477726936005
2969697,2969736,Host(NUMA 0),NPU 2,128.00,23198.19,5.79,721817704823650,721817728021837,1777460477703858842,1777460477727057029
2969697,2969735,Host(NUMA 0),NPU 2,128.00,23161.05,5.79,721817728043958,721817751205004,1777460477726598304,1777460477749759350
2969697,2969733,Host(NUMA 0),NPU 2,128.00,23163.54,5.79,721817728046378,721817751209914,1777460477726776450,1777460477749939986
2969697,2969734,Host(NUMA 0),NPU 2,128.00,23176.19,5.79,721817728051288,721817751227475,1777460477726987826,1777460477750164013
2969697,2969736,Host(NUMA 0),NPU 2,128.00,23176.02,5.79,721817728051498,721817751227515,1777460477727116031,1777460477750292048
2969697,2969735,Host(NUMA 0),NPU 2,128.00,23195.47,5.79,721817751254926,721817774450394,1777460477749815491,1777460477773010959
2969697,2969733,Host(NUMA 0),NPU 2,128.00,23196.66,5.79,721817751253476,721817774450133,1777460477749981418,1777460477773178075
2969697,2969734,Host(NUMA 0),NPU 2,128.00,23202.92,5.78,721817751257486,721817774460404,1777460477750098011,1777460477773300929
2969697,2969736,Host(NUMA 0),NPU 2,128.00,23202.87,5.78,721817751257686,721817774460554,1777460477750221345,1777460477773424213
2969697,2969733,Host(NUMA 0),NPU 2,128.00,23135.78,5.80,721817774486205,721817797621990,1777460477773040711,1777460477796176496
2969697,2969735,Host(NUMA 0),NPU 2,128.00,23165.96,5.79,721817774491845,721817797657801,1777460477773278999,1777460477796444955
2969697,2969734,Host(NUMA 0),NPU 2,128.00,23163.35,5.79,721817774490465,721817797653811,1777460477773405413,1777460477796568759
2969697,2969736,Host(NUMA 0),NPU 2,128.00,23163.56,5.79,721817774490445,721817797654001,1777460477773535658,1777460477796699214
2969697,2969735,Host(NUMA 0),NPU 2,128.00,23170.21,5.79,721817797686632,721817820856839,1777460477796235837,1777460477819406044
2969697,2969733,Host(NUMA 0),NPU 2,128.00,23169.80,5.79,721817797686762,721817820856559,1777460477796406953,1777460477819576750
2969697,2969734,Host(NUMA 0),NPU 2,128.00,23163.12,5.79,721817797684462,721817820847579,1777460477796532267,1777460477819695384
2969697,2969736,Host(NUMA 0),NPU 2,128.00,23163.32,5.79,721817797684302,721817820847619,1777460477796646271,1777460477819809588
2969697,2969735,Host(NUMA 0),NPU 2,128.00,23216.24,5.78,721817820886690,721817844102928,1777460477819438996,1777460477842655234
2969697,2969733,Host(NUMA 0),NPU 2,128.00,23216.60,5.78,721817820886710,721817844103308,1777460477819613132,1777460477842829730
2969697,2969734,Host(NUMA 0),NPU 2,128.00,23215.70,5.78,721817820880930,721817844096628,1777460477819726255,1777460477842941953
2969697,2969736,Host(NUMA 0),NPU 2,128.00,23215.78,5.78,721817820880890,721817844096668,1777460477819839169,1777460477843054947
2969697,2969734,Host(NUMA 0),NPU 2,128.00,23157.83,5.80,721817844124669,721817867282495,1777460477842685405,1777460477865843231
2969697,2969736,Host(NUMA 0),NPU 2,128.00,23156.48,5.80,721817844126149,721817867282625,1777460477842865021,1777460477866021497
2969697,2969735,Host(NUMA 0),NPU 2,128.00,23164.45,5.79,721817844131969,721817867296416,1777460477843060137,1777460477866224584
2969697,2969733,Host(NUMA 0),NPU 2,128.00,23165.03,5.79,721817844132139,721817867297166,1777460477843182451,1777460477866347478
2969697,2969735,Host(NUMA 0),NPU 2,128.00,23128.33,5.80,721817867322787,721817890451122,1777460477865884323,1777460477889012658
2969697,2969733,Host(NUMA 0),NPU 2,128.00,23157.78,5.80,721817867325037,721817890482813,1777460477866137621,1777460477889295397
2969697,2969734,Host(NUMA 0),NPU 2,128.00,23162.94,5.79,721817867327367,721817890490303,1777460477866273646,1777460477889436582
2969697,2969736,Host(NUMA 0),NPU 2,128.00,23163.16,5.79,721817867327427,721817890490583,1777460477866404271,1777460477889567427
2969697,2969733,Host(NUMA 0),NPU 2,128.00,23129.74,5.80,721817890516364,721817913646109,1777460477889070170,1777460477912199915
2969697,2969735,Host(NUMA 0),NPU 2,128.00,23164.93,5.79,721817890521864,721817913686791,1777460477889309557,1777460477912474484
2969697,2969734,Host(NUMA 0),NPU 2,128.00,23162.65,5.79,721817890519714,721817913682361,1777460477889432911,1777460477912595558
2969697,2969736,Host(NUMA 0),NPU 2,128.00,23162.68,5.79,721817890519804,721817913682481,1777460477889550355,1777460477912713032
2969697,2969734,Host(NUMA 0),NPU 2,128.00,23130.56,5.80,721817913709362,721817936839927,1777460477912271027,1777460477935401592
2969697,2969736,Host(NUMA 0),NPU 2,128.00,23128.81,5.80,721817913711252,721817936840067,1777460477912455764,1777460477935584579
2969697,2969735,Host(NUMA 0),NPU 2,128.00,23142.98,5.80,721817913717482,721817936860458,1777460477912652720,1777460477935795696
2969697,2969733,Host(NUMA 0),NPU 2,128.00,23143.34,5.80,721817913717742,721817936861078,1777460477912771724,1777460477935915060
2969697,2969735,Host(NUMA 0),NPU 2,128.00,23156.69,5.80,721817936889369,721817960046055,1777460477935437284,1777460477958593970
2969697,2969733,Host(NUMA 0),NPU 2,128.00,23157.66,5.80,721817936889489,721817960047145,1777460477935607430,1777460477958765086
2969697,2969734,Host(NUMA 0),NPU 2,128.00,23151.08,5.80,721817936884808,721817960035884,1777460477935741104,1777460477958892180
2969697,2969736,Host(NUMA 0),NPU 2,128.00,23151.23,5.80,721817936884658,721817960035884,1777460477935861628,1777460477959012854
2969697,2969733,Host(NUMA 0),NPU 2,128.00,23216.65,5.78,721817960077106,721817983293754,1777460477958619881,1777460477981836529
2969697,2969734,Host(NUMA 0),NPU 2,128.00,23204.80,5.78,721817960075976,721817983280774,1777460477958800957,1777460477982005755
2969697,2969736,Host(NUMA 0),NPU 2,128.00,23210.44,5.78,721817960070356,721817983280794,1777460477958919201,1777460477982129639
2969697,2969735,Host(NUMA 0),NPU 2,128.00,23219.33,5.78,721817960073946,721817983293274,1777460477959130539,1777460477982349867
2969697,2969735,Host(NUMA 0),NPU 2,128.00,23122.03,5.80,721817983319595,721818006441630,1777460477981873150,1777460478004995185
2969697,2969733,Host(NUMA 0),NPU 2,128.00,23137.88,5.80,721817983321145,721818006459021,1777460477982131839,1777460478005269715
2969697,2969734,Host(NUMA 0),NPU 2,128.00,23149.00,5.80,721817983324315,721818006473311,1777460477982251973,1777460478005400969
2969697,2969736,Host(NUMA 0),NPU 2,128.00,23149.41,5.80,721817983324225,721818006473631,1777460477982367937,1777460478005517343
2969697,2969735,Host(NUMA 0),NPU 2,128.00,23197.95,5.79,721818006494872,721818029692819,1777460478005059227,1777460478028257174
2969697,2969733,Host(NUMA 0),NPU 2,128.00,23195.39,5.79,721818006497712,721818029693099,1777460478005248634,1777460478028444021
2969697,2969736,Host(NUMA 0),NPU 2,128.00,23208.66,5.78,721818006502052,721818029710709,1777460478005353968,1777460478028562625
2969697,2969734,Host(NUMA 0),NPU 2,128.00,23208.61,5.78,721818006501952,721818029710559,1777460478005573295,1777460478028781902
2969697,2969733,Host(NUMA 0),NPU 2,128.00,23135.01,5.80,721818029736450,721818052871455,1777460478028295855,1777460478051430860
2969697,2969735,Host(NUMA 0),NPU 2,128.00,23157.18,5.80,721818029741440,721818052898616,1777460478028529343,1777460478051686519
2969697,2969734,Host(NUMA 0),NPU 2,128.00,23154.88,5.80,721818029739970,721818052894846,1777460478028657658,1777460478051812534
2969697,2969736,Host(NUMA 0),NPU 2,128.00,23154.98,5.80,721818029739950,721818052894926,1777460478028779762,1777460478051934738
2969697,2969734,Host(NUMA 0),NPU 2,128.00,23134.45,5.80,721818052922547,721818076057001,1777460478051474993,1777460478074609447
2969697,2969736,Host(NUMA 0),NPU 2,128.00,23136.93,5.80,721818052920087,721818076057021,1777460478051639168,1777460478074776102
2969697,2969735,Host(NUMA 0),NPU 2,128.00,23147.08,5.80,721818052928267,721818076075342,1777460478051833094,1777460478074980169
2969697,2969733,Host(NUMA 0),NPU 2,128.00,23148.33,5.80,721818052927977,721818076076312,1777460478051952328,1777460478075100663
2969697,2969735,Host(NUMA 0),NPU 2,128.00,23204.16,5.78,721818076121294,721818099325451,1777460478074669769,1777460478097873926
2969697,2969733,Host(NUMA 0),NPU 2,128.00,23204.12,5.78,721818076121304,721818099325421,1777460478074837004,1777460478098041121
2969697,2969734,Host(NUMA 0),NPU 2,128.00,23201.75,5.78,721818076115223,721818099316970,1777460478074956429,1777460478098158176
2969697,2969736,Host(NUMA 0),NPU 2,128.00,23200.86,5.79,721818076116143,721818099317000,1777460478075070872,1777460478098271729
2969697,2969735,Host(NUMA 0),NPU 2,128.00,23150.85,5.80,721818099355742,721818122506587,1777460478097904437,1777460478121055282
2969697,2969733,Host(NUMA 0),NPU 2,128.00,23151.47,5.80,721818099356112,721818122507587,1777460478098089483,1777460478121240958
2969697,2969734,Host(NUMA 0),NPU 2,128.00,23146.03,5.80,721818099352272,721818122498307,1777460478098210637,1777460478121356672
2969697,2969736,Host(NUMA 0),NPU 2,128.00,23145.28,5.80,721818099353072,721818122498347,1777460478098337702,1777460478121482977
2969697,2969734,Host(NUMA 0),NPU 2,128.00,23178.94,5.79,721818122531298,721818145710234,1777460478121094044,1777460478144272980
2969697,2969736,Host(NUMA 0),NPU 2,128.00,23179.04,5.79,721818122531198,721818145710234,1777460478121276380,1777460478144455416
2969697,2969735,Host(NUMA 0),NPU 2,128.00,23189.54,5.79,721818122535248,721818145724784,1777460478121472717,1777460478144662253
2969697,2969733,Host(NUMA 0),NPU 2,128.00,23191.09,5.79,721818122535388,721818145726475,1777460478121600800,1777460478144791887
2969697,2969735,Host(NUMA 0),NPU 2,128.00,23133.78,5.80,721818145751545,721818168885330,1777460478144305640,1777460478167439425
2969697,2969733,Host(NUMA 0),NPU 2,128.00,23185.80,5.79,721818145757666,721818168943462,1777460478144521438,1777460478167707234
2969697,2969734,Host(NUMA 0),NPU 2,128.00,23184.80,5.79,721818145755596,721818168940392,1777460478144651083,1777460478167835879
2969697,2969736,Host(NUMA 0),NPU 2,128.00,23184.72,5.79,721818145755806,721818168940522,1777460478144781117,1777460478167965833
2969697,2969733,Host(NUMA 0),NPU 2,128.00,23153.99,5.80,721818168973253,721818192127238,1777460478167519568,1777460478190673553
2969697,2969734,Host(NUMA 0),NPU 2,128.00,23148.72,5.80,721818168966833,721818192115548,1777460478167703685,1777460478190852400
2969697,2969736,Host(NUMA 0),NPU 2,128.00,23149.40,5.80,721818168966143,721818192115548,1777460478167830899,1777460478190980304
2969697,2969735,Host(NUMA 0),NPU 2,128.00,23153.42,5.80,721818168972913,721818192126328,1777460478168038946,1777460478191192361
2969697,2969733,Host(NUMA 0),NPU 2,128.00,23141.37,5.80,721818192156489,721818215297854,1777460478190705954,1777460478213847319
2969697,2969734,Host(NUMA 0),NPU 2,128.00,23135.97,5.80,721818192149819,721818215285794,1777460478190880060,1777460478214016035
2969697,2969736,Host(NUMA 0),NPU 2,128.00,23134.74,5.80,721818192151129,721818215285864,1777460478190998404,1777460478214133139
2969697,2969735,Host(NUMA 0),NPU 2,128.00,23142.53,5.80,721818192155719,721818215298254,1777460478191194851,1777460478214337386
2969697,2969735,Host(NUMA 0),NPU 2,128.00,23215.89,5.78,721818215328115,721818238544003,1777460478213879210,1777460478237095098
2969697,2969733,Host(NUMA 0),NPU 2,128.00,23218.09,5.78,721818215328235,721818238546323,1777460478214053536,1777460478237271624
2969697,2969734,Host(NUMA 0),NPU 2,128.00,23209.13,5.78,721818215325415,721818238534542,1777460478214176541,1777460478237385668
2969697,2969736,Host(NUMA 0),NPU 2,128.00,23210.04,5.78,721818215324825,721818238534862,1777460478214299595,1777460478237509632
2969697,2969735,Host(NUMA 0),NPU 2,128.00,23124.31,5.80,721818238569514,721818261693828,1777460478237127339,1777460478260251653
2969697,2969733,Host(NUMA 0),NPU 2,128.00,23170.60,5.79,721818238577304,721818261747900,1777460478237342606,1777460478260513202
2969697,2969734,Host(NUMA 0),NPU 2,128.00,23170.38,5.79,721818238572054,721818261742430,1777460478237470451,1777460478260640827
2969697,2969736,Host(NUMA 0),NPU 2,128.00,23170.47,5.79,721818238571984,721818261742450,1777460478237590615,1777460478260761081
2969697,2969734,Host(NUMA 0),NPU 2,128.00,23167.33,5.79,721818261771511,721818284938836,1777460478260327837,1777460478283495162
2969697,2969736,Host(NUMA 0),NPU 2,128.00,23167.90,5.79,721818261770961,721818284938856,1777460478260497683,1777460478283665578
2969697,2969735,Host(NUMA 0),NPU 2,128.00,23173.81,5.79,721818261778421,721818284952227,1777460478260698029,1777460478283871835
2969697,2969733,Host(NUMA 0),NPU 2,128.00,23173.91,5.79,721818261778651,721818284952557,1777460478260822873,1777460478283996779
2969697,2969735,Host(NUMA 0),NPU 2,128.00,23116.43,5.81,721818284979228,721818308095662,1777460478283534043,1777460478306650477
2969697,2969733,Host(NUMA 0),NPU 2,128.00,23138.08,5.80,721818284980978,721818308119053,1777460478283770691,1777460478306908766
2969697,2969734,Host(NUMA 0),NPU 2,128.00,23145.17,5.80,721818284983638,721818308128803,1777460478283892725,1777460478307037890
2969697,2969736,Host(NUMA 0),NPU 2,128.00,23145.03,5.80,721818284983838,721818308128863,1777460478284015020,1777460478307160045
2969697,2969734,Host(NUMA 0),NPU 2,128.00,23139.49,5.80,721818308160364,721818331299849,1777460478306717429,1777460478329856914
2969697,2969735,Host(NUMA 0),NPU 2,128.00,23185.08,5.79,721818308159394,721818331344470,1777460478306954058,1777460478330139134
2969697,2969733,Host(NUMA 0),NPU 2,128.00,23188.68,5.79,721818308155744,721818331344420,1777460478307077112,1777460478330265788
2969697,2969736,Host(NUMA 0),NPU 2,128.00,23177.95,5.79,721818308157944,721818331335890,1777460478307208236,1777460478330386182
2969697,2969735,Host(NUMA 0),NPU 2,128.00,23163.26,5.79,721818331373781,721818354537037,1777460478329922686,1777460478353085942
2969697,2969733,Host(NUMA 0),NPU 2,128.00,23165.46,5.79,721818331373801,721818354539257,1777460478330089202,1777460478353254658
2969697,2969734,Host(NUMA 0),NPU 2,128.00,23157.29,5.80,721818331370001,721818354527287,1777460478330222296,1777460478353379582
2969697,2969736,Host(NUMA 0),NPU 2,128.00,23158.23,5.80,721818331369281,721818354527507,1777460478330351681,1777460478353509907
2969697,2969735,Host(NUMA 0),NPU 2,128.00,23106.88,5.81,721818354562798,721818377669682,1777460478353115863,1777460478376222747
2969697,2969733,Host(NUMA 0),NPU 2,128.00,23153.78,5.80,721818354568778,721818377722553,1777460478353333011,1777460478376486786
2969697,2969734,Host(NUMA 0),NPU 2,128.00,23154.13,5.80,721818354565158,721818377719293,1777460478353465896,1777460478376620031
2969697,2969736,Host(NUMA 0),NPU 2,128.00,23154.35,5.80,721818354565108,721818377719453,1777460478353590730,1777460478376745075
2969697,2969734,Host(NUMA 0),NPU 2,128.00,23140.19,5.80,721818377748414,721818400888599,1777460478376306440,1777460478399446625
2969697,2969736,Host(NUMA 0),NPU 2,128.00,23140.67,5.80,721818377748354,721818400889019,1777460478376488136,1777460478399628801
2969697,2969735,Host(NUMA 0),NPU 2,128.00,23150.79,5.80,721818377752735,721818400903530,1777460478376693253,1777460478399844048
2969697,2969733,Host(NUMA 0),NPU 2,128.00,23151.21,5.80,721818377752595,721818400903800,1777460478376820138,1777460478399971343
2969697,2969733,Host(NUMA 0),NPU 2,128.00,23205.24,5.78,721818400931691,721818424136928,1777460478399485066,1777460478422690303
2969697,2969734,Host(NUMA 0),NPU 2,128.00,23197.81,5.79,721818400926311,721818424124117,1777460478399670323,1777460478422868129
2969697,2969736,Host(NUMA 0),NPU 2,128.00,23197.90,5.79,721818400926401,721818424124297,1777460478399782567,1777460478422980463
2969697,2969735,Host(NUMA 0),NPU 2,128.00,23203.79,5.78,721818400931441,721818424135228,1777460478399986343,1777460478423190130
2969697,2969735,Host(NUMA 0),NPU 2,128.00,23080.06,5.82,721818424161929,721818447241991,1777460478422718455,1777460478445798517
2969697,2969733,Host(NUMA 0),NPU 2,128.00,23107.64,5.81,721818424163349,721818447270992,1777460478422949103,1777460478446056746
2969697,2969734,Host(NUMA 0),NPU 2,128.00,23113.03,5.81,721818424166569,721818447279603,1777460478423060606,1777460478446173640
2969697,2969736,Host(NUMA 0),NPU 2,128.00,23113.01,5.81,721818424166659,721818447279673,1777460478423176900,1777460478446289914
2969697,2969735,Host(NUMA 0),NPU 2,128.00,23192.87,5.79,721818447310174,721818470503040,1777460478445867020,1777460478469059886
2969697,2969733,Host(NUMA 0),NPU 2,128.00,23196.31,5.79,721818447304964,721818470501270,1777460478446039286,1777460478469235592
2969697,2969734,Host(NUMA 0),NPU 2,128.00,23206.84,5.78,721818447308274,721818470515111,1777460478446149559,1777460478469356396
2969697,2969736,Host(NUMA 0),NPU 2,128.00,23207.06,5.78,721818447308124,721818470515181,1777460478446268803,1777460478469475860
2969697,2969735,Host(NUMA 0),NPU 2,128.00,23186.05,5.79,721818470541902,721818493727948,1777460478469104038,1777460478492290084
2969697,2969733,Host(NUMA 0),NPU 2,128.00,23192.52,5.79,721818470538992,721818493731508,1777460478469271464,1777460478492463980
2969697,2969734,Host(NUMA 0),NPU 2,128.00,23199.04,5.79,721818470544092,721818493743129,1777460478469379007,1777460478492578044
2969697,2969736,Host(NUMA 0),NPU 2,128.00,23199.26,5.79,721818470543952,721818493743209,1777460478469492491,1777460478492691748
2969697,2969735,Host(NUMA 0),NPU 2,128.00,23190.75,5.79,721818493769210,721818516959956,1777460478492325996,1777460478515516742
2969697,2969733,Host(NUMA 0),NPU 2,128.00,23193.41,5.79,721818493767990,721818516961396,1777460478492498312,1777460478515691718
2969697,2969734,Host(NUMA 0),NPU 2,128.00,23202.01,5.78,721818493772720,721818516974727,1777460478492606815,1777460478515808822
2969697,2969736,Host(NUMA 0),NPU 2,128.00,23202.03,5.78,721818493772780,721818516974807,1777460478492726729,1777460478515928756
2969697,2969735,Host(NUMA 0),NPU 2,128.00,23152.85,5.80,721818516997668,721818540150523,1777460478515555293,1777460478538708148
2969697,2969733,Host(NUMA 0),NPU 2,128.00,23155.47,5.80,721818516994887,721818540150353,1777460478515743889,1777460478538899355
2969697,2969734,Host(NUMA 0),NPU 2,128.00,23164.13,5.79,721818517001958,721818540166093,1777460478515863864,1777460478539027999
2969697,2969736,Host(NUMA 0),NPU 2,128.00,23164.10,5.79,721818517002028,721818540166133,1777460478515994369,1777460478539158474
2969697,2969736,Host(NUMA 0),NPU 2,128.00,23102.18,5.81,721818540193424,721818563295608,1777460478538751619,1777460478561853803
2969697,2969735,Host(NUMA 0),NPU 2,128.00,23139.56,5.80,721818540195774,721818563335329,1777460478538980737,1777460478562120292
2969697,2969733,Host(NUMA 0),NPU 2,128.00,23143.74,5.80,721818540191774,721818563335509,1777460478539104692,1777460478562248427
2969697,2969734,Host(NUMA 0),NPU 2,128.00,23135.74,5.80,721818540193564,721818563329299,1777460478539235236,1777460478562370971
2969697,2969734,Host(NUMA 0),NPU 2,128.00,23145.94,5.80,721818563356360,721818586502305,1777460478561916176,1777460478585062121
2969697,2969736,Host(NUMA 0),NPU 2,128.00,23147.67,5.80,721818563358410,721818586506075,1777460478562096272,1777460478585243937
2969697,2969735,Host(NUMA 0),NPU 2,128.00,23158.27,5.80,721818563364280,721818586522546,1777460478562285968,1777460478585444234
2969697,2969733,Host(NUMA 0),NPU 2,128.00,23158.92,5.80,721818563364530,721818586523446,1777460478562410092,1777460478585569008
2969697,2969735,Host(NUMA 0),NPU 2,128.00,23113.11,5.81,721818586549077,721818609662191,1777460478585102902,1777460478608216016
2969697,2969733,Host(NUMA 0),NPU 2,128.00,23117.44,5.81,721818586550007,721818609667451,1777460478585276858,1777460478608394302
2969697,2969734,Host(NUMA 0),NPU 2,128.00,23129.50,5.80,721818586554157,721818609683661,1777460478585487606,1777460478608617110
2969697,2969736,Host(NUMA 0),NPU 2,128.00,23129.38,5.80,721818586554337,721818609683721,1777460478585613230,1777460478608742614
2969697,2969734,Host(NUMA 0),NPU 2,128.00,23116.71,5.81,721818609712672,721818632829386,1777460478608272258,1777460478631388972
2969697,2969735,Host(NUMA 0),NPU 2,128.00,23160.48,5.80,721818609714672,721818632875148,1777460478608500475,1777460478631660951
2969697,2969733,Host(NUMA 0),NPU 2,128.00,23165.95,5.79,721818609710032,721818632875978,1777460478608621120,1777460478631787066
2969697,2969736,Host(NUMA 0),NPU 2,128.00,23155.19,5.80,721818609712812,721818632867998,1777460478608752994,1777460478631908180
2969697,2969735,Host(NUMA 0),NPU 2,128.00,23138.58,5.80,721818632902189,721818656040774,1777460478631458444,1777460478654597029
2969697,2969733,Host(NUMA 0),NPU 2,128.00,23140.94,5.80,721818632905009,721818656045944,1777460478631628430,1777460478654769365
2969697,2969734,Host(NUMA 0),NPU 2,128.00,23138.65,5.80,721818632904099,721818656042744,1777460478631757024,1777460478654895669
2969697,2969736,Host(NUMA 0),NPU 2,128.00,23135.54,5.80,721818632898339,721818656033883,1777460478631882609,1777460478655018153
2969697,2969735,Host(NUMA 0),NPU 2,128.00,23144.44,5.80,721818656074925,721818679219360,1777460478654629670,1777460478677774105
2969697,2969733,Host(NUMA 0),NPU 2,128.00,23174.74,5.79,721818656080505,721818679255241,1777460478654869038,1777460478678043774
2969697,2969734,Host(NUMA 0),NPU 2,128.00,23180.26,5.79,721818656082895,721818679263151,1777460478654991733,1777460478678171989
2969697,2969736,Host(NUMA 0),NPU 2,128.00,23180.33,5.79,721818656082825,721818679263151,1777460478655108837,1777460478678289163
2969697,2969735,Host(NUMA 0),NPU 2,128.00,23134.53,5.80,721818679290252,721818702424777,1777460478677846837,1777460478700981362
2969697,2969733,Host(NUMA 0),NPU 2,128.00,23131.38,5.80,721818679288752,721818702420137,1777460478678028743,1777460478701160128
2969697,2969736,Host(NUMA 0),NPU 2,128.00,23142.58,5.80,721818679292962,721818702435547,1777460478678137688,1777460478701280273
2969697,2969734,Host(NUMA 0),NPU 2,128.00,23142.67,5.80,721818679292872,721818702435537,1777460478678352395,1777460478701495060
2969697,2969735,Host(NUMA 0),NPU 2,128.00,23193.55,5.79,721818702459848,721818725653395,1777460478701015033,1777460478724208580
2969697,2969733,Host(NUMA 0),NPU 2,128.00,23194.37,5.79,721818702458848,721818725653215,1777460478701189879,1777460478724384246
2969697,2969734,Host(NUMA 0),NPU 2,128.00,23198.73,5.79,721818702463478,721818725662205,1777460478701299123,1777460478724497850
2969697,2969736,Host(NUMA 0),NPU 2,128.00,23198.84,5.79,721818702463548,721818725662385,1777460478701428848,1777460478724627685
2969697,2969735,Host(NUMA 0),NPU 2,128.00,23144.44,5.80,721818725693316,721818748837751,1777460478724243161,1777460478747387596
2969697,2969733,Host(NUMA 0),NPU 2,128.00,23151.60,5.80,721818725687656,721818748839251,1777460478724424018,1777460478747575613
2969697,2969734,Host(NUMA 0),NPU 2,128.00,23139.35,5.80,721818725691806,721818748831161,1777460478724556582,1777460478747695937
2969697,2969736,Host(NUMA 0),NPU 2,128.00,23139.37,5.80,721818725691786,721818748831151,1777460478724683026,1777460478747822391
2969697,2969735,Host(NUMA 0),NPU 2,128.00,23125.50,5.80,721818748862102,721818771987606,1777460478747424618,1777460478770550122
2969697,2969733,Host(NUMA 0),NPU 2,128.00,23170.02,5.79,721818748868772,721818772038788,1777460478747648675,1777460478770818691
2969697,2969734,Host(NUMA 0),NPU 2,128.00,23177.88,5.79,721818748865032,721818772042908,1777460478747773200,1777460478770951076
2969697,2969736,Host(NUMA 0),NPU 2,128.00,23178.08,5.79,721818748864942,721818772043018,1777460478747885144,1777460478771063220
2969697,2969735,Host(NUMA 0),NPU 2,128.00,23138.17,5.80,721818772063869,721818795202044,1777460478770616914,1777460478793755089
2969697,2969733,Host(NUMA 0),NPU 2,128.00,23153.90,5.80,721818772066649,721818795220554,1777460478770865613,1777460478794019518
2969697,2969734,Host(NUMA 0),NPU 2,128.00,23161.16,5.79,721818772072179,721818795233335,1777460478770987887,1777460478794149043
2969697,2969736,Host(NUMA 0),NPU 2,128.00,23161.56,5.79,721818772072259,721818795233815,1777460478771111941,1777460478794273497
2969697,2969735,Host(NUMA 0),NPU 2,128.00,23161.42,5.79,721818795256496,721818818417921,1777460478793815202,1777460478816976627
2969697,2969733,Host(NUMA 0),NPU 2,128.00,23160.06,5.80,721818795256616,721818818416671,1777460478793989808,1777460478817149863
2969697,2969734,Host(NUMA 0),NPU 2,128.00,23168.91,5.79,721818795261326,721818818430232,1777460478794104591,1777460478817273497
2969697,2969736,Host(NUMA 0),NPU 2,128.00,23169.42,5.79,721818795261186,721818818430602,1777460478794223965,1777460478817393381
2969697,2969735,Host(NUMA 0),NPU 2,128.00,23163.27,5.79,721818818452442,721818841615708,1777460478817019298,1777460478840182564
2969697,2969733,Host(NUMA 0),NPU 2,128.00,23162.49,5.79,721818818453532,721818841616018,1777460478817192324,1777460478840354810
2969697,2969734,Host(NUMA 0),NPU 2,128.00,23173.75,5.79,721818818458983,721818841632729,1777460478817391171,1777460478840564917
2969697,2969736,Host(NUMA 0),NPU 2,128.00,23174.19,5.79,721818818458803,721818841632989,1777460478817518775,1777460478840692961
2969697,2969735,Host(NUMA 0),NPU 2,128.00,23186.65,5.79,721818841660940,721818864847586,1777460478840223206,1777460478863409852
2969697,2969733,Host(NUMA 0),NPU 2,128.00,23189.64,5.79,721818841659100,721818864848736,1777460478840394632,1777460478863584268
2969697,2969734,Host(NUMA 0),NPU 2,128.00,23198.47,5.79,721818841663530,721818864861997,1777460478840512915,1777460478863711382
2969697,2969736,Host(NUMA 0),NPU 2,128.00,23198.74,5.79,721818841663470,721818864862207,1777460478840631929,1777460478863830666
2969697,2969734,Host(NUMA 0),NPU 2,128.00,23150.44,5.80,721818864890478,721818888040923,1777460478863451333,1777460478886601778
2969697,2969735,Host(NUMA 0),NPU 2,128.00,23183.86,5.79,721818864892408,721818888076264,1777460478863685222,1777460478886869078
2969697,2969733,Host(NUMA 0),NPU 2,128.00,23191.70,5.79,721818864887167,721818888078864,1777460478863804145,1777460478886995842
2969697,2969736,Host(NUMA 0),NPU 2,128.00,23185.29,5.79,721818864890298,721818888075584,1777460478863932300,1777460478887117586
2969697,2969735,Host(NUMA 0),NPU 2,128.00,23148.51,5.80,721818888104165,721818911252670,1777460478886651790,1777460478909800295
2969697,2969733,Host(NUMA 0),NPU 2,128.00,23147.15,5.80,721818888105275,721818911252430,1777460478886826186,1777460478909973341
2969697,2969734,Host(NUMA 0),NPU 2,128.00,23141.94,5.80,721818888100795,721818911242730,1777460478886950840,1777460478910092775
2969697,2969736,Host(NUMA 0),NPU 2,128.00,23141.85,5.80,721818888100895,721818911242740,1777460478887086495,1777460478910228340
2969697,2969733,Host(NUMA 0),NPU 2,128.00,23195.41,5.79,721818911280741,721818934476148,1777460478909829386,1777460478933024793
2969697,2969734,Host(NUMA 0),NPU 2,128.00,23190.07,5.79,721818911273391,721818934463457,1777460478910004753,1777460478933194819
2969697,2969736,Host(NUMA 0),NPU 2,128.00,23189.34,5.79,721818911274241,721818934463577,1777460478910128367,1777460478933317703
2969697,2969735,Host(NUMA 0),NPU 2,128.00,23194.11,5.79,721818911280901,721818934475008,1777460478910329463,1777460478933523570
2969697,2969735,Host(NUMA 0),NPU 2,128.00,23233.60,5.78,721818934501769,721818957735367,1777460478933051624,1777460478956285222
2969697,2969733,Host(NUMA 0),NPU 2,128.00,23233.45,5.78,721818934504379,721818957737827,1777460478933235270,1777460478956468718
2969697,2969734,Host(NUMA 0),NPU 2,128.00,23227.33,5.78,721818934499139,721818957726466,1777460478933357705,1777460478956585032
2969697,2969736,Host(NUMA 0),NPU 2,128.00,23227.20,5.78,721818934499309,721818957726506,1777460478933478549,1777460478956705746
2969697,2969735,Host(NUMA 0),NPU 2,128.00,23185.65,5.79,721818957763578,721818980949224,1777460478956311543,1777460478979497189
2969697,2969733,Host(NUMA 0),NPU 2,128.00,23185.28,5.79,721818957765258,721818980950534,1777460478956484779,1777460478979670055
2969697,2969734,Host(NUMA 0),NPU 2,128.00,23180.90,5.79,721818957760798,721818980941694,1777460478956603653,1777460478979784549
2969697,2969736,Host(NUMA 0),NPU 2,128.00,23181.10,5.79,721818957760708,721818980941804,1777460478956730007,1777460478979911103
2969697,2969735,Host(NUMA 0),NPU 2,128.00,23126.14,5.80,721818980971905,721819004098049,1777460478979527261,1777460479002653405
2969697,2969733,Host(NUMA 0),NPU 2,128.00,23161.87,5.79,721818980979445,721819004141311,1777460478979752758,1777460479002914624
2969697,2969734,Host(NUMA 0),NPU 2,128.00,23163.48,5.79,721818980974205,721819004137681,1777460478979875082,1777460479003038558
2969697,2969736,Host(NUMA 0),NPU 2,128.00,23163.48,5.79,721818980974335,721819004137811,1777460478979989366,1777460479003152842
2969697,2969735,Host(NUMA 0),NPU 2,128.00,23188.38,5.79,721819004170492,721819027358868,1777460479003421061,1777460479026609437
2969697,2969733,Host(NUMA 0),NPU 2,128.00,23188.47,5.79,721819004170452,721819027358918,1777460479003770023,1777460479026958489
2969697,2969734,Host(NUMA 0),NPU 2,128.00,23177.90,5.79,721819004164942,721819027342847,1777460479003927369,1777460479027105274
2969697,2969736,Host(NUMA 0),NPU 2,128.00,23177.90,5.79,721819004164942,721819027342847,1777460479004072404,1777460479027250309
2969697,2969734,Host(NUMA 0),NPU 2,128.00,23187.69,5.79,721819027384969,721819050572664,1777460479025969606,1777460479049157301
2969697,2969736,Host(NUMA 0),NPU 2,128.00,23188.31,5.79,721819027384349,721819050572664,1777460479026178923,1777460479049367238
2969697,2969735,Host(NUMA 0),NPU 2,128.00,23195.44,5.79,721819027388219,721819050583655,1777460479026419610,1777460479049615046
2969697,2969733,Host(NUMA 0),NPU 2,128.00,23196.71,5.79,721819027387959,721819050584665,1777460479026566835,1777460479049763541
2969697,2969733,Host(NUMA 0),NPU 2,128.00,23249.86,5.77,721819050613236,721819073863094,1777460479049182051,1777460479072431909
2969697,2969734,Host(NUMA 0),NPU 2,128.00,23245.47,5.77,721819050608236,721819073853703,1777460479049394299,1777460479072639766
2969697,2969736,Host(NUMA 0),NPU 2,128.00,23245.65,5.77,721819050608146,721819073853793,1777460479049532654,1777460479072778301
2969697,2969735,Host(NUMA 0),NPU 2,128.00,23249.37,5.77,721819050612956,721819073862324,1777460479049770072,1777460479073019440
2969697,2969734,Host(NUMA 0),NPU 2,128.00,23194.63,5.79,721819073885774,721819097080400,1777460479072464690,1777460479095659316
2969697,2969736,Host(NUMA 0),NPU 2,128.00,23194.71,5.79,721819073885724,721819097080430,1777460479072664597,1777460479095859303
2969697,2969735,Host(NUMA 0),NPU 2,128.00,23200.98,5.79,721819073891225,721819097092201,1777460479072897196,1777460479096098172
2969697,2969733,Host(NUMA 0),NPU 2,128.00,23202.19,5.78,721819073891085,721819097093271,1777460479073075072,1777460479096277258
2969697,2969734,Host(NUMA 0),NPU 2,128.00,23225.01,5.78,721819097114791,721819120339798,1777460479095692908,1777460479118917915
2969697,2969736,Host(NUMA 0),NPU 2,128.00,23225.72,5.78,721819097114111,721819120339828,1777460479095893195,1777460479119118912
2969697,2969735,Host(NUMA 0),NPU 2,128.00,23234.50,5.78,721819097121302,721819120355799,1777460479096124173,1777460479119358670
2969697,2969733,Host(NUMA 0),NPU 2,128.00,23232.87,5.78,721819097121332,721819120354199,1777460479096269338,1777460479119502205
2969697,2969735,Host(NUMA 0),NPU 2,128.00,23257.47,5.77,721819120383800,721819143641268,1777460479118961426,1777460479142218894
2969697,2969733,Host(NUMA 0),NPU 2,128.00,23260.55,5.77,721819120383660,721819143644208,1777460479119165813,1777460479142426361
2969697,2969734,Host(NUMA 0),NPU 2,128.00,23256.28,5.77,721819120380420,721819143636698,1777460479119310438,1777460479142566716
2969697,2969736,Host(NUMA 0),NPU 2,128.00,23256.73,5.77,721819120380360,721819143637088,1777460479119438023,1777460479142694751
2969697,2969735,Host(NUMA 0),NPU 2,128.00,23239.24,5.78,721819143668759,721819166907997,1777460479142240284,1777460479165479522
2969697,2969733,Host(NUMA 0),NPU 2,128.00,23238.20,5.78,721819143671309,721819166909507,1777460479142456882,1777460479165695080
2969697,2969734,Host(NUMA 0),NPU 2,128.00,23235.72,5.78,721819143665139,721819166900856,1777460479142592747,1777460479165828464
2969697,2969736,Host(NUMA 0),NPU 2,128.00,23235.79,5.78,721819143665089,721819166900876,1777460479142720822,1777460479165956609
2969697,2969734,Host(NUMA 0),NPU 2,128.00,23171.88,5.79,721819166936978,721819190108863,1777460479165518294,1777460479188690179
2969697,2969736,Host(NUMA 0),NPU 2,128.00,23177.10,5.79,721819166931997,721819190109093,1777460479165716390,1777460479188893486
2969697,2969735,Host(NUMA 0),NPU 2,128.00,23184.65,5.79,721819166935728,721819190120383,1777460479165946099,1777460479189130754
2969697,2969733,Host(NUMA 0),NPU 2,128.00,23181.94,5.79,721819166938598,721819190120543,1777460479166091374,1777460479189273319
2969697,2969735,Host(NUMA 0),NPU 2,128.00,23184.36,5.79,721819190146834,721819213331190,1777460479188718780,1777460479211903136
2969697,2969733,Host(NUMA 0),NPU 2,128.00,23186.35,5.79,721819190146954,721819213333300,1777460479188919517,1777460479212105863
2969697,2969734,Host(NUMA 0),NPU 2,128.00,23180.35,5.79,721819190142644,721819213322999,1777460479189062712,1777460479212243067
2969697,2969736,Host(NUMA 0),NPU 2,128.00,23180.46,5.79,721819190142564,721819213323019,1777460479189194247,1777460479212374702
2969697,2969734,Host(NUMA 0),NPU 2,128.00,23174.49,5.79,721819213354920,721819236529406,1777460479211939626,1777460479235114112
2969697,2969735,Host(NUMA 0),NPU 2,128.00,23197.16,5.79,721819213358881,721819236556037,1777460479212240557,1777460479235437713
2969697,2969733,Host(NUMA 0),NPU 2,128.00,23200.68,5.79,721819213362111,721819236562787,1777460479212382832,1777460479235583508
2969697,2969736,Host(NUMA 0),NPU 2,128.00,23195.60,5.79,721819213361371,721819236556967,1777460479212521367,1777460479235716963
2969697,2969735,Host(NUMA 0),NPU 2,128.00,23150.87,5.80,721819236586078,721819259736952,1777460479235161814,1777460479258312688
2969697,2969733,Host(NUMA 0),NPU 2,128.00,23198.54,5.79,721819236591618,721819259790154,1777460479235429353,1777460479258627889
2969697,2969734,Host(NUMA 0),NPU 2,128.00,23196.68,5.79,721819236588838,721819259785514,1777460479235579678,1777460479258776354
2969697,2969736,Host(NUMA 0),NPU 2,128.00,23196.75,5.79,721819236588918,721819259785664,1777460479235712383,1777460479258909129
2969697,2969734,Host(NUMA 0),NPU 2,128.00,23140.71,5.80,721819259812045,721819282952759,1777460479258385371,1777460479281526085
2969697,2969736,Host(NUMA 0),NPU 2,128.00,23139.13,5.80,721819259813795,721819282952929,1777460479258576247,1777460479281715381
2969697,2969735,Host(NUMA 0),NPU 2,128.00,23150.34,5.80,721819259819785,721819282970129,1777460479258787895,1777460479281938239
2969697,2969733,Host(NUMA 0),NPU 2,128.00,23150.58,5.80,721819259819645,721819282970229,1777460479258938290,1777460479282088874
2989774,2989786,Host(NUMA 0),NPU 2,128.00,5945.88,22.57,722414849824976,722414855770851,1777461074848939252,1777461074854885127
2989774,2989786,Host(NUMA 0),NPU 2,128.00,5880.98,22.82,722414855791881,722414861672864,1777461074854383736,1777461074860264719
2989774,2989786,Host(NUMA 0),NPU 2,128.00,5849.87,22.94,722414861686245,722414867536118,1777461074860259328,1777461074866109201
2989774,2989784,Host(NUMA 0),NPU 2,128.00,5863.51,22.89,722414869803439,722414875666952,1777461074868398804,1777461074874262317
2989774,2989784,Host(NUMA 0),NPU 2,128.00,5851.68,22.94,722414875682252,722414881533935,1777461074874261646,1777461074880113329
2989774,2989784,Host(NUMA 0),NPU 2,128.00,5843.65,22.97,722414881545375,722414887389028,1777461074880116139,1777461074885959792
2989774,2989785,Host(NUMA 0),NPU 2,128.00,5940.35,22.59,722414889688540,722414895628885,1777461074888283585,1777461074894223930
2989774,2989785,Host(NUMA 0),NPU 2,128.00,5881.32,22.82,722414895647046,722414901528369,1777461074894217470,1777461074900098793
2989774,2989785,Host(NUMA 0),NPU 2,128.00,5870.21,22.86,722414901538569,722414907408782,1777461074900104573,1777461074905974786
2989774,2989783,Host(NUMA 0),NPU 2,128.00,5900.25,22.75,722414909439409,722414915339663,1777461074908022543,1777461074913922797
2989774,2989783,Host(NUMA 0),NPU 2,128.00,5873.97,22.85,722414915354563,722414921228536,1777461074913925607,1777461074919799580
2989774,2989783,Host(NUMA 0),NPU 2,128.00,5865.96,22.88,722414921239136,722414927105100,1777461074919803489,1777461074925669453
2989774,2989783,Host(NUMA 0),NPU 2,128.00,23060.55,5.82,722414928182804,722414951243357,1777461074926760358,1777461074949820911
2989774,2989785,Host(NUMA 0),NPU 2,128.00,23056.27,5.82,722414928182864,722414951239137,1777461074926948233,1777461074950004506
2989774,2989786,Host(NUMA 0),NPU 2,128.00,23071.87,5.82,722414928184374,722414951256248,1777461074927161177,1777461074950233051
2989774,2989784,Host(NUMA 0),NPU 2,128.00,23075.38,5.82,722414928181124,722414951256508,1777461074927292210,1777461074950367594
2989774,2989785,Host(NUMA 0),NPU 2,128.00,23073.30,5.82,722414951278768,722414974352072,1777461074949859412,1777461074972932716
2989774,2989786,Host(NUMA 0),NPU 2,128.00,23094.60,5.81,722414951285788,722414974380392,1777461074950122178,1777461074973216782
2989774,2989784,Host(NUMA 0),NPU 2,128.00,23094.41,5.81,722414951285858,722414974380272,1777461074950259202,1777461074973353616
2989774,2989783,Host(NUMA 0),NPU 2,128.00,23092.76,5.81,722414951281988,722414974374752,1777461074950387654,1777461074973480418
2989774,2989783,Host(NUMA 0),NPU 2,128.00,23099.11,5.81,722414974405573,722414997504687,1777461074972983617,1777461074996082731
2989774,2989785,Host(NUMA 0),NPU 2,128.00,23098.47,5.81,722414974403733,722414997502207,1777461074973168452,1777461074996266926
2989774,2989786,Host(NUMA 0),NPU 2,128.00,23106.47,5.81,722414974408673,722414997515148,1777461074973391656,1777461074996498131
2989774,2989784,Host(NUMA 0),NPU 2,128.00,23106.53,5.81,722414974408783,722414997515308,1777461074973529439,1777461074996635964
2989774,2989785,Host(NUMA 0),NPU 2,128.00,23118.96,5.81,722414997537978,722415020656933,1777461074996119732,1777461075019238687
2989774,2989786,Host(NUMA 0),NPU 2,128.00,23142.88,5.80,722414997543978,722415020686863,1777461074996382918,1777461075019525803
2989774,2989784,Host(NUMA 0),NPU 2,128.00,23143.08,5.80,722414997543718,722415020686803,1777461074996521131,1777461075019664216
2989774,2989783,Host(NUMA 0),NPU 2,128.00,23138.58,5.80,722414997539978,722415020678553,1777461074996654574,1777461075019793149
2989774,2989784,Host(NUMA 0),NPU 2,128.00,23155.03,5.80,722415020714374,722415043869409,1777461075019292468,1777461075042447503
2989774,2989783,Host(NUMA 0),NPU 2,128.00,23149.17,5.80,722415020710804,722415043859979,1777461075019485913,1777461075042635088
2989774,2989785,Host(NUMA 0),NPU 2,128.00,23148.74,5.80,722415020710044,722415043858779,1777461075019609605,1777461075042758340
2989774,2989786,Host(NUMA 0),NPU 2,128.00,23154.65,5.80,722415020714824,722415043869469,1777461075019861231,1777461075043015876
2989774,2989784,Host(NUMA 0),NPU 2,128.00,23088.22,5.81,722415043899300,722415066987524,1777461075042475374,1777461075065563598
2989774,2989786,Host(NUMA 0),NPU 2,128.00,23126.10,5.80,722415043899380,722415067025475,1777461075042715749,1777461075065841844
2989774,2989783,Host(NUMA 0),NPU 2,128.00,23134.58,5.80,722415043897420,722415067032005,1777461075042849412,1777461075065983997
2989774,2989785,Host(NUMA 0),NPU 2,128.00,23130.69,5.80,722415043901000,722415067031695,1777461075042982125,1777461075066112820
2989774,2989786,Host(NUMA 0),NPU 2,128.00,23126.79,5.80,722415067057695,722415090184490,1777461075065641979,1777461075088768774
2989774,2989784,Host(NUMA 0),NPU 2,128.00,23160.97,5.79,722415067062265,722415090223231,1777461075065917975,1777461075089078941
2989774,2989783,Host(NUMA 0),NPU 2,128.00,23154.03,5.80,722415067063125,722415090217151,1777461075066063458,1777461075089217484
2989774,2989785,Host(NUMA 0),NPU 2,128.00,23155.87,5.80,722415067061345,722415090217211,1777461075066187131,1777461075089342997
2989774,2989783,Host(NUMA 0),NPU 2,128.00,23058.18,5.82,722415090245631,722415113303814,1777461075088823475,1777461075111881658
2989774,2989785,Host(NUMA 0),NPU 2,128.00,23055.24,5.82,722415090248081,722415113303324,1777461075089006960,1777461075112062203
2989774,2989786,Host(NUMA 0),NPU 2,128.00,23067.06,5.82,722415090253772,722415113320835,1777461075089231035,1777461075112298098
2989774,2989784,Host(NUMA 0),NPU 2,128.00,23067.19,5.82,722415090253692,722415113320885,1777461075089364358,1777461075112431551
2989774,2989783,Host(NUMA 0),NPU 2,128.00,23126.53,5.80,722415113346495,722415136473030,1777461075111925129,1777461075135051664
2989774,2989785,Host(NUMA 0),NPU 2,128.00,23142.92,5.80,722415113345055,722415136487980,1777461075112094623,1777461075135237548
2989774,2989786,Host(NUMA 0),NPU 2,128.00,23144.88,5.80,722415113350506,722415136495391,1777461075112320959,1777461075135465844
2989774,2989784,Host(NUMA 0),NPU 2,128.00,23142.88,5.80,722415113350426,722415136493311,1777461075112456562,1777461075135599447
2989774,2989785,Host(NUMA 0),NPU 2,128.00,23085.14,5.81,722415136518101,722415159603245,1777461075135089905,1777461075158175049
2989774,2989786,Host(NUMA 0),NPU 2,128.00,23109.75,5.81,722415136522581,722415159632335,1777461075135358031,1777461075158467785
2989774,2989784,Host(NUMA 0),NPU 2,128.00,23110.08,5.81,722415136522331,722415159632415,1777461075135497445,1777461075158607529
2989774,2989783,Host(NUMA 0),NPU 2,128.00,23111.10,5.81,722415136526131,722415159637226,1777461075135619796,1777461075158730891
2989774,2989786,Host(NUMA 0),NPU 2,128.00,23152.21,5.80,722415159662406,722415182814611,1777461075158327672,1777461075181479877
2989774,2989784,Host(NUMA 0),NPU 2,128.00,23149.49,5.80,722415159665046,722415182814531,1777461075158541697,1777461075181691182
2989774,2989785,Host(NUMA 0),NPU 2,128.00,23167.81,5.79,722415159667296,722415182835102,1777461075158652399,1777461075181820205
2989774,2989783,Host(NUMA 0),NPU 2,128.00,23167.87,5.79,722415159667116,722415182834982,1777461075158896395,1777461075182064261
2989774,2989786,Host(NUMA 0),NPU 2,128.00,23155.53,5.80,722415182864332,722415206019858,1777461075181488087,1777461075204643613
2989774,2989784,Host(NUMA 0),NPU 2,128.00,23154.63,5.80,722415182865172,722415206019798,1777461075181690891,1777461075204845517
2989774,2989785,Host(NUMA 0),NPU 2,128.00,23169.78,5.79,722415182870553,722415206040338,1777461075181798485,1777461075204968270
2989774,2989783,Host(NUMA 0),NPU 2,128.00,23170.04,5.79,722415182870643,722415206040688,1777461075182048671,1777461075205218716
2989774,2989786,Host(NUMA 0),NPU 2,128.00,23182.54,5.79,722415206081989,722415229264525,1777461075204682364,1777461075227864900
2989774,2989784,Host(NUMA 0),NPU 2,128.00,23176.70,5.79,722415206091769,722415229268465,1777461075204875948,1777461075228052644
2989774,2989783,Host(NUMA 0),NPU 2,128.00,23184.68,5.79,722415206085129,722415229269805,1777461075204996431,1777461075228181107
2989774,2989785,Host(NUMA 0),NPU 2,128.00,23185.00,5.79,722415206085229,722415229270225,1777461075205152094,1777461075228337090
2989774,2989783,Host(NUMA 0),NPU 2,128.00,23092.64,5.81,722415229302546,722415252395190,1777461075227869030,1777461075250961674
2989774,2989785,Host(NUMA 0),NPU 2,128.00,23084.83,5.81,722415229298356,722415252383190,1777461075228058654,1777461075251143488
2989774,2989786,Host(NUMA 0),NPU 2,128.00,23126.83,5.80,722415229305866,722415252432701,1777461075228251588,1777461075251378423
2989774,2989784,Host(NUMA 0),NPU 2,128.00,23124.42,5.80,722415229308216,722415252432631,1777461075228395651,1777461075251520066
2989774,2989783,Host(NUMA 0),NPU 2,128.00,23112.90,5.81,722415252459191,722415275572096,1777461075251040225,1777461075274153130
2989774,2989785,Host(NUMA 0),NPU 2,128.00,23117.19,5.81,722415252457451,722415275574646,1777461075251223899,1777461075274341094
2989774,2989786,Host(NUMA 0),NPU 2,128.00,23138.79,5.80,722415252468202,722415275606996,1777461075251445516,1777461075274584310
2989774,2989784,Host(NUMA 0),NPU 2,128.00,23139.74,5.80,722415252467992,722415275607736,1777461075251587869,1777461075274727613
2989774,2989783,Host(NUMA 0),NPU 2,128.00,23141.42,5.80,722415275632797,722415298774222,1777461075274211291,1777461075297352716
2989774,2989785,Host(NUMA 0),NPU 2,128.00,23143.56,5.80,722415275634057,722415298777622,1777461075274399965,1777461075297543530
2989774,2989786,Host(NUMA 0),NPU 2,128.00,23157.90,5.80,722415275643877,722415298801773,1777461075274622950,1777461075297780846
2989774,2989784,Host(NUMA 0),NPU 2,128.00,23158.91,5.80,722415275643767,722415298802673,1777461075274760113,1777461075297919019
2989774,2989783,Host(NUMA 0),NPU 2,128.00,23132.60,5.80,722415298827983,722415321960578,1777461075297420537,1777461075320553132
2989774,2989785,Host(NUMA 0),NPU 2,128.00,23132.49,5.80,722415298828063,722415321960548,1777461075297607672,1777461075320740157
2989774,2989786,Host(NUMA 0),NPU 2,128.00,23144.58,5.80,722415298834333,722415321978918,1777461075297831037,1777461075320975622
2989774,2989784,Host(NUMA 0),NPU 2,128.00,23147.10,5.80,722415298834443,722415321981538,1777461075297966170,1777461075321113265
2989774,2989786,Host(NUMA 0),NPU 2,128.00,23199.98,5.79,722415322011999,722415345211975,1777461075320668545,1777461075343868521
2989774,2989784,Host(NUMA 0),NPU 2,128.00,23210.47,5.78,722415322018379,722415345228846,1777461075320859149,1777461075344069616
2989774,2989783,Host(NUMA 0),NPU 2,128.00,23217.66,5.78,722415322015069,722415345232726,1777461075320989222,1777461075344206879
2989774,2989785,Host(NUMA 0),NPU 2,128.00,23211.52,5.78,722415322015329,722415345226846,1777461075321120315,1777461075344331832
2989774,2989783,Host(NUMA 0),NPU 2,128.00,23199.95,5.79,722415345264747,722415368464693,1777461075343873362,1777461075367073308
2989774,2989785,Host(NUMA 0),NPU 2,128.00,23197.50,5.79,722415345264797,722415368462293,1777461075344070516,1777461075367268012
2989774,2989786,Host(NUMA 0),NPU 2,128.00,23221.38,5.78,722415345262177,722415368483553,1777461075344290082,1777461075367511458
2989774,2989784,Host(NUMA 0),NPU 2,128.00,23221.43,5.78,722415345262147,722415368483573,1777461075344428605,1777461075367650031
2989774,2989785,Host(NUMA 0),NPU 2,128.00,23125.94,5.80,722415368516374,722415391642309,1777461075367160429,1777461075390286364
2989774,2989786,Host(NUMA 0),NPU 2,128.00,23160.18,5.80,722415368518794,722415391678970,1777461075367464056,1777461075390624232
2989774,2989784,Host(NUMA 0),NPU 2,128.00,23159.99,5.80,722415368518964,722415391678950,1777461075367612669,1777461075390772655
2989774,2989783,Host(NUMA 0),NPU 2,128.00,23170.66,5.79,722415368519994,722415391690650,1777461075367728522,1777461075390899178
2989774,2989786,Host(NUMA 0),NPU 2,128.00,23081.12,5.82,722415391720931,722415414802054,1777461075390301625,1777461075413382748
2989774,2989784,Host(NUMA 0),NPU 2,128.00,23081.04,5.82,722415391720851,722415414801894,1777461075390486069,1777461075413567112
2989774,2989783,Host(NUMA 0),NPU 2,128.00,23086.49,5.81,722415391727371,722415414813864,1777461075390604692,1777461075413691185
2989774,2989785,Host(NUMA 0),NPU 2,128.00,23088.98,5.81,722415391722991,722415414811974,1777461075390748526,1777461075413837509
2989774,2989786,Host(NUMA 0),NPU 2,128.00,23155.19,5.80,722415414836685,722415437991880,1777461075413416749,1777461075436571944
2989774,2989784,Host(NUMA 0),NPU 2,128.00,23155.26,5.80,722415414836645,722415437991900,1777461075413618454,1777461075436773709
2989774,2989783,Host(NUMA 0),NPU 2,128.00,23164.61,5.79,722415414841225,722415438005831,1777461075413738386,1777461075436902992
2989774,2989785,Host(NUMA 0),NPU 2,128.00,23165.59,5.79,722415414838625,722415438004211,1777461075413859509,1777461075437025095
2989774,2989786,Host(NUMA 0),NPU 2,128.00,23120.58,5.81,722415438029171,722415461149756,1777461075436603955,1777461075459724540
2989774,2989784,Host(NUMA 0),NPU 2,128.00,23120.13,5.81,722415438029611,722415461149746,1777461075436785609,1777461075459905744
2989774,2989783,Host(NUMA 0),NPU 2,128.00,23124.88,5.80,722415438034131,722415461159006,1777461075436908382,1777461075460033257
2989774,2989785,Host(NUMA 0),NPU 2,128.00,23126.06,5.80,722415438032881,722415461158946,1777461075437032424,1777461075460158489
2989774,2989786,Host(NUMA 0),NPU 2,128.00,23181.91,5.79,722415461182386,722415484364292,1777461075459756240,1777461075482938146
2989774,2989784,Host(NUMA 0),NPU 2,128.00,23182.18,5.79,722415461182136,722415484364312,1777461075459936144,1777461075483118320
2989774,2989783,Host(NUMA 0),NPU 2,128.00,23187.48,5.79,722415461186866,722415484374342,1777461075460055667,1777461075483243143
2989774,2989785,Host(NUMA 0),NPU 2,128.00,23188.04,5.79,722415461185906,722415484373942,1777461075460179960,1777461075483367996
2989774,2989786,Host(NUMA 0),NPU 2,128.00,23206.59,5.78,722415484396683,722415507603269,1777461075482969327,1777461075506175913
2989774,2989784,Host(NUMA 0),NPU 2,128.00,23206.77,5.78,722415484396523,722415507603289,1777461075483143151,1777461075506349917
2989774,2989785,Host(NUMA 0),NPU 2,128.00,23216.79,5.78,722415484401043,722415507617830,1777461075483267833,1777461075506484620
2989774,2989783,Host(NUMA 0),NPU 2,128.00,23217.68,5.78,722415484401213,722415507618890,1777461075483503749,1777461075506721426
2989774,2989786,Host(NUMA 0),NPU 2,128.00,23077.28,5.82,722415507641070,722415530718354,1777461075506218464,1777461075529295748
2989774,2989784,Host(NUMA 0),NPU 2,128.00,23088.73,5.81,722415507641310,722415530730044,1777461075506385138,1777461075529473872
2989774,2989783,Host(NUMA 0),NPU 2,128.00,23096.01,5.81,722415507645310,722415530741324,1777461075506615403,1777461075529711417
2989774,2989785,Host(NUMA 0),NPU 2,128.00,23096.60,5.81,722415507643030,722415530739634,1777461075506745306,1777461075529841910
2989774,2989786,Host(NUMA 0),NPU 2,128.00,23114.55,5.81,722415530764875,722415553879429,1777461075529337439,1777461075552451993
2989774,2989784,Host(NUMA 0),NPU 2,128.00,23114.67,5.81,722415530764775,722415553879449,1777461075529513033,1777461075552627707
2989774,2989783,Host(NUMA 0),NPU 2,128.00,23121.40,5.80,722415530767995,722415553889399,1777461075529634746,1777461075552756150
2989774,2989785,Host(NUMA 0),NPU 2,128.00,23121.42,5.80,722415530767125,722415553888549,1777461075529752189,1777461075552873613
2989774,2989786,Host(NUMA 0),NPU 2,128.00,23203.12,5.78,722415553913090,722415577116206,1777461075552484624,1777461075575687740
2989774,2989784,Host(NUMA 0),NPU 2,128.00,23202.97,5.78,722415553913210,722415577116176,1777461075552660558,1777461075575863524
2989774,2989783,Host(NUMA 0),NPU 2,128.00,23209.30,5.78,722415553917410,722415577126707,1777461075552778470,1777461075575987767
2989774,2989785,Host(NUMA 0),NPU 2,128.00,23209.52,5.78,722415553917010,722415577126527,1777461075552900763,1777461075576110280
2989774,2989786,Host(NUMA 0),NPU 2,128.00,23149.85,5.80,722415577148417,722415600298262,1777461075575723861,1777461075598873706
2989774,2989784,Host(NUMA 0),NPU 2,128.00,23149.83,5.80,722415577148437,722415600298272,1777461075575908695,1777461075599058530
2989774,2989783,Host(NUMA 0),NPU 2,128.00,23153.71,5.80,722415577153537,722415600307243,1777461075576028557,1777461075599182263
2989774,2989785,Host(NUMA 0),NPU 2,128.00,23154.13,5.80,722415577152267,722415600306402,1777461075576162781,1777461075599316916
2989774,2989786,Host(NUMA 0),NPU 2,128.00,23161.33,5.79,722415600329363,722415623490688,1777461075598906677,1777461075622068002
2989774,2989784,Host(NUMA 0),NPU 2,128.00,23161.12,5.79,722415600329533,722415623490658,1777461075599092732,1777461075622253857
2989774,2989783,Host(NUMA 0),NPU 2,128.00,23167.33,5.79,722415600334053,722415623501379,1777461075599210394,1777461075622377720
2989774,2989785,Host(NUMA 0),NPU 2,128.00,23167.82,5.79,722415600333703,722415623501519,1777461075599347367,1777461075622515183
2989774,2989786,Host(NUMA 0),NPU 2,128.00,23133.69,5.80,722415623520809,722415646654494,1777461075622093213,1777461075645226898
2989774,2989784,Host(NUMA 0),NPU 2,128.00,23133.03,5.80,722415623521479,722415646654504,1777461075622277707,1777461075645410732
2989774,2989785,Host(NUMA 0),NPU 2,128.00,23139.67,5.80,722415623527849,722415646667524,1777461075622391960,1777461075645531635
2989774,2989783,Host(NUMA 0),NPU 2,128.00,23142.13,5.80,722415623527919,722415646670054,1777461075622625445,1777461075645767580
2989774,2989786,Host(NUMA 0),NPU 2,128.00,23091.07,5.81,722415646692685,722415669783759,1777461075645266799,1777461075668357873
2989774,2989784,Host(NUMA 0),NPU 2,128.00,23091.26,5.81,722415646692525,722415669783789,1777461075645442163,1777461075668533427
2989774,2989783,Host(NUMA 0),NPU 2,128.00,23097.99,5.81,722415646695325,722415669793319,1777461075645560265,1777461075668658259
2989774,2989785,Host(NUMA 0),NPU 2,128.00,23097.98,5.81,722415646693955,722415669791939,1777461075645682418,1777461075668780402
2989774,2989786,Host(NUMA 0),NPU 2,128.00,23150.03,5.80,722415669822200,722415692972235,1777461075668398114,1777461075691548149
2989774,2989784,Host(NUMA 0),NPU 2,128.00,23157.19,5.80,722415669815069,722415692972255,1777461075668573227,1777461075691730413
2989774,2989783,Host(NUMA 0),NPU 2,128.00,23162.20,5.79,722415669820009,722415692982205,1777461075668684479,1777461075691846675
2989774,2989785,Host(NUMA 0),NPU 2,128.00,23162.70,5.79,722415669818839,722415692981535,1777461075668801102,1777461075691963798
2989774,2989786,Host(NUMA 0),NPU 2,128.00,23110.51,5.81,722415693003015,722415716113530,1777461075691577989,1777461075714688504
2989774,2989784,Host(NUMA 0),NPU 2,128.00,23111.85,5.81,722415693001705,722415716113550,1777461075691755343,1777461075714867188
2989774,2989783,Host(NUMA 0),NPU 2,128.00,23117.96,5.81,722415693009226,722415716127190,1777461075691874147,1777461075714992111
2989774,2989785,Host(NUMA 0),NPU 2,128.00,23117.84,5.81,722415693009056,722415716126900,1777461075691998279,1777461075715116123
2989774,2989786,Host(NUMA 0),NPU 2,128.00,23110.12,5.81,722415716147210,722415739257325,1777461075714722474,1777461075737832589
2989774,2989784,Host(NUMA 0),NPU 2,128.00,23109.47,5.81,722415716147870,722415739257345,1777461075714904958,1777461075738014433
2989774,2989783,Host(NUMA 0),NPU 2,128.00,23116.81,5.81,722415716153811,722415739270625,1777461075715022622,1777461075738139436
2989774,2989785,Host(NUMA 0),NPU 2,128.00,23115.55,5.81,722415716154031,722415739269585,1777461075715144774,1777461075738260328
2989774,2989786,Host(NUMA 0),NPU 2,128.00,23112.67,5.81,722415739290105,722415762402780,1777461075737866649,1777461075760979324
2989774,2989784,Host(NUMA 0),NPU 2,128.00,23112.76,5.81,722415739290045,722415762402800,1777461075738047313,1777461075761160068
2989774,2989783,Host(NUMA 0),NPU 2,128.00,23119.95,5.81,722415739295536,722415762415490,1777461075738167977,1777461075761287931
2989774,2989785,Host(NUMA 0),NPU 2,128.00,23121.12,5.80,722415739293866,722415762414990,1777461075738283619,1777461075761404743
2989774,2989786,Host(NUMA 0),NPU 2,128.00,23143.28,5.80,722415762437471,722415785580756,1777461075761011685,1777461075784154970
2989774,2989784,Host(NUMA 0),NPU 2,128.00,23143.01,5.80,722415762437451,722415785580456,1777461075761192459,1777461075784335464
2989774,2989783,Host(NUMA 0),NPU 2,128.00,23149.47,5.80,722415762441771,722415785591246,1777461075761314132,1777461075784463607
2989774,2989785,Host(NUMA 0),NPU 2,128.00,23149.26,5.80,722415762441591,722415785590846,1777461075761450075,1777461075784599330
2989774,2989786,Host(NUMA 0),NPU 2,128.00,23078.87,5.82,722415785612586,722415808691460,1777461075784188880,1777461075807267754
2989774,2989784,Host(NUMA 0),NPU 2,128.00,23078.85,5.82,722415785612596,722415808691450,1777461075784364914,1777461075807443768
2989774,2989783,Host(NUMA 0),NPU 2,128.00,23086.86,5.81,722415785618806,722415808705670,1777461075784483607,1777461075807570471
2989774,2989785,Host(NUMA 0),NPU 2,128.00,23089.76,5.81,722415785616006,722415808705770,1777461075784599669,1777461075807689433
2989774,2989786,Host(NUMA 0),NPU 2,128.00,23146.85,5.80,722415808730521,722415831877376,1777461075807309185,1777461075830456040
2989774,2989784,Host(NUMA 0),NPU 2,128.00,23146.90,5.80,722415808730461,722415831877366,1777461075807484959,1777461075830631864
2989774,2989783,Host(NUMA 0),NPU 2,128.00,23154.35,5.80,722415808733811,722415831888166,1777461075807612742,1777461075830767097
2989774,2989785,Host(NUMA 0),NPU 2,128.00,23154.15,5.80,722415808734071,722415831888226,1777461075807736935,1777461075830891090
2989774,2989786,Host(NUMA 0),NPU 2,128.00,23098.28,5.81,722415831913017,722415855011301,1777461075830492501,1777461075853590785
2989774,2989784,Host(NUMA 0),NPU 2,128.00,23098.80,5.81,722415831912517,722415855011321,1777461075830680015,1777461075853778819
2989774,2989783,Host(NUMA 0),NPU 2,128.00,23105.52,5.81,722415831915797,722415855021321,1777461075830792848,1777461075853898372
2989774,2989785,Host(NUMA 0),NPU 2,128.00,23104.09,5.81,722415831915917,722415855020011,1777461075830920031,1777461075854024125
2989774,2989785,Host(NUMA 0),NPU 2,128.00,23084.15,5.81,722415855046501,722415878130655,1777461075853630125,1777461075876714279
2989774,2989786,Host(NUMA 0),NPU 2,128.00,23116.40,5.81,722415855043351,722415878159756,1777461075853887551,1777461075877003956
2989774,2989784,Host(NUMA 0),NPU 2,128.00,23110.79,5.81,722415855048982,722415878159776,1777461075854030935,1777461075877141729
2989774,2989783,Host(NUMA 0),NPU 2,128.00,23125.02,5.80,722415855050062,722415878175086,1777461075854141348,1777461075877266372
2989774,2989786,Host(NUMA 0),NPU 2,128.00,23096.62,5.81,722415878205267,722415901301891,1777461075876778941,1777461075899875565
2989774,2989784,Host(NUMA 0),NPU 2,128.00,23096.52,5.81,722415878205377,722415901301901,1777461075876958305,1777461075900054829
2989774,2989783,Host(NUMA 0),NPU 2,128.00,23102.71,5.81,722415878212427,722415901315141,1777461075877072998,1777461075900175712
2989774,2989785,Host(NUMA 0),NPU 2,128.00,23104.78,5.81,722415878208777,722415901313561,1777461075877189670,1777461075900294454
2989774,2989786,Host(NUMA 0),NPU 2,128.00,23120.82,5.81,722415901337492,722415924458316,1777461075899911876,1777461075923032700
2989774,2989784,Host(NUMA 0),NPU 2,128.00,23120.67,5.81,722415901337662,722415924458336,1777461075900091190,1777461075923211864
2989774,2989783,Host(NUMA 0),NPU 2,128.00,23128.50,5.80,722415901342632,722415924471136,1777461075900207603,1777461075923336107
2989774,2989785,Host(NUMA 0),NPU 2,128.00,23130.36,5.80,722415901340282,722415924470646,1777461075900342846,1777461075923473210
2989774,2989786,Host(NUMA 0),NPU 2,128.00,23145.21,5.80,722415924495247,722415947640452,1777461075923075921,1777461075946221126
2989774,2989784,Host(NUMA 0),NPU 2,128.00,23145.01,5.80,722415924495417,722415947640432,1777461075923273146,1777461075946418161
2989774,2989783,Host(NUMA 0),NPU 2,128.00,23149.69,5.80,722415924499717,722415947649412,1777461075923399349,1777461075946549044
2989774,2989785,Host(NUMA 0),NPU 2,128.00,23149.62,5.80,722415924497957,722415947647582,1777461075923517991,1777461075946667616
2989774,2989786,Host(NUMA 0),NPU 2,128.00,23116.00,5.81,722415947670933,722415970786937,1777461075946243867,1777461075969359871
2989774,2989784,Host(NUMA 0),NPU 2,128.00,23110.25,5.81,722415947676703,722415970786957,1777461075946427951,1777461075969538205
2989774,2989783,Host(NUMA 0),NPU 2,128.00,23117.07,5.81,722415947678413,722415970795487,1777461075946543454,1777461075969660528
2989774,2989785,Host(NUMA 0),NPU 2,128.00,23120.60,5.81,722415947674653,722415970795257,1777461075946682207,1777461075969802811
2989774,2989786,Host(NUMA 0),NPU 2,128.00,23112.14,5.81,722415970816438,722415993928582,1777461075969389342,1777461075992501486
2989774,2989784,Host(NUMA 0),NPU 2,128.00,23113.58,5.81,722415970815008,722415993928592,1777461075969572146,1777461075992685730
2989774,2989783,Host(NUMA 0),NPU 2,128.00,23119.71,5.81,722415970821148,722415993940862,1777461075969681869,1777461075992801583
2989774,2989785,Host(NUMA 0),NPU 2,128.00,23118.74,5.81,722415970821218,722415993939962,1777461075969805782,1777461075992924526
2989774,2989785,Host(NUMA 0),NPU 2,128.00,23026.46,5.83,722415993962063,722416016988525,1777461075992538777,1777461076015565239
2989774,2989786,Host(NUMA 0),NPU 2,128.00,23075.82,5.82,722415993965523,722416017041346,1777461075992775403,1777461076015851226
2989774,2989784,Host(NUMA 0),NPU 2,128.00,23075.96,5.82,722415993965403,722416017041366,1777461075992908386,1777461076015984349
2989774,2989783,Host(NUMA 0),NPU 2,128.00,23076.28,5.82,722415993969713,722416017045996,1777461075993034399,1777461076016110682
2989774,2989786,Host(NUMA 0),NPU 2,128.00,23099.15,5.81,722416017071467,722416040170621,1777461076015639981,1777461076038739135
2989774,2989784,Host(NUMA 0),NPU 2,128.00,23099.35,5.81,722416017071347,722416040170701,1777461076015816795,1777461076038916149
2989774,2989783,Host(NUMA 0),NPU 2,128.00,23107.33,5.81,722416017074937,722416040182271,1777461076015931897,1777461076039039231
2989774,2989785,Host(NUMA 0),NPU 2,128.00,23106.53,5.81,722416017074857,722416040181391,1777461076016052000,1777461076039158534
2989774,2989786,Host(NUMA 0),NPU 2,128.00,23126.82,5.80,722416040202622,722416063329446,1777461076038778256,1777461076061905080
2989774,2989784,Host(NUMA 0),NPU 2,128.00,23126.90,5.80,722416040202532,722416063329436,1777461076038956110,1777461076062083014
2989774,2989783,Host(NUMA 0),NPU 2,128.00,23131.02,5.80,722416040208962,722416063339986,1777461076039075133,1777461076062206157
2989774,2989785,Host(NUMA 0),NPU 2,128.00,23133.63,5.80,722416040205862,722416063339496,1777461076039192936,1777461076062326570
2989774,2989786,Host(NUMA 0),NPU 2,128.00,23117.39,5.81,722416063361247,722416086478641,1777461076061933721,1777461076085051115
2989774,2989784,Host(NUMA 0),NPU 2,128.00,23117.79,5.81,722416063361067,722416086478861,1777461076062108725,1777461076085226519
2989774,2989783,Host(NUMA 0),NPU 2,128.00,23124.83,5.80,722416063365757,722416086490591,1777461076062222208,1777461076085347042
2989774,2989785,Host(NUMA 0),NPU 2,128.00,23124.30,5.80,722416063365687,722416086489991,1777461076062340790,1777461076085465094
2989774,2989786,Host(NUMA 0),NPU 2,128.00,23083.27,5.81,722416086510222,722416109593495,1777461076085084816,1777461076108168089
2989774,2989784,Host(NUMA 0),NPU 2,128.00,23082.43,5.81,722416086511092,722416109593525,1777461076085264360,1777461076108346793
2989774,2989783,Host(NUMA 0),NPU 2,128.00,23090.76,5.81,722416086517202,722416109607965,1777461076085380873,1777461076108471636
2989774,2989785,Host(NUMA 0),NPU 2,128.00,23089.86,5.81,722416086517272,722416109607135,1777461076085504596,1777461076108594459
2989774,2989786,Host(NUMA 0),NPU 2,128.00,23126.46,5.80,722416109629386,722416132755850,1777461076108204740,1777461076131331204
2989774,2989784,Host(NUMA 0),NPU 2,128.00,23126.24,5.80,722416109629596,722416132755840,1777461076108387594,1777461076131513838
2989774,2989783,Host(NUMA 0),NPU 2,128.00,23132.87,5.80,722416109635456,722416132768321,1777461076108502186,1777461076131635051
2989774,2989785,Host(NUMA 0),NPU 2,128.00,23133.51,5.80,722416109632856,722416132766370,1777461076108643020,1777461076131776534
2989774,2989786,Host(NUMA 0),NPU 2,128.00,23099.18,5.81,722416132796061,722416155895245,1777461076131384055,1777461076154483239
2989774,2989784,Host(NUMA 0),NPU 2,128.00,23105.08,5.81,722416132790171,722416155895255,1777461076131561309,1777461076154666393
2989774,2989783,Host(NUMA 0),NPU 2,128.00,23109.12,5.81,722416132797981,722416155907105,1777461076131681502,1777461076154790626
2989774,2989785,Host(NUMA 0),NPU 2,128.00,23113.34,5.81,722416132793421,722416155906765,1777461076131812305,1777461076154925649
2989774,2989786,Host(NUMA 0),NPU 2,128.00,23107.58,5.81,722416155927456,722416179035040,1777461076154503710,1777461076177611294
2989774,2989784,Host(NUMA 0),NPU 2,128.00,23108.85,5.81,722416155926156,722416179035010,1777461076154681924,1777461076177790778
2989774,2989785,Host(NUMA 0),NPU 2,128.00,23117.36,5.81,722416155932696,722416179050060,1777461076154797567,1777461076177914931
2989774,2989783,Host(NUMA 0),NPU 2,128.00,23117.50,5.81,722416155932896,722416179050400,1777461076155031052,1777461076178148556
2989774,2989786,Host(NUMA 0),NPU 2,128.00,23112.76,5.81,722416179072190,722416202184945,1777461076177644473,1777461076200757228
2989774,2989784,Host(NUMA 0),NPU 2,128.00,23112.90,5.81,722416179072130,722416202185035,1777461076177828118,1777461076200941023
2989774,2989785,Host(NUMA 0),NPU 2,128.00,23124.49,5.80,722416179076541,722416202201035,1777461076177943112,1777461076201067606
2989774,2989783,Host(NUMA 0),NPU 2,128.00,23124.30,5.80,722416179076621,722416202200925,1777461076178172457,1777461076201296761
2989774,2989786,Host(NUMA 0),NPU 2,128.00,23160.01,5.80,722416202223455,722416225383461,1777461076200796499,1777461076223956505
2989774,2989784,Host(NUMA 0),NPU 2,128.00,23159.93,5.80,722416202223545,722416225383471,1777461076200974363,1777461076224134289
2989774,2989783,Host(NUMA 0),NPU 2,128.00,23166.62,5.79,722416202227596,722416225394221,1777461076201097237,1777461076224263862
2989774,2989785,Host(NUMA 0),NPU 2,128.00,23166.56,5.79,722416202227166,722416225393721,1777461076201223049,1777461076224389604
2989774,2989786,Host(NUMA 0),NPU 2,128.00,23118.29,5.81,722416225416721,722416248535016,1777461076223987824,1777461076247106119
2989774,2989784,Host(NUMA 0),NPU 2,128.00,23118.33,5.81,722416225416561,722416248534896,1777461076224167159,1777461076247285494
2989774,2989783,Host(NUMA 0),NPU 2,128.00,23124.99,5.80,722416225421401,722416248546386,1777461076224284681,1777461076247409666
2989774,2989785,Host(NUMA 0),NPU 2,128.00,23125.81,5.80,722416225421241,722416248547046,1777461076224411314,1777461076247537119
2989774,2989786,Host(NUMA 0),NPU 2,128.00,23132.15,5.80,722416248569106,722416271701261,1777461076247143830,1777461076270275985
2989774,2989784,Host(NUMA 0),NPU 2,128.00,23132.03,5.80,722416248569236,722416271701271,1777461076247339264,1777461076270471299
2989774,2989783,Host(NUMA 0),NPU 2,128.00,23139.33,5.80,722416248574346,722416271713681,1777461076247464517,1777461076270603852
2989774,2989785,Host(NUMA 0),NPU 2,128.00,23140.99,5.80,722416248574416,722416271715411,1777461076247584190,1777461076270725185
2989774,2989786,Host(NUMA 0),NPU 2,128.00,23148.92,5.80,722416271737382,722416294886307,1777461076270309456,1777461076293458381
2989774,2989784,Host(NUMA 0),NPU 2,128.00,23149.10,5.80,722416271737232,722416294886327,1777461076270505940,1777461076293655035
2989774,2989785,Host(NUMA 0),NPU 2,128.00,23158.90,5.80,722416271741562,722416294900467,1777461076270623253,1777461076293782158
2989774,2989783,Host(NUMA 0),NPU 2,128.00,23159.31,5.80,722416271740682,722416294899987,1777461076270855398,1777461076294014703
2989774,2989786,Host(NUMA 0),NPU 2,128.00,23082.38,5.81,722416294924988,722416318007371,1777461076293499192,1777461076316581575
2989774,2989784,Host(NUMA 0),NPU 2,128.00,23082.30,5.81,722416294925088,722416318007391,1777461076293676276,1777461076316758579
2989774,2989783,Host(NUMA 0),NPU 2,128.00,23088.71,5.81,722416294928758,722416318017471,1777461076293788279,1777461076316876992
2989774,2989785,Host(NUMA 0),NPU 2,128.00,23088.24,5.81,722416294928878,722416318017121,1777461076293908691,1777461076316996934
2989774,2989786,Host(NUMA 0),NPU 2,128.00,23091.53,5.81,722416318037622,722416341129155,1777461076316609466,1777461076339700999
2989774,2989784,Host(NUMA 0),NPU 2,128.00,23092.00,5.81,722416318037122,722416341129125,1777461076316787360,1777461076339879363
2989774,2989785,Host(NUMA 0),NPU 2,128.00,23100.03,5.81,722416318042622,722416341142656,1777461076316900222,1777461076340000256
2989774,2989783,Host(NUMA 0),NPU 2,128.00,23100.17,5.81,722416318043732,722416341143906,1777461076317149288,1777461076340249462
2989774,2989786,Host(NUMA 0),NPU 2,128.00,23134.74,5.80,722416341164116,722416364298851,1777461076339737950,1777461076362872685
2989774,2989784,Host(NUMA 0),NPU 2,128.00,23134.78,5.80,722416341164096,722416364298871,1777461076339919644,1777461076363054419
2989774,2989783,Host(NUMA 0),NPU 2,128.00,23140.35,5.80,722416341169746,722416364310101,1777461076340038006,1777461076363178361
2989774,2989785,Host(NUMA 0),NPU 2,128.00,23142.47,5.80,722416341167676,722416364310151,1777461076340161369,1777461076363303844
2989774,2989786,Host(NUMA 0),NPU 2,128.00,23154.69,5.80,722416364330771,722416387485466,1777461076362905745,1777461076386060440
2989774,2989784,Host(NUMA 0),NPU 2,128.00,23154.24,5.80,722416364331231,722416387485466,1777461076363087169,1777461076386241404
2989774,2989783,Host(NUMA 0),NPU 2,128.00,23162.07,5.79,722416364337381,722416387499447,1777461076363204501,1777461076386366567
2989774,2989785,Host(NUMA 0),NPU 2,128.00,23160.30,5.80,722416364337221,722416387497517,1777461076363346334,1777461076386506630
2989774,2989786,Host(NUMA 0),NPU 2,128.00,23167.69,5.79,722416387520347,722416410688042,1777461076386123702,1777461076409291397
2989774,2989784,Host(NUMA 0),NPU 2,128.00,23167.53,5.79,722416387520527,722416410688062,1777461076386305976,1777461076409473511
2989774,2989783,Host(NUMA 0),NPU 2,128.00,23172.97,5.79,722416387524617,722416410697583,1777461076386423748,1777461076409596714
2989774,2989785,Host(NUMA 0),NPU 2,128.00,23173.99,5.79,722416387523477,722416410697463,1777461076386543921,1777461076409717907
2989774,2989786,Host(NUMA 0),NPU 2,128.00,23160.67,5.80,722416410722783,722416433883448,1777461076409317118,1777461076432477783
2989774,2989784,Host(NUMA 0),NPU 2,128.00,23160.85,5.80,722416410722673,722416433883518,1777461076409496982,1777461076432657827
2989774,2989783,Host(NUMA 0),NPU 2,128.00,23164.72,5.79,722416410728863,722416433893579,1777461076409616744,1777461076432781460
2989774,2989785,Host(NUMA 0),NPU 2,128.00,23170.04,5.79,722416410729223,722416433899259,1777461076409737037,1777461076432907073
2989774,2989786,Host(NUMA 0),NPU 2,128.00,23160.54,5.80,722416433924109,722416457084645,1777461076432551344,1777461076455711880
2989774,2989784,Host(NUMA 0),NPU 2,128.00,23160.57,5.80,722416433924019,722416457084585,1777461076432746478,1777461076455907044
2989774,2989783,Host(NUMA 0),NPU 2,128.00,23162.50,5.79,722416433926779,722416457089275,1777461076432872441,1777461076456034937
2989774,2989785,Host(NUMA 0),NPU 2,128.00,23161.03,5.79,722416433930590,722416457091615,1777461076432999365,1777461076456160390
2989774,2989786,Host(NUMA 0),NPU 2,128.00,23099.02,5.81,722416457116435,722416480215459,1777461076455695459,1777461076478794483
2989774,2989784,Host(NUMA 0),NPU 2,128.00,23099.15,5.81,722416457116285,722416480215439,1777461076455875333,1777461076478974487
2989774,2989783,Host(NUMA 0),NPU 2,128.00,23106.40,5.81,722416457118515,722416480224919,1777461076455986286,1777461076479092690
2989774,2989785,Host(NUMA 0),NPU 2,128.00,23106.59,5.81,722416457118545,722416480225139,1777461076456106259,1777461076479212853
2989774,2989786,Host(NUMA 0),NPU 2,128.00,23091.53,5.81,722416480246380,722416503337913,1777461076478822224,1777461076501913757
2989774,2989784,Host(NUMA 0),NPU 2,128.00,23093.50,5.81,722416480244400,722416503337903,1777461076478998798,1777461076502092301
2989774,2989785,Host(NUMA 0),NPU 2,128.00,23104.32,5.81,722416480251570,722416503355894,1777461076479113370,1777461076502217694
2989774,2989783,Host(NUMA 0),NPU 2,128.00,23103.01,5.81,722416480251510,722416503354524,1777461076479365906,1777461076502468920
2989774,2989783,Host(NUMA 0),NPU 2,128.00,23070.45,5.82,722416503381594,722416526452047,1777461076501952008,1777461076525022461
2989774,2989785,Host(NUMA 0),NPU 2,128.00,23069.13,5.82,722416503382554,722416526451687,1777461076502129402,1777461076525198535
2989774,2989786,Host(NUMA 0),NPU 2,128.00,23079.70,5.82,722416503386194,722416526465898,1777461076502347487,1777461076525427191
2989774,2989784,Host(NUMA 0),NPU 2,128.00,23079.43,5.82,722416503386324,722416526465758,1777461076502514700,1777461076525594134
2989774,2989785,Host(NUMA 0),NPU 2,128.00,23239.85,5.78,722416526490598,722416549730445,1777461076525066692,1777461076548306539
2989774,2989786,Host(NUMA 0),NPU 2,128.00,23260.57,5.77,722416526494148,722416549754716,1777461076525336738,1777461076548597306
2989774,2989784,Host(NUMA 0),NPU 2,128.00,23260.50,5.77,722416526494188,722416549754686,1777461076525472651,1777461076548733149
2989774,2989783,Host(NUMA 0),NPU 2,128.00,23263.49,5.77,722416526495958,722416549759446,1777461076525611674,1777461076548875162
2989774,2989785,Host(NUMA 0),NPU 2,128.00,23301.62,5.76,722416549786607,722416573088225,1777461076548360771,1777461076571662389
2989774,2989786,Host(NUMA 0),NPU 2,128.00,23337.94,5.75,722416549796187,722416573134126,1777461076548614887,1777461076571952826
2989774,2989784,Host(NUMA 0),NPU 2,128.00,23337.95,5.75,722416549796197,722416573134146,1777461076548759320,1777461076572097269
2989774,2989783,Host(NUMA 0),NPU 2,128.00,23334.98,5.75,722416549789857,722416573124836,1777461076548891103,1777461076572226082
2989774,2989785,Host(NUMA 0),NPU 2,128.00,23239.44,5.78,722416573155657,722416596395093,1777461076571730321,1777461076594969757
2989774,2989786,Host(NUMA 0),NPU 2,128.00,23268.45,5.77,722416573162467,722416596430914,1777461076571984137,1777461076595252584
2989774,2989784,Host(NUMA 0),NPU 2,128.00,23268.57,5.77,722416573162577,722416596431144,1777461076572121810,1777461076595390377
2989774,2989783,Host(NUMA 0),NPU 2,128.00,23266.04,5.77,722416573158577,722416596424614,1777461076572248473,1777461076595514510
2989774,2989785,Host(NUMA 0),NPU 2,128.00,23159.40,5.80,722416596468785,722416619628190,1777461076595041649,1777461076618201054
2989774,2989786,Host(NUMA 0),NPU 2,128.00,23190.79,5.79,722416596475625,722416619666411,1777461076595313885,1777461076618504671
2989774,2989784,Host(NUMA 0),NPU 2,128.00,23190.68,5.79,722416596475745,722416619666421,1777461076595456698,1777461076618647374
2989774,2989783,Host(NUMA 0),NPU 2,128.00,23185.42,5.79,722416596482435,722416619667851,1777461076595591311,1777461076618776727
2989774,2989785,Host(NUMA 0),NPU 2,128.00,23123.74,5.80,722416619690322,722416642814066,1777461076618265296,1777461076641389040
2989774,2989786,Host(NUMA 0),NPU 2,128.00,23163.38,5.79,722416619695122,722416642858497,1777461076618512722,1777461076641676097
2989774,2989784,Host(NUMA 0),NPU 2,128.00,23163.51,5.79,722416619695002,722416642858507,1777461076618652635,1777461076641816140
2989774,2989783,Host(NUMA 0),NPU 2,128.00,23164.31,5.79,722416619697592,722416642861907,1777461076618779568,1777461076641943883
2989774,2989786,Host(NUMA 0),NPU 2,128.00,23098.50,5.81,722416642889638,722416665988142,1777461076641462581,1777461076664561085
2989774,2989784,Host(NUMA 0),NPU 2,128.00,23098.51,5.81,722416642889658,722416665988172,1777461076641638445,1777461076664736959
2989774,2989783,Host(NUMA 0),NPU 2,128.00,23104.45,5.81,722416642893598,722416665998052,1777461076641756268,1777461076664860722
2989774,2989785,Host(NUMA 0),NPU 2,128.00,23105.17,5.81,722416642892828,722416665998002,1777461076641873991,1777461076664979165
2989774,2989786,Host(NUMA 0),NPU 2,128.00,23103.00,5.81,722416666022472,722416689125476,1777461076664596346,1777461076687699350
2989774,2989784,Host(NUMA 0),NPU 2,128.00,23102.30,5.81,722416666023152,722416689125456,1777461076664776900,1777461076687879204
2989774,2989783,Host(NUMA 0),NPU 2,128.00,23108.44,5.81,722416666026272,722416689134716,1777461076664896183,1777461076688004627
2989774,2989785,Host(NUMA 0),NPU 2,128.00,23107.91,5.81,722416666026232,722416689134146,1777461076665015886,1777461076688123800
2989774,2989786,Host(NUMA 0),NPU 2,128.00,23110.52,5.81,722416689155457,722416712265981,1777461076687728021,1777461076710838545
2989774,2989784,Host(NUMA 0),NPU 2,128.00,23110.56,5.81,722416689155427,722416712265991,1777461076687909675,1777461076711020239
2989774,2989783,Host(NUMA 0),NPU 2,128.00,23117.24,5.81,722416689161457,722416712278701,1777461076688028288,1777461076711145532
2989774,2989785,Host(NUMA 0),NPU 2,128.00,23117.23,5.81,722416689160717,722416712277951,1777461076688160891,1777461076711278125
2989774,2989786,Host(NUMA 0),NPU 2,128.00,23145.85,5.80,722416712300562,722416735446417,1777461076710873155,1777461076734019010
2989774,2989784,Host(NUMA 0),NPU 2,128.00,23145.81,5.80,722416712300622,722416735446437,1777461076711052520,1777461076734198335
2989774,2989783,Host(NUMA 0),NPU 2,128.00,23153.17,5.80,722416712304842,722416735458007,1777461076711172612,1777461076734325777
2989774,2989785,Host(NUMA 0),NPU 2,128.00,23151.62,5.80,722416712304602,722416735456217,1777461076711309425,1777461076734461040
2989774,2989786,Host(NUMA 0),NPU 2,128.00,23117.65,5.81,722416735481677,722416758599322,1777461076734051480,1777461076757169125
2989774,2989784,Host(NUMA 0),NPU 2,128.00,23114.38,5.81,722416735485007,722416758599392,1777461076734232694,1777461076757347079
2989774,2989783,Host(NUMA 0),NPU 2,128.00,23124.38,5.80,722416735486367,722416758610752,1777461076734352637,1777461076757477022
2989774,2989785,Host(NUMA 0),NPU 2,128.00,23127.21,5.80,722416735483437,722416758610642,1777461076734490851,1777461076757618056
2989774,2989786,Host(NUMA 0),NPU 2,128.00,23134.94,5.80,722416758632682,722416781767627,1777461076757209146,1777461076780344091
2989774,2989784,Host(NUMA 0),NPU 2,128.00,23134.99,5.80,722416758632652,722416781767647,1777461076757391650,1777461076780526645
2989774,2989783,Host(NUMA 0),NPU 2,128.00,23137.56,5.80,722416758637442,722416781775007,1777461076757518783,1777461076780656348
2989774,2989785,Host(NUMA 0),NPU 2,128.00,23135.08,5.80,722416758637622,722416781772707,1777461076757643366,1777461076780778451
2989774,2989785,Host(NUMA 0),NPU 2,128.00,23031.91,5.83,722416781795668,722416804827580,1777461076780361012,1777461076803392924
2989774,2989786,Host(NUMA 0),NPU 2,128.00,23082.81,5.81,722416781798968,722416804881781,1777461076780592747,1777461076803675560
2989774,2989784,Host(NUMA 0),NPU 2,128.00,23082.79,5.81,722416781798998,722416804881791,1777461076780728550,1777461076803811343
2989774,2989783,Host(NUMA 0),NPU 2,128.00,23083.46,5.81,722416781803078,722416804886541,1777461076780854463,1777461076803937926
2989774,2989786,Host(NUMA 0),NPU 2,128.00,23110.43,5.81,722416804910232,722416828020666,1777461076803484456,1777461076826594890
2989774,2989784,Host(NUMA 0),NPU 2,128.00,23110.31,5.81,722416804910362,722416828020676,1777461076803663680,1777461076826773994
2989774,2989783,Host(NUMA 0),NPU 2,128.00,23118.05,5.81,722416804915842,722416828033896,1777461076803789533,1777461076826907587
2989774,2989785,Host(NUMA 0),NPU 2,128.00,23117.82,5.81,722416804915752,722416828033576,1777461076803913386,1777461076827031210
2989774,2989786,Host(NUMA 0),NPU 2,128.00,23094.17,5.81,722416828056237,722416851150410,1777461076826626351,1777461076849720524
2989774,2989784,Host(NUMA 0),NPU 2,128.00,23094.37,5.81,722416828056017,722416851150390,1777461076826809925,1777461076849904298
2989774,2989783,Host(NUMA 0),NPU 2,128.00,23101.10,5.81,722416828059987,722416851161090,1777461076826923528,1777461076850024631
2989774,2989785,Host(NUMA 0),NPU 2,128.00,23100.29,5.81,722416828059797,722416851160090,1777461076827046951,1777461076850147244
2989774,2989786,Host(NUMA 0),NPU 2,128.00,23064.00,5.82,722416851184831,722416874248834,1777461076849756205,1777461076872820208
2989774,2989784,Host(NUMA 0),NPU 2,128.00,23064.34,5.82,722416851184511,722416874248854,1777461076849933159,1777461076872997502
2989774,2989783,Host(NUMA 0),NPU 2,128.00,23072.34,5.82,722416851188181,722416874260524,1777461076850052802,1777461076873125145
2989774,2989785,Host(NUMA 0),NPU 2,128.00,23071.58,5.82,722416851188061,722416874259644,1777461076850171034,1777461076873242617
2989774,2989786,Host(NUMA 0),NPU 2,128.00,23138.48,5.80,722416874285135,722416897423619,1777461076872854249,1777461076895992733
2989774,2989784,Host(NUMA 0),NPU 2,128.00,23138.62,5.80,722416874284975,722416897423599,1777461076873031963,1777461076896170587
2989774,2989783,Host(NUMA 0),NPU 2,128.00,23147.03,5.80,722416874288295,722416897435330,1777461076873143955,1777461076896290990
2989774,2989785,Host(NUMA 0),NPU 2,128.00,23146.97,5.80,722416874288155,722416897435130,1777461076873280178,1777461076896427153
2989774,2989786,Host(NUMA 0),NPU 2,128.00,23113.21,5.81,722416897457070,722416920570284,1777461076896030574,1777461076919143788
2989774,2989784,Host(NUMA 0),NPU 2,128.00,23114.59,5.81,722416897455710,722416920570304,1777461076896204768,1777461076919319362
2989774,2989785,Host(NUMA 0),NPU 2,128.00,23123.54,5.80,722416897462430,722416920585975,1777461076896314930,1777461076919438475
2989774,2989783,Host(NUMA 0),NPU 2,128.00,23123.62,5.80,722416897462550,722416920586175,1777461076896548425,1777461076919672050
2989774,2989786,Host(NUMA 0),NPU 2,128.00,23149.12,5.80,722416920606255,722416943755380,1777461076919183259,1777461076942332384
2989774,2989784,Host(NUMA 0),NPU 2,128.00,23148.97,5.80,722416920606395,722416943755360,1777461076919388164,1777461076942537129
2989774,2989783,Host(NUMA 0),NPU 2,128.00,23154.60,5.80,722416920611775,722416943766380,1777461076919514267,1777461076942668872
2989774,2989785,Host(NUMA 0),NPU 2,128.00,23153.13,5.80,722416920611485,722416943764620,1777461076919636839,1777461076942789974
2989774,2989785,Host(NUMA 0),NPU 2,128.00,23226.05,5.78,722416943790801,722416967016848,1777461076942366775,1777461076965592822
2989774,2989786,Host(NUMA 0),NPU 2,128.00,23255.95,5.77,722416943795001,722416967050948,1777461076942624711,1777461076965880658
2989774,2989784,Host(NUMA 0),NPU 2,128.00,23255.80,5.77,722416943795171,722416967050968,1777461076942766064,1777461076966021861
2989774,2989783,Host(NUMA 0),NPU 2,128.00,23252.16,5.77,722416943792101,722416967044258,1777461076942912807,1777461076966164964
2989774,2989785,Host(NUMA 0),NPU 2,128.00,23303.78,5.76,722416967070939,722416990374717,1777461076965643333,1777461076988947111
2989774,2989786,Host(NUMA 0),NPU 2,128.00,23331.12,5.75,722416967078369,722416990409488,1777461076965908739,1777461076989239858
2989774,2989784,Host(NUMA 0),NPU 2,128.00,23331.18,5.75,722416967078319,722416990409498,1777461076966054022,1777461076989385201
2989774,2989783,Host(NUMA 0),NPU 2,128.00,23328.65,5.75,722416967074529,722416990403178,1777461076966178005,1777461076989506654
2989774,2989785,Host(NUMA 0),NPU 2,128.00,23184.76,5.79,722416990429608,722417013614364,1777461076989006772,1777461077012191528
2989774,2989786,Host(NUMA 0),NPU 2,128.00,23214.63,5.78,722416990437059,722417013651685,1777461076989268669,1777461077012483295
2989774,2989784,Host(NUMA 0),NPU 2,128.00,23214.71,5.78,722416990436999,722417013651705,1777461076989412532,1777461077012627238
2989774,2989783,Host(NUMA 0),NPU 2,128.00,23212.99,5.78,722416990432108,722417013645095,1777461076989540794,1777461077012753781
2989774,2989785,Host(NUMA 0),NPU 2,128.00,23199.43,5.79,722417013671635,722417036871061,1777461077012239559,1777461077035438985
2989774,2989786,Host(NUMA 0),NPU 2,128.00,23224.76,5.78,722417013679176,722417036903932,1777461077012493525,1777461077035718281
2989774,2989784,Host(NUMA 0),NPU 2,128.00,23224.85,5.78,722417013679176,722417036904022,1777461077012622228,1777461077035847074
2989774,2989783,Host(NUMA 0),NPU 2,128.00,23225.29,5.78,722417013674185,722417036899472,1777461077012738850,1777461077035964137
2989774,2989786,Host(NUMA 0),NPU 2,128.00,23139.45,5.80,722417037524266,722417060663720,1777461077036109951,1777461077059249405
2989774,2989784,Host(NUMA 0),NPU 2,128.00,23139.31,5.80,722417037524386,722417060663700,1777461077036287215,1777461077059426529
2989774,2989783,Host(NUMA 0),NPU 2,128.00,23153.13,5.80,722417037526676,722417060679811,1777461077036503159,1777461077059656294
2989774,2989785,Host(NUMA 0),NPU 2,128.00,23161.01,5.79,722417037528876,722417060689881,1777461077036642272,1777461077059803277
2989774,2989786,Host(NUMA 0),NPU 2,128.00,23085.54,5.81,722417060714312,722417083799855,1777461077059286396,1777461077082371939
2989774,2989784,Host(NUMA 0),NPU 2,128.00,23085.36,5.81,722417060714472,722417083799835,1777461077059497421,1777461077082582784
2989774,2989783,Host(NUMA 0),NPU 2,128.00,23097.74,5.81,722417060717942,722417083815685,1777461077059723366,1777461077082821109
2989774,2989785,Host(NUMA 0),NPU 2,128.00,23095.23,5.81,722417060722172,722417083817405,1777461077059875709,1777461077082970942
2989774,2989783,Host(NUMA 0),NPU 2,128.00,23101.52,5.81,722417083843546,722417106945069,1777461077082415320,1777461077105516843
2989774,2989786,Host(NUMA 0),NPU 2,128.00,23144.51,5.80,722417083847786,722417106992300,1777461077082656376,1777461077105800890
2989774,2989784,Host(NUMA 0),NPU 2,128.00,23144.15,5.80,722417083848116,722417106992270,1777461077082788969,1777461077105933123
2989774,2989785,Host(NUMA 0),NPU 2,128.00,23148.29,5.80,722417083849526,722417106997821,1777461077082906621,1777461077106054916
2989774,2989786,Host(NUMA 0),NPU 2,128.00,23099.95,5.81,722417107020631,722417130120585,1777461077105595675,1777461077128695629
2989774,2989784,Host(NUMA 0),NPU 2,128.00,23099.89,5.81,722417107020711,722417130120605,1777461077105787619,1777461077128887513
2989774,2989783,Host(NUMA 0),NPU 2,128.00,23112.74,5.81,722417107026871,722417130139615,1777461077106008054,1777461077129120798
2989774,2989785,Host(NUMA 0),NPU 2,128.00,23112.99,5.81,722417107027091,722417130140085,1777461077106141297,1777461077129254291
2989774,2989786,Host(NUMA 0),NPU 2,128.00,23125.76,5.80,722417130162776,722417153288540,1777461077128736960,1777461077151862724
2989774,2989784,Host(NUMA 0),NPU 2,128.00,23125.98,5.80,722417130162566,722417153288550,1777461077128914384,1777461077152040368
2989774,2989785,Host(NUMA 0),NPU 2,128.00,23136.13,5.80,722417130167796,722417153303930,1777461077129026337,1777461077152162471
2989774,2989783,Host(NUMA 0),NPU 2,128.00,23136.80,5.80,722417130167576,722417153304380,1777461077129256782,1777461077152393586
2989774,2989786,Host(NUMA 0),NPU 2,128.00,23049.73,5.82,722417153326471,722417176376203,1777461077151897585,1777461077174947317
2989774,2989784,Host(NUMA 0),NPU 2,128.00,23049.71,5.82,722417153326511,722417176376223,1777461077152072069,1777461077175121781
2989774,2989783,Host(NUMA 0),NPU 2,128.00,23058.50,5.82,722417153333041,722417176391543,1777461077152190202,1777461077175248704
2989774,2989785,Host(NUMA 0),NPU 2,128.00,23059.39,5.82,722417153332961,722417176392353,1777461077152323595,1777461077175382987
2989774,2989786,Host(NUMA 0),NPU 2,128.00,23194.60,5.79,722417176415744,722417199610340,1777461077174984428,1777461077198179024
2989774,2989784,Host(NUMA 0),NPU 2,128.00,23194.27,5.79,722417176416094,722417199610360,1777461077175159812,1777461077198354078
2989774,2989783,Host(NUMA 0),NPU 2,128.00,23204.03,5.78,722417176419414,722417199623440,1777461077175288375,1777461077198492401
2989774,2989785,Host(NUMA 0),NPU 2,128.00,23204.08,5.78,722417176419564,722417199623640,1777461077175412467,1777461077198616543
2989774,2989786,Host(NUMA 0),NPU 2,128.00,23109.03,5.81,722417199647221,722417222756254,1777461077198221825,1777461077221330858
2989774,2989784,Host(NUMA 0),NPU 2,128.00,23109.15,5.81,722417199647081,722417222756234,1777461077198400459,1777461077221509612
2989774,2989783,Host(NUMA 0),NPU 2,128.00,23120.57,5.81,722417199651481,722417222772055,1777461077198620914,1777461077221741488
2989774,2989785,Host(NUMA 0),NPU 2,128.00,23120.42,5.81,722417199651361,722417222771785,1777461077198756007,1777461077221876431
2989774,2989786,Host(NUMA 0),NPU 2,128.00,23131.12,5.80,722417222794655,722417245925779,1777461077221363499,1777461077244494623
2989774,2989784,Host(NUMA 0),NPU 2,128.00,23131.06,5.80,722417222794735,722417245925799,1777461077221534953,1777461077244666017
2989774,2989783,Host(NUMA 0),NPU 2,128.00,23138.90,5.80,722417222800845,722417245939750,1777461077221639805,1777461077244778710
2989774,2989785,Host(NUMA 0),NPU 2,128.00,23139.08,5.80,722417222800735,722417245939820,1777461077221754797,1777461077244893882
